start_date,end_date,lucro_otimo,unidades,hr_cost,J,X,PR,clientes_reais,clientes_previstos
2013-07-01,2013-07-07,2965.0,9847,5990.0,"[7, 4, 1, 1, 0, 4, 9]","[15, 4, 1, 17, 12, 4, 0]","[0.036962532111139146, 0.019365898751343244, 0.25460914240070515, 0.012432336760776375, 0.16910731709638605, 0.1630514334995897, 0.21196638183845856]","[156, 177, 192, 228, 249, 299, 217]","[160.38275146484375, 162.82830810546875, 158.95448303222656, 229.6181640625, 244.9892120361328, 347.9470520019531, 271.40618896484375]"
2013-07-02,2013-07-08,3223.0,9974,6155.0,"[0, 3, 0, 5, 20, 17, 0]","[15, 1, 5, 2, 5, 11, 0]","[0.15415118932356883, 0.09913346496468906, 0.008247788073964389, 0.0734079389945477, 0.025915898794016786, 0.024182408188988758, 0.21387254225002741]","[177, 192, 228, 249, 299, 217, 155]","[179.64927673339844, 175.8409881591797, 227.21324157714844, 255.47506713867188, 359.47430419921875, 276.8428039550781, 158.83180236816406]"
2013-07-03,2013-07-09,6440.0,21609,12015.0,"[17, 17, 18, 15, 13, 8, 11]","[4, 12, 15, 11, 9, 6, 13]","[0.09669746518931842, 0.23176425147277357, 0.2045103074496596, 0.09625345195219817, 0.24267931928948966, 0.17301573607344653, 0.06682117827407434]","[192, 228, 249, 299, 217, 155, 159]","[171.25770568847656, 224.9416961669922, 242.42056274414062, 363.597900390625, 299.6081848144531, 167.37692260742188, 163.05987548828125]"
2013-07-04,2013-07-10,3310.0,9479,5980.0,"[19, 20, 0, 2, 20, 0, 0]","[0, 1, 0, 19, 9, 0, 0]","[0.0, 0.018853908417055684, 0.0, 0.0, 0.03815301171315103, 0.3, 0.03940165128536866]","[228, 249, 299, 217, 155, 159, 165]","[240.23416137695312, 260.3684997558594, 369.4698486328125, 293.07952880859375, 185.12452697753906, 181.33929443359375, 200.92605590820312]"
2013-07-05,2013-07-11,3475.0,9705,6005.0,"[19, 0, 11, 15, 2, 3, 0]","[2, 10, 2, 11, 11, 0, 1]","[0.032797287324454444, 0.021038733494449784, 0.0, 0.016156802156279595, 0.0009591199615075365, 0.02510024613608883, 0.26901652715829244]","[249, 299, 217, 155, 159, 165, 161]","[238.97244262695312, 334.7201232910156, 273.74090576171875, 169.29129028320312, 173.21603393554688, 188.1007843017578, 221.45721435546875]"
2013-07-06,2013-07-12,5239.0,17785,10140.0,"[18, 19, 4, 3, 12, 16, 2]","[13, 8, 12, 12, 5, 4, 12]","[0.14791022833367698, 0.09711798469986725, 0.21675790246708218, 0.10728274575784799, 0.1808857745138606, 0.21182857683331302, 0.1254493320421536]","[299, 217, 155, 159, 165, 161, 190]","[340.0386047363281, 277.47100830078125, 144.45306396484375, 171.56822204589844, 154.7468719482422, 211.66104125976562, 234.66571044921875]"
2013-07-07,2013-07-13,2976.0,9899,5565.0,"[6, 10, 5, 4, 7, 7, 9]","[3, 9, 4, 7, 5, 1, 2]","[0.20659653664279992, 0.08851874365956824, 0.0892792257333419, 0.17301132605949565, 0.13068898924543448, 0.17744718159187856, 0.17086929085626804]","[217, 155, 159, 165, 161, 190, 254]","[265.698974609375, 176.2620391845703, 165.19432067871094, 182.05441284179688, 217.61825561523438, 237.31072998046875, 309.6499328613281]"
2013-07-08,2013-07-14,3719.0,15626,9960.0,"[6, 18, 11, 10, 6, 9, 10]","[3, 13, 18, 17, 2, 10, 4]","[0.024224218805952713, 0.06859321017498414, 0.019827250390590523, 0.27926392299464137, 0.13665477680078192, 0.22944115274047655, 0.1286471154592618]","[155, 159, 165, 161, 190, 254, 197]","[163.78712463378906, 173.94070434570312, 187.6080322265625, 215.40260314941406, 228.8759765625, 310.4270935058594, 240.27798461914062]"
2013-07-09,2013-07-15,3095.0,9781,6075.0,"[8, 9, 4, 12, 0, 9, 2]","[11, 16, 0, 8, 3, 0, 3]","[0.0, 0.0, 0.0, 0.06758450637573594, 0.10307306991323725, 0.1753587451708548, 0.1731428639100031]","[159, 165, 161, 190, 254, 197, 164]","[170.30130004882812, 188.2760467529297, 214.9426727294922, 225.33489990234375, 301.5102233886719, 237.29331970214844, 129.77084350585938]"
2013-07-10,2013-07-16,4928.0,17645,10345.0,"[1, 11, 4, 10, 9, 8, 7]","[15, 8, 11, 15, 16, 13, 8]","[0.270674229219966, 0.22315709682566567, 0.07905441486859242, 0.07947117069737915, 0.11833002672995603, 0.12396263376013032, 0.21011456349506424]","[165, 161, 190, 254, 197, 164, 192]","[181.1746063232422, 215.43276977539062, 227.85009765625, 306.733154296875, 232.5416259765625, 120.6377944946289, 164.9775848388672]"
2013-07-11,2013-07-17,3983.0,9982,5840.0,"[20, 20, 0, 20, 20, 0, 0]","[5, 8, 0, 0, 0, 0, 0]","[0.026633191039476378, 0.0, 0.23667517871960547, 0.01551116063408311, 0.0, 0.2528377616399526, 0.0]","[161, 190, 254, 197, 164, 192, 171]","[199.87184143066406, 214.3361053466797, 301.9473876953125, 227.30429077148438, 123.89088439941406, 169.97689819335938, 183.2677001953125]"
2013-07-12,2013-07-18,5264.0,18211,11160.0,"[8, 14, 7, 8, 12, 14, 9]","[8, 16, 6, 4, 13, 15, 15]","[0.0717667558780999, 0.17053207074605753, 0.21497675929751334, 0.005386805123547577, 0.052214323263510165, 0.09497013052146493, 0.17195120892245633]","[190, 254, 197, 164, 192, 171, 174]","[209.92803955078125, 304.33514404296875, 240.98757934570312, 139.44671630859375, 176.68972778320312, 193.49111938476562, 198.24087524414062]"
2013-07-13,2013-07-19,3919.0,9915,5830.0,"[19, 13, 12, 20, 8, 0, 1]","[1, 0, 0, 2, 15, 0, 0]","[0.025110288176169074, 0.001929510404403591, 0.025148801363255247, 0.017500908185223353, 0.005633741414901367, 0.00024058086569144873, 0.0]","[254, 197, 164, 192, 171, 174, 181]","[292.5102233886719, 232.1070098876953, 134.93698120117188, 173.6226806640625, 186.06480407714844, 192.26541137695312, 227.41207885742188]"
2013-07-14,2013-07-20,3187.0,9982,6555.0,"[0, 2, 8, 0, 16, 5, 11]","[8, 0, 17, 0, 8, 0, 13]","[0.0, 0.29971651365082125, 0.0, 0.04148819881446384, 0.03239159892871405, 0.0, 0.0]","[197, 164, 192, 171, 174, 181, 263]","[221.94776916503906, 132.20823669433594, 177.51019287109375, 190.46783447265625, 199.95652770996094, 227.05599975585938, 266.099853515625]"
2013-07-15,2013-07-21,5596.0,17566,10500.0,"[9, 17, 15, 15, 1, 16, 18]","[12, 11, 3, 3, 6, 19, 1]","[0.12125597056070753, 0.01679429875703975, 0.14068174587335308, 0.010720772594250394, 0.1690405350667937, 0.13850151152444137, 0.20848395653476687]","[164, 192, 171, 174, 181, 263, 206]","[128.1611785888672, 170.62625122070312, 183.5909423828125, 189.39459228515625, 215.54177856445312, 253.65240478515625, 186.38714599609375]"
2013-07-16,2013-07-22,2792.0,9905,5810.0,"[17, 3, 4, 7, 5, 12, 3]","[0, 3, 0, 16, 4, 3, 5]","[0.21875701364936517, 0.10491917688468333, 0.1904977290860002, 0.05031322741590136, 0.14696217462616573, 0.10498720401020506, 0.0]","[192, 171, 174, 181, 263, 206, 177]","[177.1309051513672, 181.62501525878906, 200.33154296875, 218.12298583984375, 273.7591552734375, 192.63401794433594, 170.6497802734375]"
2013-07-17,2013-07-23,3498.0,9632,5700.0,"[8, 7, 11, 20, 5, 0, 8]","[11, 0, 0, 10, 5, 0, 0]","[0.0, 0.08888659687100713, 0.17519262815313866, 0.028118905917326662, 0.0034350518360218817, 0.2955900970336383, 0.01911641206301574]","[171, 174, 181, 263, 206, 177, 173]","[177.15667724609375, 184.50811767578125, 216.0770263671875, 270.52813720703125, 192.23580932617188, 161.42198181152344, 182.0511474609375]"
2013-07-18,2013-07-24,3859.0,9936,5820.0,"[5, 13, 20, 19, 0, 0, 0]","[7, 3, 20, 0, 0, 0, 0]","[0.06053408126453751, 0.02601464067400926, 0.031740312687459235, 0.02366857059278635, 0.15818421578815134, 0.19582894365654008, 0.09984368427431045]","[174, 181, 263, 206, 177, 173, 173]","[196.61386108398438, 228.46121215820312, 271.0279846191406, 190.375, 155.93038940429688, 191.11813354492188, 173.69247436523438]"
2013-07-19,2013-07-25,5611.0,19571,11730.0,"[19, 12, 14, 14, 11, 16, 6]","[12, 6, 8, 9, 9, 13, 13]","[0.10021829726754629, 0.1647353467965423, 0.004618730065596754, 0.1531875926487041, 0.09133335520678994, 0.12263339866675804, 0.281425666231864]","[181, 263, 206, 177, 173, 173, 144]","[210.285888671875, 269.5901794433594, 186.50315856933594, 159.2147979736328, 185.91714477539062, 172.7258758544922, 168.0829620361328]"
2013-07-20,2013-07-26,3874.0,9982,5940.0,"[0, 19, 20, 0, 20, 16, 0]","[0, 9, 5, 0, 2, 0, 0]","[0.0, 0.01999905250640897, 0.016167691001096756, 0.2832616512001096, 0.0030446624535303726, 0.031982520782740144, 0.016451570141799852]","[263, 206, 177, 173, 173, 144, 184]","[262.63543701171875, 177.80899047851562, 170.6309356689453, 183.14410400390625, 189.0834197998047, 185.4848175048828, 199.7281494140625]"
2013-07-21,2013-07-27,2783.0,9995,5935.0,"[11, 5, 1, 2, 2, 12, 7]","[8, 2, 6, 7, 1, 10, 5]","[0.014930998316690463, 0.03013949478930654, 0.08713974036990074, 0.16458427479134483, 0.25294489590715774, 0.16808758736204613, 0.20489926419776192]","[206, 177, 173, 173, 144, 184, 250]","[180.3102264404297, 155.06800842285156, 176.24227905273438, 176.30819702148438, 170.8890838623047, 192.81375122070312, 272.9228210449219]"
2013-07-22,2013-07-28,4645.0,16364,9725.0,"[16, 2, 17, 15, 15, 8, 13]","[9, 3, 0, 10, 17, 9, 4]","[0.08089701698701456, 0.0343051886067105, 0.13133825836149476, 0.020616947686371113, 0.2937471466464766, 0.03153133959750348, 0.28822906792232683]","[177, 173, 173, 144, 184, 250, 144]","[163.11717224121094, 194.753173828125, 171.21551513671875, 178.377197265625, 191.29214477539062, 265.1171875, 234.4676971435547]"
2013-07-23,2013-07-29,4064.0,18833,11610.0,"[19, 4, 15, 12, 2, 8, 13]","[19, 17, 1, 10, 17, 18, 2]","[0.037168718534131014, 0.20979045416738493, 0.2557896638450005, 0.2661714206616129, 0.2586667227259694, 0.09958291477909881, 0.20083369407726048]","[173, 173, 144, 184, 250, 144, 144]","[195.10093688964844, 175.1187286376953, 181.92660522460938, 191.13575744628906, 265.6690368652344, 234.62936401367188, 122.38574981689453]"
2013-07-24,2013-07-30,3610.0,9779,5990.0,"[14, 14, 8, 6, 16, 1, 10]","[3, 10, 3, 0, 1, 4, 0]","[0.018125133384841605, 0.03019469901551127, 0.01826638212540997, 0.0009811059305726952, 0.0, 0.038060836122010895, 0.018052529990467848]","[173, 144, 184, 250, 144, 144, 137]","[189.5328826904297, 181.35107421875, 196.25711059570312, 271.4244689941406, 207.0841827392578, 126.89325714111328, 174.69741821289062]"
2013-07-25,2013-07-31,3003.0,9567,6385.0,"[14, 19, 0, 15, 0, 0, 0]","[12, 0, 8, 6, 0, 0, 15]","[0.027033908709053325, 0.0, 0.03192095702151148, 0.0, 0.0, 0.0, 0.0]","[144, 184, 250, 144, 144, 137, 158]","[171.4826202392578, 191.57876586914062, 272.5337219238281, 230.26210021972656, 132.76783752441406, 167.36883544921875, 166.82855224609375]"
2013-07-26,2013-08-01,3448.0,9874,6020.0,"[0, 8, 20, 4, 19, 0, 8]","[19, 0, 0, 10, 1, 0, 0]","[0.0, 0.12893876205179747, 0.0, 0.019655448140395937, 0.0, 0.0, 0.14702240853857662]","[184, 250, 144, 144, 137, 158, 186]","[181.9868621826172, 259.71875, 222.61622619628906, 132.060302734375, 156.41200256347656, 163.19744873046875, 174.0726318359375]"
2013-07-27,2013-08-02,2480.0,14544,9900.0,"[1, 4, 10, 19, 2, 6, 9]","[17, 17, 19, 14, 0, 8, 6]","[0.14514931800944977, 0.23179421788366597, 0.048311327997334404, 0.061129702922568974, 0.27228771081356345, 0.2973934821939485, 0.0742895628994411]","[250, 144, 144, 137, 158, 186, 178]","[270.03631591796875, 216.70468139648438, 125.4662094116211, 156.83172607421875, 174.51504516601562, 178.64210510253906, 211.39874267578125]"
2013-07-28,2013-08-03,2937.0,9905,5685.0,"[1, 7, 4, 13, 6, 3, 9]","[7, 1, 11, 5, 5, 4, 3]","[0.17484117244885578, 0.2130181660443633, 0.03493108687531484, 0.18194359352452918, 0.029708060942079118, 0.1583906947427004, 0.18205945579834446]","[144, 144, 137, 158, 186, 178, 234]","[205.82135009765625, 126.67327117919922, 160.82177734375, 176.91278076171875, 166.37454223632812, 192.4341278076172, 288.30029296875]"
2013-07-29,2013-08-04,2251.0,9597,6385.0,"[1, 16, 6, 14, 2, 5, 1]","[17, 15, 2, 0, 3, 0, 7]","[0.162693127202544, 3.6860540208471213e-06, 0.17577518237747403, 0.02652528233969665, 0.010046324510114567, 0.024360003253375007, 0.2106897915282108]","[144, 137, 158, 186, 178, 234, 209]","[123.94513702392578, 158.87588500976562, 178.3219757080078, 162.82882690429688, 191.3262176513672, 288.88116455078125, 183.48895263671875]"
2013-07-30,2013-08-05,3764.0,14542,8730.0,"[11, 17, 9, 5, 8, 13, 13]","[4, 13, 6, 2, 12, 0, 10]","[0.1101443286304146, 0.126835324183714, 0.02226200043125809, 0.11756062261297148, 0.22718281922462347, 0.23941634596302933, 0.16403716001523275]","[137, 158, 186, 178, 234, 209, 139]","[160.9307098388672, 171.66598510742188, 178.6936798095703, 204.90213012695312, 299.7086486816406, 190.30308532714844, 175.08258056640625]"
2013-07-31,2013-08-06,3542.0,14036,7680.0,"[8, 2, 19, 1, 12, 3, 3]","[8, 12, 9, 12, 4, 8, 4]","[0.2921487866888008, 0.11416255508804282, 0.15323813473796918, 0.23056994670356723, 0.14219647087721282, 0.29322070126741745, 0.23534844455725298]","[158, 186, 178, 234, 209, 139, 129]","[162.56092834472656, 174.1163330078125, 202.29803466796875, 292.8717041015625, 185.23338317871094, 170.0478515625, 157.43959045410156]"
2013-08-01,2013-08-07,3452.0,9956,6075.0,"[20, 7, 7, 3, 10, 5, 7]","[5, 0, 9, 15, 0, 0, 1]","[0.0, 0.06495920916630998, 0.02457270078323108, 0.07476479750450678, 0.0, 0.0, 0.12830105721491966]","[186, 178, 234, 209, 139, 129, 139]","[157.9543914794922, 190.2533416748047, 278.3017578125, 177.4559326171875, 159.9475860595703, 150.74917602539062, 161.30479431152344]"
2013-08-02,2013-08-08,3466.0,9912,6150.0,"[0, 10, 15, 0, 20, 1, 16]","[0, 0, 14, 0, 0, 5, 7]","[0.3, 0.12580452343017548, 0.018450945355550835, 0.23559069914318923, 0.007322465439498773, 0.024614769806555265, 0.03343261848272538]","[178, 234, 209, 139, 129, 139, 156]","[198.02825927734375, 290.3848571777344, 189.18585205078125, 172.01597595214844, 161.6647491455078, 160.466796875, 177.6901092529297]"
2013-08-03,2013-08-09,2381.0,9101,5905.0,"[6, 1, 14, 0, 20, 6, 8]","[2, 0, 11, 0, 0, 12, 3]","[0.14360921219942996, 0.3, 0.07943680252056172, 0.1380710147986324, 0.05900342533405184, 0.0, 0.12017453101338141]","[234, 209, 139, 129, 139, 156, 181]","[291.9218444824219, 181.3562774658203, 165.01910400390625, 152.32830810546875, 159.01780700683594, 182.33154296875, 231.23341369628906]"
2013-08-04,2013-08-10,3421.0,9700,6095.0,"[20, 0, 12, 18, 0, 20, 3]","[0, 0, 8, 7, 0, 3, 0]","[0.023942897774803202, 0.3, 0.004193742608003967, 0.03669077907578569, 0.3, 0.015009271429112079, 0.022986156383960493]","[209, 139, 129, 139, 156, 181, 236]","[172.11904907226562, 160.41539001464844, 149.49026489257812, 153.5297393798828, 179.4573974609375, 204.8411407470703, 241.46229553222656]"
2013-08-05,2013-08-11,3342.0,9573,6050.0,"[20, 0, 19, 0, 20, 5, 0]","[0, 0, 7, 20, 0, 0, 0]","[0.03125739966223656, 0.3, 0.0, 0.0, 0.01869638664835153, 0.011105564958438032, 0.25230134721170244]","[139, 129, 139, 156, 181, 236, 183]","[172.64447021484375, 157.22142028808594, 165.6641082763672, 178.1228790283203, 210.1278839111328, 241.7870635986328, 198.50645446777344]"
2013-08-06,2013-08-12,2719.0,14106,10035.0,"[11, 12, 14, 1, 5, 18, 14]","[18, 1, 18, 4, 4, 13, 4]","[0.10572325001668136, 0.051811630271406395, 0.05942496312863435, 0.2477038902317435, 0.2185252635741221, 0.09888231103180456, 0.07798637747995037]","[129, 139, 156, 181, 236, 183, 135]","[141.14492797851562, 156.56011962890625, 173.52061462402344, 205.00698852539062, 230.45748901367188, 206.86817932128906, 145.63589477539062]"
2013-08-07,2013-08-13,4886.0,18333,11255.0,"[18, 15, 16, 4, 7, 10, 14]","[1, 3, 8, 18, 15, 8, 17]","[0.17091982966240513, 0.027637288606391686, 0.2785954488440663, 0.10829270694801783, 0.012935927261325997, 0.2645478792304708, 0.08540894934550598]","[139, 156, 181, 236, 183, 135, 155]","[148.19712829589844, 172.6792449951172, 204.96380615234375, 239.04759216308594, 208.8005828857422, 139.21533203125, 144.30911254882812]"
2013-08-08,2013-08-14,3852.0,9964,5940.0,"[20, 19, 4, 9, 0, 6, 0]","[2, 0, 8, 10, 10, 0, 0]","[0.025863930653101923, 0.015706990632218535, 0.0, 0.01722087272613902, 0.014865677530622165, 0.026442127456633897, 0.0]","[156, 181, 236, 183, 135, 155, 135]","[176.62841796875, 200.6445770263672, 246.8896026611328, 207.0658416748047, 141.3290252685547, 147.50057983398438, 147.3697967529297]"
2013-08-09,2013-08-15,2439.0,13701,8810.0,"[3, 7, 6, 0, 7, 19, 3]","[2, 18, 4, 15, 18, 12, 2]","[0.1906989439597173, 0.08372030006062071, 0.07506467855245824, 0.28655429599673743, 0.2038409239684675, 0.22554486674568208, 0.19814939548420388]","[181, 236, 183, 135, 155, 135, 131]","[201.42686462402344, 243.1297607421875, 197.9195098876953, 135.8018035888672, 131.559326171875, 146.6416778564453, 179.58462524414062]"
2013-08-10,2013-08-16,4758.0,15495,8925.0,"[16, 8, 16, 19, 11, 14, 14]","[2, 11, 6, 8, 4, 0, 3]","[0.14427602102187115, 0.1749741089375627, 0.1651477534737075, 0.18004460722350646, 0.011361518786865588, 0.021734791241295782, 0.14572165435374354]","[236, 183, 135, 155, 135, 131, 162]","[237.8692169189453, 202.7108612060547, 135.55947875976562, 137.07064819335938, 144.59527587890625, 168.566162109375, 170.37977600097656]"
2013-08-11,2013-08-17,3076.0,9980,5800.0,"[6, 7, 13, 10, 8, 0, 8]","[1, 6, 8, 1, 7, 4, 4]","[0.16283554759859845, 0.028229547111229665, 0.1359435355212781, 0.15143781266996603, 0.061705310297343156, 0.13320162016473883, 0.12660166244830895]","[183, 135, 155, 135, 131, 162, 237]","[205.03921508789062, 134.64334106445312, 134.266845703125, 150.20639038085938, 171.7921600341797, 172.75851440429688, 237.65419006347656]"
2013-08-12,2013-08-18,2898.0,9296,5750.0,"[0, 20, 20, 20, 10, 0, 5]","[6, 0, 0, 8, 1, 0, 0]","[0.3, 0.019163365595230297, 0.027506888702066044, 0.0, 0.12985833858840806, 0.0, 0.0]","[135, 155, 135, 131, 162, 237, 154]","[130.94500732421875, 135.65701293945312, 145.52296447753906, 165.43667602539062, 173.83897399902344, 246.53079223632812, 173.5960235595703]"
2013-08-13,2013-08-19,3624.0,16833,10910.0,"[3, 17, 16, 19, 14, 5, 10]","[3, 11, 12, 9, 8, 11, 13]","[0.15643120403751, 0.2541910804546388, 0.04752777317435528, 0.11755549523188218, 0.15006603432534368, 0.10339292023920878, 0.2185500811346844]","[155, 135, 131, 162, 237, 154, 134]","[141.32339477539062, 148.59722900390625, 172.42355346679688, 179.99363708496094, 245.35458374023438, 186.10910034179688, 113.5722885131836]"
2013-08-14,2013-08-20,3058.0,9701,6410.0,"[0, 9, 0, 0, 15, 10, 4]","[9, 0, 18, 0, 11, 2, 8]","[0.0, 0.05415761775759555, 0.023927535282982176, 0.004953480032309533, 0.023028439272827165, 0.0038655182644608786, 0.0]","[135, 131, 162, 237, 154, 134, 116]","[149.75027465820312, 173.9569854736328, 180.34080505371094, 246.8081817626953, 183.2750244140625, 119.26756286621094, 154.7625274658203]"
2013-08-15,2013-08-21,4081.0,16222,8845.0,"[19, 15, 10, 14, 14, 9, 17]","[1, 1, 0, 10, 4, 13, 2]","[0.27619497810789817, 0.02785518128149168, 0.2656236994965215, 0.12806919017562418, 0.2788554910175921, 0.25327726935410433, 0.29334592513965735]","[131, 162, 237, 154, 134, 116, 144]","[169.0567626953125, 171.09750366210938, 242.7139129638672, 181.88055419921875, 116.90437316894531, 144.57830810546875, 124.5722427368164]"
2013-08-16,2013-08-22,3350.0,9864,6090.0,"[15, 20, 0, 2, 7, 17, 6]","[11, 2, 6, 4, 0, 0, 0]","[0.020338948578724054, 0.0, 0.0, 0.0, 0.0, 0.0, 0.3]","[162, 237, 154, 134, 116, 144, 136]","[168.1873779296875, 229.9222412109375, 173.6341552734375, 98.67341613769531, 138.14317321777344, 118.59771728515625, 139.18519592285156]"
2013-08-17,2013-08-23,3560.0,9892,6165.0,"[20, 15, 0, 9, 0, 0, 2]","[16, 0, 13, 5, 0, 0, 7]","[0.035959479738209725, 0.0, 0.01090113386212285, 0.028089151353009156, 0.2666740117633873, 0.23573641752137725, 0.0]","[237, 154, 134, 116, 144, 136, 150]","[229.4635009765625, 171.6240692138672, 106.54991149902344, 134.17918395996094, 113.26791381835938, 137.08770751953125, 165.1398468017578]"
2013-08-18,2013-08-24,3381.0,9626,5935.0,"[11, 6, 18, 8, 0, 20, 6]","[1, 3, 3, 11, 0, 0, 1]","[0.02074867940488129, 0.11901644874064171, 0.026456849577870187, 0.024742076203936432, 0.11037841447336574, 0.024632107364880022, 0.0014787920041026482]","[154, 134, 116, 144, 136, 150, 228]","[180.6644287109375, 112.71916961669922, 142.88674926757812, 123.65848541259766, 140.05267333984375, 167.87684631347656, 241.16778564453125]"
2013-08-19,2013-08-25,2765.0,9882,6100.0,"[8, 2, 3, 11, 4, 5, 9]","[5, 1, 2, 12, 4, 13, 3]","[0.08800245649243366, 0.10231096020508099, 0.17013024950734562, 0.037977240354070026, 0.032260270061591614, 0.165836385145623, 0.16119482951106867]","[134, 116, 144, 136, 150, 228, 180]","[111.26104736328125, 137.98255920410156, 119.67949676513672, 140.4012908935547, 170.01654052734375, 239.7994384765625, 181.4971466064453]"
2013-08-20,2013-08-26,3146.0,9672,6335.0,"[17, 6, 7, 1, 16, 13, 14]","[4, 3, 5, 0, 0, 7, 0]","[0.0, 0.0, 0.0293557084536217, 0.21846469188835155, 0.0, 0.0, 0.001160412442333255]","[116, 144, 136, 150, 228, 180, 126]","[146.19496154785156, 128.2457275390625, 150.52996826171875, 171.24603271484375, 246.58837890625, 191.3684539794922, 130.61180114746094]"
2013-08-21,2013-08-27,3548.0,9989,6010.0,"[0, 6, 6, 20, 8, 18, 5]","[8, 10, 0, 0, 7, 0, 0]","[0.01358610914115402, 0.03803430137376483, 0.0, 0.021221285082262283, 0.09982181360422716, 0.03450257589438627, 0.12843133789911473]","[144, 136, 150, 228, 180, 126, 112]","[127.46258544921875, 143.16603088378906, 162.9934844970703, 247.19276428222656, 185.42514038085938, 123.60623931884766, 133.97885131835938]"
2013-08-22,2013-08-28,3448.0,9814,6170.0,"[6, 20, 1, 20, 0, 20, 0]","[14, 1, 7, 0, 0, 0, 2]","[0.0, 0.0, 0.0, 0.01554513376181033, 0.2870026790605721, 0.018399149111802834, 0.13867920444477375]","[136, 150, 228, 180, 126, 112, 112]","[148.557861328125, 168.0247344970703, 245.79861450195312, 190.36639404296875, 133.7755126953125, 135.43466186523438, 152.5858612060547]"
2013-08-23,2013-08-29,4031.0,16550,9490.0,"[18, 9, 19, 13, 13, 10, 6]","[13, 5, 8, 4, 4, 5, 9]","[0.28507477130031733, 0.06434307317301517, 0.2902667830765587, 0.0033419347046050206, 0.21993526417605444, 0.16109832024404974, 0.20085157210902635]","[150, 228, 180, 126, 112, 112, 128]","[164.7228240966797, 229.2983856201172, 182.7916259765625, 125.78125, 126.66727447509766, 141.5223846435547, 140.74221801757812]"
2013-08-24,2013-08-30,2674.0,9365,5220.0,"[9, 19, 6, 2, 19, 3, 5]","[0, 1, 8, 5, 3, 0, 0]","[0.12233838985822873, 0.16147924902410965, 0.08717391520092495, 0.0, 0.22114757642788893, 0.15123019426220047, 0.2539568344929962]","[228, 180, 126, 112, 112, 128, 159]","[236.07786560058594, 177.74041748046875, 130.2362518310547, 130.34713745117188, 145.2098846435547, 134.2246856689453, 155.3044891357422]"
2013-08-25,2013-08-31,3798.0,9934,5905.0,"[20, 11, 6, 19, 18, 2, 8]","[5, 0, 1, 0, 0, 3, 0]","[0.0, 0.08455753255362022, 0.016773708957312894, 0.03180627268243126, 0.023158382552801258, 0.0, 0.005173145611667126]","[180, 126, 112, 112, 128, 159, 253]","[183.35601806640625, 124.32929992675781, 129.67108154296875, 144.13548278808594, 135.7556915283203, 175.8170166015625, 255.8094482421875]"
2013-08-26,2013-09-01,3106.0,12665,7655.0,"[9, 15, 9, 0, 11, 8, 15]","[9, 8, 1, 6, 15, 2, 1]","[0.16846969394137004, 0.25222478008575755, 0.07932870634652052, 0.13720703781465574, 0.005451761613613348, 0.18053908271129684, 0.2620256733016367]","[126, 112, 112, 128, 159, 253, 203]","[125.80570983886719, 125.10211181640625, 141.69419860839844, 133.94390869140625, 168.58872985839844, 248.1428985595703, 202.5044403076172]"
2013-08-27,2013-09-02,2973.0,9602,5855.0,"[20, 16, 6, 14, 6, 2, 8]","[0, 4, 0, 8, 0, 1, 4]","[0.2152722537818799, 0.0, 0.10026997580680119, 0.0, 0.05763905992536069, 0.06107309788660986, 0.0]","[112, 112, 128, 159, 253, 203, 226]","[138.0514678955078, 147.84376525878906, 132.8966522216797, 172.44683837890625, 242.20864868164062, 195.68797302246094, 125.48218536376953]"
2013-08-28,2013-09-03,3173.0,9864,5945.0,"[0, 15, 6, 9, 8, 2, 2]","[4, 3, 19, 8, 0, 6, 1]","[0.15842297708687905, 0.03717348853652499, 0.08783816810291864, 0.03766242125093612, 0.0446907591943311, 0.18714282827978157, 0.1349833862474923]","[112, 128, 159, 253, 203, 226, 91]","[143.46351623535156, 133.13809204101562, 164.2548370361328, 244.8016357421875, 193.4814910888672, 127.16804504394531, 132.08282470703125]"
2013-08-29,2013-09-04,3461.0,9892,6165.0,"[14, 12, 1, 20, 0, 3, 4]","[5, 6, 6, 6, 2, 0, 9]","[0.01807408163104527, 0.0, 0.0, 0.026276769369208267, 0.18413277286826896, 0.12579447550282866, 0.020458910073756425]","[128, 159, 253, 203, 226, 91, 81]","[123.48440551757812, 164.12542724609375, 247.12559509277344, 188.1261444091797, 132.19061279296875, 149.155517578125, 119.14484405517578]"
2013-08-30,2013-09-05,2384.0,9149,6390.0,"[10, 13, 0, 2, 2, 16, 5]","[3, 0, 6, 16, 2, 6, 6]","[0.08945519154785857, 0.030716237618319986, 0.08890621666084757, 0.03138401549167309, 0.08741319161971733, 0.03844412950239098, 0.013440977486152236]","[159, 253, 203, 226, 91, 81, 91]","[166.01893615722656, 244.86402893066406, 191.9679718017578, 126.22722625732422, 139.14195251464844, 120.53109741210938, 136.77012634277344]"
2013-08-31,2013-09-06,2670.0,9241,5960.0,"[7, 2, 16, 17, 9, 9, 7]","[2, 0, 2, 4, 0, 3, 9]","[0.17923393903257356, 0.0, 0.02347085137889387, 0.03455606438510565, 0.20799979780695257, 0.0, 0.03802761750631422]","[253, 203, 226, 91, 81, 91, 117]","[249.8533172607422, 197.3024139404297, 127.6298828125, 134.5562286376953, 118.1832046508789, 138.7174530029297, 147.145751953125]"
2013-09-01,2013-09-07,1926.0,8359,5835.0,"[18, 5, 9, 18, 0, 2, 20]","[0, 0, 10, 3, 2, 0, 1]","[0.014809139215999773, 0.02240390900595572, 0.05526082813859848, 0.09292995146943184, 0.17746479100161933, 0.15711007579896558, 0.033259286109283984]","[203, 226, 91, 81, 91, 117, 181]","[204.3023681640625, 133.98959350585938, 142.7281951904297, 126.37736511230469, 141.4164581298828, 149.5133819580078, 235.12295532226562]"
2013-09-02,2013-09-08,2787.0,8907,5900.0,"[20, 0, 19, 12, 20, 20, 0]","[0, 0, 0, 0, 3, 0, 0]","[0.02428952323715872, 0.24773528530887143, 8.361962241268172e-06, 0.0, 0.03302800462398063, 0.0, 0.0]","[226, 91, 81, 91, 117, 181, 134]","[137.0598907470703, 153.77159118652344, 123.06988525390625, 128.33984375, 145.88169860839844, 237.3962860107422, 196.9546356201172]"
2013-09-03,2013-09-09,2695.0,9384,5830.0,"[0, 12, 1, 4, 17, 16, 0]","[7, 1, 7, 0, 16, 2, 0]","[0.10857248321148422, 0.016588747061509132, 0.3, 0.26502271618110995, 0.015242752695750419, 0.01878265307705712, 0.037982387983700294]","[91, 81, 91, 117, 181, 134, 97]","[188.09439086914062, 138.37832641601562, 149.66722106933594, 152.33534240722656, 251.2940216064453, 207.76382446289062, 146.86117553710938]"
2013-09-04,2013-09-10,1318.0,7568,5900.0,"[0, 8, 1, 20, 20, 0, 0]","[0, 13, 1, 12, 11, 0, 0]","[0.3, 0.022824172478256695, 0.17227956560992733, 0.02801899744534542, 0.017705751812122018, 0.22321060625780534, 0.0]","[81, 91, 117, 181, 134, 97, 80]","[112.76810455322266, 137.92039489746094, 150.42039489746094, 240.05999755859375, 202.02001953125, 128.96414184570312, 135.37962341308594]"
2013-09-05,2013-09-11,1807.0,9431,6655.0,"[17, 0, 2, 2, 4, 4, 14]","[10, 5, 14, 2, 7, 1, 8]","[0.06435398459098486, 0.21056789233003523, 0.02815544387373161, 0.24261686759486537, 0.08021673735799748, 0.06847453313305873, 0.12454737703682181]","[91, 117, 181, 134, 97, 80, 370]","[111.01615142822266, 133.93472290039062, 226.27804565429688, 202.3187255859375, 138.86489868164062, 112.61738586425781, 557.718505859375]"
2013-09-06,2013-09-12,3431.0,15582,10310.0,"[11, 12, 6, 3, 13, 19, 15]","[4, 13, 2, 11, 14, 0, 18]","[0.04306562202547015, 0.002167663787523688, 0.2233664852419862, 0.23101766907975088, 0.011916292397184823, 0.20915704037506294, 0.16865672852261218]","[117, 181, 134, 97, 80, 370, 406]","[126.79711151123047, 239.91033935546875, 194.945068359375, 132.2607421875, 116.81146240234375, 624.9058227539062, 679.5755615234375]"
2013-09-07,2013-09-13,3161.0,9549,6125.0,"[0, 19, 11, 13, 0, 2, 9]","[18, 6, 0, 0, 0, 3, 6]","[0.022659357207148366, 0.021555459458006663, 0.036677219268889484, 0.0, 0.1394808995505005, 0.11542801811515854, 0.01813856820093567]","[181, 134, 97, 80, 370, 406, 539]","[235.57461547851562, 190.13868713378906, 116.67202758789062, 112.54647827148438, 526.7115478515625, 693.8341064453125, 819.3342895507812]"
2013-09-08,2013-09-14,3324.0,14145,8725.0,"[18, 11, 18, 19, 6, 2, 9]","[6, 5, 4, 9, 6, 1, 12]","[0.11958610340037645, 0.278610049572533, 0.060627051564707796, 0.009784641307789055, 0.21998379796152012, 0.049606934501406796, 0.29441069543967074]","[134, 97, 80, 370, 406, 539, 183]","[178.573974609375, 137.37269592285156, 110.10173797607422, 558.0375366210938, 730.7071533203125, 870.6468505859375, 295.46759033203125]"
2013-09-09,2013-09-15,3485.0,9412,5730.0,"[20, 10, 17, 17, 20, 0, 3]","[0, 4, 2, 0, 0, 0, 0]","[0.015000857116829122, 0.010906274728137842, 0.0391936836454558, 0.0, 0.02126702639965135, 0.3, 0.03057607478272627]","[97, 80, 370, 406, 539, 183, 149]","[119.1930160522461, 108.71798706054688, 635.5145263671875, 674.8120727539062, 797.4361572265625, 239.77850341796875, 159.2646942138672]"
2013-09-10,2013-09-16,3315.0,9859,5920.0,"[0, 15, 20, 7, 0, 13, 7]","[0, 2, 20, 3, 0, 0, 0]","[0.20701250116653658, 0.03216369940413577, 0.0, 0.3, 0.3, 0.0313400146485173, 0.0]","[80, 370, 406, 539, 183, 149, 120]","[95.72590637207031, 524.7453002929688, 690.3125610351562, 827.9003295898438, 248.09405517578125, 127.49697875976562, 83.34434509277344]"
2013-09-11,2013-09-17,3122.0,9888,6310.0,"[16, 0, 3, 0, 1, 0, 0]","[12, 20, 18, 0, 2, 0, 10]","[0.0, 0.08748903441366115, 0.01322159738930451, 0.3, 0.3, 0.0, 0.022518237797785022]","[370, 406, 539, 183, 149, 120, 99]","[528.7377319335938, 688.7626953125, 824.7222900390625, 236.890869140625, 119.22869873046875, 81.18241119384766, 118.9737319946289]"
2013-09-12,2013-09-18,2210.0,8863,6330.0,"[12, 4, 14, 0, 4, 0, 19]","[5, 0, 20, 9, 3, 0, 0]","[0.0, 0.0, 0.0, 0.07988021989145366, 0.0716057493054535, 0.1858873975455066, 0.0]","[406, 539, 183, 149, 120, 99, 93]","[570.6854858398438, 727.4415893554688, 250.8521728515625, 125.685546875, 94.62666320800781, 132.83775329589844, 135.68971252441406]"
2013-09-13,2013-09-19,2617.0,14256,9450.0,"[15, 14, 12, 0, 15, 17, 18]","[7, 14, 3, 2, 10, 4, 4]","[0.2473854284912641, 0.10191901839117071, 0.03930731446295342, 0.17994782735241202, 0.2272646281172943, 0.13154491522974512, 0.2099811644402624]","[539, 183, 149, 120, 99, 93, 99]","[643.6790771484375, 229.7813720703125, 159.20252990722656, 114.37035369873047, 127.16366577148438, 125.9256591796875, 125.1651611328125]"
2013-09-14,2013-09-20,2669.0,9314,6250.0,"[3, 12, 0, 10, 7, 16, 10]","[2, 3, 13, 11, 0, 0, 2]","[0.2810222094445299, 0.0, 0.0, 0.024693656936716477, 0.0, 0.024024327704538287, 0.0]","[183, 149, 120, 99, 93, 99, 155]","[267.3330993652344, 127.14777374267578, 95.64598083496094, 142.53616333007812, 131.59925842285156, 128.78025817871094, 132.6390838623047]"
2013-09-15,2013-09-21,3348.0,9885,6185.0,"[10, 14, 0, 0, 1, 0, 17]","[11, 0, 12, 10, 0, 3, 6]","[0.03859665302559311, 0.11847128990531555, 0.021516192633585916, 0.02205540273140557, 0.007500658507436196, 0.0, 0.03493866271465641]","[149, 120, 99, 93, 99, 155, 194]","[146.643798828125, 98.61651611328125, 127.26570129394531, 118.51172637939453, 110.3286361694336, 136.12525939941406, 206.6938018798828]"
2013-09-16,2013-09-22,2929.0,9981,5965.0,"[4, 1, 5, 2, 9, 18, 11]","[5, 1, 2, 4, 6, 10, 3]","[0.20641778934446436, 0.1082584239363146, 0.08959201258837256, 0.17831886438608413, 0.08900292229808077, 0.08774150550936587, 0.1349020340203765]","[120, 99, 93, 99, 155, 194, 145]","[116.57846069335938, 134.51095581054688, 132.23626708984375, 131.5145721435547, 150.43807983398438, 181.85433959960938, 158.8985595703125]"
2013-09-17,2013-09-23,2787.0,9370,6340.0,"[0, 4, 12, 2, 20, 2, 4]","[14, 11, 8, 0, 3, 0, 8]","[0.036336752008693095, 0.00038638640190677724, 0.0, 0.1967560024607411, 0.019189761873246884, 0.009320434177951475, 0.0]","[99, 93, 99, 155, 194, 145, 89]","[129.59385681152344, 126.67874908447266, 137.41848754882812, 132.0072479248047, 183.6610565185547, 145.90908813476562, 100.84449005126953]"
2013-09-18,2013-09-24,1746.0,16865,12325.0,"[18, 7, 19, 14, 7, 16, 19]","[0, 12, 7, 12, 14, 12, 13]","[0.25267370785100235, 0.2195922530100106, 0.1846304305208489, 0.16129866619182578, 0.12143431575450414, 0.17540265656085371, 0.182514594231095]","[93, 99, 155, 194, 145, 89, 92]","[127.8646240234375, 129.07046508789062, 157.13412475585938, 184.44125366210938, 160.8841552734375, 112.59974670410156, 106.39146423339844]"
2013-09-19,2013-09-25,3189.0,9805,6275.0,"[0, 2, 0, 0, 15, 6, 9]","[15, 16, 0, 18, 0, 0, 3]","[0.03876140237562622, 0.08805322439981048, 0.0, 0.0, 0.03145031561516652, 0.08155650230412474, 0.0]","[99, 155, 194, 145, 89, 92, 95]","[112.9906997680664, 138.6005859375, 182.56507873535156, 152.5917205810547, 105.95868682861328, 99.26651000976562, 109.27388763427734]"
2013-09-20,2013-09-26,3492.0,9974,5985.0,"[0, 13, 9, 9, 4, 3, 5]","[20, 12, 2, 4, 0, 2, 1]","[0.025664246494155277, 0.016808481770654693, 0.13727222428659874, 0.023098684931539083, 0.2742262989018062, 0.050504689754504076, 0.028186005865743168]","[155, 194, 145, 89, 92, 95, 105]","[140.1847686767578, 191.95130920410156, 148.2301483154297, 105.33088684082031, 93.40194702148438, 98.43973541259766, 103.93965911865234]"
2013-09-21,2013-09-27,2987.0,9618,6450.0,"[0, 9, 7, 0, 11, 0, 17]","[4, 15, 8, 9, 0, 8, 0]","[0.027426088172043235, 0.0, 0.030840254592883476, 0.0, 0.01914717375083943, 0.0, 0.02433336438438563]","[194, 145, 89, 92, 95, 105, 137]","[199.3313446044922, 156.72442626953125, 102.92160034179688, 93.1263198852539, 95.78795623779297, 101.66033172607422, 109.87915802001953]"
2013-09-22,2013-09-28,3162.0,14303,8840.0,"[19, 3, 10, 14, 19, 2, 14]","[1, 16, 2, 4, 1, 10, 10]","[0.109672698089445, 0.155879703121471, 0.13947483968149105, 0.11036412968960918, 0.10092803055331617, 0.04653742972990934, 0.29628123463885836]","[145, 89, 92, 95, 105, 137, 212]","[153.7459716796875, 116.17037963867188, 102.77155303955078, 107.80939483642578, 103.14643859863281, 110.8559341430664, 192.03887939453125]"
2013-09-23,2013-09-29,3640.0,9939,6140.0,"[2, 14, 13, 11, 10, 19, 11]","[7, 0, 1, 2, 3, 0, 0]","[0.0, 0.003935209766924545, 0.022255311450551932, 0.0, 0.01676484007286149, 0.0, 0.023990724133391005]","[89, 92, 95, 105, 137, 212, 134]","[111.65863800048828, 86.6046371459961, 97.15325927734375, 88.46629333496094, 113.11949157714844, 194.17120361328125, 122.98210144042969]"
2013-09-24,2013-09-30,3206.0,9984,5880.0,"[0, 15, 0, 17, 20, 12, 0]","[12, 0, 10, 2, 0, 0, 0]","[0.0, 0.0, 0.001081929983629571, 0.0, 0.2913637739123915, 0.0, 0.0]","[92, 95, 105, 137, 212, 134, 72]","[92.90799713134766, 93.5842514038086, 95.27220916748047, 114.50114440917969, 188.55014038085938, 131.3749542236328, 82.7330322265625]"
2013-09-25,2013-10-01,3834.0,9979,5990.0,"[0, 8, 20, 20, 20, 1, 0]","[12, 3, 0, 8, 0, 0, 0]","[0.0199694123561766, 0.0, 0.0, 0.0, 0.018045095675392434, 0.0, 0.026412547026566424]","[95, 105, 137, 212, 134, 72, 71]","[94.17923736572266, 103.40562438964844, 124.66592407226562, 194.0672607421875, 127.37625885009766, 87.17011260986328, 88.3744125366211]"
2013-09-26,2013-10-02,2583.0,9705,6070.0,"[14, 0, 0, 0, 5, 0, 0]","[0, 5, 20, 20, 0, 0, 14]","[0.3, 0.3, 0.03791083130553074, 0.030558408407995903, 0.029367309104319676, 0.003235518426269019, 0.0]","[105, 137, 212, 134, 72, 71, 88]","[104.82152557373047, 107.47561645507812, 198.11300659179688, 139.78330993652344, 91.41266632080078, 101.87723541259766, 110.07276153564453]"
2013-09-27,2013-10-03,2833.0,9550,5745.0,"[18, 19, 0, 0, 13, 15, 0]","[0, 9, 0, 11, 0, 1, 0]","[0.022092034738849374, 0.0, 0.3, 0.0042625000421726645, 0.12418940671757726, 0.3, 0.27860404782832593]","[137, 212, 134, 72, 71, 88, 111]","[110.23652648925781, 188.6147003173828, 133.16799926757812, 83.65130615234375, 99.19507598876953, 113.18033599853516, 93.85176086425781]"
2013-09-28,2013-10-04,2886.0,9245,6160.0,"[5, 20, 0, 16, 0, 14, 0]","[20, 3, 11, 0, 0, 0, 0]","[0.0, 0.016127318417512533, 0.001762377212239524, 0.0, 0.3, 0.02533273599446219, 0.0484546135285459]","[212, 134, 72, 71, 88, 111, 149]","[190.86654663085938, 141.98838806152344, 89.86102294921875, 99.04589080810547, 113.37701416015625, 94.84567260742188, 118.6859130859375]"
2013-09-29,2013-10-05,1865.0,8188,5990.0,"[20, 13, 19, 20, 0, 15, 0]","[0, 3, 0, 0, 0, 0, 4]","[0.0, 0.08741597791332396, 0.027631346734142994, 0.0, 0.3, 0.0, 0.0]","[134, 72, 71, 88, 111, 149, 246]","[141.49281311035156, 97.048828125, 114.1590576171875, 122.56796264648438, 104.37568664550781, 124.46420288085938, 215.71559143066406]"
2013-09-30,2013-10-06,3569.0,9988,6260.0,"[0, 0, 3, 15, 19, 20, 16]","[10, 0, 8, 1, 0, 0, 0]","[0.0258030212268237, 0.17598114989244026, 0.0, 0.03078541887719654, 0.022012367823692997, 0.0, 0.0]","[72, 71, 88, 111, 149, 246, 158]","[93.67265319824219, 112.85212707519531, 124.3045654296875, 105.92234802246094, 125.57208251953125, 210.6486358642578, 147.94398498535156]"
2013-10-01,2013-10-07,3145.0,9383,5905.0,"[8, 20, 14, 20, 1, 9, 10]","[3, 0, 0, 0, 1, 3, 2]","[0.0, 0.01971240709208757, 0.03090084801802773, 0.03667827492108748, 0.21896662646309906, 0.0, 0.08716323844830692]","[71, 88, 111, 149, 246, 158, 91]","[91.49052429199219, 135.81170654296875, 107.11481475830078, 127.03199005126953, 223.2466583251953, 144.8990478515625, 89.88172149658203]"
2013-10-02,2013-10-08,3377.0,9702,5980.0,"[16, 0, 14, 20, 14, 0, 6]","[1, 0, 0, 4, 7, 8, 0]","[0.08858859309598771, 0.3, 0.0, 0.0, 0.018618871916226513, 0.018909623814670914, 0.13852810011514916]","[88, 111, 149, 246, 158, 91, 97]","[127.48289489746094, 120.68196868896484, 130.84068298339844, 221.39891052246094, 154.60105895996094, 103.12554168701172, 89.6963119506836]"
2013-10-03,2013-10-09,3368.0,9680,5835.0,"[0, 20, 0, 13, 17, 0, 6]","[0, 0, 20, 9, 0, 0, 1]","[0.3, 0.031085385610404203, 0.032557542383179316, 0.11080425836754951, 0.0, 0.2959469798638914, 0.029399435372324655]","[111, 149, 246, 158, 91, 97, 103]","[118.19221496582031, 127.93437957763672, 220.50498962402344, 152.28993225097656, 100.98788452148438, 88.91006469726562, 112.2430191040039]"
2013-10-04,2013-10-10,2672.0,15499,10395.0,"[3, 17, 16, 17, 7, 1, 13]","[14, 17, 0, 9, 3, 8, 17]","[0.16022162296083808, 0.2950896640252031, 0.016472111306955518, 0.19091638321705068, 0.23283513628050162, 0.1128024312321864, 0.01818302277154663]","[149, 246, 158, 91, 97, 103, 126]","[129.07154846191406, 220.9115447998047, 152.12648010253906, 101.84437561035156, 90.46319580078125, 112.95994567871094, 116.7302474975586]"
2013-10-05,2013-10-11,2983.0,9931,6310.0,"[0, 0, 9, 6, 11, 13, 10]","[5, 20, 0, 0, 0, 0, 12]","[0.3, 0.0325101907400872, 0.0, 0.2953539751685129, 0.0, 0.0, 0.0]","[246, 158, 91, 97, 103, 126, 164]","[242.3406219482422, 146.13519287109375, 81.41239166259766, 39.63267135620117, 65.95503997802734, 96.51148986816406, 157.57150268554688]"
2013-10-06,2013-10-12,3505.0,9967,6305.0,"[19, 9, 8, 0, 0, 20, 15]","[4, 4, 0, 0, 12, 0, 1]","[0.029319908809628297, 0.0008861223418879446, 0.0, 0.3, 0.021947319808139687, 0.0, 0.0]","[158, 91, 97, 103, 126, 164, 918]","[152.09573364257812, 99.38048553466797, 51.510318756103516, 67.448486328125, 87.33345794677734, 156.77735900878906, 880.563232421875]"
2013-10-07,2013-10-13,3206.0,9812,6445.0,"[0, 0, 11, 14, 1, 20, 8]","[14, 0, 0, 0, 19, 0, 3]","[0.0, 0.3, 0.0, 0.0, 0.038866352293227754, 0.0, 0.0]","[91, 97, 103, 126, 164, 918, 716]","[102.87005615234375, 42.00126266479492, 70.46922302246094, 86.05013275146484, 154.0201873779297, 881.3197631835938, 704.09423828125]"
2013-10-08,2013-10-14,3444.0,9994,6400.0,"[0, 12, 14, 20, 17, 8, 0]","[0, 0, 0, 2, 0, 20, 0]","[0.0, 0.0, 0.0, 0.02929458107747204, 0.0, 0.0, 0.0]","[97, 103, 126, 164, 918, 716, 417]","[51.06023025512695, 75.29309844970703, 87.4935073852539, 159.9607391357422, 884.5675048828125, 729.063232421875, 448.5563659667969]"
2013-10-09,2013-10-15,3502.0,9984,5975.0,"[12, 5, 4, 7, 12, 5, 2]","[0, 12, 1, 11, 11, 3, 0]","[0.09000559184232637, 0.022463767091414597, 0.3, 0.0, 0.03552868298081489, 0.020068930251229765, 0.14411303037637496]","[103, 126, 164, 918, 716, 417, 96]","[114.30310821533203, 119.05218505859375, 155.89163208007812, 828.2537841796875, 719.767333984375, 487.05108642578125, 95.9109115600586]"
2013-10-10,2013-10-16,3585.0,9976,6240.0,"[4, 0, 0, 20, 20, 0, 0]","[2, 19, 0, 18, 6, 0, 0]","[0.0, 0.02536026866947957, 0.2726635734781421, 9.153040728627151e-05, 0.0, 0.0, 0.0]","[126, 164, 918, 716, 417, 96, 102]","[105.501220703125, 155.3013153076172, 878.0149536132812, 735.9150390625, 456.4776916503906, 75.0345230102539, 96.23118591308594]"
2013-10-11,2013-10-17,3709.0,10023,5900.0,"[11, 20, 20, 7, 11, 0, 0]","[13, 9, 0, 0, 0, 0, 0]","[0.020136263766074202, 0.0, 0.0, 0.28822358789248803, 0.0, 0.0, 0.10201762061073168]","[164, 918, 716, 417, 96, 102, 93]","[154.9124298095703, 890.6140747070312, 736.87646484375, 452.0103759765625, 72.88892364501953, 102.19518280029297, 101.90313720703125]"
2013-10-12,2013-10-18,3171.0,9836,6395.0,"[3, 11, 0, 13, 0, 0, 17]","[7, 0, 20, 0, 0, 14, 1]","[0.0, 0.0, 0.03755307498230421, 0.0, 0.10630983162983296, 0.08857723943410772, 0.028775515862379048]","[918, 716, 417, 96, 102, 93, 128]","[884.7548828125, 731.992919921875, 448.744384765625, 76.76702880859375, 106.36514282226562, 108.74593353271484, 136.96348571777344]"
2013-10-13,2013-10-19,3517.0,9854,6160.0,"[20, 0, 5, 2, 7, 0, 10]","[9, 10, 0, 11, 8, 0, 4]","[0.02550245990660413, 0.0, 0.0, 0.017362331692385345, 0.020595682788538662, 6.572129773406286e-05, 0.024017934377803495]","[716, 417, 96, 102, 93, 128, 194]","[733.6825561523438, 478.1446838378906, 72.04924774169922, 99.68144989013672, 109.13207244873047, 136.44158935546875, 226.63088989257812]"
2013-10-14,2013-10-20,2959.0,9672,6310.0,"[7, 10, 15, 9, 0, 12, 1]","[0, 0, 0, 0, 13, 20, 0]","[0.24318228147262566, 0.0, 0.033752638749335505, 0.0, 0.021370475911776238, 0.02562703866217181, 0.0]","[417, 96, 102, 93, 128, 194, 146]","[475.20074462890625, 67.47107696533203, 103.2928237915039, 106.63053894042969, 135.36167907714844, 227.3058624267578, 137.18768310546875]"
2013-10-15,2013-10-21,2104.0,8837,6195.0,"[0, 0, 20, 3, 8, 7, 0]","[0, 17, 0, 18, 0, 0, 11]","[0.3, 0.017076084235036804, 0.0333285082887234, 0.017466445646021407, 0.0, 0.3, 0.0]","[96, 102, 93, 128, 194, 146, 73]","[83.37305450439453, 119.79539489746094, 134.37677001953125, 145.91665649414062, 221.19949340820312, 163.95570373535156, 106.7117919921875]"
2013-10-16,2013-10-22,958.0,8876,6810.0,"[3, 11, 11, 5, 2, 5, 12]","[2, 9, 14, 5, 2, 2, 10]","[0.1747889937358253, 0.06675370448712196, 0.08965044678315498, 0.0744290042795356, 0.26099161052570535, 0.0361494061303335, 0.20832057019101125]","[102, 93, 128, 194, 146, 73, 76]","[111.54486846923828, 110.40850067138672, 135.9585418701172, 222.69468688964844, 135.98548889160156, 115.45589447021484, 105.26952362060547]"
2013-10-17,2013-10-23,2745.0,9049,6085.0,"[19, 2, 13, 15, 14, 18, 9]","[0, 0, 0, 4, 0, 0, 1]","[0.025079752714868665, 0.02421922714019661, 0.01985271114495754, 0.025488071682693136, 0.0, 0.0, 0.031194033487706597]","[93, 128, 194, 146, 73, 76, 98]","[106.77252197265625, 130.7688446044922, 224.99488830566406, 133.53082275390625, 117.0617904663086, 105.63794708251953, 113.36419677734375]"
2013-10-18,2013-10-24,3249.0,9439,5990.0,"[15, 19, 0, 16, 9, 0, 19]","[3, 0, 10, 0, 1, 0, 0]","[0.026186170744846287, 0.019631493726273045, 0.019249989244935206, 0.027994627836087013, 0.01669924549965944, 0.29693816050056165, 0.0]","[128, 194, 146, 73, 76, 98, 101]","[135.4101104736328, 234.11325073242188, 162.43814086914062, 134.50042724609375, 105.03304290771484, 107.9258041381836, 106.54478454589844]"
2013-10-19,2013-10-25,3251.0,9720,6260.0,"[20, 2, 8, 6, 0, 12, 18]","[6, 0, 3, 0, 16, 0, 0]","[0.0, 0.022209710166078506, 0.03247375545978114, 0.0881331245696641, 0.026749881691339662, 0.000339043117989798, 0.0]","[194, 146, 73, 76, 98, 101, 165]","[219.04368591308594, 139.9158172607422, 114.88319396972656, 111.22821044921875, 119.10739135742188, 109.02908325195312, 145.5720672607422]"
2013-10-20,2013-10-26,2802.0,9253,6210.0,"[19, 17, 13, 1, 14, 0, 18]","[0, 2, 0, 0, 0, 10, 0]","[0.017968292533121467, 0.0, 0.019122566929875868, 0.3, 0.0, 0.0, 0.0]","[146, 73, 76, 98, 101, 165, 209]","[128.72091674804688, 114.20947265625, 106.57068634033203, 113.408447265625, 106.18827056884766, 145.30979919433594, 186.24412536621094]"
2013-10-21,2013-10-27,3191.0,9823,6070.0,"[6, 14, 0, 20, 15, 14, 3]","[3, 0, 12, 0, 0, 0, 4]","[0.025691261300315883, 0.026771831932147737, 0.12990521497781438, 0.127314177191952, 0.015239581920617147, 0.02951113427526837, 0.0]","[73, 76, 98, 101, 165, 209, 149]","[111.5461196899414, 98.16485595703125, 103.01044464111328, 102.1064453125, 145.2376251220703, 203.48585510253906, 134.7926788330078]"
2013-10-22,2013-10-28,3155.0,9841,5960.0,"[12, 0, 20, 20, 9, 4, 0]","[0, 11, 0, 0, 0, 0, 12]","[0.02058581789779784, 0.0, 0.03854558703229975, 0.028759266217873343, 0.12522414999194037, 0.3, 0.17191455471448758]","[76, 98, 101, 165, 209, 149, 104]","[102.3929214477539, 106.20343780517578, 105.76762390136719, 136.9908447265625, 207.57362365722656, 151.39910888671875, 130.4551239013672]"
2013-10-23,2013-10-29,3278.0,9818,5930.0,"[0, 8, 0, 20, 6, 0, 19]","[14, 7, 0, 11, 0, 0, 0]","[0.10462842430328262, 0.017157445903427212, 0.050799184782560354, 0.024043509846202103, 0.29175699872622357, 0.0023423508492042442, 0.020794333563884267]","[98, 101, 165, 209, 149, 104, 104]","[102.54576110839844, 103.48467254638672, 136.07858276367188, 206.6753387451172, 150.7031707763672, 129.36309814453125, 123.62516021728516]"
2013-10-24,2013-10-30,3653.0,9940,6120.0,"[17, 20, 6, 0, 10, 6, 0]","[0, 1, 20, 0, 1, 8, 0]","[0.019280133924286395, 0.0, 0.02460568894967525, 0.3, 0.0, 0.02681993888040862, 0.00836357054362919]","[101, 165, 209, 149, 104, 104, 91]","[102.1958999633789, 129.2521514892578, 205.77220153808594, 121.35225677490234, 111.40741729736328, 125.60340118408203, 102.29744720458984]"
2013-10-25,2013-10-31,3062.0,9558,6260.0,"[9, 12, 0, 0, 13, 3, 15]","[12, 1, 12, 8, 4, 0, 0]","[0.0, 0.0, 0.03582879239420478, 0.0, 0.026995388088161643, 0.15488649349209754, 0.00020880828117482328]","[165, 209, 149, 104, 104, 91, 69]","[139.3887481689453, 188.20069885253906, 127.99800109863281, 103.57222747802734, 111.68875122070312, 96.54679107666016, 130.4724884033203]"
2013-10-26,2013-11-01,3365.0,9596,6050.0,"[16, 9, 16, 19, 0, 0, 19]","[9, 2, 2, 1, 0, 0, 0]","[0.03903436914095233, 0.00041527386303920804, 0.0296290257952179, 0.0, 0.1618232882668047, 0.0, 0.0]","[209, 149, 104, 104, 91, 69, 119]","[209.722900390625, 149.18455505371094, 128.56927490234375, 124.36479949951172, 122.81774139404297, 130.2126922607422, 161.39768981933594]"
2013-10-27,2013-11-02,2600.0,8907,5990.0,"[5, 2, 20, 12, 12, 15, 20]","[0, 0, 0, 0, 6, 0, 0]","[0.0, 0.3, 0.0325538320720711, 0.015028520106889471, 0.001232088516868019, 0.030369219415002795, 0.01864670568813971]","[149, 104, 104, 91, 69, 119, 188]","[149.83839416503906, 129.92117309570312, 123.93766784667969, 121.49459075927734, 129.97793579101562, 161.6748046875, 225.99107360839844]"
2013-10-28,2013-11-03,2831.0,8970,5920.0,"[3, 17, 12, 20, 20, 0, 14]","[0, 0, 3, 0, 0, 0, 4]","[0.0038629038710619903, 0.017007559137436123, 0.0, 0.02277832744453679, 5.4296308386618156e-06, 0.0004095377062282805, 0.017085616769451285]","[104, 104, 91, 69, 119, 188, 166]","[128.74026489257812, 124.05783081054688, 121.76932525634766, 129.5183868408203, 162.7496795654297, 226.56509399414062, 181.28932189941406]"
2013-10-29,2013-11-04,2690.0,8975,5860.0,"[11, 0, 16, 20, 16, 2, 6]","[0, 8, 4, 0, 7, 0, 0]","[0.18205075241132768, 0.006173346738074409, 0.01783186650584497, 0.0, 0.017336859784248555, 0.02632662176935926, 0.0]","[104, 91, 69, 119, 188, 166, 78]","[111.6597671508789, 109.09093475341797, 126.58567810058594, 166.45777893066406, 227.12351989746094, 195.03465270996094, 101.70234680175781]"
2013-10-30,2013-11-05,2308.0,8563,6005.0,"[0, 14, 20, 0, 19, 0, 0]","[11, 6, 0, 0, 10, 7, 0]","[0.0, 0.028353163212826285, 0.016491986358527624, 0.3, 0.02382151507673676, 0.02313378019149344, 0.0]","[91, 69, 119, 188, 166, 78, 93]","[121.11599731445312, 127.36117553710938, 162.3880157470703, 225.6614227294922, 186.559326171875, 121.32410430908203, 113.82524108886719]"
2013-10-31,2013-11-06,2204.0,8876,5900.0,"[6, 0, 13, 3, 8, 0, 6]","[10, 9, 0, 20, 7, 0, 0]","[0.04260100021943448, 0.05656811631133119, 0.0, 0.0871171628402475, 0.15798732413824546, 0.0, 0.012025100318932684]","[69, 119, 188, 166, 78, 93, 90]","[124.0096206665039, 159.81080627441406, 225.8074951171875, 187.7640380859375, 120.42581176757812, 112.91061401367188, 110.25823974609375]"
2013-11-01,2013-11-07,3589.0,9876,6110.0,"[8, 15, 0, 6, 7, 0, 13]","[7, 4, 20, 7, 0, 0, 0]","[0.03765679124353944, 0.023962060721644956, 0.023488806774145932, 0.0, 0.03639033898841054, 0.3, 0.02650439542511064]","[119, 188, 166, 78, 93, 90, 90]","[154.82363891601562, 225.00192260742188, 187.56887817382812, 119.65877532958984, 110.76895141601562, 108.21551513671875, 112.37350463867188]"
2013-11-02,2013-11-08,3240.0,9707,6295.0,"[15, 20, 0, 2, 5, 2, 4]","[14, 0, 5, 6, 11, 0, 5]","[0.0, 0.034167684207369986, 0.015347559029970398, 0.017606363985078113, 0.0, 0.024783460095309056, 0.0]","[188, 166, 78, 93, 90, 90, 159]","[219.709716796875, 173.33932495117188, 122.72526550292969, 115.01466369628906, 113.98905944824219, 115.76656341552734, 143.86691284179688]"
2013-11-03,2013-11-09,1794.0,8345,6040.0,"[6, 9, 18, 0, 16, 0, 1]","[0, 9, 0, 15, 2, 4, 6]","[0.0, 0.016159300508113473, 0.0, 0.025958021145057682, 0.020143410541540896, 0.3, 0.07337023190978367]","[166, 78, 93, 90, 90, 159, 917]","[184.02406311035156, 119.5863265991211, 110.39514923095703, 107.62845611572266, 111.06082916259766, 135.57301330566406, 913.3735961914062]"
2013-11-04,2013-11-10,2935.0,9561,5860.0,"[9, 13, 17, 5, 5, 0, 20]","[0, 4, 0, 0, 15, 0, 0]","[0.3, 0.028903007123240905, 0.0, 0.2952163806481432, 0.0, 0.08853900472508865, 0.01831501132556443]","[78, 93, 90, 90, 159, 917, 701]","[120.4085922241211, 110.45734405517578, 106.89693450927734, 109.76502990722656, 135.39527893066406, 916.3417358398438, 896.8871459960938]"
2013-11-05,2013-11-11,3262.0,9743,6280.0,"[16, 10, 1, 8, 20, 17, 0]","[0, 6, 0, 11, 3, 2, 0]","[0.0, 0.0, 0.3, 0.004851116841434513, 0.0, 0.0006437645835969104, 0.2888633760839553]","[93, 90, 90, 159, 917, 701, 633]","[103.45538330078125, 105.63021850585938, 108.67719268798828, 133.5818328857422, 910.2733154296875, 891.6249389648438, 617.99951171875]"
2013-11-06,2013-11-12,3653.0,9996,5855.0,"[15, 10, 3, 20, 0, 19, 0]","[0, 0, 17, 0, 0, 3, 0]","[0.02257222638553881, 0.25531036854023487, 0.01969457487531984, 0.016171816612212907, 0.3, 0.023178221751884883, 0.09832348133670558]","[90, 90, 159, 917, 701, 633, 99]","[90.14064025878906, 105.78889465332031, 145.89474487304688, 950.5012817382812, 878.0151977539062, 613.6350708007812, 111.71758270263672]"
2013-11-07,2013-11-13,3760.0,9753,5780.0,"[17, 10, 15, 18, 20, 0, 6]","[0, 4, 3, 0, 0, 0, 0]","[0.0, 0.03436624257967174, 0.0, 0.01676860396953676, 0.02305833553532509, 0.3, 0.08378930466834393]","[90, 159, 917, 701, 633, 99, 93]","[105.35026550292969, 140.44921875, 941.0418090820312, 898.706787109375, 638.0011596679688, 121.283203125, 103.09785461425781]"
2013-11-08,2013-11-14,3128.0,9558,5470.0,"[20, 1, 4, 17, 20, 0, 17]","[0, 0, 7, 0, 0, 0, 0]","[0.019413379702686247, 0.150744756127135, 0.036134227127084174, 0.3, 0.016174954570797744, 0.2627355651793887, 0.0298100150513601]","[159, 917, 701, 633, 99, 93, 108]","[133.45375061035156, 912.1183471679688, 890.347900390625, 619.8773803710938, 126.48639678955078, 98.58776092529297, 109.3407974243164]"
2013-11-09,2013-11-15,3187.0,9436,6060.0,"[0, 19, 0, 19, 15, 0, 0]","[20, 14, 0, 2, 0, 0, 0]","[0.02431267297572372, 0.0, 0.055642740062668075, 0.038850963564417626, 0.0, 0.3, 0.24960572652406604]","[917, 701, 633, 99, 93, 108, 139]","[914.3080444335938, 894.232666015625, 620.1022338867188, 127.88868713378906, 99.1761703491211, 109.49262237548828, 135.5516815185547]"
2013-11-10,2013-11-16,3754.0,9974,6030.0,"[19, 19, 8, 9, 2, 0, 9]","[17, 0, 0, 3, 0, 4, 0]","[0.033334424976375454, 0.0, 7.472961982024193e-06, 0.035141702775115816, 0.10605352954398423, 0.0, 0.03232928086572836]","[701, 633, 99, 93, 108, 139, 256]","[890.2960205078125, 604.5573120117188, 130.8409881591797, 96.83984375, 103.1059799194336, 125.7017593383789, 202.63232421875]"
2013-11-11,2013-11-17,2541.0,9570,5650.0,"[13, 1, 17, 0, 0, 0, 9]","[0, 10, 0, 0, 20, 1, 7]","[0.0, 0.21052730994290533, 0.15759617637105164, 0.3, 0.1561984420534722, 0.28690923584711603, 0.06775011517827532]","[633, 99, 93, 108, 139, 256, 191]","[603.2261352539062, 104.41071319580078, 97.67276000976562, 119.24463653564453, 152.8185272216797, 196.7581329345703, 146.3898162841797]"
2013-11-12,2013-11-18,1715.0,9027,6610.0,"[15, 1, 5, 15, 11, 1, 2]","[9, 0, 14, 14, 3, 3, 1]","[0.03235027887122311, 0.2049752042677334, 0.10051261118987545, 0.027609748581813358, 0.08878017344902474, 0.09697778424912479, 0.21082392562464766]","[99, 93, 108, 139, 256, 191, 108]","[122.21638488769531, 101.82430267333984, 124.32000732421875, 152.06333923339844, 197.10264587402344, 158.68560791015625, 138.92861938476562]"
2013-11-13,2013-11-19,3552.0,9980,6160.0,"[4, 0, 0, 20, 20, 12, 4]","[10, 5, 0, 8, 7, 0, 0]","[0.026523106972554535, 0.08975150764889461, 0.1548329889826533, 0.0, 0.0, 0.02509002222613528, 0.16768351531482587]","[93, 108, 139, 256, 191, 108, 92]","[97.76612854003906, 106.52074432373047, 135.9900665283203, 207.9893798828125, 174.9076690673828, 121.01415252685547, 128.1016387939453]"
2013-11-14,2013-11-20,3693.0,9935,5850.0,"[18, 12, 6, 18, 2, 7, 0]","[0, 0, 20, 5, 0, 0, 0]","[0.0, 0.0601556955972392, 0.02949897557981493, 0.0886051670222402, 0.0, 0.0, 0.3]","[108, 139, 256, 191, 108, 92, 95]","[109.26803588867188, 141.68460083007812, 204.43692016601562, 151.6665802001953, 96.86436462402344, 133.00863647460938, 115.47491455078125]"
2013-11-15,2013-11-21,3797.0,9960,6000.0,"[12, 11, 11, 13, 9, 0, 0]","[6, 17, 10, 0, 0, 0, 0]","[0.0, 0.034887300706948815, 0.03433979851729335, 0.0, 0.0, 0.004176549682429379, 0.0]","[139, 256, 191, 108, 92, 95, 113]","[139.81976318359375, 208.36642456054688, 166.56825256347656, 109.908203125, 133.98904418945312, 117.1247329711914, 120.07755279541016]"
2013-11-16,2013-11-22,1597.0,8835,5675.0,"[5, 2, 12, 13, 6, 9, 2]","[2, 0, 3, 8, 2, 12, 3]","[0.01961361341270717, 0.10111111870769666, 0.2555791829061745, 0.03431557667378603, 0.16415070737039855, 0.25343779177848236, 0.09858644468458587]","[256, 191, 108, 92, 95, 113, 147]","[209.4573211669922, 175.30123901367188, 116.9654312133789, 146.91343688964844, 121.44767761230469, 129.85824584960938, 158.25209045410156]"
2013-11-17,2013-11-23,2746.0,8978,6015.0,"[20, 14, 20, 8, 11, 0, 2]","[0, 0, 4, 2, 2, 3, 6]","[0.01757187010782371, 0.0, 0.0, 0.027047787881940937, 0.005036859664666604, 0.01694899148944194, 0.03334766480293866]","[191, 108, 92, 95, 113, 147, 312]","[173.06057739257812, 110.92293548583984, 151.61582946777344, 128.4326171875, 133.27723693847656, 168.8207550048828, 279.08038330078125]"
2013-11-18,2013-11-24,1877.0,15925,11505.0,"[16, 10, 16, 2, 14, 9, 12]","[6, 14, 17, 9, 11, 8, 13]","[0.294180394744714, 0.1292015133702589, 0.20879888009196654, 0.15037700740446674, 0.12856562479150704, 0.09118619223298847, 0.21706971436078057]","[108, 92, 95, 113, 147, 312, 217]","[150.6445770263672, 161.46836853027344, 148.20672607421875, 170.5596466064453, 188.0952606201172, 315.255859375, 321.4041442871094]"
2013-11-19,2013-11-25,1929.0,18138,12045.0,"[10, 11, 14, 14, 10, 16, 2]","[11, 6, 17, 13, 2, 17, 18]","[0.2692768062345313, 0.1735673116999237, 0.22915621397245725, 0.24033110053241294, 0.11780827852223491, 0.272557862958106, 0.27369284249013737]","[92, 95, 113, 147, 312, 217, 119]","[135.13426208496094, 128.7133331298828, 137.82464599609375, 168.5820770263672, 309.1737365722656, 292.5418395996094, 156.41607666015625]"
2013-11-20,2013-11-26,3047.0,9673,6300.0,"[9, 0, 11, 1, 8, 11, 8]","[3, 3, 14, 8, 10, 2, 0]","[0.0, 0.29987422856306933, 0.0, 0.029665018856447723, 0.016348298283847235, 0.0, 0.0]","[95, 113, 147, 312, 217, 119, 116]","[114.4471435546875, 121.891845703125, 164.83062744140625, 271.48883056640625, 325.9120178222656, 134.07997131347656, 127.3680419921875]"
2013-11-21,2013-11-27,3426.0,9990,5730.0,"[6, 18, 0, 12, 16, 0, 11]","[3, 0, 1, 17, 2, 0, 0]","[0.0, 0.0, 0.3, 0.016936455521784615, 0.16038763975640613, 0.20020346406073608, 0.21487167719989844]","[113, 147, 312, 217, 119, 116, 237]","[98.92452239990234, 141.4689178466797, 260.5437927246094, 326.13818359375, 121.2384033203125, 112.19284057617188, 174.24012756347656]"
2013-11-22,2013-11-28,4648.0,17685,10180.0,"[14, 9, 1, 17, 17, 13, 8]","[12, 12, 14, 3, 3, 6, 12]","[0.08726956537455428, 0.24765975809364107, 0.2646939543025391, 0.2784353289255851, 0.2624676632752605, 0.03778390958625647, 0.054454255664942774]","[147, 312, 217, 119, 116, 237, 532]","[144.44801330566406, 270.87017822265625, 324.7757568359375, 118.89229583740234, 116.27125549316406, 168.8691864013672, 240.3928680419922]"
2013-11-23,2013-11-29,3495.0,9928,6280.0,"[20, 0, 3, 8, 9, 0, 20]","[5, 17, 8, 0, 1, 0, 0]","[8.13226472280157e-05, 0.020655100131942102, 0.005730290068098905, 0.0, 0.0, 5.133330363918587e-05, 0.0]","[312, 217, 119, 116, 237, 532, 1105]","[270.3049011230469, 320.7170104980469, 126.75936126708984, 117.46150970458984, 180.4208221435547, 256.2191162109375, 966.0838623046875]"
2013-11-24,2013-11-30,2345.0,10069,6260.0,"[9, 2, 10, 1, 2, 6, 17]","[0, 1, 12, 8, 12, 0, 6]","[0.15644120419208932, 0.22224605436802566, 0.10071902996708894, 0.09286111429132633, 0.14955946750881483, 0.2729049746096158, 0.05789549230178472]","[217, 119, 116, 237, 532, 1105, 357]","[330.1039733886719, 139.9193115234375, 111.00672912597656, 180.67840576171875, 248.63365173339844, 946.3071899414062, 343.388916015625]"
2013-11-25,2013-12-01,3629.0,9960,6130.0,"[6, 5, 6, 2, 19, 8, 18]","[7, 0, 0, 4, 12, 2, 0]","[0.03126068060673646, 0.07430162651822965, 0.03247482914502598, 0.0, 0.025183096349203495, 0.0, 0.015129534001692488]","[119, 116, 237, 532, 1105, 357, 255]","[127.67923736572266, 113.64395904541016, 181.3336944580078, 234.2794189453125, 934.1539306640625, 339.5530700683594, 301.7715148925781]"
2013-11-26,2013-12-02,3723.0,9917,6020.0,"[0, 0, 19, 0, 20, 0, 0]","[0, 13, 13, 0, 20, 0, 0]","[0.06493651419545926, 0.0, 0.022950877440587714, 0.3, 0.015775432952809396, 0.0, 0.027314717932062006]","[116, 237, 532, 1105, 357, 255, 121]","[112.77511596679688, 170.44415283203125, 239.93759155273438, 951.8681030273438, 324.7284851074219, 299.4388732910156, 138.8716583251953]"
2013-11-27,2013-12-03,2943.0,9916,5920.0,"[7, 8, 6, 0, 4, 16, 3]","[2, 4, 5, 5, 6, 4, 10]","[0.08781212536287956, 0.08783914431219705, 0.0351799091960147, 0.035877674839223224, 0.22114046275902638, 0.03394656186528685, 0.25412966408029236]","[237, 532, 1105, 357, 255, 121, 90]","[177.7108612060547, 240.78878784179688, 952.8438720703125, 339.3699951171875, 312.26129150390625, 141.678955078125, 132.29861450195312]"
2013-11-28,2013-12-04,3447.0,9832,5875.0,"[17, 9, 19, 3, 2, 6, 12]","[14, 1, 4, 0, 0, 1, 0]","[0.03339009059184992, 0.11219659725681866, 0.0, 0.13656234531621847, 0.3, 0.10189363135246089, 0.0]","[532, 1105, 357, 255, 121, 90, 136]","[259.3436279296875, 972.9033813476562, 349.44879150390625, 309.6419982910156, 152.8567352294922, 132.8018035888672, 154.86917114257812]"
2013-11-29,2013-12-05,2798.0,9429,5425.0,"[20, 14, 13, 2, 5, 7, 0]","[1, 7, 0, 0, 12, 0, 1]","[0.035750429123084404, 0.026184985125934587, 0.10256712551044918, 0.23131339042921345, 0.3, 0.10404111836899942, 0.23900264092658727]","[1105, 357, 255, 121, 90, 136, 120]","[1042.0291748046875, 357.1769714355469, 318.60357666015625, 176.2303466796875, 159.93930053710938, 163.0630645751953, 246.88124084472656]"
2013-11-30,2013-12-06,3354.0,9408,5860.0,"[20, 20, 11, 20, 0, 0, 0]","[0, 0, 1, 0, 19, 0, 0]","[0.00045441035440904, 0.0, 0.022195824396571293, 0.02103181422483874, 0.026668808769362874, 0.3, 0.0]","[357, 255, 121, 90, 136, 120, 168]","[422.3633728027344, 295.24365234375, 166.8795623779297, 145.72705078125, 161.96563720703125, 277.7190246582031, 192.9900360107422]"
2013-12-01,2013-12-07,2717.0,11064,6930.0,"[12, 9, 16, 9, 4, 2, 6]","[7, 5, 7, 8, 8, 5, 1]","[0.07812520419364131, 0.1080362776376426, 0.0336850451397789, 0.2400180528628872, 0.10005556681961494, 0.0009076810288479286, 0.26802327760885886]","[255, 121, 90, 136, 120, 168, 255]","[301.7324523925781, 170.91061401367188, 152.4857940673828, 167.87338256835938, 291.82098388671875, 188.74522399902344, 342.5400695800781]"
2013-12-02,2013-12-08,3068.0,13359,8285.0,"[13, 1, 0, 19, 4, 19, 7]","[10, 17, 10, 1, 2, 8, 3]","[0.29130966284611576, 0.16779738059159838, 0.018328092367448756, 0.1513923859770102, 0.017668433136893858, 0.10964893860337858, 0.21696431584004547]","[121, 90, 136, 120, 168, 255, 243]","[163.61744689941406, 147.25241088867188, 159.9718017578125, 260.9971008300781, 179.80828857421875, 332.8879089355469, 283.5650329589844]"
2013-12-03,2013-12-09,3695.0,9882,5970.0,"[8, 9, 19, 6, 0, 20, 19]","[0, 9, 0, 0, 0, 0, 0]","[0.03799895233058455, 0.015562512948742299, 0.01777863539714964, 0.07182659940414354, 0.0009020371438832804, 0.029834711792338927, 0.019175317783551096]","[90, 136, 120, 168, 255, 243, 126]","[117.97134399414062, 133.0546417236328, 245.2039337158203, 183.62124633789062, 323.025390625, 268.19122314453125, 147.6388702392578]"
2013-12-04,2013-12-10,3309.0,9879,5600.0,"[19, 10, 0, 0, 19, 0, 0]","[1, 6, 8, 0, 19, 0, 0]","[0.11047844795380371, 0.204764592282268, 0.1378790258826599, 0.05711795832540592, 0.029865797284831963, 0.22974053708070252, 0.21560943914971728]","[136, 120, 168, 255, 243, 126, 132]","[126.64871978759766, 248.5071563720703, 187.80099487304688, 321.3075866699219, 277.2130126953125, 147.6983642578125, 197.97769165039062]"
2013-12-05,2013-12-11,4415.0,18882,11520.0,"[5, 17, 12, 13, 6, 8, 8]","[14, 13, 9, 7, 14, 16, 12]","[0.28648499882798895, 0.11536536938351469, 0.27330229473490586, 0.06195141447686694, 0.2094805116127391, 0.15689606825423583, 0.09370939792320072]","[120, 168, 255, 243, 126, 132, 152]","[225.77618408203125, 158.6102752685547, 321.3189392089844, 274.1353454589844, 140.69100952148438, 189.3396453857422, 179.06179809570312]"
2013-12-06,2013-12-12,2630.0,8958,5610.0,"[8, 9, 2, 17, 10, 3, 0]","[11, 6, 0, 0, 16, 0, 0]","[0.05039052563842669, 0.15324097125834962, 0.24783750159840898, 0.027460745720563368, 0.0331920077459743, 0.03677951745960349, 0.1591031615369744]","[168, 255, 243, 126, 132, 152, 165]","[127.37104034423828, 310.6238098144531, 263.3675842285156, 128.45217895507812, 196.38824462890625, 145.35597229003906, 150.52366638183594]"
2013-12-07,2013-12-13,3320.0,9817,5920.0,"[8, 0, 2, 19, 12, 18, 20]","[0, 0, 3, 3, 4, 0, 0]","[0.060576177357272734, 0.29993433943080955, 0.20506599414068713, 0.023275710285409285, 0.08890060659932983, 0.058114061600333514, 0.0]","[255, 243, 126, 132, 152, 165, 197]","[326.2715759277344, 259.0306091308594, 135.32139587402344, 190.09921264648438, 142.7922821044922, 151.1314697265625, 224.10345458984375]"
2013-12-08,2013-12-14,4789.0,16863,10145.0,"[9, 19, 6, 1, 4, 5, 12]","[14, 0, 13, 7, 19, 12, 13]","[0.12502119679790752, 0.040048266564907384, 0.157960119215065, 0.18379858675150768, 0.22915171852721616, 0.06569222063791907, 0.07252876795225048]","[243, 126, 132, 152, 165, 197, 414]","[260.284423828125, 124.42030334472656, 170.4044952392578, 157.396728515625, 153.1263427734375, 224.67623901367188, 492.5135498046875]"
2013-12-09,2013-12-15,3221.0,9298,5840.0,"[17, 11, 5, 17, 18, 0, 0]","[0, 15, 0, 2, 5, 0, 0]","[0.019141305546484955, 0.029675499869481918, 0.06655431443432824, 0.0, 0.022103992315259037, 0.0015965292204904334, 0.05574468080209779]","[126, 132, 152, 165, 197, 414, 303]","[128.42906188964844, 193.92144775390625, 150.11993408203125, 146.819091796875, 215.95108032226562, 513.845703125, 332.75787353515625]"
2013-12-10,2013-12-16,3127.0,11648,6805.0,"[9, 7, 0, 10, 2, 1, 13]","[7, 6, 3, 10, 8, 7, 8]","[0.18294685535587332, 0.22020183481863478, 0.11201982374986766, 0.07757121912841423, 0.17694571613714039, 0.08798691632570349, 0.15400593406733057]","[132, 152, 165, 197, 414, 303, 188]","[193.3860321044922, 161.52320861816406, 150.44741821289062, 213.82054138183594, 506.24884033203125, 328.0471496582031, 259.6409912109375]"
2013-12-11,2013-12-17,3508.0,9997,6340.0,"[20, 0, 0, 0, 20, 11, 19]","[0, 0, 20, 0, 3, 0, 0]","[0.03103085746286266, 0.3, 0.0007412452841035096, 0.3, 0.0, 0.0, 0.0]","[152, 165, 197, 414, 303, 188, 187]","[153.92906188964844, 154.89254760742188, 210.93666076660156, 479.8678894042969, 328.2364196777344, 234.75184631347656, 174.39080810546875]"
2013-12-12,2013-12-18,3286.0,9947,5920.0,"[15, 10, 5, 17, 0, 0, 10]","[8, 10, 3, 6, 3, 0, 0]","[0.004537399385418528, 0.13082153981531355, 0.10360288892473958, 0.0, 0.08623069304992456, 0.1924649600332078, 0.17843932483720354]","[165, 197, 414, 303, 188, 187, 252]","[158.49966430664062, 204.36160278320312, 491.91143798828125, 313.96826171875, 216.35806274414062, 167.166015625, 246.51571655273438]"
2013-12-13,2013-12-19,3450.0,12845,7380.0,"[10, 5, 2, 8, 9, 7, 8]","[13, 4, 10, 3, 7, 10, 4]","[0.16732592798301682, 0.008145186537326187, 0.2635198630436196, 0.05339499200399935, 0.09470129733041585, 0.1597567161407989, 0.2404170022144029]","[197, 414, 303, 188, 187, 252, 225]","[216.92642211914062, 490.5705261230469, 303.1244201660156, 225.44351196289062, 178.1050567626953, 282.08843994140625, 312.9770812988281]"
2013-12-14,2013-12-20,2920.0,9302,5700.0,"[6, 16, 20, 11, 10, 0, 0]","[2, 7, 15, 0, 0, 0, 0]","[0.2532104575359265, 0.06699723717431647, 0.021893034068435346, 0.049674415970525715, 0.0, 0.26317213400603806, 0.0]","[414, 303, 188, 187, 252, 225, 317]","[498.4670715332031, 322.8332824707031, 231.0405731201172, 180.71580505371094, 273.5519714355469, 289.35797119140625, 315.4668273925781]"
2013-12-15,2013-12-21,5086.0,19890,12025.0,"[9, 19, 18, 4, 8, 10, 3]","[15, 6, 17, 11, 12, 18, 11]","[0.20117168024167176, 0.12296308779736898, 0.23610326903121462, 0.22737730958288008, 0.16582075089688805, 0.062047390878313555, 0.06942324028511361]","[303, 188, 187, 252, 225, 317, 458]","[319.4083251953125, 230.2034149169922, 181.1807861328125, 250.72085571289062, 284.6281433105469, 307.1299133300781, 454.3743591308594]"
2013-12-16,2013-12-22,3905.0,9948,5870.0,"[4, 19, 19, 0, 20, 13, 12]","[5, 0, 0, 0, 0, 0, 0]","[0.022262273291796073, 0.031938173258153874, 0.021819783261427216, 0.1198923257149716, 0.02513451690036149, 0.0, 0.038760814414906024]","[188, 187, 252, 225, 317, 458, 475]","[217.06973266601562, 151.6272430419922, 232.36598205566406, 253.80743408203125, 301.6030578613281, 425.0009765625, 420.3129577636719]"
2013-12-17,2013-12-23,3665.0,9986,5840.0,"[10, 10, 20, 2, 13, 10, 8]","[2, 0, 1, 3, 10, 0, 0]","[0.09832823222913116, 0.10735791299446429, 0.03042436101293469, 0.045487918380500904, 0.029712943735731016, 0.03342217167591067, 0.0004104832409096053]","[187, 252, 225, 317, 458, 475, 425]","[157.0223388671875, 225.4499969482422, 257.49462890625, 315.7049865722656, 471.5829162597656, 434.8431701660156, 274.1976623535156]"
2013-12-18,2013-12-24,2932.0,9898,5775.0,"[20, 3, 9, 1, 0, 12, 0]","[4, 0, 7, 3, 17, 0, 5]","[0.0, 0.11565438087689198, 0.026721416594879036, 0.3, 0.212169017847627, 0.04228123599181595, 0.26524757260974624]","[252, 225, 317, 458, 475, 425, 209]","[227.9052734375, 257.225830078125, 303.8795471191406, 461.4584045410156, 431.52728271484375, 257.8066711425781, 272.7656555175781]"
2013-12-19,2013-12-25,3844.0,9963,5950.0,"[4, 19, 0, 20, 19, 1, 0]","[15, 12, 0, 0, 0, 0, 0]","[0.0, 0.02424893668886761, 0.0, 0.037750998708271255, 0.0, 0.050257106577324, 0.3]","[225, 317, 458, 475, 425, 209, 0]","[261.4266052246094, 281.8511962890625, 446.57843017578125, 421.151123046875, 278.113037109375, 260.469970703125, 121.5811538696289]"
2013-12-20,2013-12-26,1346.0,7936,5970.0,"[0, 16, 7, 11, 0, 19, 4]","[5, 14, 9, 1, 0, 0, 0]","[0.2372325114219505, 0.015707110959551285, 0.034018401482019456, 0.09384347809584828, 0.2767082752660541, 0.019994583606342094, 0.03885396205080803]","[317, 458, 475, 425, 209, 0, 423]","[293.92254638671875, 457.0262756347656, 422.07550048828125, 264.55511474609375, 276.337646484375, 136.59246826171875, 260.1855163574219]"
2013-12-21,2013-12-27,1514.0,7864,6060.0,"[0, 17, 9, 0, 10, 0, 10]","[8, 5, 12, 7, 8, 0, 0]","[0.0, 0.0359049538271679, 0.021860750439758755, 0.020562234062370312, 0.022682890361441527, 0.0, 0.03323077700695777]","[458, 475, 425, 209, 0, 423, 276]","[435.1088562011719, 408.2090759277344, 273.53155517578125, 260.0697326660156, 117.7225570678711, 239.28350830078125, 380.40289306640625]"
2013-12-22,2013-12-28,2096.0,8338,5990.0,"[20, 0, 20, 15, 10, 13, 5]","[0, 0, 0, 0, 8, 2, 0]","[0.0, 0.12226350242409607, 0.018287143432371648, 0.015883965124049305, 0.0, 0.03910703807025994, 0.0005937054495554841]","[475, 425, 209, 0, 423, 276, 360]","[395.0288391113281, 270.4944763183594, 261.953857421875, 128.2906951904297, 238.5148468017578, 359.00042724609375, 359.400390625]"
2013-12-23,2013-12-29,1560.0,8414,5795.0,"[8, 8, 10, 7, 7, 6, 6]","[9, 4, 4, 6, 3, 5, 0]","[0.20937554261498226, 0.06442013338155751, 0.017228573332553163, 0.026325005102175558, 0.0313181526786833, 0.13884393107799042, 0.17733623171659138]","[425, 209, 0, 423, 276, 360, 287]","[308.0285339355469, 295.22320556640625, 155.02066040039062, 276.41119384765625, 388.0914611816406, 364.7749938964844, 366.5239562988281]"
2013-12-24,2013-12-30,1551.0,7827,5990.0,"[0, 20, 5, 20, 19, 0, 9]","[3, 1, 0, 15, 0, 0, 0]","[0.00031297474752280905, 0.0, 0.013066482862838139, 0.03900842157339465, 0.005092847345296622, 0.3, 0.03254441458237379]","[209, 0, 423, 276, 360, 287, 342]","[342.0982971191406, 135.0470733642578, 264.87872314453125, 413.3726806640625, 399.90869140625, 432.94573974609375, 291.7720947265625]"
2013-12-25,2013-12-31,2518.0,8700,5940.0,"[12, 10, 20, 14, 0, 14, 0]","[0, 0, 20, 0, 0, 0, 0]","[0.01781350508724886, 0.024728756912856482, 0.03153581143665367, 0.036783326933590155, 0.28298156285386505, 0.00715390865107673, 0.0]","[0, 423, 276, 360, 287, 342, 269]","[116.19699096679688, 236.31849670410156, 372.3575439453125, 376.771484375, 399.9407958984375, 280.59173583984375, 295.9849853515625]"
2013-12-26,2014-01-01,4561.0,17670,10330.0,"[15, 15, 8, 4, 4, 15, 16]","[5, 9, 6, 16, 3, 12, 12]","[0.13230436010715543, 0.1263919370513781, 0.10904375807070904, 0.167418399864164, 0.28801094651917586, 0.27311854478610526, 0.16669421353543093]","[423, 276, 360, 287, 342, 269, 157]","[231.09793090820312, 364.23602294921875, 367.70269775390625, 388.2989196777344, 257.92303466796875, 288.09783935546875, 209.85252380371094]"
2013-12-27,2014-01-02,3767.0,9994,6060.0,"[0, 20, 19, 6, 0, 8, 0]","[0, 12, 15, 8, 0, 0, 0]","[0.06658151637887542, 0.02038298448729183, 0.03690815448913952, 0.0, 0.2932114031701871, 0.0, 0.1713934833662943]","[276, 360, 287, 342, 269, 157, 175]","[392.68231201171875, 405.7192687988281, 409.6794738769531, 293.5459899902344, 329.3553161621094, 218.8988494873047, 202.6398468017578]"
2013-12-28,2014-01-03,3455.0,9930,6310.0,"[3, 11, 1, 0, 16, 11, 9]","[0, 3, 9, 11, 8, 0, 6]","[0.002927806499037791, 0.0, 0.013943838345658986, 0.020785783671347483, 0.03446933352002278, 0.0, 0.03182068752896669]","[360, 287, 342, 269, 157, 175, 178]","[369.3435363769531, 366.7359313964844, 276.2291259765625, 305.968505859375, 200.06201171875, 203.24842834472656, 235.2171173095703]"
2013-12-29,2014-01-04,5535.0,21032,11955.0,"[16, 11, 15, 12, 17, 12, 10]","[9, 10, 9, 9, 15, 7, 14]","[0.16636716354572093, 0.06065257966228836, 0.24181681005150535, 0.2948593333868757, 0.1351721387624497, 0.16484930670560036, 0.29522550378721135]","[287, 342, 269, 157, 175, 178, 218]","[364.1626281738281, 260.9761962890625, 292.1772155761719, 206.54965209960938, 203.85194396972656, 236.042236328125, 281.63604736328125]"
2013-12-30,2014-01-05,3586.0,9981,5925.0,"[11, 20, 0, 2, 20, 0, 0]","[16, 2, 0, 8, 0, 6, 1]","[0.027983030675822262, 0.09891291225805192, 0.2982028821460962, 0.02967122591684855, 0.019536087284461552, 0.0, 0.14611381657492487]","[342, 269, 157, 175, 178, 218, 137]","[259.193359375, 285.78802490234375, 215.52020263671875, 201.96275329589844, 234.4595184326172, 279.68951416015625, 240.7563018798828]"
2013-12-31,2014-01-06,3399.0,9812,5920.0,"[20, 3, 0, 0, 17, 7, 1]","[9, 0, 2, 8, 18, 0, 0]","[0.033664815295978784, 0.3, 0.0, 0.17147422862673195, 0.028477512481659428, 0.0, 0.0641730125055657]","[269, 157, 175, 178, 218, 137, 95]","[353.3020935058594, 232.68380737304688, 219.19834899902344, 227.3539276123047, 270.79217529296875, 228.3587646484375, 175.72291564941406]"
2014-01-01,2014-01-07,3592.0,9823,5915.0,"[20, 7, 0, 20, 1, 2, 0]","[6, 10, 19, 0, 0, 1, 0]","[0.022923764744402622, 0.0, 0.025862699018408337, 0.024192966904883012, 0.0, 0.3, 0.3]","[157, 175, 178, 218, 137, 95, 93]","[224.28207397460938, 221.96664428710938, 221.5998992919922, 272.4112243652344, 239.8389892578125, 180.5806884765625, 123.15361022949219]"
2014-01-02,2014-01-08,2913.0,9362,6165.0,"[9, 7, 18, 0, 13, 17, 0]","[19, 1, 0, 0, 1, 2, 3]","[0.001976661601394207, 0.01742032367996642, 0.016164102090343406, 0.3, 0.061833548453502515, 0.01615485215671271, 0.008598800735682194]","[175, 178, 218, 137, 95, 93, 95]","[205.2020721435547, 234.05125427246094, 267.2689514160156, 230.05670166015625, 168.04116821289062, 120.95072174072266, 141.4693603515625]"
2014-01-03,2014-01-09,2968.0,9406,6090.0,"[20, 0, 0, 0, 14, 19, 0]","[6, 5, 20, 0, 3, 0, 0]","[0.021858550428080124, 0.21654113526112898, 0.020207317913024922, 0.2929430531960642, 0.025897539484799392, 0.003461968977776096, 0.299944284856116]","[178, 218, 137, 95, 93, 95, 101]","[207.51197814941406, 238.20823669433594, 207.00946044921875, 161.6366729736328, 120.9303970336914, 147.6948699951172, 166.6219482421875]"
2014-01-04,2014-01-10,2042.0,8563,6245.0,"[10, 8, 0, 14, 1, 13, 0]","[0, 20, 0, 0, 16, 0, 5]","[0.0, 0.02707977422660099, 0.3, 0.0, 0.0, 0.020944362303404237, 0.042933387953216065]","[218, 137, 95, 93, 95, 101, 124]","[237.1538543701172, 205.97811889648438, 163.66697692871094, 106.4481430053711, 142.19558715820312, 137.79782104492188, 167.34471130371094]"
2014-01-05,2014-01-11,1389.0,8074,5295.0,"[0, 6, 3, 9, 2, 6, 13]","[0, 17, 10, 4, 0, 2, 1]","[0.0, 0.02438611709216615, 0.28539140360075704, 0.2261985156272432, 0.3, 0.04842924665395413, 0.019368363138633445]","[137, 95, 93, 95, 101, 124, 182]","[200.8109588623047, 159.04864501953125, 105.28479766845703, 141.3651885986328, 141.18576049804688, 165.95201110839844, 245.43475341796875]"
2014-01-06,2014-01-12,2496.0,8948,6230.0,"[20, 8, 0, 18, 9, 0, 0]","[1, 6, 0, 2, 11, 14, 0]","[0.0, 0.028099549094030042, 0.22996213698803933, 0.0, 0.01749052362984271, 0.01655744646905256, 0.3]","[95, 93, 95, 101, 124, 182, 144]","[148.27906799316406, 88.10482788085938, 132.968017578125, 126.72705841064453, 155.1006622314453, 234.2740478515625, 180.04347229003906]"
2014-01-07,2014-01-13,2808.0,9272,5750.0,"[11, 20, 20, 12, 20, 0, 11]","[0, 0, 0, 0, 0, 0, 0]","[0.0, 0.0, 0.0, 0.3, 0.0, 0.050161222242927385, 0.0]","[93, 95, 101, 124, 182, 144, 83]","[69.14382934570312, 119.85735321044922, 129.8062286376953, 162.33700561523438, 232.24961853027344, 187.32530212402344, 65.03158569335938]"
2014-01-08,2014-01-14,2378.0,8581,5960.0,"[0, 20, 20, 19, 0, 0, 14]","[0, 1, 0, 17, 0, 0, 0]","[0.0, 0.0, 0.03655074625671551, 0.017163610770293866, 0.0, 0.29697003815033207, 0.0]","[95, 101, 124, 182, 144, 83, 92]","[134.81983947753906, 146.56314086914062, 171.7464599609375, 235.1656951904297, 192.7378692626953, 104.8803939819336, 137.39906311035156]"
2014-01-09,2014-01-15,2178.0,8944,6550.0,"[0, 3, 0, 0, 0, 11, 0]","[18, 19, 0, 20, 13, 0, 0]","[0.0, 0.0, 0.3, 0.02339912015488587, 0.0, 0.018786307371202158, 0.3]","[101, 124, 182, 144, 83, 92, 92]","[125.96944427490234, 155.36878967285156, 232.9304656982422, 171.63687133789062, 99.33155059814453, 127.98955535888672, 114.80690002441406]"
2014-01-10,2014-01-16,3499.0,9554,5820.0,"[20, 20, 19, 8, 4, 0, 4]","[1, 0, 0, 3, 12, 0, 0]","[0.0, 0.0, 0.029132521548269917, 0.029434302730232138, 0.03702210811653803, 0.0, 0.11598572216511105]","[124, 182, 144, 83, 92, 92, 92]","[144.3583526611328, 235.70848083496094, 179.330322265625, 76.87091064453125, 128.7611083984375, 112.36174774169922, 135.4838104248047]"
2014-01-11,2014-01-17,3236.0,9769,5760.0,"[19, 20, 12, 0, 17, 0, 0]","[7, 2, 0, 12, 0, 0, 0]","[0.0, 0.0, 0.0, 0.3, 0.0, 0.2945318579024688, 0.0]","[182, 144, 83, 92, 92, 92, 103]","[231.4516143798828, 177.9032745361328, 74.37064361572266, 107.10694885253906, 101.9674301147461, 122.45287322998047, 154.8706512451172]"
2014-01-12,2014-01-18,2468.0,8831,6140.0,"[19, 0, 0, 10, 17, 3, 19]","[0, 4, 7, 8, 4, 0, 0]","[0.0, 0.024734968982146503, 0.0, 0.03302593811994287, 0.035125511222795974, 0.0, 0.0]","[144, 83, 92, 92, 92, 103, 689]","[173.85302734375, 94.07963562011719, 119.62938690185547, 114.24267578125, 133.12049865722656, 165.0968475341797, 542.2679443359375]"
2014-01-13,2014-01-19,3310.0,9621,6130.0,"[11, 6, 15, 0, 20, 20, 7]","[0, 0, 0, 14, 0, 0, 0]","[0.0, 0.015093157666028357, 0.02088100756354566, 0.0027430791920770056, 0.0, 0.03692253435790771, 0.037291662335990836]","[83, 92, 92, 92, 103, 689, 463]","[64.76193237304688, 123.39403533935547, 111.1953125, 128.49415588378906, 154.18739318847656, 524.3401489257812, 599.8072509765625]"
2014-01-14,2014-01-20,2698.0,9141,6190.0,"[0, 17, 8, 0, 20, 8, 19]","[0, 0, 0, 20, 0, 0, 0]","[0.008198877060708388, 0.0, 0.038257997453134046, 6.410625252641208e-05, 0.03350607732361806, 0.054803191314675925, 0.0]","[92, 92, 92, 103, 689, 463, 413]","[125.16738891601562, 116.80093383789062, 131.37464904785156, 160.55282592773438, 528.5931396484375, 623.0994873046875, 439.23431396484375]"
2014-01-15,2014-01-21,2161.0,14445,10330.0,"[7, 9, 11, 4, 5, 14, 11]","[15, 5, 8, 8, 11, 15, 13]","[0.053816725314733416, 0.026295331037642533, 0.15263151787124188, 0.25898236835780786, 0.10310608305508405, 0.15415281015170257, 0.20540109430872366]","[92, 92, 103, 689, 463, 413, 74]","[106.35305786132812, 123.48007202148438, 151.5421905517578, 527.7317504882812, 615.8091430664062, 417.5242614746094, 80.16464233398438]"
2014-01-16,2014-01-22,2530.0,9383,5560.0,"[9, 0, 7, 15, 11, 0, 0]","[0, 19, 2, 0, 17, 0, 0]","[0.20219846069857098, 0.0004937746495927307, 0.25523948501597693, 0.029282410199055857, 0.15556172040560037, 0.08452776592665642, 0.3]","[92, 103, 689, 463, 413, 74, 85]","[109.9233627319336, 144.19178771972656, 586.1866455078125, 636.2725830078125, 423.2524719238281, 93.221435546875, 86.69256591796875]"
2014-01-17,2014-01-23,3714.0,9916,6040.0,"[0, 20, 13, 20, 0, 2, 0]","[0, 20, 14, 0, 0, 0, 0]","[0.3, 0.033644200786644984, 0.0, 0.0, 0.0, 0.0, 0.1276310785335915]","[103, 689, 463, 413, 74, 85, 77]","[136.52734375, 518.4257202148438, 611.1369018554688, 423.6542053222656, 85.86802673339844, 100.55855560302734, 86.4835433959961]"
2014-01-18,2014-01-24,3803.0,9950,5860.0,"[20, 20, 20, 3, 12, 0, 0]","[10, 7, 0, 0, 0, 0, 0]","[0.0, 0.029294086515092597, 0.0, 0.3, 0.0, 0.01194571868975007, 0.0]","[689, 463, 413, 74, 85, 77, 122]","[566.7085571289062, 624.7525634765625, 416.0091857910156, 93.3046646118164, 88.54826354980469, 84.39554595947266, 91.27084350585938]"
2014-01-19,2014-01-25,3367.0,9735,6180.0,"[13, 0, 15, 9, 0, 0, 0]","[20, 20, 0, 0, 0, 3, 5]","[0.03945670895262329, 0.028534310320323556, 0.015531956027990353, 0.02346938836158925, 0.21838626206838643, 5.785776643904908e-05, 0.03366481057130722]","[463, 413, 74, 85, 77, 122, 165]","[644.3616333007812, 427.2695007324219, 88.16053771972656, 95.97893524169922, 89.64356994628906, 100.73135375976562, 182.22415161132812]"
2014-01-20,2014-01-26,3341.0,9855,6205.0,"[20, 0, 5, 4, 2, 5, 13]","[11, 5, 9, 0, 10, 0, 3]","[0.03298132799033411, 0.08284928147096617, 0.03706118677012443, 0.20430496115317756, 0.025056716279242865, 0.0, 0.0]","[413, 74, 85, 77, 122, 165, 150]","[427.27374267578125, 70.60840606689453, 92.86128997802734, 83.21247863769531, 98.51841735839844, 177.63778686523438, 109.58744812011719]"
2014-01-21,2014-01-27,2808.0,9363,6370.0,"[15, 17, 0, 0, 20, 0, 0]","[0, 0, 11, 13, 0, 14, 0]","[0.0, 0.0, 0.0, 0.0, 0.0, 0.023906086927508077, 0.0]","[74, 85, 77, 122, 165, 150, 74]","[89.09140014648438, 104.34762573242188, 81.0903549194336, 95.33489227294922, 179.21620178222656, 107.5214614868164, 45.19340515136719]"
2014-01-22,2014-01-28,3394.0,9826,6280.0,"[0, 11, 16, 14, 12, 5, 5]","[12, 0, 0, 13, 5, 0, 0]","[0.0, 0.0, 0.0, 0.0, 0.0, 0.0029685917347415376, 0.01382057248135437]","[85, 77, 122, 165, 150, 74, 82]","[101.57791900634766, 79.07137298583984, 101.6795654296875, 178.9149169921875, 108.99842834472656, 54.59785461425781, 71.42285919189453]"
2014-01-23,2014-01-29,3118.0,9888,6460.0,"[5, 0, 10, 8, 6, 0, 7]","[0, 8, 16, 13, 4, 7, 3]","[0.15570923150253707, 0.08857261605006725, 0.0, 0.0, 0.024385593291876034, 0.0, 0.0]","[77, 122, 165, 150, 74, 82, 82]","[88.8738021850586, 92.26057434082031, 174.03477478027344, 136.1302947998047, 66.6943359375, 75.4564208984375, 68.38758087158203]"
2014-01-24,2014-01-30,3010.0,9842,6320.0,"[8, 7, 8, 0, 11, 11, 0]","[5, 19, 0, 8, 0, 0, 10]","[0.0, 0.0, 0.29860991684369487, 0.0, 0.0, 0.03459363991523959, 0.027286255187609052]","[122, 165, 150, 74, 82, 82, 79]","[89.28146362304688, 180.0016326904297, 118.0237808227539, 58.327674865722656, 73.79383850097656, 65.09444427490234, 82.03700256347656]"
2014-01-25,2014-01-31,3422.0,9971,6280.0,"[0, 1, 10, 8, 5, 13, 7]","[19, 19, 0, 3, 2, 0, 0]","[0.03437142416322439, 0.0, 0.08992354300691814, 0.01987044195707293, 0.057294926793155024, 0.0, 0.0]","[165, 150, 74, 82, 82, 79, 90]","[190.36441040039062, 136.34378051757812, 72.07128143310547, 75.76972198486328, 71.19828033447266, 86.9898910522461, 111.5942153930664]"
2014-01-26,2014-02-01,2463.0,9615,5800.0,"[0, 0, 8, 11, 10, 18, 0]","[19, 9, 4, 0, 3, 0, 0]","[0.3, 0.0, 0.0, 0.17445329646567181, 0.0, 0.0, 0.0]","[150, 74, 82, 82, 79, 90, 160]","[129.9615478515625, 66.03141021728516, 76.42130279541016, 67.1691665649414, 81.11237335205078, 108.15040588378906, 151.12957763671875]"
2014-01-27,2014-02-02,1370.0,8437,5905.0,"[9, 12, 11, 6, 8, 0, 7]","[0, 0, 0, 5, 8, 0, 17]","[0.3, 0.0, 0.03699942354883839, 0.3, 0.0, 0.0, 0.025629519613387528]","[74, 82, 82, 79, 90, 160, 90]","[66.4476089477539, 76.62120056152344, 65.63590240478516, 83.04518127441406, 109.58966827392578, 149.310546875, 161.5235595703125]"
2014-01-28,2014-02-03,3146.0,9803,5460.0,"[7, 11, 14, 2, 20, 4, 6]","[4, 0, 0, 12, 3, 0, 0]","[0.016800597177778518, 0.020389498011007597, 0.3, 0.024795104717957647, 0.02453983187237573, 0.3, 0.3]","[82, 82, 79, 90, 160, 90, 73]","[73.88029479980469, 68.87179565429688, 82.03036499023438, 108.2238540649414, 140.4761962890625, 158.26255798339844, 59.17462158203125]"
2014-01-29,2014-02-04,1861.0,8612,6420.0,"[0, 0, 18, 0, 6, 10, 4]","[2, 12, 0, 20, 16, 0, 0]","[0.3, 0.020636542386121736, 0.0, 0.0, 0.0, 0.0, 0.0]","[82, 79, 90, 160, 90, 73, 51]","[72.39641571044922, 85.43550872802734, 111.54763793945312, 149.9110107421875, 157.4752655029297, 59.548587799072266, 65.24030303955078]"
2014-01-30,2014-02-05,2029.0,8425,6150.0,"[0, 18, 20, 17, 0, 11, 0]","[8, 0, 3, 7, 8, 0, 0]","[0.0, 0.0018562489214466087, 0.03848531821458733, 0.0, 0.032525767668864544, 0.0, 0.3]","[79, 90, 160, 90, 73, 51, 59]","[88.752685546875, 113.01704406738281, 148.00350952148438, 161.56759643554688, 55.53923416137695, 64.70843505859375, 114.4269027709961]"
2014-01-31,2014-02-06,2047.0,8441,5945.0,"[3, 20, 19, 1, 10, 0, 8]","[11, 4, 6, 3, 0, 0, 3]","[0.0, 0.031569732194701466, 0.018366746330364652, 0.3, 0.033070982529783514, 0.3, 0.002572597935172165]","[90, 160, 90, 73, 51, 59, 64]","[105.29752349853516, 149.0430145263672, 159.30995178222656, 62.9998664855957, 65.73298645019531, 118.73193359375, 123.93230438232422]"
2014-02-01,2014-02-07,793.0,7759,6190.0,"[20, 10, 1, 10, 1, 3, 0]","[0, 14, 0, 0, 15, 0, 12]","[0.000749986928561195, 0.0, 0.3, 0.2938356249555191, 0.0, 0.29541422527917266, 0.030082317418495465]","[160, 90, 73, 51, 59, 64, 103]","[141.10586547851562, 157.28256225585938, 59.32680130004883, 64.12261962890625, 114.89578247070312, 117.46281433105469, 123.33853912353516]"
2014-02-02,2014-02-08,191.0,6605,6060.0,"[14, 0, 11, 20, 8, 0, 14]","[9, 0, 0, 0, 10, 4, 0]","[0.031230161210273253, 0.05884314979375307, 0.0, 0.02375857169447083, 0.020119490616230862, 0.0, 0.0]","[90, 73, 51, 59, 64, 103, 192]","[164.12754821777344, 63.69468688964844, 70.64167785644531, 119.37531280517578, 121.98689270019531, 128.2519073486328, 155.05587768554688]"
2014-02-03,2014-02-09,1592.0,8514,6020.0,"[2, 10, 0, 18, 20, 6, 2]","[7, 0, 0, 0, 0, 8, 12]","[0.0, 0.25460284158803564, 0.0, 0.291961091255072, 0.0, 0.0, 0.0]","[73, 51, 59, 64, 103, 192, 136]","[62.52824401855469, 63.87290573120117, 107.64971923828125, 113.84129333496094, 121.91915893554688, 149.2272186279297, 125.4301986694336]"
2014-02-04,2014-02-10,1761.0,8083,6050.0,"[0, 14, 17, 6, 13, 11, 12]","[8, 4, 1, 0, 5, 0, 0]","[0.03538412785584593, 0.0, 0.034361877296183375, 0.005082751967741807, 0.0289446005678294, 0.0, 0.016022549807491928]","[51, 59, 64, 103, 192, 136, 69]","[67.20712280273438, 113.24079132080078, 111.80448913574219, 120.67499542236328, 148.21673583984375, 126.86741638183594, 110.10629272460938]"
2014-02-05,2014-02-11,2349.0,8617,6025.0,"[11, 13, 18, 1, 7, 6, 5]","[3, 4, 0, 20, 0, 1, 0]","[0.022431839236008538, 0.0, 0.034844959927563195, 0.02275420081963623, 3.237776698042316e-05, 0.0, 0.029869939890491342]","[59, 64, 103, 192, 136, 69, 89]","[103.65613555908203, 109.78807830810547, 120.81432342529297, 150.132568359375, 121.63778686523438, 108.68653869628906, 116.52828216552734]"
2014-02-06,2014-02-12,2925.0,9380,6210.0,"[1, 12, 0, 3, 12, 10, 1]","[9, 0, 20, 14, 4, 0, 0]","[0.0, 0.0, 0.02811426117531495, 0.015478240869553302, 0.03940706575840885, 0.016421589650912633, 0.3]","[64, 103, 192, 136, 69, 89, 94]","[86.55209350585938, 97.21424865722656, 138.7506103515625, 115.7511978149414, 100.16560363769531, 99.37985229492188, 75.21800231933594]"
2014-02-07,2014-02-13,2940.0,9720,5960.0,"[15, 6, 19, 15, 0, 10, 4]","[0, 14, 0, 0, 7, 0, 0]","[0.3, 0.0, 0.0, 0.0, 0.0, 0.0, 0.0]","[103, 192, 136, 69, 89, 94, 125]","[90.34752655029297, 135.34356689453125, 109.27397918701172, 90.95526885986328, 59.19230651855469, 66.25833892822266, 73.56707000732422]"
2014-02-08,2014-02-14,2868.0,9614,6245.0,"[19, 7, 15, 0, 7, 3, 0]","[0, 10, 0, 9, 5, 0, 13]","[0.0, 0.0, 0.02797359495534718, 0.17838887365638248, 0.0, 0.3, 0.0]","[192, 136, 69, 89, 94, 125, 166]","[150.75685119628906, 119.15126037597656, 92.51719665527344, 73.63597106933594, 76.91236877441406, 77.53943634033203, 120.5706558227539]"
2014-02-09,2014-02-15,2870.0,9573,6390.0,"[8, 14, 0, 0, 10, 0, 19]","[12, 1, 9, 0, 3, 12, 0]","[0.02111738203053805, 0.0, 0.1265989346151663, 0.3, 0.0, 0.02364873121240472, 0.0]","[136, 69, 89, 94, 125, 166, 617]","[132.5858154296875, 99.4532470703125, 76.05437469482422, 82.34461212158203, 83.02511596679688, 125.93278503417969, 721.8104248046875]"
2014-02-10,2014-02-16,2616.0,9444,5975.0,"[9, 1, 11, 9, 0, 0, 7]","[6, 8, 0, 1, 18, 11, 0]","[0.024580337481702096, 0.05118325271652401, 0.28661818760344193, 0.03726654374041264, 0.03811092346579812, 0.026159157206189727, 0.214305049475589]","[69, 89, 94, 125, 166, 617, 544]","[100.3041763305664, 78.28050994873047, 81.43457794189453, 83.6894760131836, 125.67877960205078, 741.2345581054688, 483.8966979980469]"
2014-02-11,2014-02-17,3502.0,10000,6150.0,"[0, 11, 12, 0, 20, 18, 1]","[8, 0, 0, 0, 20, 0, 0]","[0.03135580573374079, 0.0, 0.1075266901020613, 0.28304944561057627, 0.0, 0.029681305579298323, 0.3]","[89, 94, 125, 166, 617, 544, 419]","[66.07347869873047, 71.84135437011719, 72.97421264648438, 110.11199188232422, 729.2024536132812, 519.0554809570312, 375.3026123046875]"
2014-02-12,2014-02-18,3542.0,9987,6300.0,"[0, 0, 12, 14, 20, 6, 0]","[0, 6, 4, 9, 20, 0, 0]","[0.20614314724465366, 0.03442787275827577, 0.0, 0.0, 0.0, 0.0, 0.3]","[94, 125, 166, 617, 544, 419, 64]","[84.77606964111328, 77.33683776855469, 117.62621307373047, 718.7136840820312, 504.50946044921875, 373.4471435546875, 104.60706329345703]"
2014-02-13,2014-02-19,3690.0,9986,6140.0,"[0, 10, 0, 20, 19, 0, 0]","[1, 8, 16, 15, 0, 0, 0]","[0.009691039272118097, 0.014947334055170935, 0.0247898519027647, 0.0, 0.0, 0.0, 0.0]","[125, 166, 617, 544, 419, 64, 82]","[87.24053192138672, 119.46356964111328, 726.98876953125, 500.2864685058594, 362.96630859375, 102.7722396850586, 76.71046447753906]"
2014-02-14,2014-02-20,3770.0,9989,6045.0,"[17, 4, 19, 0, 0, 11, 2]","[4, 16, 13, 0, 0, 0, 1]","[0.016130804305582676, 0.024872951181533414, 0.02630845615132245, 0.20197218021453467, 0.3, 0.033289602799412316, 0.0]","[166, 617, 544, 419, 64, 82, 66]","[130.97242736816406, 724.6578979492188, 511.82769775390625, 367.7684326171875, 101.54022216796875, 72.36983489990234, 99.97221374511719]"
2014-02-15,2014-02-21,3814.0,9946,5980.0,"[20, 20, 20, 0, 13, 0, 0]","[0, 0, 20, 0, 0, 0, 0]","[0.024264493991055517, 0.0, 0.0, 0.3, 0.0, 0.0, 0.3]","[617, 544, 419, 64, 82, 66, 88]","[731.03515625, 510.2721862792969, 373.90008544921875, 106.74471282958984, 79.37667083740234, 105.95893096923828, 130.84661865234375]"
2014-02-16,2014-02-22,2266.0,9427,5650.0,"[20, 15, 11, 0, 6, 0, 5]","[2, 0, 3, 3, 5, 0, 12]","[0.10393619100674176, 0.3, 0.0, 0.1187108592077454, 0.23054168479322246, 0.10873599381627652, 0.0]","[544, 419, 64, 82, 66, 88, 159]","[512.444091796875, 369.1438903808594, 109.64619445800781, 80.36965942382812, 101.05378723144531, 131.28826904296875, 197.13258361816406]"
2014-02-17,2014-02-23,1715.0,8278,6075.0,"[0, 1, 9, 13, 13, 4, 17]","[4, 11, 3, 1, 8, 1, 2]","[0.028262820973845526, 0.0, 0.00747327908627093, 0.02838152161120026, 0.035743894538439125, 0.3, 0.027137714944281147]","[419, 64, 82, 66, 88, 159, 107]","[396.21173095703125, 110.7149658203125, 78.01274871826172, 99.00712585449219, 136.03469848632812, 202.29005432128906, 120.62213134765625]"
2014-02-18,2014-02-24,-30.0,7556,6470.0,"[10, 7, 0, 11, 1, 4, 12]","[10, 2, 2, 16, 8, 4, 2]","[0.036386306042289124, 0.12978701933760634, 0.03898650675976948, 0.05931688043810449, 0.1512275517631389, 0.12182908166661827, 0.2561460634263427]","[64, 82, 66, 88, 159, 107, 58]","[113.6805648803711, 81.7099380493164, 110.72433471679688, 140.88397216796875, 191.29026794433594, 125.8255386352539, 84.3830337524414]"
2014-02-19,2014-02-25,942.0,7838,5980.0,"[8, 14, 11, 0, 0, 5, 17]","[0, 1, 7, 0, 18, 4, 0]","[0.0, 0.0, 0.3, 0.0, 0.0, 0.0, 0.0]","[82, 66, 88, 159, 107, 58, 63]","[49.82044982910156, 93.32471466064453, 118.4704818725586, 208.42010498046875, 129.48280334472656, 66.15506744384766, 102.09496307373047]"
2014-02-20,2014-02-26,1955.0,8992,6135.0,"[2, 3, 16, 5, 1, 11, 2]","[8, 3, 5, 8, 8, 8, 3]","[0.11039350442970614, 0.15934131289768838, 0.08790611734964167, 0.12877678326870462, 0.03857163386698057, 0.08896402734285375, 0.07354932621507036]","[66, 88, 159, 107, 58, 63, 66]","[89.3934555053711, 128.64117431640625, 202.33303833007812, 129.06639099121094, 84.11625671386719, 107.25640869140625, 95.7506332397461]"
2014-02-21,2014-02-27,2593.0,8774,5720.0,"[18, 20, 13, 14, 12, 0, 10]","[0, 3, 0, 0, 2, 0, 0]","[6.041962005838851e-05, 0.014922831874402642, 0.12294800054811109, 0.02590122205710582, 0.07351740892477424, 0.257477288686692, 0.019124897061610836]","[88, 159, 107, 58, 63, 66, 60]","[125.16266632080078, 195.20083618164062, 115.99081420898438, 84.73006439208984, 107.85533905029297, 102.89794921875, 75.23406219482422]"
2014-02-22,2014-02-28,2609.0,8845,6020.0,"[20, 20, 7, 16, 14, 0, 12]","[4, 0, 3, 0, 0, 0, 0]","[0.0, 0.03085408461131841, 0.0, 0.0, 0.0, 0.3, 0.0]","[159, 107, 58, 63, 66, 60, 79]","[187.56594848632812, 118.19412994384766, 82.85740661621094, 101.52758026123047, 93.86543273925781, 81.12784576416016, 123.90205383300781]"
2014-02-23,2014-03-01,1678.0,8486,5910.0,"[14, 13, 5, 0, 0, 7, 10]","[5, 0, 10, 10, 10, 0, 0]","[0.02681356610514296, 0.0, 0.019533752493728625, 0.2106401487430066, 0.0, 0.0, 0.2757816525529502]","[107, 58, 63, 66, 60, 79, 136]","[120.85572814941406, 84.9247055053711, 103.01717376708984, 95.71876525878906, 80.79119110107422, 125.00450134277344, 147.98757934570312]"
2014-02-24,2014-03-02,1678.0,8439,6520.0,"[11, 17, 0, 9, 13, 0, 19]","[0, 0, 0, 0, 6, 18, 0]","[0.0, 0.0, 0.3, 0.0, 0.0, 0.03273930426585765, 0.0]","[58, 63, 66, 60, 79, 136, 109]","[80.6744155883789, 107.16158294677734, 96.18119812011719, 82.65521240234375, 145.84393310546875, 152.0281219482422, 112.86099243164062]"
2014-02-25,2014-03-03,2507.0,9258,5910.0,"[0, 15, 11, 7, 8, 12, 4]","[3, 0, 0, 5, 14, 1, 5]","[0.3, 0.020561799053043017, 0.0, 0.26457066958560393, 0.023718147325547428, 0.019694721578136225, 0.0009457638835673098]","[63, 66, 60, 79, 136, 109, 65]","[101.19339752197266, 97.75939178466797, 79.7651138305664, 135.30984497070312, 145.95362854003906, 110.90863800048828, 73.94066619873047]"
2014-02-26,2014-03-04,2827.0,9157,5550.0,"[5, 10, 0, 20, 4, 8, 7]","[0, 0, 13, 3, 11, 0, 0]","[0.29783406686680336, 0.0, 0.03194356074484483, 0.034052138096466456, 0.0, 0.3, 0.034562707665902824]","[66, 60, 79, 136, 109, 65, 63]","[28.134408950805664, 58.54441833496094, 93.77161407470703, 139.4877471923828, 102.69942474365234, 51.88106918334961, 41.13248062133789]"
2014-02-27,2014-03-05,2603.0,9520,5860.0,"[0, 0, 20, 20, 12, 7, 7]","[8, 14, 0, 0, 0, 0, 0]","[0.0, 0.016080101158252265, 0.3, 0.0, 0.002714854851097434, 0.0, 0.0]","[60, 79, 136, 109, 65, 63, 67]","[67.93305206298828, 100.12476348876953, 140.75767517089844, 110.30625915527344, 71.66353607177734, 51.558326721191406, 50.359092712402344]"
2014-02-28,2014-03-06,2488.0,9654,6055.0,"[16, 0, 0, 0, 9, 8, 0]","[0, 20, 14, 10, 0, 0, 5]","[0.0, 0.03864251866636346, 0.3, 0.0, 0.0, 0.0, 0.28673517183220176]","[79, 136, 109, 65, 63, 67, 73]","[100.5026626586914, 134.24600219726562, 108.43017578125, 68.5376205444336, 54.009132385253906, 46.82832336425781, 63.46683883666992]"
2014-03-01,2014-03-07,3078.0,9392,5970.0,"[6, 13, 0, 0, 7, 8, 1]","[13, 3, 9, 8, 0, 2, 10]","[0.029311440333749425, 0.0, 0.08707265639298882, 0.0, 0.0, 0.029633284072860314, 0.08806153889800283]","[136, 109, 65, 63, 67, 73, 86]","[130.68826293945312, 104.92018127441406, 65.18872833251953, 54.064292907714844, 43.2972297668457, 63.157508850097656, 80.11187744140625]"
2014-03-02,2014-03-08,2377.0,8793,5755.0,"[0, 0, 10, 0, 3, 12, 6]","[15, 10, 0, 0, 6, 0, 13]","[0.2115979579463506, 0.0, 0.016175671229231782, 0.1633236065760169, 0.0, 0.0, 0.0]","[109, 65, 63, 67, 73, 86, 154]","[104.30232238769531, 70.4237289428711, 57.405662536621094, 42.32679748535156, 62.51121139526367, 76.81788635253906, 125.81263732910156]"
2014-03-03,2014-03-09,2560.0,9496,6350.0,"[6, 9, 8, 0, 1, 20, 20]","[5, 0, 0, 8, 11, 0, 2]","[0.0, 0.0, 0.025777816285548705, 0.3, 0.0, 0.0, 0.00035965247145248997]","[65, 63, 67, 73, 86, 154, 110]","[71.80306243896484, 58.75995635986328, 45.69606399536133, 65.27424621582031, 83.15475463867188, 131.6881103515625, 140.54359436035156]"
2014-03-04,2014-03-10,2156.0,9529,6800.0,"[0, 6, 9, 19, 0, 0, 10]","[8, 0, 0, 0, 19, 20, 0]","[0.0, 0.0, 0.3, 0.0, 0.0, 0.03490604294488247, 0.0]","[63, 67, 73, 86, 154, 110, 70]","[55.92240905761719, 41.394744873046875, 63.08793640136719, 84.25935363769531, 130.507080078125, 141.91070556640625, 63.70341491699219]"
2014-03-05,2014-03-11,2897.0,9498,6415.0,"[7, 0, 14, 0, 16, 0, 0]","[2, 10, 0, 19, 6, 10, 3]","[0.0, 0.016064015156347644, 0.0, 0.0, 0.03116486864401409, 0.02177796457982911, 0.0]","[67, 73, 86, 154, 110, 70, 62]","[54.1767578125, 69.37590789794922, 85.2618637084961, 131.2751922607422, 135.89797973632812, 70.05683135986328, 62.86492919921875]"
2014-03-06,2014-03-12,2598.0,9302,5580.0,"[12, 14, 20, 19, 10, 0, 0]","[0, 0, 0, 4, 0, 8, 0]","[0.3, 0.0, 0.0, 0.0, 0.0, 0.3, 0.3]","[73, 86, 154, 110, 70, 62, 70]","[72.93032836914062, 85.06572723388672, 127.4379653930664, 142.50106811523438, 62.387691497802734, 58.21812438964844, 56.056766510009766]"
2014-03-07,2014-03-13,3114.0,9481,5930.0,"[14, 20, 20, 10, 11, 11, 6]","[0, 0, 2, 1, 0, 0, 0]","[0.0, 0.0, 0.0, 0.0, 0.0, 0.0, 0.3]","[86, 154, 110, 70, 62, 70, 75]","[85.56608581542969, 129.2083740234375, 138.93243408203125, 66.44084167480469, 65.25159454345703, 70.67080688476562, 70.91234588623047]"
2014-03-08,2014-03-14,2520.0,9404,6080.0,"[0, 14, 0, 0, 11, 0, 13]","[18, 7, 0, 9, 0, 10, 0]","[0.0, 0.01826813625318509, 0.0056144424852731184, 0.11731539358628008, 0.3, 0.019117741964216263, 0.0]","[154, 110, 70, 62, 70, 75, 126]","[126.38449096679688, 136.15049743652344, 68.02449798583984, 61.746280670166016, 69.23661804199219, 69.6612548828125, 79.34796142578125]"
2014-03-09,2014-03-15,2926.0,9369,6255.0,"[13, 12, 11, 6, 7, 0, 20]","[8, 0, 0, 5, 5, 0, 5]","[0.0, 0.0, 0.0, 0.0, 0.0, 0.3, 0.017126854413470914]","[110, 70, 62, 70, 75, 126, 187]","[135.9447021484375, 71.3463363647461, 63.970741271972656, 72.52979278564453, 74.40088653564453, 86.96732330322266, 157.4442138671875]"
2014-03-10,2014-03-16,2886.0,9925,6400.0,"[0, 10, 0, 11, 0, 0, 5]","[10, 0, 10, 0, 9, 20, 6]","[0.0, 0.21465211540043072, 0.16841914578150763, 0.03003137610154502, 0.0, 0.02364548693383949, 0.019427766567734147]","[70, 62, 70, 75, 126, 187, 139]","[73.70939636230469, 63.1025276184082, 68.43509674072266, 71.67757415771484, 84.85136413574219, 155.17733764648438, 119.44084930419922]"
2014-03-11,2014-03-17,2901.0,9667,5660.0,"[4, 0, 10, 13, 0, 20, 0]","[5, 8, 0, 0, 20, 0, 0]","[0.3, 0.08971511639651883, 0.3, 0.0, 0.0, 0.021337408899650176, 0.0]","[62, 70, 75, 126, 187, 139, 83]","[58.84531021118164, 57.71390151977539, 61.507869720458984, 76.37484741210938, 148.76821899414062, 114.59525299072266, 79.47108459472656]"
2014-03-12,2014-03-18,3294.0,10009,5665.0,"[5, 11, 13, 20, 9, 3, 10]","[0, 0, 0, 3, 7, 5, 0]","[0.10297687079203488, 0.0, 0.003953942557863565, 0.018188623808568456, 0.029878299821011707, 0.29578509638490047, 0.3]","[70, 75, 126, 187, 139, 83, 72]","[60.860042572021484, 65.44007110595703, 76.93400573730469, 141.29266357421875, 107.14635467529297, 77.36695098876953, 71.82836151123047]"
2014-03-13,2014-03-19,3661.0,9841,6010.0,"[5, 7, 20, 18, 15, 13, 0]","[6, 6, 0, 3, 0, 0, 0]","[0.036380854298636287, 0.0, 0.02289940097376201, 0.02306629566861339, 0.0, 0.0, 0.0]","[75, 126, 187, 139, 83, 72, 91]","[70.85694122314453, 84.77823638916016, 140.92605590820312, 126.66159057617188, 89.60802459716797, 77.3858642578125, 85.76950073242188]"
2014-03-14,2014-03-20,3312.0,9906,5930.0,"[0, 19, 16, 13, 4, 0, 11]","[10, 0, 0, 0, 6, 8, 0]","[0.0, 0.0, 0.2556691015887036, 0.038233589090089726, 0.029645955386077335, 0.0, 0.0]","[126, 187, 139, 83, 72, 91, 85]","[82.18326568603516, 150.47967529296875, 111.23348999023438, 78.37429809570312, 72.58214569091797, 79.65808868408203, 80.3105697631836]"
2014-03-15,2014-03-21,3427.0,9984,6000.0,"[20, 0, 14, 9, 14, 0, 0]","[0, 18, 0, 0, 0, 12, 0]","[0.0, 0.01566026498089995, 0.020792292363303846, 0.2970593327441506, 0.033748116271336046, 0.0, 0.0]","[187, 139, 83, 72, 91, 85, 117]","[158.87557983398438, 125.48396301269531, 85.04065704345703, 80.20557403564453, 83.69487762451172, 90.61032104492188, 135.9122314453125]"
2014-03-16,2014-03-22,3074.0,9932,6650.0,"[6, 0, 0, 2, 0, 19, 11]","[9, 11, 1, 6, 12, 0, 10]","[0.030103265998988434, 0.0, 0.3, 0.0, 0.02658045248939523, 0.0, 0.0003379598658193022]","[139, 83, 72, 91, 85, 117, 183]","[126.32129669189453, 88.72251892089844, 85.15573120117188, 88.80632781982422, 96.9118423461914, 138.5012664794922, 180.04359436035156]"
2014-03-17,2014-03-23,3328.0,9756,6260.0,"[10, 12, 0, 16, 2, 19, 19]","[0, 0, 0, 0, 15, 0, 0]","[0.006695219536154854, 0.0, 0.3, 0.027600888328797788, 0.02753796200148105, 0.0, 0.0]","[83, 72, 91, 85, 117, 183, 133]","[94.63294219970703, 88.38015747070312, 88.61400604248047, 96.26513671875, 136.14952087402344, 182.0109405517578, 149.41387939453125]"
2014-03-18,2014-03-24,2831.0,9415,6395.0,"[13, 6, 10, 10, 0, 20, 2]","[0, 7, 0, 9, 0, 4, 9]","[0.0, 0.024512074350753275, 0.0, 0.0, 0.0, 0.018578544892774353, 0.0]","[72, 91, 85, 117, 183, 133, 74]","[79.87235260009766, 86.81623077392578, 91.40989685058594, 130.6354217529297, 179.53274536132812, 147.90362548828125, 80.49746704101562]"
2014-03-19,2014-03-25,3510.0,9736,6060.0,"[14, 15, 19, 20, 0, 0, 0]","[0, 0, 0, 0, 20, 4, 0]","[0.0, 0.0, 0.0, 0.024633907361960583, 0.0, 0.01606366196166112, 0.3]","[91, 85, 117, 183, 133, 74, 90]","[84.03837585449219, 92.36527252197266, 136.86827087402344, 185.94168090820312, 148.9197998046875, 77.75411987304688, 72.17338562011719]"
2014-03-20,2014-03-26,2806.0,9585,5945.0,"[8, 11, 15, 3, 0, 0, 0]","[1, 0, 12, 19, 11, 0, 3]","[0.17758093165548705, 0.3, 0.0, 0.024153939818877004, 0.0, 0.16273856789673155, 0.0]","[85, 117, 183, 133, 74, 90, 92]","[90.98867797851562, 135.09156799316406, 178.65017700195312, 149.8142547607422, 79.13081359863281, 74.33700561523438, 92.26116180419922]"
2014-03-21,2014-03-27,3279.0,9737,6090.0,"[18, 17, 12, 4, 1, 6, 4]","[2, 7, 10, 0, 7, 2, 0]","[0.00043040423990877243, 0.03777929759655529, 0.0, 0.29537734581549613, 0.0, 0.0, 0.09392743064258453]","[117, 183, 133, 74, 90, 92, 105]","[131.0854949951172, 175.137939453125, 142.08346557617188, 80.30123901367188, 74.00184631347656, 87.74266052246094, 92.30999755859375]"
2014-03-22,2014-03-28,3334.0,9795,5885.0,"[20, 12, 8, 11, 8, 0, 0]","[6, 10, 4, 0, 1, 0, 7]","[0.02455599219200936, 0.002080632927438431, 0.02701515416409638, 0.019925351662224096, 0.3, 0.0, 0.0]","[183, 133, 74, 90, 92, 105, 134]","[174.24029541015625, 143.4095001220703, 80.7521743774414, 74.62675476074219, 88.19105529785156, 97.13475799560547, 142.2915802001953]"
2014-03-23,2014-03-29,3158.0,9998,6460.0,"[13, 10, 0, 5, 8, 0, 6]","[7, 0, 7, 0, 6, 8, 16]","[0.0, 0.02456787860341649, 0.0, 0.29783074796555065, 0.01841039790256873, 0.0, 0.03596545677870828]","[133, 74, 90, 92, 105, 134, 192]","[132.92604064941406, 66.13815307617188, 73.06632995605469, 88.51897430419922, 97.49211883544922, 145.408935546875, 175.61737060546875]"
2014-03-24,2014-03-30,3228.0,9852,6460.0,"[12, 1, 8, 16, 0, 0, 0]","[0, 9, 5, 0, 20, 1, 15]","[0.0, 0.0, 0.0, 0.021829222233786028, 0.02037632992345088, 0.0, 0.0]","[74, 90, 92, 105, 134, 192, 134]","[74.08430480957031, 73.57772827148438, 86.66661071777344, 95.33479309082031, 139.81320190429688, 171.9272918701172, 130.66683959960938]"
2014-03-25,2014-03-31,3277.0,9913,6445.0,"[12, 0, 0, 15, 20, 10, 1]","[0, 0, 13, 7, 5, 9, 0]","[0.0, 0.3, 0.0, 0.0, 0.0, 0.0, 0.3]","[90, 92, 105, 134, 192, 134, 97]","[74.5254135131836, 86.14730834960938, 94.86189270019531, 141.92642211914062, 177.09828186035156, 135.26370239257812, 61.91694641113281]"
2014-03-26,2014-04-01,3529.0,9868,5860.0,"[6, 9, 18, 20, 0, 10, 2]","[6, 3, 0, 0, 14, 0, 0]","[0.020962554119401754, 0.02554297760391608, 0.12554321728637344, 0.008105358719569444, 0.0, 0.03839839790256529, 0.3]","[92, 105, 134, 192, 134, 97, 76]","[87.05752563476562, 97.56907653808594, 136.1999969482422, 180.78515625, 135.66970825195312, 64.97357177734375, 79.21475219726562]"
2014-03-27,2014-04-02,3409.0,9855,6280.0,"[1, 0, 20, 0, 7, 4, 0]","[13, 20, 0, 19, 2, 0, 0]","[0.0, 0.0358285048525458, 0.0, 0.0240926628000111, 0.0, 0.0, 0.3]","[105, 134, 192, 134, 97, 76, 89]","[97.38922119140625, 140.67396545410156, 176.55929565429688, 137.0480194091797, 58.72941589355469, 78.97795104980469, 85.01897430419922]"
2014-03-28,2014-04-03,3121.0,9782,6495.0,"[0, 0, 0, 10, 11, 15, 10]","[20, 0, 20, 0, 0, 0, 3]","[0.0, 0.29042518431717307, 0.03539573968319784, 0.021304528173534856, 0.0, 0.0, 0.0]","[134, 192, 134, 97, 76, 89, 84]","[146.2584686279297, 170.91542053222656, 140.3771209716797, 61.18889236450195, 81.59626007080078, 88.26253509521484, 96.89922332763672]"
2014-03-29,2014-04-04,3068.0,9707,6480.0,"[11, 12, 0, 8, 0, 15, 6]","[16, 10, 0, 0, 11, 0, 2]","[0.0, 0.0, 0.3, 0.0, 0.0, 0.0, 0.0]","[192, 134, 97, 76, 89, 84, 107]","[180.87033081054688, 143.28843688964844, 66.31253051757812, 80.31745147705078, 85.58767700195312, 92.50643920898438, 119.02017211914062]"
2014-03-30,2014-04-05,3150.0,9777,6330.0,"[20, 7, 0, 15, 0, 8, 20]","[0, 0, 2, 0, 14, 0, 6]","[0.015956924612852825, 0.08924198390279063, 0.28919450821317033, 0.0, 0.0, 0.0, 0.0]","[134, 97, 76, 89, 84, 107, 182]","[143.97975158691406, 64.58037567138672, 81.19198608398438, 87.57209777832031, 97.43484497070312, 118.5792236328125, 197.50341796875]"
2014-03-31,2014-04-06,3118.0,9893,6085.0,"[0, 12, 6, 11, 16, 14, 0]","[8, 0, 4, 3, 2, 0, 11]","[0.00020853263341886804, 0.0, 0.03556542092895865, 0.0175866509154148, 0.0, 0.2884136107682433, 0.030836475525754366]","[97, 76, 89, 84, 107, 182, 146]","[60.16677474975586, 81.3416748046875, 88.91181182861328, 95.6426773071289, 119.52761840820312, 199.33470153808594, 139.6616973876953]"
2014-04-01,2014-04-07,3147.0,9808,5760.0,"[12, 5, 14, 1, 8, 0, 0]","[0, 7, 0, 15, 20, 0, 0]","[0.0, 0.0, 0.3, 0.08984667344456315, 0.028584993125953032, 0.3, 0.3]","[76, 89, 84, 107, 182, 146, 76]","[81.0468521118164, 90.4275131225586, 97.31160736083984, 122.20204162597656, 201.43418884277344, 146.0362548828125, 76.05783081054688]"
2014-04-02,2014-04-08,3439.0,9741,5730.0,"[15, 9, 13, 20, 16, 0, 7]","[0, 0, 6, 0, 0, 4, 0]","[0.01558870501408666, 0.3, 0.0, 0.028647158935743506, 0.022017372999513757, 0.0, 0.0]","[89, 84, 107, 182, 146, 76, 83]","[90.12413787841797, 98.74390411376953, 123.03599548339844, 197.8985595703125, 141.09385681152344, 73.6438217163086, 89.46305084228516]"
2014-04-03,2014-04-09,3312.0,9457,5960.0,"[16, 20, 20, 20, 0, 0, 12]","[0, 1, 0, 0, 6, 0, 0]","[0.0, 0.0, 0.03058262967412385, 1.7814630605535568e-06, 0.0, 0.3, 0.026373813673636226]","[84, 107, 182, 146, 76, 83, 83]","[99.24272155761719, 125.71694946289062, 200.78102111816406, 146.44822692871094, 73.88154602050781, 88.55220031738281, 85.66287994384766]"
2014-04-04,2014-04-10,3339.0,9532,6000.0,"[6, 10, 19, 0, 13, 0, 0]","[11, 20, 0, 8, 0, 0, 0]","[0.026366762475287405, 0.021750753082606576, 0.021952953728203075, 0.0, 0.0, 0.0, 0.3]","[107, 182, 146, 76, 83, 83, 85]","[121.75051879882812, 200.48977661132812, 146.46829223632812, 71.8261489868164, 85.29830169677734, 82.05059814453125, 86.59617614746094]"
2014-04-05,2014-04-11,3758.0,9954,6030.0,"[20, 20, 8, 13, 0, 0, 12]","[0, 2, 3, 0, 7, 0, 6]","[0.0, 0.021792783819187703, 0.021989247439274776, 0.0, 0.01987296985063774, 0.3, 0.036408593742793025]","[182, 146, 76, 83, 83, 85, 124]","[194.3592071533203, 140.8307342529297, 71.30195617675781, 87.36518859863281, 80.98667907714844, 84.38536834716797, 135.4311981201172]"
2014-04-06,2014-04-12,3171.0,9801,6105.0,"[20, 12, 8, 1, 14, 0, 4]","[0, 0, 0, 9, 0, 19, 0]","[0.02561868135288306, 0.032369272443268586, 0.3, 0.0, 0.0, 0.018075812365306924, 0.0]","[146, 76, 83, 83, 85, 124, 192]","[134.7913055419922, 73.74390411376953, 88.22164916992188, 78.46515655517578, 85.5835189819336, 137.63247680664062, 169.30393981933594]"
2014-04-07,2014-04-13,3508.0,9894,5960.0,"[0, 12, 14, 14, 12, 0, 20]","[10, 0, 0, 0, 8, 0, 0]","[0.0, 0.0, 0.17403185486325368, 0.00642099048964798, 0.031173080114083845, 0.3, 0.015338706185399455]","[76, 83, 83, 85, 124, 192, 137]","[75.57913970947266, 80.11373901367188, 82.34204864501953, 86.56476593017578, 133.75901794433594, 184.55340576171875, 146.11404418945312]"
2014-04-08,2014-04-14,3132.0,9830,6015.0,"[10, 0, 0, 5, 20, 9, 5]","[0, 0, 3, 14, 9, 2, 7]","[0.3, 0.3, 0.0, 0.02485974441302056, 0.016835204906007917, 0.057689694796368776, 0.0]","[83, 83, 85, 124, 192, 137, 90]","[84.50482940673828, 81.17679595947266, 83.6875991821289, 129.31141662597656, 183.69583129882812, 158.46971130371094, 94.0058364868164]"
2014-04-09,2014-04-15,2963.0,9401,6250.0,"[0, 8, 20, 0, 10, 5, 14]","[8, 0, 2, 9, 14, 0, 0]","[0.0002162204833961569, 0.0, 0.015807108100922222, 0.016090549871646913, 0.0, 0.0, 0.0]","[83, 85, 124, 192, 137, 90, 108]","[81.45735168457031, 86.24569702148438, 134.1812744140625, 184.4156951904297, 160.074951171875, 93.47205352783203, 88.84207916259766]"
2014-04-10,2014-04-16,3380.0,9625,6060.0,"[8, 20, 0, 20, 0, 14, 12]","[0, 0, 0, 5, 12, 0, 0]","[0.0, 0.03421161804753037, 0.008233011367631946, 0.0010642045837159371, 0.0228287430471696, 0.03462874417629703, 0.03933321574674392]","[85, 124, 192, 137, 90, 108, 101]","[81.80072784423828, 134.561767578125, 179.07498168945312, 157.77401733398438, 89.17731475830078, 85.42848205566406, 94.41450500488281]"
2014-04-11,2014-04-17,3603.0,9999,5965.0,"[20, 0, 20, 4, 0, 0, 0]","[0, 20, 0, 9, 9, 3, 0]","[0.024261714848622017, 0.015709660580076213, 0.0307681616881311, 0.0, 0.21083006823504657, 0.0, 0.22892618703504686]","[124, 192, 137, 90, 108, 101, 123]","[130.28640747070312, 179.2965850830078, 154.76425170898438, 88.32144165039062, 86.9298324584961, 99.4785385131836, 100.47969055175781]"
2014-04-12,2014-04-18,3590.0,9950,6035.0,"[9, 17, 0, 0, 13, 0, 3]","[14, 5, 11, 10, 0, 0, 3]","[0.0, 0.024017304499537147, 0.02580073298614868, 0.08840261319114145, 0.08917687719560577, 0.18598601381049415, 0.015010832272733133]","[192, 137, 90, 108, 101, 123, 187]","[163.9567413330078, 147.3494415283203, 83.01764678955078, 81.80290985107422, 90.80500793457031, 93.84078979492188, 122.18193054199219]"
2014-04-13,2014-04-19,2737.0,9494,6040.0,"[20, 8, 5, 3, 11, 13, 7]","[6, 7, 4, 0, 1, 4, 0]","[0.0, 0.016358984210340745, 0.03618494542623131, 0.0, 0.3, 0.0, 0.0]","[137, 90, 108, 101, 123, 187, 221]","[164.9873046875, 94.3176040649414, 91.34835052490234, 101.12646484375, 105.08441925048828, 128.39797973632812, 219.55825805664062]"
2014-04-14,2014-04-20,1730.0,8367,6380.0,"[15, 0, 0, 0, 0, 16, 15]","[0, 0, 14, 7, 18, 2, 0]","[0.03686465250524323, 0.00369568584469753, 0.0, 0.0, 0.03189841586101972, 0.03113943707476234, 0.0359057223814567]","[90, 108, 101, 123, 187, 221, 0]","[92.60735321044922, 85.94624328613281, 100.04032135009766, 96.82813262939453, 123.97173309326172, 223.7116241455078, 91.95454406738281]"
2014-04-15,2014-04-21,3603.0,10067,6320.0,"[15, 0, 16, 0, 13, 0, 0]","[0, 11, 0, 15, 20, 0, 0]","[0.0, 0.0, 0.0, 0.019752944669116392, 0.0, 0.29591406367887824, 0.3]","[108, 101, 123, 187, 221, 0, 95]","[88.16143798828125, 99.51174926757812, 100.9705810546875, 128.9969940185547, 215.88731384277344, 86.36160278320312, 118.58565521240234]"
2014-04-16,2014-04-22,1848.0,8542,5430.0,"[7, 14, 20, 20, 14, 0, 11]","[0, 2, 0, 0, 0, 0, 0]","[0.3, 0.3, 0.0, 0.027457682167278598, 0.0, 0.3, 0.0]","[101, 123, 187, 221, 0, 95, 95]","[100.25659942626953, 103.87686920166016, 127.0638656616211, 211.02235412597656, 87.24723052978516, 110.31017303466797, 102.09143829345703]"
2014-04-17,2014-04-23,2070.0,8495,5930.0,"[18, 6, 18, 12, 18, 7, 0]","[0, 0, 14, 0, 0, 0, 0]","[0.0, 0.3, 0.0, 0.02729219797938678, 0.0, 0.0, 0.26315126972797936]","[123, 187, 221, 0, 95, 95, 89]","[106.71629333496094, 132.22317504882812, 217.8816680908203, 88.41259002685547, 109.11727905273438, 98.77548217773438, 92.90809631347656]"
2014-04-18,2014-04-24,1874.0,8512,6140.0,"[10, 8, 10, 8, 6, 10, 0]","[8, 7, 3, 0, 9, 0, 8]","[0.0, 0.021313512693297683, 0.0, 0.25280460598077986, 0.016380285953158418, 0.0, 0.032318131220181553]","[187, 221, 0, 95, 95, 89, 117]","[129.95272827148438, 218.1246795654297, 83.79569244384766, 114.54570770263672, 101.881591796875, 94.3755111694336, 97.35369110107422]"
2014-04-19,2014-04-25,1987.0,8441,6210.0,"[20, 9, 0, 9, 10, 7, 0]","[1, 4, 13, 5, 3, 8, 0]","[0.0, 0.018918109593418914, 0.0, 0.0, 0.018172834468465446, 0.019791253969035066, 0.2997996034470562]","[221, 0, 95, 95, 89, 117, 127]","[223.78135681152344, 87.84957885742188, 114.4913558959961, 99.93498229980469, 97.7516860961914, 103.82302856445312, 159.32208251953125]"
2014-04-20,2014-04-26,2391.0,8749,6130.0,"[4, 19, 0, 16, 16, 17, 20]","[3, 0, 0, 0, 0, 0, 0]","[0.0, 0.019116549774902514, 0.3, 0.0, 0.0, 0.0, 0.016620507110500986]","[0, 95, 95, 89, 117, 127, 196]","[82.90724182128906, 116.66053009033203, 103.12220001220703, 96.33383178710938, 99.99137878417969, 163.42654418945312, 218.85763549804688]"
2014-04-21,2014-04-27,3009.0,9547,5960.0,"[9, 0, 0, 16, 19, 0, 12]","[7, 11, 9, 0, 4, 0, 0]","[0.03479736260910377, 0.0, 0.2740627712242622, 0.0, 0.037475226786039935, 0.23767330873257536, 0.006757361325248662]","[95, 95, 89, 117, 127, 196, 127]","[103.6915512084961, 79.4471664428711, 87.92032623291016, 98.51306915283203, 144.0309600830078, 216.3839569091797, 107.3453369140625]"
2014-04-22,2014-04-28,3116.0,9602,5940.0,"[0, 15, 7, 0, 20, 18, 6]","[3, 0, 1, 0, 13, 0, 4]","[0.0, 0.015431966505742571, 0.3, 0.3, 0.020880849709171055, 0.0, 0.028935887262175206]","[95, 89, 117, 127, 196, 127, 79]","[100.74820709228516, 97.54177856445312, 103.43177032470703, 162.53611755371094, 215.740234375, 110.78987121582031, 87.43768310546875]"
2014-04-23,2014-04-29,3280.0,9686,5905.0,"[5, 5, 6, 20, 7, 0, 0]","[9, 7, 1, 12, 9, 0, 3]","[0.08895920245830813, 0.01625976670333429, 0.24945263660788977, 0.028837757161840553, 0.0, 0.13841348335175654, 0.01158936734816246]","[89, 117, 127, 196, 127, 79, 61]","[93.39862060546875, 97.7920913696289, 161.8579559326172, 214.16693115234375, 110.31733703613281, 88.23326110839844, 78.04291534423828]"
2014-04-24,2014-04-30,3210.0,9766,6160.0,"[6, 20, 0, 8, 8, 7, 0]","[8, 1, 13, 9, 6, 2, 0]","[0.02227030203561166, 0.0, 0.005548443815896793, 0.11603414772898453, 0.00013412255994125973, 0.0, 0.3]","[117, 127, 196, 127, 79, 61, 83]","[99.03509521484375, 161.07205200195312, 215.19664001464844, 113.73872375488281, 87.80936431884766, 78.27742767333984, 63.0758056640625]"
2014-04-25,2014-05-01,2956.0,9396,5765.0,"[13, 20, 20, 0, 14, 0, 1]","[9, 0, 0, 6, 0, 5, 0]","[0.0, 0.08879244640752203, 0.023626450316764434, 0.3, 0.017926326108550356, 0.0, 0.3]","[127, 196, 127, 79, 61, 83, 83]","[149.53382873535156, 220.4333038330078, 115.92263793945312, 87.30670928955078, 84.3874282836914, 76.48120880126953, 103.03577423095703]"
2014-04-26,2014-05-02,3163.0,9693,6360.0,"[12, 0, 0, 13, 8, 13, 0]","[17, 16, 8, 0, 0, 0, 2]","[0.0, 0.02991255279862665, 0.0, 0.025815744518476524, 0.0, 0.0, 0.01226163138000251]","[196, 127, 79, 61, 83, 83, 116]","[213.55203247070312, 113.02680206298828, 89.4546890258789, 80.5989990234375, 64.28895568847656, 96.48336029052734, 131.86209106445312]"
2014-04-27,2014-05-03,3183.0,9551,6180.0,"[18, 14, 3, 5, 0, 20, 18]","[0, 0, 0, 0, 14, 0, 0]","[0.016171236332277975, 0.0, 0.0, 0.03148004693274027, 0.018040066989586573, 0.01796959842290919, 0.0]","[127, 79, 61, 83, 83, 116, 169]","[109.37703704833984, 86.94194030761719, 75.9056625366211, 60.84067153930664, 100.3325424194336, 132.5546417236328, 199.34329223632812]"
2014-04-28,2014-05-04,2447.0,9233,6025.0,"[14, 6, 0, 8, 10, 0, 20]","[1, 6, 0, 4, 10, 7, 0]","[0.02948951662568072, 0.025666961079303018, 0.17057649801269875, 0.3, 0.0, 0.0, 0.03881462022320673]","[79, 61, 83, 83, 116, 169, 121]","[88.70000457763672, 79.22962951660156, 62.39554214477539, 98.06744384765625, 134.69308471679688, 191.4149169921875, 128.4805450439453]"
2014-04-29,2014-05-05,2234.0,8851,6390.0,"[0, 4, 15, 0, 0, 1, 16]","[10, 5, 0, 19, 12, 4, 0]","[0.0, 0.0, 0.0, 0.021880287085979694, 0.01971697442109265, 0.02235912152713399, 0.01803475086745122]","[61, 83, 83, 116, 169, 121, 66]","[77.40259552001953, 70.33914947509766, 102.73306274414062, 131.53387451171875, 208.6323699951172, 128.53964233398438, 96.05584716796875]"
2014-04-30,2014-05-06,2833.0,9208,5720.0,"[6, 16, 10, 20, 15, 0, 6]","[0, 0, 2, 11, 3, 0, 0]","[0.1632015579533454, 0.03595081210810103, 0.08781614706239135, 0.0, 0.0, 0.0, 0.3]","[83, 83, 116, 169, 121, 66, 63]","[58.491004943847656, 97.41305541992188, 133.26480102539062, 197.97642517089844, 127.7398910522461, 89.33008575439453, 79.4942855834961]"
2014-05-01,2014-05-07,2734.0,9005,6060.0,"[10, 20, 19, 0, 15, 2, 0]","[5, 1, 1, 19, 0, 0, 0]","[0.0, 0.022813629130380503, 0.0, 0.0, 0.03381801150615382, 0.0, 0.0]","[83, 116, 169, 121, 66, 63, 68]","[98.2317886352539, 126.45507049560547, 205.67889404296875, 128.32066345214844, 91.33331298828125, 78.32630920410156, 78.20541381835938]"
2014-05-02,2014-05-08,2344.0,9120,6190.0,"[14, 4, 6, 1, 12, 9, 0]","[6, 18, 0, 12, 1, 1, 3]","[0.0, 0.0, 0.2468230215844421, 0.03326366040406442, 0.15620217168898873, 0.0, 0.0]","[116, 169, 121, 66, 63, 68, 85]","[124.62415313720703, 192.34121704101562, 125.50792694091797, 88.94979858398438, 82.68223571777344, 79.45606994628906, 100.19257354736328]"
2014-05-03,2014-05-09,2047.0,8930,5825.0,"[5, 13, 3, 8, 7, 7, 2]","[4, 6, 10, 6, 6, 3, 2]","[0.08759441649486854, 0.2166883348177895, 0.08897567063617406, 0.03622230636457348, 0.12893845798325318, 0.02996168779084271, 0.12476864271511746]","[169, 121, 66, 63, 68, 85, 113]","[202.6743927001953, 131.79681396484375, 93.69210052490234, 81.43608093261719, 83.85411071777344, 98.93302917480469, 127.61921691894531]"
2014-05-04,2014-05-10,2425.0,9390,6055.0,"[9, 6, 4, 13, 10, 13, 9]","[8, 8, 0, 0, 3, 5, 0]","[0.0, 0.004974870995055074, 0.3, 0.17954135250771328, 0.0, 0.0, 0.2876868586500527]","[121, 66, 63, 68, 85, 113, 173]","[121.8462142944336, 89.6614761352539, 83.46149444580078, 79.65682220458984, 95.38130950927734, 130.3329315185547, 174.3974609375]"
2014-05-05,2014-05-11,3132.0,9575,6220.0,"[5, 6, 0, 11, 17, 18, 18]","[8, 2, 6, 0, 1, 0, 0]","[0.0, 0.03461975573593601, 0.08959643932254371, 0.0, 0.0, 0.0, 0.03094745225089731]","[66, 63, 68, 85, 113, 173, 142]","[91.20264434814453, 76.60968780517578, 77.15943145751953, 98.15668487548828, 125.78997802734375, 173.42710876464844, 126.26017761230469]"
2014-05-06,2014-05-12,3216.0,9676,6285.0,"[1, 0, 2, 20, 18, 5, 12]","[9, 0, 11, 0, 7, 5, 0]","[0.026466199190179743, 0.3, 0.0, 0.015980388977887543, 0.0, 0.028012173389403115, 0.0]","[63, 68, 85, 113, 173, 142, 72]","[73.6755599975586, 76.28245544433594, 92.84892272949219, 118.89934539794922, 170.51226806640625, 124.54249572753906, 96.46531677246094]"
2014-05-07,2014-05-13,3644.0,9988,6190.0,"[0, 12, 0, 20, 16, 12, 1]","[3, 1, 15, 7, 4, 0, 0]","[0.0, 0.0, 0.0, 0.0, 0.024607310567390437, 0.028580520757309158, 0.0]","[68, 85, 113, 173, 142, 72, 75]","[69.33192443847656, 87.89925384521484, 120.31390380859375, 172.01585388183594, 124.79896545410156, 95.29090118408203, 79.98584747314453]"
2014-05-08,2014-05-14,3110.0,9826,6040.0,"[15, 0, 6, 10, 0, 4, 0]","[0, 12, 19, 10, 3, 0, 4]","[0.017034182076850972, 0.0, 0.0, 0.026190115991593627, 0.3, 0.2879743814858378, 0.3]","[85, 113, 173, 142, 72, 75, 77]","[90.54243469238281, 125.55359649658203, 176.271240234375, 129.18179321289062, 97.17601776123047, 89.21935272216797, 96.17244720458984]"
2014-05-09,2014-05-15,3570.0,9965,5820.0,"[11, 20, 13, 8, 0, 10, 0]","[5, 6, 6, 0, 8, 0, 0]","[0.00046593104680855437, 0.027049589425091693, 0.03493767804615228, 0.029768225914806646, 0.3, 0.00029655529017953047, 0.2977593880637322]","[113, 173, 142, 72, 75, 77, 100]","[119.632568359375, 169.00950622558594, 123.92207336425781, 92.57301330566406, 79.92066955566406, 88.57119750976562, 100.56307983398438]"
2014-05-10,2014-05-16,3042.0,9349,6070.0,"[4, 19, 16, 0, 10, 3, 20]","[5, 0, 0, 12, 2, 0, 0]","[0.017076236270263646, 0.025676454735747412, 0.0365385245984825, 0.01962165564665015, 0.0, 0.13423899755688434, 0.0]","[173, 142, 72, 75, 77, 100, 117]","[174.2422332763672, 125.50700378417969, 94.40375518798828, 84.32215118408203, 93.45439910888672, 101.27913665771484, 130.13548278808594]"
2014-05-11,2014-05-17,2821.0,9563,6370.0,"[20, 8, 1, 0, 0, 12, 20]","[0, 0, 0, 12, 6, 1, 9]","[0.0, 0.17380061812807962, 0.279791230456928, 0.017500750234077857, 0.0, 0.0, 0.017548528868903904]","[142, 72, 75, 77, 100, 117, 166]","[124.34823608398438, 93.05783081054688, 79.83543395996094, 89.11842346191406, 96.12297821044922, 126.50718688964844, 183.08395385742188]"
2014-05-12,2014-05-18,2920.0,9465,5825.0,"[7, 7, 0, 9, 19, 0, 10]","[6, 4, 12, 7, 0, 0, 3]","[0.3, 0.0, 0.0, 0.01563944436062725, 0.03621001975430781, 0.0, 0.026912496403785936]","[72, 75, 77, 100, 117, 166, 131]","[101.16283416748047, 91.49591064453125, 97.68209838867188, 103.13801574707031, 137.37710571289062, 188.59934997558594, 146.31295776367188]"
2014-05-13,2014-05-19,2460.0,9605,5485.0,"[0, 0, 16, 0, 20, 0, 8]","[11, 0, 0, 19, 1, 0, 3]","[0.3, 0.3, 0.03290155743025069, 0.0, 0.3, 0.00016572924208689424, 0.02740012683291262]","[75, 77, 100, 117, 166, 131, 87]","[85.20063781738281, 88.19144439697266, 96.5736312866211, 132.40025329589844, 186.2987518310547, 146.2222442626953, 73.93940734863281]"
2014-05-14,2014-05-20,3491.0,9806,6150.0,"[2, 9, 17, 7, 15, 9, 4]","[9, 0, 0, 19, 0, 0, 0]","[0.02187299042247802, 0.0, 0.032374383255144856, 0.0, 0.003864330936605098, 0.0, 0.027651503460089454]","[77, 100, 117, 166, 131, 87, 86]","[86.79743957519531, 97.78473663330078, 126.76030731201172, 182.54974365234375, 142.1062469482422, 79.79270935058594, 80.44842529296875]"
2014-05-15,2014-05-21,3443.0,9768,6160.0,"[0, 2, 15, 20, 12, 0, 6]","[13, 10, 9, 3, 0, 0, 0]","[0.03646913060051864, 0.0, 0.0026518077149032078, 0.0, 0.037804866065761514, 0.3, 0.0]","[100, 117, 166, 131, 87, 86, 97]","[93.12162017822266, 119.37773895263672, 179.52813720703125, 142.88453674316406, 76.24701690673828, 85.51577758789062, 84.80615997314453]"
2014-05-16,2014-05-22,3684.0,9972,6140.0,"[0, 15, 20, 13, 13, 8, 0]","[16, 8, 0, 0, 0, 0, 0]","[0.0, 0.0, 0.0, 0.0, 0.024674529445847637, 0.0, 0.0]","[117, 166, 131, 87, 86, 97, 99]","[125.90830993652344, 181.123291015625, 144.1384735107422, 79.32096099853516, 80.96329498291016, 83.88217163085938, 99.04930114746094]"
2014-05-17,2014-05-23,3264.0,9849,6025.0,"[9, 0, 13, 14, 12, 2, 9]","[0, 19, 0, 0, 0, 9, 0]","[0.3, 0.018433724548425328, 0.016327279177662284, 0.0, 5.435709304278864e-05, 0.0, 0.0]","[166, 131, 87, 86, 97, 99, 128]","[180.40858459472656, 142.13327026367188, 79.41397857666016, 85.70284271240234, 85.78021240234375, 99.15641784667969, 138.8887939453125]"
2014-05-18,2014-05-24,3204.0,9911,5890.0,"[15, 12, 15, 0, 16, 0, 3]","[6, 0, 0, 12, 0, 8, 0]","[0.0, 0.3, 0.0, 0.029237185535143987, 0.0, 0.018684514796039556, 0.29729349292948487]","[131, 87, 86, 97, 99, 128, 691]","[139.16432189941406, 87.85023498535156, 88.6051254272461, 88.91363525390625, 100.41114044189453, 140.3353271484375, 545.166259765625]"
2014-05-19,2014-05-25,3351.0,9880,6360.0,"[0, 0, 12, 1, 6, 10, 20]","[8, 5, 0, 12, 14, 0, 0]","[0.011717246387821565, 0.03515256555131652, 0.003355018710225109, 0.0022381138434211766, 0.025587630703037503, 0.02401737791426239, 0.021927227308841772]","[87, 86, 97, 99, 128, 691, 563]","[78.67306518554688, 79.80101013183594, 82.43057250976562, 96.28455352783203, 136.84010314941406, 520.5322265625, 508.77752685546875]"
2014-05-20,2014-05-26,3623.0,9882,6090.0,"[0, 10, 7, 19, 20, 6, 0]","[8, 0, 0, 0, 9, 0, 10]","[0.016648858513645365, 0.007137930679366949, 0.0, 0.0, 0.027959647537637307, 0.028894442530878566, 0.025452851683570137]","[86, 97, 99, 128, 691, 563, 530]","[84.20697021484375, 84.57292938232422, 96.19915008544922, 137.3446044921875, 519.0224609375, 502.0382995605469, 486.5388488769531]"
2014-05-21,2014-05-27,3547.0,9871,6155.0,"[0, 16, 20, 18, 1, 8, 0]","[11, 0, 2, 5, 0, 0, 9]","[0.0, 0.006199112934936019, 0.025411014459704347, 0.028477235648810044, 0.0, 0.0006520350228211618, 0.018052602709375747]","[97, 99, 128, 691, 563, 530, 69]","[84.75184631347656, 96.95117950439453, 137.45213317871094, 516.2301635742188, 506.8270568847656, 490.8018493652344, 112.48444366455078]"
2014-05-22,2014-05-28,3954.0,9984,5860.0,"[11, 0, 19, 16, 17, 0, 0]","[0, 11, 14, 0, 1, 0, 0]","[0.017395072226883374, 0.015158768751679782, 0.019332716746044254, 0.0, 0.036017026840544544, 0.0, 0.23653282651792887]","[99, 128, 691, 563, 530, 69, 91]","[100.16766357421875, 137.94741821289062, 512.7962036132812, 503.93939208984375, 494.15118408203125, 111.67886352539062, 66.79337310791016]"
2014-05-23,2014-05-29,3245.0,9453,6020.0,"[19, 0, 20, 20, 4, 0, 0]","[0, 0, 17, 0, 11, 0, 0]","[0.0, 0.0041930864588771224, 0.027380798463483853, 0.0, 0.0, 0.20523245740364326, 0.2774491715702023]","[128, 691, 563, 530, 69, 91, 76]","[136.53797912597656, 520.8546142578125, 500.96112060546875, 498.5350341796875, 107.85950469970703, 67.03597259521484, 73.51333618164062]"
2014-05-24,2014-05-30,3760.0,9931,5995.0,"[20, 1, 20, 0, 0, 0, 0]","[14, 0, 20, 4, 5, 0, 1]","[0.016653860265848607, 0.0, 0.033265879484432236, 0.0, 0.034012664284020167, 0.2833870611467792, 0.0]","[691, 563, 530, 69, 91, 76, 95]","[503.36566162109375, 504.5906982421875, 516.44873046875, 98.18274688720703, 61.80677795410156, 74.25983428955078, 103.97767639160156]"
2014-05-25,2014-05-31,3532.0,9976,6250.0,"[18, 4, 10, 11, 10, 15, 6]","[19, 0, 1, 0, 0, 0, 0]","[0.0, 0.11199599910326065, 0.0, 0.0, 0.0, 0.0, 0.0]","[563, 530, 69, 91, 76, 95, 154]","[558.6118774414062, 545.97314453125, 107.05619812011719, 67.23848724365234, 75.13848876953125, 104.00949096679688, 169.10202026367188]"
2014-05-26,2014-06-01,3012.0,9311,6110.0,"[20, 16, 0, 11, 18, 19, 0]","[3, 0, 7, 1, 0, 0, 0]","[0.0, 0.0, 0.0, 0.0, 0.0, 0.029113243230477186, 0.0]","[530, 69, 91, 76, 95, 154, 115]","[578.6106567382812, 99.1164321899414, 77.25115203857422, 82.95556640625, 109.46675872802734, 155.21324157714844, 137.91326904296875]"
2014-05-27,2014-06-02,2585.0,9100,5800.0,"[17, 11, 0, 0, 20, 20, 0]","[0, 0, 5, 14, 0, 0, 0]","[0.25308647647850907, 0.0, 0.21832065000897277, 0.0, 0.0, 0.029208678409126332, 0.3]","[69, 91, 76, 95, 154, 115, 73]","[105.80934143066406, 66.82666015625, 76.94110107421875, 105.20750427246094, 168.47779846191406, 147.09127807617188, 104.88819122314453]"
2014-05-28,2014-06-03,1776.0,8614,6050.0,"[0, 8, 14, 0, 4, 16, 10]","[0, 3, 2, 8, 18, 2, 0]","[0.18682990072006583, 0.0, 0.13287712842496663, 0.2844432024412508, 0.03197025845048355, 0.03893518819158272, 0.0]","[91, 76, 95, 154, 115, 73, 88]","[58.289031982421875, 69.81694030761719, 102.49315643310547, 170.5493927001953, 150.6730499267578, 112.14585876464844, 66.97219848632812]"
2014-05-29,2014-06-04,3179.0,9491,5900.0,"[3, 16, 20, 20, 4, 0, 12]","[8, 2, 4, 1, 1, 0, 0]","[0.0, 0.033617988520430526, 0.0, 0.025946048818083853, 0.3, 0.3, 0.0]","[76, 95, 154, 115, 73, 88, 85]","[84.81163024902344, 112.9195327758789, 149.50814819335938, 132.56968688964844, 103.6373519897461, 73.38436126708984, 80.55165100097656]"
2014-05-30,2014-06-05,2872.0,9203,5770.0,"[19, 20, 20, 0, 8, 9, 0]","[0, 0, 0, 14, 0, 0, 0]","[0.03012929745475265, 0.015230665135389017, 0.022367514078324408, 0.0, 0.3, 0.0, 0.2757466767213331]","[95, 154, 115, 73, 88, 85, 83]","[110.46743774414062, 153.66879272460938, 131.66526794433594, 102.33767700195312, 74.24445343017578, 82.88888549804688, 82.7292251586914]"
2014-05-31,2014-06-06,2200.0,8756,6330.0,"[12, 0, 0, 7, 4, 9, 0]","[13, 20, 15, 0, 6, 0, 0]","[0.0, 0.02996028721398998, 0.02598917685791833, 0.0003683633697407592, 0.0, 0.0, 0.004318310419897741]","[154, 115, 73, 88, 85, 83, 92]","[169.97381591796875, 147.20257568359375, 108.36183166503906, 71.00193786621094, 83.57294464111328, 80.896240234375, 103.02934265136719]"
2014-06-01,2014-06-07,3436.0,9735,6130.0,"[20, 0, 12, 14, 13, 17, 20]","[0, 0, 0, 0, 0, 0, 0]","[0.0, 0.3, 0.0, 0.0, 0.030396833299415386, 0.0, 0.03142658029261481]","[115, 73, 88, 85, 83, 92, 141]","[155.23072814941406, 110.91827392578125, 70.90966033935547, 83.39747619628906, 82.33501434326172, 107.34119415283203, 162.91165161132812]"
2014-06-02,2014-06-08,2545.0,9790,6370.0,"[0, 0, 0, 3, 0, 8, 18]","[8, 8, 0, 8, 14, 14, 0]","[0.3, 0.2555694230312764, 0.0, 0.02360657014166825, 0.0, 0.02762363181336111, 0.0]","[73, 88, 85, 83, 92, 141, 116]","[101.01371765136719, 72.65432739257812, 80.0317611694336, 77.92860412597656, 102.5278091430664, 148.22557067871094, 111.88804626464844]"
2014-06-03,2014-06-09,3422.0,9911,6300.0,"[0, 13, 12, 16, 5, 3, 0]","[9, 0, 0, 0, 16, 13, 1]","[0.02971990858799732, 0.0, 0.028456522659123126, 0.02539701872936797, 0.0, 0.03502988505053757, 0.17309374439868147]","[88, 85, 83, 92, 141, 116, 72]","[69.63273620605469, 75.29537963867188, 75.20337677001953, 97.43408203125, 141.6711883544922, 116.48130798339844, 82.7628402709961]"
2014-06-04,2014-06-10,3160.0,9818,5920.0,"[9, 14, 7, 0, 19, 0, 14]","[4, 0, 7, 14, 0, 0, 0]","[0.0, 0.0, 0.2542705089424031, 0.07295264688900294, 0.0, 0.0, 0.0]","[85, 83, 92, 141, 116, 72, 77]","[85.80609130859375, 84.10533142089844, 108.7291259765625, 153.17584228515625, 117.30172729492188, 94.89911651611328, 84.02362060546875]"
2014-06-05,2014-06-11,2698.0,9272,6235.0,"[6, 12, 15, 17, 0, 1, 13]","[6, 5, 10, 3, 3, 0, 1]","[0.0, 0.0, 0.004078275491362986, 0.0, 0.3, 9.348257614685425e-05, 0.0]","[83, 92, 141, 116, 72, 77, 84]","[84.6341552734375, 109.0141372680664, 160.18609619140625, 123.47574615478516, 95.59226989746094, 87.56481170654297, 91.19117736816406]"
2014-06-06,2014-06-12,3143.0,9691,6380.0,"[17, 0, 3, 0, 10, 9, 13]","[0, 16, 11, 11, 0, 0, 0]","[0.0, 0.0, 0.0, 0.0008231573342306462, 0.02915104097856143, 0.0, 0.02849019629227859]","[92, 141, 116, 72, 77, 84, 77]","[105.69795227050781, 149.62527465820312, 120.90003967285156, 81.42724609375, 79.18310546875, 86.45262145996094, 87.90887451171875]"
2014-06-07,2014-06-13,3094.0,9633,6335.0,"[5, 11, 8, 3, 6, 0, 5]","[16, 0, 5, 9, 7, 1, 10]","[0.017960583506352244, 0.0, 0.02358059422730312, 0.005177012972821307, 0.0, 0.16304087403412798, 0.0210183561395483]","[141, 116, 72, 77, 84, 77, 106]","[150.7639923095703, 119.77063751220703, 86.09075927734375, 85.40060424804688, 88.54446411132812, 88.64542388916016, 109.6702651977539]"
2014-06-08,2014-06-14,3001.0,9461,6275.0,"[8, 13, 7, 1, 12, 0, 20]","[10, 1, 6, 10, 2, 1, 0]","[0.0, 0.0, 0.0, 0.03181843789328691, 0.0, 0.0, 0.02608052037588423]","[116, 72, 77, 84, 77, 106, 149]","[119.33638763427734, 92.96551513671875, 85.08073425292969, 88.53460693359375, 88.46548461914062, 105.37454986572266, 158.0711212158203]"
