start_date,end_date,lucro_otimo,unidades,hr_cost,J,X,PR,clientes_reais,clientes_previstos
2013-07-01,2013-07-07,8140.0,22950,15400.0,"[0, 20, 20, 20, 20, 20, 20]","[20, 0, 0, 16, 14, 20, 20]","[0.0, 0.0, 0.0, 0.0, 0.0, 0.0, 0.0]","[193, 220, 238, 283, 309, 372, 269]","[158.74838256835938, 158.27743530273438, 180.1422576904297, 232.39796447753906, 219.26724243164062, 267.72442626953125, 259.99432373046875]"
2013-07-02,2013-07-08,8994.0,25095,16580.0,"[4, 7, 20, 14, 20, 20, 20]","[20, 20, 15, 20, 20, 18, 6]","[0.0, 0.0, 0.0, 0.0795302495158929, 0.0, 0.0, 0.0]","[220, 238, 283, 309, 372, 269, 193]","[163.40391540527344, 184.4068145751953, 229.49322509765625, 224.66937255859375, 288.7317199707031, 251.53378295898438, 165.92835998535156]"
2013-07-03,2013-07-09,8819.0,24281,15255.0,"[20, 20, 20, 20, 20, 20, 20]","[12, 18, 20, 20, 0, 9, 0]","[0.0, 0.0, 0.0, 0.0, 0.3, 0.0, 0.0]","[238, 283, 309, 372, 269, 193, 197]","[206.42129516601562, 246.798095703125, 262.8395690917969, 313.5329895019531, 249.24642944335938, 184.4021453857422, 179.17469787597656]"
2013-07-04,2013-07-10,9839.0,25721,16635.0,"[19, 20, 20, 20, 20, 20, 20]","[20, 20, 20, 19, 9, 9, 0]","[0.0, 0.0, 0.0, 0.0, 0.0, 0.0, 0.0]","[283, 309, 372, 269, 193, 197, 206]","[253.54953002929688, 262.81500244140625, 313.771240234375, 249.3964385986328, 183.49795532226562, 187.2111358642578, 192.0905303955078]"
2013-07-05,2013-07-11,8789.0,24281,15285.0,"[20, 20, 20, 20, 20, 20, 20]","[20, 20, 19, 0, 9, 11, 0]","[0.0, 0.0, 0.0, 0.0, 0.0, 0.0, 0.3]","[309, 372, 269, 193, 197, 206, 202]","[266.0483093261719, 317.42303466796875, 255.0523223876953, 186.3726348876953, 185.6728515625, 197.76080322265625, 201.49847412109375]"
2013-07-06,2013-07-12,8325.0,25265,15595.0,"[20, 20, 20, 0, 20, 20, 17]","[20, 20, 10, 20, 10, 0, 19]","[0.0, 0.0, 0.0, 0.0, 0.2962073215850223, 0.3, 0.0]","[372, 269, 193, 197, 206, 202, 238]","[310.8070983886719, 257.41485595703125, 195.11019897460938, 193.8295440673828, 188.778076171875, 198.72142028808594, 239.6084442138672]"
2013-07-07,2013-07-13,8562.0,25161,16250.0,"[20, 20, 20, 20, 20, 20, 20]","[20, 9, 8, 11, 0, 18, 20]","[0.0, 0.07721105650866686, 0.0, 0.0, 0.3, 0.0, 0.0]","[269, 193, 197, 206, 202, 238, 318]","[264.35687255859375, 183.59361267089844, 180.41717529296875, 200.0541229248047, 208.43536376953125, 247.92750549316406, 297.2549743652344]"
2013-07-08,2013-07-14,8981.0,25625,17205.0,"[20, 16, 9, 20, 20, 20, 20]","[8, 12, 20, 12, 18, 20, 19]","[0.08696832407615059, 0.0, 0.0, 0.003911923297890702, 0.0, 0.0, 0.0]","[193, 197, 206, 202, 238, 318, 247]","[180.73898315429688, 180.87059020996094, 194.56478881835938, 206.7851104736328, 245.2057647705078, 301.1432800292969, 253.481201171875]"
2013-07-09,2013-07-15,8796.0,24939,16850.0,"[20, 20, 20, 18, 20, 19, 0]","[9, 11, 13, 20, 20, 20, 20]","[0.0, 0.012092805727733188, 0.0, 0.0, 0.016607247053510403, 0.0, 0.0]","[197, 206, 202, 238, 318, 247, 206]","[183.3319549560547, 199.03915405273438, 208.37808227539062, 248.1054229736328, 297.2011413574219, 249.99635314941406, 180.19752502441406]"
2013-07-10,2013-07-16,8965.0,24650,16375.0,"[10, 20, 20, 20, 18, 20, 20]","[20, 13, 20, 20, 20, 0, 9]","[0.0, 0.0, 0.0, 0.0, 0.0, 0.0, 0.0]","[206, 202, 238, 318, 247, 206, 242]","[200.8513946533203, 212.21133422851562, 247.9248046875, 298.76416015625, 250.3433380126953, 182.8767852783203, 185.05906677246094]"
2013-07-11,2013-07-17,8494.0,23511,15640.0,"[20, 20, 20, 20, 0, 20, 20]","[14, 18, 20, 19, 20, 8, 0]","[0.0, 0.0, 0.0, 0.0, 0.0, 0.0, 0.0]","[202, 238, 318, 247, 206, 242, 215]","[219.08358764648438, 250.24058532714844, 300.39117431640625, 251.8743133544922, 181.7816619873047, 181.56143188476562, 214.96975708007812]"
2013-07-12,2013-07-18,8166.0,21879,14240.0,"[17, 20, 20, 7, 20, 20, 20]","[20, 20, 20, 20, 0, 0, 0]","[0.0, 0.0, 0.0, 0.0, 0.0, 0.0, 0.0]","[238, 318, 247, 206, 242, 215, 220]","[242.3962860107422, 297.669189453125, 245.49349975585938, 181.84103393554688, 182.6994171142578, 212.94863891601562, 236.04417419433594]"
2013-07-13,2013-07-19,7776.0,22224,14240.0,"[20, 20, 20, 20, 20, 20, 18]","[20, 18, 0, 8, 0, 0, 20]","[0.0, 0.0, 0.29834892537539903, 0.0, 0.0, 0.0, 0.03376591608188533]","[318, 247, 206, 242, 215, 220, 230]","[298.5342712402344, 244.95986938476562, 173.90428161621094, 178.4168701171875, 216.24440002441406, 230.92019653320312, 247.85336303710938]"
2013-07-14,2013-07-20,8652.0,24038,16040.0,"[20, 6, 20, 20, 15, 20, 20]","[19, 20, 8, 14, 20, 0, 20]","[0.0, 0.0, 0.0, 0.0, 0.0, 0.0, 0.0]","[247, 206, 242, 215, 220, 230, 333]","[253.69100952148438, 177.21676635742188, 179.0179901123047, 219.96278381347656, 232.74807739257812, 254.11814880371094, 314.1534118652344]"
2013-07-15,2013-07-21,8321.0,24344,16695.0,"[6, 7, 20, 20, 0, 20, 20]","[20, 20, 14, 16, 20, 20, 17]","[0.0, 0.0, 0.0, 0.0, 0.0, 0.0, 0.0]","[206, 242, 215, 220, 230, 333, 261]","[179.25511169433594, 181.52320861816406, 217.40782165527344, 231.23875427246094, 256.9595947265625, 312.4667053222656, 239.76727294921875]"
2013-07-16,2013-07-22,9185.0,26520,18135.0,"[14, 20, 20, 20, 20, 19, 11]","[16, 14, 17, 19, 20, 18, 19]","[0.0, 0.0, 0.0, 0.0, 0.0007076430953677047, 0.0, 0.0]","[242, 215, 220, 230, 333, 261, 225]","[194.94253540039062, 219.14768981933594, 238.15701293945312, 251.14361572265625, 317.3923034667969, 240.75518798828125, 201.4529266357422]"
2013-07-17,2013-07-23,8893.0,25177,17005.0,"[14, 20, 20, 20, 20, 20, 20]","[20, 17, 20, 20, 17, 0, 11]","[0.0, 0.0, 0.0, 0.0, 0.0, 0.0, 0.0]","[215, 220, 230, 333, 261, 225, 221]","[226.0867156982422, 242.4477081298828, 260.82647705078125, 322.43194580078125, 244.29469299316406, 200.2726287841797, 202.4265594482422]"
2013-07-18,2013-07-24,8935.0,25330,17125.0,"[17, 20, 20, 20, 20, 20, 14]","[20, 20, 20, 18, 11, 0, 19]","[0.0, 0.0, 0.0, 0.0, 0.0, 0.0, 0.0]","[220, 230, 333, 261, 225, 221, 221]","[240.04820251464844, 258.7642517089844, 319.8724365234375, 245.8175811767578, 200.56875610351562, 203.34349060058594, 221.6602783203125]"
2013-07-19,2013-07-25,8988.0,26112,17900.0,"[20, 20, 20, 10, 20, 20, 13]","[18, 20, 18, 20, 11, 14, 20]","[0.0, 0.0, 0.0, 0.0, 0.0, 0.0, 0.0]","[230, 333, 261, 225, 221, 221, 185]","[248.5146942138672, 315.00408935546875, 244.6280975341797, 201.1175537109375, 201.1725311279297, 220.0882568359375, 220.65855407714844]"
2013-07-20,2013-07-26,8872.0,25058,16900.0,"[20, 20, 11, 20, 13, 20, 20]","[20, 20, 20, 0, 20, 13, 15]","[1.4566606159176966e-06, 0.0, 0.0, 0.0, 0.0, 0.0, 0.0]","[333, 261, 225, 221, 221, 185, 234]","[311.5546875, 250.0016632080078, 206.01034545898438, 172.08009338378906, 219.39727783203125, 215.673583984375, 230.52017211914062]"
2013-07-21,2013-07-27,8260.0,24995,16570.0,"[20, 20, 20, 20, 20, 15, 20]","[18, 11, 11, 0, 14, 20, 20]","[0.0, 0.0, 0.0, 0.3, 0.0, 0.0, 0.0]","[261, 225, 221, 221, 185, 234, 319]","[248.95901489257812, 197.7153778076172, 199.61624145507812, 214.76718139648438, 218.1627655029297, 233.1262664794922, 305.0577087402344]"
2013-07-22,2013-07-28,7216.0,22644,16000.0,"[20, 20, 20, 20, 15, 20, 20]","[11, 11, 14, 14, 20, 0, 20]","[0.0, 0.0, 0.0, 0.0, 0.0, 0.0, 0.0]","[225, 221, 221, 185, 234, 319, 185]","[201.96336364746094, 196.73373413085938, 220.03016662597656, 217.64590454101562, 231.18710327148438, 316.1787414550781, 260.76483154296875]"
2013-07-23,2013-07-29,7865.0,24990,17835.0,"[20, 14, 20, 20, 20, 20, 20]","[12, 20, 15, 16, 20, 20, 9]","[0.0, 0.0, 0.0, 0.0, 0.0, 0.0, 0.0]","[221, 221, 185, 234, 319, 185, 185]","[209.1767120361328, 227.65957641601562, 228.4018096923828, 233.33213806152344, 310.8454895019531, 267.03448486328125, 186.68170166015625]"
2013-07-24,2013-07-30,6738.0,20927,14660.0,"[20, 14, 0, 20, 17, 20, 20]","[15, 20, 20, 20, 20, 0, 0]","[0.0, 0.0, 0.0, 0.0, 0.0, 0.0, 0.0]","[221, 185, 234, 319, 185, 185, 176]","[229.95367431640625, 222.9319610595703, 238.5750274658203, 311.03271484375, 241.38905334472656, 177.46820068359375, 178.67176818847656]"
2013-07-25,2013-07-31,7440.0,21340,13520.0,"[20, 20, 20, 20, 20, 20, 20]","[14, 16, 20, 0, 9, 0, 0]","[0.0, 0.0, 0.0, 0.0, 0.0, 0.0, 0.3]","[185, 234, 319, 185, 185, 176, 203]","[223.19097900390625, 234.1261749267578, 312.07373046875, 258.82501220703125, 184.39161682128906, 184.16978454589844, 183.73684692382812]"
2013-07-26,2013-08-01,7062.0,20559,13760.0,"[20, 20, 20, 20, 20, 20, 20]","[14, 20, 20, 8, 0, 0, 0]","[0.0005581171065984348, 0.0, 0.0, 0.07367943321389643, 0.0, 0.0, 0.0022888627837695553]","[234, 319, 185, 185, 176, 203, 239]","[223.01246643066406, 296.50787353515625, 250.7572021484375, 180.25918579101562, 175.0234375, 187.8565673828125, 223.88552856445312]"
2013-07-27,2013-08-02,7665.0,23205,16145.0,"[20, 19, 13, 20, 20, 20, 20]","[20, 20, 13, 8, 0, 15, 16]","[0.0, 0.0, 0.0, 0.0, 0.0, 0.00022833201858618823, 0.0]","[319, 185, 185, 176, 203, 239, 230]","[303.4230651855469, 254.44456481933594, 171.6781463623047, 180.2701873779297, 188.1897735595703, 225.34420776367188, 234.44302368164062]"
2013-07-28,2013-08-03,7840.0,24310,17140.0,"[18, 11, 18, 8, 20, 16, 20]","[20, 16, 8, 20, 15, 20, 20]","[0.0, 0.0, 0.0, 0.0, 0.0, 0.0, 0.0]","[185, 185, 176, 203, 239, 230, 303]","[250.47315979003906, 178.14642333984375, 167.24264526367188, 187.79481506347656, 224.93800354003906, 235.2461700439453, 321.82403564453125]"
2013-07-29,2013-08-04,8841.0,24514,16355.0,"[20, 10, 20, 14, 15, 20, 20]","[5, 16, 10, 20, 20, 20, 13]","[0.0, 3.134508423596055e-05, 0.0, 0.0, 0.0, 0.0, 0.0012120085898479362]","[185, 176, 203, 239, 230, 303, 271]","[156.03485107421875, 171.87521362304688, 193.41824340820312, 224.47430419921875, 232.5638427734375, 320.36865234375, 214.99807739257812]"
2013-07-30,2013-08-05,8054.0,21301,13740.0,"[20, 20, 20, 20, 20, 0, 10]","[8, 10, 15, 16, 20, 0, 16]","[0.0, 0.0, 0.0, 0.0, 0.0, 0.0, 0.0]","[176, 203, 239, 230, 303, 271, 180]","[175.9963836669922, 192.61495971679688, 223.75729370117188, 234.4578857421875, 318.6548156738281, 217.3350830078125, 176.01329040527344]"
2013-07-31,2013-08-06,7859.0,22406,15105.0,"[7, 20, 20, 20, 13, 20, 20]","[20, 16, 20, 0, 20, 7, 8]","[0.0, 0.0, 0.0, 0.0, 0.0, 0.0, 0.0]","[203, 239, 230, 303, 271, 180, 167]","[183.78570556640625, 230.52879333496094, 233.06752014160156, 319.6188049316406, 220.80413818359375, 175.4080352783203, 178.31353759765625]"
2013-08-01,2013-08-07,8404.0,24116,14740.0,"[14, 20, 20, 13, 20, 20, 20]","[20, 16, 20, 20, 8, 0, 0]","[0.0, 0.0, 0.0, 0.0, 0.0, 0.3, 0.29809979928994146]","[239, 230, 303, 271, 180, 167, 180]","[227.34625244140625, 232.5894317626953, 326.02838134765625, 220.19119262695312, 176.0327911376953, 182.45596313476562, 191.11183166503906]"
2013-08-02,2013-08-08,8326.0,23239,15520.0,"[20, 20, 20, 20, 7, 20, 12]","[16, 20, 14, 7, 20, 0, 20]","[0.0, 0.0, 0.0, 0.0, 0.0, 0.0, 0.0]","[230, 303, 271, 180, 167, 180, 203]","[233.08026123046875, 325.34088134765625, 219.03919982910156, 173.03970336914062, 185.28668212890625, 190.81451416015625, 214.73800659179688]"
2013-08-03,2013-08-09,7382.0,22678,15870.0,"[20, 0, 20, 0, 20, 20, 20]","[20, 20, 8, 20, 10, 14, 20]","[0.0, 0.0, 0.0, 0.0, 0.0, 0.0, 0.0]","[303, 271, 180, 167, 180, 203, 235]","[321.7026672363281, 213.41098022460938, 174.94671630859375, 183.1869659423828, 188.82626342773438, 217.73101806640625, 262.7820129394531]"
2013-08-04,2013-08-10,6598.0,18737,11980.0,"[20, 20, 20, 9, 20, 20, 20]","[14, 0, 0, 20, 14, 0, 0]","[0.0, 0.0, 0.0, 0.0, 0.0, 0.21981999782594344, 0.0]","[271, 180, 167, 180, 203, 235, 307]","[218.57620239257812, 167.2821502685547, 186.81922912597656, 192.08462524414062, 216.76446533203125, 253.53176879882812, 303.88385009765625]"
2013-08-05,2013-08-11,7626.0,22729,15680.0,"[13, 20, 20, 20, 20, 0, 20]","[15, 8, 10, 14, 19, 20, 16]","[0.0, 0.0, 0.0, 0.0, 0.0, 0.0, 0.0]","[180, 167, 180, 203, 235, 307, 240]","[183.00596618652344, 179.3979034423828, 191.1525421142578, 218.1070556640625, 256.1604309082031, 303.91510009765625, 236.03114318847656]"
2013-08-06,2013-08-12,6810.0,20145,13760.0,"[7, 20, 20, 20, 20, 0, 0]","[20, 10, 13, 20, 20, 20, 0]","[0.0, 0.0, 0.0, 0.0, 0.0, 0.0, 0.2754411398867603]","[167, 180, 203, 235, 307, 240, 176]","[183.76214599609375, 192.68356323242188, 210.24209594726562, 263.3092346191406, 309.0935974121094, 245.51597595214844, 195.42141723632812]"
2013-08-07,2013-08-13,8543.0,24157,16275.0,"[20, 20, 20, 20, 17, 20, 20]","[11, 14, 20, 20, 20, 0, 9]","[0.0, 0.00014154092087794904, 0.0, 0.0, 0.0, 0.008791609806134958, 0.0]","[180, 203, 235, 307, 240, 176, 204]","[196.55029296875, 217.24156188964844, 260.41070556640625, 308.7255859375, 242.27716064453125, 197.04443359375, 188.4417724609375]"
2013-08-08,2013-08-14,8521.0,25279,17485.0,"[14, 20, 20, 20, 10, 20, 20]","[20, 20, 20, 18, 20, 11, 8]","[0.0, 0.0, 0.0, 0.0, 0.0, 0.0, 0.0]","[203, 235, 307, 240, 176, 204, 176]","[222.94595336914062, 256.4342956542969, 308.24322509765625, 244.67593383789062, 199.12193298339844, 197.39505004882812, 181.06016540527344]"
2013-08-09,2013-08-15,7368.0,21267,14390.0,"[20, 20, 20, 20, 20, 20, 20]","[20, 0, 17, 11, 10, 0, 10]","[0.0, 0.0, 0.0, 0.0, 0.0, 0.0, 0.0]","[235, 307, 240, 176, 204, 176, 171]","[258.9269714355469, 309.3002624511719, 242.83721923828125, 198.10289001464844, 194.4713134765625, 177.22125244140625, 189.82131958007812]"
2013-08-10,2013-08-16,7421.0,22502,15085.0,"[20, 17, 20, 20, 19, 20, 16]","[2, 20, 10, 10, 11, 10, 17]","[0.19739629146477822, 0.0, 0.0, 0.0, 0.0, 0.004640563052580705, 0.0]","[307, 240, 176, 204, 176, 171, 213]","[302.3577880859375, 241.71807861328125, 194.59442138671875, 193.38478088378906, 191.48507690429688, 191.9906768798828, 214.75587463378906]"
2013-08-11,2013-08-17,6996.0,21204,13820.0,"[17, 20, 20, 7, 20, 20, 20]","[20, 11, 0, 20, 0, 0, 20]","[0.0, 0.0, 0.0, 0.0, 0.0, 0.3, 0.0]","[240, 176, 204, 176, 171, 213, 312]","[242.28785705566406, 199.67044067382812, 188.71612548828125, 181.4456329345703, 185.55882263183594, 230.03147888183594, 311.1628723144531]"
2013-08-12,2013-08-18,7267.0,23307,16435.0,"[20, 16, 10, 20, 17, 20, 20]","[11, 14, 17, 9, 18, 15, 18]","[0.0, 0.0, 0.0, 0.0, 0.0, 0.0, 0.08674162601955135]","[176, 204, 176, 171, 213, 312, 204]","[200.0286865234375, 192.87606811523438, 181.57310485839844, 184.00917053222656, 231.295166015625, 312.2353820800781, 246.1014862060547]"
2013-08-13,2013-08-19,6795.0,20400,14045.0,"[20, 20, 9, 14, 20, 18, 0]","[8, 9, 18, 20, 20, 19, 0]","[0.0, 0.0, 0.0, 0.0, 0.0, 0.0, 0.03455143419213698]","[204, 176, 171, 213, 312, 204, 177]","[181.3638458251953, 182.00186157226562, 184.477294921875, 223.52859497070312, 309.8199768066406, 240.56613159179688, 123.81867218017578]"
2013-08-14,2013-08-20,6911.0,21454,15045.0,"[0, 13, 20, 20, 20, 20, 20]","[20, 15, 15, 20, 20, 0, 7]","[0.0, 0.0, 0.0, 0.0, 0.0, 0.0, 0.0]","[176, 171, 213, 312, 204, 177, 154]","[188.32472229003906, 185.2822723388672, 229.97857666015625, 309.6358337402344, 244.6390380859375, 134.08946228027344, 170.14964294433594]"
2013-08-15,2013-08-21,7170.0,21250,14570.0,"[8, 15, 20, 17, 20, 20, 20]","[20, 20, 20, 20, 0, 0, 6]","[0.0, 0.0, 0.0, 0.0, 0.0, 0.0, 0.0]","[171, 213, 312, 204, 177, 154, 190]","[190.02890014648438, 228.31167602539062, 313.321533203125, 241.66412353515625, 130.9055633544922, 176.78347778320312, 166.04876708984375]"
2013-08-16,2013-08-22,6844.0,21386,15040.0,"[20, 20, 20, 0, 20, 20, 10]","[15, 20, 18, 18, 7, 0, 20]","[0.0, 0.0, 0.0, 0.0, 0.0, 0.0, 0.0]","[213, 312, 204, 177, 154, 190, 181]","[226.79531860351562, 312.80511474609375, 244.90585327148438, 126.46009826660156, 168.2526397705078, 163.934326171875, 202.08009338378906]"
2013-08-17,2013-08-23,6814.0,22683,15320.0,"[20, 20, 9, 20, 15, 20, 20]","[20, 18, 11, 6, 10, 11, 13]","[0.0, 0.0, 0.017069172825251975, 0.3, 0.0, 0.0, 0.0]","[312, 204, 177, 154, 190, 181, 199]","[316.76519775390625, 244.5127716064453, 132.5853271484375, 166.7241973876953, 161.26539611816406, 205.8374786376953, 219.88531494140625]"
2013-08-18,2013-08-24,6710.0,21760,15570.0,"[20, 20, 0, 20, 11, 20, 20]","[18, 1, 20, 7, 20, 14, 20]","[0.0, 0.0, 0.0, 0.0, 0.0, 0.0, 0.0]","[204, 177, 154, 190, 181, 199, 304]","[248.26316833496094, 126.19391632080078, 168.41900634765625, 171.28048706054688, 206.20069885253906, 218.17599487304688, 312.25042724609375]"
2013-08-19,2013-08-25,6277.0,20930,13335.0,"[11, 14, 10, 19, 17, 16, 14]","[10, 10, 16, 14, 17, 10, 7]","[0.0736998393939973, 0.03243086139911819, 0.08187265512182047, 0.1383429413226928, 0.1384778304779956, 0.1821552219405232, 0.0902216337484667]","[177, 154, 190, 181, 199, 304, 240]","[157.8251953125, 165.00711059570312, 170.1786651611328, 214.44168090820312, 221.19631958007812, 317.3822326660156, 241.1149139404297]"
2013-08-20,2013-08-26,7270.0,22787,15040.0,"[20, 6, 20, 20, 20, 20, 20]","[8, 19, 13, 0, 20, 17, 7]","[0.0, 0.0, 0.0, 0.0, 0.0, 0.0, 0.29889300122413126]","[154, 190, 181, 199, 304, 240, 168]","[178.82794189453125, 172.4862518310547, 212.17276000976562, 216.59686279296875, 309.783203125, 241.70693969726562, 174.10702514648438]"
2013-08-21,2013-08-27,7412.0,20808,13860.0,"[20, 20, 20, 20, 20, 17, 20]","[8, 13, 13, 20, 0, 10, 0]","[0.0, 0.0, 0.0, 0.0, 0.0, 0.0, 0.0]","[190, 181, 199, 304, 240, 168, 150]","[175.07948303222656, 212.544921875, 216.14793395996094, 313.89996337890625, 241.2746124267578, 174.04458618164062, 158.86471557617188]"
2013-08-22,2013-08-28,7407.0,22848,16025.0,"[20, 19, 20, 16, 17, 2, 20]","[15, 15, 20, 20, 10, 20, 7]","[0.0, 0.0, 0.0, 0.0, 0.0, 0.0, 0.0]","[181, 199, 304, 240, 168, 150, 150]","[226.00344848632812, 220.79759216308594, 328.63818359375, 237.68617248535156, 173.74842834472656, 155.75885009765625, 173.86404418945312]"
2013-08-23,2013-08-29,7153.0,19822,13075.0,"[20, 20, 20, 20, 20, 20, 20]","[13, 0, 15, 6, 4, 7, 6]","[0.0, 0.0, 0.0, 0.0, 0.0, 0.0, 0.0]","[199, 304, 240, 168, 150, 150, 172]","[212.9885711669922, 316.0941162109375, 229.93873596191406, 164.17803955078125, 152.90333557128906, 174.68319702148438, 163.4646453857422]"
2013-08-24,2013-08-30,7781.0,21369,14085.0,"[20, 20, 20, 0, 0, 20, 20]","[20, 16, 7, 20, 20, 0, 11]","[0.0, 0.0, 0.0, 0.0, 0.0, 0.0, 0.0]","[304, 240, 168, 150, 150, 172, 213]","[309.275634765625, 235.24449157714844, 171.3377227783203, 151.9160919189453, 171.2921905517578, 166.5836639404297, 203.14663696289062]"
2013-08-25,2013-08-31,6328.0,18728,11560.0,"[20, 20, 11, 19, 20, 20, 20]","[17, 0, 11, 8, 6, 0, 0]","[0.0, 0.0, 0.0, 0.0, 0.3, 0.0, 0.0]","[240, 168, 150, 150, 172, 213, 340]","[239.18174743652344, 165.41065979003906, 145.39291381835938, 169.93649291992188, 163.4476776123047, 196.82180786132812, 322.345703125]"
2013-08-26,2013-09-01,6496.0,18224,12040.0,"[20, 2, 20, 5, 20, 20, 0]","[7, 20, 0, 20, 12, 20, 0]","[0.0, 0.0, 0.0, 0.0, 0.0, 0.0, 0.3]","[168, 150, 150, 172, 213, 340, 272]","[171.34950256347656, 150.29412841796875, 167.74192810058594, 169.0225830078125, 205.46347045898438, 317.5942077636719, 238.80740356445312]"
2013-08-27,2013-09-02,8015.0,22525,15075.0,"[20, 4, 20, 20, 20, 20, 20]","[4, 20, 0, 12, 20, 16, 13]","[0.0, 0.0, 0.0, 0.0, 0.0, 0.0, 0.0]","[150, 150, 172, 213, 340, 272, 304]","[152.21414184570312, 167.3096923828125, 165.18661499023438, 203.20089721679688, 313.41107177734375, 235.25741577148438, 210.86111450195312]"
2013-08-28,2013-09-03,6676.0,18564,12220.0,"[20, 20, 20, 20, 20, 0, 0]","[8, 2, 10, 20, 14, 20, 0]","[0.0, 0.0, 0.0, 0.0, 0.0, 0.0, 0.0]","[150, 172, 213, 340, 272, 304, 122]","[174.44432067871094, 160.9632110595703, 189.52227783203125, 335.6777648925781, 219.51974487304688, 199.3150177001953, 166.41197204589844]"
2013-08-29,2013-09-04,7714.0,20621,13360.0,"[20, 0, 20, 20, 20, 20, 20]","[6, 20, 20, 15, 11, 0, 0]","[0.0, 0.0, 0.0, 0.0, 0.0, 0.0, 0.0]","[172, 213, 340, 272, 304, 122, 109]","[163.65528869628906, 196.90914916992188, 319.06573486328125, 228.83824157714844, 198.03607177734375, 184.95480346679688, 153.26377868652344]"
2013-08-30,2013-09-05,6452.0,22945,14490.0,"[20, 20, 14, 20, 9, 0, 20]","[11, 20, 20, 12, 17, 18, 0]","[0.2518232670520817, 0.0, 0.0, 0.0, 0.0, 0.29676913674043054, 0.3]","[213, 340, 272, 304, 122, 109, 122]","[197.50192260742188, 321.072021484375, 226.03793334960938, 203.39332580566406, 176.22732543945312, 155.067138671875, 155.830078125]"
2013-08-31,2013-09-06,6363.0,20332,14405.0,"[20, 15, 14, 20, 16, 20, 20]","[20, 20, 16, 9, 8, 0, 7]","[0.0, 0.0, 0.0, 0.0, 0.0, 0.0, 0.0]","[340, 272, 304, 122, 109, 122, 159]","[315.9766845703125, 229.14141845703125, 199.2465057373047, 180.7247772216797, 153.86659240722656, 156.32601928710938, 168.88255310058594]"
2013-09-01,2013-09-07,4528.0,17394,13000.0,"[14, 9, 5, 19, 20, 0, 20]","[20, 20, 20, 5, 6, 0, 20]","[0.0, 0.0, 0.07512398972470019, 0.0, 0.0, 0.0, 0.0]","[272, 304, 122, 109, 122, 159, 245]","[223.93228149414062, 194.3993377685547, 171.157470703125, 150.15550231933594, 165.3148651123047, 168.65159606933594, 274.1219787597656]"
2013-09-02,2013-09-08,4667.0,19786,14755.0,"[20, 19, 13, 15, 20, 20, 20]","[10, 9, 9, 10, 7, 18, 15]","[0.0, 0.2948610576841226, 0.0, 0.0, 0.0, 0.0, 0.0]","[304, 122, 109, 122, 159, 245, 181]","[188.68617248535156, 180.90708923339844, 143.06072998046875, 159.88043212890625, 171.66659545898438, 269.5872802734375, 239.62460327148438]"
2013-09-03,2013-09-09,3250.0,18190,15250.0,"[19, 16, 6, 20, 20, 20, 17]","[11, 9, 20, 9, 20, 17, 7]","[0.0, 0.0, 0.0, 0.0, 0.0, 0.0, 0.0]","[122, 109, 122, 159, 245, 181, 132]","[192.56610107421875, 158.47695922851562, 177.02659606933594, 182.14393615722656, 265.4047546386719, 240.8909912109375, 153.50535583496094]"
2013-09-04,2013-09-10,5188.0,17102,12160.0,"[20, 20, 20, 20, 20, 20, 20]","[0, 5, 0, 20, 17, 0, 0]","[0.0, 0.0, 0.0, 0.0, 0.0, 0.02459173935423618, 0.0]","[109, 122, 159, 245, 181, 132, 109]","[145.78050231933594, 158.69110107421875, 169.15354919433594, 275.3935241699219, 238.89324951171875, 136.11590576171875, 136.95204162597656]"
2013-09-05,2013-09-11,5457.0,20213,15185.0,"[20, 0, 20, 20, 20, 0, 20]","[5, 20, 20, 15, 6, 19, 20]","[0.0, 0.0, 0.0, 0.0, 0.0, 0.0, 0.0]","[122, 159, 245, 181, 132, 109, 505]","[154.73118591308594, 169.43618774414062, 258.2139892578125, 223.4234619140625, 163.350341796875, 133.44354248046875, 446.807373046875]"
2013-09-06,2013-09-12,7188.0,22882,16280.0,"[20, 20, 20, 20, 20, 20, 20]","[6, 20, 15, 5, 0, 20, 20]","[0.0, 0.0, 0.0, 0.0, 0.020151796855406464, 0.0, 0.0]","[159, 245, 181, 132, 109, 505, 554]","[164.4642333984375, 255.48248291015625, 225.71435546875, 159.02700805664062, 130.386474609375, 454.23284912109375, 560.9918212890625]"
2013-09-07,2013-09-13,8192.0,23698,16140.0,"[19, 0, 20, 20, 20, 20, 20]","[20, 20, 0, 0, 20, 20, 20]","[0.0, 0.0, 0.0, 0.0, 0.0, 0.0, 0.0]","[245, 181, 132, 109, 505, 554, 737]","[253.3695068359375, 230.89620971679688, 157.26853942871094, 140.6156005859375, 450.0076599121094, 567.34521484375, 1105.832763671875]"
2013-09-08,2013-09-14,8060.0,24480,17100.0,"[15, 20, 20, 20, 20, 20, 20]","[20, 0, 0, 20, 20, 20, 20]","[0.0, 0.0, 0.0, 0.0, 0.0, 0.004165510511346765, 0.0]","[181, 132, 109, 505, 554, 737, 250]","[232.34507751464844, 146.2903594970703, 133.35707092285156, 434.61529541015625, 632.7682495117188, 1021.1259155273438, 352.193603515625]"
2013-09-09,2013-09-15,8162.0,23443,15900.0,"[20, 0, 20, 20, 20, 20, 20]","[0, 20, 20, 20, 20, 20, 0]","[0.0, 0.0, 0.0, 0.0, 0.0, 0.0, 0.0]","[132, 109, 505, 554, 737, 250, 205]","[137.67965698242188, 135.58103942871094, 449.3544921875, 562.2462768554688, 1096.0645751953125, 311.39068603515625, 198.9869842529297]"
2013-09-10,2013-09-16,9165.0,24650,16175.0,"[20, 20, 20, 20, 20, 20, 19]","[0, 20, 20, 20, 20, 11, 0]","[0.0, 0.0, 0.0, 0.0, 0.0, 0.0, 0.0]","[109, 505, 554, 737, 250, 205, 163]","[131.75782775878906, 455.9695739746094, 560.4541625976562, 1074.045166015625, 312.19610595703125, 197.19700622558594, 113.0759048461914]"
2013-09-11,2013-09-17,9048.0,24922,16580.0,"[20, 20, 20, 20, 20, 17, 3]","[20, 20, 20, 20, 11, 0, 20]","[0.0, 0.0, 0.0, 0.0, 0.0, 0.0, 0.0]","[505, 554, 737, 250, 205, 163, 137]","[431.2553405761719, 632.3651123046875, 1028.02880859375, 353.3834228515625, 202.21124267578125, 105.88033294677734, 161.89886474609375]"
2013-09-12,2013-09-18,7382.0,20755,12960.0,"[20, 20, 20, 20, 0, 20, 20]","[0, 20, 20, 11, 16, 0, 0]","[0.01179948887831813, 0.0, 0.0, 0.0, 0.08006858536215429, 0.0, 0.2946571203563746]","[554, 737, 250, 205, 163, 137, 128]","[608.4923095703125, 1121.5247802734375, 313.05633544921875, 199.4915771484375, 112.8792495727539, 159.78656005859375, 133.47889709472656]"
2013-09-13,2013-09-19,6340.0,18990,12880.0,"[20, 20, 13, 0, 0, 0, 20]","[20, 0, 20, 20, 20, 20, 0]","[0.0, 0.081458014498905, 0.0, 0.0, 0.0, 0.0, 0.0]","[737, 250, 205, 163, 137, 128, 137]","[970.7942504882812, 325.66314697265625, 218.1236114501953, 143.46192932128906, 154.4954376220703, 146.2566680908203, 173.52676391601562]"
2013-09-14,2013-09-20,5368.0,16682,10660.0,"[20, 10, 7, 20, 20, 0, 20]","[20, 20, 11, 7, 0, 0, 0]","[0.0, 0.0, 0.0, 0.0, 0.0, 0.0, 0.3]","[250, 205, 163, 137, 128, 137, 214]","[304.9150695800781, 202.27821350097656, 118.0040054321289, 172.9258270263672, 124.69279479980469, 137.42630004882812, 171.44113159179688]"
2013-09-15,2013-09-21,6224.0,19091,13230.0,"[20, 20, 20, 0, 20, 5, 20]","[10, 0, 8, 18, 0, 20, 20]","[0.0, 0.033353599098998966, 0.004268296213314959, 0.0, 0.0, 0.0, 0.0]","[205, 163, 137, 128, 137, 214, 269]","[191.32350158691406, 110.7849349975586, 175.89012145996094, 127.66986083984375, 140.72068786621094, 173.9027099609375, 279.2893371582031]"
2013-09-16,2013-09-22,5690.0,16830,11370.0,"[19, 3, 20, 20, 20, 20, 20]","[0, 20, 0, 3, 6, 0, 14]","[0.0, 0.0, 0.00018497363457077522, 0.0, 0.0, 0.0, 0.0]","[163, 137, 128, 137, 214, 269, 200]","[112.8560791015625, 158.74130249023438, 127.34912109375, 143.30972290039062, 167.01914978027344, 266.64556884765625, 219.0059814453125]"
2013-09-17,2013-09-23,5779.0,19856,14485.0,"[17, 13, 15, 20, 20, 14, 14]","[7, 9, 11, 9, 20, 20, 11]","[0.0, 0.0, 0.0, 0.0, 0.0, 0.0, 0.0]","[137, 128, 137, 214, 269, 200, 123]","[154.1473388671875, 141.4786834716797, 170.31253051757812, 182.9176025390625, 261.8725280761719, 223.84820556640625, 161.20822143554688]"
2013-09-18,2013-09-24,6596.0,19334,12840.0,"[15, 20, 7, 20, 14, 20, 0]","[7, 0, 20, 20, 20, 0, 16]","[0.0, 0.0, 0.0, 0.07602072854577423, 0.0, 0.0, 0.006509492355847982]","[128, 137, 214, 269, 200, 123, 128]","[140.92990112304688, 169.2805633544922, 182.46478271484375, 262.0575256347656, 224.78016662597656, 162.22573852539062, 116.25611877441406]"
2013-09-19,2013-09-25,6026.0,19499,13860.0,"[20, 9, 20, 15, 7, 11, 20]","[7, 18, 20, 19, 17, 7, 3]","[0.0, 0.0, 0.0, 0.0, 0.0, 0.0, 0.0]","[137, 214, 269, 200, 123, 128, 132]","[168.466064453125, 182.2458038330078, 263.2898254394531, 224.82872009277344, 162.0397186279297, 117.3275375366211, 140.91139221191406]"
2013-09-20,2013-09-26,6513.0,19567,13445.0,"[20, 20, 14, 20, 19, 20, 13]","[8, 20, 20, 6, 0, 2, 11]","[0.0, 0.0, 0.0, 0.0, 0.0, 0.0, 0.0036602299189319037]","[214, 269, 200, 123, 128, 132, 146]","[179.42486572265625, 262.4665222167969, 223.34222412109375, 161.28262329101562, 115.93843841552734, 138.70130920410156, 156.94873046875]"
2013-09-21,2013-09-27,5725.0,17170,11695.0,"[20, 14, 20, 14, 20, 0, 20]","[20, 20, 6, 4, 2, 0, 9]","[0.0, 0.0, 0.0, 0.0, 0.029179062157306257, 0.29672468869147456, 0.0]","[269, 200, 123, 128, 132, 146, 191]","[264.6552734375, 224.7465057373047, 160.89801025390625, 115.96080780029297, 138.77703857421875, 156.01515197753906, 183.42835998535156]"
2013-09-22,2013-09-28,5798.0,18377,12900.0,"[14, 20, 0, 20, 20, 20, 20]","[20, 6, 16, 0, 5, 0, 20]","[0.0, 0.0, 0.0, 0.0, 0.0, 0.032748097024522034, 0.0]","[200, 123, 128, 132, 146, 191, 297]","[223.9847412109375, 162.38475036621094, 115.56101989746094, 139.73133850097656, 156.62808227539062, 182.8790740966797, 272.1138610839844]"
2013-09-23,2013-09-29,4914.0,16716,11270.0,"[20, 20, 20, 19, 20, 20, 20]","[6, 0, 3, 6, 0, 0, 14]","[0.0, 0.0, 0.0, 0.0, 0.0, 0.29515280335224764, 0.0]","[123, 128, 132, 146, 191, 297, 187]","[161.7746124267578, 114.76441192626953, 139.47576904296875, 156.4864959716797, 183.707763671875, 271.5424499511719, 222.24945068359375]"
2013-09-24,2013-09-30,5838.0,17065,10640.0,"[0, 20, 20, 20, 20, 20, 20]","[16, 2, 0, 0, 20, 0, 0]","[0.0, 0.2962771874022455, 0.0, 0.0, 0.0, 0.0, 0.0]","[128, 132, 146, 191, 297, 187, 101]","[114.94450378417969, 138.39414978027344, 156.5065460205078, 183.6708526611328, 270.11572265625, 221.10484313964844, 142.12620544433594]"
2013-09-25,2013-10-01,5339.0,17221,12135.0,"[1, 5, 9, 20, 13, 0, 20]","[19, 19, 19, 20, 20, 0, 1]","[0.0, 0.0, 0.0, 0.0, 0.0, 0.3, 0.0]","[132, 146, 191, 297, 187, 101, 101]","[141.55857849121094, 162.01617431640625, 187.29440307617188, 271.78375244140625, 221.5676727294922, 143.2192840576172, 127.54484558105469]"
2013-09-26,2013-10-02,5308.0,16932,11860.0,"[0, 8, 20, 13, 0, 0, 20]","[20, 20, 20, 20, 20, 0, 0]","[0.0, 0.0, 0.0, 0.0, 0.0, 0.0, 0.0]","[146, 191, 297, 187, 101, 101, 123]","[159.02748107910156, 186.35888671875, 272.8594970703125, 219.0490264892578, 142.6962127685547, 127.417724609375, 130.82318115234375]"
2013-09-27,2013-10-03,5423.0,17291,11775.0,"[20, 20, 20, 20, 15, 9, 8]","[9, 20, 14, 0, 5, 11, 0]","[0.0, 0.0, 0.0, 0.0, 0.01961070577797925, 0.0, 0.3]","[191, 297, 187, 101, 101, 123, 156]","[187.42262268066406, 273.16058349609375, 221.1232452392578, 143.82650756835938, 127.16111755371094, 130.58868408203125, 145.1818084716797]"
2013-09-28,2013-10-04,5489.0,17561,12345.0,"[20, 13, 0, 20, 20, 20, 20]","[20, 20, 20, 0, 1, 3, 0]","[0.0, 0.0, 0.0, 0.0, 0.0, 0.0, 0.0]","[297, 187, 101, 101, 123, 156, 210]","[273.6438903808594, 220.9250946044922, 143.77999877929688, 127.07862091064453, 129.85047912597656, 144.48770141601562, 192.6621856689453]"
2013-09-29,2013-10-05,5572.0,18343,13090.0,"[20, 20, 20, 20, 20, 20, 20]","[14, 3, 1, 0, 0, 10, 20]","[0.0, 0.0, 0.0, 0.0, 0.0, 0.0, 0.0]","[187, 101, 101, 123, 156, 210, 347]","[221.0127716064453, 143.85711669921875, 127.21251678466797, 130.22825622558594, 144.1497039794922, 193.52760314941406, 288.090087890625]"
2013-09-30,2013-10-06,5153.0,17505,11885.0,"[20, 0, 20, 0, 9, 20, 20]","[1, 18, 0, 20, 20, 0, 15]","[0.3, 0.0, 0.0, 0.0, 0.0, 0.0, 0.0]","[101, 101, 123, 156, 210, 347, 224]","[143.70675659179688, 126.22440338134766, 129.890380859375, 143.3446807861328, 193.47378540039062, 289.7593994140625, 230.32464599609375]"
2013-10-01,2013-10-07,6358.0,18127,11200.0,"[20, 20, 20, 20, 20, 20, 20]","[0, 0, 0, 10, 20, 0, 0]","[0.0, 0.0, 0.0, 0.0, 0.0, 0.3, 0.0]","[101, 123, 156, 210, 347, 224, 128]","[124.38864135742188, 127.39805603027344, 143.94151306152344, 191.24639892578125, 288.0347595214844, 229.17343139648438, 138.13104248046875]"
2013-10-02,2013-10-08,6952.0,18190,11440.0,"[9, 20, 20, 20, 20, 17, 13]","[8, 0, 9, 20, 13, 0, 0]","[0.0, 0.0027601883972921465, 0.0, 0.0, 0.0, 0.08621420360384498, 0.030736602110788665]","[123, 156, 210, 347, 224, 128, 138]","[114.91374969482422, 127.46258544921875, 183.05496215820312, 301.6181945800781, 214.09498596191406, 103.5802001953125, 78.08349609375]"
2013-10-03,2013-10-09,6914.0,20953,12440.0,"[20, 8, 20, 20, 20, 16, 20]","[3, 20, 20, 15, 0, 0, 0]","[0.0, 0.3, 0.0, 0.0, 0.0, 0.3, 0.0]","[156, 210, 347, 224, 128, 138, 147]","[143.5105438232422, 190.9501190185547, 287.8713684082031, 229.36819458007812, 138.420166015625, 100.01423645019531, 132.1082305908203]"
2013-10-04,2013-10-10,6865.0,19975,13525.0,"[18, 20, 15, 20, 0, 0, 0]","[12, 20, 20, 2, 14, 19, 20]","[0.0, 0.0, 0.0, 0.0, 0.0, 0.0, 0.0]","[210, 347, 224, 128, 138, 147, 178]","[191.42626953125, 287.4429931640625, 228.3892059326172, 137.9458465576172, 98.78158569335938, 132.9041748046875, 161.756591796875]"
2013-10-05,2013-10-11,7141.0,20009,13285.0,"[20, 20, 14, 5, 20, 20, 20]","[20, 16, 8, 10, 0, 0, 15]","[0.0, 0.0, 0.0, 0.0009100828947097581, 0.01911479371542326, 0.0, 0.0]","[347, 224, 128, 138, 147, 178, 233]","[289.6766357421875, 231.33050537109375, 139.66439819335938, 102.53598022460938, 133.5541534423828, 162.0213623046875, 225.43106079101562]"
2013-10-06,2013-10-12,7321.0,20859,14005.0,"[16, 20, 10, 20, 20, 20, 20]","[20, 0, 6, 2, 6, 15, 20]","[0.0, 0.0, 0.0, 0.0, 0.0, 0.0, 0.0]","[224, 128, 138, 147, 178, 233, 1308]","[234.42433166503906, 140.81488037109375, 101.22940826416016, 132.73397827148438, 163.8074951171875, 226.33285522460938, 1122.8876953125]"
2013-10-07,2013-10-13,7065.0,22405,14720.0,"[7, 16, 0, 19, 20, 20, 20]","[14, 0, 19, 7, 15, 20, 20]","[0.0, 0.0, 0.008400200994094907, 0.0, 0.25014992343422693, 0.0, 0.009855137480144369]","[128, 138, 147, 178, 233, 1308, 1020]","[140.0399169921875, 100.39470672607422, 132.3244171142578, 164.65518188476562, 225.30429077148438, 1124.0517578125, 881.5175170898438]"
2013-10-08,2013-10-14,6734.0,19091,12720.0,"[1, 0, 20, 14, 20, 20, 20]","[13, 0, 6, 20, 20, 0, 20]","[0.0, 0.3, 0.0, 0.0, 0.0, 0.0, 0.0]","[138, 147, 178, 233, 1308, 1020, 595]","[100.03462982177734, 132.07492065429688, 164.2130584716797, 225.61607360839844, 1123.5296630859375, 880.9473266601562, 812.9874877929688]"
2013-10-09,2013-10-15,7758.0,22893,14540.0,"[0, 20, 14, 20, 20, 20, 0]","[19, 6, 20, 20, 20, 20, 0]","[0.03589881870394063, 0.3, 0.0, 0.0, 0.0, 0.0, 0.3]","[147, 178, 233, 1308, 1020, 595, 138]","[132.44374084472656, 164.05921936035156, 224.68031311035156, 1125.2200927734375, 881.551513671875, 813.9329833984375, 97.3577880859375]"
2013-10-10,2013-10-16,7480.0,20060,13000.0,"[0, 0, 20, 20, 20, 0, 20]","[20, 20, 20, 20, 20, 0, 0]","[0.0, 0.0, 0.0, 0.0, 0.0, 0.3, 0.0]","[178, 233, 1308, 1020, 595, 138, 147]","[163.76441955566406, 225.25039672851562, 1123.290283203125, 881.1845703125, 812.75927734375, 99.92694091796875, 120.749755859375]"
2013-10-11,2013-10-17,8818.0,22797,14560.0,"[20, 20, 20, 20, 16, 20, 20]","[15, 20, 20, 20, 0, 0, 0]","[0.0, 0.0, 0.0, 0.0, 0.0, 0.0, 0.0]","[233, 1308, 1020, 595, 138, 147, 133]","[226.2219696044922, 1125.245849609375, 881.6375122070312, 812.25146484375, 99.1810302734375, 120.2100830078125, 161.53759765625]"
2013-10-12,2013-10-18,6522.0,16826,10490.0,"[20, 20, 20, 17, 20, 1, 20]","[20, 0, 20, 0, 0, 0, 0]","[0.0, 0.0, 0.0, 0.0, 0.0, 0.3, 0.0]","[1308, 1020, 595, 138, 147, 133, 183]","[1123.948486328125, 882.9978637695312, 809.8218383789062, 100.97132110595703, 121.18038177490234, 161.75509643554688, 181.31112670898438]"
2013-10-13,2013-10-19,7876.0,21114,13720.0,"[20, 20, 17, 20, 20, 20, 20]","[20, 20, 0, 0, 0, 0, 20]","[0.0, 0.0, 0.0, 0.0, 0.0, 0.0, 0.0]","[1020, 595, 138, 147, 133, 183, 280]","[885.7703857421875, 802.863525390625, 101.33123779296875, 122.03044128417969, 162.65428161621094, 182.84274291992188, 267.0714111328125]"
2013-10-14,2013-10-20,7363.0,21607,14755.0,"[20, 17, 10, 12, 20, 20, 20]","[20, 0, 9, 13, 9, 20, 13]","[0.0, 0.0017692842880177842, 0.0, 0.0, 0.0, 0.0, 0.0]","[595, 138, 147, 133, 183, 280, 210]","[817.9039916992188, 102.67457580566406, 124.59612274169922, 165.0611572265625, 184.56468200683594, 271.6461181640625, 214.0327911376953]"
2013-10-15,2013-10-21,5889.0,17916,11660.0,"[7, 15, 20, 7, 20, 20, 20]","[8, 5, 6, 20, 20, 0, 0]","[0.026151154960887275, 0.0, 0.0, 0.0, 0.0, 0.0, 0.2968818008409039]","[138, 147, 133, 183, 280, 210, 105]","[99.9093246459961, 125.2586669921875, 164.74063110351562, 184.965087890625, 272.6890869140625, 211.51541137695312, 152.2867431640625]"
2013-10-16,2013-10-22,6296.0,19159,13230.0,"[0, 0, 20, 20, 20, 0, 19]","[18, 20, 9, 20, 13, 20, 0]","[0.0, 0.0, 0.0, 0.0, 0.0, 0.0, 0.0]","[147, 133, 183, 280, 210, 105, 110]","[126.28820037841797, 165.3415985107422, 187.23912048339844, 274.43255615234375, 214.78077697753906, 155.98736572265625, 118.03182983398438]"
2013-10-17,2013-10-23,6035.0,19972,13200.0,"[12, 20, 20, 20, 0, 20, 20]","[14, 9, 20, 16, 17, 0, 0]","[0.0, 0.2989152970330449, 0.0, 0.0, 0.0, 0.0, 0.0]","[133, 183, 280, 210, 105, 110, 142]","[170.8803253173828, 183.53860473632812, 285.32989501953125, 234.6339569091797, 122.9397964477539, 121.62388610839844, 132.25778198242188]"
2013-10-18,2013-10-24,6062.0,19460,12165.0,"[0, 20, 20, 20, 20, 0, 20]","[20, 20, 12, 0, 0, 19, 0]","[0.0, 0.0, 0.25844504402404295, 0.26441085348606197, 0.020001819562842537, 0.0, 0.0]","[183, 280, 210, 105, 110, 142, 147]","[176.98712158203125, 272.3999938964844, 207.07186889648438, 144.98776245117188, 116.02607727050781, 133.15846252441406, 152.55201721191406]"
2013-10-19,2013-10-25,6424.0,20321,13530.0,"[20, 13, 20, 0, 20, 20, 13]","[20, 20, 0, 17, 0, 5, 19]","[0.0, 0.0, 0.0, 0.3, 0.0, 0.0, 0.0006355677852781213]","[280, 210, 105, 110, 142, 147, 238]","[272.10406494140625, 216.98300170898438, 156.2804718017578, 118.53933715820312, 138.4978790283203, 154.72677612304688, 211.69821166992188]"
2013-10-20,2013-10-26,6012.0,19633,13440.0,"[20, 0, 0, 20, 20, 20, 20]","[15, 18, 17, 0, 0, 12, 20]","[0.0, 0.0, 0.26274729556324383, 0.0, 0.0, 0.0, 0.0]","[210, 105, 110, 142, 147, 238, 303]","[225.06234741210938, 126.07756805419922, 121.84151458740234, 131.6840057373047, 151.69656372070312, 207.47525024414062, 306.45849609375]"
2013-10-21,2013-10-27,5369.0,17906,11955.0,"[0, 0, 20, 20, 20, 20, 20]","[18, 17, 0, 0, 0, 20, 9]","[0.0, 0.0, 0.0, 0.3, 0.0, 0.0, 0.0]","[105, 110, 142, 147, 238, 303, 216]","[128.01913452148438, 124.18522644042969, 134.82281494140625, 151.41123962402344, 207.40640258789062, 303.69866943359375, 185.80487060546875]"
2013-10-22,2013-10-28,7244.0,19601,12750.0,"[19, 20, 20, 11, 20, 20, 20]","[0, 0, 5, 20, 20, 10, 0]","[0.002313920143803175, 0.0, 0.0, 0.0, 0.0, 0.0, 0.0]","[110, 142, 147, 238, 303, 216, 151]","[116.14200592041016, 134.4717559814453, 153.86087036132812, 209.6635284423828, 297.04644775390625, 191.65830993652344, 161.04684448242188]"
2013-10-23,2013-10-29,7653.0,20672,13475.0,"[20, 7, 17, 20, 6, 20, 20]","[2, 15, 19, 20, 19, 5, 0]","[0.0, 0.0, 0.0, 0.0, 0.0, 0.0, 0.0]","[142, 147, 238, 303, 216, 151, 151]","[133.49195861816406, 150.2555694580078, 237.95481872558594, 301.77252197265625, 172.77589416503906, 156.80941772460938, 128.3732452392578]"
2013-10-24,2013-10-30,6102.0,17718,11750.0,"[2, 20, 20, 20, 0, 19, 0]","[20, 0, 20, 0, 20, 0, 20]","[0.0, 0.0, 0.0, 0.0, 0.07254783264687512, 0.0, 0.0]","[147, 238, 303, 216, 151, 151, 133]","[155.90701293945312, 208.03585815429688, 302.43023681640625, 179.19790649414062, 136.68856811523438, 117.38654327392578, 137.36358642578125]"
2013-10-25,2013-10-31,6524.0,19091,12930.0,"[10, 20, 20, 20, 0, 20, 20]","[20, 20, 8, 2, 17, 2, 4]","[0.0, 0.0, 0.0, 0.0, 0.0, 0.0, 0.0]","[238, 303, 216, 151, 151, 133, 101]","[203.2940216064453, 304.97808837890625, 180.83108520507812, 135.8505859375, 117.46682739257812, 139.02069091796875, 148.4298095703125]"
2013-10-26,2013-11-01,5857.0,19043,12665.0,"[20, 20, 20, 12, 20, 12, 0]","[20, 10, 1, 8, 3, 11, 20]","[0.0, 0.0, 0.0, 0.0, 0.0, 0.0, 0.2937553123604846]","[303, 216, 151, 151, 133, 101, 174]","[296.4834899902344, 190.21327209472656, 160.57374572753906, 129.41986083984375, 142.09371948242188, 148.79815673828125, 204.7486572265625]"
2013-10-27,2013-11-02,6036.0,19651,13100.0,"[20, 20, 20, 20, 20, 10, 20]","[8, 5, 0, 2, 0, 20, 20]","[0.0, 0.0, 0.0, 0.0, 0.0, 0.258762149100596, 0.0]","[216, 151, 151, 133, 101, 174, 275]","[180.73170471191406, 154.20835876464844, 125.80375671386719, 138.0968017578125, 149.5408477783203, 205.06700134277344, 321.2666931152344]"
2013-10-28,2013-11-03,5604.0,17731,12410.0,"[17, 20, 20, 0, 20, 20, 20]","[7, 0, 2, 20, 12, 0, 18]","[0.0, 0.0, 0.0, 0.0, 0.0, 0.0, 0.0]","[151, 151, 133, 101, 174, 275, 244]","[154.06015014648438, 126.22051239013672, 138.98486328125, 149.13253784179688, 205.16964721679688, 321.4691467285156, 249.48419189453125]"
2013-10-29,2013-11-04,6475.0,20004,13310.0,"[20, 20, 20, 20, 20, 20, 20]","[0, 2, 0, 13, 20, 18, 0]","[0.0, 0.0, 0.29537384344634043, 0.0, 0.0, 0.0, 0.0]","[151, 133, 101, 174, 275, 244, 115]","[124.13461303710938, 137.22564697265625, 148.47540283203125, 213.260498046875, 323.8551940917969, 249.1854248046875, 129.85543823242188]"
2013-10-30,2013-11-05,5522.0,17923,11820.0,"[20, 20, 11, 20, 20, 0, 20]","[0, 4, 20, 20, 18, 0, 0]","[0.0, 0.0, 0.0, 0.0, 0.0, 0.0, 0.3]","[133, 101, 174, 275, 244, 115, 138]","[143.1320343017578, 148.95835876464844, 205.78244018554688, 308.5874938964844, 249.8802032470703, 137.8175048828125, 134.95858764648438]"
2013-10-31,2013-11-06,5624.0,20604,13820.0,"[20, 20, 20, 20, 0, 20, 20]","[4, 12, 20, 18, 19, 0, 4]","[0.3, 0.0, 0.0, 0.0, 0.0, 0.3, 0.0]","[101, 174, 275, 244, 115, 138, 133]","[149.94912719726562, 207.01524353027344, 319.210693359375, 248.05958557128906, 136.74545288085938, 134.57192993164062, 148.0178985595703]"
2013-11-01,2013-11-07,6980.0,20060,13500.0,"[20, 20, 18, 20, 20, 20, 0]","[12, 20, 20, 0, 2, 0, 20]","[0.0, 0.0, 0.0, 0.0, 0.0, 0.0, 0.0005055191983218952]","[174, 275, 244, 115, 138, 133, 133]","[206.88626098632812, 318.51116943359375, 248.50027465820312, 134.44418334960938, 133.00076293945312, 147.15386962890625, 144.2816619873047]"
2013-11-02,2013-11-08,6952.0,20298,13780.0,"[20, 20, 20, 20, 0, 20, 8]","[20, 19, 3, 2, 20, 0, 20]","[0.0, 0.0, 0.0, 0.014281505613897402, 0.0, 0.0, 0.0]","[275, 244, 115, 138, 133, 133, 235]","[294.05377197265625, 250.0687255859375, 141.7147216796875, 139.5345001220703, 150.44688415527344, 147.18423461914062, 189.2396240234375]"
2013-11-03,2013-11-09,6962.0,20448,13090.0,"[20, 20, 20, 20, 20, 20, 20]","[18, 0, 0, 0, 0, 10, 20]","[0.0, 0.3, 0.0, 0.0, 0.0, 0.0, 0.0]","[244, 115, 138, 133, 133, 235, 1357]","[249.6062469482422, 135.88623046875, 132.492431640625, 148.72866821289062, 145.34539794921875, 190.79258728027344, 1124.9063720703125]"
2013-11-04,2013-11-10,6778.0,20587,14260.0,"[1, 20, 20, 20, 20, 20, 20]","[18, 0, 4, 3, 10, 20, 20]","[0.0, 0.0, 0.0, 0.0, 0.0, 0.0, 0.0]","[115, 138, 133, 133, 235, 1357, 1040]","[135.25091552734375, 131.50885009765625, 147.1919708251953, 143.3052215576172, 189.72268676757812, 1133.88037109375, 946.2456665039062]"
2013-11-05,2013-11-11,7672.0,24658,16040.0,"[0, 0, 20, 20, 20, 20, 20]","[20, 20, 3, 10, 20, 20, 20]","[0.0, 0.0, 0.0, 0.0, 0.0, 0.0, 0.29740911127114916]","[138, 133, 133, 235, 1357, 1040, 939]","[129.9644775390625, 147.6005096435547, 144.20680236816406, 189.15447998046875, 1132.4683837890625, 942.6011352539062, 924.0455932617188]"
2013-11-06,2013-11-12,6882.0,22938,15770.0,"[0, 20, 20, 20, 20, 20, 12]","[20, 4, 0, 20, 20, 20, 18]","[0.0, 0.0, 0.3, 0.0, 0.0, 0.0, 0.0]","[133, 133, 235, 1357, 1040, 939, 148]","[150.769775390625, 148.2825927734375, 188.4171905517578, 1099.1905517578125, 949.2445678710938, 900.017578125, 201.55621337890625]"
2013-11-07,2013-11-13,6999.0,20116,12665.0,"[20, 20, 20, 20, 20, 20, 20]","[0, 0, 0, 20, 20, 7, 0]","[0.0, 0.0, 0.0, 0.0, 0.0, 0.0, 0.3]","[133, 235, 1357, 1040, 939, 148, 139]","[143.8919219970703, 193.38064575195312, 1144.8291015625, 921.676513671875, 845.25244140625, 172.1914520263672, 171.109375]"
2013-11-08,2013-11-14,8669.0,23851,15825.0,"[20, 20, 20, 20, 19, 0, 15]","[9, 20, 20, 20, 7, 20, 9]","[0.010170195469914153, 0.0, 0.0, 0.0, 0.0, 0.0, 0.0]","[235, 1357, 1040, 939, 148, 139, 161]","[188.2252960205078, 1242.828369140625, 965.9968872070312, 883.56396484375, 164.88308715820312, 151.9637908935547, 160.26171875]"
2013-11-09,2013-11-15,8487.0,24208,16385.0,"[20, 20, 20, 0, 20, 9, 20]","[20, 20, 20, 20, 5, 17, 12]","[0.0, 0.0, 0.0, 0.0, 0.0, 0.0, 0.0]","[1357, 1040, 939, 148, 139, 161, 207]","[1133.0865478515625, 941.9303588867188, 923.6898803710938, 200.84828186035156, 156.270263671875, 174.63497924804688, 204.63665771484375]"
2013-11-10,2013-11-16,8111.0,24259,16815.0,"[20, 20, 20, 20, 5, 11, 20]","[20, 20, 7, 6, 20, 19, 20]","[0.0, 0.0, 0.0, 0.0, 0.0, 0.0, 0.0]","[1040, 939, 148, 139, 161, 207, 382]","[973.9091796875, 776.5640258789062, 168.37977600097656, 167.08531188964844, 170.78292846679688, 200.5733642578125, 324.7109375]"
2013-11-11,2013-11-17,7764.0,23256,16100.0,"[20, 20, 20, 17, 0, 20, 20]","[20, 7, 4, 10, 20, 20, 20]","[0.0, 0.0, 0.0, 0.019982615132809106, 0.0, 0.0, 0.0]","[939, 148, 139, 161, 207, 382, 286]","[810.8472290039062, 171.9047088623047, 148.0306854248047, 170.89369201660156, 199.0576934814453, 317.4203796386719, 272.08111572265625]"
2013-11-12,2013-11-18,5896.0,18680,12100.0,"[15, 14, 11, 11, 16, 14, 12]","[14, 9, 11, 16, 14, 3, 9]","[0.13841732033862308, 0.0872569166649183, 0.07791989350021275, 0.03751223074002716, 0.1388888219501348, 0.02938805010559813, 0.03629281310664641]","[148, 139, 161, 207, 382, 286, 161]","[192.54922485351562, 155.6375732421875, 172.7566680908203, 204.84866333007812, 320.9195556640625, 270.1866149902344, 195.07835388183594]"
2013-11-13,2013-11-19,6897.0,20383,13925.0,"[20, 20, 20, 20, 20, 20, 20]","[4, 7, 0, 20, 20, 0, 11]","[0.0, 0.0, 0.0, 0.0, 0.0, 0.0, 0.0]","[139, 161, 207, 382, 286, 161, 139]","[146.6276397705078, 167.72549438476562, 200.0645294189453, 292.58251953125, 268.5342102050781, 154.93284606933594, 199.31716918945312]"
2013-11-14,2013-11-20,6170.0,23313,16580.0,"[19, 10, 20, 20, 6, 11, 11]","[9, 20, 20, 20, 20, 20, 16]","[0.3, 0.0, 0.0, 0.0, 0.0, 0.0, 0.0]","[161, 207, 382, 286, 161, 139, 143]","[176.50828552246094, 203.52984619140625, 319.39892578125, 276.43695068359375, 177.2328643798828, 207.1761474609375, 180.6951141357422]"
2013-11-15,2013-11-21,6838.0,22797,16540.0,"[20, 20, 20, 20, 20, 20, 20]","[13, 20, 20, 8, 12, 7, 13]","[0.0, 0.0, 0.0, 0.0, 0.0, 0.0, 0.0]","[207, 382, 286, 161, 139, 143, 171]","[212.2264862060547, 342.0947265625, 286.5926208496094, 179.7217559814453, 207.36474609375, 194.91673278808594, 212.37066650390625]"
2013-11-16,2013-11-22,7154.0,20791,14100.0,"[20, 20, 20, 0, 20, 20, 0]","[20, 20, 8, 20, 7, 0, 20]","[0.0, 0.0, 0.0, 0.0, 0.0, 0.0, 0.0]","[382, 286, 161, 139, 143, 171, 221]","[318.23248291015625, 276.54632568359375, 180.75782775878906, 188.33937072753906, 168.76873779296875, 184.8076629638672, 234.997802734375]"
2013-11-17,2013-11-23,6172.0,23730,17180.0,"[20, 20, 20, 20, 9, 16, 20]","[20, 9, 13, 7, 20, 20, 20]","[0.0, 0.003476579143596087, 0.3, 0.0, 0.0, 0.0, 0.0]","[286, 161, 139, 143, 171, 221, 471]","[312.43072509765625, 185.50352478027344, 210.50814819335938, 173.9989471435547, 197.35342407226562, 235.61642456054688, 379.94964599609375]"
2013-11-18,2013-11-24,5970.0,23035,17660.0,"[10, 9, 20, 8, 20, 20, 20]","[20, 20, 8, 20, 20, 20, 20]","[0.0, 0.0, 0.0, 0.0, 0.0, 0.0, 0.0]","[161, 139, 143, 171, 221, 471, 327]","[198.56927490234375, 195.65411376953125, 180.9189910888672, 187.25277709960938, 257.5498046875, 410.85400390625, 796.0661010742188]"
2013-11-19,2013-11-25,7407.0,23358,16565.0,"[0, 20, 20, 19, 20, 20, 20]","[20, 7, 9, 20, 20, 20, 11]","[0.0, 0.0, 0.0, 0.0, 0.0, 0.0, 0.0]","[139, 143, 171, 221, 471, 327, 180]","[197.2230682373047, 169.5538787841797, 188.30137634277344, 251.83702087402344, 409.65673828125, 837.84033203125, 197.05191040039062]"
2013-11-20,2013-11-26,6935.0,21595,14295.0,"[12, 20, 16, 0, 20, 20, 20]","[12, 10, 20, 20, 20, 9, 0]","[0.0, 0.0, 0.0, 0.0, 0.0, 0.0, 0.3]","[143, 171, 221, 471, 327, 180, 175]","[159.6077880859375, 191.5171356201172, 235.1646270751953, 356.88018798828125, 709.7207641601562, 186.19021606445312, 175.56198120117188]"
2013-11-21,2013-11-27,9088.0,25432,17080.0,"[20, 20, 20, 20, 20, 20, 20]","[11, 16, 20, 20, 8, 6, 18]","[0.0, 0.0, 0.0, 0.0, 0.0, 0.0, 0.0]","[171, 221, 471, 327, 180, 175, 360]","[197.02001953125, 235.50506591796875, 356.670166015625, 713.5061645507812, 176.91567993164062, 168.09706115722656, 250.85464477539062]"
2013-11-22,2013-11-28,8289.0,22746,15035.0,"[20, 20, 20, 20, 5, 19, 0]","[16, 20, 20, 9, 20, 19, 0]","[0.0, 0.0, 0.0, 0.0, 0.0, 0.0, 0.3]","[221, 471, 327, 180, 175, 360, 808]","[234.10012817382812, 356.4376525878906, 726.282470703125, 185.1376190185547, 173.23143005371094, 246.97210693359375, 334.0544128417969]"
2013-11-23,2013-11-29,9088.0,25772,17440.0,"[20, 20, 20, 6, 18, 0, 20]","[20, 20, 11, 20, 19, 20, 20]","[0.0, 0.0, 0.0, 0.0, 0.0, 0.0, 0.0]","[471, 327, 180, 175, 360, 808, 1681]","[358.04791259765625, 705.5257568359375, 197.03579711914062, 177.68731689453125, 241.2185821533203, 338.2308654785156, 1029.841064453125]"
2013-11-24,2013-11-30,8270.0,24055,16440.0,"[20, 10, 20, 0, 20, 20, 0]","[20, 20, 8, 20, 20, 20, 20]","[0.0, 0.0, 0.0, 0.0, 0.0, 0.0, 0.0]","[327, 180, 175, 360, 808, 1681, 545]","[702.8702392578125, 201.41064453125, 177.287109375, 274.555419921875, 365.1852722167969, 1038.58056640625, 483.37664794921875]"
2013-11-25,2013-12-01,10164.0,28016,18740.0,"[13, 20, 20, 20, 20, 20, 20]","[15, 8, 19, 20, 20, 20, 20]","[0.0, 0.0, 0.0, 0.0, 0.0, 0.0, 0.0]","[180, 175, 360, 808, 1681, 545, 388]","[185.849853515625, 174.8031463623047, 255.3671875, 295.7359313964844, 978.9634399414062, 483.02227783203125, 370.55999755859375]"
2013-11-26,2013-12-02,9920.0,27370,18300.0,"[5, 20, 20, 20, 20, 20, 0]","[20, 20, 20, 20, 20, 20, 20]","[0.0, 0.0, 0.0, 0.0, 0.0, 0.0, 0.0]","[175, 360, 808, 1681, 545, 388, 184]","[169.30398559570312, 256.4745788574219, 299.13482666015625, 984.470947265625, 486.864990234375, 365.29315185546875, 209.42620849609375]"
2013-11-27,2013-12-03,9920.0,26780,16800.0,"[20, 20, 20, 20, 20, 20, 20]","[20, 20, 20, 20, 20, 0, 0]","[0.0, 0.0, 0.0, 0.0, 0.0, 0.3, 0.0]","[360, 808, 1681, 545, 388, 184, 139]","[254.3522186279297, 285.4198913574219, 995.426513671875, 488.70751953125, 377.9869384765625, 205.92784118652344, 248.87449645996094]"
2013-11-28,2013-12-04,8811.0,26219,17315.0,"[20, 20, 20, 20, 20, 0, 20]","[20, 20, 20, 20, 0, 20, 17]","[0.0, 0.0, 0.0, 0.0, 0.3, 0.0, 0.0]","[808, 1681, 545, 388, 184, 139, 208]","[333.6080322265625, 999.4476928710938, 488.2637634277344, 369.647216796875, 186.32467651367188, 245.55938720703125, 243.83981323242188]"
2013-11-29,2013-12-05,5998.0,24327,19000.0,"[20, 20, 20, 20, 20, 20, 20]","[20, 20, 20, 0, 20, 20, 20]","[0.0, 0.0, 0.0, 0.0, 0.0, 0.0, 0.0]","[1681, 545, 388, 184, 139, 208, 184]","[1167.8309326171875, 490.7277526855469, 395.56561279296875, 216.34584045410156, 276.886474609375, 259.4836730957031, 384.73809814453125]"
2013-11-30,2013-12-06,6448.0,24522,16860.0,"[20, 20, 20, 20, 20, 20, 20]","[20, 20, 0, 17, 20, 0, 20]","[0.0, 0.3, 0.0, 0.0, 0.0, 0.0, 0.0]","[545, 388, 184, 139, 208, 184, 259]","[532.9474487304688, 357.1863708496094, 201.38858032226562, 238.39431762695312, 306.30584716796875, 408.821533203125, 381.5221252441406]"
2013-12-01,2013-12-07,4930.0,23275,18700.0,"[20, 20, 20, 20, 20, 20, 20]","[20, 20, 20, 20, 20, 0, 20]","[0.0, 0.0, 0.0, 0.0, 0.0, 0.138706290538065, 0.0]","[388, 184, 139, 208, 184, 259, 393]","[425.97137451171875, 265.0381164550781, 320.4153137207031, 363.5375061035156, 484.2538146972656, 462.8237609863281, 566.1154174804688]"
2013-12-02,2013-12-08,5980.0,24310,19000.0,"[20, 20, 20, 20, 20, 20, 20]","[0, 20, 20, 20, 20, 20, 20]","[0.0, 0.0, 0.0, 0.0, 0.0, 0.0, 0.0]","[184, 139, 208, 184, 259, 393, 374]","[280.6287536621094, 318.08856201171875, 364.54693603515625, 444.1590576171875, 419.2594909667969, 508.1783752441406, 462.20941162109375]"
2013-12-03,2013-12-09,4770.0,23545,19400.0,"[20, 20, 20, 0, 20, 20, 20]","[20, 20, 20, 20, 20, 20, 20]","[0.0, 0.0, 0.0, 0.0, 0.0, 0.0, 0.0]","[139, 208, 184, 259, 393, 374, 194]","[292.2337341308594, 391.1385498046875, 472.2522277832031, 447.8833312988281, 530.5826416015625, 497.8445739746094, 268.6350402832031]"
2013-12-04,2013-12-10,7357.0,23018,16255.0,"[20, 20, 20, 20, 20, 0, 20]","[20, 20, 20, 20, 20, 0, 9]","[0.0, 0.0, 0.0, 0.0, 0.0, 0.0, 0.0]","[208, 184, 259, 393, 374, 194, 203]","[355.13787841796875, 404.0128173828125, 426.89239501953125, 521.9747924804688, 481.25653076171875, 208.28102111816406, 189.35076904296875]"
2013-12-05,2013-12-11,9248.0,25942,17460.0,"[20, 20, 20, 20, 20, 11, 15]","[0, 20, 20, 20, 13, 20, 20]","[0.0, 0.0, 0.0, 0.0, 0.0, 0.0, 0.0]","[184, 259, 393, 374, 194, 203, 236]","[383.32098388671875, 400.7166748046875, 512.0927124023438, 471.62255859375, 215.7617950439453, 209.7477264404297, 230.4266357421875]"
2013-12-06,2013-12-12,8064.0,27016,18900.0,"[0, 20, 20, 17, 20, 20, 20]","[20, 20, 20, 20, 16, 20, 20]","[0.2956249479675325, 0.0, 0.0, 0.0, 0.0, 0.0, 0.0]","[259, 393, 374, 194, 203, 236, 255]","[328.5721740722656, 482.6343688964844, 436.707275390625, 240.0934295654297, 233.47840881347656, 277.04388427734375, 318.63104248046875]"
2013-12-07,2013-12-13,9010.0,26265,18040.0,"[20, 20, 12, 10, 20, 20, 0]","[20, 20, 20, 20, 19, 20, 20]","[0.0, 0.0, 0.0, 0.0, 0.0, 0.0, 0.0]","[393, 374, 194, 203, 236, 255, 306]","[445.35223388671875, 386.287109375, 212.47923278808594, 201.36944580078125, 252.58384704589844, 322.7612609863281, 338.8575744628906]"
2013-12-08,2013-12-14,8764.0,25976,17980.0,"[20, 15, 13, 20, 20, 20, 20]","[20, 20, 20, 20, 20, 0, 20]","[0.0, 0.0, 0.0, 0.0, 0.0, 0.0, 0.0]","[374, 194, 203, 236, 255, 306, 643]","[407.2207946777344, 229.88699340820312, 220.310546875, 283.01373291015625, 336.7124938964844, 369.63262939453125, 600.5071411132812]"
2013-12-09,2013-12-15,8510.0,25605,16960.0,"[20, 0, 19, 20, 20, 20, 20]","[14, 20, 20, 20, 20, 20, 0]","[0.0, 0.2964796951793672, 0.0, 0.0, 0.0, 0.0, 0.0]","[194, 203, 236, 255, 306, 643, 473]","[217.52972412109375, 209.76693725585938, 250.005859375, 314.4883728027344, 341.8844299316406, 624.72021484375, 451.3164978027344]"
2013-12-10,2013-12-16,9872.0,27438,18420.0,"[11, 20, 20, 20, 20, 0, 20]","[20, 17, 20, 20, 20, 20, 20]","[0.0, 0.0, 0.0, 0.0, 0.0, 0.0, 0.0]","[203, 236, 255, 306, 643, 473, 292]","[205.80946350097656, 239.10400390625, 306.4100646972656, 325.5889892578125, 626.2239990234375, 440.086669921875, 312.4126892089844]"
2013-12-11,2013-12-17,9218.0,26287,16980.0,"[18, 20, 20, 20, 20, 20, 20]","[20, 20, 0, 20, 20, 20, 0]","[0.0, 0.0, 0.0, 0.0, 0.0, 0.0, 0.3]","[236, 255, 306, 643, 473, 292, 292]","[246.14112854003906, 311.08978271484375, 326.48992919921875, 635.3222045898438, 447.9284973144531, 301.6754150390625, 267.6568908691406]"
2013-12-12,2013-12-18,10690.0,28475,18700.0,"[20, 20, 20, 20, 20, 20, 20]","[20, 20, 20, 20, 20, 0, 20]","[0.0, 0.0, 0.0, 0.0, 0.0, 0.0, 0.0]","[255, 306, 643, 473, 292, 292, 394]","[294.73406982421875, 314.4000244140625, 616.0404663085938, 444.3713684082031, 315.4428405761719, 269.1876525878906, 415.7413330078125]"
2013-12-13,2013-12-19,10480.0,28560,19000.0,"[20, 20, 20, 20, 20, 20, 20]","[0, 20, 20, 20, 20, 20, 20]","[0.0, 0.0, 0.0, 0.0, 0.0, 0.0, 0.0]","[306, 643, 473, 292, 292, 394, 352]","[315.80364990234375, 641.3985595703125, 445.91680908203125, 314.06268310546875, 271.7120361328125, 416.5849914550781, 420.7962951660156]"
2013-12-14,2013-12-20,10780.0,28560,18700.0,"[20, 20, 20, 20, 20, 20, 20]","[20, 20, 20, 20, 20, 20, 0]","[0.0, 0.0, 0.0, 0.0, 0.0, 0.0, 0.0]","[643, 473, 292, 292, 394, 352, 496]","[618.66943359375, 445.4997863769531, 308.451904296875, 265.8106689453125, 417.0664367675781, 427.3238525390625, 459.872802734375]"
2013-12-15,2013-12-21,9080.0,29040,17100.0,"[20, 20, 20, 20, 20, 20, 20]","[20, 20, 0, 20, 20, 20, 0]","[0.3, 0.07200639270461649, 0.0, 0.0, 0.0, 0.2981863319123857, 0.010948649414283168]","[473, 292, 292, 394, 352, 496, 719]","[447.40765380859375, 301.3565673828125, 261.7652282714844, 421.0061340332031, 420.4591369628906, 470.7613830566406, 575.3175048828125]"
2013-12-16,2013-12-22,9720.0,26520,17600.0,"[20, 20, 20, 20, 20, 20, 0]","[20, 20, 20, 20, 0, 20, 20]","[0.0, 0.0, 0.0, 0.0, 0.0, 0.0, 0.0]","[292, 292, 394, 352, 496, 719, 747]","[324.90545654296875, 279.68658447265625, 429.7190246582031, 435.9894714355469, 484.02301025390625, 555.2815551757812, 551.9931640625]"
2013-12-17,2013-12-23,8900.0,24140,15900.0,"[20, 20, 20, 0, 20, 20, 20]","[20, 20, 0, 20, 20, 0, 20]","[0.0, 0.0, 0.0, 0.0, 0.0, 0.0, 0.0]","[292, 394, 352, 496, 719, 747, 668]","[269.84552001953125, 421.9051513671875, 424.7748107910156, 480.2541809082031, 567.7845458984375, 551.0513916015625, 342.1864013671875]"
2013-12-18,2013-12-24,10240.0,29420,19000.0,"[20, 20, 20, 20, 20, 20, 20]","[20, 0, 20, 20, 20, 20, 20]","[0.0, 0.3, 0.0, 0.08214765869036103, 0.0, 0.0, 0.0]","[394, 352, 496, 719, 747, 668, 329]","[399.0704040527344, 399.2572326660156, 473.360595703125, 531.1565551757812, 516.3838500976562, 400.8768310546875, 319.5552978515625]"
2013-12-19,2013-12-25,6720.0,26520,20600.0,"[20, 20, 20, 20, 20, 20, 20]","[20, 20, 20, 20, 20, 20, 20]","[0.0, 0.0, 0.0, 0.0, 0.0, 0.0, 0.29324344547398096]","[352, 496, 719, 747, 668, 329, 0]","[363.5152893066406, 450.1298522949219, 518.8981323242188, 500.51678466796875, 392.3716735839844, 315.0112609863281, 273.9974670410156]"
2013-12-20,2013-12-26,8620.0,26520,18700.0,"[20, 20, 20, 20, 20, 20, 20]","[20, 20, 20, 20, 20, 0, 20]","[0.0, 0.0, 0.0, 0.0, 0.0, 0.0, 0.0]","[496, 719, 747, 668, 329, 0, 669]","[466.3038635253906, 569.3224487304688, 553.7825927734375, 333.7393798828125, 293.50445556640625, 259.6463623046875, 480.82281494140625]"
2013-12-21,2013-12-27,6100.0,24140,18700.0,"[20, 20, 20, 20, 20, 20, 20]","[20, 20, 20, 20, 20, 0, 20]","[0.0, 0.0, 0.0, 0.0, 0.0, 0.0, 0.0]","[719, 747, 668, 329, 0, 669, 437]","[540.4202270507812, 510.9599914550781, 384.24371337890625, 324.46002197265625, 252.4938507080078, 465.8526611328125, 583.8352661132812]"
2013-12-22,2013-12-28,5860.0,25780,18780.0,"[20, 20, 20, 13, 20, 20, 0]","[20, 20, 20, 20, 20, 20, 20]","[0.3, 0.0, 0.0, 0.0, 0.0, 0.0, 0.0]","[747, 668, 329, 0, 669, 437, 572]","[617.8887939453125, 331.898681640625, 287.8476257324219, 218.88763427734375, 453.34783935546875, 536.752685546875, 464.7276611328125]"
2013-12-23,2013-12-29,6560.0,24480,18600.0,"[20, 20, 10, 20, 20, 20, 0]","[20, 20, 20, 20, 20, 20, 20]","[0.0, 0.0, 0.024168385884094916, 0.0, 0.0, 0.0, 0.0]","[668, 329, 0, 669, 437, 572, 456]","[341.441162109375, 275.1537170410156, 199.09603881835938, 446.45709228515625, 568.875, 478.509033203125, 503.6888732910156]"
2013-12-24,2013-12-30,6980.0,24740,17580.0,"[20, 20, 20, 20, 20, 20, 20]","[20, 6, 20, 20, 20, 0, 20]","[0.0, 0.0, 0.0, 0.0, 0.0, 0.3, 0.0]","[329, 0, 669, 437, 572, 456, 544]","[476.5518493652344, 163.04736328125, 465.63763427734375, 522.1235961914062, 442.9869079589844, 485.0936279296875, 455.8563232421875]"
2013-12-25,2013-12-31,7080.0,21760,15200.0,"[20, 20, 20, 20, 20, 20, 20]","[0, 20, 20, 20, 20, 0, 0]","[0.0, 0.0, 0.0, 0.0, 0.0, 0.0, 0.0]","[0, 669, 437, 572, 456, 544, 428]","[145.16522216796875, 430.66796875, 525.7955932617188, 449.0660400390625, 496.0784606933594, 450.7148132324219, 381.75225830078125]"
2013-12-26,2014-01-01,8967.0,24123,15815.0,"[0, 20, 20, 20, 20, 0, 20]","[20, 20, 20, 20, 20, 0, 17]","[0.0, 0.0, 0.0, 0.0, 0.0, 0.0, 0.0]","[669, 437, 572, 456, 544, 428, 251]","[391.5169982910156, 448.9327697753906, 406.5232849121094, 462.31903076171875, 394.41455078125, 350.7275390625, 244.2978515625]"
2013-12-27,2014-01-02,10618.0,28407,18700.0,"[20, 20, 20, 20, 20, 20, 20]","[20, 20, 20, 20, 20, 20, 0]","[0.0, 0.0, 0.0, 0.0, 0.0, 0.0, 0.0]","[437, 572, 456, 544, 428, 251, 279]","[508.75347900390625, 454.528076171875, 508.5541687011719, 435.7295837402344, 474.54254150390625, 256.12298583984375, 267.2997131347656]"
2013-12-28,2014-01-03,10642.0,28203,18460.0,"[20, 20, 20, 20, 20, 20, 20]","[20, 20, 20, 20, 17, 20, 0]","[0.0, 0.0, 0.0, 0.0, 0.0, 0.0, 0.0]","[572, 456, 544, 428, 251, 279, 284]","[447.56982421875, 484.6842346191406, 421.292724609375, 442.07196044921875, 240.27452087402344, 314.41400146484375, 324.39410400390625]"
2013-12-29,2014-01-04,9516.0,26644,17180.0,"[0, 20, 20, 20, 20, 20, 20]","[20, 20, 20, 16, 20, 0, 20]","[0.0, 0.0, 0.0, 0.0, 0.0, 0.29900253101491886, 0.0]","[456, 544, 428, 251, 279, 284, 348]","[529.569580078125, 407.40521240234375, 420.7178955078125, 233.43728637695312, 316.8570861816406, 350.7101745605469, 309.8072509765625]"
2013-12-30,2014-01-05,9975.0,27710,18605.0,"[20, 20, 20, 20, 20, 20, 20]","[20, 20, 20, 20, 20, 0, 19]","[0.0, 0.0, 0.0, 0.0, 0.0, 0.0, 0.0]","[544, 428, 251, 279, 284, 348, 219]","[443.8395690917969, 448.73040771484375, 262.76129150390625, 315.55194091796875, 334.3803405761719, 310.39288330078125, 253.680908203125]"
2013-12-31,2014-01-06,9502.0,28288,19690.0,"[20, 20, 20, 20, 20, 20, 7]","[20, 20, 20, 20, 20, 20, 20]","[0.0, 0.0, 0.0, 0.0, 0.0, 0.0, 0.0]","[428, 251, 279, 284, 348, 219, 154]","[503.31536865234375, 295.5439758300781, 290.7539978027344, 321.11798095703125, 304.7408142089844, 255.58676147460938, 183.57945251464844]"
2014-01-01,2014-01-07,8487.0,23783,15935.0,"[20, 20, 20, 20, 20, 0, 20]","[20, 0, 20, 20, 17, 20, 5]","[0.0, 0.0, 0.0, 0.0, 0.0, 0.0, 0.0]","[251, 279, 284, 348, 219, 154, 149]","[286.20391845703125, 302.12042236328125, 335.5696105957031, 306.64862060546875, 243.27281188964844, 171.81179809570312, 158.00938415527344]"
2014-01-02,2014-01-08,8414.0,24021,16260.0,"[20, 20, 20, 20, 20, 0, 20]","[20, 20, 20, 20, 7, 20, 0]","[0.0, 0.0, 0.0, 0.0, 0.0, 0.0, 0.0]","[279, 284, 348, 219, 154, 149, 154]","[300.7054443359375, 323.262451171875, 293.8274841308594, 253.7434539794922, 167.588623046875, 180.26266479492188, 142.95040893554688]"
2014-01-03,2014-01-09,7933.0,22032,14635.0,"[20, 20, 19, 20, 20, 20, 20]","[20, 20, 18, 5, 0, 0, 9]","[0.0, 0.002110537708215754, 0.0, 0.0, 0.0, 0.0, 0.0]","[284, 348, 219, 154, 149, 154, 163]","[294.736572265625, 299.7091979980469, 240.8610076904297, 159.57440185546875, 165.84735107421875, 147.14801025390625, 186.56756591796875]"
2014-01-04,2014-01-10,6584.0,22782,14550.0,"[20, 20, 19, 20, 20, 7, 13]","[20, 19, 6, 0, 0, 19, 19]","[0.0, 0.0, 0.29437106287547077, 0.004719963529897505, 0.0, 0.0, 0.2949240227883613]","[348, 219, 154, 149, 154, 163, 200]","[305.86163330078125, 254.28089904785156, 155.40904235839844, 157.12725830078125, 131.79270935058594, 180.09722900390625, 211.35154724121094]"
2014-01-05,2014-01-11,6576.0,19754,13580.0,"[20, 20, 20, 0, 20, 20, 20]","[20, 6, 5, 20, 0, 0, 20]","[0.0, 0.0, 0.0, 0.0, 0.0, 0.0, 0.0]","[219, 154, 149, 154, 163, 200, 294]","[268.9568176269531, 163.98793029785156, 156.55149841308594, 147.4715576171875, 172.2953338623047, 207.88565063476562, 276.7492370605469]"
2014-01-06,2014-01-12,6238.0,17357,11380.0,"[20, 20, 20, 20, 20, 20, 0]","[7, 0, 1, 7, 11, 0, 20]","[0.0, 0.0, 0.0, 0.0, 0.0, 0.0, 0.0]","[154, 149, 154, 163, 200, 294, 233]","[170.45298767089844, 145.44830322265625, 131.33203125, 171.58924865722656, 202.31991577148438, 283.63629150390625, 216.80105590820312]"
2014-01-07,2014-01-13,7220.0,20825,14070.0,"[18, 8, 19, 20, 20, 15, 14]","[6, 13, 10, 14, 20, 16, 4]","[0.0, 0.0, 0.0, 0.0, 0.0, 0.0, 0.00457355875867692]","[149, 154, 163, 200, 294, 233, 135]","[150.36557006835938, 139.79440307617188, 187.24102783203125, 222.83456420898438, 272.2135009765625, 209.18341064453125, 116.70862579345703]"
2014-01-08,2014-01-14,7188.0,22572,13440.0,"[12, 18, 18, 20, 20, 20, 20]","[8, 10, 14, 20, 15, 0, 0]","[0.0, 0.0, 0.0, 0.2979932528728341, 0.0, 0.3, 0.0]","[154, 163, 200, 294, 233, 135, 150]","[130.36968994140625, 176.22494506835938, 210.48011779785156, 289.9153137207031, 225.98678588867188, 121.2482681274414, 132.28273010253906]"
2014-01-09,2014-01-15,6574.0,20031,13000.0,"[20, 11, 20, 0, 20, 20, 0]","[8, 20, 20, 20, 0, 0, 20]","[0.0, 0.0, 0.0, 0.0, 0.0, 0.3, 0.0]","[163, 200, 294, 233, 135, 150, 150]","[175.73841857910156, 206.11439514160156, 279.9670715332031, 226.13174438476562, 123.55587768554688, 124.21006774902344, 143.2579803466797]"
2014-01-10,2014-01-16,7317.0,20573,13205.0,"[20, 20, 20, 0, 2, 20, 20]","[12, 20, 14, 18, 16, 0, 3]","[0.0, 0.0, 0.0, 0.0, 0.0, 0.22787381428988354, 0.0]","[200, 294, 233, 135, 150, 150, 150]","[204.36460876464844, 279.6299133300781, 218.5837860107422, 126.44129180908203, 124.28943634033203, 140.61476135253906, 146.24176025390625]"
2014-01-11,2014-01-17,6318.0,18807,11960.0,"[20, 11, 20, 0, 20, 0, 20]","[20, 20, 0, 15, 0, 20, 0]","[0.0, 0.0, 0.0, 0.0, 0.0, 0.0, 0.3]","[294, 233, 135, 150, 150, 150, 167]","[279.60491943359375, 205.26551818847656, 119.38501739501953, 106.8316879272461, 130.6448516845703, 144.70059204101562, 194.32452392578125]"
2014-01-12,2014-01-18,6992.0,19873,13290.0,"[20, 20, 20, 20, 18, 20, 20]","[14, 0, 0, 3, 5, 10, 20]","[0.0, 0.0, 0.0, 0.0, 0.0, 0.0, 0.0]","[233, 135, 150, 150, 150, 167, 1124]","[222.72735595703125, 123.2679214477539, 123.94061279296875, 144.2882080078125, 143.21484375, 194.51564025878906, 560.3646850585938]"
2014-01-13,2014-01-19,5796.0,19781,12810.0,"[12, 14, 7, 9, 11, 19, 15]","[9, 5, 9, 15, 17, 14, 16]","[0.15609019932531226, 0.20714114978980983, 0.081245767938411, 0.0865574819592711, 0.0882634800962385, 0.02909205958784135, 0.0835828210526531]","[135, 150, 150, 150, 167, 1124, 756]","[135.61814880371094, 120.22442626953125, 139.71295166015625, 161.3948211669922, 200.0198211669922, 615.5127563476562, 789.0953979492188]"
2014-01-14,2014-01-20,7823.0,22712,15465.0,"[18, 14, 20, 20, 20, 20, 20]","[1, 7, 4, 11, 20, 20, 19]","[0.0, 0.0, 0.0, 0.0, 0.0, 0.0, 0.0]","[150, 150, 150, 167, 1124, 756, 676]","[114.9080810546875, 135.26309204101562, 148.8053741455078, 197.47390747070312, 590.09521484375, 793.0112915039062, 732.6299438476562]"
2014-01-15,2014-01-21,7284.0,20536,13700.0,"[20, 20, 20, 20, 20, 0, 20]","[3, 0, 12, 20, 20, 20, 0]","[0.0, 0.0, 0.0, 0.0, 0.0, 0.0, 0.0]","[150, 150, 167, 1124, 756, 676, 122]","[140.5666961669922, 148.2252960205078, 202.67465209960938, 581.6956787109375, 793.355712890625, 740.8886108398438, 123.9052963256836]"
2014-01-16,2014-01-22,8057.0,22678,15195.0,"[20, 11, 20, 20, 20, 20, 0]","[4, 20, 20, 20, 20, 0, 17]","[0.0, 0.0, 0.0, 0.0, 0.0, 0.0, 0.0]","[150, 167, 1124, 756, 676, 122, 140]","[152.06512451171875, 204.2936553955078, 592.5614013671875, 788.3555908203125, 739.8982543945312, 119.8659896850586, 120.36736297607422]"
2014-01-17,2014-01-23,7960.0,22620,13600.0,"[20, 20, 20, 20, 20, 20, 20]","[0, 20, 20, 20, 0, 0, 0]","[0.3, 0.0, 0.0, 0.0, 0.0, 0.29610888409788483, 0.0]","[167, 1124, 756, 676, 122, 140, 126]","[199.93350219726562, 591.9115600585938, 770.1918334960938, 746.4192504882812, 126.98271179199219, 120.2804946899414, 126.2859878540039]"
2014-01-18,2014-01-24,8180.0,21760,14100.0,"[20, 20, 20, 20, 20, 20, 0]","[20, 20, 20, 0, 0, 0, 20]","[0.0, 0.0, 0.0, 0.0, 0.0, 0.0, 0.0]","[1124, 756, 676, 122, 140, 126, 201]","[591.2344970703125, 781.988525390625, 743.8917846679688, 126.44281005859375, 119.28915405273438, 129.1985626220703, 146.0832977294922]"
2014-01-19,2014-01-25,6940.0,20728,12700.0,"[20, 20, 20, 20, 0, 20, 20]","[20, 20, 0, 0, 19, 4, 0]","[0.0, 0.0, 0.2510770581182461, 0.0, 0.3, 0.0, 0.0]","[756, 676, 122, 140, 126, 201, 271]","[833.4723510742188, 679.716796875, 134.81494140625, 134.48660278320312, 137.7220001220703, 152.88873291015625, 269.26702880859375]"
2014-01-20,2014-01-26,6282.0,18936,12240.0,"[20, 1, 0, 20, 0, 20, 20]","[20, 17, 16, 0, 20, 0, 12]","[0.0, 0.29794677291851696, 0.0, 0.0, 0.0, 0.0, 0.0]","[676, 122, 140, 126, 201, 271, 248]","[673.9776000976562, 126.27650451660156, 114.79438781738281, 129.21958923339844, 148.63404846191406, 262.2828063964844, 205.1880645751953]"
2014-01-21,2014-01-27,6578.0,17357,11040.0,"[20, 0, 20, 20, 20, 20, 20]","[0, 19, 0, 4, 20, 0, 0]","[0.0, 0.0, 0.0, 0.0, 0.0, 0.0, 0.0]","[122, 140, 126, 201, 271, 248, 122]","[121.0555191040039, 132.82632446289062, 125.94991302490234, 151.66729736328125, 287.7396545410156, 203.63702392578125, 145.22142028808594]"
2014-01-22,2014-01-28,6676.0,18819,12490.0,"[20, 20, 20, 20, 20, 20, 20]","[0, 2, 6, 20, 11, 6, 0]","[0.0, 0.0, 0.0, 0.0, 0.0, 0.0, 0.015467793473191695]","[140, 126, 201, 271, 248, 122, 135]","[129.23507690429688, 138.62062072753906, 163.6260986328125, 268.982421875, 200.8202362060547, 164.4134979248047, 116.66366577148438]"
2014-01-23,2014-01-29,6096.0,19164,12560.0,"[20, 0, 20, 20, 20, 13, 20]","[3, 20, 20, 12, 6, 6, 0]","[0.0, 0.02022149822901558, 0.0, 0.0, 0.0, 0.0, 0.3]","[126, 201, 271, 248, 122, 135, 135]","[140.8650665283203, 165.4077606201172, 270.5710144042969, 202.57073974609375, 163.02227783203125, 120.20891571044922, 126.9312744140625]"
2014-01-24,2014-01-30,6204.0,18586,11840.0,"[20, 20, 20, 20, 0, 20, 20]","[0, 20, 11, 5, 17, 0, 0]","[0.0, 0.0, 0.0, 0.0, 0.0, 0.3, 0.0]","[201, 271, 248, 122, 135, 135, 131]","[163.0496826171875, 266.9449462890625, 198.721435546875, 158.75401306152344, 117.63159942626953, 129.65846252441406, 134.3131866455078]"
2014-01-25,2014-01-31,6622.0,18003,11680.0,"[20, 20, 20, 20, 20, 20, 20]","[20, 11, 5, 0, 0, 0, 0]","[0.0, 0.0003859011172540414, 0.0, 0.0, 0.0, 0.0, 0.0]","[271, 248, 122, 135, 135, 131, 150]","[271.005615234375, 199.78030395507812, 154.7288818359375, 119.28207397460938, 132.41116333007812, 134.10247802734375, 165.8532257080078]"
2014-01-26,2014-02-01,5862.0,19125,12140.0,"[20, 20, 0, 20, 20, 20, 20]","[12, 4, 17, 0, 0, 0, 20]","[0.3, 0.0, 0.0, 0.0, 0.0, 0.0, 0.0]","[248, 122, 135, 135, 131, 150, 267]","[203.746826171875, 152.69442749023438, 118.91883850097656, 130.66171264648438, 133.03526306152344, 166.52783203125, 259.7440490722656]"
2014-01-27,2014-02-02,4737.0,18567,12030.0,"[11, 8, 11, 11, 15, 17, 16]","[13, 10, 9, 9, 10, 13, 11]","[0.0861659457946459, 0.20515163552575683, 0.07387247420613459, 0.0868534527302448, 0.13891214897264717, 0.15275830063862733, 0.13855411425433617]","[122, 135, 135, 131, 150, 267, 150]","[158.8485107421875, 119.66908264160156, 132.83961486816406, 135.34945678710938, 166.96263122558594, 260.2820129394531, 236.7754669189453]"
2014-01-28,2014-02-03,4568.0,16195,11630.0,"[4, 16, 20, 18, 20, 16, 2]","[13, 4, 0, 8, 20, 20, 2]","[0.0, 0.023904598875649174, 0.0, 0.0, 0.0, 0.0, 0.3]","[135, 135, 131, 150, 267, 150, 122]","[117.5027847290039, 127.00415802001953, 133.9882049560547, 165.90846252441406, 259.8139953613281, 237.2532958984375, 115.70820617675781]"
2014-01-29,2014-02-04,5012.0,16840,11940.0,"[14, 20, 20, 20, 20, 0, 18]","[6, 2, 0, 20, 16, 16, 0]","[0.0, 0.0, 0.0, 0.0, 0.0, 0.08311131123402424, 0.0]","[135, 131, 150, 267, 150, 122, 85]","[128.9911651611328, 135.20669555664062, 167.69830322265625, 260.68414306640625, 237.26319885253906, 117.8737564086914, 111.12337493896484]"
2014-01-30,2014-02-05,4375.0,16830,12595.0,"[19, 19, 20, 20, 8, 15, 3]","[3, 8, 19, 17, 10, 3, 14]","[0.0, 0.014796574239897243, 0.0, 0.0, 0.0, 0.07875134351600975, 0.0]","[131, 150, 267, 150, 122, 85, 98]","[136.80755615234375, 168.732177734375, 262.0426330566406, 238.72007751464844, 116.46239471435547, 110.83946990966797, 124.28902435302734]"
2014-01-31,2014-02-06,4834.0,15861,11200.0,"[20, 20, 20, 0, 18, 5, 20]","[7, 20, 0, 16, 0, 13, 1]","[0.0, 0.0, 0.0, 0.0, 0.0, 0.0, 0.0]","[150, 267, 150, 122, 85, 98, 108]","[170.28561401367188, 260.60748291015625, 238.36866760253906, 113.47927856445312, 111.09984588623047, 123.73429870605469, 127.43889617919922]"
2014-02-01,2014-02-07,4179.0,16541,12575.0,"[20, 20, 20, 20, 0, 20, 2]","[20, 16, 0, 0, 17, 1, 20]","[0.0, 0.0, 0.0, 0.0, 0.0, 0.0, 0.0]","[267, 150, 122, 85, 98, 108, 173]","[259.22601318359375, 235.99676513671875, 115.42842102050781, 110.12181854248047, 124.06324005126953, 126.81150817871094, 152.61929321289062]"
2014-02-02,2014-02-08,3730.0,16745,12620.0,"[20, 15, 18, 0, 2, 20, 20]","[17, 3, 0, 17, 16, 4, 20]","[0.0040488685544513795, 0.0, 0.3, 0.0, 0.0, 0.0010366787525126421, 0.0]","[150, 122, 85, 98, 108, 173, 323]","[241.1363525390625, 113.30841064453125, 110.39779663085938, 126.2322998046875, 126.46472930908203, 152.1407470703125, 383.8883056640625]"
2014-02-03,2014-02-09,4436.0,15331,10420.0,"[19, 18, 2, 20, 20, 20, 10]","[0, 0, 17, 0, 4, 0, 20]","[0.0, 0.0, 0.29890984456303926, 0.0, 0.0, 0.0, 0.0]","[122, 85, 98, 108, 173, 323, 230]","[116.00120544433594, 109.79265594482422, 131.1216583251953, 123.57122802734375, 147.2672576904297, 383.233642578125, 199.26519775390625]"
2014-02-04,2014-02-10,4974.0,15861,10440.0,"[18, 20, 0, 20, 20, 20, 20]","[0, 0, 17, 0, 20, 0, 0]","[0.3, 0.0, 0.0, 0.0, 0.0, 0.0, 0.0]","[85, 98, 108, 173, 323, 230, 117]","[110.0955581665039, 128.50071716308594, 123.55479431152344, 149.57127380371094, 379.7823486328125, 197.5113067626953, 129.42510986328125]"
2014-02-05,2014-02-11,5972.0,17323,11610.0,"[20, 20, 0, 20, 9, 20, 17]","[1, 0, 20, 20, 20, 0, 0]","[0.0, 0.0, 0.0, 0.0, 0.0, 0.0, 0.0]","[98, 108, 173, 323, 230, 117, 150]","[129.05303955078125, 121.84870147705078, 148.5471954345703, 380.45166015625, 197.0514678955078, 129.11083984375, 105.74752807617188]"
2014-02-06,2014-02-12,6305.0,18535,11685.0,"[20, 20, 20, 13, 20, 0, 20]","[0, 4, 20, 17, 0, 15, 0]","[0.0, 0.0, 0.0, 0.0, 0.0, 0.0, 0.3]","[108, 173, 323, 230, 117, 150, 160]","[121.17738342285156, 147.4609375, 381.0715637207031, 197.05567932128906, 129.56263732910156, 104.47503662109375, 129.9952850341797]"
2014-02-07,2014-02-13,6618.0,17867,11540.0,"[20, 20, 17, 15, 0, 18, 20]","[4, 20, 13, 5, 15, 0, 0]","[0.0, 0.0, 0.0, 0.0, 0.0, 0.0, 0.0]","[173, 323, 230, 117, 150, 160, 211]","[147.27699279785156, 380.89276123046875, 196.8725128173828, 129.03672790527344, 104.46548461914062, 129.7941436767578, 138.77195739746094]"
2014-02-08,2014-02-14,6224.0,18603,11730.0,"[20, 10, 0, 17, 20, 13, 20]","[20, 20, 18, 0, 0, 8, 0]","[0.0, 0.0, 0.0, 0.08550016071224963, 0.0, 0.0, 0.3]","[323, 230, 117, 150, 160, 211, 281]","[382.5846862792969, 198.04783630371094, 129.35171508789062, 105.20843505859375, 129.64483642578125, 138.6944122314453, 201.79600524902344]"
2014-02-09,2014-02-15,5809.0,17311,10885.0,"[20, 20, 17, 0, 20, 16, 20]","[11, 0, 0, 18, 0, 15, 0]","[0.0, 0.0, 0.0, 0.03616700001279009, 0.3, 0.0, 0.0025182742440544477]","[230, 117, 150, 160, 211, 281, 1046]","[197.9150848388672, 130.32418823242188, 104.21257019042969, 129.37974548339844, 138.39804077148438, 202.01690673828125, 1143.4918212890625]"
2014-02-10,2014-02-16,6886.0,21819,13820.0,"[20, 17, 20, 20, 10, 20, 20]","[1, 0, 1, 3, 20, 20, 20]","[0.0, 0.0, 0.0, 0.0, 0.0, 0.0, 0.2959868214711689]","[117, 150, 160, 211, 281, 1046, 925]","[131.720947265625, 105.49764251708984, 130.90524291992188, 141.44955444335938, 202.77273559570312, 1145.5125732421875, 910.1214599609375]"
2014-02-11,2014-02-17,7256.0,20434,13620.0,"[17, 20, 20, 10, 20, 0, 20]","[0, 0, 0, 20, 20, 20, 20]","[0.0, 0.0, 0.0, 0.0, 0.0, 0.0, 0.0]","[150, 160, 211, 281, 1046, 925, 713]","[105.60015869140625, 128.865966796875, 139.4058380126953, 203.643310546875, 1146.8115234375, 913.2955932617188, 816.1514282226562]"
2014-02-12,2014-02-18,8348.0,23922,15340.0,"[13, 0, 20, 20, 20, 20, 18]","[8, 20, 12, 20, 20, 20, 0]","[0.0, 0.2957027135828653, 0.0, 0.0, 0.0, 0.0, 0.0]","[160, 211, 281, 1046, 925, 713, 108]","[132.0675048828125, 141.4322052001953, 204.96536254882812, 1151.5325927734375, 910.6055297851562, 815.9757080078125, 111.33293914794922]"
2014-02-13,2014-02-19,6935.0,20179,12315.0,"[14, 17, 17, 16, 18, 14, 7]","[8, 8, 12, 20, 13, 3, 8]","[0.08430097763519108, 0.08304156075881722, 0.18155092563280129, 0.08225856589423283, 0.07789683164101838, 0.030715622277734077, 0.031579583199577654]","[211, 281, 1046, 925, 713, 108, 141]","[143.97434997558594, 205.37094116210938, 1153.2908935546875, 916.1963500976562, 814.7725830078125, 113.0821762084961, 109.7811508178711]"
2014-02-14,2014-02-20,7328.0,20842,13980.0,"[20, 20, 20, 20, 18, 0, 20]","[0, 20, 20, 20, 0, 15, 5]","[0.0, 0.0, 0.0, 0.0, 0.0, 0.0, 0.0]","[281, 1046, 925, 713, 108, 141, 113]","[206.9238739013672, 1146.2032470703125, 912.7451171875, 816.565673828125, 108.22476196289062, 105.84514617919922, 154.8876953125]"
2014-02-15,2014-02-21,6288.0,18582,12500.0,"[20, 20, 20, 20, 0, 0, 20]","[20, 0, 20, 0, 15, 20, 0]","[0.0, 0.0, 0.0, 0.0, 0.0, 0.0, 0.08033290430834097]","[1046, 925, 713, 108, 141, 113, 151]","[1154.1322021484375, 917.993896484375, 814.9190063476562, 115.06851959228516, 107.72543334960938, 154.3338623046875, 198.40756225585938]"
2014-02-16,2014-02-22,5966.0,17204,11490.0,"[20, 20, 19, 20, 20, 20, 0]","[20, 20, 0, 0, 0, 10, 0]","[0.0024595182396898356, 0.0, 0.0, 0.0, 0.0, 0.0, 0.0]","[925, 713, 108, 141, 113, 151, 272]","[920.3599243164062, 819.3160400390625, 114.23504638671875, 111.6942367553711, 151.20213317871094, 194.46600341796875, 253.30642700195312]"
2014-02-17,2014-02-23,5595.0,18870,13625.0,"[20, 0, 0, 20, 9, 20, 20]","[20, 16, 15, 5, 20, 19, 0]","[0.0, 0.0, 0.0, 0.0, 0.0, 0.0, 0.0]","[713, 108, 141, 113, 151, 272, 183]","[830.904296875, 113.3355941772461, 108.96348571777344, 155.20489501953125, 197.79603576660156, 253.35516357421875, 220.86578369140625]"
2014-02-18,2014-02-24,5114.0,18161,12480.0,"[19, 20, 20, 20, 20, 20, 19]","[0, 0, 0, 11, 20, 14, 0]","[0.0, 0.3, 0.0, 0.0, 0.0, 0.0, 0.0]","[108, 141, 113, 151, 272, 183, 98]","[116.6213607788086, 108.20256805419922, 153.32177734375, 197.63804626464844, 256.8165283203125, 218.9949493408203, 115.6642837524414]"
2014-02-19,2014-02-25,4374.0,15521,11300.0,"[18, 20, 15, 20, 20, 20, 0]","[0, 5, 15, 20, 14, 0, 0]","[0.0, 0.0, 0.0, 0.0, 0.0, 0.0, 0.3]","[141, 113, 151, 272, 183, 98, 108]","[108.14332580566406, 155.6206817626953, 196.3059539794922, 255.68582153320312, 219.08387756347656, 116.95013427734375, 104.00556945800781]"
2014-02-20,2014-02-26,4732.0,18560,12545.0,"[20, 20, 20, 14, 20, 0, 20]","[0, 11, 20, 20, 0, 15, 0]","[0.3, 0.2648144763156255, 0.0, 0.0, 0.0, 0.0, 0.01952649202207768]","[113, 151, 272, 183, 98, 108, 113]","[162.29002380371094, 200.86228942871094, 258.47161865234375, 222.15286254882812, 118.2406997680664, 105.54798126220703, 114.8993911743164]"
2014-02-21,2014-02-27,4996.0,16636,11100.0,"[20, 20, 20, 20, 17, 20, 20]","[11, 20, 0, 0, 0, 0, 0]","[0.0, 0.0, 0.0, 0.0, 0.0, 0.0, 0.3]","[151, 272, 183, 98, 108, 113, 104]","[199.6976776123047, 257.177978515625, 220.05197143554688, 119.09318542480469, 104.0782241821289, 114.58164978027344, 122.373291015625]"
2014-02-22,2014-02-28,5154.0,16711,11780.0,"[18, 20, 0, 17, 7, 20, 20]","[20, 14, 17, 0, 10, 0, 4]","[0.0, 0.0, 0.0, 0.028843334584588504, 6.813386399110512e-05, 0.0, 0.0]","[272, 183, 98, 108, 113, 104, 136]","[251.5628662109375, 218.4661407470703, 117.81549072265625, 105.05233764648438, 115.4040298461914, 123.87413787841797, 150.81321716308594]"
2014-02-23,2014-03-01,4469.0,16745,10925.0,"[15, 13, 13, 10, 15, 16, 17]","[16, 6, 3, 8, 5, 7, 10]","[0.1389243746992681, 0.07158492232518039, 0.08695893264869083, 0.07208446584721151, 0.07984128587176487, 0.2051911124062081, 0.08388810868468251]","[183, 98, 108, 113, 104, 136, 235]","[220.485107421875, 119.57213592529297, 105.26239013671875, 117.30305480957031, 124.71725463867188, 152.42784118652344, 252.43389892578125]"
2014-02-24,2014-03-02,4251.0,15645,10145.0,"[20, 17, 19, 5, 20, 20, 20]","[0, 0, 0, 13, 5, 0, 11]","[0.0, 0.2570208690164195, 0.0, 0.0, 0.001801944091279239, 0.3, 0.0]","[98, 108, 113, 104, 136, 235, 188]","[116.4549331665039, 105.03851318359375, 116.03587341308594, 123.25910186767578, 153.44178771972656, 254.239990234375, 198.8558349609375]"
2014-02-25,2014-03-03,4845.0,17754,12010.0,"[11, 13, 11, 9, 19, 11, 20]","[5, 5, 8, 14, 20, 19, 1]","[0.25661494482705377, 0.0, 0.2983088313461647, 0.0, 0.0, 0.0, 0.0]","[108, 113, 104, 136, 235, 188, 113]","[104.46844482421875, 116.60240936279297, 123.29904174804688, 153.18597412109375, 251.7374267578125, 202.29550170898438, 150.31893920898438]"
2014-02-26,2014-03-04,4996.0,16949,12190.0,"[19, 3, 19, 20, 10, 16, 12]","[0, 15, 5, 18, 20, 7, 7]","[0.0, 0.0, 0.0, 0.0, 0.0, 0.0, 0.0]","[113, 104, 136, 235, 188, 113, 108]","[114.58322143554688, 123.41243743896484, 151.814208984375, 248.7510528564453, 200.91030883789062, 149.57679748535156, 120.94771575927734]"
2014-02-27,2014-03-05,4628.0,16146,10920.0,"[0, 20, 20, 20, 2, 20, 20]","[17, 0, 18, 0, 20, 0, 0]","[0.0, 0.0, 0.0, 0.0, 0.0, 0.3, 0.0]","[104, 136, 235, 188, 113, 108, 118]","[123.0452880859375, 152.0776824951172, 248.77720642089844, 198.36021423339844, 152.41787719726562, 120.82449340820312, 129.3838653564453]"
2014-02-28,2014-03-06,5012.0,17779,12560.0,"[20, 18, 10, 19, 6, 20, 0]","[4, 20, 20, 5, 12, 1, 19]","[0.0, 0.0, 0.0, 0.0, 0.011416902346309207, 0.20088195627864766, 0.0]","[136, 235, 188, 113, 108, 118, 127]","[150.59800720214844, 249.2010955810547, 201.1780242919922, 153.7532958984375, 120.09719848632812, 127.85098266601562, 137.08804321289062]"
2014-03-01,2014-03-07,4772.0,18034,13070.0,"[18, 12, 13, 2, 11, 11, 9]","[20, 19, 10, 15, 9, 10, 16]","[0.0, 0.0, 0.0, 0.0026321851738022304, 0.199010793101523, 0.0, 0.0]","[235, 188, 113, 108, 118, 127, 151]","[248.51893615722656, 202.69024658203125, 153.25852966308594, 118.9902114868164, 128.00637817382812, 138.43890380859375, 166.31216430664062]"
2014-03-02,2014-03-08,5039.0,19211,12755.0,"[10, 19, 18, 20, 18, 20, 20]","[20, 5, 2, 0, 4, 6, 19]","[0.0, 0.0, 0.0, 0.3, 0.3, 0.0, 0.0]","[188, 113, 108, 118, 127, 151, 269]","[203.40499877929688, 152.02891540527344, 120.1957015991211, 128.76220703125, 137.86895751953125, 167.04409790039062, 253.9747772216797]"
2014-03-03,2014-03-09,4699.0,18020,11885.0,"[10, 20, 20, 10, 20, 20, 20]","[13, 0, 1, 11, 6, 19, 0]","[9.551325335625126e-07, 0.0, 0.3, 0.0, 0.0, 0.0, 0.3]","[113, 108, 118, 127, 151, 269, 193]","[150.24472045898438, 119.05206298828125, 127.47402954101562, 138.50721740722656, 166.61105346679688, 255.58509826660156, 214.4464874267578]"
2014-03-04,2014-03-10,5625.0,18134,11955.0,"[0, 0, 20, 20, 20, 20, 20]","[17, 18, 0, 0, 19, 13, 0]","[0.0, 0.3, 0.0, 0.0, 0.0, 0.0, 0.0]","[108, 118, 127, 151, 269, 193, 123]","[118.62162780761719, 126.76351928710938, 137.29257202148438, 166.20228576660156, 257.1175231933594, 216.82554626464844, 137.6287078857422]"
2014-03-05,2014-03-11,6068.0,19036,11920.0,"[20, 20, 20, 20, 20, 20, 20]","[0, 0, 6, 19, 14, 0, 0]","[0.0, 0.0, 0.0, 0.0, 0.3, 0.0, 0.0011738143635938653]","[118, 127, 151, 269, 193, 123, 108]","[123.79911041259766, 135.48977661132812, 166.1463623046875, 255.8343505859375, 217.6696319580078, 135.37728881835938, 117.43364715576172]"
2014-03-06,2014-03-12,6099.0,18156,12365.0,"[20, 20, 19, 12, 14, 19, 0]","[0, 7, 20, 20, 7, 0, 17]","[0.0028845720622606404, 0.0, 0.0, 0.0, 0.0, 0.0, 0.0]","[127, 151, 269, 193, 123, 108, 123]","[135.75010681152344, 169.60585021972656, 253.19871520996094, 215.42276000976562, 136.95237731933594, 117.84632873535156, 122.12512969970703]"
2014-03-07,2014-03-13,6190.0,18275,12400.0,"[4, 20, 20, 0, 20, 20, 20]","[20, 20, 13, 19, 0, 0, 0]","[0.0, 0.0, 0.0, 0.0, 0.0, 0.0, 0.0]","[151, 269, 193, 123, 108, 123, 132]","[165.77792358398438, 257.34405517578125, 214.7270050048828, 135.36424255371094, 116.64350128173828, 120.56351470947266, 124.98172760009766]"
2014-03-08,2014-03-14,6398.0,18037,11940.0,"[20, 20, 20, 20, 20, 20, 0]","[20, 13, 0, 0, 0, 0, 20]","[0.0, 0.0, 0.0, 0.0, 0.0, 0.0, 0.0]","[269, 193, 123, 108, 123, 132, 222]","[254.9352264404297, 215.45901489257812, 133.52159118652344, 115.54368591308594, 120.87328338623047, 126.75856018066406, 155.81690979003906]"
2014-03-09,2014-03-15,5540.0,18190,12960.0,"[13, 20, 19, 0, 0, 0, 20]","[20, 0, 0, 20, 18, 20, 20]","[0.0, 0.0, 0.0, 0.0, 0.0, 0.0, 0.0]","[193, 123, 108, 123, 132, 222, 330]","[218.14541625976562, 136.29156494140625, 117.09617614746094, 121.81800842285156, 126.3158950805664, 156.22817993164062, 282.9793701171875]"
2014-03-10,2014-03-16,6244.0,19181,12550.0,"[20, 20, 20, 19, 20, 20, 11]","[2, 0, 0, 1, 5, 20, 20]","[0.0, 0.0, 0.2932991461924072, 0.0, 0.0, 0.0, 0.0]","[123, 108, 123, 132, 222, 330, 245]","[136.73672485351562, 117.86978149414062, 122.18958282470703, 125.84961700439453, 156.83511352539062, 282.2229919433594, 209.42796325683594]"
2014-03-11,2014-03-17,6446.0,19398,12540.0,"[14, 0, 14, 13, 20, 18, 10]","[4, 17, 6, 11, 20, 14, 10]","[0.0, 0.0, 0.294778325442838, 0.0, 0.0, 0.0, 0.0]","[108, 123, 132, 222, 330, 245, 146]","[115.66832733154297, 120.01618957519531, 125.64688110351562, 156.15643310546875, 280.7402648925781, 207.8326416015625, 132.61419677734375]"
2014-03-12,2014-03-18,6792.0,18688,11360.0,"[20, 20, 20, 20, 20, 20, 20]","[0, 0, 0, 20, 12, 0, 0]","[0.3, 0.0, 0.0, 0.0, 0.0, 0.0, 0.0]","[123, 132, 222, 330, 245, 146, 127]","[119.70518493652344, 124.54661560058594, 155.9055633544922, 282.7892150878906, 207.48782348632812, 132.93177795410156, 129.11264038085938]"
2014-03-13,2014-03-19,6550.0,18705,11620.0,"[0, 20, 20, 11, 20, 20, 20]","[17, 0, 20, 20, 0, 0, 0]","[0.0, 0.0, 0.0, 0.0, 0.3, 0.0, 0.0]","[132, 222, 330, 245, 146, 127, 161]","[122.93602752685547, 155.13304138183594, 283.1977844238281, 207.7198486328125, 130.0679473876953, 128.6200714111328, 126.70177459716797]"
2014-03-14,2014-03-20,6958.0,20050,11915.0,"[20, 20, 20, 20, 20, 20, 20]","[0, 20, 12, 1, 0, 1, 4]","[0.0, 0.0, 0.0, 0.0, 0.0, 0.2600597267764189, 0.29524544185402274]","[222, 330, 245, 146, 127, 161, 152]","[155.41598510742188, 281.4584655761719, 208.48342895507812, 131.18544006347656, 128.98284912109375, 127.23202514648438, 151.5533447265625]"
2014-03-15,2014-03-21,6928.0,18462,11860.0,"[20, 11, 0, 20, 20, 20, 20]","[20, 20, 20, 0, 0, 0, 0]","[0.0, 0.0, 0.0, 0.0, 0.0, 0.0, 0.0]","[330, 245, 146, 127, 161, 152, 207]","[283.21923828125, 209.9526824951172, 134.05137634277344, 130.59849548339844, 130.86618041992188, 153.42294311523438, 201.67759704589844]"
2014-03-16,2014-03-22,6436.0,18856,11805.0,"[20, 0, 20, 10, 20, 20, 20]","[13, 19, 0, 10, 5, 11, 0]","[0.0, 0.29852643988525684, 0.07512119251510486, 0.0, 0.0, 0.0, 0.0]","[245, 146, 127, 161, 152, 207, 325]","[211.5242919921875, 133.15501403808594, 130.69757080078125, 129.94178771972656, 153.88539123535156, 204.5384521484375, 311.41229248046875]"
2014-03-17,2014-03-23,6612.0,18768,12500.0,"[20, 20, 0, 20, 20, 0, 20]","[2, 0, 18, 4, 12, 20, 16]","[0.0, 0.0, 0.0, 0.0, 0.0, 0.0, 0.0]","[146, 127, 161, 152, 207, 325, 236]","[134.93637084960938, 130.9966278076172, 129.63833618164062, 153.15145874023438, 203.7890625, 309.5796203613281, 232.1641845703125]"
2014-03-18,2014-03-24,7308.0,21442,13760.0,"[20, 0, 20, 11, 20, 17, 20]","[0, 20, 5, 20, 20, 18, 0]","[0.0, 0.0, 0.0, 0.0, 0.0, 0.0, 0.3]","[127, 161, 152, 207, 325, 236, 133]","[132.3043975830078, 131.21543884277344, 154.26007080078125, 205.9134521484375, 312.9842834472656, 232.38088989257812, 136.8817138671875]"
2014-03-19,2014-03-25,7666.0,21106,13090.0,"[11, 20, 19, 20, 20, 19, 20]","[9, 4, 13, 20, 16, 0, 0]","[0.0, 0.0, 1.360058105011034e-05, 0.0, 0.0, 0.3, 0.0]","[161, 152, 207, 325, 236, 133, 161]","[129.13255310058594, 152.28953552246094, 204.31243896484375, 310.17242431640625, 230.63986206054688, 137.0115509033203, 127.2770004272461]"
2014-03-20,2014-03-26,6862.0,18683,12160.0,"[7, 20, 20, 15, 0, 20, 0]","[16, 12, 20, 20, 20, 0, 0]","[0.0, 0.0, 0.0, 0.0, 0.0, 0.022402526101317446, 0.3]","[152, 207, 325, 236, 133, 161, 165]","[154.0435333251953, 204.32106018066406, 310.8321228027344, 232.58236694335938, 138.66004943847656, 129.02854919433594, 150.08912658691406]"
2014-03-21,2014-03-27,7873.0,21097,13705.0,"[16, 20, 20, 20, 0, 20, 20]","[15, 20, 16, 2, 18, 0, 7]","[0.0, 0.0, 0.0, 0.0, 0.0, 0.0, 0.0]","[207, 325, 236, 133, 161, 165, 189]","[203.06373596191406, 310.2294921875, 232.62266540527344, 138.59860229492188, 129.4330291748047, 148.99464416503906, 174.76280212402344]"
2014-03-22,2014-03-28,7260.0,19380,12500.0,"[20, 20, 20, 20, 20, 0, 20]","[20, 16, 0, 0, 4, 20, 0]","[0.0, 0.0, 0.0, 0.0, 0.0, 0.01504211391693075, 0.0]","[325, 236, 133, 161, 165, 189, 241]","[312.8544921875, 232.9473419189453, 139.0509490966797, 129.95498657226562, 150.7325897216797, 175.0576629638672, 236.4159698486328]"
2014-03-23,2014-03-29,7744.0,22850,14720.0,"[20, 20, 20, 20, 20, 16, 20]","[16, 2, 0, 4, 8, 20, 20]","[0.0, 0.3, 0.0, 0.0, 0.0, 0.0, 0.0]","[236, 133, 161, 165, 189, 241, 345]","[231.70542907714844, 138.70172119140625, 128.95982360839844, 150.6144256591797, 176.21986389160156, 235.30184936523438, 300.457763671875]"
2014-03-24,2014-03-30,7460.0,20060,13020.0,"[20, 20, 20, 20, 16, 20, 20]","[0, 0, 4, 8, 20, 20, 0]","[0.0, 0.0, 0.0, 0.0, 0.0, 0.0, 0.0]","[133, 161, 165, 189, 241, 345, 242]","[139.25804138183594, 127.95447540283203, 150.03024291992188, 176.781005859375, 234.7512969970703, 300.3835754394531, 236.05625915527344]"
2014-03-25,2014-03-31,7850.0,22950,14620.0,"[20, 20, 19, 15, 20, 20, 0]","[0, 4, 8, 20, 20, 17, 19]","[0.0, 0.0009417611344751074, 0.2962357004618174, 0.0, 0.0, 0.0, 0.0006954071985401521]","[161, 165, 189, 241, 345, 242, 175]","[126.96167755126953, 149.5878143310547, 174.21731567382812, 233.78704833984375, 300.6426696777344, 238.5780029296875, 133.2550811767578]"
2014-03-26,2014-04-01,8142.0,21743,14120.0,"[20, 6, 19, 20, 17, 20, 20]","[0, 20, 20, 20, 20, 0, 0]","[0.01414207127440123, 0.0, 0.0, 0.0, 0.0, 0.0, 0.0]","[165, 189, 241, 345, 242, 175, 137]","[151.6548309326172, 176.00555419921875, 236.4713134765625, 300.6607971191406, 240.73248291015625, 132.14566040039062, 153.68637084960938]"
2014-03-27,2014-04-02,8049.0,22066,14555.0,"[20, 16, 20, 20, 20, 20, 20]","[8, 20, 20, 20, 1, 5, 0]","[0.0, 0.0, 0.0, 0.0, 0.0, 0.0, 0.0]","[189, 241, 345, 242, 175, 137, 161]","[178.15213012695312, 235.2533416748047, 301.172607421875, 248.6157684326172, 131.73707580566406, 155.4656219482422, 164.83554077148438]"
2014-03-28,2014-04-03,7574.0,22071,14280.0,"[20, 20, 20, 20, 0, 20, 20]","[16, 20, 18, 0, 20, 0, 8]","[0.0, 0.0, 0.0, 0.2971130153584987, 0.0, 0.0, 0.0]","[241, 345, 242, 175, 137, 161, 152]","[234.3568878173828, 300.5580139160156, 247.91249084472656, 131.69960021972656, 154.7025604248047, 165.483642578125, 180.44825744628906]"
2014-03-29,2014-04-04,6882.0,20949,13540.0,"[20, 18, 20, 20, 19, 20, 20]","[20, 20, 0, 5, 7, 8, 0]","[0.0, 0.023434037556122115, 0.0, 0.3, 0.0, 0.0, 0.0]","[345, 242, 175, 137, 161, 152, 194]","[301.3610534667969, 247.096435546875, 133.8257293701172, 158.23794555664062, 165.81793212890625, 179.47569274902344, 213.7048797607422]"
2014-03-30,2014-04-05,6588.0,22341,14035.0,"[19, 17, 20, 20, 20, 20, 20]","[20, 2, 4, 0, 8, 9, 20]","[0.0, 0.009827576699387504, 0.2501434048103303, 0.0, 0.0, 0.07787142696400987, 0.24897237899035124]","[242, 175, 137, 161, 152, 194, 332]","[251.27853393554688, 119.9606704711914, 146.84671020507812, 165.54217529296875, 177.57945251464844, 207.6009063720703, 299.3162536621094]"
2014-03-31,2014-04-06,6828.0,21592,15020.0,"[20, 0, 4, 20, 12, 20, 20]","[0, 20, 20, 8, 20, 20, 16]","[0.13881364251306816, 0.0, 0.0, 0.0, 0.0, 0.0, 0.0]","[175, 137, 161, 152, 194, 332, 265]","[134.72488403320312, 158.8789520263672, 166.8029327392578, 181.33770751953125, 215.62452697753906, 298.09356689453125, 237.08551025390625]"
2014-04-01,2014-04-07,6188.0,20077,14310.0,"[20, 20, 20, 14, 20, 0, 20]","[6, 6, 9, 19, 20, 20, 6]","[0.0, 0.0, 0.0, 0.0, 0.0, 0.0, 0.0]","[137, 161, 152, 194, 332, 265, 137]","[160.49008178710938, 167.17758178710938, 182.37393188476562, 216.882080078125, 299.4826965332031, 236.67672729492188, 164.2528076171875]"
2014-04-02,2014-04-08,6555.0,18105,11855.0,"[20, 20, 20, 20, 20, 20, 20]","[0, 8, 13, 0, 16, 1, 0]","[0.0, 0.0, 0.0, 0.0, 0.0, 0.0, 0.0]","[161, 152, 194, 332, 265, 137, 152]","[163.33372497558594, 179.09298706054688, 214.36849975585938, 299.76300048828125, 236.3297119140625, 163.65870666503906, 131.4640655517578]"
2014-04-03,2014-04-09,6200.0,21864,13945.0,"[10, 19, 19, 12, 12, 11, 10]","[17, 13, 17, 17, 13, 9, 12]","[0.1391114147414771, 0.07502149258179387, 0.08294084919560417, 0.18236260306870858, 0.1391903346897956, 0.08722384095828176, 0.1478111895325422]","[152, 194, 332, 265, 137, 152, 152]","[178.9883270263672, 214.39337158203125, 300.9169921875, 236.22947692871094, 162.7652587890625, 131.96800231933594, 154.84091186523438]"
2014-04-04,2014-04-10,6616.0,18819,12550.0,"[12, 20, 19, 20, 20, 0, 20]","[20, 20, 17, 6, 1, 0, 6]","[0.0, 0.0, 0.0, 0.0, 0.0, 0.0, 0.0]","[194, 332, 265, 137, 152, 152, 156]","[213.76576232910156, 298.74871826171875, 235.51773071289062, 161.57534790039062, 131.18263244628906, 153.38604736328125, 165.6444549560547]"
2014-04-05,2014-04-11,7460.0,20400,13380.0,"[20, 20, 20, 20, 20, 20, 20]","[20, 17, 6, 0, 0, 0, 12]","[0.0, 0.0, 0.0, 0.0, 0.0, 0.0, 0.0]","[332, 265, 137, 152, 152, 156, 227]","[299.1303405761719, 237.72254943847656, 163.10552978515625, 132.0441131591797, 152.21670532226562, 164.84487915039062, 205.45619201660156]"
2014-04-06,2014-04-12,6702.0,19193,12860.0,"[20, 20, 0, 20, 20, 20, 20]","[17, 6, 19, 0, 0, 0, 20]","[0.0, 0.0, 0.0, 0.0, 0.0, 0.0, 0.0]","[265, 137, 152, 152, 156, 227, 351]","[237.60427856445312, 165.01953125, 131.90614318847656, 152.9071807861328, 164.0403594970703, 206.0867919921875, 305.6781921386719]"
2014-04-07,2014-04-13,6818.0,19227,12780.0,"[20, 20, 20, 20, 20, 20, 20]","[6, 2, 0, 6, 12, 20, 0]","[0.0, 0.0, 0.0, 0.0012516353346020206, 0.0, 0.0, 0.0]","[137, 152, 152, 156, 227, 351, 252]","[166.5582733154297, 133.392333984375, 153.88902282714844, 165.32208251953125, 206.4690704345703, 305.4877624511719, 248.3423309326172]"
2014-04-08,2014-04-14,7790.0,21590,14310.0,"[2, 17, 20, 11, 20, 20, 20]","[17, 7, 6, 20, 20, 18, 0]","[0.0, 0.0, 0.0, 0.0, 0.0, 0.0, 0.0]","[152, 152, 156, 227, 351, 252, 166]","[131.81578063964844, 153.056396484375, 164.17300415039062, 207.75611877441406, 306.1358947753906, 246.11627197265625, 151.2122344970703]"
2014-04-09,2014-04-15,7937.0,21403,13965.0,"[20, 13, 11, 20, 18, 20, 12]","[0, 12, 20, 20, 20, 0, 11]","[0.011483425676141204, 0.0, 0.017443224976331, 0.0, 0.001801441781034998, 0.005576735118849421, 0.0]","[152, 156, 227, 351, 252, 166, 199]","[153.37371826171875, 165.41172790527344, 207.0910186767578, 305.5830078125, 246.35133361816406, 150.55178833007812, 151.97230529785156]"
2014-04-10,2014-04-16,7715.0,22105,14055.0,"[20, 20, 20, 20, 20, 14, 0]","[0, 12, 20, 18, 4, 9, 20]","[0.3, 0.0, 0.0, 0.0, 0.0, 0.0, 0.0]","[156, 227, 351, 252, 166, 199, 185]","[164.3699493408203, 206.01312255859375, 306.3720703125, 246.14239501953125, 152.4273681640625, 150.8622589111328, 165.45249938964844]"
2014-04-11,2014-04-17,7450.0,21634,13400.0,"[11, 20, 20, 20, 20, 20, 0]","[20, 20, 18, 0, 0, 0, 20]","[0.29848856402048934, 0.0, 0.0, 0.0, 0.0, 0.0, 0.0]","[227, 351, 252, 166, 199, 185, 228]","[208.80007934570312, 310.2587585449219, 248.9492645263672, 160.6414337158203, 154.02029418945312, 172.89437866210938, 192.87864685058594]"
2014-04-12,2014-04-18,8061.0,21964,14435.0,"[20, 18, 0, 20, 20, 20, 17]","[20, 20, 20, 0, 7, 0, 19]","[0.0, 0.0, 0.0, 0.0, 0.0, 0.0, 0.0]","[351, 252, 166, 199, 185, 228, 346]","[307.63800048828125, 247.09400939941406, 152.5777130126953, 151.71507263183594, 167.0583953857422, 186.12440490722656, 238.2391815185547]"
2014-04-13,2014-04-19,7794.0,21301,14000.0,"[18, 10, 19, 5, 20, 20, 20]","[20, 13, 5, 20, 9, 16, 0]","[0.0, 0.0, 0.0, 0.0, 0.0, 0.0, 0.0]","[252, 166, 199, 185, 228, 346, 409]","[247.08082580566406, 154.95286560058594, 152.63674926757812, 168.58816528320312, 187.22462463378906, 237.66021728515625, 340.79901123046875]"
2014-04-14,2014-04-20,4172.0,20871,14690.0,"[20, 20, 20, 20, 16, 20, 20]","[5, 0, 7, 9, 20, 20, 10]","[0.0, 0.2952796986288826, 0.0, 0.0, 0.3, 0.0, 0.0]","[166, 199, 185, 228, 346, 409, 0]","[154.85740661621094, 151.5784454345703, 168.6909637451172, 185.9154510498047, 239.00550842285156, 343.39508056640625, 196.05638122558594]"
2014-04-15,2014-04-21,7642.0,20638,13450.0,"[20, 20, 9, 20, 20, 0, 20]","[5, 8, 20, 19, 20, 0, 10]","[0.0, 0.0, 0.0, 0.0, 0.0, 0.3, 0.0]","[199, 185, 228, 346, 409, 0, 176]","[156.052001953125, 175.62564086914062, 197.03372192382812, 250.44561767578125, 362.419921875, 181.14085388183594, 190.75828552246094]"
2014-04-16,2014-04-22,6023.0,20162,14565.0,"[16, 20, 20, 20, 20, 20, 20]","[12, 12, 18, 20, 0, 11, 0]","[0.0, 0.0, 0.0, 0.0, 0.0, 0.0, 0.0]","[185, 228, 346, 409, 0, 176, 176]","[182.36825561523438, 202.4569549560547, 250.16639709472656, 366.34307861328125, 177.2165069580078, 201.2717742919922, 170.319580078125]"
2014-04-17,2014-04-23,5553.0,18377,13145.0,"[20, 20, 20, 20, 20, 20, 20]","[0, 17, 20, 0, 9, 0, 7]","[0.0, 0.0, 0.0, 0.0, 0.0, 0.0, 0.0]","[228, 346, 409, 0, 176, 176, 166]","[189.2771759033203, 239.79681396484375, 343.165771484375, 197.64109802246094, 185.10801696777344, 160.3975830078125, 174.970947265625]"
2014-04-18,2014-04-24,4775.0,19160,14625.0,"[18, 20, 9, 20, 11, 20, 20]","[19, 20, 20, 9, 13, 7, 0]","[0.0, 0.0, 0.0, 0.0, 0.0, 0.0, 0.08845337666221592]","[346, 409, 0, 176, 176, 166, 218]","[239.4862518310547, 342.60540771484375, 197.267333984375, 183.88705444335938, 160.7505645751953, 176.00909423828125, 187.5330047607422]"
2014-04-19,2014-04-25,4566.0,19414,15230.0,"[20, 5, 20, 20, 20, 20, 20]","[20, 20, 0, 7, 9, 10, 20]","[0.0, 0.0, 0.0, 0.0, 0.0, 0.0, 0.0]","[409, 0, 176, 176, 166, 218, 237]","[380.9476013183594, 173.55799865722656, 214.3011932373047, 173.25167846679688, 188.2176513671875, 194.50790405273438, 263.34130859375]"
2014-04-20,2014-04-26,3836.0,18224,14700.0,"[20, 20, 20, 20, 20, 20, 20]","[9, 12, 8, 10, 11, 20, 0]","[0.0, 0.0, 0.0, 0.0, 0.0, 0.0, 0.0]","[0, 176, 176, 166, 218, 237, 366]","[185.34230041503906, 203.65785217285156, 179.6929168701172, 190.30442810058594, 197.20248413085938, 271.1775207519531, 347.3724670410156]"
2014-04-21,2014-04-27,7057.0,20638,14035.0,"[20, 4, 20, 0, 20, 20, 20]","[11, 20, 8, 20, 18, 0, 13]","[0.0, 0.0, 0.0, 0.0, 0.0, 0.0, 0.0]","[176, 176, 166, 218, 237, 366, 238]","[199.385009765625, 162.90484619140625, 179.41665649414062, 182.6878204345703, 250.96636962890625, 344.0799865722656, 213.5727996826172]"
2014-04-22,2014-04-28,6910.0,18615,12040.0,"[20, 0, 20, 20, 20, 20, 0]","[5, 20, 9, 19, 20, 0, 0]","[0.0, 0.0, 0.0, 0.0, 0.0, 0.0, 0.3]","[176, 166, 218, 237, 366, 238, 147]","[156.86801147460938, 173.82125854492188, 187.47860717773438, 254.1642303466797, 342.4975891113281, 206.44728088378906, 155.23550415039062]"
2014-04-23,2014-04-29,6849.0,20196,13775.0,"[7, 20, 0, 20, 20, 20, 20]","[20, 10, 20, 20, 11, 0, 5]","[0.0, 0.0, 0.0, 0.0, 0.0, 0.0, 0.0]","[166, 218, 237, 366, 238, 147, 115]","[180.47744750976562, 188.6248779296875, 257.078369140625, 347.0028991699219, 199.50119018554688, 158.24456787109375, 159.33604431152344]"
2014-04-24,2014-04-30,6856.0,20434,14020.0,"[20, 20, 20, 0, 20, 0, 20]","[9, 20, 20, 20, 5, 20, 0]","[0.0, 0.0, 0.0, 0.0, 0.0, 0.0, 0.0]","[218, 237, 366, 238, 147, 115, 157]","[184.962890625, 254.0989227294922, 347.632568359375, 199.31982421875, 157.33106994628906, 158.8601531982422, 139.9332275390625]"
2014-04-25,2014-05-01,6984.0,20026,13460.0,"[20, 20, 11, 20, 0, 20, 20]","[20, 20, 20, 0, 20, 0, 0]","[0.0, 0.0, 0.0, 0.0, 0.0, 0.0, 0.0]","[237, 366, 238, 147, 115, 157, 157]","[262.3297119140625, 351.53863525390625, 208.22479248046875, 156.5206298828125, 156.95660400390625, 135.9581756591797, 186.99185180664062]"
2014-04-26,2014-05-02,6612.0,21493,14510.0,"[20, 13, 20, 20, 20, 19, 13]","[20, 20, 0, 5, 3, 10, 20]","[0.0, 0.0, 0.3, 0.0, 0.0, 0.0, 0.0]","[366, 238, 147, 115, 157, 157, 219]","[336.1105651855469, 220.55130004882812, 154.53953552246094, 158.68325805664062, 141.77503967285156, 187.5392608642578, 220.8185272216797]"
2014-04-27,2014-05-03,6294.0,21916,15130.0,"[20, 10, 20, 0, 7, 20, 20]","[13, 13, 5, 20, 20, 14, 20]","[0.0, 0.0, 0.0, 0.3, 0.0, 0.0, 0.0]","[238, 147, 115, 157, 157, 219, 320]","[214.23390197753906, 153.80404663085938, 156.9706573486328, 141.84767150878906, 182.46925354003906, 220.96742248535156, 319.7373046875]"
2014-04-28,2014-05-04,6555.0,20995,14915.0,"[20, 20, 15, 8, 15, 20, 20]","[0, 5, 7, 19, 18, 20, 17]","[0.0, 0.0, 0.0, 0.0, 0.0, 0.0, 0.0]","[147, 115, 157, 157, 219, 320, 228]","[162.3504180908203, 159.85679626464844, 141.4426727294922, 179.8387908935547, 219.73843383789062, 322.3681640625, 241.91412353515625]"
2014-04-29,2014-05-05,7341.0,20944,14075.0,"[20, 20, 20, 13, 20, 20, 20]","[0, 2, 9, 20, 20, 17, 0]","[0.0, 0.0003402770971675734, 0.0, 0.0, 0.0, 0.0, 0.0]","[115, 157, 157, 219, 320, 228, 124]","[153.83285522460938, 135.58169555664062, 182.33328247070312, 221.6717071533203, 321.4434814453125, 244.8311004638672, 143.49864196777344]"
2014-04-30,2014-05-06,7530.0,20145,13040.0,"[20, 20, 20, 20, 20, 20, 20]","[0, 0, 14, 20, 19, 0, 0]","[0.0, 0.0, 0.0, 0.0, 0.0, 0.0, 0.0]","[157, 157, 219, 320, 228, 124, 119]","[133.63206481933594, 188.94668579101562, 219.47450256347656, 328.4036865234375, 248.63478088378906, 139.21131896972656, 138.42568969726562]"
2014-05-01,2014-05-07,7092.0,21644,13920.0,"[20, 20, 20, 20, 20, 20, 20]","[9, 15, 20, 17, 3, 0, 0]","[0.3, 0.0, 0.0, 0.0, 0.006541348507578783, 0.0, 0.0]","[157, 219, 320, 228, 124, 119, 129]","[183.58297729492188, 227.73028564453125, 325.40216064453125, 239.99606323242188, 140.57078552246094, 136.29159545898438, 143.13232421875]"
2014-05-02,2014-05-08,6776.0,21306,13280.0,"[12, 20, 20, 0, 20, 20, 20]","[20, 20, 17, 20, 0, 0, 0]","[0.0, 0.0, 0.0, 0.0, 0.3, 0.0, 0.3]","[219, 320, 228, 124, 119, 129, 163]","[215.6824188232422, 318.9023132324219, 241.86276245117188, 140.07406616210938, 134.15089416503906, 144.137939453125, 169.6824188232422]"
2014-05-03,2014-05-09,7160.0,20315,13590.0,"[20, 20, 19, 20, 20, 20, 20]","[20, 17, 4, 0, 3, 0, 14]","[0.0, 0.0, 0.0, 0.0, 0.0, 0.0, 0.0]","[320, 228, 124, 119, 129, 163, 215]","[322.0696105957031, 244.22164916992188, 141.791015625, 132.95875549316406, 143.19931030273438, 167.55938720703125, 219.7117462158203]"
2014-05-04,2014-05-10,6330.0,20655,14780.0,"[20, 0, 20, 20, 0, 20, 20]","[18, 20, 0, 4, 20, 16, 20]","[0.0, 0.0, 0.0, 0.011742573709018557, 0.0, 0.0, 0.0]","[228, 124, 119, 129, 163, 215, 329]","[248.08375549316406, 143.8644256591797, 138.6915740966797, 146.5675048828125, 168.13235473632812, 236.45907592773438, 328.9819030761719]"
2014-05-05,2014-05-11,5910.0,17345,10940.0,"[20, 0, 20, 20, 13, 20, 20]","[0, 18, 3, 6, 20, 0, 0]","[0.0, 0.0, 0.0, 0.0, 0.0, 0.2937917649331392, 0.0]","[124, 119, 129, 163, 215, 329, 272]","[135.85475158691406, 129.30007934570312, 141.76223754882812, 167.0409393310547, 221.9022674560547, 322.6852111816406, 254.65951538085938]"
2014-05-06,2014-05-12,6370.0,18360,12310.0,"[0, 20, 20, 20, 20, 20, 0]","[19, 0, 0, 16, 20, 18, 0]","[0.0, 0.0, 0.0, 0.0, 0.0, 0.0, 0.0]","[119, 129, 163, 215, 329, 272, 138]","[133.94644165039062, 145.44618225097656, 167.08380126953125, 234.64151000976562, 329.8233947753906, 247.00352478027344, 207.93014526367188]"
2014-05-07,2014-05-13,7412.0,21743,14850.0,"[20, 4, 20, 20, 19, 14, 20]","[3, 20, 14, 20, 20, 14, 0]","[0.0, 0.02177034659704357, 0.0, 0.0, 0.0, 0.0, 0.0]","[129, 163, 215, 329, 272, 138, 144]","[140.3103485107422, 165.475830078125, 221.7080535888672, 325.2808837890625, 247.27342224121094, 184.9999237060547, 142.03562927246094]"
2014-05-08,2014-05-14,7386.0,21029,14120.0,"[0, 20, 20, 18, 20, 20, 20]","[20, 13, 20, 20, 10, 0, 0]","[0.0, 0.0, 0.0, 0.0, 0.0, 0.0, 0.0]","[163, 215, 329, 272, 138, 144, 148]","[161.39584350585938, 211.73623657226562, 322.34613037109375, 246.59474182128906, 192.4318389892578, 143.31297302246094, 153.31532287597656]"
2014-05-09,2014-05-15,6672.0,19278,12980.0,"[20, 20, 0, 7, 20, 20, 20]","[14, 20, 20, 20, 3, 0, 0]","[0.0, 0.0, 0.0, 0.0, 0.0, 0.0, 0.0]","[215, 329, 272, 138, 144, 148, 191]","[216.42359924316406, 322.5293884277344, 243.4409637451172, 184.74903869628906, 143.74298095703125, 153.8376922607422, 177.742919921875]"
2014-05-10,2014-05-16,6706.0,18989,12640.0,"[20, 20, 20, 20, 20, 20, 20]","[20, 17, 11, 0, 0, 0, 0]","[0.0, 0.0, 0.0, 0.0, 0.0, 0.0, 0.0]","[329, 272, 138, 144, 148, 191, 225]","[322.84991455078125, 244.26451110839844, 197.24327087402344, 140.34506225585938, 153.2567596435547, 177.92376708984375, 240.77334594726562]"
2014-05-11,2014-05-17,5953.0,21790,15075.0,"[0, 20, 11, 15, 20, 20, 20]","[20, 11, 11, 10, 8, 17, 20]","[0.0, 0.0, 0.0, 0.0, 0.3, 0.0, 0.0]","[272, 138, 144, 148, 191, 225, 321]","[247.6630096435547, 201.2991943359375, 144.22760009765625, 158.8479461669922, 178.90151977539062, 241.38731384277344, 335.12786865234375]"
2014-05-12,2014-05-18,6272.0,20638,14820.0,"[10, 0, 20, 20, 20, 20, 20]","[20, 20, 5, 9, 20, 20, 0]","[0.0, 0.0, 0.0, 0.0, 0.0, 0.0, 0.0]","[138, 144, 148, 191, 225, 321, 254]","[200.91690063476562, 145.1686248779297, 158.25502014160156, 182.45751953125, 243.1381072998047, 332.57891845703125, 247.46026611328125]"
2014-05-13,2014-05-19,7999.0,22236,14785.0,"[20, 20, 7, 20, 20, 20, 20]","[0, 5, 20, 17, 20, 17, 2]","[0.0, 0.0, 0.0, 0.0, 0.0, 0.0, 0.0]","[144, 148, 191, 225, 321, 254, 167]","[138.65464782714844, 154.63209533691406, 181.21788024902344, 240.06195068359375, 332.48321533203125, 243.5226593017578, 137.337890625]"
2014-05-14,2014-05-20,7518.0,20077,12980.0,"[0, 7, 20, 20, 20, 20, 20]","[20, 19, 0, 20, 18, 0, 0]","[0.0, 0.0, 0.0, 0.0, 0.0, 0.0, 0.0]","[148, 191, 225, 321, 254, 167, 167]","[149.72679138183594, 175.91098022460938, 239.34860229492188, 332.2203063964844, 246.51873779296875, 137.68045043945312, 141.98667907714844]"
2014-05-15,2014-05-21,8153.0,22889,14345.0,"[20, 20, 20, 20, 20, 20, 15]","[7, 16, 20, 18, 2, 0, 9]","[0.0, 0.0, 0.0, 0.0, 0.3, 0.0, 0.0]","[191, 225, 321, 254, 167, 167, 187]","[171.74954223632812, 233.72116088867188, 323.9317321777344, 247.32406616210938, 138.49990844726562, 143.42604064941406, 156.01539611816406]"
2014-05-16,2014-05-22,7732.0,22508,15340.0,"[20, 20, 20, 20, 0, 20, 12]","[18, 20, 20, 2, 20, 0, 20]","[0.0, 0.0, 0.0, 0.0, 0.0, 0.0, 0.0]","[225, 321, 254, 167, 167, 187, 191]","[248.76565551757812, 337.6648864746094, 257.9743957519531, 138.46620178222656, 140.2408905029297, 159.6429901123047, 215.47793579101562]"
2014-05-17,2014-05-23,7486.0,23599,15720.0,"[20, 18, 0, 20, 0, 20, 20]","[20, 20, 20, 0, 20, 12, 20]","[0.0, 0.0, 0.3, 0.0, 0.0, 0.0, 0.0]","[321, 254, 167, 167, 187, 191, 248]","[330.6201477050781, 246.2696075439453, 134.25173950195312, 143.66429138183594, 164.17825317382812, 204.33860778808594, 281.6845397949219]"
2014-05-18,2014-05-24,6624.0,18666,12380.0,"[17, 20, 19, 20, 10, 20, 0]","[20, 0, 4, 5, 20, 20, 0]","[0.0, 0.0, 0.0, 0.0, 0.0, 0.0, 0.3]","[254, 167, 167, 187, 191, 248, 1344]","[241.59109497070312, 137.72900390625, 144.2210235595703, 155.31065368652344, 201.23843383789062, 261.6452331542969, 1341.1859130859375]"
2014-05-19,2014-05-25,6782.0,19623,12360.0,"[20, 20, 3, 19, 20, 20, 20]","[2, 4, 20, 12, 20, 0, 0]","[0.0, 0.0, 0.0, 0.0, 0.0, 0.3, 0.0]","[167, 167, 187, 191, 248, 1344, 1095]","[139.0018310546875, 147.17698669433594, 160.50152587890625, 201.4971160888672, 276.9007263183594, 1290.164794921875, 1052.48779296875]"
2014-05-20,2014-05-26,8912.0,25398,17220.0,"[20, 20, 13, 20, 20, 20, 20]","[0, 5, 18, 20, 20, 20, 20]","[0.0, 0.0, 0.0, 0.0, 0.0, 0.0, 0.0]","[167, 187, 191, 248, 1344, 1095, 1034]","[147.3179168701172, 155.57630920410156, 205.4115753173828, 263.35992431640625, 1337.427001953125, 1038.2197265625, 968.9594116210938]"
2014-05-21,2014-05-27,8929.0,25041,16825.0,"[20, 20, 20, 20, 20, 20, 20]","[0, 13, 20, 20, 20, 20, 3]","[0.0, 0.0, 0.0, 0.0, 0.0, 0.0, 0.0]","[187, 191, 248, 1344, 1095, 1034, 134]","[163.03184509277344, 209.58670043945312, 258.1834716796875, 1340.7747802734375, 1039.842041015625, 970.731201171875, 147.37156677246094]"
2014-05-22,2014-05-28,8782.0,26003,16240.0,"[20, 20, 20, 20, 20, 20, 20]","[13, 20, 20, 20, 20, 0, 0]","[0.0, 0.0, 0.0, 0.0, 0.0, 0.3, 0.3]","[191, 248, 1344, 1095, 1034, 134, 177]","[212.84397888183594, 283.4429626464844, 1289.6357421875, 1047.182861328125, 979.787841796875, 161.63870239257812, 146.2982635498047]"
2014-05-23,2014-05-29,8884.0,24196,15700.0,"[20, 20, 20, 20, 20, 20, 0]","[20, 20, 20, 20, 0, 0, 20]","[0.0, 0.09079609846297154, 0.0, 0.0, 0.0, 0.0, 0.0]","[248, 1344, 1095, 1034, 134, 177, 148]","[278.4450988769531, 1292.29638671875, 1055.3466796875, 977.6984252929688, 176.13705444335938, 147.12367248535156, 161.74693298339844]"
2014-05-24,2014-05-30,7626.0,23749,16760.0,"[20, 20, 20, 4, 20, 8, 20]","[20, 20, 20, 20, 4, 20, 12]","[0.0, 0.0, 0.0, 0.0, 0.0, 0.0, 0.0]","[1344, 1095, 1034, 134, 177, 148, 187]","[1278.192626953125, 808.8626708984375, 899.3948364257812, 165.5090789794922, 149.10403442382812, 187.06777954101562, 204.72608947753906]"
2014-05-25,2014-05-31,7766.0,23664,16530.0,"[20, 20, 14, 11, 19, 11, 20]","[20, 20, 10, 11, 8, 20, 20]","[0.0, 0.0, 0.0, 0.0, 0.0, 0.0, 0.0]","[1095, 1034, 134, 177, 148, 187, 302]","[1028.48095703125, 977.832763671875, 155.37721252441406, 143.8069610595703, 173.1509552001953, 208.81158447265625, 289.5592041015625]"
2014-05-26,2014-06-01,5836.0,18394,12880.0,"[0, 20, 12, 4, 16, 20, 18]","[20, 0, 10, 20, 15, 0, 20]","[0.0, 0.0, 0.0, 0.0, 0.0, 0.0, 0.0]","[1034, 134, 177, 148, 187, 302, 225]","[980.6621704101562, 163.9234161376953, 144.0199737548828, 164.77943420410156, 206.2616424560547, 289.0592956542969, 250.80882263183594]"
2014-05-27,2014-06-02,6019.0,20706,15145.0,"[20, 20, 20, 13, 20, 20, 19]","[7, 0, 6, 18, 20, 18, 11]","[0.0, 0.0, 0.0, 0.0, 0.0, 0.0, 0.0]","[134, 177, 148, 187, 302, 225, 144]","[172.6837158203125, 143.65130615234375, 162.10711669921875, 203.24903869628906, 287.2189025878906, 251.19485473632812, 192.78517150878906]"
2014-05-28,2014-06-03,5451.0,16949,11735.0,"[20, 4, 20, 20, 20, 20, 20]","[0, 20, 0, 0, 18, 9, 0]","[0.0, 0.0, 0.0, 0.0, 0.0, 0.0, 0.0]","[177, 148, 187, 302, 225, 144, 172]","[143.78292846679688, 167.60336303710938, 208.1223602294922, 287.2694396972656, 249.14158630371094, 184.11708068847656, 132.73480224609375]"
2014-05-29,2014-06-04,6434.0,20706,14730.0,"[20, 20, 20, 20, 9, 20, 20]","[8, 13, 20, 20, 19, 2, 0]","[0.0, 0.0, 0.0, 0.0, 0.0, 0.0, 0.0]","[148, 187, 302, 225, 144, 172, 168]","[178.72213745117188, 210.15774536132812, 290.98052978515625, 268.6588134765625, 188.87164306640625, 134.3878631591797, 176.1599578857422]"
2014-05-30,2014-06-05,6834.0,20706,14330.0,"[20, 20, 20, 20, 20, 20, 20]","[12, 20, 20, 10, 0, 0, 6]","[0.0, 0.0, 0.0, 0.0, 0.0, 0.0, 0.0]","[187, 302, 225, 144, 172, 168, 164]","[203.4366912841797, 290.3528137207031, 250.56967163085938, 189.78546142578125, 133.75640869140625, 166.49122619628906, 164.4539031982422]"
2014-05-31,2014-06-06,6857.0,20553,14145.0,"[20, 20, 0, 20, 20, 20, 20]","[20, 18, 20, 0, 6, 0, 15]","[0.0, 0.0, 0.0, 0.0, 0.0, 0.0, 0.0]","[302, 225, 144, 172, 168, 164, 182]","[279.1851806640625, 250.9213409423828, 185.54574584960938, 130.77626037597656, 166.45751953125, 172.43280029296875, 228.7957000732422]"
2014-06-01,2014-06-07,6368.0,21267,15390.0,"[17, 20, 20, 19, 12, 20, 20]","[20, 10, 0, 7, 14, 15, 19]","[0.0, 0.0, 0.0, 0.0, 0.0, 0.0, 0.0]","[225, 144, 172, 168, 164, 182, 278]","[245.99267578125, 192.53211975097656, 129.75970458984375, 164.0270538330078, 170.80767822265625, 224.87054443359375, 301.22918701171875]"
2014-06-02,2014-06-08,5142.0,18142,11120.0,"[20, 20, 20, 20, 20, 20, 20]","[10, 0, 0, 6, 13, 0, 0]","[0.0, 0.0, 0.03395097029546836, 0.21820488588583517, 0.0, 0.2943657810513548, 0.2939118866474133]","[144, 172, 168, 164, 182, 278, 230]","[191.0631561279297, 132.1773681640625, 168.40438842773438, 167.48489379882812, 216.18504333496094, 300.8561706542969, 217.1676025390625]"
2014-06-03,2014-06-09,6670.0,21446,13950.0,"[20, 20, 7, 13, 20, 20, 20]","[0, 0, 18, 20, 20, 14, 4]","[0.0, 0.0, 0.0, 0.3, 0.0, 0.02089038363477906, 0.0]","[172, 168, 164, 182, 278, 230, 144]","[130.46826171875, 165.4733428955078, 168.8309783935547, 217.18475341796875, 301.8020935058594, 218.75704956054688, 147.77935791015625]"
2014-06-04,2014-06-10,6892.0,21508,14100.0,"[0, 20, 20, 20, 20, 0, 20]","[20, 7, 14, 20, 14, 20, 0]","[0.3, 0.0, 0.0, 0.0, 0.0, 0.0, 0.0]","[168, 164, 182, 278, 230, 144, 154]","[169.42510986328125, 173.27398681640625, 223.1988067626953, 302.95355224609375, 217.90289306640625, 141.08779907226562, 162.79246520996094]"
2014-06-05,2014-06-11,6838.0,19737,13300.0,"[20, 20, 20, 12, 20, 0, 20]","[0, 15, 20, 20, 1, 20, 0]","[0.0, 0.0, 0.0, 0.0, 0.0, 0.0, 0.0]","[164, 182, 278, 230, 144, 154, 168]","[169.91810607910156, 224.08456420898438, 304.1111755371094, 215.72726440429688, 143.768798828125, 167.53271484375, 177.5463104248047]"
2014-06-06,2014-06-12,7017.0,21685,13975.0,"[13, 20, 12, 20, 8, 20, 20]","[20, 20, 20, 2, 17, 5, 0]","[0.0, 0.07115374146658818, 0.0, 0.018228344153995293, 0.2542643343239386, 0.0, 0.08820093672660183]","[182, 278, 230, 144, 154, 168, 154]","[223.27633666992188, 292.708251953125, 213.14495849609375, 145.64163208007812, 169.24440002441406, 180.3157958984375, 193.17149353027344]"
2014-06-07,2014-06-13,7276.0,21004,12820.0,"[20, 20, 20, 20, 20, 20, 20]","[20, 12, 4, 0, 0, 0, 12]","[0.0, 0.0, 0.0, 0.2610557659845997, 0.2930632521116103, 0.0, 0.0]","[278, 230, 144, 154, 168, 154, 211]","[299.5475769042969, 208.68211364746094, 147.84027099609375, 162.64312744140625, 178.88111877441406, 193.9639129638672, 208.79014587402344]"
2014-06-08,2014-06-14,7184.0,22066,15420.0,"[13, 0, 20, 20, 8, 20, 20]","[20, 20, 6, 8, 20, 12, 20]","[0.0, 0.0, 0.0, 0.0, 0.0, 0.0, 0.0]","[230, 144, 154, 168, 154, 211, 298]","[218.36219787597656, 144.5306854248047, 164.4219970703125, 178.09422302246094, 190.06585693359375, 206.6111297607422, 305.4517822265625]"
