start_date,end_date,lucro_otimo,unidades,hr_cost,J,X,PR,clientes_reais,clientes_previstos
2013-07-01,2013-07-07,2866.0,9042,5200.0,"[3, 9, 10, 0, 14, 0, 15]","[0, 0, 0, 13, 0, 10, 0]","[0.13531184649133546, 2.1059440623573726e-05, 0.0, 0.03465456865451851, 0.04019123611758209, 0.0, 0.3]","[62, 70, 76, 90, 99, 119, 86]","[20.318403244018555, 55.4985237121582, 62.476322174072266, 92.60774230957031, 85.26797485351562, 110.01748657226562, 91.24520874023438]"
2013-07-02,2013-07-08,3774.0,11251,6355.0,"[3, 4, 7, 5, 15, 9, 7]","[8, 7, 6, 9, 4, 3, 2]","[0.12586116974442454, 0.16052893673753085, 0.08234792484283276, 0.10590959264472959, 0.038334293926039965, 0.12155530498846892, 0.1153864718707188]","[70, 76, 90, 99, 119, 86, 62]","[72.27051544189453, 74.95191955566406, 85.7484130859375, 95.14242553710938, 116.12265014648438, 90.86981964111328, 59.6943359375]"
2013-07-03,2013-07-09,3998.0,10623,5960.0,"[11, 0, 16, 13, 8, 10, 10]","[0, 11, 0, 5, 5, 0, 0]","[0.0, 0.03790472249645216, 0.0, 0.03905151760589737, 0.037153537247184294, 0.3, 0.001888113991358433]","[76, 90, 99, 119, 86, 62, 63]","[67.72535705566406, 77.94231414794922, 93.44490051269531, 111.77340698242188, 87.14701843261719, 62.694217681884766, 57.331241607666016]"
2013-07-04,2013-07-10,3588.0,11952,5830.0,"[14, 13, 18, 11, 10, 10, 11]","[1, 1, 0, 3, 0, 0, 0]","[0.3, 0.3, 1.2273009170093881e-05, 0.3, 0.0, 0.0, 0.3]","[90, 99, 119, 86, 62, 63, 66]","[93.191162109375, 85.57943725585938, 110.45403289794922, 87.81136322021484, 60.91722869873047, 62.449989318847656, 65.80046081542969]"
2013-07-05,2013-07-11,3336.0,10062,5920.0,"[0, 19, 0, 0, 10, 10, 12]","[12, 0, 12, 9, 0, 0, 0]","[0.04068997970906516, 0.058936617017999224, 0.00027647137514974566, 0.0, 0.0, 0.3, 0.0]","[99, 119, 86, 62, 63, 66, 64]","[86.64826965332031, 109.28217315673828, 87.63789367675781, 62.0900764465332, 62.3477897644043, 65.29430389404297, 75.19901275634766]"
2013-07-06,2013-07-12,3040.0,10715,6205.0,"[15, 3, 7, 5, 4, 5, 6]","[3, 10, 3, 5, 6, 6, 7]","[0.08698328538800831, 0.1677897494743723, 0.12213906828402848, 0.21797469006635475, 0.16084114059411928, 0.1639382907953591, 0.04034798501317294]","[119, 86, 62, 63, 66, 64, 76]","[111.22454071044922, 86.96092987060547, 65.02031707763672, 62.32533645629883, 64.56453704833984, 71.7725601196289, 83.77397918701172]"
2013-07-07,2013-07-13,2928.0,9736,6090.0,"[15, 0, 0, 0, 12, 14, 19]","[0, 9, 9, 9, 0, 0, 0]","[0.0, 0.3, 0.0, 0.0, 0.0, 0.03899803641611066, 0.0]","[86, 62, 63, 66, 64, 76, 102]","[90.05902862548828, 62.1650505065918, 63.451881408691406, 65.56797790527344, 71.85931396484375, 84.8621597290039, 109.47354125976562]"
2013-07-08,2013-07-14,2591.0,10436,6165.0,"[9, 5, 5, 10, 5, 10, 10]","[2, 4, 5, 2, 8, 7, 4]","[0.08017772097484314, 0.1972394017579372, 0.08812506925215954, 0.21356034411823624, 0.17105664489586347, 0.16390537550736095, 0.17116094231810003]","[62, 63, 66, 64, 76, 102, 79]","[61.786624908447266, 62.852718353271484, 64.59915924072266, 73.83389282226562, 85.03343200683594, 108.8797607421875, 87.19878387451172]"
2013-07-09,2013-07-15,3097.0,9864,5600.0,"[10, 10, 0, 14, 18, 14, 10]","[0, 0, 10, 0, 0, 0, 0]","[0.0, 0.0, 0.3, 0.0, 0.03704831575204945, 0.0, 0.3]","[63, 66, 64, 76, 102, 79, 66]","[59.52096176147461, 62.29331588745117, 70.29792785644531, 83.22662353515625, 105.71088409423828, 86.94426727294922, 61.89071273803711]"
2013-07-10,2013-07-16,2931.0,10326,5745.0,"[3, 11, 8, 14, 12, 4, 8]","[6, 1, 5, 3, 2, 5, 2]","[0.1617438641820684, 0.12417047639158421, 0.11106678773183315, 0.16417142002386284, 0.13000695564521111, 0.12863821195728925, 0.22414423521937638]","[66, 64, 76, 102, 79, 66, 77]","[63.42645263671875, 72.59130859375, 85.92431640625, 105.96812438964844, 87.73666381835938, 61.29334259033203, 65.43421936035156]"
2013-07-11,2013-07-17,2746.0,10368,5500.0,"[12, 8, 18, 0, 10, 10, 8]","[0, 5, 0, 12, 0, 0, 0]","[0.3, 0.0, 0.3, 0.3, 0.0, 0.0, 0.11708027118435886]","[64, 76, 102, 79, 66, 77, 69]","[72.9414291381836, 84.62376403808594, 108.01044464111328, 85.15555572509766, 60.73249435424805, 63.91064453125, 49.80616760253906]"
2013-07-12,2013-07-18,2659.0,10523,5680.0,"[10, 6, 11, 6, 5, 2, 4]","[3, 10, 3, 2, 5, 5, 7]","[0.16385089666703578, 0.2646312879794622, 0.16086712266752756, 0.2462924446616094, 0.17419458685304373, 0.1675008155041907, 0.17640990445364585]","[76, 102, 79, 66, 77, 69, 70]","[82.39889526367188, 107.71310424804688, 86.19872283935547, 61.334556579589844, 64.27936553955078, 50.45226287841797, 75.1146469116211]"
2013-07-13,2013-07-19,2896.0,10035,5740.0,"[10, 0, 4, 0, 8, 0, 13]","[6, 12, 5, 9, 0, 10, 0]","[0.0394452722168524, 0.2119403139014072, 0.035773436782989054, 0.3, 0.3, 0.0, 0.0]","[102, 79, 66, 77, 69, 70, 73]","[105.11536407470703, 84.7093734741211, 62.10063171386719, 62.50113296508789, 48.34915542602539, 74.56302642822266, 80.71620178222656]"
2013-07-14,2013-07-20,2873.0,10191,5865.0,"[4, 8, 7, 3, 8, 9, 9]","[9, 2, 3, 5, 3, 4, 7]","[0.11524665951643132, 0.16165468109860082, 0.12567662630051998, 0.08567467641205473, 0.17166371386059626, 0.16108442925408048, 0.10915979574479368]","[79, 66, 77, 69, 70, 73, 105]","[86.39982604980469, 65.56070709228516, 63.04872512817383, 48.022464752197266, 73.99162292480469, 81.89801025390625, 104.39905548095703]"
2013-07-15,2013-07-21,2706.0,9152,5615.0,"[0, 10, 0, 12, 13, 0, 3]","[8, 0, 6, 0, 0, 15, 8]","[0.0, 0.0, 0.0, 0.0, 0.3, 0.0, 0.036218604942990264]","[66, 77, 69, 70, 73, 105, 83]","[60.33195495605469, 63.51422882080078, 46.40114974975586, 74.30213928222656, 80.99172973632812, 104.64246368408203, 79.40392303466797]"
2013-07-16,2013-07-22,2850.0,9906,5545.0,"[0, 8, 12, 5, 17, 0, 10]","[9, 0, 0, 7, 0, 11, 0]","[0.0, 0.0, 0.29996625322315545, 0.0, 0.2998072050425676, 0.0, 0.0]","[77, 69, 70, 73, 105, 83, 72]","[64.25178527832031, 46.56914138793945, 74.62110137939453, 79.30774688720703, 104.65576934814453, 82.49220275878906, 60.96058654785156]"
2013-07-17,2013-07-23,3122.0,10224,5635.0,"[9, 4, 6, 9, 11, 6, 8]","[1, 6, 7, 7, 2, 3, 2]","[0.2435726303287125, 0.16969834142154366, 0.07565024831835696, 0.21307930695636718, 0.0358296391753698, 0.0677700119359454, 0.11469060202370666]","[69, 70, 73, 105, 83, 72, 70]","[57.15031433105469, 77.15984344482422, 83.21749877929688, 104.9793930053711, 82.96852111816406, 62.76436996459961, 72.85696411132812]"
2013-07-18,2013-07-24,2880.0,10735,6085.0,"[9, 5, 5, 6, 5, 10, 9]","[4, 7, 9, 7, 4, 2, 3]","[0.1334775465774031, 0.08309785923444375, 0.21189872131472498, 0.21205910093806177, 0.22349568060446234, 0.12919699367902981, 0.11326677846265672]","[70, 73, 105, 83, 72, 70, 70]","[80.44963836669922, 87.3116226196289, 107.75145721435547, 83.93104553222656, 63.321468353271484, 72.8888931274414, 77.02810668945312]"
2013-07-19,2013-07-25,3222.0,10067,6080.0,"[0, 14, 14, 11, 12, 0, 0]","[11, 3, 0, 0, 0, 10, 10]","[0.040671557029336045, 0.0, 0.008473494847986634, 0.0361389556098838, 0.3, 0.0, 0.037519250259709806]","[73, 105, 83, 72, 70, 70, 58]","[79.38578033447266, 104.19937896728516, 82.69630432128906, 65.7352066040039, 73.4629898071289, 76.3179702758789, 75.47337341308594]"
2013-07-20,2013-07-26,3254.0,9902,5830.0,"[17, 8, 11, 12, 2, 0, 12]","[0, 4, 0, 0, 9, 10, 0]","[0.0, 0.3, 0.035880711655381925, 0.0, 0.03533367354746205, 0.04015749105263157, 0.0]","[105, 83, 72, 70, 70, 58, 74]","[102.6307144165039, 78.42632293701172, 63.9519157409668, 72.21997833251953, 76.45110321044922, 74.05650329589844, 77.02359771728516]"
2013-07-21,2013-07-27,2918.0,10761,5870.0,"[13, 0, 12, 13, 12, 10, 18]","[0, 9, 0, 0, 0, 2, 0]","[0.0, 0.039252825384252156, 0.3, 0.3, 0.0, 0.0, 0.3]","[83, 72, 70, 70, 58, 74, 101]","[79.33233642578125, 64.0782699584961, 71.74605560302734, 76.61038208007812, 74.3108901977539, 76.66077423095703, 108.26263427734375]"
2013-07-22,2013-07-28,2498.0,9398,5930.0,"[9, 10, 0, 12, 13, 17, 0]","[1, 0, 11, 0, 0, 0, 12]","[0.0, 0.0, 0.03481247951766716, 0.0016545446583530062, 0.06176278479362376, 0.21383488494754652, 0.17327604661362664]","[72, 70, 70, 58, 74, 101, 58]","[64.43009948730469, 68.32367706298828, 75.30145263671875, 71.62557983398438, 76.80207824707031, 107.35657501220703, 87.01416015625]"
2013-07-23,2013-07-29,2547.0,10002,5870.0,"[12, 12, 10, 13, 3, 15, 10]","[0, 0, 2, 0, 12, 0, 0]","[0.2126281296153794, 0.07622684933296903, 0.3, 0.3, 0.0, 0.03578615359886419, 0.014934209936700514]","[70, 70, 58, 74, 101, 58, 58]","[75.22340393066406, 76.52481079101562, 75.14703369140625, 77.1160888671875, 106.56736755371094, 87.57024383544922, 61.53200912475586]"
2013-07-24,2013-07-30,2411.0,8576,5835.0,"[10, 9, 10, 5, 14, 2, 2]","[2, 3, 2, 11, 0, 6, 7]","[0.03167985067789616, 0.03659940405555643, 0.0, 0.0, 0.037572842367819104, 0.012410605271732458, 0.0]","[70, 58, 74, 101, 58, 58, 55]","[77.4137191772461, 74.99844360351562, 78.44290161132812, 108.06314849853516, 86.16584777832031, 57.36854934692383, 63.966552734375]"
2013-07-25,2013-07-31,2582.0,9333,5590.0,"[5, 10, 9, 12, 6, 7, 7]","[5, 2, 7, 2, 3, 3, 3]","[0.08877048563271432, 0.1708288862684511, 0.11589446881517664, 0.1608526912193508, 0.16805950891417065, 0.03521804114703875, 0.0388351779985283]","[58, 74, 101, 58, 58, 55, 64]","[70.43696594238281, 75.07145690917969, 103.02976989746094, 86.5846176147461, 55.5662727355957, 63.01475143432617, 65.54717254638672]"
2013-07-26,2013-08-01,2529.0,10408,5520.0,"[12, 18, 14, 9, 10, 11, 3]","[0, 0, 0, 0, 0, 0, 8]","[0.3, 0.3, 0.038376463247269746, 0.3, 0.0, 0.3, 0.01218491592113467]","[74, 101, 58, 58, 55, 64, 75]","[72.89539337158203, 106.97846984863281, 84.83363342285156, 56.947967529296875, 63.74589538574219, 65.40071868896484, 73.525634765625]"
2013-07-27,2013-08-02,2432.0,9600,5840.0,"[17, 0, 10, 0, 0, 12, 14]","[0, 12, 0, 9, 9, 0, 0]","[0.3, 0.0, 0.17168047467252473, 0.0, 0.10869922400836961, 0.03809634884373601, 0.0]","[101, 58, 58, 55, 64, 75, 72]","[104.47703552246094, 87.29743194580078, 60.013126373291016, 65.80047607421875, 64.30348205566406, 73.06243896484375, 83.86003875732422]"
2013-07-28,2013-08-03,1844.0,9671,6305.0,"[4, 4, 4, 6, 8, 8, 9]","[8, 5, 9, 4, 3, 5, 8]","[0.16969512969890851, 0.10832051139470122, 0.1324319794075784, 0.11944743050022888, 0.0854620722004798, 0.16517853498637222, 0.21330581260112375]","[58, 58, 55, 64, 75, 72, 95]","[86.69390869140625, 60.36567306518555, 64.74199676513672, 64.64791107177734, 71.56036376953125, 84.53462982177734, 109.32294464111328]"
2013-07-29,2013-08-04,2638.0,9518,5570.0,"[6, 9, 9, 2, 9, 7, 3]","[3, 1, 2, 8, 4, 7, 7]","[0.22504790652814619, 0.1691902020407208, 0.03577956227773466, 0.11253967010704986, 0.146196153164313, 0.12397896741411991, 0.03892373689600971]","[58, 55, 64, 75, 72, 95, 85]","[58.60928726196289, 61.30292510986328, 66.43742370605469, 72.20854187011719, 81.9149169921875, 106.41582489013672, 66.99980926513672]"
2013-07-30,2013-08-05,2557.0,9504,5575.0,"[0, 11, 12, 14, 18, 0, 10]","[9, 0, 0, 0, 0, 9, 0]","[0.3, 0.0, 0.018179899831061604, 0.0, 0.3, 0.0025052723770327724, 0.0]","[55, 64, 75, 72, 95, 85, 57]","[62.02640151977539, 65.09107971191406, 72.29629516601562, 82.31387329101562, 110.30167388916016, 66.19916534423828, 58.98843002319336]"
2013-07-31,2013-08-06,2561.0,8749,5470.0,"[0, 11, 14, 0, 0, 10, 9]","[8, 0, 0, 16, 9, 0, 0]","[0.0, 0.0, 0.011381751398609294, 0.21193843623031894, 0.0, 0.0, 0.03858336082343823]","[64, 75, 72, 95, 85, 57, 53]","[60.48849105834961, 70.55084991455078, 84.98821258544922, 111.84741973876953, 66.7446517944336, 59.63063049316406, 55.732303619384766]"
2013-08-01,2013-08-07,2424.0,9650,5675.0,"[8, 10, 9, 8, 4, 8, 5]","[3, 3, 8, 3, 5, 2, 5]","[0.11925009126786804, 0.16459630463029717, 0.12473466430539332, 0.2461335771446655, 0.12355507490246917, 0.11619507767908997, 0.12456149959104969]","[75, 72, 95, 85, 57, 53, 57]","[71.54590606689453, 84.11601257324219, 108.31397247314453, 68.28235626220703, 58.85536575317383, 55.629764556884766, 61.93795394897461]"
2013-08-02,2013-08-08,2571.0,9243,5230.0,"[13, 16, 0, 0, 0, 10, 9]","[0, 2, 9, 8, 8, 0, 0]","[0.0392442762126017, 0.0348031648250097, 0.28462653568675406, 0.2723716958890665, 0.00824090704977736, 0.0354200056250906, 0.3]","[72, 95, 85, 57, 53, 57, 64]","[83.8131103515625, 108.75433349609375, 66.60856628417969, 60.65179443359375, 56.006011962890625, 64.11725616455078, 60.32068634033203]"
2013-08-03,2013-08-09,2645.0,9282,5150.0,"[13, 11, 10, 10, 11, 10, 13]","[3, 0, 0, 0, 0, 0, 0]","[0.0, 0.25111167017720976, 0.3, 0.0, 0.0, 0.3, 0.0]","[95, 85, 57, 53, 57, 64, 74]","[102.56155395507812, 67.9486083984375, 60.531829833984375, 58.74916458129883, 67.50297546386719, 64.25887298583984, 79.61748504638672]"
2013-08-04,2013-08-10,2501.0,8922,5380.0,"[10, 10, 0, 0, 0, 12, 18]","[0, 0, 8, 9, 9, 0, 0]","[0.2552098589316888, 0.3, 0.0, 0.0, 0.0, 0.0, 0.03952263325502266]","[85, 57, 53, 57, 64, 74, 96]","[63.91131591796875, 59.97620391845703, 57.00804901123047, 65.34345245361328, 63.5655403137207, 75.85726165771484, 105.79705810546875]"
2013-08-05,2013-08-11,2278.0,10011,5770.0,"[0, 10, 0, 0, 14, 17, 14]","[9, 0, 9, 9, 0, 0, 0]","[0.0, 0.0, 0.037347602029005625, 0.3, 0.0, 0.3, 0.3]","[57, 53, 57, 64, 74, 96, 75]","[63.40829086303711, 57.591487884521484, 65.77704620361328, 61.42789077758789, 82.6566162109375, 105.72777557373047, 83.07430267333984]"
2013-08-06,2013-08-12,2200.0,9672,5930.0,"[8, 2, 7, 7, 10, 5, 8]","[1, 7, 3, 5, 7, 6, 6]","[0.17184048165813903, 0.169616367975615, 0.07949760484682697, 0.16130454382173387, 0.17459596540354375, 0.13020586420590524, 0.16027552706019077]","[53, 57, 64, 74, 96, 75, 55]","[53.07798767089844, 63.08617401123047, 61.46515655517578, 80.82136535644531, 107.37408447265625, 77.40802001953125, 57.246524810791016]"
2013-08-07,2013-08-13,2693.0,8916,5390.0,"[11, 10, 12, 16, 14, 0, 6]","[0, 0, 1, 2, 0, 8, 2]","[0.0, 0.0364329077090573, 0.0, 0.0, 0.12824561708800164, 0.0, 0.3]","[57, 64, 74, 96, 75, 55, 64]","[64.46683502197266, 61.1137809753418, 82.63440704345703, 108.54093933105469, 82.8544692993164, 55.58958053588867, 53.91325759887695]"
2013-08-08,2013-08-14,2848.0,8371,5185.0,"[10, 13, 18, 13, 3, 0, 10]","[0, 0, 0, 0, 5, 7, 0]","[0.003766825052815864, 0.0, 0.0, 0.0, 0.010865681165499984, 0.0, 0.040796743443666274]","[64, 74, 96, 75, 55, 64, 55]","[59.66298294067383, 78.12857055664062, 106.37528991699219, 77.19654846191406, 52.080509185791016, 52.21146011352539, 64.54119873046875]"
2013-08-09,2013-08-15,2442.0,9763,5500.0,"[13, 1, 0, 0, 9, 10, 10]","[0, 14, 12, 8, 0, 0, 0]","[0.03976769786627557, 0.3, 0.037957042141454116, 0.10648812374756189, 0.3, 0.0, 0.28681162616084704]","[74, 96, 75, 55, 64, 55, 54]","[81.66548156738281, 108.3565902709961, 83.48543548583984, 55.719905853271484, 55.42080307006836, 63.08991622924805, 63.86469650268555]"
2013-08-10,2013-08-16,2429.0,8448,5285.0,"[0, 13, 9, 9, 10, 11, 0]","[15, 0, 0, 0, 0, 0, 9]","[0.0, 0.0, 0.0004595729478793292, 0.0, 0.3, 0.0, 0.0]","[96, 75, 55, 64, 55, 54, 67]","[105.84904479980469, 80.52960968017578, 56.615753173828125, 54.667396545410156, 63.05403518676758, 64.50056457519531, 67.36939239501953]"
2013-08-11,2013-08-17,2341.0,9080,5465.0,"[8, 5, 3, 6, 6, 5, 9]","[6, 3, 5, 4, 4, 5, 6]","[0.03881891898835256, 0.08579779005542235, 0.1615271104337363, 0.13428343599047726, 0.21312285314454094, 0.17109025459954758, 0.1288554801946314]","[75, 55, 64, 55, 54, 67, 98]","[77.42434692382812, 54.503570556640625, 52.646541595458984, 62.34428024291992, 64.69075775146484, 67.31704711914062, 96.70497131347656]"
2013-08-12,2013-08-18,2569.0,8286,4910.0,"[9, 0, 2, 10, 0, 16, 11]","[0, 7, 6, 0, 9, 0, 0]","[0.0, 0.0, 0.0, 0.0, 0.3, 0.036854135190820994, 0.0]","[55, 64, 55, 54, 67, 98, 64]","[54.49216079711914, 52.707759857177734, 61.65503692626953, 61.9996337890625, 67.1942138671875, 97.9236831665039, 67.13285064697266]"
2013-08-13,2013-08-19,2579.0,8348,5030.0,"[7, 10, 11, 0, 3, 11, 8]","[2, 0, 0, 10, 11, 0, 0]","[0.0, 0.03775041975014302, 0.3, 0.03879133128803107, 0.0, 0.0, 0.0]","[64, 55, 54, 67, 98, 64, 55]","[54.86626434326172, 62.44384765625, 66.34449768066406, 69.55098724365234, 97.61970520019531, 68.51602935791016, 51.77475357055664]"
2013-08-14,2013-08-20,2403.0,8329,5230.0,"[10, 0, 12, 0, 11, 9, 10]","[0, 10, 0, 14, 0, 0, 0]","[0.0, 0.03575317754444535, 0.03763625113117029, 0.0, 0.0, 0.0, 0.3]","[55, 54, 67, 98, 64, 55, 48]","[62.79365158081055, 69.98873901367188, 72.03640747070312, 97.93426513671875, 66.4122314453125, 55.62519073486328, 61.903045654296875]"
2013-08-15,2013-08-21,2506.0,8568,4880.0,"[10, 8, 8, 0, 9, 9, 9]","[0, 3, 7, 9, 0, 0, 0]","[0.3, 0.0, 0.0, 0.3, 0.0, 0.0, 0.0]","[54, 67, 98, 64, 55, 48, 60]","[62.19115447998047, 67.59162902832031, 97.43827056884766, 68.01163482666016, 53.0517463684082, 57.917240142822266, 57.13626480102539]"
2013-08-16,2013-08-22,2284.0,9010,5295.0,"[5, 10, 4, 8, 8, 4, 7]","[7, 7, 6, 1, 1, 4, 3]","[0.16079958770222136, 0.17086299747775935, 0.2132458309066576, 0.06805173346224683, 0.08405847622797027, 0.11813079769489968, 0.13101354588382275]","[67, 98, 64, 55, 48, 60, 57]","[65.623779296875, 97.00989532470703, 69.5034408569336, 54.60152053833008, 56.77190017700195, 57.06611251831055, 62.204933166503906]"
2013-08-17,2013-08-23,2200.0,9051,5360.0,"[6, 4, 3, 6, 5, 9, 3]","[9, 6, 5, 5, 4, 1, 7]","[0.16407900662879937, 0.1325966746759829, 0.16949816934226944, 0.17391023359757365, 0.128946666266216, 0.21334010119807822, 0.08547096990571865]","[98, 64, 55, 48, 60, 57, 62]","[98.77924346923828, 68.59955596923828, 53.033321380615234, 56.65584182739258, 54.68832778930664, 61.57757568359375, 66.96110534667969]"
2013-08-18,2013-08-24,2236.0,8052,4325.0,"[11, 9, 9, 9, 0, 0, 16]","[0, 0, 0, 0, 8, 3, 0]","[0.3, 0.039557168349192665, 0.12524770253787362, 0.0, 0.3, 0.3, 0.0]","[64, 55, 48, 60, 57, 62, 95]","[69.03135681152344, 52.27283477783203, 54.63167953491211, 55.89381790161133, 58.18952560424805, 66.88111877441406, 98.18939208984375]"
2013-08-19,2013-08-25,2176.0,8133,4960.0,"[3, 0, 0, 10, 0, 17, 13]","[1, 8, 8, 0, 9, 0, 0]","[0.3, 0.0454310542841283, 0.3, 0.0, 0.0, 0.0, 0.04048209593235558]","[55, 48, 60, 57, 62, 95, 75]","[52.7460823059082, 55.64496612548828, 56.213504791259766, 60.44254684448242, 65.55780029296875, 101.5176773071289, 77.58463287353516]"
2013-08-20,2013-08-26,2498.0,8460,4620.0,"[10, 9, 10, 11, 16, 12, 6]","[0, 0, 0, 0, 0, 0, 0]","[0.3, 0.3, 0.0, 0.0, 0.0, 0.0, 0.3]","[48, 60, 57, 62, 95, 75, 52]","[58.43465042114258, 55.425315856933594, 60.86294174194336, 67.45939636230469, 98.99614715576172, 75.76441955566406, 56.95542526245117]"
2013-08-21,2013-08-27,2306.0,8666,5195.0,"[4, 5, 12, 8, 8, 6, 3]","[5, 4, 1, 8, 3, 3, 4]","[0.19577281942528274, 0.12676945321893443, 0.11842934045508517, 0.06207860803243533, 0.10332884299370068, 0.053223576807247694, 0.049304314119923434]","[60, 57, 62, 95, 75, 52, 47]","[58.31245040893555, 61.32756423950195, 64.91988372802734, 104.99559020996094, 78.37467193603516, 57.322486877441406, 50.76164245605469]"
2013-08-22,2013-08-28,1939.0,8175,4290.0,"[10, 0, 17, 11, 0, 0, 0]","[0, 9, 0, 1, 8, 6, 0]","[0.07930299244852768, 0.0, 0.3, 0.3, 0.0, 0.3, 0.0]","[57, 62, 95, 75, 52, 47, 47]","[61.75545883178711, 66.66387176513672, 102.24514770507812, 73.53189086914062, 58.47632598876953, 47.28240203857422, 63.3477897644043]"
2013-08-23,2013-08-29,2436.0,8457,4905.0,"[11, 17, 12, 9, 8, 0, 9]","[0, 0, 0, 0, 0, 9, 0]","[0.3, 0.08108324289459214, 0.16565142492162324, 0.036374074225783065, 0.0, 0.0, 0.0]","[62, 95, 75, 52, 47, 47, 54]","[64.76705932617188, 101.31087493896484, 72.30821228027344, 56.31035232543945, 49.06248092651367, 62.75102615356445, 56.824485778808594]"
2013-08-24,2013-08-30,2071.0,7571,4050.0,"[17, 12, 9, 8, 11, 9, 0]","[0, 0, 0, 0, 0, 0, 0]","[0.0, 0.16013741474560728, 0.3, 0.3, 0.036020800042345494, 0.10436129176953376, 0.3]","[95, 75, 52, 47, 47, 54, 66]","[99.71749114990234, 75.77041625976562, 55.3734130859375, 47.69548034667969, 63.97036361694336, 57.507755279541016, 63.96806716918945]"
2013-08-25,2013-08-31,2417.0,8892,5100.0,"[13, 8, 7, 11, 0, 10, 18]","[0, 1, 1, 0, 8, 0, 0]","[0.3, 0.0, 0.3, 0.0038213941814905367, 0.16268565608711985, 0.03806398882950575, 0.0]","[75, 52, 47, 47, 54, 66, 106]","[76.20057678222656, 58.19324493408203, 48.889610290527344, 65.10162353515625, 59.920223236083984, 62.22382354736328, 108.54795837402344]"
2013-08-26,2013-09-01,2334.0,9346,5165.0,"[0, 8, 10, 9, 10, 5, 13]","[8, 0, 0, 0, 0, 11, 0]","[0.16042227878833817, 0.03573905666675445, 0.08896971808722381, 0.0, 0.0, 0.3, 0.3]","[52, 47, 47, 54, 66, 106, 85]","[58.46468734741211, 47.457427978515625, 60.517215728759766, 56.5196647644043, 63.32242965698242, 107.57860565185547, 78.42572784423828]"
2013-08-27,2013-09-02,2361.0,7758,5025.0,"[0, 0, 7, 10, 2, 0, 9]","[7, 8, 2, 0, 13, 9, 0]","[0.0, 0.0, 0.0, 0.0, 1.608772246893171e-06, 0.0, 0.04025856651913424]","[47, 47, 54, 66, 106, 85, 95]","[48.61054611206055, 63.757076263427734, 56.28519821166992, 63.257972717285156, 106.55461883544922, 73.11235046386719, 58.00127410888672]"
2013-08-28,2013-09-03,2116.0,9333,5520.0,"[6, 6, 6, 10, 10, 2, 4]","[4, 3, 4, 7, 3, 6, 6]","[0.21382321776201613, 0.17412095720339782, 0.16478282752752565, 0.1677407252576457, 0.17459054770365914, 0.16935818107905343, 0.12551624274224873]","[47, 54, 66, 106, 85, 95, 38]","[62.94175338745117, 59.48466873168945, 64.88011932373047, 107.62263488769531, 80.10894012451172, 56.04705810546875, 69.46419525146484]"
2013-08-29,2013-09-04,2036.0,8814,5060.0,"[5, 10, 0, 13, 9, 8, 0]","[3, 0, 16, 0, 0, 2, 6]","[0.3, 0.2132976692729111, 0.3, 0.0, 0.03553155135363538, 0.0, 0.00032294163397318936]","[54, 66, 106, 85, 95, 38, 34]","[51.84206008911133, 62.90082931518555, 110.44393920898438, 77.44200134277344, 55.620574951171875, 69.09878540039062, 47.269493103027344]"
2013-08-30,2013-09-05,1834.0,8053,4960.0,"[5, 3, 6, 4, 6, 5, 4]","[3, 13, 6, 4, 3, 3, 3]","[0.040063510702194056, 0.13173098405973718, 0.17239059632258613, 0.17637596835051855, 0.1276014641766509, 0.16312295070155147, 0.13531166381493798]","[66, 106, 85, 95, 38, 34, 38]","[61.58335494995117, 107.16730499267578, 76.60577392578125, 50.98598098754883, 61.63496398925781, 47.57978820800781, 49.08791732788086]"
2013-08-31,2013-09-06,1175.0,6370,4105.0,"[18, 0, 9, 0, 8, 0, 10]","[0, 0, 0, 8, 0, 7, 0]","[0.036811316614539014, 0.011750890795098097, 0.007054395772964265, 0.0, 0.0, 0.3, 0.3]","[106, 85, 95, 38, 34, 38, 49]","[108.33226013183594, 77.23341369628906, 56.283973693847656, 58.112998962402344, 50.40153503417969, 52.84279251098633, 58.770599365234375]"
2013-09-01,2013-09-07,456.0,7087,5540.0,"[0, 8, 10, 20, 8, 0, 0]","[10, 1, 0, 0, 0, 8, 12]","[0.0, 0.3, 0.0, 0.0, 0.3, 0.03480622668499128, 0.0]","[85, 95, 38, 34, 38, 49, 76]","[75.06550598144531, 57.3538818359375, 62.97115707397461, 50.11528396606445, 48.80351257324219, 59.41699981689453, 88.63436126708984]"
2013-09-02,2013-09-08,539.0,6632,4375.0,"[9, 11, 8, 0, 10, 15, 0]","[0, 0, 0, 0, 0, 0, 11]","[0.3, 0.3, 0.3, 0.3, 0.3, 0.0, 0.03973435625769659]","[95, 38, 34, 38, 49, 76, 56]","[53.337337493896484, 65.57283782958984, 48.580562591552734, 52.037681579589844, 59.496036529541016, 88.56144714355469, 76.09056854248047]"
2013-09-03,2013-09-09,299.0,5898,4320.0,"[0, 9, 0, 9, 0, 12, 0]","[11, 0, 7, 0, 12, 0, 0]","[0.0070170868775670464, 0.3, 0.0, 0.0, 0.3, 0.0, 0.3]","[38, 34, 38, 49, 76, 56, 41]","[78.7917251586914, 53.85039520263672, 51.29446029663086, 57.173683166503906, 88.41997528076172, 74.42747497558594, 52.19306182861328]"
2013-09-04,2013-09-10,995.0,5900,3825.0,"[0, 9, 9, 15, 13, 0, 7]","[6, 0, 0, 0, 0, 1, 0]","[0.03654073215671588, 0.017429529042186257, 0.03731736727602169, 0.3, 0.0, 0.2870756255495233, 0.03644105048169549]","[34, 38, 49, 76, 56, 41, 34]","[45.35991668701172, 53.25038146972656, 57.35987091064453, 90.0401840209961, 75.15013122558594, 54.5806999206543, 42.38601303100586]"
2013-09-05,2013-09-11,1959.0,8159,5135.0,"[8, 9, 10, 2, 0, 0, 20]","[0, 0, 4, 8, 7, 5, 0]","[0.0, 0.037790560739418874, 0.03988303734552041, 0.3, 0.3, 0.005985845381869265, 0.0]","[38, 49, 76, 56, 41, 34, 156]","[45.94536209106445, 54.60424041748047, 87.84941101074219, 71.14321899414062, 54.11829376220703, 42.14714431762695, 154.65518188476562]"
2013-09-06,2013-09-12,2754.0,11979,7450.0,"[5, 7, 4, 4, 5, 12, 18]","[3, 6, 7, 4, 2, 11, 11]","[0.16230950297430172, 0.1646355745763722, 0.10640105851771259, 0.040269762130063586, 0.169116350055358, 0.16604828954258793, 0.16379991328590396]","[49, 76, 56, 41, 34, 156, 172]","[53.39888381958008, 86.90168762207031, 71.70794677734375, 51.743019104003906, 45.646995544433594, 199.4329071044922, 250.89205932617188]"
2013-09-07,2013-09-13,3141.0,14470,10900.0,"[13, 0, 0, 7, 20, 19, 20]","[0, 10, 7, 0, 10, 20, 18]","[0.0, 0.3, 0.0, 0.0, 0.0, 0.03690067380530418, 0.03964236969369564]","[76, 56, 41, 34, 156, 172, 228]","[81.60952758789062, 71.44050598144531, 49.84714126586914, 40.79288864135742, 195.0423583984375, 255.96653747558594, 250.7037353515625]"
2013-09-08,2013-09-14,2941.0,14442,11180.0,"[0, 4, 0, 10, 17, 19, 4]","[9, 4, 4, 19, 20, 20, 14]","[0.24334607419668772, 0.0, 0.020940342285498813, 0.03960737375387337, 0.038618080952664884, 0.03892884815522356, 0.0]","[56, 41, 34, 156, 172, 228, 78]","[72.36967468261719, 52.34401321411133, 40.66855239868164, 194.561767578125, 246.1937255859375, 248.9083251953125, 129.7615509033203]"
2013-09-09,2013-09-15,3334.0,14292,10380.0,"[4, 0, 20, 20, 20, 0, 10]","[4, 5, 5, 20, 20, 16, 0]","[0.0, 0.004179469355260419, 0.0, 0.0, 0.0, 0.3, 0.0]","[41, 34, 156, 172, 228, 78, 63]","[53.815757751464844, 38.95937728881836, 153.2254180908203, 259.1199645996094, 268.24652099609375, 117.54339599609375, 60.38907241821289]"
2013-09-10,2013-09-16,2562.0,12396,9710.0,"[0, 20, 20, 19, 0, 0, 7]","[0, 12, 20, 20, 19, 0, 0]","[0.0, 0.0, 0.0, 0.039587674446981046, 0.0, 0.3, 0.0]","[34, 156, 172, 228, 78, 63, 51]","[49.245445251464844, 203.9119873046875, 263.1944885253906, 269.880615234375, 127.64900970458984, 63.30082321166992, 45.21730041503906]"
2013-09-11,2013-09-17,3098.0,14970,9890.0,"[20, 20, 20, 20, 10, 7, 0]","[11, 19, 20, 0, 0, 0, 0]","[0.0, 0.3, 0.0, 0.03812496852953721, 0.3, 0.3, 0.3]","[156, 172, 228, 78, 63, 51, 42]","[197.21177673339844, 257.0860900878906, 251.6181182861328, 119.73582458496094, 61.61052703857422, 41.0078010559082, 45.351463317871094]"
2013-09-12,2013-09-18,2579.0,13890,8760.0,"[15, 20, 0, 0, 0, 7, 7]","[20, 20, 17, 9, 5, 0, 0]","[0.0, 0.3, 0.0, 0.0, 0.3, 0.3, 0.3]","[172, 228, 78, 63, 51, 42, 39]","[233.4661865234375, 267.8325500488281, 122.26404571533203, 63.30906677246094, 39.39638137817383, 45.03330993652344, 44.24924087524414]"
2013-09-13,2013-09-19,2302.0,9279,6270.0,"[20, 20, 11, 0, 0, 7, 8]","[19, 0, 0, 0, 8, 0, 0]","[0.0, 0.0, 0.0361079884024381, 0.0, 0.17047456562404012, 0.3, 0.0]","[228, 78, 63, 51, 42, 39, 42]","[254.53184509277344, 114.42735290527344, 66.65831756591797, 45.24546813964844, 56.48182678222656, 46.50839614868164, 52.1276741027832]"
2013-09-14,2013-09-20,959.0,6324,4100.0,"[20, 0, 0, 0, 7, 8, 8]","[1, 9, 0, 7, 0, 0, 0]","[0.004218315778967299, 0.3, 0.0, 0.0, 0.0, 0.0393150034456519, 0.3]","[78, 63, 51, 42, 39, 42, 66]","[127.31817626953125, 67.60552215576172, 38.56715774536133, 47.944644927978516, 44.52381134033203, 49.62009048461914, 52.31658935546875]"
2013-09-15,2013-09-21,1073.0,5255,3060.0,"[0, 1, 0, 7, 0, 8, 14]","[0, 0, 6, 0, 7, 0, 0]","[0.0, 0.0, 0.3, 0.0, 0.0, 0.2883423173501979, 0.035741032182623964]","[63, 51, 42, 39, 42, 66, 83]","[54.96820831298828, 32.74066162109375, 44.8869743347168, 44.21147537231445, 47.38198471069336, 50.22591781616211, 87.26116180419922]"
2013-09-16,2013-09-22,1148.0,5817,3750.0,"[0, 0, 3, 0, 0, 12, 10]","[5, 7, 4, 7, 0, 2, 0]","[0.0, 0.0, 0.037242963478583316, 0.0, 0.0, 0.0, 0.3]","[51, 42, 39, 42, 66, 83, 62]","[39.931243896484375, 50.58342361450195, 46.06631088256836, 50.428627014160156, 53.02373123168945, 89.18231201171875, 69.1708755493164]"
2013-09-17,2013-09-23,977.0,4902,3315.0,"[9, 8, 9, 0, 15, 0, 0]","[0, 0, 0, 0, 0, 9, 0]","[0.0, 0.12132300313151771, 0.0, 0.11249576807853372, 0.0, 0.005732577396398997, 0.0]","[42, 39, 42, 66, 83, 62, 38]","[53.87778091430664, 48.247276306152344, 54.552268981933594, 54.65937423706055, 88.1757583618164, 65.9747543334961, 51.485618591308594]"
2013-09-18,2013-09-24,1255.0,5166,3090.0,"[0, 8, 8, 15, 11, 0, 0]","[0, 0, 0, 0, 0, 6, 0]","[0.3, 0.3, 0.0, 0.0, 0.0, 0.0, 0.0]","[39, 42, 66, 83, 62, 38, 39]","[44.39274215698242, 51.5264778137207, 51.03173828125, 90.99468231201172, 65.95439910888672, 46.445037841796875, 39.615966796875]"
2013-09-19,2013-09-25,1658.0,6422,3610.0,"[8, 9, 15, 11, 1, 7, 0]","[0, 0, 0, 0, 6, 0, 0]","[0.3, 0.3, 0.036836422869618184, 0.0, 0.007155813622158035, 0.03876867170627507, 0.0]","[42, 66, 83, 62, 38, 39, 41]","[50.08220291137695, 53.002769470214844, 91.9161605834961, 65.43289947509766, 47.61841583251953, 43.168434143066406, 46.30329132080078]"
2013-09-20,2013-09-26,1988.0,6522,3590.0,"[0, 14, 8, 7, 5, 7, 6]","[7, 0, 1, 0, 0, 0, 0]","[0.0, 0.03857467995458498, 0.03911700274575082, 0.3, 0.3, 0.0, 0.0]","[66, 83, 62, 38, 39, 41, 45]","[49.48484420776367, 86.43144226074219, 62.03007125854492, 41.184017181396484, 35.1769905090332, 40.665470123291016, 46.74052429199219]"
2013-09-21,2013-09-27,1344.0,4970,2820.0,"[15, 0, 7, 6, 7, 0, 0]","[0, 9, 0, 0, 0, 0, 0]","[0.0, 0.03834457359245288, 0.3, 0.0, 0.0, 0.3, 0.3]","[83, 62, 38, 39, 41, 45, 59]","[88.13648986816406, 65.42543029785156, 44.14949035644531, 38.5443115234375, 42.499053955078125, 48.232486724853516, 43.66506576538086]"
2013-09-22,2013-09-28,1549.0,6010,3330.0,"[11, 7, 6, 7, 0, 7, 14]","[0, 0, 0, 0, 0, 0, 0]","[0.11946799222130547, 0.0, 0.28794262213979843, 0.0, 0.2899528465332003, 0.3, 0.0]","[62, 38, 39, 41, 45, 59, 91]","[65.66619110107422, 44.35539245605469, 36.233612060546875, 42.81725311279297, 48.53874969482422, 43.500675201416016, 84.4123306274414]"
2013-09-23,2013-09-29,1524.0,6935,4230.0,"[8, 6, 4, 4, 1, 12, 3]","[0, 1, 3, 4, 5, 2, 6]","[0.08782755520777662, 0.213074325259123, 0.07974827522029856, 0.16188297355497555, 0.07839233139458032, 0.0812041350697161, 0.20393603832039256]","[38, 39, 41, 45, 59, 91, 58]","[46.09782791137695, 44.08054733276367, 48.4129753112793, 52.42711639404297, 45.3763427734375, 85.81320190429688, 64.87151336669922]"
2013-09-24,2013-09-30,1339.0,7380,4045.0,"[6, 7, 8, 0, 0, 0, 7]","[0, 0, 0, 6, 12, 9, 0]","[0.3, 0.29820903857964776, 0.0, 0.0, 0.3, 0.3, 0.0]","[39, 41, 45, 59, 91, 58, 31]","[37.226112365722656, 43.58528137207031, 51.48318099975586, 46.7835578918457, 87.1628189086914, 63.688316345214844, 45.853981018066406]"
2013-09-25,2013-10-01,1424.0,7332,3990.0,"[0, 0, 8, 0, 10, 7, 6]","[6, 7, 0, 12, 0, 0, 0]","[0.0, 0.3, 0.3, 0.3, 0.0, 0.3, 0.0]","[41, 45, 59, 91, 58, 31, 31]","[42.831233978271484, 52.519012451171875, 49.44740676879883, 85.76890563964844, 62.831153869628906, 44.92293930053711, 37.56852722167969]"
2013-09-26,2013-10-02,1521.0,7316,3655.0,"[8, 7, 14, 10, 7, 6, 0]","[0, 0, 0, 0, 0, 0, 5]","[0.3, 0.0, 0.3, 0.3, 0.3, 0.0, 0.21230717962402545]","[45, 59, 91, 58, 31, 31, 38]","[49.27662658691406, 45.688907623291016, 86.2400894165039, 61.968990325927734, 42.848228454589844, 36.14431381225586, 40.955631256103516]"
2013-09-27,2013-10-03,1103.0,5202,2950.0,"[7, 14, 11, 0, 6, 0, 0]","[0, 0, 0, 6, 0, 0, 2]","[0.3, 0.0, 0.0, 0.0, 0.3, 0.3, 0.3]","[59, 91, 58, 31, 31, 38, 48]","[43.914161682128906, 85.39523315429688, 65.84571075439453, 40.41896057128906, 37.96485900878906, 41.20468521118164, 38.027706146240234]"
2013-09-28,2013-10-04,1458.0,6079,3530.0,"[14, 11, 6, 0, 0, 7, 10]","[0, 0, 0, 6, 0, 0, 0]","[0.2731751577361455, 0.03589043886471633, 0.0, 0.1729768833971509, 0.3, 0.0, 0.0]","[91, 58, 31, 31, 38, 48, 64]","[87.08551025390625, 67.10115051269531, 39.45716094970703, 40.31916809082031, 39.778778076171875, 40.558555603027344, 60.05485534667969]"
2013-09-29,2013-10-05,1414.0,6282,3610.0,"[0, 0, 7, 6, 6, 9, 16]","[9, 0, 0, 0, 0, 0, 0]","[0.16063258293954197, 0.0, 0.3, 0.009654545549113045, 0.02928320939952293, 0.3, 0.0]","[58, 31, 31, 38, 48, 64, 106]","[67.44326782226562, 49.14177322387695, 41.603336334228516, 39.78736114501953, 37.18984603881836, 61.930606842041016, 96.19334411621094]"
2013-09-30,2013-10-06,842.0,5856,3080.0,"[7, 0, 0, 6, 0, 0, 10]","[0, 5, 6, 0, 9, 0, 0]","[0.3, 0.3, 0.3, 0.3, 0.3, 0.0, 0.0]","[31, 31, 38, 48, 64, 106, 69]","[45.63209915161133, 39.14236831665039, 42.48708724975586, 39.908363342285156, 65.25392150878906, 98.08507537841797, 64.31624603271484]"
2013-10-01,2013-10-07,1602.0,7140,3525.0,"[6, 0, 6, 10, 16, 11, 0]","[0, 0, 0, 0, 0, 0, 5]","[0.3, 0.3, 0.3, 0.0, 0.3, 0.27608564680964603, 0.0]","[31, 38, 48, 64, 106, 69, 39]","[37.31443786621094, 39.72431945800781, 40.019569396972656, 62.12785720825195, 96.18417358398438, 68.17132568359375, 38.70546340942383]"
2013-10-02,2013-10-08,1897.0,5928,3555.0,"[0, 0, 0, 16, 10, 0, 0]","[5, 5, 9, 0, 0, 5, 0]","[0.0, 0.015145902252713212, 0.0, 0.03576682326706026, 0.0, 0.0, 0.0]","[38, 48, 64, 106, 69, 39, 42]","[38.32790756225586, 37.31602478027344, 61.22563552856445, 95.12398529052734, 62.35103988647461, 38.925235748291016, 22.77412223815918]"
2013-10-03,2013-10-09,1790.0,6840,3640.0,"[7, 10, 10, 0, 8, 6, 0]","[0, 0, 5, 9, 0, 0, 0]","[0.0, 0.3, 0.0, 0.0, 0.3, 0.3, 0.3]","[48, 64, 106, 69, 39, 42, 45]","[43.87790298461914, 61.89155578613281, 95.83826446533203, 67.02030181884766, 48.675254821777344, 36.12021255493164, 43.61220169067383]"
2013-10-04,2013-10-10,2020.0,7228,3680.0,"[11, 17, 3, 6, 0, 6, 8]","[0, 0, 6, 0, 0, 0, 0]","[0.039284242727889954, 0.3, 0.0, 0.3, 0.3, 0.1641842502234011, 0.0]","[64, 106, 69, 39, 42, 45, 54]","[64.21259307861328, 101.55232238769531, 64.52910614013672, 39.60272979736328, 21.74568748474121, 37.135955810546875, 48.11436462402344]"
2013-10-05,2013-10-11,2100.0,8524,4395.0,"[4, 11, 8, 2, 7, 0, 11]","[10, 0, 0, 3, 0, 7, 0]","[0.038519790522851316, 0.3, 0.21179814996880938, 0.3, 0.3, 0.3, 0.11152302204161005]","[106, 69, 39, 42, 45, 54, 71]","[95.24813079833984, 66.80280303955078, 48.53422164916992, 37.10561752319336, 43.642791748046875, 46.25148010253906, 67.74420928955078]"
2013-10-06,2013-10-12,3019.0,9922,6030.0,"[0, 0, 0, 7, 7, 11, 20]","[9, 0, 5, 0, 0, 0, 20]","[0.2857974504110239, 0.2813087911957004, 0.08867693162016876, 0.0, 0.21249015935504298, 0.0, 0.03796781950255952]","[69, 39, 42, 45, 54, 71, 400]","[67.46685028076172, 48.783660888671875, 37.545799255371094, 43.65525436401367, 46.50141143798828, 67.38215637207031, 410.6295166015625]"
2013-10-07,2013-10-13,2978.0,9980,6000.0,"[0, 4, 0, 0, 11, 20, 20]","[0, 0, 5, 0, 0, 20, 0]","[0.0, 0.035941453027632075, 0.3, 0.0, 0.3, 0.039339447395077956, 0.0]","[39, 42, 45, 54, 71, 400, 312]","[40.830055236816406, 27.021413803100586, 37.68617248535156, 44.1090087890625, 67.2486343383789, 427.125, 294.827880859375]"
2013-10-08,2013-10-14,4110.0,14844,10480.0,"[0, 7, 0, 11, 20, 20, 20]","[0, 0, 0, 0, 20, 20, 20]","[0.0009593385741235956, 0.01289935168915169, 0.3, 0.212934267526931, 0.0, 0.0, 0.0]","[42, 45, 54, 71, 400, 312, 182]","[37.083648681640625, 43.51027297973633, 46.16455078125, 67.17086029052734, 412.8136901855469, 296.3174743652344, 262.5313720703125]"
2013-10-09,2013-10-15,5036.0,15774,10460.0,"[7, 8, 11, 20, 20, 20, 0]","[0, 0, 0, 20, 20, 20, 0]","[0.039192579705586914, 0.3, 0.0, 0.0, 0.0, 0.0, 0.3]","[45, 54, 71, 400, 312, 182, 42]","[43.4995002746582, 46.30222702026367, 67.16069030761719, 412.1992492675781, 295.9974060058594, 261.9327392578125, 41.35381317138672]"
2013-10-10,2013-10-16,4040.0,12240,8080.0,"[8, 0, 20, 20, 20, 0, 0]","[0, 10, 0, 20, 20, 0, 0]","[0.0, 0.0, 0.0, 0.0, 0.0, 0.19237169366866316, 0.0]","[54, 71, 400, 312, 182, 42, 45]","[48.90266799926758, 71.50659942626953, 431.724853515625, 306.1672668457031, 263.1412353515625, 40.49095153808594, 45.15575408935547]"
2013-10-11,2013-10-17,5517.0,15112,9610.0,"[12, 20, 20, 20, 0, 7, 0]","[0, 20, 20, 20, 0, 0, 0]","[0.0, 0.0, 0.03800943649772445, 0.0399204996360897, 0.2972657891998842, 0.0, 0.29570903575987584]","[71, 400, 312, 182, 42, 45, 41]","[72.02537536621094, 418.4299621582031, 311.9165344238281, 278.9780578613281, 28.641521453857422, 41.45292663574219, 50.82501983642578]"
2013-10-12,2013-10-18,4778.0,14652,9580.0,"[20, 20, 20, 7, 0, 0, 0]","[20, 20, 20, 0, 0, 0, 8]","[0.0, 0.0, 0.0, 0.3, 0.0, 0.3, 0.0]","[400, 312, 182, 42, 45, 41, 56]","[411.8726501464844, 299.5027160644531, 259.939697265625, 41.1285285949707, 40.67299270629883, 47.523746490478516, 57.61167907714844]"
2013-10-13,2013-10-19,3761.0,12626,8130.0,"[20, 20, 6, 7, 0, 9, 16]","[20, 20, 0, 0, 0, 0, 0]","[0.03703816486492559, 0.0, 0.270695293568042, 0.0, 0.3, 0.3, 0.0]","[312, 182, 42, 45, 41, 56, 85]","[302.7430419921875, 262.6127014160156, 38.93134689331055, 40.78672790527344, 47.81513977050781, 58.408897399902344, 96.3707504272461]"
2013-10-14,2013-10-20,1752.0,7922,5800.0,"[20, 0, 6, 0, 10, 16, 12]","[20, 0, 1, 0, 0, 0, 0]","[0.037514313794449784, 0.2908004296304494, 0.0, 0.0, 0.0, 0.0, 0.0]","[182, 42, 45, 41, 56, 85, 64]","[265.4379577636719, 40.26219940185547, 41.599205017089844, 47.90167999267578, 58.584415435791016, 97.30303955078125, 73.02392578125]"
2013-10-15,2013-10-21,1244.0,6548,4230.0,"[0, 6, 8, 9, 0, 12, 0]","[3, 0, 0, 0, 15, 0, 6]","[0.22736169942579987, 0.0019135755562499253, 0.0, 0.11422186381465635, 0.11736100947273014, 0.0, 0.3]","[42, 45, 41, 56, 85, 64, 32]","[26.02988052368164, 38.90440368652344, 50.44320297241211, 56.91139602661133, 104.5882339477539, 73.22247314453125, 42.23037338256836]"
2013-10-16,2013-10-22,1140.0,6054,3915.0,"[0, 0, 0, 16, 12, 8, 0]","[0, 7, 8, 0, 0, 0, 5]","[0.2737321389313252, 0.3, 0.0, 0.0, 0.0, 0.3, 0.0]","[45, 41, 56, 85, 64, 32, 34]","[40.35063171386719, 47.737972259521484, 57.76883316040039, 97.32779693603516, 74.48043823242188, 50.327938079833984, 39.199363708496094]"
2013-10-17,2013-10-23,1444.0,6564,4450.0,"[0, 10, 1, 12, 0, 6, 7]","[7, 0, 13, 0, 7, 0, 0]","[0.0, 0.0, 0.0, 0.0, 0.3, 0.0, 0.0]","[41, 56, 85, 64, 32, 34, 43]","[47.97850036621094, 58.02006530761719, 97.63421630859375, 74.83152770996094, 50.06459426879883, 39.19358444213867, 42.53807830810547]"
2013-10-18,2013-10-24,1621.0,6440,4375.0,"[9, 0, 7, 7, 0, 0, 0]","[0, 13, 4, 0, 5, 6, 7]","[0.0, 0.0, 0.0, 0.03937352887687355, 0.0, 0.0, 0.0]","[56, 85, 64, 32, 34, 43, 45]","[57.070091247558594, 94.42308044433594, 71.116455078125, 43.07206344604492, 37.19883728027344, 41.17277526855469, 49.40529251098633]"
2013-10-19,2013-10-25,1491.0,7080,4080.0,"[0, 12, 8, 6, 7, 0, 7]","[13, 0, 0, 0, 0, 6, 0]","[0.0, 0.0, 0.3, 0.3, 0.03554457499142145, 0.3, 0.3]","[85, 64, 32, 34, 43, 45, 72]","[97.48167419433594, 74.40760040283203, 49.885963439941406, 39.737064361572266, 42.962989807128906, 51.71058654785156, 62.00050735473633]"
2013-10-20,2013-10-26,1585.0,7862,4395.0,"[12, 8, 6, 7, 8, 10, 0]","[0, 0, 0, 0, 0, 0, 13]","[0.0, 0.0, 0.2736101566030004, 0.3, 0.3, 0.0, 0.3]","[64, 32, 34, 43, 45, 72, 92]","[74.17354583740234, 49.526954650878906, 39.65053939819336, 42.95720291137695, 51.46064376831055, 61.73600387573242, 91.49420166015625]"
2013-10-21,2013-10-27,1286.0,5328,2970.0,"[7, 6, 0, 8, 10, 0, 9]","[0, 0, 6, 0, 0, 0, 0]","[0.3, 0.0, 0.0, 0.3, 0.037501499160185844, 0.3, 0.0]","[32, 34, 43, 45, 72, 92, 66]","[45.72533416748047, 38.638641357421875, 41.21886444091797, 48.432918548583984, 60.93274688720703, 91.03106689453125, 56.28346633911133]"
2013-10-22,2013-10-28,1948.0,8160,4010.0,"[6, 7, 8, 10, 15, 0, 7]","[0, 0, 0, 0, 0, 8, 0]","[0.3, 0.3, 0.3, 0.0, 0.3, 0.0, 0.3]","[34, 43, 45, 72, 92, 66, 46]","[37.17221450805664, 41.39004135131836, 48.82929229736328, 59.083518981933594, 92.90061950683594, 60.263206481933594, 45.217811584472656]"
2013-10-23,2013-10-29,1336.0,5838,3095.0,"[0, 8, 9, 16, 0, 0, 0]","[0, 0, 0, 0, 8, 5, 0]","[0.0, 0.0, 0.0, 0.3, 0.0, 0.3, 0.0]","[43, 45, 72, 92, 66, 46, 46]","[41.0254020690918, 47.76767349243164, 56.833003997802734, 95.70233917236328, 57.0563850402832, 35.904300689697266, 40.22937774658203]"
2013-10-24,2013-10-30,1704.0,6428,3640.0,"[8, 0, 16, 0, 6, 0, 8]","[0, 9, 0, 7, 0, 0, 0]","[0.3, 0.03832557680658543, 0.0, 0.27791627830110327, 0.0, 0.08186143991182983, 0.0]","[45, 72, 92, 66, 46, 46, 40]","[50.70059585571289, 62.68914794921875, 96.38338470458984, 53.81929016113281, 36.23285675048828, 37.65800094604492, 46.50636672973633]"
2013-10-25,2013-10-31,1681.0,7128,3855.0,"[5, 15, 0, 6, 0, 6, 6]","[4, 0, 8, 0, 5, 0, 1]","[0.0, 0.3, 0.0, 0.3, 0.0, 0.3, 0.0]","[72, 92, 66, 46, 46, 40, 31]","[59.95351791381836, 91.80363464355469, 56.1685676574707, 35.185482025146484, 39.30228805541992, 45.97203063964844, 44.9886589050293]"
2013-10-26,2013-11-01,1541.0,7687,4670.0,"[6, 8, 4, 2, 4, 4, 5]","[8, 2, 3, 7, 3, 3, 5]","[0.17376815379981514, 0.12959798639145229, 0.17554285436565314, 0.17030610500504664, 0.16803229134708017, 0.16500745527201577, 0.1668752086015042]","[92, 66, 46, 46, 40, 31, 53]","[92.42301940917969, 59.31449890136719, 45.11650848388672, 40.87351608276367, 45.3338508605957, 44.157371520996094, 67.46826171875]"
2013-10-27,2013-11-02,1363.0,7425,4415.0,"[0, 7, 7, 0, 0, 0, 16]","[8, 0, 0, 6, 6, 9, 0]","[0.3, 0.3, 0.27621052255319795, 0.08993420170723182, 0.3, 0.03497701295100078, 0.039760732265076384]","[66, 46, 46, 40, 31, 53, 84]","[61.08000946044922, 45.46027755737305, 40.82773208618164, 45.25457763671875, 44.179115295410156, 67.65607452392578, 99.12258911132812]"
2013-10-28,2013-11-03,1214.0,7254,4360.0,"[9, 0, 1, 0, 11, 11, 13]","[0, 6, 1, 6, 0, 4, 0]","[0.3, 0.0, 0.3, 0.0, 0.010130403934421639, 0.3, 0.16164230482522637]","[46, 46, 40, 31, 53, 84, 74]","[53.19010543823242, 42.69462585449219, 45.79838943481445, 44.3258171081543, 65.69078063964844, 96.19064331054688, 77.52983856201172]"
2013-10-29,2013-11-04,1218.0,6480,3920.0,"[0, 0, 0, 11, 0, 12, 6]","[5, 6, 0, 0, 14, 0, 0]","[0.3, 0.0, 0.3, 0.3, 0.0, 0.0, 0.3]","[46, 40, 31, 53, 84, 74, 35]","[39.25758361816406, 44.875919342041016, 46.47209930419922, 69.97513580322266, 99.93930053710938, 76.34737396240234, 38.45673751831055]"
2013-10-30,2013-11-05,1187.0,6750,4070.0,"[7, 0, 11, 20, 0, 7, 6]","[0, 0, 0, 0, 11, 0, 0]","[0.0, 0.3, 0.0, 0.03970057075280564, 0.3, 0.3, 0.3]","[40, 31, 53, 84, 74, 35, 42]","[45.32290267944336, 43.826744079589844, 67.5235366821289, 99.06200408935547, 78.61876678466797, 42.76190948486328, 40.619075775146484]"
2013-10-31,2013-11-06,1008.0,6408,4110.0,"[1, 0, 0, 7, 7, 0, 7]","[5, 10, 14, 5, 0, 0, 0]","[0.3, 0.13187771358763015, 0.0, 0.26457664769129574, 0.0, 0.3, 0.051784422343174805]","[31, 53, 84, 74, 35, 42, 40]","[44.080909729003906, 68.1180648803711, 99.30809020996094, 78.68544006347656, 42.683082580566406, 40.73183059692383, 43.68552780151367]"
2013-11-01,2013-11-07,1550.0,6642,3850.0,"[10, 15, 0, 0, 7, 7, 0]","[0, 2, 11, 5, 0, 0, 0]","[0.0, 0.1734057681990936, 0.3, 0.0, 0.03924506912070422, 0.0, 0.3]","[53, 84, 74, 35, 42, 40, 40]","[62.632110595703125, 105.5086669921875, 81.24636840820312, 39.4807243347168, 39.8956413269043, 44.947418212890625, 44.57860565185547]"
2013-11-02,2013-11-08,1531.0,7711,5035.0,"[11, 4, 5, 1, 6, 4, 7]","[4, 7, 2, 5, 2, 4, 7]","[0.21276505994996403, 0.07082547704557494, 0.08354872046129885, 0.23665838563833816, 0.12980020152702007, 0.037295159554325594, 0.0400202079365362]","[84, 74, 35, 42, 40, 40, 71]","[96.01717376708984, 76.63159942626953, 41.46944808959961, 38.15148162841797, 44.20772933959961, 44.457366943359375, 58.88734436035156]"
2013-11-03,2013-11-09,3177.0,10502,6430.0,"[13, 7, 0, 7, 0, 9, 20]","[0, 0, 5, 0, 6, 0, 20]","[0.0, 0.0, 0.3, 0.3, 0.0, 0.13095212484169327, 0.03807062307674752]","[74, 35, 42, 40, 40, 71, 410]","[77.89582061767578, 42.28303527832031, 39.95207214355469, 42.97116470336914, 43.76338577270508, 57.31353759765625, 395.4129638671875]"
2013-11-04,2013-11-10,3525.0,11365,6960.0,"[0, 6, 1, 7, 9, 20, 20]","[6, 0, 5, 0, 0, 0, 20]","[0.08265694936238933, 0.3, 0.0, 0.0, 0.3, 0.0, 0.035290480985508146]","[35, 42, 40, 40, 71, 410, 314]","[42.12213897705078, 39.61317825317383, 42.92365646362305, 44.061553955078125, 57.82400131225586, 396.1385498046875, 327.26873779296875]"
2013-11-05,2013-11-11,5696.0,16692,10830.0,"[0, 0, 7, 10, 20, 20, 19]","[0, 6, 0, 0, 20, 20, 20]","[0.0, 0.3, 0.0, 0.0, 0.0, 0.0, 0.0]","[42, 40, 40, 71, 410, 314, 283]","[37.540863037109375, 42.482933044433594, 44.44093704223633, 58.48298645019531, 404.0029296875, 312.173583984375, 255.9674072265625]"
2013-11-06,2013-11-12,4515.0,15565,8490.0,"[7, 5, 5, 18, 15, 13, 1]","[0, 2, 4, 18, 11, 12, 6]","[0.07756156068492503, 0.2071921298886954, 0.08380503837259753, 0.11905721795215743, 0.2538990540251135, 0.22803542895373488, 0.16821030979062468]","[40, 40, 71, 410, 314, 283, 45]","[41.61344909667969, 44.35408020019531, 57.64008331298828, 409.47149658203125, 339.7427673339844, 252.087158203125, 49.214176177978516]"
2013-11-07,2013-11-13,6454.0,16304,8980.0,"[0, 0, 20, 20, 19, 0, 0]","[0, 8, 20, 20, 20, 0, 0]","[0.27356576234120333, 0.3, 0.035419400587400486, 0.03571543328432353, 0.1267948695365927, 0.0, 0.3]","[40, 71, 410, 314, 283, 45, 42]","[43.764549255371094, 58.437355041503906, 404.58929443359375, 330.36602783203125, 253.81959533691406, 51.8111686706543, 42.04511642456055]"
2013-11-08,2013-11-14,6664.0,16848,9990.0,"[9, 20, 20, 20, 0, 7, 0]","[0, 20, 20, 20, 7, 0, 0]","[0.0, 0.0, 0.0, 0.0, 0.3, 0.0, 0.0]","[71, 410, 314, 283, 45, 42, 49]","[56.639373779296875, 396.2919921875, 327.659912109375, 261.3133544921875, 48.33981704711914, 42.51612091064453, 46.186424255371094]"
2013-11-09,2013-11-15,5631.0,15966,9190.0,"[20, 20, 19, 1, 8, 8, 7]","[0, 20, 20, 6, 0, 0, 4]","[0.3, 0.0, 0.0011975608254792289, 0.0, 0.018125101930110705, 0.3, 0.0]","[410, 314, 283, 45, 42, 49, 62]","[409.40423583984375, 335.478271484375, 252.5097198486328, 49.3303337097168, 47.03614807128906, 50.68463134765625, 71.03451538085938]"
2013-11-10,2013-11-16,4844.0,12248,7270.0,"[20, 20, 0, 0, 7, 11, 0]","[20, 20, 0, 6, 0, 0, 0]","[0.03976106440584285, 0.0, 0.0, 0.0, 0.0, 0.0, 0.3]","[314, 283, 45, 42, 49, 62, 115]","[325.3465270996094, 251.07275390625, 50.582279205322266, 40.91472244262695, 42.52974319458008, 65.33380126953125, 92.42584228515625]"
2013-11-11,2013-11-17,3739.0,10356,6080.0,"[20, 8, 7, 7, 0, 15, 13]","[20, 0, 0, 0, 0, 0, 0]","[0.0, 0.0, 0.0, 0.3, 0.0029059502431369806, 0.0, 0.03990274586979613]","[283, 45, 42, 49, 62, 115, 86]","[254.4669647216797, 51.826229095458984, 41.4391975402832, 42.26995849609375, 65.8379135131836, 93.36348724365234, 80.92660522460938]"
2013-11-12,2013-11-18,1746.0,7879,4090.0,"[0, 2, 7, 0, 0, 13, 0]","[7, 4, 0, 9, 13, 0, 0]","[0.03603632205213711, 0.0, 0.3, 0.12514212658395318, 0.3, 0.3, 0.3]","[45, 42, 49, 62, 115, 86, 49]","[53.49101638793945, 42.96271896362305, 44.142555236816406, 66.46076202392578, 93.3966064453125, 80.64088439941406, 49.2471923828125]"
2013-11-13,2013-11-19,2162.0,7930,4730.0,"[0, 7, 11, 0, 13, 0, 10]","[6, 0, 0, 14, 0, 6, 0]","[0.0002709948914219453, 0.3, 0.038687309739177944, 0.07065681594156281, 0.0, 0.281901885413257, 0.0]","[42, 49, 62, 115, 86, 49, 42]","[42.16867446899414, 44.67634963989258, 65.97748565673828, 96.23765563964844, 80.47047424316406, 48.056793212890625, 62.36388397216797]"
2013-11-14,2013-11-20,1609.0,9786,5200.0,"[7, 7, 0, 14, 9, 12, 10]","[0, 4, 14, 0, 0, 0, 0]","[0.3, 0.3, 0.3, 0.3, 0.0, 0.3, 0.3]","[49, 62, 115, 86, 49, 42, 43]","[45.447261810302734, 70.17017364501953, 103.11426544189453, 87.3896484375, 57.549888610839844, 72.14187622070312, 62.106407165527344]"
2013-11-15,2013-11-21,2021.0,6990,4225.0,"[11, 14, 10, 0, 10, 8, 4]","[0, 1, 3, 1, 0, 0, 3]","[0.0, 0.0, 0.0, 0.0, 0.03873809605712399, 0.0, 0.3]","[62, 115, 86, 49, 42, 43, 51]","[65.37464904785156, 93.85255432128906, 81.33590698242188, 49.26503372192383, 57.2625846862793, 48.68880081176758, 53.35136032104492]"
2013-11-16,2013-11-22,2089.0,7499,4235.0,"[16, 13, 7, 0, 0, 0, 11]","[0, 0, 1, 0, 7, 7, 0]","[0.0, 0.0, 0.0, 0.3, 0.0, 0.2622888790001515, 0.3]","[115, 86, 49, 42, 43, 51, 67]","[94.17586517333984, 81.34089660644531, 49.631072998046875, 56.794151306152344, 48.31063461303711, 52.60392379760742, 67.53331756591797]"
2013-11-17,2013-11-23,2327.0,8805,5275.0,"[13, 3, 6, 3, 2, 8, 6]","[1, 4, 3, 4, 6, 3, 10]","[0.13330682725039777, 0.1105847485136629, 0.037345343444970897, 0.08172230144931808, 0.16216376099424212, 0.05780495165349419, 0.16035441981244455]","[86, 49, 42, 43, 51, 67, 141]","[83.38723754882812, 50.18680191040039, 56.844337463378906, 47.93891143798828, 52.46451187133789, 68.32002258300781, 115.06764221191406]"
2013-11-18,2013-11-24,1895.0,9410,6045.0,"[3, 3, 12, 5, 2, 13, 8]","[4, 6, 1, 3, 9, 5, 8]","[0.17467920400533263, 0.17468191565597369, 0.08880589722858645, 0.12714359401438924, 0.17304358442221424, 0.10689633563033156, 0.16910868490825415]","[49, 42, 43, 51, 67, 141, 98]","[50.33474349975586, 56.36761474609375, 48.81966018676758, 53.65937042236328, 69.87460327148438, 115.8909912109375, 106.60216522216797]"
2013-11-19,2013-11-25,2663.0,8999,5570.0,"[9, 8, 9, 12, 19, 0, 9]","[0, 0, 0, 0, 0, 15, 1]","[0.0, 0.3, 0.03890893004720588, 0.12380498242538737, 0.03485169321100141, 0.0, 0.0]","[42, 43, 51, 67, 141, 98, 54]","[56.50892639160156, 47.36989974975586, 52.29499435424805, 68.8371810913086, 115.1710205078125, 105.80658721923828, 61.648197174072266]"
2013-11-20,2013-11-26,3013.0,9510,5140.0,"[8, 6, 11, 20, 17, 10, 8]","[0, 2, 0, 0, 0, 0, 0]","[0.0, 0.3, 0.0, 0.0, 0.3, 0.0, 0.0]","[43, 51, 67, 141, 98, 54, 53]","[47.108741760253906, 50.896583557128906, 67.68367767333984, 114.55817413330078, 104.80207061767578, 60.242252349853516, 49.4581184387207]"
2013-11-21,2013-11-27,2959.0,8991,5080.0,"[0, 11, 9, 0, 0, 8, 12]","[0, 0, 10, 14, 7, 0, 0]","[0.3, 0.3, 0.03775482186502219, 0.03756647212965413, 0.17093250827047693, 0.0, 0.0]","[51, 67, 141, 98, 54, 53, 108]","[44.026527404785156, 64.66585540771484, 127.38176727294922, 94.75879669189453, 50.28568649291992, 47.39666748046875, 72.31787109375]"
2013-11-22,2013-11-28,3119.0,11538,6050.0,"[0, 0, 0, 8, 8, 13, 14]","[9, 18, 13, 0, 0, 0, 0]","[0.0, 0.3, 0.3, 0.03994944940117575, 0.017989152983231355, 0.0, 0.3]","[67, 141, 98, 54, 53, 108, 242]","[67.23180389404297, 128.6026153564453, 91.57933044433594, 49.35540771484375, 50.16304397583008, 77.3772964477539, 85.80145263671875]"
2013-11-23,2013-11-29,4181.0,13830,8445.0,"[19, 0, 10, 0, 13, 0, 20]","[0, 15, 0, 0, 0, 15, 20]","[0.03924164026973115, 0.0, 0.3, 0.0006700491385881036, 0.0, 0.3, 0.0]","[141, 98, 54, 53, 108, 242, 504]","[113.52580261230469, 104.60218048095703, 59.07924270629883, 48.38002395629883, 81.18395233154297, 108.11277770996094, 438.7885437011719]"
2013-11-24,2013-11-30,4430.0,16605,8705.0,"[0, 8, 9, 15, 4, 20, 16]","[13, 0, 0, 0, 10, 20, 3]","[0.3, 0.3, 0.0, 0.3, 0.0, 0.3, 0.03851621601323321]","[98, 54, 53, 108, 242, 504, 163]","[96.44366455078125, 55.71795654296875, 53.436622619628906, 89.94074249267578, 96.40371704101562, 438.0085144042969, 118.04385375976562]"
2013-11-25,2013-12-01,5035.0,15030,8930.0,"[10, 0, 15, 16, 20, 20, 0]","[0, 7, 0, 0, 20, 0, 18]","[0.3, 0.0, 0.0, 0.3, 0.0, 0.0, 0.0]","[54, 53, 108, 242, 504, 163, 116]","[59.11422348022461, 51.12123489379883, 89.09919738769531, 95.90562438964844, 433.59954833984375, 128.98643493652344, 127.31832122802734]"
2013-11-26,2013-12-02,5053.0,14634,8340.0,"[0, 13, 0, 20, 19, 20, 10]","[7, 0, 12, 20, 0, 0, 0]","[0.0, 0.0, 0.0, 0.0, 0.0, 0.3, 0.3]","[53, 108, 242, 504, 163, 116, 55]","[50.89164352416992, 79.97456359863281, 88.14852905273438, 444.6397705078125, 117.45781707763672, 127.81819915771484, 59.39499282836914]"
2013-11-27,2013-12-03,4912.0,14271,8470.0,"[14, 0, 20, 10, 14, 0, 11]","[0, 13, 20, 9, 6, 4, 0]","[0.0, 0.3, 0.0, 0.03985895534349265, 0.0, 0.3, 0.03931876299747572]","[108, 242, 504, 163, 116, 55, 42]","[84.66177368164062, 99.55706787109375, 439.7724609375, 120.99713134765625, 127.94557189941406, 56.38191604614258, 69.201904296875]"
2013-11-28,2013-12-04,5107.0,14266,8560.0,"[12, 20, 16, 0, 9, 11, 11]","[3, 20, 4, 18, 0, 0, 0]","[0.0, 0.0398504568328879, 0.0, 0.04833465720331949, 0.0, 0.0, 0.3]","[242, 504, 163, 116, 55, 42, 62]","[94.36268615722656, 444.63531494140625, 122.20901489257812, 127.59757232666016, 57.84534454345703, 69.74321746826172, 68.44114685058594]"
2013-11-29,2013-12-05,3703.0,13197,8790.0,"[20, 0, 11, 0, 6, 5, 18]","[20, 19, 10, 9, 4, 0, 0]","[0.0, 0.04021292357675557, 0.04035609276854245, 0.3, 0.0, 0.3, 0.0]","[504, 163, 116, 55, 42, 62, 55]","[468.6578369140625, 142.17710876464844, 134.50718688964844, 62.980377197265625, 64.27998352050781, 74.37820434570312, 106.6135025024414]"
2013-11-30,2013-12-06,2275.0,11215,7755.0,"[12, 8, 6, 4, 6, 8, 7]","[13, 12, 4, 5, 5, 8, 7]","[0.0831492075231468, 0.10652795614899, 0.11778556993699468, 0.12085468539675219, 0.13101819131058387, 0.16817432567516977, 0.06622907892524219]","[163, 116, 55, 42, 62, 55, 77]","[162.19285583496094, 131.856689453125, 63.097660064697266, 61.289329528808594, 75.75251007080078, 105.64724731445312, 90.07548522949219]"
2013-12-01,2013-12-07,2209.0,10306,7010.0,"[20, 6, 11, 11, 0, 15, 20]","[0, 4, 0, 1, 16, 0, 0]","[0.3, 0.0, 0.03656840786272544, 0.0, 0.0, 0.0, 0.04066173733068099]","[116, 55, 42, 62, 55, 77, 118]","[138.2139129638672, 64.09049987792969, 64.35967254638672, 70.94905090332031, 110.68804931640625, 92.44148254394531, 149.06454467773438]"
2013-12-02,2013-12-08,2685.0,9959,6610.0,"[10, 10, 3, 12, 15, 20, 19]","[0, 0, 7, 4, 0, 0, 0]","[0.3, 0.0, 0.03501233921759331, 5.076235620947928e-05, 0.036375547356706325, 0.0, 0.03812606946486466]","[55, 42, 62, 55, 77, 118, 112]","[62.16761779785156, 62.745216369628906, 68.18411254882812, 102.68623352050781, 89.5845718383789, 151.18624877929688, 121.51605987548828]"
2013-12-03,2013-12-09,1526.0,10675,7630.0,"[7, 6, 9, 9, 14, 12, 4]","[3, 6, 7, 5, 10, 7, 7]","[0.11703649514718506, 0.12785831233184952, 0.12771085011044156, 0.1763998682910737, 0.17435375874806963, 0.1263097854839212, 0.13249973171594692]","[42, 62, 55, 77, 118, 112, 58]","[59.78140640258789, 62.716670989990234, 103.59864044189453, 88.43052673339844, 154.4249267578125, 122.71581268310547, 75.48616790771484]"
2013-12-04,2013-12-10,2065.0,10995,7430.0,"[4, 4, 8, 14, 5, 7, 8]","[5, 11, 6, 9, 13, 3, 5]","[0.1732133085123774, 0.2130994044074235, 0.19800951726358237, 0.10947669583793229, 0.040436554417998316, 0.12397140568485743, 0.1613512077360783]","[62, 55, 77, 118, 112, 58, 61]","[62.56406021118164, 102.99085235595703, 89.65885925292969, 153.3705291748047, 122.38944244384766, 71.23152160644531, 86.94100189208984]"
2013-12-05,2013-12-11,2028.0,9412,6555.0,"[17, 11, 6, 12, 12, 14, 0]","[0, 3, 16, 6, 0, 0, 1]","[0.0, 0.0, 0.04058495323706254, 0.12945278848084213, 0.0, 0.21363411324572393, 0.3]","[55, 77, 118, 112, 58, 61, 70]","[102.81556701660156, 90.45612335205078, 149.9965057373047, 115.57526397705078, 73.00750732421875, 89.1826400756836, 99.09333038330078]"
2013-12-06,2013-12-12,2715.0,11110,7340.0,"[8, 20, 20, 12, 13, 16, 16]","[4, 4, 0, 0, 1, 0, 0]","[0.03598106762133423, 0.0, 0.16155563919005506, 0.0, 0.0, 0.3, 0.0]","[77, 118, 112, 58, 61, 70, 76]","[78.85137176513672, 147.84310913085938, 116.97177124023438, 70.0924301147461, 88.82766723632812, 96.4180908203125, 96.66394805908203]"
2013-12-07,2013-12-13,2120.0,11760,8305.0,"[9, 9, 6, 10, 8, 6, 9]","[13, 9, 6, 4, 7, 9, 8]","[0.1322844622250534, 0.13279669999875637, 0.13465170616215752, 0.17314657762247662, 0.16956725701169467, 0.10868420827065932, 0.03737986715458399]","[118, 112, 58, 61, 70, 76, 91]","[144.24835205078125, 115.68464660644531, 75.96329498291016, 88.4524917602539, 98.9971694946289, 100.50931549072266, 109.6240005493164]"
2013-12-08,2013-12-14,3358.0,12724,8280.0,"[19, 8, 15, 9, 0, 18, 19]","[0, 3, 0, 6, 12, 0, 10]","[0.0, 0.3, 0.0, 0.0, 0.3, 0.0, 0.03688027595340746]","[112, 58, 61, 70, 76, 91, 192]","[114.32037353515625, 73.12515258789062, 91.27972412109375, 96.46833801269531, 97.30673217773438, 111.07274627685547, 186.0833282470703]"
2013-12-09,2013-12-15,3309.0,12228,8595.0,"[13, 5, 0, 17, 18, 20, 20]","[0, 9, 13, 0, 0, 9, 0]","[0.0, 0.1763285332912317, 0.0, 0.0, 0.0, 0.03576016538591753, 0.0]","[58, 61, 70, 76, 91, 192, 141]","[75.54058837890625, 91.41615295410156, 93.32549285888672, 99.091064453125, 107.05643463134766, 183.46005249023438, 154.4497528076172]"
2013-12-10,2013-12-16,3541.0,13385,8995.0,"[5, 6, 9, 8, 11, 12, 14]","[8, 7, 6, 8, 16, 8, 5]","[0.038682138361911686, 0.03726562531050363, 0.03804929890376323, 0.06954411756397343, 0.07794332269371132, 0.16788973954739078, 0.08241939312351164]","[61, 70, 76, 91, 192, 141, 87]","[86.47447204589844, 91.21186065673828, 94.53068542480469, 105.59410095214844, 180.4950408935547, 152.50082397460938, 119.39804077148438]"
2013-12-11,2013-12-17,3935.0,14419,8660.0,"[6, 6, 9, 8, 12, 9, 8]","[6, 8, 7, 15, 10, 8, 6]","[0.1234655424543791, 0.1305558125185113, 0.16474396228393157, 0.10561998125768438, 0.16968846003104904, 0.13170868783530904, 0.1679566561743309]","[70, 76, 91, 192, 141, 87, 87]","[80.21359252929688, 91.35697937011719, 106.02593231201172, 155.9330596923828, 142.8159942626953, 109.97132110595703, 104.83960723876953]"
2013-12-12,2013-12-18,4735.0,14118,8810.0,"[14, 16, 8, 15, 18, 15, 16]","[0, 0, 16, 9, 0, 0, 4]","[0.3, 0.0, 0.0, 0.0, 0.0, 0.0, 0.0]","[76, 91, 192, 141, 87, 87, 117]","[86.1269302368164, 98.40510559082031, 159.59739685058594, 154.12142944335938, 108.5550308227539, 89.88530731201172, 126.97703552246094]"
2013-12-13,2013-12-19,4448.0,14562,9480.0,"[15, 20, 20, 20, 0, 20, 0]","[0, 4, 3, 0, 14, 0, 20]","[0.04002523271399519, 0.0, 0.0, 0.0, 0.3, 0.0, 0.0]","[91, 192, 141, 87, 87, 117, 105]","[92.77597045898438, 151.53314208984375, 145.55029296875, 118.29269409179688, 105.42127990722656, 128.9376220703125, 142.47601318359375]"
2013-12-14,2013-12-20,5312.0,16227,9620.0,"[18, 20, 19, 0, 19, 0, 20]","[9, 0, 0, 13, 0, 17, 3]","[0.03801692423356964, 0.0, 0.03516986392360913, 0.25780097218790404, 0.3, 0.0007407856106863412, 0.00014631941980279773]","[192, 141, 87, 87, 117, 105, 147]","[170.68966674804688, 152.70449829101562, 109.80304718017578, 92.61490631103516, 112.2452163696289, 123.29607391357422, 148.05763244628906]"
2013-12-15,2013-12-21,5254.0,17005,9640.0,"[4, 8, 6, 12, 15, 14, 15]","[16, 8, 8, 6, 2, 8, 10]","[0.03501484062251366, 0.20194544665035258, 0.22328275538477085, 0.12120667264842402, 0.12636608276213004, 0.11573440286269787, 0.21186954079329778]","[141, 87, 87, 117, 105, 147, 213]","[153.48927307128906, 106.04553985595703, 92.789306640625, 112.54798889160156, 127.92081451416016, 145.3938751220703, 208.6587371826172]"
2013-12-16,2013-12-22,5672.0,17295,11140.0,"[18, 12, 19, 0, 20, 11, 10]","[0, 3, 0, 18, 3, 19, 19]","[0.3, 0.0209593543446275, 0.0, 0.0390685214074849, 0.00014045292734874386, 0.0, 0.0]","[87, 87, 117, 105, 147, 213, 222]","[107.31228637695312, 91.58966064453125, 115.48213958740234, 125.43741607666016, 142.95657348632812, 202.68002319335938, 192.52024841308594]"
2013-12-17,2013-12-23,6242.0,18384,10970.0,"[0, 10, 11, 18, 20, 13, 20]","[13, 7, 8, 5, 12, 16, 0]","[0.0, 0.0, 0.0, 0.00034995145372389736, 0.0, 0.3, 0.0]","[87, 117, 105, 147, 213, 222, 198]","[89.8604507446289, 111.37701416015625, 121.37081146240234, 142.19383239746094, 203.88729858398438, 194.21070861816406, 123.33658599853516]"
2013-12-18,2013-12-24,6764.0,18699,11025.0,"[5, 11, 20, 19, 11, 20, 12]","[11, 7, 3, 13, 18, 1, 6]","[0.0, 0.0, 0.3, 0.036657136433863056, 0.0, 0.0, 0.07800509232484167]","[117, 105, 147, 213, 222, 198, 98]","[106.8427505493164, 118.33931732177734, 144.9161834716797, 205.52401733398438, 193.48960876464844, 130.24964904785156, 120.47802734375]"
2013-12-19,2013-12-25,5880.0,16162,10360.0,"[20, 19, 20, 20, 20, 20, 10]","[0, 5, 13, 11, 0, 0, 0]","[0.0, 0.037902110601748716, 0.03894858264575487, 0.013093292403560315, 0.0, 0.0, 0.3]","[105, 147, 213, 222, 198, 98, 0]","[125.4176025390625, 148.72972106933594, 209.44383239746094, 195.43971252441406, 127.91665649414062, 118.98802185058594, 64.50751495361328]"
2013-12-20,2013-12-26,5007.0,16930,10245.0,"[7, 16, 9, 14, 15, 4, 8]","[15, 13, 14, 7, 5, 5, 10]","[0.16085913794665635, 0.03714195074071357, 0.17463573686039024, 0.1338423855725071, 0.13326524462970374, 0.2130436057872618, 0.17117264552500627]","[147, 213, 222, 198, 98, 0, 198]","[146.2161407470703, 207.3112335205078, 194.52560424804688, 132.95223999023438, 125.09037017822266, 62.6124267578125, 118.62904357910156]"
2013-12-21,2013-12-27,4327.0,16334,11165.0,"[11, 20, 19, 20, 10, 2, 20]","[20, 11, 2, 0, 0, 12, 11]","[0.0, 0.0, 0.3, 0.038988942987258995, 0.0, 0.034731005366724604, 0.0]","[213, 222, 198, 98, 0, 198, 129]","[205.89373779296875, 197.62246704101562, 128.62094116210938, 125.8115005493164, 65.81394958496094, 123.7684097290039, 198.35470581054688]"
2013-12-22,2013-12-28,3702.0,16475,11235.0,"[20, 5, 2, 9, 20, 11, 4]","[11, 13, 15, 0, 0, 19, 20]","[6.716074203816243e-06, 0.3, 0.03831839841301101, 0.3, 0.2798219663186319, 0.03726970290775854, 0.0]","[222, 198, 98, 0, 198, 129, 169]","[198.56207275390625, 122.29485321044922, 116.57540893554688, 53.53361511230469, 124.61956787109375, 201.81552124023438, 165.97727966308594]"
2013-12-23,2013-12-29,2950.0,14001,10090.0,"[20, 16, 12, 0, 20, 20, 20]","[1, 4, 0, 17, 11, 0, 6]","[0.3, 0.0, 0.0, 0.0, 0.0, 0.0, 0.03999034066771912]","[198, 98, 0, 198, 129, 169, 135]","[128.92210388183594, 125.35737609863281, 71.90447235107422, 122.12870025634766, 196.2275848388672, 148.1865234375, 167.05946350097656]"
2013-12-24,2013-12-30,2272.0,14809,11510.0,"[20, 12, 16, 11, 7, 7, 20]","[6, 0, 5, 20, 16, 20, 0]","[0.0, 0.0005366039274313951, 0.0038930868841198594, 0.03635624638060516, 0.08144995642491334, 0.0, 0.3]","[98, 0, 198, 129, 169, 135, 161]","[162.9012908935547, 78.61854553222656, 129.52874755859375, 206.25624084472656, 153.97621154785156, 183.4263458251953, 121.20980072021484]"
2013-12-25,2013-12-31,3488.0,14575,9545.0,"[4, 11, 15, 16, 13, 12, 14]","[5, 7, 15, 6, 11, 3, 4]","[0.26416624355128066, 0.039094099133318225, 0.1287261589528688, 0.17403957689660893, 0.13311827449230915, 0.1342626067525502, 0.1708310192363358]","[0, 198, 129, 169, 135, 161, 126]","[61.40281677246094, 114.9926528930664, 195.55323791503906, 144.51515197753906, 171.29978942871094, 116.16925048828125, 125.07222747802734]"
2013-12-26,2014-01-01,4605.0,17461,11355.0,"[14, 17, 9, 17, 7, 16, 7]","[6, 14, 15, 9, 12, 5, 10]","[0.07600923382676601, 0.17275607142148414, 0.06963007883617392, 0.038532753593433736, 0.26369904939004296, 0.03495686325202119, 0.10342786403953713]","[198, 129, 169, 135, 161, 126, 74]","[126.67835235595703, 198.1563720703125, 160.04928588867188, 177.9177703857422, 132.73944091796875, 143.0161895751953, 103.45051574707031]"
2013-12-27,2014-01-02,4801.0,16463,10345.0,"[14, 11, 15, 11, 15, 10, 10]","[14, 13, 10, 9, 8, 4, 3]","[0.1151294341932009, 0.04064661890528585, 0.11673169277842904, 0.13167701862835013, 0.11322169118586528, 0.11077364249333224, 0.12853147076851576]","[129, 169, 135, 161, 126, 74, 82]","[181.87335205078125, 159.5832061767578, 159.97702026367188, 128.21156311035156, 143.88278198242188, 87.31819152832031, 83.09375]"
2013-12-28,2014-01-03,4824.0,14572,8170.0,"[12, 12, 8, 8, 4, 5, 9]","[9, 10, 9, 11, 6, 6, 4]","[0.12026460609154686, 0.1338799381380496, 0.172228540860564, 0.06028406042304063, 0.16594649354785615, 0.10867379244093961, 0.10699745144913891]","[169, 135, 161, 126, 74, 82, 84]","[135.65802001953125, 147.5090789794922, 112.16360473632812, 139.9878387451172, 67.97073364257812, 75.08390808105469, 82.1451187133789]"
2013-12-29,2014-01-04,4449.0,13999,8470.0,"[13, 4, 16, 5, 9, 11, 7]","[11, 14, 8, 7, 3, 2, 8]","[0.1285411352996922, 0.11982131206652631, 0.16630629432206284, 0.03539986715876853, 0.0371799816926373, 0.039621810706631816, 0.07858283073221663]","[135, 161, 126, 74, 82, 84, 103]","[156.2738800048828, 125.80177307128906, 150.30300903320312, 77.40180969238281, 77.91990661621094, 84.15575408935547, 101.32220458984375]"
2013-12-30,2014-01-05,3688.0,13086,7530.0,"[5, 20, 0, 11, 0, 17, 0]","[13, 3, 10, 1, 11, 0, 12]","[0.036030672640731676, 0.12157557203326574, 0.3, 0.3, 0.03784740031177952, 0.0, 0.3]","[161, 126, 74, 82, 84, 103, 64]","[124.21344757080078, 145.36102294921875, 73.62703704833984, 76.3490982055664, 80.36028289794922, 103.31665802001953, 83.63597106933594]"
2013-12-31,2014-01-06,2882.0,11484,7185.0,"[17, 4, 4, 9, 8, 6, 3]","[8, 7, 7, 5, 8, 7, 6]","[0.16797959013180258, 0.12717990037888502, 0.2308035885543382, 0.03899898379575699, 0.11222882285978397, 0.03859322144086564, 0.12166295661288869]","[126, 74, 82, 84, 103, 64, 45]","[161.50616455078125, 75.54450988769531, 76.45013427734375, 85.8470230102539, 106.08563232421875, 85.03728485107422, 53.459136962890625]"
2014-01-01,2014-01-07,2746.0,10058,5905.0,"[5, 11, 7, 10, 6, 5, 6]","[6, 2, 6, 7, 8, 3, 2]","[0.11735408477129364, 0.12546643061154472, 0.21188217647293092, 0.038484277149483645, 0.16091806574303844, 0.17236275526411254, 0.1726860157225949]","[74, 82, 84, 103, 64, 45, 44]","[70.60614013671875, 80.08779907226562, 84.56851959228516, 109.55997467041016, 92.05538940429688, 53.93626022338867, 48.955963134765625]"
2014-01-02,2014-01-08,2390.0,9356,5550.0,"[11, 6, 6, 5, 2, 5, 5]","[2, 7, 9, 7, 6, 4, 2]","[0.07704472728248285, 0.16659626542616887, 0.10978550962227665, 0.17125211772916668, 0.1336210422206608, 0.16606049210550655, 0.16163594674944715]","[82, 84, 103, 64, 45, 44, 45]","[82.88456726074219, 84.42036437988281, 97.34296417236328, 78.89952850341797, 53.25482940673828, 53.67909622192383, 45.9996452331543]"
2014-01-03,2014-01-09,1896.0,8121,4525.0,"[15, 18, 0, 10, 0, 0, 7]","[0, 0, 10, 0, 7, 0, 1]","[0.27502690474519303, 0.0, 0.3, 0.037376818571300784, 0.0, 0.0, 0.3]","[84, 103, 64, 45, 44, 45, 48]","[86.73121643066406, 107.6905288696289, 75.27249908447266, 62.26123809814453, 49.08195495605469, 47.53791046142578, 50.65421676635742]"
2014-01-04,2014-01-10,1454.0,7194,4700.0,"[0, 0, 3, 9, 0, 9, 0]","[15, 3, 6, 0, 6, 0, 10]","[0.03913858996471929, 0.0, 0.0, 0.3, 0.3, 0.0, 0.03951438719397264]","[103, 64, 45, 44, 45, 48, 59]","[104.9539794921875, 74.6758041381836, 58.15987014770508, 55.298099517822266, 46.61563491821289, 53.166114807128906, 69.83980560302734]"
2014-01-05,2014-01-11,1436.0,8245,5000.0,"[13, 9, 0, 0, 10, 11, 17]","[0, 0, 7, 7, 0, 0, 0]","[0.0, 0.16719599551812664, 0.0, 0.0, 0.3, 0.3, 0.2681576720506172]","[64, 45, 44, 45, 48, 59, 86]","[76.25220489501953, 55.16952133178711, 53.46897888183594, 47.43058395385742, 58.66798400878906, 70.70216369628906, 101.5953598022461]"
2014-01-06,2014-01-12,1895.0,8048,4650.0,"[8, 0, 7, 0, 11, 16, 11]","[0, 7, 0, 8, 0, 0, 0]","[0.0, 0.3, 0.1287660948064133, 0.27352572141628007, 0.3, 0.03584289065610509, 0.0]","[45, 44, 45, 48, 59, 86, 69]","[50.60988998413086, 51.823822021484375, 39.946929931640625, 55.75553512573242, 69.2125244140625, 99.8766098022461, 70.02627563476562]"
2014-01-07,2014-01-13,1450.0,6900,4035.0,"[8, 6, 0, 11, 0, 0, 0]","[0, 0, 7, 0, 14, 9, 0]","[0.0, 0.3, 0.0, 0.0, 0.16875448044629296, 0.3, 0.0]","[44, 45, 48, 59, 86, 69, 40]","[46.21189880371094, 39.54692077636719, 52.970436096191406, 69.91730499267578, 97.82640838623047, 68.6576156616211, 35.478450775146484]"
2014-01-08,2014-01-14,936.0,6228,3980.0,"[8, 0, 20, 17, 12, 0, 0]","[0, 7, 0, 0, 0, 0, 0]","[0.0, 0.3, 0.0, 0.0, 0.3, 0.2944115205832711, 0.16440218764520848]","[45, 48, 59, 86, 69, 40, 44]","[47.522987365722656, 54.2056770324707, 67.64701080322266, 101.05626678466797, 73.33902740478516, 40.15645217895508, 39.33406066894531]"
2014-01-09,2014-01-15,1350.0,7837,5070.0,"[5, 7, 12, 10, 4, 8, 4]","[4, 5, 4, 7, 2, 0, 2]","[0.11544601446231673, 0.16263232132954308, 0.1085847070320752, 0.21184444717078976, 0.16020750347453683, 0.12630086034892618, 0.09645044317196005]","[48, 59, 86, 69, 40, 44, 44]","[54.76267623901367, 75.0260009765625, 98.40811157226562, 72.44094848632812, 36.81531524658203, 41.54430389404297, 45.33732986450195]"
2014-01-10,2014-01-16,1218.0,4716,2960.0,"[0, 6, 11, 5, 6, 0, 8]","[0, 9, 0, 0, 0, 0, 0]","[0.21852803439641041, 0.0, 0.0, 0.0, 0.0, 0.0, 0.0006768798360573472]","[59, 86, 69, 40, 44, 44, 44]","[67.86613464355469, 100.83755493164062, 66.45719146728516, 33.269309997558594, 39.23643112182617, 47.66503143310547, 48.208560943603516]"
2014-01-11,2014-01-17,1431.0,5754,3520.0,"[16, 0, 0, 0, 0, 8, 0]","[0, 9, 5, 5, 6, 0, 0]","[0.0, 0.0, 0.004881898750600385, 0.0, 0.0, 0.3, 0.0]","[86, 69, 40, 44, 44, 44, 49]","[95.99103546142578, 66.57384490966797, 36.2964973449707, 38.07986831665039, 46.61497497558594, 47.50421905517578, 68.30734252929688]"
2014-01-12,2014-01-18,2237.0,8954,5505.0,"[0, 6, 6, 0, 0, 0, 20]","[9, 0, 0, 6, 0, 9, 14]","[0.3, 0.12384074673223608, 0.0, 0.0, 0.0, 0.3, 0.039340183815804175]","[69, 40, 44, 44, 44, 49, 330]","[68.08076477050781, 38.83514404296875, 37.65080261230469, 46.864959716796875, 46.96417236328125, 67.70592498779297, 223.6085662841797]"
2014-01-13,2014-01-19,3378.0,12589,8470.0,"[6, 0, 8, 8, 0, 20, 20]","[0, 5, 0, 0, 9, 14, 20]","[0.0, 0.3, 0.0, 0.0, 0.3, 0.03893818263137991, 0.03907540644416017]","[40, 44, 44, 44, 49, 330, 221]","[37.44504165649414, 39.806636810302734, 46.78520584106445, 48.49935531616211, 68.32000732421875, 220.94686889648438, 264.33172607421875]"
2014-01-14,2014-01-20,5234.0,14877,9645.0,"[6, 0, 8, 10, 18, 20, 20]","[0, 6, 0, 0, 16, 17, 10]","[0.00018468481579947635, 0.0, 0.0016284325743585063, 0.0, 0.03621182624310761, 0.03621764464537248, 0.0147125087159603]","[44, 44, 44, 49, 330, 221, 198]","[42.57048416137695, 46.61366271972656, 48.43739700317383, 63.31364440917969, 221.696044921875, 241.0467529296875, 189.81236267089844]"
2014-01-15,2014-01-21,4257.0,14178,8280.0,"[8, 0, 3, 19, 20, 16, 0]","[0, 0, 7, 8, 18, 13, 3]","[0.0, 0.0, 0.3, 0.3, 0.04050822425238102, 0.03490815518164357, 0.0]","[44, 44, 49, 330, 221, 198, 36]","[48.46695327758789, 50.13299560546875, 65.63277435302734, 177.80567932128906, 247.47711181640625, 187.44482421875, 43.80418014526367]"
2014-01-16,2014-01-22,4435.0,11724,7120.0,"[8, 0, 20, 20, 20, 0, 0]","[0, 0, 8, 20, 10, 0, 0]","[0.0, 0.3, 0.03900173515688817, 0.0, 0.036316714680340076, 0.0, 0.0]","[44, 49, 330, 221, 198, 36, 41]","[49.68049240112305, 64.72589111328125, 179.36390686035156, 253.12684631347656, 187.95030212402344, 41.80773162841797, 40.108123779296875]"
2014-01-17,2014-01-23,4982.0,14700,9170.0,"[0, 13, 18, 20, 0, 0, 6]","[9, 20, 19, 10, 6, 6, 0]","[0.011498615913547023, 0.0, 0.0, 0.0, 0.3, 0.3, 0.0]","[49, 330, 221, 198, 36, 41, 37]","[63.82855987548828, 221.53091430664062, 240.1351776123047, 190.40745544433594, 41.703407287597656, 42.97800064086914, 37.29688262939453]"
2014-01-18,2014-01-24,5143.0,13752,8270.0,"[13, 20, 20, 7, 7, 0, 7]","[20, 17, 10, 0, 0, 0, 0]","[0.0, 0.0, 0.0, 0.0, 0.3, 0.0, 0.03604001486183669]","[330, 221, 198, 36, 41, 37, 59]","[217.12940979003906, 240.27540588378906, 190.41265869140625, 43.17007064819336, 42.0775260925293, 38.48564147949219, 43.0341911315918]"
2014-01-19,2014-01-25,2919.0,9666,5030.0,"[20, 9, 7, 7, 6, 7, 0]","[0, 20, 0, 0, 0, 0, 0]","[0.3, 0.0, 0.3, 0.0, 0.03996844157701895, 0.3, 0.3]","[221, 198, 36, 41, 37, 59, 79]","[268.0734558105469, 192.37025451660156, 41.02655792236328, 40.15236282348633, 36.728370666503906, 45.71445846557617, 87.95999145507812]"
2014-01-20,2014-01-26,2427.0,8574,4980.0,"[16, 7, 0, 0, 0, 14, 10]","[13, 0, 6, 5, 0, 0, 0]","[0.0, 0.3, 0.0, 0.0, 0.0, 0.3, 0.0042081519641688405]","[198, 36, 41, 37, 59, 79, 72]","[188.54910278320312, 40.71581268310547, 42.95008850097656, 37.50817108154297, 45.344329833984375, 86.93916320800781, 62.31368637084961]"
2014-01-21,2014-01-27,1173.0,6858,3990.0,"[6, 0, 0, 6, 20, 10, 7]","[0, 6, 5, 0, 0, 0, 0]","[0.0, 0.0, 0.3, 0.0, 0.3, 0.3, 0.0]","[36, 41, 37, 59, 79, 72, 36]","[37.78996658325195, 43.12788772583008, 36.15514373779297, 39.36902618408203, 85.65092468261719, 60.91743469238281, 43.69425964355469]"
2014-01-22,2014-01-28,1231.0,5304,2915.0,"[7, 0, 8, 14, 1, 0, 0]","[0, 0, 0, 0, 8, 5, 0]","[0.3, 0.0, 0.2997182243883745, 0.0007166084473160084, 0.0, 0.0, 0.0]","[41, 37, 59, 79, 72, 36, 40]","[41.16326141357422, 36.63046646118164, 46.344932556152344, 87.05721282958984, 60.80622100830078, 40.677818298339844, 34.767799377441406]"
2014-01-23,2014-01-29,1017.0,4698,2680.0,"[0, 7, 14, 0, 0, 0, 0]","[0, 0, 0, 8, 5, 4, 0]","[0.3, 0.0, 0.0, 0.0, 0.29910219344871175, 0.3, 0.13361222886425883]","[37, 59, 79, 72, 36, 40, 40]","[36.43881607055664, 43.16555404663086, 85.84329986572266, 58.82526397705078, 39.39558410644531, 34.34603500366211, 42.405860900878906]"
2014-01-24,2014-01-30,1077.0,4823,2640.0,"[0, 13, 0, 0, 0, 0, 6]","[5, 0, 8, 0, 5, 0, 0]","[0.0, 0.3, 0.0, 0.3, 0.03719439682315596, 0.3, 0.0]","[59, 79, 72, 36, 40, 40, 38]","[38.36894607543945, 80.80170440673828, 57.594783782958984, 45.22665786743164, 35.39521789550781, 32.096656799316406, 37.850730895996094]"
2014-01-25,2014-01-31,1537.0,6820,3610.0,"[14, 10, 7, 0, 5, 6, 9]","[0, 0, 0, 5, 0, 0, 0]","[0.3, 0.3, 0.03658472824197025, 0.12074638367888932, 0.2516043817553826, 0.0, 0.0]","[79, 72, 36, 40, 40, 38, 44]","[85.39306640625, 60.047607421875, 44.824668884277344, 38.18981170654297, 32.508453369140625, 40.4069709777832, 55.2327880859375]"
2014-01-26,2014-02-01,832.0,5466,3725.0,"[0, 8, 0, 0, 0, 0, 0]","[8, 0, 5, 5, 0, 8, 11]","[0.3, 0.037277230349557496, 0.030705398298539268, 0.0, 0.0, 0.0, 0.011487228550222904]","[72, 36, 40, 40, 38, 44, 78]","[59.33710479736328, 47.65620422363281, 36.79057693481445, 33.14785385131836, 39.96278381347656, 55.930965423583984, 86.45223999023438]"
2014-01-27,2014-02-02,952.0,6380,4120.0,"[0, 6, 0, 7, 0, 14, 12]","[6, 0, 5, 0, 8, 0, 0]","[0.03574255610709947, 0.0, 0.3, 0.3, 0.0365836308338593, 0.0, 0.3]","[36, 40, 40, 38, 44, 78, 44]","[44.26668930053711, 35.01210021972656, 37.14579391479492, 40.51253128051758, 53.897579193115234, 84.28812408447266, 72.59715270996094]"
2014-01-28,2014-02-03,341.0,5108,3980.0,"[0, 0, 6, 9, 0, 20, 0]","[5, 4, 0, 0, 12, 0, 0]","[0.0, 0.0, 0.3, 0.0, 0.03731949255775231, 0.037158448782335436, 0.2980307424799173]","[40, 40, 38, 44, 78, 44, 36]","[34.863807678222656, 32.024322509765625, 37.36947250366211, 56.423011779785156, 84.48602294921875, 71.79884338378906, 38.21142578125]"
2014-01-29,2014-02-04,37.0,4385,2895.0,"[0, 0, 0, 20, 11, 0, 0]","[0, 0, 7, 0, 0, 5, 0]","[0.3, 0.3, 0.3, 0.3, 0.0, 0.03964680843075445, 0.3]","[40, 38, 44, 78, 44, 36, 25]","[34.06401443481445, 40.489051818847656, 54.27073669433594, 83.7503662109375, 66.60203552246094, 37.23544692993164, 39.17474365234375]"
2014-01-30,2014-02-05,519.0,6079,4185.0,"[2, 7, 8, 7, 4, 8, 7]","[4, 2, 5, 3, 3, 0, 1]","[0.20815205933980813, 0.06956977400693608, 0.17329877981680636, 0.1326130856859131, 0.21283599788594804, 0.27577308369075054, 0.12211522697470156]","[38, 44, 78, 44, 36, 25, 28]","[41.35963439941406, 55.6268196105957, 86.33099365234375, 66.66199493408203, 38.944793701171875, 37.309837341308594, 48.513912200927734]"
2014-01-31,2014-02-06,786.0,4980,3260.0,"[0, 14, 12, 6, 6, 0, 6]","[7, 0, 0, 0, 0, 0, 0]","[0.0, 0.0, 0.0, 0.0, 0.3, 0.006459993199568016, 0.3]","[44, 78, 44, 36, 25, 28, 31]","[52.156612396240234, 86.7132339477539, 73.66602325439453, 36.625885009765625, 35.898258209228516, 50.73265838623047, 38.77498245239258]"
2014-02-01,2014-02-07,644.0,5244,3380.0,"[14, 3, 6, 0, 8, 0, 8]","[0, 7, 0, 5, 0, 0, 0]","[0.0, 0.3, 0.0, 0.3, 0.3, 0.0, 0.0]","[78, 44, 36, 25, 28, 31, 50]","[82.7700424194336, 66.03616333007812, 37.55042266845703, 36.824790954589844, 49.33808517456055, 38.641719818115234, 47.239341735839844]"
2014-02-02,2014-02-08,-74.0,6137,4965.0,"[12, 3, 5, 3, 4, 1, 9]","[0, 7, 2, 5, 6, 6, 5]","[0.17130843861015266, 0.06329553225565589, 0.07930815335560559, 0.2040468762834595, 0.06502976939654381, 0.16454189734444985, 0.16639818905034753]","[44, 36, 25, 28, 31, 50, 94]","[69.65206909179688, 37.23100280761719, 36.11240768432617, 51.21784973144531, 42.31276321411133, 48.69488525390625, 91.904052734375]"
2014-02-03,2014-02-09,977.0,6450,3880.0,"[6, 6, 8, 6, 0, 0, 10]","[0, 0, 0, 0, 6, 12, 0]","[0.0, 0.017113996633973224, 0.0, 0.3, 0.3, 0.3, 0.0]","[36, 25, 28, 31, 50, 94, 67]","[36.08305740356445, 35.825260162353516, 47.47252655029297, 37.94611740112305, 45.27472686767578, 83.86571502685547, 60.811012268066406]"
2014-02-04,2014-02-10,1106.0,5808,3330.0,"[6, 8, 0, 7, 15, 11, 0]","[0, 0, 5, 0, 0, 0, 0]","[0.3, 0.0, 0.3, 0.0, 0.0, 0.3, 0.3]","[25, 28, 31, 50, 94, 67, 34]","[34.8608512878418, 47.51640701293945, 36.725276947021484, 45.67872619628906, 90.56623840332031, 65.74496459960938, 43.6669807434082]"
2014-02-05,2014-02-11,1153.0,6066,3680.0,"[7, 0, 7, 0, 0, 0, 5]","[0, 3, 0, 12, 9, 6, 0]","[0.0, 0.3, 0.0, 0.3, 0.0, 0.0, 0.0]","[28, 31, 50, 94, 67, 34, 44]","[43.14102554321289, 34.27449035644531, 43.88055419921875, 83.87678527832031, 61.85007858276367, 41.188602447509766, 32.73619842529297]"
2014-02-06,2014-02-12,1180.0,5635,3715.0,"[5, 0, 15, 19, 7, 0, 0]","[0, 6, 0, 0, 0, 5, 0]","[0.0, 0.0, 0.0, 0.03818022425881364, 0.3, 0.0, 0.0]","[31, 50, 94, 67, 34, 44, 46]","[31.120040893554688, 43.52967071533203, 88.04524230957031, 57.14250183105469, 40.221858978271484, 35.462154388427734, 38.102867126464844]"
2014-02-07,2014-02-13,1051.0,6732,4495.0,"[0, 14, 0, 19, 6, 6, 2]","[6, 0, 8, 0, 0, 0, 5]","[2.586969231751604e-05, 0.04059193675375568, 0.3, 0.0, 0.0, 0.0, 0.3]","[50, 94, 67, 34, 44, 46, 61]","[45.30897903442383, 89.49175262451172, 58.82301712036133, 42.4051628112793, 35.96347427368164, 39.18204879760742, 47.63261032104492]"
2014-02-08,2014-02-14,1285.0,5549,3295.0,"[0, 9, 0, 0, 6, 0, 0]","[13, 0, 6, 5, 0, 5, 0]","[0.0, 0.0, 0.3, 0.0, 0.26053052835638474, 0.040274795521273055, 0.3]","[94, 67, 34, 44, 46, 61, 82]","[91.12083435058594, 55.7099723815918, 42.37024688720703, 35.212615966796875, 37.124977111816406, 46.02952575683594, 55.873233795166016]"
2014-02-09,2014-02-15,1634.0,6372,3680.0,"[10, 7, 0, 0, 0, 10, 20]","[0, 0, 0, 0, 7, 0, 0]","[0.0, 0.3, 0.3, 0.3, 0.3, 0.03744410747503583, 0.0]","[67, 34, 44, 46, 61, 82, 303]","[62.55192565917969, 41.715789794921875, 36.231204986572266, 38.15595245361328, 48.234779357910156, 60.63407897949219, 315.11187744140625]"
2014-02-10,2014-02-16,3927.0,13274,8500.0,"[7, 0, 6, 0, 0, 20, 20]","[0, 5, 0, 0, 9, 20, 20]","[0.3, 0.3, 0.3, 0.2531366278885151, 0.022619603955440784, 0.039546819353816806, 0.0]","[34, 44, 46, 61, 82, 303, 268]","[42.435401916503906, 37.172523498535156, 39.17564010620117, 48.019203186035156, 61.57974624633789, 323.3074951171875, 285.60723876953125]"
2014-02-11,2014-02-17,5584.0,15758,9795.0,"[6, 0, 0, 10, 20, 20, 20]","[0, 0, 6, 0, 20, 20, 9]","[0.0, 0.3, 0.0, 0.3, 0.0, 0.03887688886116318, 0.0]","[44, 46, 61, 82, 303, 268, 206]","[35.09761428833008, 38.56760787963867, 46.833553314208984, 62.709190368652344, 317.8174743652344, 282.8972473144531, 187.63088989257812]"
2014-02-12,2014-02-18,5278.0,13356,8020.0,"[7, 0, 10, 20, 20, 20, 0]","[0, 0, 0, 20, 20, 0, 0]","[0.0, 0.1713657913428761, 0.0, 0.0, 0.0, 0.0, 0.0]","[46, 61, 82, 303, 268, 206, 31]","[41.413536071777344, 47.546939849853516, 60.32954406738281, 326.6414794921875, 283.9705505371094, 189.3487548828125, 38.70161437988281]"
2014-02-13,2014-02-19,5656.0,18564,9835.0,"[0, 20, 20, 20, 8, 0, 0]","[6, 0, 20, 20, 20, 5, 0]","[0.0, 0.03669142186852274, 0.0362932868005586, 0.3, 0.3, 0.0, 0.0]","[61, 82, 303, 268, 206, 31, 41]","[46.20731735229492, 60.9739875793457, 324.2418518066406, 283.2896728515625, 186.42161560058594, 36.080535888671875, 36.17652893066406]"
2014-02-14,2014-02-20,5748.0,15435,9310.0,"[11, 20, 20, 8, 0, 0, 7]","[0, 20, 20, 20, 6, 0, 0]","[0.0, 0.0, 0.0, 0.0, 0.3, 0.0, 0.273143825950006]","[82, 303, 268, 206, 31, 41, 33]","[66.3358383178711, 326.2607421875, 282.4757995605469, 191.20513916015625, 41.16008377075195, 36.19767379760742, 42.98577880859375]"
2014-02-15,2014-02-21,4707.0,12502,7355.0,"[20, 20, 20, 0, 5, 0, 8]","[20, 0, 9, 6, 0, 0, 1]","[0.0, 0.0, 0.036772299322500326, 0.0391848181478078, 0.0, 0.0, 0.3]","[303, 268, 206, 31, 41, 33, 44]","[300.96710205078125, 279.8616027832031, 185.13644409179688, 41.304080963134766, 33.780826568603516, 44.74074935913086, 59.281280517578125]"
2014-02-16,2014-02-22,4563.0,12738,7550.0,"[20, 6, 0, 6, 7, 10, 13]","[20, 20, 5, 0, 0, 0, 0]","[0.03952291017477071, 0.03846255481130991, 0.0, 0.3, 0.3, 0.039797053747962004, 0.0]","[268, 206, 31, 41, 33, 44, 79]","[277.8114013671875, 175.4305877685547, 39.126739501953125, 32.85158920288086, 43.60093688964844, 60.833431243896484, 82.20072174072266]"
2014-02-17,2014-02-23,2251.0,8836,5410.0,"[20, 6, 0, 8, 5, 11, 8]","[8, 0, 5, 0, 4, 2, 2]","[0.0, 0.3, 0.1212392921200043, 0.3, 0.3, 0.0, 0.0]","[206, 31, 41, 33, 44, 79, 53]","[176.43505859375, 39.442901611328125, 36.059608459472656, 47.676143646240234, 58.136993408203125, 79.75861358642578, 64.0675277709961]"
2014-02-18,2014-02-24,844.0,6368,3860.0,"[3, 0, 7, 9, 3, 0, 6]","[4, 5, 0, 0, 8, 8, 0]","[0.3, 0.0, 0.0, 0.0, 0.3, 0.3, 0.12936701054604177]","[31, 41, 33, 44, 79, 53, 28]","[46.23065948486328, 35.0020751953125, 42.85926818847656, 55.22001266479492, 74.19278717041016, 57.66218948364258, 34.494937896728516]"
2014-02-19,2014-02-25,845.0,3821,2340.0,"[0, 3, 9, 13, 10, 0, 0]","[0, 3, 0, 0, 0, 0, 0]","[0.0, 0.04075933354478619, 0.08958735782001656, 0.0, 0.0, 0.3, 0.0]","[41, 33, 44, 79, 53, 28, 31]","[31.59764289855957, 41.32785415649414, 52.953678131103516, 76.1740951538086, 59.327362060546875, 33.672576904296875, 31.824384689331055]"
2014-02-20,2014-02-26,533.0,3558,2100.0,"[0, 9, 13, 0, 5, 0, 0]","[6, 0, 0, 0, 0, 0, 0]","[0.0, 0.3, 0.0, 0.0032244052387453105, 0.0, 0.3, 0.015569478514194372]","[33, 44, 79, 53, 28, 31, 33]","[43.30368423461914, 54.874717712402344, 78.02668762207031, 59.44160079956055, 32.832313537597656, 31.7431640625, 32.89133071899414]"
2014-02-21,2014-02-27,1147.0,6354,3440.0,"[0, 13, 10, 6, 5, 5, 7]","[7, 0, 0, 0, 0, 0, 0]","[0.3, 0.3, 0.0, 0.3, 0.3, 0.0, 0.0]","[44, 79, 53, 28, 31, 33, 30]","[51.58243942260742, 77.3899154663086, 58.874855041503906, 37.565006256103516, 31.45187759399414, 31.00815200805664, 42.774593353271484]"
2014-02-22,2014-02-28,387.0,5995,4220.0,"[0, 0, 1, 0, 5, 6, 8]","[20, 8, 4, 4, 0, 0, 0]","[0.038420701769526173, 0.0, 0.3, 0.3, 0.0, 0.3, 0.3]","[79, 53, 28, 31, 33, 30, 39]","[70.68607330322266, 57.80574035644531, 35.92394256591797, 30.135530471801758, 30.932884216308594, 38.867191314697266, 46.89242172241211]"
2014-02-23,2014-03-01,272.0,4385,3055.0,"[0, 0, 0, 0, 0, 0, 0]","[8, 0, 4, 0, 6, 6, 11]","[0.036681449190393144, 0.0, 0.0, 0.3, 0.0, 0.0, 0.2989641379817404]","[53, 28, 31, 33, 30, 39, 68]","[57.553470611572266, 35.30827713012695, 31.97060203552246, 31.710742950439453, 44.46638107299805, 47.75764846801758, 81.80455780029297]"
2014-02-24,2014-03-02,-326.0,5064,4160.0,"[5, 0, 5, 0, 8, 0, 10]","[0, 0, 0, 6, 0, 20, 0]","[0.3, 0.3, 0.3, 0.0, 0.3, 0.0, 0.0]","[28, 31, 33, 30, 39, 68, 54]","[33.02256774902344, 31.975446701049805, 33.55613708496094, 42.68108367919922, 48.8647346496582, 81.31285858154297, 60.38917541503906]"
2014-02-25,2014-03-03,529.0,4217,2995.0,"[0, 0, 7, 1, 0, 0, 0]","[0, 0, 0, 5, 11, 8, 5]","[0.16545574548137168, 0.3, 0.0, 0.1606277987484812, 0.03643935976923294, 0.0, 0.0]","[31, 33, 30, 39, 68, 54, 33]","[32.229923248291016, 31.833938598632812, 43.81935119628906, 50.66769027709961, 80.38410186767578, 61.97377014160156, 40.11369705200195]"
2014-02-26,2014-03-04,663.0,5310,3240.0,"[0, 7, 8, 13, 0, 0, 5]","[0, 0, 0, 0, 8, 6, 0]","[0.3, 0.0, 0.3, 0.0, 0.3, 0.0, 0.3]","[33, 30, 39, 68, 54, 33, 31]","[31.460737228393555, 40.329776763916016, 50.51030349731445, 80.58834075927734, 60.46493148803711, 41.94524002075195, 31.8946533203125]"
2014-02-27,2014-03-05,273.0,3719,2360.0,"[0, 1, 0, 0, 4, 4, 6]","[0, 5, 0, 9, 3, 0, 0]","[0.0955992319927332, 0.2737593934460496, 0.3, 0.0, 0.0, 0.3, 0.11876036196954848]","[30, 39, 68, 54, 33, 31, 34]","[43.86891174316406, 46.13750076293945, 82.3329849243164, 64.714111328125, 45.76362991333008, 28.185195922851562, 36.723114013671875]"
2014-02-28,2014-03-06,962.0,4562,2520.0,"[7, 13, 9, 0, 5, 0, 0]","[0, 0, 0, 6, 0, 0, 0]","[0.3, 0.03892436858005725, 0.0, 0.3, 0.03975546434656618, 0.0, 0.040580048584678036]","[39, 68, 54, 33, 31, 34, 36]","[45.431495666503906, 78.3163833618164, 57.38129806518555, 41.958927154541016, 29.243101119995117, 37.190242767333984, 40.099151611328125]"
2014-03-01,2014-03-07,1200.0,5598,3590.0,"[12, 10, 5, 0, 6, 6, 9]","[1, 0, 2, 4, 0, 0, 0]","[0.0, 0.0, 0.1032001865939362, 0.0, 0.3, 0.0, 0.0]","[68, 54, 33, 31, 34, 36, 43]","[78.08391571044922, 60.76075744628906, 46.012535095214844, 28.401615142822266, 37.074398040771484, 36.999534606933594, 56.41327667236328]"
2014-03-02,2014-03-08,1195.0,6618,3410.0,"[0, 7, 4, 6, 6, 8, 13]","[7, 0, 0, 0, 0, 0, 0]","[0.3, 0.3, 0.2614459942592019, 0.0, 0.3, 0.0, 0.3]","[54, 33, 31, 34, 36, 43, 77]","[53.4376220703125, 45.362701416015625, 26.274141311645508, 35.46980667114258, 34.403438568115234, 51.9786376953125, 77.19261169433594]"
2014-03-03,2014-03-09,333.0,6326,4575.0,"[1, 8, 3, 3, 5, 1, 4]","[6, 2, 5, 4, 3, 10, 5]","[0.10877458462880776, 0.2251892383239994, 0.19248271297937256, 0.22580116549975227, 0.25974539378758665, 0.048911954843618405, 0.06872753016877811]","[33, 31, 34, 36, 43, 77, 55]","[48.569400787353516, 30.582618713378906, 37.64934539794922, 37.833011627197266, 54.04053497314453, 75.51815032958984, 59.7315559387207]"
2014-03-04,2014-03-10,645.0,3576,1800.0,"[0, 5, 6, 0, 12, 0, 6]","[0, 0, 0, 0, 0, 0, 0]","[0.0, 0.03637195228652527, 0.0, 0.3, 0.3, 0.0, 0.0]","[31, 34, 36, 43, 77, 55, 35]","[21.91457176208496, 29.559709548950195, 34.94878005981445, 50.43585205078125, 74.1316909790039, 58.43972396850586, 35.99429702758789]"
2014-03-05,2014-03-11,384.0,5616,3930.0,"[20, 6, 9, 0, 10, 0, 5]","[0, 0, 0, 11, 0, 0, 0]","[0.3, 0.0, 0.0, 0.3, 0.013421416621590087, 0.0, 0.01054319407340451]","[34, 36, 43, 77, 55, 35, 31]","[32.38761901855469, 39.42097473144531, 52.28091812133789, 77.69905090332031, 58.0740966796875, 35.290191650390625, 32.27482986450195]"
2014-03-06,2014-03-12,1022.0,4425,2840.0,"[0, 0, 0, 9, 0, 0, 0]","[5, 8, 11, 0, 0, 4, 0]","[0.00013614563424197278, 0.0, 0.03521813753317722, 0.038085560341992945, 0.0, 0.04075055147743323, 0.0]","[36, 43, 77, 55, 35, 31, 35]","[39.0047492980957, 53.770442962646484, 74.89495849609375, 56.92020797729492, 33.06032180786133, 31.020835876464844, 35.99923324584961]"
2014-03-07,2014-03-13,950.0,4378,2645.0,"[0, 0, 0, 0, 5, 5, 0]","[0, 11, 8, 0, 0, 0, 5]","[0.021601290374539624, 0.03711156401212232, 0.0, 0.29158814087104723, 0.0, 0.3, 0.03488024862381885]","[43, 77, 55, 35, 31, 35, 38]","[51.81184005737305, 79.09432983398438, 59.3845329284668, 35.34699630737305, 32.82828903198242, 35.462890625, 37.929847717285156]"
2014-03-08,2014-03-14,979.0,4749,2650.0,"[0, 10, 0, 0, 6, 3, 7]","[10, 0, 0, 0, 0, 2, 0]","[0.036149042603268615, 0.28493591421376585, 0.3, 0.3, 0.0, 0.3, 0.0]","[77, 55, 35, 31, 35, 38, 63]","[73.33448791503906, 59.47260284423828, 33.59278106689453, 31.30721664428711, 34.48478317260742, 34.60219192504883, 46.23174285888672]"
2014-03-09,2014-03-15,1382.0,5823,3200.0,"[10, 5, 0, 6, 0, 8, 14]","[0, 0, 0, 0, 5, 0, 0]","[0.0, 0.0, 0.0, 0.0015544973464145624, 0.18035525198463706, 0.03963077435346671, 0.3]","[55, 35, 31, 35, 38, 63, 94]","[62.0199089050293, 33.56538772583008, 28.349266052246094, 34.77278137207031, 34.41366958618164, 48.49717330932617, 85.82816314697266]"
2014-03-10,2014-03-16,1186.0,6312,3320.0,"[0, 5, 6, 6, 5, 0, 10]","[0, 0, 0, 0, 2, 12, 0]","[0.3, 0.3, 0.3, 0.3, 0.0, 0.3, 0.0]","[35, 31, 35, 38, 63, 94, 70]","[34.4652099609375, 32.28608322143555, 36.422386169433594, 37.22990036010742, 47.25554656982422, 84.73503112792969, 63.92591094970703]"
2014-03-11,2014-03-17,1549.0,6042,3160.0,"[5, 6, 6, 0, 8, 10, 0]","[0, 0, 0, 7, 5, 0, 0]","[0.0, 0.3, 0.0, 0.0, 0.3, 0.040392188517864205, 0.3]","[31, 35, 38, 63, 94, 70, 42]","[30.30943489074707, 34.27192306518555, 35.2947998046875, 47.33769607543945, 85.21868896484375, 63.37147521972656, 40.02690887451172]"
2014-03-12,2014-03-18,1491.0,6339,3150.0,"[6, 6, 7, 7, 9, 0, 7]","[0, 0, 0, 6, 1, 0, 0]","[0.16217758429310453, 0.0, 0.0, 0.3, 0.3, 0.0, 0.11956226062780971]","[35, 38, 63, 94, 70, 42, 36]","[36.66566467285156, 33.95884323120117, 45.51179885864258, 86.56167602539062, 65.72261810302734, 39.11886215209961, 42.08784103393555]"
2014-03-13,2014-03-19,1506.0,6768,3430.0,"[6, 0, 0, 11, 0, 0, 7]","[0, 7, 12, 0, 5, 0, 0]","[0.0, 0.0, 0.3, 0.3, 0.0, 0.0, 0.3]","[38, 63, 94, 70, 42, 36, 46]","[34.746036529541016, 48.131797790527344, 87.3714599609375, 66.74653625488281, 37.6436882019043, 42.50627899169922, 46.66620635986328]"
2014-03-14,2014-03-20,1704.0,7697,3970.0,"[8, 14, 10, 0, 7, 4, 0]","[0, 0, 0, 5, 0, 3, 7]","[0.3, 0.0, 0.3, 0.3, 0.039606728166329264, 0.3, 0.2622226520839698]","[63, 94, 70, 42, 36, 46, 43]","[46.682464599609375, 83.25248718261719, 62.715965270996094, 38.25768280029297, 42.86310577392578, 47.113529205322266, 50.38931655883789]"
2014-03-15,2014-03-21,1646.0,6415,3955.0,"[15, 12, 0, 7, 0, 0, 11]","[0, 0, 6, 0, 0, 7, 0]","[0.0, 0.0, 0.0, 0.0, 0.0, 0.0, 0.26202836416790914]","[94, 70, 42, 36, 46, 43, 59]","[88.62985229492188, 70.51171112060547, 40.418670654296875, 42.059669494628906, 48.02460861206055, 50.53386688232422, 65.31243896484375]"
2014-03-16,2014-03-22,1389.0,6978,3930.0,"[11, 6, 7, 0, 8, 0, 7]","[0, 0, 0, 0, 0, 9, 7]","[0.0, 0.00014890241727494774, 0.3, 0.3, 0.3, 0.0, 0.3]","[70, 42, 36, 46, 43, 59, 93]","[69.28192138671875, 37.658111572265625, 41.74903106689453, 47.01772689819336, 50.53444290161133, 64.38118743896484, 95.65742492675781]"
2014-03-17,2014-03-23,1585.0,7348,3930.0,"[6, 0, 7, 8, 10, 16, 0]","[0, 0, 0, 0, 0, 0, 10]","[0.3, 0.04881709449635608, 0.03629392381883004, 0.3, 0.3, 0.0, 0.2662305743976082]","[42, 36, 46, 43, 59, 93, 68]","[36.86532974243164, 42.710845947265625, 45.32319641113281, 51.0230827331543, 63.49185562133789, 98.12837982177734, 73.1512680053711]"
2014-03-18,2014-03-24,2014.0,7153,4180.0,"[7, 0, 9, 11, 16, 10, 6]","[0, 6, 0, 0, 0, 0, 0]","[0.17103993752567975, 0.0, 0.03940902254758366, 0.0, 0.0, 0.3, 0.020207126373538734]","[36, 46, 43, 59, 93, 68, 38]","[44.368221282958984, 45.68219757080078, 53.937713623046875, 65.81956481933594, 96.87750244140625, 73.8025894165039, 37.450103759765625]"
2014-03-19,2014-03-25,2118.0,7106,4000.0,"[8, 8, 10, 16, 0, 0, 7]","[0, 0, 0, 0, 10, 2, 0]","[0.0, 0.3, 0.0, 0.0, 0.0365088006217093, 0.0, 0.28514034115511383]","[46, 43, 59, 93, 68, 38, 46]","[45.773048400878906, 51.834693908691406, 63.82168960571289, 99.65496063232422, 73.34591674804688, 38.14230728149414, 40.749725341796875]"
2014-03-20,2014-03-26,1891.0,7684,4700.0,"[6, 2, 8, 7, 4, 5, 5]","[4, 7, 7, 4, 3, 2, 2]","[0.21365408343075082, 0.08189409346693072, 0.07003115487792072, 0.08578584699530895, 0.1714422782864953, 0.1634607391071479, 0.06488250778005189]","[43, 59, 93, 68, 38, 46, 47]","[50.33428955078125, 64.58943176269531, 98.80569458007812, 71.4590072631836, 40.31356430053711, 38.52810287475586, 49.05784606933594]"
2014-03-21,2014-03-27,1992.0,7473,4410.0,"[0, 20, 0, 6, 6, 7, 8]","[8, 0, 10, 0, 0, 0, 0]","[0.3, 0.03578453784173802, 0.0, 0.2652739124506357, 0.0, 0.07470394320175507, 0.000571467105179576]","[59, 93, 68, 38, 46, 47, 54]","[60.85184860229492, 94.996337890625, 70.3617935180664, 36.62752151489258, 37.54163360595703, 46.301761627197266, 49.29208755493164]"
2014-03-22,2014-03-28,1132.0,6804,3710.0,"[2, 0, 0, 0, 0, 8, 0]","[12, 9, 5, 0, 0, 0, 10]","[0.3, 0.0, 0.0, 0.005709105646652364, 0.3, 0.3, 0.3]","[93, 68, 38, 46, 47, 54, 69]","[96.15867614746094, 68.0173568725586, 35.63945007324219, 36.21217727661133, 45.949913024902344, 48.798728942871094, 69.42337799072266]"
2014-03-23,2014-03-29,1784.0,6353,4120.0,"[12, 0, 0, 7, 0, 11, 0]","[0, 5, 0, 0, 6, 0, 14]","[0.0, 0.0350226310539097, 0.3, 0.0, 0.0, 0.0, 0.0]","[68, 38, 46, 47, 54, 69, 98]","[70.52706146240234, 36.97895431518555, 36.821685791015625, 45.8006477355957, 46.29446792602539, 70.28514099121094, 97.9376220703125]"
2014-03-24,2014-03-30,1481.0,7734,4135.0,"[6, 0, 0, 7, 0, 0, 12]","[0, 0, 6, 0, 10, 13, 0]","[0.3, 0.004885621539522966, 0.03671531993580162, 0.3, 0.3, 0.3, 0.0]","[38, 46, 47, 54, 69, 98, 68]","[39.771820068359375, 36.35710144042969, 45.36695098876953, 44.6508674621582, 71.93660736083984, 96.36843872070312, 70.80071258544922]"
2014-03-25,2014-03-31,2104.0,9035,4660.0,"[6, 2, 8, 0, 3, 0, 7]","[0, 5, 0, 10, 11, 10, 0]","[0.3, 0.035581681078647356, 0.0361253578598951, 0.3, 0.3, 0.2999996511468008, 0.0377174510260152]","[46, 47, 54, 69, 98, 68, 50]","[36.37596893310547, 47.394264221191406, 46.504638671875, 68.64307403564453, 95.71369171142578, 70.09002685546875, 43.02010726928711]"
2014-03-26,2014-04-01,2195.0,7050,3760.0,"[5, 8, 12, 16, 12, 6, 0]","[2, 0, 0, 0, 0, 0, 0]","[0.0, 0.0, 0.0, 0.0, 0.3, 0.24233220790831086, 0.3]","[47, 54, 69, 98, 68, 50, 39]","[47.103214263916016, 49.461021423339844, 72.21527862548828, 98.9788818359375, 71.97626495361328, 39.3699836730957, 44.77935028076172]"
2014-03-27,2014-04-02,2054.0,8331,4520.0,"[0, 11, 20, 6, 6, 0, 7]","[7, 0, 0, 4, 0, 6, 0]","[0.3, 0.3, 0.1724380240137153, 0.0, 0.3, 0.04075532439620974, 0.0]","[54, 69, 98, 68, 50, 39, 46]","[48.0380973815918, 69.59771728515625, 97.87872314453125, 67.75638580322266, 40.31968307495117, 43.69112014770508, 46.37114334106445]"
2014-03-28,2014-04-03,1805.0,8123,5090.0,"[9, 4, 5, 0, 3, 6, 4]","[6, 10, 5, 7, 4, 2, 4]","[0.0665811378460963, 0.10236535599875005, 0.10590022207671271, 0.16951027378903155, 0.1150949090042637, 0.11927120647658054, 0.1626403212011949]","[69, 98, 68, 50, 39, 46, 43]","[72.14218139648438, 98.32157897949219, 66.7939682006836, 40.66243362426758, 43.79001235961914, 49.51935577392578, 52.439247131347656]"
2014-03-29,2014-04-04,1607.0,7237,4095.0,"[17, 10, 0, 0, 0, 8, 10]","[0, 1, 0, 6, 7, 1, 0]","[0.3, 0.07888891279812933, 0.24514145148827854, 0.0, 0.01081196092933747, 0.03560327157390137, 0.26024874119709496]","[98, 68, 50, 39, 46, 43, 55]","[100.0869369506836, 67.56958770751953, 41.09345626831055, 46.21078109741211, 49.92485046386719, 54.3162956237793, 60.84001159667969]"
2014-03-30,2014-04-05,1900.0,7668,4250.0,"[11, 0, 7, 8, 5, 10, 15]","[0, 5, 0, 0, 3, 0, 0]","[0.3, 0.3, 0.0, 0.0, 0.0, 0.3, 0.0]","[68, 50, 39, 46, 43, 55, 94]","[68.47352600097656, 42.250999450683594, 43.20338439941406, 48.197784423828125, 52.06550598144531, 61.223228454589844, 90.42487335205078]"
2014-03-31,2014-04-06,1814.0,7908,4450.0,"[6, 3, 0, 9, 10, 15, 12]","[0, 4, 7, 0, 0, 0, 0]","[0.0, 0.3, 0.3, 0.0, 0.0, 0.3, 0.0]","[50, 39, 46, 43, 55, 94, 75]","[40.387474060058594, 44.515472412109375, 49.402339935302734, 53.00383377075195, 59.39659118652344, 89.89533233642578, 72.58284759521484]"
2014-04-01,2014-04-07,2176.0,7528,4360.0,"[0, 8, 9, 10, 15, 7, 7]","[6, 0, 0, 0, 0, 4, 0]","[0.030360349210183747, 0.0, 0.3, 0.0, 0.040493649285212964, 0.03795977198289959, 0.3]","[39, 46, 43, 55, 94, 75, 39]","[44.4848747253418, 49.27580642700195, 53.844303131103516, 61.51637649536133, 90.24551391601562, 69.88468933105469, 43.26346206665039]"
2014-04-02,2014-04-08,1909.0,7140,4285.0,"[7, 8, 0, 0, 3, 7, 0]","[0, 0, 8, 13, 7, 0, 5]","[0.0, 0.0, 0.0, 0.0, 0.0, 0.3, 0.3]","[46, 43, 55, 94, 75, 39, 43]","[45.52777099609375, 51.46561050415039, 59.12329864501953, 92.28723907470703, 69.85981750488281, 40.863380432128906, 37.917266845703125]"
2014-04-03,2014-04-09,1784.0,6932,3600.0,"[0, 4, 15, 11, 7, 6, 0]","[7, 5, 0, 0, 0, 0, 0]","[0.03650020813840562, 0.036594790091305, 0.3, 0.009293403155238394, 0.2448038261358266, 0.29888583996751916, 0.3]","[43, 55, 94, 75, 39, 43, 43]","[52.50647735595703, 59.189998626708984, 90.2992935180664, 67.80712890625, 43.28630065917969, 38.539329528808594, 41.962284088134766]"
2014-04-04,2014-04-10,1170.0,4932,2950.0,"[9, 0, 0, 0, 0, 0, 7]","[0, 13, 0, 6, 5, 0, 0]","[0.0, 0.0, 0.0, 0.3, 0.0, 0.3, 0.0]","[55, 94, 75, 39, 43, 43, 44]","[55.817108154296875, 89.84884643554688, 69.03021240234375, 42.86091232299805, 37.41787338256836, 42.42019271850586, 43.465118408203125]"
2014-04-05,2014-04-11,1932.0,6123,3460.0,"[15, 0, 7, 6, 7, 8, 0]","[0, 10, 0, 0, 0, 0, 0]","[0.034863738820148184, 0.0, 0.03494612631321299, 0.3, 0.0, 0.0, 0.016312513714960807]","[94, 75, 39, 43, 43, 44, 64]","[91.2997055053711, 70.85137939453125, 45.67190170288086, 38.49266052246094, 42.784873962402344, 46.14077377319336, 63.17213821411133]"
2014-04-06,2014-04-12,1520.0,7428,4010.0,"[11, 0, 6, 0, 0, 10, 0]","[0, 0, 0, 6, 6, 0, 14]","[0.3, 0.0, 0.0, 0.3, 0.0, 0.0, 0.3]","[75, 39, 43, 43, 44, 64, 99]","[66.74259185791016, 41.965972900390625, 39.29334259033203, 41.78136444091797, 43.46538162231445, 63.01927947998047, 98.72488403320312]"
2014-04-07,2014-04-13,1816.0,7089,4020.0,"[7, 6, 0, 5, 0, 12, 12]","[0, 0, 0, 2, 9, 4, 0]","[0.0, 0.0, 0.0, 0.3, 0.03880992822991087, 0.0, 0.3]","[39, 43, 43, 44, 64, 99, 71]","[44.30493927001953, 39.388580322265625, 41.599300384521484, 46.06539535522461, 65.54769897460938, 99.77434539794922, 72.85555267333984]"
2014-04-08,2014-04-14,2102.0,7643,4445.0,"[0, 7, 0, 11, 0, 8, 2]","[5, 0, 6, 0, 14, 3, 4]","[0.039139582711990965, 0.0, 0.0, 0.0, 0.3, 0.0, 0.0]","[43, 43, 44, 64, 99, 71, 47]","[37.42579650878906, 41.34624481201172, 43.75777816772461, 65.3316421508789, 101.9555435180664, 72.4825668334961, 40.21926498413086]"
2014-04-09,2014-04-15,2216.0,8168,4660.0,"[5, 3, 7, 7, 5, 5, 4]","[2, 4, 3, 7, 7, 3, 3]","[0.17491961895691066, 0.1124313575674495, 0.10717992281517576, 0.12660135774159037, 0.12037617285100537, 0.10451666991371653, 0.16105604524581477]","[43, 44, 64, 99, 71, 47, 56]","[44.13193893432617, 45.00717544555664, 65.60185241699219, 101.76332092285156, 74.22315216064453, 46.23298263549805, 43.80497741699219]"
2014-04-10,2014-04-16,1839.0,6942,3860.0,"[6, 0, 17, 0, 0, 7, 9]","[1, 0, 0, 10, 6, 0, 0]","[0.3, 0.0, 0.0, 0.3, 0.0, 0.0, 0.0]","[44, 64, 99, 71, 47, 56, 52]","[45.69664764404297, 62.26926803588867, 100.00142669677734, 73.61909484863281, 41.83548355102539, 43.21510314941406, 54.02943420410156]"
2014-04-11,2014-04-17,1940.0,8098,4000.0,"[0, 17, 0, 0, 7, 8, 0]","[9, 0, 10, 6, 0, 0, 0]","[0.3, 0.3, 0.0373773931157764, 0.3, 0.3, 0.0, 0.07787902574832907]","[64, 99, 71, 47, 56, 52, 64]","[66.69448852539062, 101.36817932128906, 71.51514434814453, 43.29396438598633, 46.636619567871094, 52.141910552978516, 54.21351623535156]"
2014-04-12,2014-04-18,2468.0,8367,4800.0,"[5, 12, 7, 0, 0, 7, 0]","[10, 0, 0, 7, 7, 0, 10]","[0.0, 0.03844726487300956, 0.3, 0.0, 0.3, 0.10480910484485033, 0.03471130356896371]","[99, 71, 47, 56, 52, 64, 98]","[100.59161376953125, 71.80890655517578, 44.51591873168945, 46.02371597290039, 52.6186637878418, 55.13589859008789, 69.58845520019531]"
2014-04-13,2014-04-19,2273.0,8298,4650.0,"[7, 7, 0, 0, 0, 10, 17]","[5, 0, 6, 6, 7, 0, 0]","[0.3, 0.0, 0.0, 0.164999952064379, 0.0, 0.2816567228412268, 0.03600477027513372]","[71, 47, 56, 52, 64, 98, 115]","[76.27513122558594, 41.32767868041992, 43.85580825805664, 52.841163635253906, 53.33491516113281, 66.54154968261719, 103.67110443115234]"
2014-04-14,2014-04-20,1632.0,7422,4390.0,"[7, 7, 9, 9, 12, 17, 8]","[0, 0, 0, 0, 0, 0, 0]","[0.3, 0.0, 0.3, 0.0, 0.0, 0.17525327739415417, 0.0]","[47, 56, 52, 64, 98, 115, 0]","[41.67353057861328, 43.99884796142578, 53.50994873046875, 52.53969955444336, 70.06795501708984, 104.36419677734375, 51.83679962158203]"
2014-04-15,2014-04-21,1973.0,7026,4285.0,"[7, 8, 8, 11, 19, 0, 9]","[0, 0, 0, 0, 0, 5, 0]","[3.752746683363636e-05, 0.3, 0.0, 0.0, 0.03825350300990398, 0.0005222197943197913, 0.0]","[56, 52, 64, 98, 115, 0, 50]","[43.57583999633789, 50.622562408447266, 50.35138702392578, 69.09944152832031, 100.42529296875, 40.773189544677734, 53.018829345703125]"
2014-04-16,2014-04-22,1674.0,6814,3600.0,"[9, 2, 0, 5, 0, 0, 8]","[0, 6, 10, 10, 0, 0, 0]","[0.3, 0.0, 0.0381494170716575, 0.3, 0.0, 0.3, 0.0]","[52, 64, 98, 115, 0, 50, 50]","[55.16884994506836, 55.80036544799805, 68.4831314086914, 102.68397521972656, 38.8597297668457, 50.300262451171875, 47.549129486083984]"
2014-04-17,2014-04-23,1101.0,7812,5040.0,"[9, 0, 17, 6, 20, 8, 8]","[0, 10, 0, 0, 0, 0, 0]","[0.3, 0.0, 0.3, 0.0, 0.16227872020487125, 0.03653785087600291, 0.011621796674497606]","[64, 98, 115, 0, 50, 50, 47]","[55.0921745300293, 68.37102508544922, 101.56185150146484, 39.1672248840332, 47.65706253051758, 47.853294372558594, 52.017635345458984]"
2014-04-18,2014-04-24,1454.0,8604,4750.0,"[12, 9, 9, 0, 8, 8, 9]","[0, 8, 0, 8, 0, 0, 0]","[0.3, 0.3, 0.0, 0.0, 0.03988123987468427, 0.3, 0.3]","[98, 115, 0, 50, 50, 47, 61]","[70.41651916503906, 108.27102661132812, 53.40479278564453, 54.8720817565918, 47.60541534423828, 48.07673645019531, 59.30229187011719]"
2014-04-19,2014-04-25,1770.0,7705,4760.0,"[20, 6, 9, 0, 0, 10, 12]","[0, 0, 0, 7, 7, 0, 0]","[0.0, 0.0, 0.0017388822821516622, 0.3, 0.0, 0.3, 0.040797828767962195]","[115, 0, 50, 50, 47, 61, 67]","[104.21479034423828, 38.12809371948242, 52.16371536254883, 47.74699401855469, 52.541019439697266, 62.594547271728516, 73.03146362304688]"
2014-04-20,2014-04-26,1669.0,7003,4560.0,"[6, 9, 0, 9, 10, 12, 16]","[0, 0, 7, 0, 0, 0, 0]","[0.0, 0.0, 0.3, 0.0, 0.015612645680348258, 0.03499819840806485, 0.0]","[0, 50, 50, 47, 61, 67, 103]","[36.57102584838867, 52.660736083984375, 47.71420669555664, 52.39012145996094, 61.926124572753906, 75.56549072265625, 97.18777465820312]"
2014-04-21,2014-04-27,1822.0,7356,4280.0,"[0, 0, 0, 9, 4, 16, 10]","[8, 6, 0, 0, 7, 0, 0]","[0.0, 0.3, 0.0, 0.0, 0.3, 0.0, 0.062431368893594706]","[50, 50, 47, 61, 67, 103, 67]","[54.85538101196289, 45.92564392089844, 50.76218795776367, 57.38705825805664, 72.02919006347656, 95.29158782958984, 59.22318649291992]"
2014-04-22,2014-04-28,2184.0,7033,4395.0,"[0, 0, 10, 12, 0, 0, 2]","[6, 7, 0, 0, 13, 9, 0]","[0.03669100938637604, 0.0, 0.0, 0.0, 0.03739087564313861, 0.0, 0.1386431167327279]","[50, 47, 61, 67, 103, 67, 42]","[46.833133697509766, 47.90119171142578, 61.45927047729492, 71.26116180419922, 94.2896957397461, 62.35233688354492, 41.30535888671875]"
2014-04-23,2014-04-29,1799.0,6822,3920.0,"[0, 0, 13, 16, 10, 5, 3]","[0, 8, 0, 0, 0, 1, 3]","[0.002030304092604758, 0.3, 0.0, 0.0, 0.0, 0.3, 0.0]","[47, 61, 67, 103, 67, 42, 32]","[50.290122985839844, 60.17941665649414, 76.13386535644531, 97.10306549072266, 62.907005310058594, 38.42892074584961, 41.83578109741211]"
2014-04-24,2014-04-30,1635.0,7973,3925.0,"[10, 0, 16, 10, 0, 7, 0]","[0, 10, 0, 0, 0, 0, 5]","[0.3, 0.2858377171011879, 0.3, 0.0, 0.3, 0.3, 0.3]","[61, 67, 103, 67, 42, 32, 44]","[61.41571807861328, 71.64620208740234, 94.79025268554688, 60.871891021728516, 41.74753952026367, 41.278221130371094, 37.961387634277344]"
2014-04-25,2014-05-01,1779.0,7868,4360.0,"[12, 12, 10, 0, 7, 6, 0]","[0, 3, 0, 6, 0, 0, 8]","[0.11841778920909009, 0.3, 0.0, 0.3, 0.3, 0.0, 0.0]","[67, 103, 67, 42, 32, 44, 44]","[71.94132995605469, 97.82698822021484, 60.66444778442383, 40.49571228027344, 41.53351974487305, 38.14724349975586, 55.98044967651367]"
2014-04-26,2014-05-02,1762.0,7422,4455.0,"[0, 10, 7, 0, 0, 0, 11]","[14, 0, 0, 6, 5, 7, 0]","[0.0, 0.034839946205732275, 0.0, 0.3, 0.3, 0.3, 0.0035829142424985347]","[103, 67, 42, 32, 44, 44, 61]","[97.50164794921875, 59.07041549682617, 41.43299102783203, 42.22962188720703, 39.1512451171875, 55.23324203491211, 64.87818908691406]"
2014-04-27,2014-05-03,1260.0,6042,3775.0,"[0, 7, 7, 7, 9, 0, 16]","[0, 0, 0, 0, 0, 9, 0]","[0.0, 0.3, 0.3, 0.0, 0.0, 0.0, 0.0]","[67, 42, 32, 44, 44, 61, 90]","[63.087921142578125, 42.68701934814453, 41.98215866088867, 40.135189056396484, 53.53630065917969, 63.10700607299805, 96.3679428100586]"
2014-04-28,2014-05-04,1747.0,6878,4260.0,"[7, 7, 6, 9, 10, 0, 3]","[0, 0, 0, 0, 0, 13, 5]","[0.0, 0.0, 0.3, 0.21402724787587943, 0.03996475397591007, 0.0, 0.0]","[42, 32, 44, 44, 61, 90, 64]","[42.0179443359375, 41.70935821533203, 39.79084014892578, 53.89165496826172, 61.82545852661133, 96.69519805908203, 64.94154357910156]"
2014-04-29,2014-05-05,1603.0,7481,4475.0,"[1, 5, 5, 7, 3, 7, 2]","[5, 1, 4, 3, 11, 3, 4]","[0.2125016759028598, 0.16187869165143806, 0.16803036255918127, 0.16825495910888388, 0.12532369838632934, 0.11227208769458635, 0.17248248924655582]","[32, 44, 44, 61, 90, 64, 35]","[40.86640548706055, 38.64055252075195, 56.348323822021484, 63.74513626098633, 95.94657897949219, 64.00241088867188, 39.624122619628906]"
2014-04-30,2014-05-06,1510.0,7701,4695.0,"[6, 4, 5, 4, 10, 4, 4]","[3, 4, 5, 10, 2, 3, 2]","[0.2738221287670357, 0.11184451432228304, 0.16807082708549204, 0.17662380323047228, 0.10298456589818433, 0.08451208622716011, 0.17403956291729342]","[44, 44, 61, 90, 64, 35, 33]","[38.373043060302734, 55.519588470458984, 63.9280891418457, 95.73226928710938, 64.72747039794922, 39.72840881347656, 35.30577850341797]"
2014-05-01,2014-05-07,1188.0,6582,4415.0,"[9, 11, 16, 20, 2, 2, 0]","[0, 0, 0, 0, 4, 0, 5]","[0.0, 0.0, 0.0, 0.3, 0.0, 0.28404287551327184, 0.0]","[44, 61, 90, 64, 35, 33, 36]","[52.54631423950195, 64.7069320678711, 96.59979248046875, 64.54096984863281, 39.78270721435547, 38.317298889160156, 38.433082580566406]"
2014-05-02,2014-05-08,1797.0,6266,3610.0,"[9, 8, 11, 0, 0, 0, 7]","[1, 7, 0, 5, 5, 0, 0]","[0.03745607651994214, 0.0, 0.2816095203809839, 0.03474264380134494, 0.0, 0.3, 0.0]","[61, 90, 64, 35, 33, 36, 45]","[59.937625885009766, 96.9819564819336, 65.1549072265625, 36.18100357055664, 35.7096061706543, 39.64350891113281, 43.750484466552734]"
2014-05-03,2014-05-09,1336.0,6765,3810.0,"[4, 0, 0, 6, 6, 0, 0]","[10, 9, 0, 0, 0, 5, 9]","[0.036535745733250385, 0.3, 0.0, 0.2617313883814761, 0.29873659975016886, 0.3, 0.0]","[90, 64, 35, 33, 36, 45, 60]","[95.76990509033203, 66.5289535522461, 39.60352325439453, 36.56512451171875, 36.71268081665039, 45.07268142700195, 67.6525650024414]"
2014-05-04,2014-05-10,1550.0,8286,4225.0,"[11, 6, 6, 6, 0, 11, 0]","[0, 0, 0, 0, 6, 0, 13]","[0.3, 0.0, 0.3, 0.29999992015439825, 0.13085139429438453, 0.3, 0.3]","[64, 35, 33, 36, 45, 60, 92]","[64.74431610107422, 39.190834045410156, 35.86000061035156, 36.359127044677734, 44.7462158203125, 65.10089874267578, 95.56146240234375]"
2014-05-05,2014-05-11,1354.0,7278,3860.0,"[0, 6, 0, 0, 11, 17, 11]","[5, 0, 0, 6, 0, 0, 0]","[0.0, 0.1278413924382373, 0.2952005805052748, 0.0, 0.29847026089403117, 0.3, 0.3]","[35, 33, 36, 45, 60, 92, 76]","[38.75413131713867, 36.62262725830078, 38.4024772644043, 45.960784912109375, 64.9942398071289, 96.0479736328125, 69.8666000366211]"
2014-05-06,2014-05-12,1598.0,6446,3300.0,"[0, 6, 0, 11, 16, 12, 0]","[0, 0, 6, 0, 0, 0, 0]","[0.0, 0.0, 0.1736517185474063, 0.3, 0.03832790216330059, 0.3, 0.0]","[33, 36, 45, 60, 92, 76, 39]","[34.67522430419922, 36.344078063964844, 44.978416442871094, 64.7606201171875, 94.81088256835938, 70.81974792480469, 47.37390899658203]"
2014-05-07,2014-05-13,1999.0,7650,4310.0,"[6, 0, 11, 0, 12, 8, 7]","[0, 6, 0, 13, 0, 0, 0]","[0.21215129182758102, 0.0, 0.0, 0.0, 0.3, 0.3, 0.0]","[36, 45, 60, 92, 76, 39, 40]","[35.336090087890625, 45.203739166259766, 67.23107147216797, 95.53046417236328, 71.10384368896484, 47.00249481201172, 43.969120025634766]"
2014-05-08,2014-05-14,2071.0,7770,4260.0,"[7, 11, 0, 11, 3, 7, 7]","[0, 0, 13, 0, 4, 0, 0]","[0.08116491093090072, 0.040058019741246, 0.3, 0.07269702601178332, 0.3, 0.0, 0.0]","[45, 60, 92, 76, 39, 40, 41]","[43.92205047607422, 64.84020233154297, 95.37708282470703, 68.9486083984375, 46.838321685791016, 45.415584564208984, 46.70758819580078]"
2014-05-09,2014-05-15,1687.0,6702,3810.0,"[7, 0, 11, 8, 0, 7, 0]","[3, 13, 0, 0, 6, 0, 0]","[0.0, 0.0, 0.3, 0.0, 0.3, 0.0030194756330892574, 0.3]","[60, 92, 76, 39, 40, 41, 53]","[63.430137634277344, 93.69207763671875, 68.03300476074219, 46.515926361083984, 45.673927307128906, 44.85818862915039, 46.025577545166016]"
2014-05-10,2014-05-16,1603.0,5706,3620.0,"[16, 0, 0, 7, 7, 0, 11]","[0, 0, 6, 0, 0, 6, 0]","[0.0, 0.14682037417769628, 0.0, 0.0, 0.0, 0.0, 0.0]","[92, 76, 39, 40, 41, 53, 63]","[94.1180419921875, 71.04273223876953, 47.052799224853516, 43.996089935302734, 45.310672760009766, 45.54536056518555, 67.83699035644531]"
2014-05-11,2014-05-17,1807.0,7649,4595.0,"[11, 7, 7, 7, 0, 11, 0]","[0, 0, 0, 0, 6, 0, 15]","[0.3, 0.10901662331975803, 0.0, 0.3, 0.0, 0.0, 0.037233366922017314]","[76, 39, 40, 41, 53, 63, 89]","[69.37108612060547, 44.370670318603516, 44.69450378417969, 45.11569595336914, 46.20110321044922, 69.64497375488281, 103.80184936523438]"
2014-05-12,2014-05-18,1640.0,8223,5065.0,"[1, 7, 4, 6, 7, 9, 8]","[5, 2, 3, 3, 6, 5, 4]","[0.1076161501037588, 0.11597710630051553, 0.16230039736740737, 0.16559846229951788, 0.11420448324999974, 0.16262816474913586, 0.21197731711285378]","[39, 40, 41, 53, 63, 89, 70]","[48.55573654174805, 43.121124267578125, 44.4667854309082, 45.04429244995117, 69.28548431396484, 102.97765350341797, 78.25579833984375]"
2014-05-13,2014-05-19,1563.0,6774,4265.0,"[6, 0, 8, 0, 17, 0, 0]","[1, 6, 0, 10, 0, 11, 0]","[0.0, 0.3, 0.001244833639477078, 0.0, 0.0, 0.17569837264463545, 0.3]","[40, 41, 53, 63, 89, 70, 47]","[44.967960357666016, 44.76085662841797, 45.958404541015625, 70.04580688476562, 105.26620483398438, 78.83654022216797, 53.8856315612793]"
2014-05-14,2014-05-20,1398.0,5722,3650.0,"[7, 8, 0, 20, 13, 2, 9]","[0, 0, 0, 0, 0, 0, 0]","[0.0, 0.11369096748770635, 0.3, 0.0, 0.0, 0.3, 0.03626451779093746]","[41, 53, 63, 89, 70, 47, 46]","[42.37363052368164, 47.17913055419922, 70.27094268798828, 102.4925537109375, 78.3497085571289, 51.65947723388672, 55.05698776245117]"
2014-05-15,2014-05-21,2151.0,7613,4745.0,"[0, 11, 17, 0, 8, 0, 8]","[6, 0, 0, 11, 0, 7, 0]","[0.0, 0.0, 0.0, 0.0, 0.03554925115529026, 0.3, 0.011089099360780822]","[53, 63, 89, 70, 47, 46, 52]","[46.995994567871094, 69.36123657226562, 105.49481201171875, 80.71388244628906, 49.28419494628906, 50.67106246948242, 50.08517837524414]"
2014-05-16,2014-05-22,1784.0,6767,4550.0,"[0, 0, 3, 9, 0, 9, 0]","[10, 13, 9, 0, 8, 0, 0]","[0.03541329821928348, 0.0, 0.0, 0.0, 0.036732618048006115, 0.037904013014540765, 0.12423598840240514]","[63, 89, 70, 47, 46, 52, 53]","[69.4760971069336, 103.53562927246094, 79.14949035644531, 53.68674850463867, 54.32854461669922, 54.55446243286133, 63.528621673583984]"
2014-05-17,2014-05-23,2260.0,8323,4930.0,"[17, 12, 0, 9, 8, 10, 13]","[0, 0, 7, 0, 0, 0, 0]","[0.03716208461743027, 0.2691025574851355, 0.28685996302948347, 0.0, 0.0, 0.07916125225384496, 0.0]","[89, 70, 47, 46, 52, 53, 69]","[102.23242950439453, 74.92158508300781, 51.93673324584961, 52.242332458496094, 50.403907775878906, 60.017669677734375, 79.95693969726562]"
2014-05-18,2014-05-24,3397.0,11029,7080.0,"[0, 5, 0, 7, 9, 12, 20]","[10, 2, 7, 1, 1, 0, 20]","[0.0, 0.038523156722426864, 0.0, 0.3, 0.04061368446283178, 0.0, 0.0]","[70, 47, 46, 52, 53, 69, 373]","[71.03427124023438, 49.60525131225586, 52.332252502441406, 49.208831787109375, 60.196041107177734, 73.33228302001953, 400.22930908203125]"
2014-05-19,2014-05-25,3538.0,12263,7560.0,"[8, 8, 0, 10, 0, 0, 20]","[0, 0, 0, 0, 10, 20, 20]","[0.040523851130498396, 0.03959942563832909, 0.3, 0.0, 8.985695448150645e-05, 0.3, 0.03646945960964041]","[47, 46, 52, 53, 69, 373, 304]","[50.155521392822266, 50.320335388183594, 51.11855697631836, 60.29232406616211, 72.43658447265625, 413.7586975097656, 312.3823547363281]"
2014-05-20,2014-05-26,5365.0,15548,10240.0,"[8, 0, 10, 0, 20, 20, 20]","[0, 7, 0, 10, 0, 20, 20]","[0.0, 0.0, 0.03567337010678243, 0.03567510749723731, 0.0, 0.0, 0.0]","[46, 52, 53, 69, 373, 304, 287]","[51.039146423339844, 50.28883743286133, 60.58073425292969, 71.7315444946289, 385.756591796875, 301.5610656738281, 277.070556640625]"
2014-05-21,2014-05-27,5567.0,15146,9100.0,"[0, 10, 12, 20, 20, 20, 0]","[6, 0, 0, 0, 20, 20, 0]","[0.0, 0.0, 0.3, 0.0, 0.035910890183537963, 0.0, 0.0]","[52, 53, 69, 373, 304, 287, 37]","[45.24210739135742, 58.80006790161133, 74.05901336669922, 400.28778076171875, 303.6678466796875, 276.2771301269531, 41.0087890625]"
2014-05-22,2014-05-28,6682.0,17316,10290.0,"[10, 12, 20, 20, 20, 0, 0]","[0, 0, 20, 20, 20, 6, 0]","[0.0, 0.3, 0.0, 0.0, 0.0, 0.0, 0.3]","[53, 69, 373, 304, 287, 37, 49]","[59.65789794921875, 70.1640853881836, 380.0535888671875, 290.3458557128906, 272.9211730957031, 45.29708480834961, 43.52791976928711]"
2014-05-23,2014-05-29,6550.0,16149,9690.0,"[0, 20, 20, 20, 0, 7, 0]","[10, 20, 20, 20, 0, 0, 0]","[0.038943153378985546, 0.0, 0.0, 0.0, 0.3, 0.03760817683600947, 0.0]","[69, 373, 304, 287, 37, 49, 41]","[72.72689056396484, 397.4079895019531, 308.8110656738281, 266.9608459472656, 41.61857986450195, 45.79877471923828, 49.696170806884766]"
2014-05-24,2014-05-30,6521.0,15902,9450.0,"[20, 20, 20, 7, 0, 0, 9]","[20, 20, 20, 0, 0, 0, 0]","[0.0, 0.0, 0.03901415517934622, 0.0, 0.3, 0.3, 0.002260108736054999]","[373, 304, 287, 37, 49, 41, 52]","[382.896728515625, 289.5403747558594, 273.6646728515625, 45.16510772705078, 43.708152770996094, 49.315460205078125, 57.47980880737305]"
2014-05-25,2014-05-31,5020.0,13496,8140.0,"[20, 20, 7, 0, 7, 0, 0]","[20, 20, 0, 6, 1, 0, 12]","[0.0360660983534948, 0.0, 0.3, 0.0, 0.0, 0.03229827753972575, 0.0]","[304, 287, 37, 49, 41, 52, 83]","[307.0119934082031, 277.2193603515625, 43.0586051940918, 44.02173614501953, 49.1840705871582, 59.02754211425781, 85.88553619384766]"
2014-05-26,2014-06-01,2859.0,9613,5650.0,"[20, 7, 0, 0, 9, 14, 13]","[20, 0, 0, 0, 0, 0, 0]","[0.0, 0.03780856670388669, 0.0, 0.0, 0.3, 0.0, 0.3]","[287, 37, 49, 41, 52, 83, 62]","[280.95526123046875, 42.094696044921875, 45.20160675048828, 43.319644927978516, 56.76200866699219, 87.51361083984375, 77.14733123779297]"
2014-05-27,2014-06-02,1594.0,6670,4475.0,"[6, 1, 0, 0, 8, 13, 0]","[0, 5, 7, 8, 5, 0, 7]","[0.0, 0.03627457948543539, 0.0, 0.1744784506836141, 0.039050111131613635, 0.0, 0.0]","[37, 49, 41, 52, 83, 62, 40]","[44.75089645385742, 44.01335525512695, 49.034297943115234, 58.015045166015625, 85.79002380371094, 78.98509979248047, 53.89773178100586]"
2014-05-28,2014-06-03,1457.0,7740,4285.0,"[0, 8, 1, 14, 13, 0, 6]","[6, 0, 7, 0, 0, 7, 0]","[0.0, 0.3, 0.0, 0.3, 0.3, 0.0, 0.3]","[49, 41, 52, 83, 62, 40, 48]","[42.459129333496094, 48.54825973510742, 58.0756950378418, 85.31564331054688, 77.38863372802734, 53.440940856933594, 38.38604736328125]"
2014-05-29,2014-06-04,1372.0,7202,4565.0,"[8, 10, 0, 0, 0, 6, 7]","[0, 0, 12, 11, 8, 0, 1]","[0.3, 0.1038602353348315, 0.0, 0.3, 0.0, 0.017013479615431863, 0.0]","[41, 52, 83, 62, 40, 48, 46]","[49.57937240600586, 59.911006927490234, 84.57634735107422, 75.87177276611328, 54.08354949951172, 38.40279769897461, 49.19287109375]"
2014-05-30,2014-06-05,1441.0,5922,3680.0,"[0, 14, 13, 9, 4, 8, 8]","[0, 0, 0, 0, 2, 0, 0]","[0.009765503460629672, 0.0018657543059723766, 0.0033333391445000532, 0.0, 0.0, 0.0016947796412041549, 0.3]","[52, 83, 62, 40, 48, 46, 45]","[59.21669006347656, 85.00541687011719, 79.65428924560547, 55.88584518432617, 40.53218078613281, 50.31416320800781, 48.205936431884766]"
2014-05-31,2014-06-06,1302.0,7376,4890.0,"[5, 10, 4, 3, 11, 2, 7]","[7, 3, 5, 4, 0, 5, 3]","[0.10997146741377323, 0.1717090925755602, 0.12682094606782895, 0.11564448509397812, 0.07332628488371215, 0.10640865498572044, 0.11939020238099016]","[83, 62, 40, 48, 46, 45, 50]","[82.4198226928711, 78.7308578491211, 58.17728805541992, 40.2525634765625, 50.64015579223633, 48.135353088378906, 60.161128997802734]"
2014-06-01,2014-06-07,1308.0,7185,4565.0,"[0, 9, 6, 8, 0, 4, 6]","[11, 0, 0, 0, 7, 4, 7]","[0.0, 0.0, 0.0, 0.3, 0.3, 0.0, 0.168542712904737]","[62, 40, 48, 46, 45, 50, 77]","[75.97997283935547, 55.10591125488281, 39.79709243774414, 49.64934158325195, 47.59759521484375, 59.75105667114258, 86.28223419189453]"
2014-06-02,2014-06-08,1168.0,5875,3670.0,"[0, 0, 8, 0, 10, 14, 0]","[7, 0, 0, 6, 0, 0, 6]","[0.2681026752960103, 0.16610025550058843, 0.0, 0.3, 0.0, 0.036341880188387174, 0.0]","[40, 48, 46, 45, 50, 77, 64]","[53.41132354736328, 39.160892486572266, 49.1308479309082, 46.91101837158203, 58.3292350769043, 86.3784408569336, 62.188194274902344]"
2014-06-03,2014-06-09,1418.0,6152,3630.0,"[0, 0, 0, 10, 8, 10, 7]","[5, 7, 0, 0, 5, 0, 0]","[0.2776718957284985, 0.3, 0.0, 0.0, 0.03714517586619498, 0.0, 0.12278481945949762]","[48, 46, 45, 50, 77, 64, 40]","[38.482967376708984, 48.322723388671875, 47.34589767456055, 58.37913131713867, 86.08289337158203, 61.1772346496582, 43.5916633605957]"
2014-06-04,2014-06-10,1769.0,6363,3955.0,"[8, 0, 10, 1, 10, 0, 7]","[0, 7, 0, 11, 0, 3, 0]","[0.17653708823107916, 0.03622125270145054, 0.0, 0.0, 0.0, 0.0, 0.051724871432631186]","[46, 45, 50, 77, 64, 40, 42]","[50.68586349487305, 48.65104293823242, 60.247894287109375, 86.67236328125, 62.18914031982422, 46.491485595703125, 40.790863037109375]"
2014-06-05,2014-06-11,1692.0,6942,4110.0,"[8, 10, 2, 0, 0, 6, 7]","[0, 0, 10, 9, 6, 0, 0]","[0.0, 0.0, 0.0, 0.3, 0.0, 0.0, 0.28656532608288104]","[45, 50, 77, 64, 40, 42, 46]","[47.60135269165039, 59.86328125, 85.49057006835938, 63.20668411254883, 45.193359375, 39.509788513183594, 43.14179611206055]"
2014-06-06,2014-06-12,1303.0,5284,2990.0,"[0, 14, 10, 7, 0, 7, 0]","[8, 0, 0, 0, 0, 0, 0]","[0.0, 0.0, 0.3, 0.0786331829860447, 0.2984226586785239, 0.036463577639251156, 0.23215273571159636]","[50, 77, 64, 40, 42, 46, 42]","[58.9013786315918, 87.1717300415039, 61.386634826660156, 45.491390228271484, 40.148170471191406, 43.80488967895508, 45.945823669433594]"
2014-06-07,2014-06-13,1909.0,7128,3940.0,"[11, 0, 7, 6, 7, 7, 9]","[3, 9, 0, 0, 0, 0, 0]","[0.3, 0.0013503432092840033, 0.0, 0.0, 0.3, 0.03946360927782057, 0.0]","[77, 64, 40, 42, 46, 42, 58]","[85.65345001220703, 61.3047981262207, 45.6444091796875, 39.502166748046875, 43.631736755371094, 45.99135971069336, 54.886478424072266]"
2014-06-08,2014-06-14,1098.0,5688,3270.0,"[10, 7, 0, 0, 8, 9, 0]","[0, 0, 0, 0, 0, 0, 12]","[0.3, 0.0, 0.3, 0.16989332746256203, 0.0, 0.3, 0.0]","[64, 40, 42, 46, 42, 58, 82]","[58.75343322753906, 44.39291000366211, 39.59661102294922, 43.00511932373047, 46.04655838012695, 54.540828704833984, 86.86280059814453]"
