start_date,end_date,lucro_otimo,unidades,hr_cost,J,X,PR,clientes_reais,clientes_previstos
2013-07-01,2013-07-07,7665.0,20567,13340.0,"[20, 20, 20, 20, 20, 20, 20]","[0, 0, 0, 15, 18, 0, 20]","[0.0, 0.0247932238714756, 0.023448729995586115, 0.028979781941919337, 0.038213356646017944, 0.0, 0.0]","[156, 177, 192, 228, 249, 299, 217]","[160.38275146484375, 162.82830810546875, 158.95448303222656, 229.6181640625, 244.9892120361328, 347.9470520019531, 271.40618896484375]"
2013-07-02,2013-07-08,9097.0,27164,16975.0,"[20, 6, 20, 20, 20, 20, 20]","[8, 20, 15, 20, 20, 20, 5]","[0.022616950958648668, 0.033941158961404136, 0.0, 0.02555681721453141, 0.3, 0.031318499110723465, 0.0]","[177, 192, 228, 249, 299, 217, 155]","[179.64927673339844, 175.8409881591797, 227.21324157714844, 255.47506713867188, 359.47430419921875, 276.8428039550781, 158.83180236816406]"
2013-07-03,2013-07-09,8685.0,25237,16225.0,"[0, 20, 17, 20, 20, 0, 7]","[20, 15, 20, 20, 20, 20, 17]","[0.0, 0.0342466639481821, 0.023950745517583895, 0.028945958855725776, 0.0, 0.3, 0.031071420312440604]","[192, 228, 249, 299, 217, 155, 159]","[171.25770568847656, 224.9416961669922, 242.42056274414062, 363.597900390625, 299.6081848144531, 167.37692260742188, 163.05987548828125]"
2013-07-04,2013-07-10,7667.0,24937,16825.0,"[17, 20, 20, 20, 20, 20, 20]","[20, 20, 20, 20, 0, 8, 11]","[0.0, 0.0, 0.0, 0.02448331915357624, 0.0, 0.3, 0.0]","[228, 249, 299, 217, 155, 159, 165]","[240.23416137695312, 260.3684997558594, 369.4698486328125, 293.07952880859375, 185.12452697753906, 181.33929443359375, 200.92605590820312]"
2013-07-05,2013-07-11,7759.0,23293,16125.0,"[20, 20, 20, 20, 19, 20, 20]","[17, 20, 20, 0, 8, 9, 14]","[0.015779206444793775, 0.03538893247568578, 0.026096483985732402, 0.028218014341363416, 0.0, 0.0, 0.0]","[249, 299, 217, 155, 159, 165, 161]","[238.97244262695312, 334.7201232910156, 273.74090576171875, 169.29129028320312, 173.21603393554688, 188.1007843017578, 221.45721435546875]"
2013-07-06,2013-07-12,6288.0,23120,16305.0,"[20, 20, 0, 6, 14, 20, 15]","[20, 20, 20, 19, 10, 13, 20]","[0.0176946365145653, 0.0, 0.0, 0.02327032111346986, 0.29654971546985964, 0.0, 0.0]","[299, 217, 155, 159, 165, 161, 190]","[340.0386047363281, 277.47100830078125, 144.45306396484375, 171.56822204589844, 154.7468719482422, 211.66104125976562, 234.66571044921875]"
2013-07-07,2013-07-13,6760.0,21679,15420.0,"[20, 20, 4, 20, 20, 20, 20]","[20, 8, 20, 9, 14, 0, 20]","[0.03503377999320797, 0.0, 0.0, 0.0, 0.03489352995029169, 0.021464445234512644, 0.03584861743880605]","[217, 155, 159, 165, 161, 190, 254]","[265.698974609375, 176.2620391845703, 165.19432067871094, 182.05441284179688, 217.61825561523438, 237.31072998046875, 309.6499328613281]"
2013-07-08,2013-07-14,6750.0,21619,15190.0,"[18, 20, 7, 12, 18, 20, 0]","[8, 7, 19, 20, 17, 20, 18]","[0.0, 0.0883846096727752, 0.0, 0.033612677791697874, 0.024365539993374517, 0.0336389409049965, 0.029956388476491538]","[155, 159, 165, 161, 190, 254, 197]","[163.78712463378906, 173.94070434570312, 187.6080322265625, 215.40260314941406, 228.8759765625, 310.4270935058594, 240.27798461914062]"
2013-07-09,2013-07-15,6688.0,21792,15620.0,"[20, 20, 20, 20, 20, 16, 20]","[7, 10, 13, 15, 20, 20, 0]","[0.026640221878436725, 0.0, 0.0, 0.0, 0.018821874344217497, 0.022975217726754083, 0.0]","[159, 165, 161, 190, 254, 197, 164]","[170.30130004882812, 188.2760467529297, 214.9426727294922, 225.33489990234375, 301.5102233886719, 237.29331970214844, 129.77084350585938]"
2013-07-10,2013-07-16,6515.0,22673,14640.0,"[20, 16, 20, 20, 20, 20, 20]","[8, 17, 15, 20, 16, 0, 0]","[0.3, 0.0, 0.03126127611729569, 0.022600506368924547, 0.0, 0.3, 0.0]","[165, 161, 190, 254, 197, 164, 192]","[181.1746063232422, 215.43276977539062, 227.85009765625, 306.733154296875, 232.5416259765625, 120.6377944946289, 164.9775848388672]"
2013-07-11,2013-07-17,7436.0,21301,14345.0,"[20, 20, 20, 20, 0, 20, 20]","[11, 13, 20, 15, 17, 7, 0]","[0.022021809448829224, 0.0, 0.021863576673767655, 0.029152610098920576, 0.016554153990010367, 0.0, 0.0]","[161, 190, 254, 197, 164, 192, 171]","[199.87184143066406, 214.3361053466797, 301.9473876953125, 227.30429077148438, 123.89088439941406, 169.97689819335938, 183.2677001953125]"
2013-07-12,2013-07-18,8038.0,23014,15545.0,"[20, 20, 19, 10, 20, 15, 11]","[13, 20, 16, 11, 8, 12, 19]","[0.031845622518602776, 0.02320053973566974, 0.0, 0.02510407553849771, 0.017921323816283898, 0.0, 0.03567454857351064]","[190, 254, 197, 164, 192, 171, 174]","[209.92803955078125, 304.33514404296875, 240.98757934570312, 139.44671630859375, 176.68972778320312, 193.49111938476562, 198.24087524414062]"
2013-07-13,2013-07-19,7451.0,22069,15125.0,"[20, 20, 20, 0, 9, 20, 20]","[20, 16, 0, 20, 19, 10, 13]","[0.026964073653907544, 0.0, 0.03751381187593968, 0.03892631915062101, 0.02738281934320781, 0.03824567731787189, 0.014824223972469125]","[254, 197, 164, 192, 171, 174, 181]","[292.5102233886719, 232.1070098876953, 134.93698120117188, 173.6226806640625, 186.06480407714844, 192.26541137695312, 227.41207885742188]"
2013-07-14,2013-07-20,7220.0,23744,15865.0,"[13, 14, 16, 20, 13, 17, 20]","[20, 7, 11, 10, 17, 18, 19]","[0.0, 0.017214072356182934, 0.3, 0.020808946473868672, 0.034617251824087814, 0.035664507823884875, 0.020967049704235765]","[197, 164, 192, 171, 174, 181, 263]","[221.94776916503906, 132.20823669433594, 177.51019287109375, 190.46783447265625, 199.95652770996094, 227.05599975585938, 266.099853515625]"
2013-07-15,2013-07-21,7013.0,19480,12855.0,"[20, 20, 20, 20, 12, 20, 20]","[0, 7, 9, 10, 20, 0, 9]","[0.0, 0.0, 0.027352545995051013, 0.0, 0.0, 0.034096645738796574, 0.02617395570956155]","[164, 192, 171, 174, 181, 263, 206]","[128.1611785888672, 170.62625122070312, 183.5909423828125, 189.39459228515625, 215.54177856445312, 253.65240478515625, 186.38714599609375]"
2013-07-16,2013-07-22,7335.0,20750,13885.0,"[20, 20, 10, 13, 20, 20, 20]","[8, 0, 20, 20, 20, 0, 7]","[0.026568301154486388, 0.0, 0.035648093739238045, 0.0, 0.0, 0.0, 0.0]","[192, 171, 174, 181, 263, 206, 177]","[177.1309051513672, 181.62501525878906, 200.33154296875, 218.12298583984375, 273.7591552734375, 192.63401794433594, 170.6497802734375]"
2013-07-17,2013-07-23,8038.0,21210,13650.0,"[20, 11, 20, 20, 19, 20, 20]","[0, 17, 13, 20, 11, 6, 0]","[0.024332427657536036, 0.022843440171722077, 0.0, 0.03454605206786781, 0.0, 0.0, 0.02530797946962805]","[171, 174, 181, 263, 206, 177, 173]","[177.15667724609375, 184.50811767578125, 216.0770263671875, 270.52813720703125, 192.23580932617188, 161.42198181152344, 182.0511474609375]"
2013-07-18,2013-07-24,7841.0,21592,14235.0,"[20, 20, 20, 20, 4, 20, 0]","[0, 15, 19, 10, 19, 9, 20]","[0.0, 0.01833770586702031, 0.030042685451280828, 0.02313112715456073, 0.01813528889180948, 0.027069755513515183, 0.0]","[174, 181, 263, 206, 177, 173, 173]","[196.61386108398438, 228.46121215820312, 271.0279846191406, 190.375, 155.93038940429688, 191.11813354492188, 173.69247436523438]"
2013-07-19,2013-07-25,8000.0,22355,14895.0,"[12, 20, 8, 13, 16, 20, 20]","[20, 20, 20, 11, 13, 7, 6]","[0.0, 0.019731732005946134, 0.03375350117516805, 0.0, 0.020290903938341875, 0.0, 0.01835286394199226]","[181, 263, 206, 177, 173, 173, 144]","[210.285888671875, 269.5901794433594, 186.50315856933594, 159.2147979736328, 185.91714477539062, 172.7258758544922, 168.0829620361328]"
2013-07-20,2013-07-26,7762.0,23347,15215.0,"[20, 12, 20, 8, 8, 19, 19]","[20, 15, 7, 19, 20, 9, 12]","[0.0, 0.019134154773088545, 0.0, 0.020741421563330087, 0.02861345859332809, 0.03164696086114109, 0.2554418772946652]","[263, 206, 177, 173, 173, 144, 184]","[262.63543701171875, 177.80899047851562, 170.6309356689453, 183.14410400390625, 189.0834197998047, 185.4848175048828, 199.7281494140625]"
2013-07-21,2013-07-27,7020.0,20897,12540.0,"[18, 8, 12, 9, 13, 18, 16]","[8, 12, 13, 17, 13, 6, 10]","[0.11954878273641614, 0.03225767859645985, 0.02680199537634225, 0.08983761285116018, 0.1712889262139849, 0.21459310948582197, 0.08820872916787509]","[206, 177, 173, 173, 144, 184, 250]","[180.3102264404297, 155.06800842285156, 176.24227905273438, 176.30819702148438, 170.8890838623047, 192.81375122070312, 272.9228210449219]"
2013-07-22,2013-07-28,6323.0,22227,15970.0,"[10, 8, 14, 6, 12, 20, 15]","[15, 20, 12, 20, 17, 20, 20]","[0.0010966048234897358, 0.01963146103687531, 0.029372085043465425, 0.17960391828281533, 0.026758723251960104, 0.03652502285948898, 0.03298039422441363]","[177, 173, 173, 144, 184, 250, 144]","[163.11717224121094, 194.753173828125, 171.21551513671875, 178.377197265625, 191.29214477539062, 265.1171875, 234.4676971435547]"
2013-07-23,2013-07-29,5758.0,21077,15260.0,"[20, 13, 7, 14, 20, 18, 11]","[10, 14, 20, 15, 20, 18, 8]","[0.15312149366853592, 0.0, 0.0, 0.034078121163630674, 0.0, 0.014843803227236631, 0.0]","[173, 173, 144, 184, 250, 144, 144]","[195.10093688964844, 175.1187286376953, 181.92660522460938, 191.13575744628906, 265.6690368652344, 234.62936401367188, 122.38574981689453]"
2013-07-24,2013-07-30,6211.0,20779,14820.0,"[19, 18, 9, 19, 17, 7, 8]","[10, 11, 20, 19, 15, 12, 18]","[0.08861682025082662, 0.024167198634736875, 0.0, 0.03343686397031805, 0.023643534928737314, 0.026678308689672976, 0.033127664018735785]","[173, 144, 184, 250, 144, 144, 137]","[189.5328826904297, 181.35107421875, 196.25711059570312, 271.4244689941406, 207.0841827392578, 126.89325714111328, 174.69741821289062]"
2013-07-25,2013-07-31,5345.0,21652,13930.0,"[20, 8, 20, 20, 8, 20, 20]","[7, 20, 20, 16, 12, 6, 0]","[0.3, 0.0, 0.3, 0.029780885512095703, 0.0, 0.020206716424001653, 0.019190663925983124]","[144, 184, 250, 144, 144, 137, 158]","[171.4826202392578, 191.57876586914062, 272.5337219238281, 230.26210021972656, 132.76783752441406, 167.36883544921875, 166.82855224609375]"
2013-07-26,2013-08-01,6674.0,19920,13660.0,"[20, 20, 20, 20, 20, 5, 20]","[9, 20, 14, 0, 0, 19, 7]","[0.035257447842170116, 2.479852259518722e-05, 0.0, 0.03227267170057213, 0.0, 0.0, 0.03149806783793656]","[184, 250, 144, 144, 137, 158, 186]","[181.9868621826172, 259.71875, 222.61622619628906, 132.060302734375, 156.41200256347656, 163.19744873046875, 174.0726318359375]"
2013-07-27,2013-08-02,6889.0,20262,13795.0,"[20, 20, 0, 20, 6, 20, 20]","[20, 0, 19, 5, 19, 8, 13]","[0.028782676265251887, 0.0, 0.027391623746521283, 0.018837870181023363, 0.03135388363219794, 0.0, 0.0]","[250, 144, 144, 137, 158, 186, 178]","[270.03631591796875, 216.70468139648438, 125.4662094116211, 156.83172607421875, 174.51504516601562, 178.64210510253906, 211.39874267578125]"
2013-07-28,2013-08-03,6250.0,19943,12720.0,"[12, 8, 10, 13, 14, 17, 14]","[16, 9, 14, 13, 11, 9, 13]","[0.08819907482918515, 0.16635612738474487, 0.026509252455842753, 0.13168085938044832, 0.0873571466097959, 0.08816563028150674, 0.08904702918096367]","[144, 144, 137, 158, 186, 178, 234]","[205.82135009765625, 126.67327117919922, 160.82177734375, 176.91278076171875, 166.37454223632812, 192.4341278076172, 288.30029296875]"
2013-07-29,2013-08-04,6193.0,17124,11065.0,"[20, 10, 6, 10, 19, 2, 18]","[0, 14, 20, 14, 11, 0, 11]","[0.019426800457888495, 0.02825272177543036, 0.018518652070183543, 0.02886029827258541, 0.018014810086009567, 0.3, 0.020171514847214595]","[144, 137, 158, 186, 178, 234, 209]","[123.94513702392578, 158.87588500976562, 178.3219757080078, 162.82882690429688, 191.3262176513672, 288.88116455078125, 183.48895263671875]"
2013-07-30,2013-08-05,6539.0,19343,13190.0,"[3, 20, 6, 20, 20, 20, 0]","[20, 0, 20, 0, 20, 10, 20]","[0.02489656265052454, 0.0, 0.0, 0.0, 0.03172281838038365, 0.0, 0.0]","[137, 158, 186, 178, 234, 209, 139]","[160.9307098388672, 171.66598510742188, 178.6936798095703, 204.90213012695312, 299.7086486816406, 190.30308532714844, 175.08258056640625]"
2013-07-31,2013-08-06,7455.0,20739,13735.0,"[14, 17, 10, 20, 20, 20, 20]","[11, 10, 20, 20, 9, 1, 4]","[0.006874395339513334, 0.021129403152480852, 0.0, 0.03419848949215295, 0.0, 0.031000004568736864, 0.02121458836739568]","[158, 186, 178, 234, 209, 139, 129]","[162.56092834472656, 174.1163330078125, 202.29803466796875, 292.8717041015625, 185.23338317871094, 170.0478515625, 157.43959045410156]"
2013-08-01,2013-08-07,6918.0,20792,13290.0,"[0, 8, 20, 20, 0, 20, 20]","[20, 20, 20, 8, 20, 0, 6]","[0.3, 0.017119371277298352, 0.016180171587131812, 0.0, 0.03654747521881353, 0.028567738388416874, 0.018345383900384205]","[186, 178, 234, 209, 139, 129, 139]","[157.9543914794922, 190.2533416748047, 278.3017578125, 177.4559326171875, 159.9475860595703, 150.74917602539062, 161.30479431152344]"
2013-08-02,2013-08-08,5857.0,19673,13735.0,"[20, 20, 20, 5, 20, 20, 20]","[11, 20, 10, 20, 6, 5, 0]","[0.0, 0.0, 0.0, 0.0, 0.0, 0.0, 0.21990949991466624]","[178, 234, 209, 139, 129, 139, 156]","[198.02825927734375, 290.3848571777344, 189.18585205078125, 172.01597595214844, 161.6647491455078, 160.466796875, 177.6901092529297]"
2013-08-03,2013-08-09,5544.0,20042,14925.0,"[20, 17, 4, 12, 0, 17, 15]","[20, 11, 20, 11, 20, 11, 20]","[0.02379415258182868, 0.0, 0.03417084169438313, 0.0, 0.0, 0.0, 0.0]","[234, 209, 139, 129, 139, 156, 181]","[291.9218444824219, 181.3562774658203, 165.01910400390625, 152.32830810546875, 159.01780700683594, 182.33154296875, 231.23341369628906]"
2013-08-04,2013-08-10,6037.0,21213,14275.0,"[20, 6, 6, 12, 13, 19, 17]","[7, 17, 16, 11, 14, 13, 20]","[0.016263294385289187, 0.028646935257117697, 0.3, 0.15202294767066693, 0.0, 0.029499261977025966, 0.0]","[209, 139, 129, 139, 156, 181, 236]","[172.11904907226562, 160.41539001464844, 149.49026489257812, 153.5297393798828, 179.4573974609375, 204.8411407470703, 241.46229553222656]"
2013-08-05,2013-08-11,6114.0,20455,12630.0,"[9, 12, 12, 15, 15, 13, 17]","[13, 12, 11, 12, 15, 7, 11]","[0.16017278086449516, 0.08918653652514658, 0.08747889695542321, 0.21146497403084719, 0.16495098634443536, 0.035294328351443194, 0.08782782687392249]","[139, 129, 139, 156, 181, 236, 183]","[172.64447021484375, 157.22142028808594, 165.6641082763672, 178.1228790283203, 210.1278839111328, 241.7870635986328, 198.50645446777344]"
2013-08-06,2013-08-12,6205.0,20012,14230.0,"[16, 17, 14, 12, 15, 11, 10]","[6, 8, 13, 19, 20, 20, 12]","[0.0, 0.0, 0.0, 0.029671976664227856, 0.015399740315138405, 0.0, 1.0250825324275256e-06]","[129, 139, 156, 181, 236, 183, 135]","[141.14492797851562, 156.56011962890625, 173.52061462402344, 205.00698852539062, 230.45748901367188, 206.86817932128906, 145.63589477539062]"
2013-08-07,2013-08-13,6986.0,21295,13080.0,"[14, 13, 14, 15, 16, 14, 14]","[9, 13, 14, 15, 15, 8, 8]","[0.11352066926001092, 0.030142864955598567, 0.12600759400997774, 0.12830422090811894, 0.08991147454744293, 0.08978511144752932, 0.12891962300020107]","[139, 156, 181, 236, 183, 135, 155]","[148.19712829589844, 172.6792449951172, 204.96380615234375, 239.04759216308594, 208.8005828857422, 139.21533203125, 144.30911254882812]"
2013-08-08,2013-08-14,6957.0,20969,13660.0,"[16, 18, 19, 20, 20, 7, 20]","[12, 13, 19, 12, 0, 15, 3]","[0.25487144771691267, 0.0, 0.02578277828642351, 0.0, 0.02360493086643512, 0.03585283988338517, 0.0]","[156, 181, 236, 183, 135, 155, 135]","[176.62841796875, 200.6445770263672, 246.8896026611328, 207.0658416748047, 141.3290252685547, 147.50057983398438, 147.3697967529297]"
2013-08-09,2013-08-15,6892.0,18988,12475.0,"[20, 20, 9, 20, 20, 18, 20]","[11, 17, 20, 2, 0, 5, 0]","[0.0, 0.0, 0.0, 0.0, 0.0, 0.01821423487600364, 0.0]","[181, 236, 183, 135, 155, 135, 131]","[201.42686462402344, 243.1297607421875, 197.9195098876953, 135.8018035888672, 131.559326171875, 146.6416778564453, 179.58462524414062]"
2013-08-10,2013-08-16,6389.0,19460,12880.0,"[16, 10, 20, 20, 19, 7, 0]","[20, 20, 0, 2, 4, 18, 20]","[0.0, 0.0370548327866653, 0.01881266616609103, 0.0362155500358372, 0.2131160581410808, 0.0, 0.026678683005526543]","[236, 183, 135, 155, 135, 131, 162]","[237.8692169189453, 202.7108612060547, 135.55947875976562, 137.07064819335938, 144.59527587890625, 168.566162109375, 170.37977600097656]"
2013-08-11,2013-08-17,6026.0,20122,13360.0,"[15, 0, 20, 0, 11, 20, 20]","[16, 18, 0, 20, 15, 7, 17]","[0.08778381496656582, 0.0, 0.0, 0.023235601315305787, 0.3, 0.0, 0.01580417425126571]","[183, 135, 155, 135, 131, 162, 237]","[205.03921508789062, 134.64334106445312, 134.266845703125, 150.20639038085938, 171.7921600341797, 172.75851440429688, 237.65419006347656]"
2013-08-12,2013-08-18,6144.0,19702,12715.0,"[4, 8, 0, 5, 20, 18, 20]","[15, 12, 20, 19, 7, 20, 1]","[0.16860305226079564, 0.025593349533968416, 0.026154522763097297, 0.0875505321599529, 0.2169361084203472, 0.03383829232838048, 0.0]","[135, 155, 135, 131, 162, 237, 154]","[130.94500732421875, 135.65701293945312, 145.52296447753906, 165.43667602539062, 173.83897399902344, 246.53079223632812, 173.5960235595703]"
2013-08-13,2013-08-19,5467.0,16692,11455.0,"[20, 20, 20, 20, 20, 20, 0]","[3, 4, 7, 8, 18, 9, 0]","[0.0, 0.023929969663020273, 0.0, 0.0, 0.016449312690634904, 0.0, 0.0]","[155, 135, 131, 162, 237, 154, 134]","[141.32339477539062, 148.59722900390625, 172.42355346679688, 179.99363708496094, 245.35458374023438, 186.10910034179688, 113.5722885131836]"
2013-08-14,2013-08-20,4923.0,20347,13250.0,"[19, 20, 17, 19, 7, 20, 1]","[5, 7, 11, 19, 20, 0, 20]","[0.0, 0.0, 0.0, 0.3, 0.03357066747396553, 0.3, 0.03906509399666941]","[135, 131, 162, 237, 154, 134, 116]","[149.75027465820312, 173.9569854736328, 180.34080505371094, 246.8081817626953, 183.2750244140625, 119.26756286621094, 154.7625274658203]"
2013-08-15,2013-08-21,6631.0,17815,11340.0,"[20, 20, 17, 20, 20, 20, 20]","[7, 7, 20, 0, 0, 0, 0]","[0.0, 0.0, 0.022324239101670924, 0.03803549900546136, 0.08845917514277894, 0.02446584521688471, 0.0]","[131, 162, 237, 154, 134, 116, 144]","[169.0567626953125, 171.09750366210938, 242.7139129638672, 181.88055419921875, 116.90437316894531, 144.57830810546875, 124.5722427368164]"
2013-08-16,2013-08-22,5949.0,18118,11175.0,"[11, 20, 11, 16, 14, 16, 13]","[14, 15, 15, 0, 8, 3, 4]","[0.3, 0.030147980366480517, 0.0, 0.0, 0.0, 0.015734115474493007, 0.08778136752334405]","[162, 237, 154, 134, 116, 144, 136]","[168.1873779296875, 229.9222412109375, 173.6341552734375, 98.67341613769531, 138.14317321777344, 118.59771728515625, 139.18519592285156]"
2013-08-17,2013-08-23,6365.0,18519,11375.0,"[20, 20, 16, 20, 20, 0, 20]","[15, 7, 1, 0, 0, 19, 6]","[0.01879484029570347, 0.029208397447444686, 0.020096398263598964, 0.0, 0.01875101534418878, 0.0, 0.3]","[237, 154, 134, 116, 144, 136, 150]","[229.4635009765625, 171.6240692138672, 106.54991149902344, 134.17918395996094, 113.26791381835938, 137.08770751953125, 165.1398468017578]"
2013-08-18,2013-08-24,5569.0,18294,11365.0,"[16, 19, 20, 6, 20, 19, 20]","[12, 0, 3, 12, 0, 0, 17]","[0.02386592602749154, 0.023572970903784917, 0.02478574676014929, 0.0, 0.03143642099610146, 0.0, 0.3]","[154, 134, 116, 144, 136, 150, 228]","[180.6644287109375, 112.71916961669922, 142.88674926757812, 123.65848541259766, 140.05267333984375, 167.87684631347656, 241.16778564453125]"
2013-08-19,2013-08-25,6031.0,18752,11370.0,"[11, 16, 14, 10, 17, 15, 17]","[6, 6, 5, 11, 9, 11, 11]","[0.170401233336296, 0.08755495607423491, 0.1635628655190927, 0.08767904911908964, 0.08989217965649457, 0.12752896156548307, 0.08854503729084923]","[134, 116, 144, 136, 150, 228, 180]","[111.26104736328125, 137.98255920410156, 119.67949676513672, 140.4012908935547, 170.01654052734375, 239.7994384765625, 181.4971466064453]"
2013-08-20,2013-08-26,5566.0,17218,11920.0,"[8, 12, 20, 20, 20, 19, 0]","[14, 8, 4, 7, 18, 0, 18]","[0.016978681545176948, 0.0, 0.03400792211625729, 0.0, 0.0, 0.0, 0.0]","[116, 144, 136, 150, 228, 180, 126]","[146.19496154785156, 128.2457275390625, 150.52996826171875, 171.24603271484375, 246.58837890625, 191.3684539794922, 130.61180114746094]"
2013-08-21,2013-08-27,6398.0,18410,12335.0,"[6, 0, 20, 20, 7, 20, 16]","[13, 20, 6, 18, 20, 0, 5]","[0.03146112567646397, 0.0, 0.028085285555173225, 0.0, 0.0, 0.03624923844392995, 0.03128051258654025]","[144, 136, 150, 228, 180, 126, 112]","[127.46258544921875, 143.16603088378906, 162.9934844970703, 247.19276428222656, 185.42514038085938, 123.60623931884766, 133.97885131835938]"
2013-08-22,2013-08-28,6202.0,19456,12530.0,"[19, 20, 20, 17, 18, 4, 17]","[5, 7, 17, 12, 3, 13, 7]","[0.176018505900945, 0.03303718833348676, 0.03082116140240286, 0.017846350540863948, 0.25531028231269065, 0.0324508170661135, 0.0]","[136, 150, 228, 180, 126, 112, 112]","[148.557861328125, 168.0247344970703, 245.79861450195312, 190.36639404296875, 133.7755126953125, 135.43466186523438, 152.5858612060547]"
2013-08-23,2013-08-29,6717.0,17728,11300.0,"[20, 20, 7, 20, 20, 20, 20]","[6, 15, 20, 0, 0, 0, 0]","[0.0, 0.028447927463193537, 0.020105539941089465, 0.0, 0.0, 0.0, 0.0]","[150, 228, 180, 126, 112, 112, 128]","[164.7228240966797, 229.2983856201172, 182.7916259765625, 125.78125, 126.66727447509766, 141.5223846435547, 140.74221801757812]"
2013-08-24,2013-08-30,5950.0,19009,11770.0,"[19, 13, 14, 15, 7, 7, 9]","[17, 13, 6, 5, 15, 13, 9]","[0.02905955432284143, 0.1601604770220983, 0.03299174843302278, 0.16459925620347832, 0.08991528778631801, 0.0879927355640146, 0.20586553428172832]","[228, 180, 126, 112, 112, 128, 159]","[236.07786560058594, 177.74041748046875, 130.2362518310547, 130.34713745117188, 145.2098846435547, 134.2246856689453, 155.3044891357422]"
2013-08-25,2013-08-31,6368.0,18638,12465.0,"[20, 20, 20, 16, 8, 0, 20]","[9, 0, 1, 7, 12, 20, 19]","[0.0, 0.08716457392085308, 0.0, 0.023499666731947772, 0.027677455151730555, 0.018219398038843947, 0.038319308931413804]","[180, 126, 112, 112, 128, 159, 253]","[183.35601806640625, 124.32929992675781, 129.67108154296875, 144.13548278808594, 135.7556915283203, 175.8170166015625, 255.8094482421875]"
2013-08-26,2013-09-01,5991.0,19959,12235.0,"[12, 11, 14, 11, 8, 19, 19]","[7, 7, 8, 9, 17, 13, 12]","[0.03797731091377171, 0.12784031545645233, 0.13751387339123572, 0.2060221212182202, 0.17937554759105148, 0.08912694609575128, 0.10663009355043754]","[126, 112, 112, 128, 159, 253, 203]","[125.80570983886719, 125.10211181640625, 141.69419860839844, 133.94390869140625, 168.58872985839844, 248.1428985595703, 202.5044403076172]"
2013-08-27,2013-09-02,6281.0,17461,11440.0,"[0, 20, 0, 20, 20, 20, 20]","[20, 0, 19, 7, 17, 0, 0]","[0.017755067590391787, 0.017847693884855343, 0.03842150367838862, 0.02673420619798471, 0.0, 0.0, 0.026808553065505003]","[112, 112, 128, 159, 253, 203, 226]","[138.0514678955078, 147.84376525878906, 132.8966522216797, 172.44683837890625, 242.20864868164062, 195.68797302246094, 125.48218536376953]"
2013-08-28,2013-09-03,6137.0,17973,12145.0,"[0, 20, 10, 17, 20, 15, 20]","[20, 0, 15, 20, 10, 5, 0]","[0.0, 0.03713962936890375, 0.0, 0.0, 0.03376168184209534, 5.564784796846024e-05, 0.0]","[112, 128, 159, 253, 203, 226, 91]","[143.46351623535156, 133.13809204101562, 164.2548370361328, 244.8016357421875, 193.4814910888672, 127.16804504394531, 132.08282470703125]"
2013-08-29,2013-09-04,5307.0,15993,10860.0,"[20, 20, 20, 20, 18, 0, 20]","[0, 6, 2, 10, 3, 20, 0]","[0.0, 0.0, 0.023614328671292623, 0.028793329333505445, 0.020765190273926558, 0.03725391848270376, 0.03739320563600799]","[128, 159, 253, 203, 226, 91, 81]","[123.48440551757812, 164.12542724609375, 247.12559509277344, 188.1261444091797, 132.19061279296875, 149.155517578125, 119.14484405517578]"
2013-08-30,2013-09-05,4884.0,16270,10720.0,"[19, 17, 20, 20, 20, 20, 20]","[7, 20, 0, 0, 0, 0, 0]","[0.0, 0.0, 0.3, 0.0, 0.03035258438095855, 0.0, 0.02558531957492977]","[159, 253, 203, 226, 91, 81, 91]","[166.01893615722656, 244.86402893066406, 191.9679718017578, 126.22722625732422, 139.14195251464844, 120.53109741210938, 136.77012634277344]"
2013-08-31,2013-09-06,4121.0,18387,12375.0,"[20, 11, 6, 0, 14, 0, 20]","[18, 18, 13, 20, 5, 20, 1]","[0.028226588185364266, 0.3, 0.29471225949492014, 0.0, 0.030011005723372775, 0.017321379873001693, 0.017144655062647535]","[253, 203, 226, 91, 81, 91, 117]","[249.8533172607422, 197.3024139404297, 127.6298828125, 134.5562286376953, 118.1832046508789, 138.7174530029297, 147.145751953125]"
2013-09-01,2013-09-07,2848.0,15478,12795.0,"[13, 16, 0, 6, 16, 20, 17]","[18, 5, 20, 13, 6, 4, 19]","[0.0, 0.0, 0.03801457656837363, 0.03712033371445228, 0.030510644489736418, 0.0, 0.0]","[203, 226, 91, 81, 91, 117, 181]","[204.3023681640625, 133.98959350585938, 142.7281951904297, 126.37736511230469, 141.4164581298828, 149.5133819580078, 235.12295532226562]"
2013-09-02,2013-09-08,2877.0,14317,11525.0,"[20, 20, 0, 20, 20, 20, 20]","[0, 0, 17, 0, 0, 16, 11]","[0.027530098760489983, 0.025095231865850297, 0.0, 0.0, 0.031079660103713453, 0.0, 0.03294346185290124]","[226, 91, 81, 91, 117, 181, 134]","[137.0598907470703, 153.77159118652344, 123.06988525390625, 128.33984375, 145.88169860839844, 237.3962860107422, 196.9546356201172]"
2013-09-03,2013-09-09,770.0,15028,12745.0,"[20, 20, 20, 20, 18, 20, 20]","[9, 0, 4, 0, 20, 12, 3]","[0.3, 0.0, 0.0, 0.03137103620364898, 0.0, 0.3, 0.028801609778444554]","[91, 81, 91, 117, 181, 134, 97]","[188.09439086914062, 138.37832641601562, 149.66722106933594, 152.33534240722656, 251.2940216064453, 207.76382446289062, 146.86117553710938]"
2013-09-04,2013-09-10,1735.0,14015,12240.0,"[2, 20, 18, 19, 10, 0, 20]","[14, 0, 6, 20, 20, 18, 2]","[0.027585767501179633, 0.08779657302331631, 0.031196079433053036, 0.018760976952118313, 0.0, 0.03304556740472197, 0.019690155222127165]","[81, 91, 117, 181, 134, 97, 80]","[112.76810455322266, 137.92039489746094, 150.42039489746094, 240.05999755859375, 202.02001953125, 128.96414184570312, 135.37962341308594]"
2013-09-05,2013-09-11,3430.0,16611,13120.0,"[8, 20, 14, 10, 20, 18, 20]","[9, 2, 20, 20, 2, 0, 20]","[0.0, 0.0, 0.0, 0.0, 0.1539200276449861, 0.0, 0.0]","[91, 117, 181, 134, 97, 80, 370]","[111.01615142822266, 133.93472290039062, 226.27804565429688, 202.3187255859375, 138.86489868164062, 112.61738586425781, 557.718505859375]"
2013-09-06,2013-09-12,4507.0,19508,15400.0,"[0, 20, 20, 0, 20, 20, 20]","[18, 17, 10, 20, 0, 20, 20]","[0.0, 0.0316638129739457, 0.018160829557237163, 0.0, 0.0, 0.0, 0.0]","[117, 181, 134, 97, 80, 370, 406]","[126.79711151123047, 239.91033935546875, 194.945068359375, 132.2607421875, 116.81146240234375, 624.9058227539062, 679.5755615234375]"
2013-09-07,2013-09-13,6524.0,23041,16380.0,"[16, 20, 0, 19, 20, 20, 20]","[20, 10, 16, 0, 20, 20, 20]","[0.03576641481932243, 0.03621839601878818, 0.3, 0.0, 0.0, 0.03795802211463867, 0.03401760749309094]","[181, 134, 97, 80, 370, 406, 539]","[235.57461547851562, 190.13868713378906, 116.67202758789062, 112.54647827148438, 526.7115478515625, 693.8341064453125, 819.3342895507812]"
2013-09-08,2013-09-14,5767.0,20077,14720.0,"[20, 0, 20, 20, 20, 0, 20]","[0, 19, 0, 20, 20, 20, 20]","[0.02792494690772963, 0.019221258083387024, 0.023650907535413525, 0.0, 0.026668220921987545, 0.03711664761877949, 0.0]","[134, 97, 80, 370, 406, 539, 183]","[178.573974609375, 137.37269592285156, 110.10173797607422, 558.0375366210938, 730.7071533203125, 870.6468505859375, 295.46759033203125]"
2013-09-09,2013-09-15,6039.0,21011,14110.0,"[0, 18, 20, 20, 20, 17, 20]","[17, 0, 20, 0, 20, 19, 5]","[0.0, 0.0, 0.0, 0.030652102263385977, 0.028469199441869403, 0.3, 0.0]","[97, 80, 370, 406, 539, 183, 149]","[119.1930160522461, 108.71798706054688, 635.5145263671875, 674.8120727539062, 797.4361572265625, 239.77850341796875, 159.2646942138672]"
2013-09-10,2013-09-16,6496.0,19399,13180.0,"[16, 20, 0, 20, 20, 20, 14]","[0, 20, 20, 20, 18, 0, 0]","[0.0, 0.0, 0.0, 0.0, 0.0, 0.08818352208112909, 0.0]","[80, 370, 406, 539, 183, 149, 120]","[95.72590637207031, 524.7453002929688, 690.3125610351562, 827.9003295898438, 248.09405517578125, 127.49697875976562, 83.34434509277344]"
2013-09-11,2013-09-17,7352.0,23707,14525.0,"[20, 20, 20, 20, 20, 0, 20]","[20, 20, 20, 16, 0, 11, 0]","[0.0, 0.0, 0.3, 0.028086470415031914, 0.0, 0.3, 0.020567056852317505]","[370, 406, 539, 183, 149, 120, 99]","[528.7377319335938, 688.7626953125, 824.7222900390625, 236.890869140625, 119.22869873046875, 81.18241119384766, 118.9737319946289]"
2013-09-12,2013-09-18,5520.0,19744,13955.0,"[20, 20, 20, 12, 16, 0, 20]","[20, 20, 19, 7, 0, 19, 2]","[0.0, 0.0, 0.025405400618095805, 0.0, 0.0, 0.03726495038327009, 0.3]","[406, 539, 183, 149, 120, 99, 93]","[570.6854858398438, 727.4415893554688, 250.8521728515625, 125.685546875, 94.62666320800781, 132.83775329589844, 135.68971252441406]"
2013-09-13,2013-09-19,4859.0,19463,12400.0,"[20, 19, 4, 12, 0, 17, 20]","[20, 16, 19, 6, 18, 2, 0]","[0.3, 0.019311074469048374, 0.0, 0.021867922092159268, 0.016925196228877143, 0.3, 0.0]","[539, 183, 149, 120, 99, 93, 99]","[643.6790771484375, 229.7813720703125, 159.20252990722656, 114.37035369873047, 127.16366577148438, 125.9256591796875, 125.1651611328125]"
2013-09-14,2013-09-20,3401.0,14484,10470.0,"[20, 20, 16, 20, 20, 0, 20]","[20, 0, 0, 0, 0, 18, 0]","[0.0, 0.016690411407778473, 0.0, 0.3, 0.0, 0.0, 0.0]","[183, 149, 120, 99, 93, 99, 155]","[267.3330993652344, 127.14777374267578, 95.64598083496094, 142.53616333007812, 131.59925842285156, 128.78025817871094, 132.6390838623047]"
2013-09-15,2013-09-21,4436.0,16302,10265.0,"[8, 3, 7, 13, 10, 11, 14]","[12, 11, 10, 6, 7, 9, 16]","[0.13584180308801297, 0.1751263945242139, 0.16181655673023063, 0.11890155240214888, 0.0886247956531901, 0.16233363305882426, 0.08854845227634271]","[149, 120, 99, 93, 99, 155, 194]","[146.643798828125, 98.61651611328125, 127.26570129394531, 118.51172637939453, 110.3286361694336, 136.12525939941406, 206.6938018798828]"
2013-09-16,2013-09-22,4609.0,17082,10775.0,"[11, 10, 14, 11, 13, 15, 18]","[7, 8, 7, 7, 10, 13, 6]","[0.1629134016834948, 0.1344802562866081, 0.08990211919314292, 0.1777641836098248, 0.15607764281439543, 0.08905322714736608, 0.13360683037927742]","[120, 99, 93, 99, 155, 194, 145]","[116.57846069335938, 134.51095581054688, 132.23626708984375, 131.5145721435547, 150.43807983398438, 181.85433959960938, 158.8985595703125]"
2013-09-17,2013-09-23,4400.0,14104,9790.0,"[20, 20, 20, 0, 20, 20, 17]","[0, 0, 2, 19, 9, 0, 0]","[0.021515456969241148, 0.0, 0.0, 0.034386161884134916, 0.0, 0.0, 0.0]","[99, 93, 99, 155, 194, 145, 89]","[129.59385681152344, 126.67874908447266, 137.41848754882812, 132.0072479248047, 183.6610565185547, 145.90908813476562, 100.84449005126953]"
2013-09-18,2013-09-24,4472.0,15883,10900.0,"[0, 4, 16, 9, 12, 11, 11]","[18, 15, 8, 19, 12, 6, 6]","[0.03062119972758248, 0.028026907910402753, 0.025876185157839772, 0.03554744201798239, 0.017444919259717192, 0.12025818265447143, 0.2537798000587977]","[93, 99, 155, 194, 145, 89, 92]","[127.8646240234375, 129.07046508789062, 157.13412475585938, 184.44125366210938, 160.8841552734375, 112.59974670410156, 106.39146423339844]"
2013-09-19,2013-09-25,4918.0,15550,9525.0,"[12, 12, 11, 12, 9, 8, 6]","[6, 8, 16, 11, 6, 5, 10]","[0.0884075300511936, 0.08852384805112472, 0.11290818319358842, 0.03239790804525372, 0.1631170652527945, 0.1793277168974245, 0.08952723802389947]","[99, 155, 194, 145, 89, 92, 95]","[112.9906997680664, 138.6005859375, 182.56507873535156, 152.5917205810547, 105.95868682861328, 99.26651000976562, 109.27388763427734]"
2013-09-20,2013-09-26,5030.0,13246,8240.0,"[20, 9, 13, 15, 15, 16, 0]","[3, 20, 10, 2, 0, 0, 0]","[0.0, 0.03583554855318481, 0.03350505345642395, 0.018672282133420808, 0.0, 0.0, 0.04350021223901986]","[155, 194, 145, 89, 92, 95, 105]","[140.1847686767578, 191.95130920410156, 148.2301483154297, 105.33088684082031, 93.40194702148438, 98.43973541259766, 103.93965911865234]"
2013-09-21,2013-09-27,4989.0,14922,9145.0,"[10, 17, 1, 7, 5, 13, 18]","[20, 8, 12, 7, 9, 1, 0]","[0.018918116048944562, 0.07894901544078312, 0.027458900140060742, 0.08878271431521055, 0.21497204179814008, 0.1683388736298964, 0.0]","[194, 145, 89, 92, 95, 105, 137]","[199.3313446044922, 156.72442626953125, 102.92160034179688, 93.1263198852539, 95.78795623779297, 101.66033172607422, 109.87915802001953]"
2013-09-22,2013-09-28,4564.0,16272,9525.0,"[19, 12, 14, 0, 17, 17, 19]","[5, 6, 3, 14, 0, 0, 11]","[0.3, 0.2564436833762372, 0.01573333361020004, 0.08834338175314403, 0.0, 0.3, 0.036963784617887095]","[145, 89, 92, 95, 105, 137, 212]","[153.7459716796875, 116.17037963867188, 102.77155303955078, 107.80939483642578, 103.14643859863281, 110.8559341430664, 192.03887939453125]"
2013-09-23,2013-09-29,4631.0,14887,9055.0,"[14, 10, 12, 9, 16, 16, 12]","[4, 4, 3, 5, 2, 14, 7]","[0.05104138806195503, 0.17871558501943635, 0.22022666210313885, 0.11738988286340206, 0.08849777523669175, 0.03738566769885577, 0.11204846664482371]","[89, 92, 95, 105, 137, 212, 134]","[111.65863800048828, 86.6046371459961, 97.15325927734375, 88.46629333496094, 113.11949157714844, 194.17120361328125, 122.98210144042969]"
2013-09-24,2013-09-30,5190.0,14202,8425.0,"[15, 15, 11, 20, 16, 20, 0]","[0, 0, 4, 0, 13, 0, 11]","[0.0, 0.29928145582862486, 0.021992206416010195, 0.024880126621390178, 0.03550846422386127, 0.023335545062012405, 0.0]","[92, 95, 105, 137, 212, 134, 72]","[92.90799713134766, 93.5842514038086, 95.27220916748047, 114.50114440917969, 188.55014038085938, 131.3749542236328, 82.7330322265625]"
2013-09-25,2013-10-01,4698.0,14127,8550.0,"[15, 17, 20, 20, 2, 14, 15]","[0, 0, 0, 10, 16, 0, 0]","[0.3, 0.01669974185645043, 0.0, 0.0, 0.01881169772165702, 0.2096851460195369, 0.0]","[95, 105, 137, 212, 134, 72, 71]","[94.17923736572266, 103.40562438964844, 124.66592407226562, 194.0672607421875, 127.37625885009766, 87.17011260986328, 88.3744125366211]"
2013-09-26,2013-10-02,4162.0,13301,9180.0,"[0, 12, 9, 20, 15, 16, 18]","[15, 5, 20, 3, 0, 0, 0]","[0.0, 0.0, 0.02724416372841678, 0.0, 0.0, 0.0, 0.0]","[105, 137, 212, 134, 72, 71, 88]","[104.82152557373047, 107.47561645507812, 198.11300659179688, 139.78330993652344, 91.41266632080078, 101.87723541259766, 110.07276153564453]"
2013-09-27,2013-10-03,4642.0,13299,8680.0,"[20, 20, 11, 10, 1, 17, 15]","[0, 9, 9, 3, 13, 0, 0]","[0.02061507892663277, 0.0, 0.03079468126621194, 0.0, 0.03364752362906567, 0.038995920748620815, 0.019905747469071623]","[137, 212, 134, 72, 71, 88, 111]","[110.23652648925781, 188.6147003173828, 133.16799926757812, 83.65130615234375, 99.19507598876953, 113.18033599853516, 93.85176086425781]"
2013-09-28,2013-10-04,4426.0,14004,9230.0,"[9, 12, 14, 7, 16, 16, 8]","[19, 10, 0, 8, 2, 0, 10]","[0.02711899696080902, 0.016447770109091278, 0.0, 0.03845589787781643, 0.022729545903393295, 0.21742327872135392, 0.03614493689395861]","[212, 134, 72, 71, 88, 111, 149]","[190.86654663085938, 141.98838806152344, 89.86102294921875, 99.04589080810547, 113.37701416015625, 94.84567260742188, 118.6859130859375]"
2013-09-29,2013-10-05,3584.0,13679,9505.0,"[5, 13, 19, 14, 15, 20, 20]","[16, 3, 0, 5, 2, 0, 7]","[0.17147296168759607, 0.16989035317989443, 0.03002971115666747, 0.0, 0.020205512326874134, 0.0, 0.0]","[134, 72, 71, 88, 111, 149, 246]","[141.49281311035156, 97.048828125, 114.1590576171875, 122.56796264648438, 104.37568664550781, 124.46420288085938, 215.71559143066406]"
2013-09-30,2013-10-06,3515.0,14209,9430.0,"[9, 12, 10, 9, 9, 13, 13]","[5, 6, 9, 7, 10, 10, 8]","[0.0875524862878908, 0.08752343786273697, 0.03834741417442977, 0.17866427292652898, 0.0895842284602839, 0.11638249669076359, 0.161946351824239]","[72, 71, 88, 111, 149, 246, 158]","[93.67265319824219, 112.85212707519531, 124.3045654296875, 105.92234802246094, 125.57208251953125, 210.6486358642578, 147.94398498535156]"
2013-10-01,2013-10-07,4581.0,15756,9875.0,"[0, 12, 18, 2, 20, 19, 14]","[13, 9, 0, 16, 14, 3, 0]","[0.0244169453661097, 0.022261280017330954, 0.0, 0.02317694251754585, 0.0282101434332031, 0.2926573102001811, 0.3]","[71, 88, 111, 149, 246, 158, 91]","[91.49052429199219, 135.81170654296875, 107.11481475830078, 127.03199005126953, 223.2466583251953, 144.8990478515625, 89.88172149658203]"
2013-10-02,2013-10-08,5133.0,16173,9845.0,"[8, 9, 14, 18, 13, 13, 9]","[10, 9, 6, 13, 11, 3, 4]","[0.13223716053569973, 0.1685146602350161, 0.1373706362630286, 0.03226394890644298, 0.16066991734768682, 0.0880826522638325, 0.038008775758715516]","[88, 111, 149, 246, 158, 91, 97]","[127.48289489746094, 120.68196868896484, 130.84068298339844, 221.39891052246094, 154.60105895996094, 103.12554168701172, 89.6963119506836]"
2013-10-03,2013-10-09,4843.0,14389,8550.0,"[20, 20, 20, 20, 0, 15, 18]","[0, 0, 0, 4, 14, 0, 0]","[0.0, 0.03675223397613758, 0.0, 0.0, 0.3, 0.0, 0.20719209968530045]","[111, 149, 246, 158, 91, 97, 103]","[118.19221496582031, 127.93437957763672, 220.50498962402344, 152.28993225097656, 100.98788452148438, 88.91006469726562, 112.2430191040039]"
2013-10-04,2013-10-10,5699.0,16731,9760.0,"[20, 20, 18, 12, 0, 17, 19]","[1, 14, 6, 4, 13, 0, 0]","[0.0, 0.019107424561239147, 0.0, 0.3, 0.0, 0.022963316900336733, 0.3]","[149, 246, 158, 91, 97, 103, 126]","[129.07154846191406, 220.9115447998047, 152.12648010253906, 101.84437561035156, 90.46319580078125, 112.95994567871094, 116.7302474975586]"
2013-10-05,2013-10-11,5005.0,15015,9040.0,"[16, 15, 9, 5, 6, 10, 6]","[17, 8, 6, 2, 4, 5, 15]","[0.03775434062555172, 0.13294558960545338, 0.08914914417816079, 0.21796880575308514, 0.17393493045523886, 0.17549411428434425, 0.027350975795139728]","[246, 158, 91, 97, 103, 126, 164]","[242.3406219482422, 146.13519287109375, 81.41239166259766, 39.63267135620117, 65.95503997802734, 96.51148986816406, 157.57150268554688]"
2013-10-06,2013-10-12,4800.0,14013,9280.0,"[20, 0, 0, 11, 0, 20, 20]","[1, 14, 7, 0, 12, 0, 20]","[0.0, 0.0, 0.0, 0.0, 0.028081271111216156, 0.03273766636268199, 0.032865150210805785]","[158, 91, 97, 103, 126, 164, 918]","[152.09573364257812, 99.38048553466797, 51.510318756103516, 67.448486328125, 87.33345794677734, 156.77735900878906, 880.563232421875]"
2013-10-07,2013-10-13,5887.0,16896,10920.0,"[17, 7, 12, 0, 20, 20, 20]","[0, 0, 0, 12, 0, 20, 20]","[0.030969764270004405, 0.0, 0.21684106892415253, 0.029050092384970194, 0.032744097338884615, 0.037095985292052984, 0.032153295077165224]","[91, 97, 103, 126, 164, 918, 716]","[102.87005615234375, 42.00126266479492, 70.46922302246094, 86.05013275146484, 154.0201873779297, 881.3197631835938, 704.09423828125]"
2013-10-08,2013-10-14,6083.0,18539,11340.0,"[4, 4, 7, 16, 16, 15, 11]","[4, 7, 5, 9, 16, 19, 17]","[0.13810594872734572, 0.16302112983810002, 0.1811379744844496, 0.028144476111915038, 0.15537164611775978, 0.03829522022311212, 0.08735748205495117]","[97, 103, 126, 164, 918, 716, 417]","[51.06023025512695, 75.29309844970703, 87.4935073852539, 159.9607391357422, 884.5675048828125, 729.063232421875, 448.5563659667969]"
2013-10-09,2013-10-15,6465.0,19358,11610.0,"[9, 14, 5, 14, 16, 12, 8]","[8, 3, 16, 14, 17, 16, 6]","[0.08845016733411457, 0.177703641104716, 0.036783709229654925, 0.087389268234165, 0.11233100327548905, 0.061877230158165944, 0.22083436222793668]","[103, 126, 164, 918, 716, 417, 96]","[114.30310821533203, 119.05218505859375, 155.89163208007812, 828.2537841796875, 719.767333984375, 487.05108642578125, 95.9109115600586]"
2013-10-10,2013-10-16,7872.0,23158,13270.0,"[18, 2, 20, 20, 20, 0, 16]","[0, 20, 20, 20, 20, 10, 0]","[0.3, 0.29548522120263676, 0.024189964683725314, 0.036810182404102804, 0.0, 0.0, 0.3]","[126, 164, 918, 716, 417, 96, 102]","[105.501220703125, 155.3013153076172, 878.0149536132812, 735.9150390625, 456.4776916503906, 75.0345230102539, 96.23118591308594]"
2013-10-11,2013-10-17,8086.0,21233,13100.0,"[0, 20, 20, 20, 12, 17, 17]","[20, 20, 20, 20, 0, 0, 0]","[0.0, 0.028616852291798597, 0.0, 0.018874210450861482, 0.3, 0.015422145129777853, 0.0]","[164, 918, 716, 417, 96, 102, 93]","[154.9124298095703, 890.6140747070312, 736.87646484375, 452.0103759765625, 72.88892364501953, 102.19518280029297, 101.90313720703125]"
2013-10-12,2013-10-18,6753.0,18882,11520.0,"[20, 20, 20, 0, 5, 18, 20]","[20, 0, 20, 11, 11, 0, 0]","[0.08950801123606411, 0.0, 0.029545784676206825, 0.0, 0.0, 0.3, 0.0]","[918, 716, 417, 96, 102, 93, 128]","[884.7548828125, 731.992919921875, 448.744384765625, 76.76702880859375, 106.36514282226562, 108.74593353271484, 136.96348571777344]"
2013-10-13,2013-10-19,5530.0,17094,10580.0,"[13, 18, 6, 9, 5, 11, 9]","[19, 7, 5, 6, 11, 10, 14]","[0.033271111415345445, 0.03899871639759912, 0.12605001632679189, 0.11844963682438084, 0.21268863352734324, 0.03755969486854745, 0.15989401754853327]","[716, 417, 96, 102, 93, 128, 194]","[733.6825561523438, 478.1446838378906, 72.04924774169922, 99.68144989013672, 109.13207244873047, 136.44158935546875, 226.63088989257812]"
2013-10-14,2013-10-20,5884.0,16891,11240.0,"[20, 11, 17, 12, 20, 14, 20]","[20, 0, 0, 5, 2, 20, 0]","[0.030026885418216877, 0.017093451369851725, 0.0, 0.0, 0.0, 0.01962998816664325, 0.0]","[417, 96, 102, 93, 128, 194, 146]","[475.20074462890625, 67.47107696533203, 103.2928237915039, 106.63053894042969, 135.36167907714844, 227.3058624267578, 137.18768310546875]"
2013-10-15,2013-10-21,3662.0,14519,10190.0,"[8, 0, 13, 10, 15, 19, 12]","[5, 17, 8, 12, 19, 0, 4]","[0.0, 0.0, 0.3, 0.028698373177542705, 0.01786670602359004, 0.01735045342524468, 0.08718199239233013]","[96, 102, 93, 128, 194, 146, 73]","[83.37305450439453, 119.79539489746094, 134.37677001953125, 145.91665649414062, 221.19949340820312, 163.95570373535156, 106.7117919921875]"
2013-10-16,2013-10-22,4237.0,14475,9685.0,"[7, 16, 8, 10, 12, 12, 10]","[10, 2, 12, 16, 9, 5, 6]","[0.025277647410438826, 0.08898525318490995, 0.03902707846122653, 0.0307001792937244, 0.08963587456769319, 0.12567476092239693, 0.16223928353359612]","[102, 93, 128, 194, 146, 73, 76]","[111.54486846923828, 110.40850067138672, 135.9585418701172, 222.69468688964844, 135.98548889160156, 115.45589447021484, 105.26952362060547]"
2013-10-17,2013-10-23,3514.0,14145,9835.0,"[18, 20, 15, 20, 0, 7, 16]","[0, 0, 19, 0, 16, 9, 2]","[0.0, 0.0, 0.02474489501290931, 0.3, 0.017892761223930034, 0.0, 0.0]","[93, 128, 194, 146, 73, 76, 98]","[106.77252197265625, 130.7688446044922, 224.99488830566406, 133.53082275390625, 117.0617904663086, 105.63794708251953, 113.36419677734375]"
2013-10-18,2013-10-24,3523.0,15362,10625.0,"[20, 18, 19, 0, 0, 9, 17]","[0, 18, 7, 19, 15, 7, 0]","[0.03341271746430118, 0.025373191482764984, 0.02072350794440593, 0.027458898152192508, 0.0, 0.3, 0.28493377680347287]","[128, 194, 146, 73, 76, 98, 101]","[135.4101104736328, 234.11325073242188, 162.43814086914062, 134.50042724609375, 105.03304290771484, 107.9258041381836, 106.54478454589844]"
2013-10-19,2013-10-25,3744.0,14212,10560.0,"[13, 0, 19, 18, 20, 18, 0]","[20, 20, 0, 0, 0, 0, 20]","[0.0, 0.02522616996471765, 0.0, 0.0, 0.027666200140623973, 0.0, 0.0]","[194, 146, 73, 76, 98, 101, 165]","[219.04368591308594, 139.9158172607422, 114.88319396972656, 111.22821044921875, 119.10739135742188, 109.02908325195312, 145.5720672607422]"
2013-10-20,2013-10-26,4155.0,14105,10020.0,"[9, 12, 4, 16, 8, 9, 20]","[10, 6, 11, 2, 8, 13, 9]","[0.0, 0.0, 0.031598413316284886, 0.0, 0.022776682177778187, 0.036513283108069124, 0.018918793369775845]","[146, 73, 76, 98, 101, 165, 209]","[128.72091674804688, 114.20947265625, 106.57068634033203, 113.408447265625, 106.18827056884766, 145.30979919433594, 186.24412536621094]"
2013-10-21,2013-10-27,4049.0,14785,9975.0,"[0, 0, 17, 0, 20, 14, 20]","[16, 14, 0, 14, 3, 17, 0]","[0.022491541042824324, 0.0, 0.022798445354244076, 0.0, 0.021376923715666855, 0.0, 0.3]","[73, 76, 98, 101, 165, 209, 149]","[111.5461196899414, 98.16485595703125, 103.01044464111328, 102.1064453125, 145.2376251220703, 203.48585510253906, 134.7926788330078]"
2013-10-22,2013-10-28,4500.0,15750,10170.0,"[16, 0, 0, 20, 20, 14, 0]","[1, 15, 14, 0, 12, 8, 18]","[0.030739006570101073, 5.988161118173133e-05, 0.25621281976214316, 0.0, 0.026442093509346908, 0.2561327936365134, 0.0]","[76, 98, 101, 165, 209, 149, 104]","[102.3929214477539, 106.20343780517578, 105.76762390136719, 136.9908447265625, 207.57362365722656, 151.39910888671875, 130.4551239013672]"
2013-10-23,2013-10-29,5265.0,15857,10355.0,"[13, 17, 10, 20, 11, 6, 20]","[3, 0, 11, 12, 12, 13, 0]","[0.0, 0.22062796825376302, 0.0, 0.01616115941997191, 0.0, 0.0, 0.0]","[98, 101, 165, 209, 149, 104, 104]","[102.54576110839844, 103.48467254638672, 136.07858276367188, 206.6753387451172, 150.7031707763672, 129.36309814453125, 123.62516021728516]"
2013-10-24,2013-10-30,4978.0,15471,9890.0,"[0, 10, 19, 17, 0, 19, 8]","[14, 10, 13, 3, 16, 1, 7]","[0.033648688971977966, 0.0, 0.0, 0.021541084904536927, 0.0, 0.3, 0.02225273582400931]","[101, 165, 209, 149, 104, 104, 91]","[102.1958999633789, 129.2521514892578, 205.77220153808594, 121.35225677490234, 111.40741729736328, 125.60340118408203, 102.29744720458984]"
2013-10-25,2013-10-31,4503.0,14832,9415.0,"[13, 20, 20, 17, 19, 5, 20]","[7, 9, 0, 0, 0, 10, 1]","[0.3, 0.03416878104938548, 0.0, 0.0, 0.019291583350605258, 0.08975676508159944, 0.015204014377759407]","[165, 209, 149, 104, 104, 91, 69]","[139.3887481689453, 188.20069885253906, 127.99800109863281, 103.57222747802734, 111.68875122070312, 96.54679107666016, 130.4724884033203]"
2013-10-26,2013-11-01,3687.0,14631,11050.0,"[20, 0, 0, 20, 20, 20, 20]","[13, 20, 18, 0, 0, 0, 6]","[0.021878174143879527, 0.0, 0.0, 0.0, 0.035905035312069566, 0.0, 0.037367387427558484]","[209, 149, 104, 104, 91, 69, 119]","[209.722900390625, 149.18455505371094, 128.56927490234375, 124.36479949951172, 122.81774139404297, 130.2126922607422, 161.39768981933594]"
2013-10-27,2013-11-02,2872.0,14221,11440.0,"[15, 20, 0, 11, 17, 20, 20]","[8, 0, 17, 8, 4, 5, 15]","[0.0, 0.03478178950765793, 0.0, 0.028083107102373786, 0.0338510024063199, 0.0, 0.0]","[149, 104, 104, 91, 69, 119, 188]","[149.83839416503906, 129.92117309570312, 123.93766784667969, 121.49459075927734, 129.97793579101562, 161.6748046875, 225.99107360839844]"
2013-10-28,2013-11-03,2776.0,14755,12090.0,"[13, 20, 20, 11, 19, 14, 7]","[7, 0, 0, 9, 7, 20, 20]","[0.0, 0.027725004630448517, 0.0, 0.03553993702452942, 0.03292793586239718, 0.0, 0.02347480111817865]","[104, 104, 91, 69, 119, 188, 166]","[128.74026489257812, 124.05783081054688, 121.76932525634766, 129.5183868408203, 162.7496795654297, 226.56509399414062, 181.28932189941406]"
2013-10-29,2013-11-04,2551.0,14392,11380.0,"[18, 6, 8, 14, 14, 20, 17]","[0, 10, 11, 12, 20, 10, 0]","[0.0, 0.0, 0.022412815771072042, 0.0, 0.0, 0.0, 0.3]","[104, 91, 69, 119, 188, 166, 78]","[111.6597671508789, 109.09093475341797, 126.58567810058594, 166.45777893066406, 227.12351989746094, 195.03465270996094, 101.70234680175781]"
2013-10-30,2013-11-05,2600.0,14973,11250.0,"[0, 20, 0, 14, 20, 20, 19]","[17, 0, 20, 20, 9, 0, 0]","[0.02075743316085609, 0.0, 0.0032307856820508424, 0.017961948034232837, 0.0, 0.3, 0.3]","[91, 69, 119, 188, 166, 78, 93]","[121.11599731445312, 127.36117553710938, 162.3880157470703, 225.6614227294922, 186.559326171875, 121.32410430908203, 113.82524108886719]"
2013-10-31,2013-11-06,2873.0,13985,11185.0,"[20, 20, 14, 15, 11, 18, 10]","[0, 5, 20, 14, 8, 0, 7]","[0.0, 0.0, 0.0, 0.03290654887718428, 0.03516756595384973, 0.0, 0.03523423454671415]","[69, 119, 188, 166, 78, 93, 90]","[124.0096206665039, 159.81080627441406, 225.8074951171875, 187.7640380859375, 120.42581176757812, 112.91061401367188, 110.25823974609375]"
2013-11-01,2013-11-07,4220.0,15608,10210.0,"[14, 14, 13, 14, 5, 15, 13]","[10, 15, 11, 5, 10, 2, 4]","[0.21449948160237428, 0.08981992374455897, 0.033873943450559656, 0.1766383490860243, 0.08966606096782302, 0.08717292609313676, 0.1007678336916688]","[119, 188, 166, 78, 93, 90, 90]","[154.82363891601562, 225.00192260742188, 187.56887817382812, 119.65877532958984, 110.76895141601562, 108.21551513671875, 112.37350463867188]"
2013-11-02,2013-11-08,3967.0,14772,10720.0,"[13, 7, 6, 19, 19, 20, 20]","[20, 19, 12, 0, 0, 0, 0]","[0.03366777765136964, 0.03229365345696689, 0.0, 0.015590785789141515, 0.11753232415777871, 0.0, 0.016331259727652443]","[188, 166, 78, 93, 90, 90, 159]","[219.709716796875, 173.33932495117188, 122.72526550292969, 115.01466369628906, 113.98905944824219, 115.76656341552734, 143.86691284179688]"
2013-11-03,2013-11-09,4428.0,16153,11720.0,"[12, 14, 0, 0, 17, 6, 19]","[16, 5, 15, 15, 1, 14, 20]","[0.03125242759270772, 0.03883537041651631, 0.0, 0.1343127282498838, 0.015080387804402363, 0.003392392156910418, 0.032901113533914006]","[166, 78, 93, 90, 90, 159, 917]","[184.02406311035156, 119.5863265991211, 110.39514923095703, 107.62845611572266, 111.06082916259766, 135.57301330566406, 913.3735961914062]"
2013-11-04,2013-11-10,4937.0,18061,12085.0,"[20, 10, 18, 18, 20, 18, 20]","[0, 7, 0, 0, 0, 19, 20]","[0.026780581593845297, 0.29963847555335354, 0.0, 0.3, 0.022311969955995103, 0.015775399528122718, 0.0]","[78, 93, 90, 90, 159, 917, 701]","[120.4085922241211, 110.45734405517578, 106.89693450927734, 109.76502990722656, 135.39527893066406, 916.3417358398438, 896.8871459960938]"
2013-11-05,2013-11-11,6997.0,21974,14180.0,"[17, 17, 19, 0, 20, 20, 20]","[0, 0, 0, 20, 20, 20, 20]","[0.02457854622241563, 0.3, 0.3, 0.0, 0.03227719735650558, 0.030560065691168113, 0.0]","[93, 90, 90, 159, 917, 701, 633]","[103.45538330078125, 105.63021850585938, 108.67719268798828, 133.5818328857422, 910.2733154296875, 891.6249389648438, 617.99951171875]"
2013-11-06,2013-11-12,6579.0,19189,12100.0,"[15, 0, 20, 20, 20, 20, 18]","[0, 15, 3, 0, 20, 20, 0]","[0.030509423224918522, 0.0, 0.0, 0.3, 0.026129486845351033, 0.0, 0.02542429148668681]","[90, 90, 159, 917, 701, 633, 99]","[90.14064025878906, 105.78889465332031, 145.89474487304688, 950.5012817382812, 878.0151977539062, 613.6350708007812, 111.71758270263672]"
2013-11-07,2013-11-13,7307.0,22088,13930.0,"[0, 0, 20, 20, 20, 20, 0]","[15, 20, 20, 20, 20, 0, 14]","[0.3, 0.0022906814685673734, 0.03220819070634367, 0.022149766977951343, 0.0, 0.3, 0.0]","[90, 159, 917, 701, 633, 99, 93]","[105.35026550292969, 140.44921875, 941.0418090820312, 898.706787109375, 638.0011596679688, 121.283203125, 103.09785461425781]"
2013-11-08,2013-11-14,6516.0,19238,11630.0,"[11, 17, 16, 14, 9, 8, 7]","[9, 14, 13, 17, 10, 7, 9]","[0.16339268610522045, 0.1525045564589503, 0.08956406315568999, 0.03473157237185023, 0.06471173539982103, 0.037370836063899716, 0.08951182218827196]","[159, 917, 701, 633, 99, 93, 108]","[133.45375061035156, 912.1183471679688, 890.347900390625, 619.8773803710938, 126.48639678955078, 98.58776092529297, 109.3407974243164]"
2013-11-09,2013-11-15,6540.0,20691,12720.0,"[20, 20, 20, 0, 0, 18, 15]","[20, 20, 20, 18, 0, 0, 6]","[0.0, 0.3, 0.0, 0.0, 0.07255815012804988, 0.028218894423043716, 0.0]","[917, 701, 633, 99, 93, 108, 139]","[914.3080444335938, 894.232666015625, 620.1022338867188, 127.88868713378906, 99.1761703491211, 109.49262237548828, 135.5516815185547]"
2013-11-10,2013-11-16,6891.0,20064,12880.0,"[20, 20, 20, 16, 0, 20, 10]","[20, 20, 0, 0, 14, 0, 20]","[0.0, 0.03519600403114203, 0.3, 0.0, 0.0, 0.0, 0.0]","[701, 633, 99, 93, 108, 139, 256]","[890.2960205078125, 604.5573120117188, 130.8409881591797, 96.83984375, 103.1059799194336, 125.7017593383789, 202.63232421875]"
2013-11-11,2013-11-17,6598.0,18345,12055.0,"[20, 17, 0, 20, 20, 20, 5]","[20, 0, 14, 0, 5, 11, 16]","[0.03369516149189317, 0.019935255306681634, 0.030258066957097214, 0.02233409756024108, 0.022656031980473747, 0.0, 0.0]","[633, 99, 93, 108, 139, 256, 191]","[603.2261352539062, 104.41071319580078, 97.67276000976562, 119.24463653564453, 152.8185272216797, 196.7581329345703, 146.3898162841797]"
2013-11-12,2013-11-18,5173.0,16543,10570.0,"[3, 16, 20, 20, 20, 17, 20]","[15, 1, 0, 4, 11, 8, 0]","[0.3, 0.17326744120943233, 0.0, 0.022731377775653316, 0.01876298880827975, 0.0, 0.0]","[99, 93, 108, 139, 256, 191, 108]","[122.21638488769531, 101.82430267333984, 124.32000732421875, 152.06333923339844, 197.10264587402344, 158.68560791015625, 138.92861938476562]"
2013-11-13,2013-11-19,5616.0,16854,10355.0,"[17, 6, 9, 20, 20, 10, 14]","[0, 9, 11, 11, 8, 7, 6]","[0.2121569238599284, 0.0, 0.17488706175039184, 0.021225284538792362, 0.0887066264312999, 0.08745136795861128, 0.02265985358037763]","[93, 108, 139, 256, 191, 108, 92]","[97.76612854003906, 106.52074432373047, 135.9900665283203, 207.9893798828125, 174.9076690673828, 121.01415252685547, 128.1016387939453]"
2013-11-14,2013-11-20,5116.0,16637,9780.0,"[9, 14, 8, 10, 2, 11, 12]","[7, 8, 18, 13, 12, 4, 6]","[0.17755430080025866, 0.08909430404385879, 0.16906629604948087, 0.21921975745393665, 0.12644628007629571, 0.03837053167320504, 0.08916865938668848]","[108, 139, 256, 191, 108, 92, 95]","[109.26803588867188, 141.68460083007812, 204.43692016601562, 151.6665802001953, 96.86436462402344, 133.00863647460938, 115.47491455078125]"
2013-11-15,2013-11-21,5294.0,17336,10660.0,"[18, 19, 19, 8, 10, 17, 20]","[4, 13, 7, 9, 10, 2, 0]","[0.0, 0.02769378731908989, 0.021220281473425934, 0.08747548056972321, 0.0, 0.3, 0.3]","[139, 256, 191, 108, 92, 95, 113]","[139.81976318359375, 208.36642456054688, 166.56825256347656, 109.908203125, 133.98904418945312, 117.1247329711914, 120.07755279541016]"
2013-11-16,2013-11-22,5040.0,16163,11185.0,"[19, 12, 18, 17, 16, 12, 2]","[8, 15, 1, 6, 4, 8, 19]","[0.019769189667027114, 0.03776466442845106, 0.08923017530260245, 0.030736717514074783, 0.03848396917708878, 0.021634091785060414, 0.0]","[256, 191, 108, 92, 95, 113, 147]","[209.4573211669922, 175.30123901367188, 116.9654312133789, 146.91343688964844, 121.44767761230469, 129.85824584960938, 158.25209045410156]"
2013-11-17,2013-11-23,4318.0,17556,12735.0,"[7, 5, 20, 10, 20, 7, 19]","[19, 11, 4, 10, 2, 18, 19]","[0.01822383305123581, 0.3, 0.0, 0.0, 0.0, 0.01953029629759049, 0.0]","[191, 108, 92, 95, 113, 147, 312]","[173.06057739257812, 110.92293548583984, 151.61582946777344, 128.4326171875, 133.27723693847656, 168.8207550048828, 279.08038330078125]"
2013-11-18,2013-11-24,2788.0,18577,15300.0,"[5, 20, 16, 20, 8, 20, 20]","[17, 6, 7, 7, 20, 20, 20]","[0.0, 0.0, 0.03020522869918224, 0.3, 0.0, 0.02979127808511294, 0.0]","[108, 92, 95, 113, 147, 312, 217]","[150.6445770263672, 161.46836853027344, 148.20672607421875, 170.5596466064453, 188.0952606201172, 315.255859375, 321.4041442871094]"
2013-11-19,2013-11-25,4881.0,18513,13380.0,"[20, 20, 11, 15, 20, 20, 20]","[2, 1, 10, 11, 20, 20, 0]","[0.0, 0.0, 0.2533816746856149, 0.0, 0.0, 0.02192290302643729, 0.0]","[92, 95, 113, 147, 312, 217, 119]","[135.13426208496094, 128.7133331298828, 137.82464599609375, 168.5820770263672, 309.1737365722656, 292.5418395996094, 156.41607666015625]"
2013-11-20,2013-11-26,5574.0,18347,13110.0,"[12, 7, 4, 20, 20, 13, 16]","[6, 11, 20, 20, 20, 8, 4]","[0.02469071216344591, 0.02957731163804616, 0.0, 0.0, 0.0, 0.007036895393022148, 0.0]","[95, 113, 147, 312, 217, 119, 116]","[114.4471435546875, 121.891845703125, 164.83062744140625, 271.48883056640625, 325.9120178222656, 134.07997131347656, 127.3680419921875]"
2013-11-21,2013-11-27,7209.0,19313,12465.0,"[5, 7, 20, 20, 18, 15, 20]","[9, 14, 20, 19, 0, 3, 6]","[0.0366211980061654, 0.03188095075940486, 0.02636342582691508, 0.00026026648650236887, 0.0, 0.02364370667861596, 0.016427830420996013]","[113, 147, 312, 217, 119, 116, 237]","[98.92452239990234, 141.4689178466797, 260.5437927246094, 326.13818359375, 121.2384033203125, 112.19284057617188, 174.24012756347656]"
2013-11-22,2013-11-28,7173.0,21540,14015.0,"[0, 20, 20, 20, 20, 20, 20]","[20, 20, 20, 0, 0, 0, 17]","[0.0, 0.0, 0.0, 0.3, 0.0, 0.0, 0.03718458765904044]","[147, 312, 217, 119, 116, 237, 532]","[144.44801330566406, 270.87017822265625, 324.7757568359375, 118.89229583740234, 116.27125549316406, 168.8691864013672, 240.3928680419922]"
2013-11-23,2013-11-29,9025.0,25163,16560.0,"[20, 20, 20, 19, 7, 20, 20]","[20, 20, 0, 0, 20, 20, 20]","[0.022096710449361054, 0.0, 0.02588580783703581, 0.0, 0.0, 0.017968467915250377, 0.08842707912251757]","[312, 217, 119, 116, 237, 532, 1105]","[270.3049011230469, 320.7170104980469, 126.75936126708984, 117.46150970458984, 180.4208221435547, 256.2191162109375, 966.0838623046875]"
2013-11-24,2013-11-30,8295.0,24119,15885.0,"[20, 8, 7, 8, 20, 20, 20]","[10, 13, 10, 19, 18, 20, 19]","[0.17363260187931726, 0.02182218213740795, 0.025040603944413643, 0.036132626420386754, 0.0, 0.0, 0.0]","[217, 119, 116, 237, 532, 1105, 357]","[330.1039733886719, 139.9193115234375, 111.00672912597656, 180.67840576171875, 248.63365173339844, 946.3071899414062, 343.388916015625]"
2013-11-25,2013-12-01,7512.0,22200,13125.0,"[20, 9, 20, 16, 20, 20, 20]","[1, 8, 8, 20, 20, 0, 7]","[0.0, 0.0, 0.0, 0.014836185724747106, 0.0, 0.3, 0.3]","[119, 116, 237, 532, 1105, 357, 255]","[127.67923736572266, 113.64395904541016, 181.3336944580078, 234.2794189453125, 934.1539306640625, 339.5530700683594, 301.7715148925781]"
2013-11-26,2013-12-02,9746.0,24941,15880.0,"[15, 20, 20, 20, 20, 20, 19]","[3, 7, 17, 20, 20, 20, 2]","[0.03210112646977234, 0.0, 0.0, 0.031068731335888587, 0.021845165674717493, 0.03085372707654025, 0.0]","[116, 237, 532, 1105, 357, 255, 121]","[112.77511596679688, 170.44415283203125, 239.93759155273438, 951.8681030273438, 324.7284851074219, 299.4388732910156, 138.8716583251953]"
2013-11-27,2013-12-03,8440.0,24800,16185.0,"[20, 19, 20, 20, 20, 5, 20]","[8, 18, 20, 20, 20, 16, 1]","[0.0, 0.024579569689174775, 0.0, 0.0, 0.0, 0.3, 0.0]","[237, 532, 1105, 357, 255, 121, 90]","[177.7108612060547, 240.78878784179688, 952.8438720703125, 339.3699951171875, 312.26129150390625, 141.678955078125, 132.29861450195312]"
2013-11-28,2013-12-04,7981.0,23754,16425.0,"[20, 20, 20, 20, 20, 0, 0]","[20, 20, 20, 20, 4, 19, 20]","[0.015502056223465845, 0.0, 0.0, 0.0, 0.0, 5.024658111182528e-05, 0.0]","[532, 1105, 357, 255, 121, 90, 136]","[259.3436279296875, 972.9033813476562, 349.44879150390625, 309.6419982910156, 152.8567352294922, 132.8018035888672, 154.86917114257812]"
2013-11-29,2013-12-05,4910.0,23775,16710.0,"[20, 20, 20, 20, 20, 20, 20]","[20, 20, 20, 8, 0, 6, 20]","[0.3, 0.0, 0.03308668303042988, 0.3, 0.0, 0.0, 0.02840600166499916]","[1105, 357, 255, 121, 90, 136, 120]","[1042.0291748046875, 357.1769714355469, 318.60357666015625, 176.2303466796875, 159.93930053710938, 163.0630645751953, 246.88124084472656]"
2013-11-30,2013-12-06,5559.0,18059,12800.0,"[20, 20, 20, 20, 20, 0, 18]","[20, 20, 6, 3, 6, 0, 12]","[0.029331377948200628, 0.0, 0.030555487398843582, 0.0, 0.0, 0.007128105559439107, 0.019811140556639795]","[357, 255, 121, 90, 136, 120, 168]","[422.3633728027344, 295.24365234375, 166.8795623779297, 145.72705078125, 161.96563720703125, 277.7190246582031, 192.9900360107422]"
2013-12-01,2013-12-07,3883.0,19404,15920.0,"[20, 20, 0, 20, 20, 8, 20]","[20, 7, 20, 0, 20, 20, 20]","[0.0, 0.02867754456052856, 0.031691343028269744, 0.0, 0.0, 0.0, 0.0]","[255, 121, 90, 136, 120, 168, 255]","[301.7324523925781, 170.91061401367188, 152.4857940673828, 167.87338256835938, 291.82098388671875, 188.74522399902344, 342.5400695800781]"
2013-12-02,2013-12-08,4084.0,19638,15955.0,"[15, 2, 16, 20, 17, 20, 20]","[10, 19, 9, 19, 11, 19, 18]","[0.0, 0.0, 0.0, 0.0, 0.030466104123133313, 0.0, 0.022316367776740103]","[121, 90, 136, 120, 168, 255, 243]","[163.61744689941406, 147.25241088867188, 159.9718017578125, 260.9971008300781, 179.80828857421875, 332.8879089355469, 283.5650329589844]"
2013-12-03,2013-12-09,4796.0,19284,14880.0,"[19, 20, 20, 7, 20, 20, 20]","[0, 0, 18, 20, 20, 20, 4]","[0.034348139871476946, 0.0, 0.017186642383173106, 0.0, 0.0, 0.0, 0.0]","[90, 136, 120, 168, 255, 243, 126]","[117.97134399414062, 133.0546417236328, 245.2039337158203, 183.62124633789062, 323.025390625, 268.19122314453125, 147.6388702392578]"
2013-12-04,2013-12-10,4369.0,19132,14610.0,"[19, 19, 20, 0, 20, 20, 19]","[2, 20, 9, 20, 20, 4, 12]","[0.0, 0.20578480534731472, 0.01684539868682692, 0.02616228895636346, 0.022080780445567456, 0.0, 0.022762252593016823]","[136, 120, 168, 255, 243, 126, 132]","[126.64871978759766, 248.5071563720703, 187.80099487304688, 321.3075866699219, 277.2130126953125, 147.6983642578125, 197.97769165039062]"
2013-12-05,2013-12-11,5880.0,21685,15040.0,"[20, 3, 20, 20, 20, 0, 20]","[15, 20, 20, 20, 0, 20, 8]","[0.030650079075284723, 0.016749276251739963, 0.0, 0.252627301817802, 0.0, 0.027071290156023116, 0.0]","[120, 168, 255, 243, 126, 132, 152]","[225.77618408203125, 158.6102752685547, 321.3189392089844, 274.1353454589844, 140.69100952148438, 189.3396453857422, 179.06179809570312]"
2013-12-06,2013-12-12,6947.0,20937,13930.0,"[15, 20, 20, 15, 20, 13, 12]","[5, 20, 20, 5, 11, 9, 11]","[0.020279688430458378, 0.0, 0.0, 0.2094009497405124, 0.026388894299912213, 0.024432309718251208, 0.020045428712928054]","[168, 255, 243, 126, 132, 152, 165]","[127.37104034423828, 310.6238098144531, 263.3675842285156, 128.45217895507812, 196.38824462890625, 145.35597229003906, 150.52366638183594]"
2013-12-07,2013-12-13,7248.0,21433,14670.0,"[20, 20, 20, 8, 20, 13, 20]","[20, 20, 0, 20, 0, 10, 14]","[0.0306634348981117, 0.017156346906440967, 0.0, 0.03635456050682589, 0.0, 0.028160341220857484, 0.0]","[255, 243, 126, 132, 152, 165, 197]","[326.2715759277344, 259.0306091308594, 135.32139587402344, 190.09921264648438, 142.7922821044922, 151.1314697265625, 224.10345458984375]"
2013-12-08,2013-12-14,7334.0,22441,14210.0,"[20, 20, 20, 3, 20, 20, 20]","[20, 0, 0, 20, 0, 14, 20]","[0.027423278451029823, 0.0, 0.0, 0.02503584929655898, 0.0033871157134874783, 0.3, 0.03928719972148124]","[243, 126, 132, 152, 165, 197, 414]","[260.284423828125, 124.42030334472656, 170.4044952392578, 157.396728515625, 153.1263427734375, 224.67623901367188, 492.5135498046875]"
2013-12-09,2013-12-15,6587.0,19513,13305.0,"[5, 20, 0, 20, 20, 20, 20]","[14, 10, 19, 4, 13, 19, 0]","[0.02667605838071109, 0.0, 0.019996152567234877, 0.016189792437149755, 0.0, 0.016272268418475747, 0.0]","[126, 132, 152, 165, 197, 414, 303]","[128.42906188964844, 193.92144775390625, 150.11993408203125, 146.819091796875, 215.95108032226562, 513.845703125, 332.75787353515625]"
2013-12-10,2013-12-16,7340.0,22309,15520.0,"[20, 20, 0, 20, 20, 20, 0]","[10, 6, 20, 13, 20, 20, 20]","[0.027037612249880768, 0.0, 0.015351523503495897, 0.0, 0.024465561534968615, 0.0, 0.0]","[132, 152, 165, 197, 414, 303, 188]","[193.3860321044922, 161.52320861816406, 150.44741821289062, 213.82054138183594, 506.24884033203125, 328.0471496582031, 259.6409912109375]"
2013-12-11,2013-12-17,8072.0,21582,14010.0,"[15, 2, 20, 20, 20, 0, 1]","[9, 20, 0, 20, 20, 20, 20]","[0.0, 0.03799136252310718, 0.021706216213018627, 0.03910320421866, 0.0, 0.01717838222845423, 0.0]","[152, 165, 197, 414, 303, 188, 187]","[153.92906188964844, 154.89254760742188, 210.93666076660156, 479.8678894042969, 328.2364196777344, 234.75184631347656, 174.39080810546875]"
2013-12-12,2013-12-18,9172.0,24545,15680.0,"[20, 19, 19, 20, 20, 20, 20]","[5, 0, 20, 20, 14, 6, 18]","[0.0, 0.1582041619102672, 0.03043505114508034, 0.028966636667870898, 0.0, 0.0, 0.01708550993450881]","[165, 197, 414, 303, 188, 187, 252]","[158.49966430664062, 204.36160278320312, 491.91143798828125, 313.96826171875, 216.35806274414062, 167.166015625, 246.51571655273438]"
2013-12-13,2013-12-19,8719.0,26711,18820.0,"[13, 20, 20, 20, 20, 20, 20]","[20, 20, 20, 15, 8, 20, 20]","[0.0, 0.0, 0.0, 0.0, 0.0, 0.0, 0.021371851922345537]","[197, 414, 303, 188, 187, 252, 225]","[216.92642211914062, 490.5705261230469, 303.1244201660156, 225.44351196289062, 178.1050567626953, 282.08843994140625, 312.9770812988281]"
2013-12-14,2013-12-20,9484.0,29927,19520.0,"[20, 20, 15, 7, 20, 20, 20]","[20, 20, 20, 20, 20, 20, 20]","[0.03918883593300601, 0.026414368869978506, 0.023755726992175957, 0.0, 0.0, 0.0, 0.3]","[414, 303, 188, 187, 252, 225, 317]","[498.4670715332031, 322.8332824707031, 231.0405731201172, 180.71580505371094, 273.5519714355469, 289.35797119140625, 315.4668273925781]"
2013-12-15,2013-12-21,9411.0,25642,16320.0,"[20, 20, 7, 20, 20, 20, 20]","[20, 0, 20, 20, 20, 0, 20]","[0.0, 0.25348176992361415, 0.03256076617497843, 0.025705316781841275, 0.022973751813778878, 0.0, 0.03625893528591702]","[303, 188, 187, 252, 225, 317, 458]","[319.4083251953125, 230.2034149169922, 181.1807861328125, 250.72085571289062, 284.6281433105469, 307.1299133300781, 454.3743591308594]"
2013-12-16,2013-12-22,8910.0,24623,16395.0,"[20, 20, 20, 20, 20, 20, 20]","[14, 0, 16, 20, 20, 1, 20]","[0.0, 0.0, 0.03692924397727831, 0.0, 0.03277822217622745, 0.01881191427908111, 0.0]","[188, 187, 252, 225, 317, 458, 475]","[217.06973266601562, 151.6272430419922, 232.36598205566406, 253.80743408203125, 301.6030578613281, 425.0009765625, 420.3129577636719]"
2013-12-17,2013-12-23,9192.0,29268,17100.0,"[12, 20, 20, 20, 20, 20, 20]","[12, 15, 19, 20, 20, 20, 0]","[0.3, 0.03295513277330174, 0.024470875504211564, 0.3, 0.0, 0.0, 0.3]","[187, 252, 225, 317, 458, 475, 425]","[157.0223388671875, 225.4499969482422, 257.49462890625, 315.7049865722656, 471.5829162597656, 434.8431701660156, 274.1976623535156]"
2013-12-18,2013-12-24,9392.0,25093,16440.0,"[14, 20, 20, 20, 20, 20, 20]","[20, 20, 20, 20, 20, 0, 0]","[0.0, 0.0, 0.0, 0.0, 0.0, 0.033484697210808954, 0.0]","[252, 225, 317, 458, 475, 425, 209]","[227.9052734375, 257.225830078125, 303.8795471191406, 461.4584045410156, 431.52728271484375, 257.8066711425781, 272.7656555175781]"
2013-12-19,2013-12-25,6925.0,21990,15600.0,"[20, 20, 20, 20, 0, 20, 20]","[20, 20, 20, 20, 20, 0, 0]","[0.019209562537551423, 0.0, 0.021718999240170477, 0.0, 0.0, 0.0, 0.0]","[225, 317, 458, 475, 425, 209, 0]","[261.4266052246094, 281.8511962890625, 446.57843017578125, 421.151123046875, 278.113037109375, 260.469970703125, 121.5811538696289]"
2013-12-20,2013-12-26,6812.0,23273,17100.0,"[20, 20, 20, 20, 20, 20, 20]","[20, 20, 0, 20, 20, 0, 20]","[0.0, 0.0, 0.0, 0.0, 0.0, 0.028119529344187738, 0.0]","[317, 458, 475, 425, 209, 0, 423]","[293.92254638671875, 457.0262756347656, 422.07550048828125, 264.55511474609375, 276.337646484375, 136.59246826171875, 260.1855163574219]"
2013-12-21,2013-12-27,7845.0,25950,18860.0,"[20, 20, 20, 20, 1, 16, 20]","[20, 20, 20, 20, 16, 20, 20]","[0.0, 0.0, 0.03130737882613152, 0.017892478859207202, 0.02627399279142123, 0.018387348338774732, 0.0]","[458, 475, 425, 209, 0, 423, 276]","[435.1088562011719, 408.2090759277344, 273.53155517578125, 260.0697326660156, 117.7225570678711, 239.28350830078125, 380.40289306640625]"
2013-12-22,2013-12-28,7553.0,25795,19000.0,"[20, 20, 20, 0, 20, 20, 20]","[20, 20, 20, 18, 17, 20, 20]","[0.0, 0.0, 0.0, 0.0, 0.026184588390991224, 0.024602551299146604, 0.0]","[475, 425, 209, 0, 423, 276, 360]","[395.0288391113281, 270.4944763183594, 261.953857421875, 128.2906951904297, 238.5148468017578, 359.00042724609375, 359.400390625]"
2013-12-23,2013-12-29,7101.0,23862,17400.0,"[20, 20, 20, 20, 20, 20, 20]","[0, 20, 0, 20, 20, 20, 20]","[0.0278442226563858, 0.028731832707791147, 0.02936696421003194, 0.0, 0.036818050384112025, 0.0, 0.0]","[425, 209, 0, 423, 276, 360, 287]","[308.0285339355469, 295.22320556640625, 155.02066040039062, 276.41119384765625, 388.0914611816406, 364.7749938964844, 366.5239562988281]"
2013-12-24,2013-12-30,9412.0,26433,17800.0,"[20, 0, 20, 20, 20, 20, 20]","[20, 0, 20, 20, 20, 20, 20]","[0.0, 0.0, 0.023339352623135846, 0.02422746616281432, 0.0, 0.019751309083758488, 0.0]","[209, 0, 423, 276, 360, 287, 342]","[342.0982971191406, 135.0470733642578, 264.87872314453125, 413.3726806640625, 399.90869140625, 432.94573974609375, 291.7720947265625]"
2013-12-25,2013-12-31,8686.0,26564,18680.0,"[20, 20, 20, 20, 20, 20, 20]","[0, 16, 20, 20, 20, 20, 20]","[0.0, 0.0, 0.0, 0.024371456835529454, 0.0, 0.0, 0.01592438004358678]","[0, 423, 276, 360, 287, 342, 269]","[116.19699096679688, 236.31849670410156, 372.3575439453125, 376.771484375, 399.9407958984375, 280.59173583984375, 295.9849853515625]"
2013-12-26,2014-01-01,9594.0,26825,18050.0,"[20, 20, 20, 20, 20, 20, 11]","[16, 20, 20, 20, 0, 20, 20]","[0.028254923483605972, 0.03361270390050401, 0.0, 0.0, 0.0, 0.0, 0.0]","[423, 276, 360, 287, 342, 269, 157]","[231.09793090820312, 364.23602294921875, 367.70269775390625, 388.2989196777344, 257.92303466796875, 288.09783935546875, 209.85252380371094]"
2013-12-27,2014-01-02,9778.0,25853,16790.0,"[20, 20, 0, 20, 20, 20, 18]","[20, 20, 20, 20, 20, 14, 0]","[0.020838223925055153, 0.015739057179848758, 0.026197061895095214, 0.037509628134288334, 0.02090874835620503, 0.0, 0.02415394644750315]","[276, 360, 287, 342, 269, 157, 175]","[392.68231201171875, 405.7192687988281, 409.6794738769531, 293.5459899902344, 329.3553161621094, 218.8988494873047, 202.6398468017578]"
2013-12-28,2014-01-03,9157.0,26092,17700.0,"[20, 20, 20, 20, 11, 20, 20]","[20, 20, 20, 20, 19, 0, 16]","[0.0, 0.020919487351020293, 0.022630723357702037, 0.0, 0.021273391160850277, 0.0, 0.0]","[360, 287, 342, 269, 157, 175, 178]","[369.3435363769531, 366.7359313964844, 276.2291259765625, 305.968505859375, 200.06201171875, 203.24842834472656, 235.2171173095703]"
2013-12-29,2014-01-04,7867.0,23287,16020.0,"[20, 20, 20, 20, 20, 0, 20]","[20, 20, 20, 12, 12, 0, 20]","[0.036788409107721784, 0.0, 0.01827586687915291, 0.03664939315360081, 0.0, 0.0, 0.0]","[287, 342, 269, 157, 175, 178, 218]","[364.1626281738281, 260.9761962890625, 292.1772155761719, 206.54965209960938, 203.85194396972656, 236.042236328125, 281.63604736328125]"
2013-12-30,2014-01-05,6015.0,25167,17950.0,"[20, 20, 20, 10, 16, 20, 17]","[20, 20, 0, 20, 20, 20, 20]","[0.0, 0.3, 0.03578369533661234, 0.03882701456174157, 0.01565669999753056, 0.02830754234919588, 0.0]","[342, 269, 157, 175, 178, 218, 137]","[259.193359375, 285.78802490234375, 215.52020263671875, 201.96275329589844, 234.4595184326172, 279.68951416015625, 240.7563018798828]"
2013-12-31,2014-01-06,5897.0,21144,15720.0,"[20, 18, 14, 14, 20, 20, 20]","[20, 18, 19, 20, 20, 0, 0]","[0.018212130539668747, 0.0, 0.0, 0.0, 0.028252493314893868, 0.023752482751532814, 0.031069546542466617]","[269, 157, 175, 178, 218, 137, 95]","[353.3020935058594, 232.68380737304688, 219.19834899902344, 227.3539276123047, 270.79217529296875, 228.3587646484375, 175.72291564941406]"
2014-01-01,2014-01-07,2094.0,20141,16025.0,"[14, 20, 20, 20, 20, 20, 19]","[20, 14, 14, 20, 17, 8, 1]","[0.3, 0.0, 0.3, 0.0, 0.02069650992738249, 0.0, 0.022321566986322636]","[157, 175, 178, 218, 137, 95, 93]","[224.28207397460938, 221.96664428710938, 221.5998992919922, 272.4112243652344, 239.8389892578125, 180.5806884765625, 123.15361022949219]"
2014-01-02,2014-01-08,2552.0,15264,11980.0,"[20, 17, 20, 20, 4, 20, 20]","[0, 19, 0, 15, 20, 0, 0]","[0.3, 0.030826385485144693, 0.027918393300220053, 0.0, 0.0, 0.0, 0.0]","[175, 178, 218, 137, 95, 93, 95]","[205.2020721435547, 234.05125427246094, 267.2689514160156, 230.05670166015625, 168.04116821289062, 120.95072174072266, 141.4693603515625]"
2014-01-03,2014-01-09,2583.0,17308,13540.0,"[15, 19, 11, 8, 20, 20, 20]","[17, 17, 20, 16, 0, 2, 6]","[0.0010363320910375495, 0.022061109830491504, 0.03418077450616103, 0.016881921877113213, 0.019956894475920806, 0.29974146111162936, 0.3]","[178, 218, 137, 95, 93, 95, 101]","[207.51197814941406, 238.20823669433594, 207.00946044921875, 161.6366729736328, 120.9303970336914, 147.6948699951172, 166.6219482421875]"
2014-01-04,2014-01-10,3152.0,14513,10685.0,"[13, 17, 19, 10, 8, 11, 11]","[13, 13, 6, 6, 13, 8, 3]","[0.02328680971275856, 0.08966014666342532, 0.11713512137664411, 0.08912878512694553, 0.03499099539843179, 0.17837055696367127, 0.030129621268627428]","[218, 137, 95, 93, 95, 101, 124]","[237.1538543701172, 205.97811889648438, 163.66697692871094, 106.4481430053711, 142.19558715820312, 137.79782104492188, 167.34471130371094]"
2014-01-05,2014-01-11,2346.0,15286,11975.0,"[16, 1, 8, 13, 19, 19, 20]","[15, 20, 8, 9, 3, 7, 8]","[0.029898727730864376, 0.019235858800742852, 0.023152389764559887, 8.688241569537266e-06, 0.00013701259863829662, 0.03537236532672891, 0.29297942688841533]","[137, 95, 93, 95, 101, 124, 182]","[200.8109588623047, 159.04864501953125, 105.28479766845703, 141.3651885986328, 141.18576049804688, 165.95201110839844, 245.43475341796875]"
2014-01-06,2014-01-12,3523.0,15945,11135.0,"[10, 10, 7, 10, 16, 16, 15]","[12, 4, 12, 9, 8, 15, 8]","[0.03457065979513417, 0.03371212366019202, 0.2202921485099713, 0.03617351010187643, 0.10174147507224857, 0.0880410330500633, 0.20965059429830285]","[95, 93, 95, 101, 124, 182, 144]","[148.27906799316406, 88.10482788085938, 132.968017578125, 126.72705841064453, 155.1006622314453, 234.2740478515625, 180.04347229003906]"
2014-01-07,2014-01-13,3901.0,14367,10000.0,"[6, 8, 10, 7, 13, 13, 6]","[5, 10, 10, 13, 16, 14, 4]","[0.034627955504591974, 0.036136146057656846, 0.0887032816339823, 0.038427302083293854, 0.032209368490661854, 0.13702051677920846, 0.10734926391522677]","[93, 95, 101, 124, 182, 144, 83]","[69.14382934570312, 119.85735321044922, 129.8062286376953, 162.33700561523438, 232.24961853027344, 187.32530212402344, 65.03158569335938]"
2014-01-08,2014-01-14,2823.0,14936,11560.0,"[20, 20, 5, 20, 20, 17, 20]","[0, 0, 20, 16, 10, 0, 2]","[0.0, 0.03049164159943969, 0.0, 0.01619984566761044, 0.034150344404383026, 0.0, 0.3]","[95, 101, 124, 182, 144, 83, 92]","[134.81983947753906, 146.56314086914062, 171.7464599609375, 235.1656951904297, 192.7378692626953, 104.8803939819336, 137.39906311035156]"
2014-01-09,2014-01-15,2948.0,12607,9655.0,"[20, 20, 20, 20, 0, 20, 0]","[0, 5, 16, 7, 14, 1, 0]","[0.0015274238835174855, 0.0, 0.02446959821415991, 0.0, 0.02912671781414144, 0.0, 0.25333878991475633]","[101, 124, 182, 144, 83, 92, 92]","[125.96944427490234, 155.36878967285156, 232.9304656982422, 171.63687133789062, 99.33155059814453, 127.98955535888672, 114.80690002441406]"
2014-01-10,2014-01-16,3858.0,15266,10390.0,"[11, 12, 17, 8, 5, 16, 11]","[11, 18, 10, 4, 14, 2, 6]","[0.03663920133965574, 0.08784276793160445, 0.0888854201291943, 0.220392719725617, 0.03655154246646433, 0.1514985876145816, 0.11300475724418298]","[124, 182, 144, 83, 92, 92, 92]","[144.3583526611328, 235.70848083496094, 179.330322265625, 76.87091064453125, 128.7611083984375, 112.36174774169922, 135.4838104248047]"
2014-01-11,2014-01-17,3199.0,13692,9800.0,"[20, 20, 12, 18, 17, 20, 0]","[16, 0, 0, 0, 0, 0, 20]","[0.0, 0.0, 0.0890666753441865, 0.3, 0.0, 0.03929182911610058, 0.03550512638541782]","[182, 144, 83, 92, 92, 92, 103]","[231.4516143798828, 177.9032745361328, 74.37064361572266, 107.10694885253906, 101.9674301147461, 122.45287322998047, 154.8706512451172]"
2014-01-12,2014-01-18,3270.0,16864,11810.0,"[15, 16, 13, 19, 3, 0, 19]","[12, 0, 6, 0, 16, 20, 20]","[0.020362383546019953, 0.03339498193305686, 0.02611207651213495, 0.3, 0.0, 0.024657201968953883, 0.25635528943868363]","[144, 83, 92, 92, 92, 103, 689]","[173.85302734375, 94.07963562011719, 119.62938690185547, 114.24267578125, 133.12049865722656, 165.0968475341797, 542.2679443359375]"
2014-01-13,2014-01-19,4135.0,15828,10720.0,"[0, 20, 20, 20, 20, 20, 0]","[9, 0, 0, 0, 0, 20, 20]","[0.3, 0.028245289563295257, 0.03138823023325345, 0.3, 0.0, 0.023263174542270875, 0.03465737001646421]","[83, 92, 92, 92, 103, 689, 463]","[64.76193237304688, 123.39403533935547, 111.1953125, 128.49415588378906, 154.18739318847656, 524.3401489257812, 599.8072509765625]"
2014-01-14,2014-01-20,5667.0,18158,12780.0,"[20, 20, 20, 0, 20, 20, 20]","[0, 0, 1, 20, 20, 0, 20]","[0.0, 0.0, 0.037394662289147, 0.019707694668598102, 0.033117915177083235, 0.02179170816330201, 0.023268262440952505]","[92, 92, 92, 103, 689, 463, 413]","[125.16738891601562, 116.80093383789062, 131.37464904785156, 160.55282592773438, 528.5931396484375, 623.0994873046875, 439.23431396484375]"
2014-01-15,2014-01-21,4979.0,19317,12075.0,"[0, 20, 18, 20, 20, 20, 13]","[15, 0, 6, 0, 20, 19, 0]","[0.3, 0.3, 0.3, 0.0, 0.00011462967319286125, 0.022748659177167913, 0.3]","[92, 92, 103, 689, 463, 413, 74]","[106.35305786132812, 123.48007202148438, 151.5421905517578, 527.7317504882812, 615.8091430664062, 417.5242614746094, 80.16464233398438]"
2014-01-16,2014-01-22,6294.0,17141,11110.0,"[18, 20, 20, 20, 20, 15, 14]","[0, 0, 0, 20, 20, 0, 0]","[0.0, 0.0, 0.0, 0.0, 0.031452067301886426, 0.0, 0.0]","[92, 103, 689, 463, 413, 74, 85]","[109.9233627319336, 144.19178771972656, 586.1866455078125, 636.2725830078125, 423.2524719238281, 93.221435546875, 86.69256591796875]"
2014-01-17,2014-01-23,7287.0,21027,12890.0,"[20, 20, 20, 20, 0, 17, 0]","[0, 20, 20, 20, 12, 0, 12]","[0.3, 0.027889283808755248, 0.024305062296769653, 0.023565189803091316, 0.3, 0.016776446279846962, 0.02963530658286504]","[103, 689, 463, 413, 74, 85, 77]","[136.52734375, 518.4257202148438, 611.1369018554688, 423.6542053222656, 85.86802673339844, 100.55855560302734, 86.4835433959961]"
2014-01-18,2014-01-24,6676.0,20329,12875.0,"[20, 20, 20, 15, 20, 0, 0]","[20, 20, 20, 0, 0, 12, 13]","[0.0, 0.018886225056372632, 0.0377465315540943, 0.3, 0.0, 0.0, 0.3]","[689, 463, 413, 74, 85, 77, 122]","[566.7085571289062, 624.7525634765625, 416.0091857910156, 93.3046646118164, 88.54826354980469, 84.39554595947266, 91.27084350585938]"
2014-01-19,2014-01-25,6244.0,17516,11010.0,"[20, 20, 0, 16, 15, 17, 20]","[20, 20, 12, 0, 0, 0, 0]","[0.02767381715467746, 0.0, 0.0, 0.0, 0.0, 0.2541463580480371, 0.02804911086319188]","[463, 413, 74, 85, 77, 122, 165]","[644.3616333007812, 427.2695007324219, 88.16053771972656, 95.97893524169922, 89.64356994628906, 100.73135375976562, 182.22415161132812]"
2014-01-20,2014-01-26,5610.0,16313,9790.0,"[20, 0, 15, 14, 16, 20, 19]","[20, 10, 0, 0, 0, 8, 0]","[0.027326990525911466, 0.08841013243274172, 0.3, 0.2558184262875679, 0.0, 0.033676776104143, 0.016862078593244737]","[413, 74, 85, 77, 122, 165, 150]","[427.27374267578125, 70.60840606689453, 92.86128997802734, 83.21247863769531, 98.51841735839844, 177.63778686523438, 109.58744812011719]"
2014-01-21,2014-01-27,3323.0,11094,7550.0,"[4, 19, 0, 16, 8, 16, 7]","[9, 0, 11, 0, 19, 0, 0]","[0.0, 0.0, 0.03288407886215157, 0.023915017791743032, 0.0, 0.0, 0.1764195853166135]","[74, 85, 77, 122, 165, 150, 74]","[89.09140014648438, 104.34762573242188, 81.0903549194336, 95.33489227294922, 179.21620178222656, 107.5214614868164, 45.19340515136719]"
2014-01-22,2014-01-28,3690.0,11827,7470.0,"[0, 13, 0, 15, 12, 9, 12]","[14, 0, 14, 12, 5, 0, 0]","[0.3, 0.03416926866625979, 0.0, 0.0, 0.0, 0.027885817172279236, 0.0]","[85, 77, 122, 165, 150, 74, 82]","[101.57791900634766, 79.07137298583984, 101.6795654296875, 178.9149169921875, 108.99842834472656, 54.59785461425781, 71.42285919189453]"
2014-01-23,2014-01-29,3810.0,12105,7730.0,"[1, 0, 6, 19, 0, 12, 11]","[12, 13, 20, 3, 9, 0, 0]","[0.0, 0.0, 0.019834543208948105, 0.026569433201831263, 0.0, 0.3, 0.0]","[77, 122, 165, 150, 74, 82, 82]","[88.8738021850586, 92.26057434082031, 174.03477478027344, 136.1302947998047, 66.6943359375, 75.4564208984375, 68.38758087158203]"
2014-01-24,2014-01-30,3695.0,10916,6225.0,"[5, 11, 12, 9, 12, 8, 12]","[8, 9, 2, 1, 0, 2, 1]","[0.08929781420654981, 0.08995072820195002, 0.0893018529741062, 0.03557886481959427, 0.06025440887432928, 0.24814023158125187, 0.13212525191438615]","[122, 165, 150, 74, 82, 82, 79]","[89.28146362304688, 180.0016326904297, 118.0237808227539, 58.327674865722656, 73.79383850097656, 65.09444427490234, 82.03700256347656]"
2014-01-25,2014-01-31,3706.0,12149,7890.0,"[20, 19, 12, 12, 2, 14, 19]","[10, 3, 0, 0, 8, 0, 0]","[0.0, 0.0, 0.3, 0.032257468758617104, 0.029476708736421484, 0.0, 0.0]","[165, 150, 74, 82, 82, 79, 90]","[190.36441040039062, 136.34378051757812, 72.07128143310547, 75.76972198486328, 71.19828033447266, 86.9898910522461, 111.5942153930664]"
2014-01-26,2014-02-01,3380.0,10830,6505.0,"[11, 3, 3, 8, 9, 6, 10]","[3, 7, 8, 2, 4, 6, 9]","[0.08761263306931442, 0.08850454057461332, 0.1323745227569036, 0.12996628519468764, 0.13586919341186116, 0.08782986746309746, 0.08845408762162849]","[150, 74, 82, 82, 79, 90, 160]","[129.9615478515625, 66.03141021728516, 76.42130279541016, 67.1691665649414, 81.11237335205078, 108.15040588378906, 151.12957763671875]"
2014-01-27,2014-02-02,2921.0,11145,7645.0,"[11, 13, 1, 14, 18, 20, 0]","[0, 0, 8, 0, 0, 4, 19]","[0.3, 0.0, 0.0, 0.0, 0.030697493809941467, 0.031450138781783446, 0.03559811048837488]","[74, 82, 82, 79, 90, 160, 90]","[66.4476089477539, 76.62120056152344, 65.63590240478516, 83.04518127441406, 109.58966827392578, 149.310546875, 161.5235595703125]"
2014-01-28,2014-02-03,2475.0,10787,7530.0,"[11, 5, 7, 0, 14, 0, 6]","[1, 5, 6, 15, 8, 20, 2]","[0.0, 0.0, 0.08730347804435071, 0.02187221572188637, 0.2079221586237113, 0.0, 0.0]","[82, 82, 79, 90, 160, 90, 73]","[73.88029479980469, 68.87179565429688, 82.03036499023438, 108.2238540649414, 140.4761962890625, 158.26255798339844, 59.17462158203125]"
2014-01-29,2014-02-04,2870.0,11107,7200.0,"[6, 7, 15, 7, 7, 7, 6]","[5, 6, 3, 15, 11, 2, 4]","[0.13648454579788458, 0.07045006288432097, 0.1599869266206668, 0.08817904442001046, 0.08808851517631305, 0.11938188088889944, 0.088023437864386]","[82, 79, 90, 160, 90, 73, 51]","[72.39641571044922, 85.43550872802734, 111.54763793945312, 149.9110107421875, 157.4752655029297, 59.548587799072266, 65.24030303955078]"
2014-01-30,2014-02-05,1552.0,10381,8140.0,"[10, 5, 19, 16, 9, 0, 7]","[4, 12, 5, 9, 0, 8, 10]","[0.0, 0.03462091207103349, 0.0, 0.03376992424607101, 0.3, 0.1781226831043473, 0.0]","[79, 90, 160, 90, 73, 51, 59]","[88.752685546875, 113.01704406738281, 148.00350952148438, 161.56759643554688, 55.53923416137695, 64.70843505859375, 114.4269027709961]"
2014-01-31,2014-02-06,871.0,11001,8695.0,"[7, 10, 14, 6, 5, 8, 13]","[9, 12, 11, 4, 5, 9, 6]","[0.08791266585244296, 0.160336606592913, 0.08958517643749295, 0.17260277864305115, 0.1745291230431844, 0.10375239273662804, 0.16467038674385562]","[90, 160, 90, 73, 51, 59, 64]","[105.29752349853516, 149.0430145263672, 159.30995178222656, 62.9998664855957, 65.73298645019531, 118.73193359375, 123.93230438232422]"
2014-02-01,2014-02-07,1158.0,9121,7600.0,"[6, 19, 0, 8, 13, 8, 19]","[15, 5, 0, 0, 5, 9, 1]","[0.024499083245064637, 0.08863806106038433, 0.0, 0.08547097087751569, 0.0, 0.038302311901008065, 0.01615031056444559]","[160, 90, 73, 51, 59, 64, 103]","[141.10586547851562, 157.28256225585938, 59.32680130004883, 64.12261962890625, 114.89578247070312, 117.46281433105469, 123.33853912353516]"
2014-02-02,2014-02-08,771.0,10617,8010.0,"[16, 10, 9, 15, 11, 20, 17]","[9, 0, 2, 3, 8, 0, 0]","[0.0, 0.08774726841801722, 0.015822138291202055, 0.3, 0.3, 0.030976392906214102, 0.3]","[90, 73, 51, 59, 64, 103, 192]","[164.12754821777344, 63.69468688964844, 70.64167785644531, 119.37531280517578, 121.98689270019531, 128.2519073486328, 155.05587768554688]"
2014-02-03,2014-02-09,1713.0,11216,8285.0,"[2, 5, 10, 1, 10, 14, 19]","[7, 5, 7, 15, 9, 9, 0]","[0.2900998652831801, 0.025055042794800055, 0.03623377009524699, 0.0, 0.3, 0.0, 0.0]","[73, 51, 59, 64, 103, 192, 136]","[62.52824401855469, 63.87290573120117, 107.64971923828125, 113.84129333496094, 121.91915893554688, 149.2272186279297, 125.4301986694336]"
2014-02-04,2014-02-10,1961.0,11243,8815.0,"[11, 5, 15, 14, 2, 18, 19]","[0, 12, 3, 5, 19, 3, 0]","[0.3, 0.023337890151735954, 0.030464370510960487, 0.0, 0.018869523799020498, 0.030437820621082773, 0.0]","[51, 59, 64, 103, 192, 136, 69]","[67.20712280273438, 113.24079132080078, 111.80448913574219, 120.67499542236328, 148.21673583984375, 126.86741638183594, 110.10629272460938]"
2014-02-05,2014-02-11,2399.0,11435,8960.0,"[17, 19, 13, 4, 20, 18, 20]","[0, 0, 6, 18, 0, 0, 0]","[0.0, 0.035257691164417786, 0.02375041517232882, 0.025249253468596265, 0.0, 0.0, 0.0]","[59, 64, 103, 192, 136, 69, 89]","[103.65613555908203, 109.78807830810547, 120.81432342529297, 150.132568359375, 121.63778686523438, 108.68653869628906, 116.52828216552734]"
2014-02-06,2014-02-12,3253.0,11270,7240.0,"[14, 16, 20, 18, 0, 16, 12]","[0, 0, 0, 1, 14, 0, 0]","[0.0, 0.3, 0.0, 0.0, 0.031167127763281764, 0.0, 0.0]","[64, 103, 192, 136, 69, 89, 94]","[86.55209350585938, 97.21424865722656, 138.7506103515625, 115.7511978149414, 100.16560363769531, 99.37985229492188, 75.21800231933594]"
2014-02-07,2014-02-13,3368.0,11077,6510.0,"[15, 4, 18, 15, 10, 8, 0]","[0, 16, 0, 0, 0, 2, 8]","[0.3, 0.01790896562704404, 0.027499684519613772, 0.0, 0.3, 0.0, 0.03267540951384867]","[103, 192, 136, 69, 89, 94, 125]","[90.34752655029297, 135.34356689453125, 109.27397918701172, 90.95526885986328, 59.19230651855469, 66.25833892822266, 73.56707000732422]"
2014-02-08,2014-02-14,3824.0,12441,7565.0,"[10, 4, 1, 8, 13, 11, 11]","[13, 13, 11, 3, 0, 1, 6]","[0.08979018086389756, 0.002576209970053653, 0.02460753361617094, 0.0, 0.046468758971273665, 0.03737250953812649, 0.2991664699481189]","[192, 136, 69, 89, 94, 125, 166]","[150.75685119628906, 119.15126037597656, 92.51719665527344, 73.63597106933594, 76.91236877441406, 77.53943634033203, 120.5706558227539]"
2014-02-09,2014-02-15,4332.0,14936,9395.0,"[20, 16, 13, 0, 0, 19, 20]","[0, 0, 0, 12, 12, 0, 19]","[0.026549612536918038, 0.3, 0.0, 0.02094271868162004, 0.0, 0.3, 0.0]","[136, 69, 89, 94, 125, 166, 617]","[132.5858154296875, 99.4532470703125, 76.05437469482422, 82.34461212158203, 83.02511596679688, 125.93278503417969, 721.8104248046875]"
2014-02-10,2014-02-16,5127.0,17687,11710.0,"[17, 0, 0, 0, 0, 19, 20]","[0, 11, 11, 12, 18, 20, 20]","[0.25601800354282306, 0.0, 0.2793135038247041, 0.021076520837862094, 0.0, 0.025750790691812207, 0.08914472622643933]","[69, 89, 94, 125, 166, 617, 544]","[100.3041763305664, 78.28050994873047, 81.43457794189453, 83.6894760131836, 125.67877960205078, 741.2345581054688, 483.8966979980469]"
2014-02-11,2014-02-17,4510.0,13530,7440.0,"[11, 12, 5, 18, 20, 0, 20]","[0, 0, 6, 0, 20, 0, 0]","[0.0, 0.3, 0.3, 0.25365118764678923, 0.02279237591239613, 0.3, 0.0]","[89, 94, 125, 166, 617, 544, 419]","[66.07347869873047, 71.84135437011719, 72.97421264648438, 110.11199188232422, 729.2024536132812, 519.0554809570312, 375.3026123046875]"
2014-02-12,2014-02-18,6935.0,19601,12935.0,"[0, 13, 20, 20, 20, 20, 17]","[12, 0, 0, 20, 20, 19, 0]","[0.0, 0.022915280840821346, 0.08920793391717831, 0.0, 0.028576812023572026, 0.0, 0.0]","[94, 125, 166, 617, 544, 419, 64]","[84.77606964111328, 77.33683776855469, 117.62621307373047, 718.7136840820312, 504.50946044921875, 373.4471435546875, 104.60706329345703]"
2014-02-13,2014-02-19,7336.0,20324,12790.0,"[0, 13, 20, 20, 20, 0, 12]","[12, 6, 20, 20, 20, 14, 0]","[0.3, 0.0, 0.02827373727482985, 0.03097410801838492, 0.03899060189930827, 0.0, 0.0]","[125, 166, 617, 544, 419, 64, 82]","[87.24053192138672, 119.46356964111328, 726.98876953125, 500.2864685058594, 362.96630859375, 102.7722396850586, 76.71046447753906]"
2014-02-14,2014-02-20,7084.0,19392,12680.0,"[20, 20, 20, 20, 0, 12, 16]","[0, 20, 20, 20, 14, 0, 0]","[0.0, 0.0, 0.025974585527259113, 0.030488631351019903, 0.0, 0.03197580281917608, 0.03419676018761145]","[166, 617, 544, 419, 64, 82, 66]","[130.97242736816406, 724.6578979492188, 511.82769775390625, 367.7684326171875, 101.54022216796875, 72.36983489990234, 99.97221374511719]"
2014-02-15,2014-02-21,4016.0,14972,9850.0,"[11, 10, 16, 6, 4, 8, 16]","[14, 10, 14, 9, 8, 6, 4]","[0.08857513504394579, 0.03726311973314284, 0.17983477700566403, 0.20969634991169928, 0.11816600740041552, 0.03350736593933341, 0.03097286171962018]","[617, 544, 419, 64, 82, 66, 88]","[731.03515625, 510.2721862792969, 373.90008544921875, 106.74471282958984, 79.37667083740234, 105.95893096923828, 130.84661865234375]"
2014-02-16,2014-02-22,4760.0,16155,11600.0,"[20, 20, 20, 0, 0, 20, 20]","[20, 20, 0, 11, 14, 0, 0]","[0.015838964624079584, 0.0, 0.0, 0.0, 0.0, 0.0, 0.0]","[544, 419, 64, 82, 66, 88, 159]","[512.444091796875, 369.1438903808594, 109.64619445800781, 80.36965942382812, 101.05378723144531, 131.28826904296875, 197.13258361816406]"
2014-02-17,2014-02-23,3162.0,12782,9605.0,"[20, 10, 13, 13, 17, 17, 0]","[20, 7, 0, 3, 5, 13, 0]","[0.029647157541693482, 0.025141850689781545, 0.0328674693118219, 0.03220419131911955, 0.0, 0.02492565744819407, 0.3]","[419, 64, 82, 66, 88, 159, 107]","[396.21173095703125, 110.7149658203125, 78.01274871826172, 99.00712585449219, 136.03469848632812, 202.29005432128906, 120.62213134765625]"
2014-02-18,2014-02-24,1797.0,11984,8885.0,"[11, 7, 8, 14, 17, 7, 8]","[6, 5, 9, 7, 8, 12, 5]","[0.0899500253147048, 0.21510639924059222, 0.08944425958229324, 0.1651453047965283, 0.08944440687582561, 0.1381624125966947, 0.1050626506383174]","[64, 82, 66, 88, 159, 107, 58]","[113.6805648803711, 81.7099380493164, 110.72433471679688, 140.88397216796875, 191.29026794433594, 125.8255386352539, 84.3830337524414]"
2014-02-19,2014-02-25,1657.0,10971,8115.0,"[7, 14, 19, 11, 0, 0, 17]","[1, 1, 0, 20, 18, 7, 0]","[0.2561551714459189, 0.3, 0.0, 0.02765843611427496, 0.0, 0.3, 0.0]","[82, 66, 88, 159, 107, 58, 63]","[49.82044982910156, 93.32471466064453, 118.4704818725586, 208.42010498046875, 129.48280334472656, 66.15506744384766, 102.09496307373047]"
2014-02-20,2014-02-26,1741.0,10594,8730.0,"[15, 20, 20, 20, 0, 17, 16]","[0, 1, 11, 0, 12, 0, 0]","[0.03182522105409165, 0.030879890163451926, 0.0, 0.0, 0.01843287780780228, 0.030830139567615822, 0.0]","[66, 88, 159, 107, 58, 63, 66]","[89.3934555053711, 128.64117431640625, 202.33303833007812, 129.06639099121094, 84.11625671386719, 107.25640869140625, 95.7506332397461]"
2014-02-21,2014-02-27,1603.0,11486,8715.0,"[12, 15, 11, 7, 9, 11, 7]","[7, 15, 7, 6, 7, 5, 4]","[0.11911092842833962, 0.13481995773736583, 0.08879214449323695, 0.17986858269401798, 0.020159021436390437, 0.20901368245228247, 0.03687413856590244]","[88, 159, 107, 58, 63, 66, 60]","[125.16266632080078, 195.20083618164062, 115.99081420898438, 84.73006439208984, 107.85533905029297, 102.89794921875, 75.23406219482422]"
2014-02-22,2014-02-28,1659.0,11365,8555.0,"[15, 7, 7, 9, 9, 7, 12]","[14, 11, 6, 6, 5, 5, 6]","[0.031587590953999704, 0.11780908690266692, 0.1689021396724924, 0.0897564902122406, 0.0877229509169693, 0.15575409666377543, 0.2149463286481487]","[159, 107, 58, 63, 66, 60, 79]","[187.56594848632812, 118.19412994384766, 82.85740661621094, 101.52758026123047, 93.86543273925781, 81.12784576416016, 123.90205383300781]"
2014-02-23,2014-03-01,1653.0,9890,8000.0,"[20, 0, 0, 0, 0, 20, 20]","[0, 12, 14, 13, 11, 0, 0]","[0.03852176926895342, 0.0, 0.03296546758834166, 0.0, 0.08849187986703601, 0.032832796122508334, 0.01620684096377941]","[107, 58, 63, 66, 60, 79, 136]","[120.85572814941406, 84.9247055053711, 103.01717376708984, 95.71876525878906, 80.79119110107422, 125.00450134277344, 147.98757934570312]"
2014-02-24,2014-03-02,1151.0,10385,8610.0,"[14, 9, 16, 8, 8, 20, 6]","[0, 8, 0, 5, 14, 4, 10]","[0.018532805876263, 0.0, 0.3, 0.016421263373289287, 0.03125974171257581, 0.02335301646591345, 0.0]","[58, 63, 66, 60, 79, 136, 109]","[80.6744155883789, 107.16158294677734, 96.18119812011719, 82.65521240234375, 145.84393310546875, 152.0281219482422, 112.86099243164062]"
2014-02-25,2014-03-03,1708.0,10473,7580.0,"[17, 15, 0, 12, 20, 14, 12]","[0, 1, 11, 9, 3, 0, 0]","[0.03064094913923202, 0.027067231062239204, 0.3, 0.02813463816929935, 0.0, 0.3, 0.0]","[63, 66, 60, 79, 136, 109, 65]","[101.19339752197266, 97.75939178466797, 79.7651138305664, 135.30984497070312, 145.95362854003906, 110.90863800048828, 73.94066619873047]"
2014-02-26,2014-03-04,2582.0,8565,4990.0,"[4, 0, 16, 20, 10, 7, 0]","[0, 8, 0, 0, 6, 0, 4]","[0.3, 0.08785675765064083, 0.0, 0.02658963082409646, 0.02646493923393916, 0.3, 0.3]","[66, 60, 79, 136, 109, 65, 63]","[28.134408950805664, 58.54441833496094, 93.77161407470703, 139.4877471923828, 102.69942474365234, 51.88106918334961, 41.13248062133789]"
2014-02-27,2014-03-05,2398.0,9537,5360.0,"[11, 17, 20, 0, 12, 8, 0]","[0, 0, 0, 15, 0, 0, 0]","[0.0, 0.0, 0.022378349269874316, 0.3, 0.3, 0.3, 0.3]","[60, 79, 136, 109, 65, 63, 67]","[67.93305206298828, 100.12476348876953, 140.75767517089844, 110.30625915527344, 71.66353607177734, 51.558326721191406, 50.359092712402344]"
2014-02-28,2014-03-06,2852.0,8856,5300.0,"[15, 20, 20, 11, 0, 8, 10]","[1, 0, 0, 0, 0, 0, 0]","[0.0, 0.02115761140687685, 0.023065944036632167, 0.3, 0.3, 0.0010043123381072662, 0.018029934057121506]","[79, 136, 109, 65, 63, 67, 73]","[100.5026626586914, 134.24600219726562, 108.43017578125, 68.5376205444336, 54.009132385253906, 46.82832336425781, 63.46683883666992]"
2014-03-01,2014-03-07,2445.0,8821,5040.0,"[0, 10, 0, 0, 7, 10, 12]","[18, 6, 0, 7, 0, 0, 0]","[0.3, 0.03272174803693626, 0.017974360027169296, 0.08751160090997442, 0.15232173008048044, 0.0, 0.020013740163399546]","[136, 109, 65, 63, 67, 73, 86]","[130.68826293945312, 104.92018127441406, 65.18872833251953, 54.064292907714844, 43.2972297668457, 63.157508850097656, 80.11187744140625]"
2014-03-02,2014-03-08,2999.0,10931,6045.0,"[11, 5, 6, 5, 8, 11, 13]","[5, 5, 3, 4, 3, 1, 6]","[0.21726026242064236, 0.11053512884026365, 0.2120675576419033, 0.1613772298245173, 0.103313773985092, 0.13232612110002967, 0.2054545898590601]","[109, 65, 63, 67, 73, 86, 154]","[104.30232238769531, 70.4237289428711, 57.405662536621094, 42.32679748535156, 62.51121139526367, 76.81788635253906, 125.81263732910156]"
2014-03-03,2014-03-09,2894.0,10341,6300.0,"[1, 10, 7, 11, 14, 12, 20]","[9, 0, 0, 0, 0, 8, 0]","[0.0, 0.25300700452299224, 0.25631936471847916, 0.2995065357448071, 0.0, 0.00315346613844493, 0.0]","[65, 63, 67, 73, 86, 154, 110]","[71.80306243896484, 58.75995635986328, 45.69606399536133, 65.27424621582031, 83.15475463867188, 131.6881103515625, 140.54359436035156]"
2014-03-04,2014-03-10,2930.0,10936,6705.0,"[7, 4, 7, 8, 6, 10, 6]","[2, 5, 3, 5, 13, 11, 4]","[0.1083471856373602, 0.08988961017907372, 0.08776853934007225, 0.16038295853968826, 0.03284635356546039, 0.18194990712494857, 0.2526963919459228]","[63, 67, 73, 86, 154, 110, 70]","[55.92240905761719, 41.394744873046875, 63.08793640136719, 84.25935363769531, 130.507080078125, 141.91070556640625, 63.70341491699219]"
2014-03-05,2014-03-11,3210.0,11193,6590.0,"[7, 6, 8, 10, 11, 4, 9]","[3, 5, 6, 10, 6, 5, 3]","[0.1193632543313321, 0.11250782226608397, 0.10352323766462387, 0.16124126436741715, 0.08920364590286987, 0.102341765576408, 0.1754315340631712]","[67, 73, 86, 154, 110, 70, 62]","[54.1767578125, 69.37590789794922, 85.2618637084961, 131.2751922607422, 135.89797973632812, 70.05683135986328, 62.86492919921875]"
2014-03-06,2014-03-12,2750.0,10391,6310.0,"[8, 7, 12, 12, 3, 6, 3]","[2, 5, 7, 10, 6, 3, 5]","[0.22099673052424018, 0.09000627511562861, 0.13158896196011824, 0.13650034961160776, 0.19124647020372115, 0.1316106445979512, 0.038212247555413664]","[73, 86, 154, 110, 70, 62, 70]","[72.93032836914062, 85.06572723388672, 127.4379653930664, 142.50106811523438, 62.387691497802734, 58.21812438964844, 56.056766510009766]"
2014-03-07,2014-03-13,3076.0,11293,6810.0,"[6, 11, 16, 5, 6, 6, 3]","[7, 9, 6, 5, 3, 5, 7]","[0.15911079604012385, 0.16803014066206423, 0.1156860128790602, 0.03923683445370425, 0.08920365173400394, 0.12269445407612382, 0.1719797817925077]","[86, 154, 110, 70, 62, 70, 75]","[85.56608581542969, 129.2083740234375, 138.93243408203125, 66.44084167480469, 65.25159454345703, 70.67080688476562, 70.91234588623047]"
2014-03-08,2014-03-14,2987.0,11003,6635.0,"[7, 8, 3, 4, 6, 9, 5]","[10, 12, 7, 5, 5, 2, 7]","[0.08935320537913323, 0.15416914649625074, 0.13477995715772134, 0.13199904216289562, 0.08820521427290229, 0.11818596865356647, 0.20871016230933598]","[154, 110, 70, 62, 70, 75, 126]","[126.38449096679688, 136.15049743652344, 68.02449798583984, 61.746280670166016, 69.23661804199219, 69.6612548828125, 79.34796142578125]"
2014-03-09,2014-03-15,3378.0,11882,7200.0,"[12, 11, 6, 6, 3, 5, 15]","[7, 1, 4, 5, 8, 7, 9]","[0.08929475949843474, 0.2115443580129669, 0.13579760045064243, 0.10184252505824556, 0.08706532183042179, 0.12346270559290229, 0.13423640579093077]","[110, 70, 62, 70, 75, 126, 187]","[135.9447021484375, 71.3463363647461, 63.970741271972656, 72.52979278564453, 74.40088653564453, 86.96732330322266, 157.4442138671875]"
2014-03-10,2014-03-16,3406.0,11399,7200.0,"[11, 9, 4, 2, 5, 13, 8]","[1, 2, 6, 10, 8, 8, 10]","[0.12997502146639706, 0.15405793222706668, 0.17432232144803134, 0.10506025802758207, 0.03783135440700383, 0.03652154680983627, 0.03256835899200958]","[70, 62, 70, 75, 126, 187, 139]","[73.70939636230469, 63.1025276184082, 68.43509674072266, 71.67757415771484, 84.85136413574219, 155.17733764648438, 119.44084930419922]"
2014-03-11,2014-03-17,3353.0,10660,6380.0,"[9, 4, 4, 6, 18, 2, 11]","[0, 5, 5, 5, 6, 14, 0]","[0.2074219695935238, 0.0021486446167531884, 0.0, 0.038520299403353615, 0.03336858883108672, 0.2563708003837879, 0.013145399314069037]","[62, 70, 75, 126, 187, 139, 83]","[58.84531021118164, 57.71390151977539, 61.507869720458984, 76.37484741210938, 148.76821899414062, 114.59525299072266, 79.47108459472656]"
2014-03-12,2014-03-18,3845.0,10170,6170.0,"[10, 0, 13, 20, 11, 13, 9]","[0, 9, 0, 0, 6, 0, 2]","[0.0, 0.017353517674018108, 0.026705065608250818, 0.0, 0.03224870739187571, 0.017628594822024786, 0.02949994730207082]","[70, 75, 126, 187, 139, 83, 72]","[60.860042572021484, 65.44007110595703, 76.93400573730469, 141.29266357421875, 107.14635467529297, 77.36695098876953, 71.82836151123047]"
2014-03-13,2014-03-19,3892.0,13047,7285.0,"[4, 10, 14, 10, 7, 11, 10]","[7, 3, 8, 9, 6, 2, 3]","[0.09066373119660431, 0.2544975400516054, 0.17708203250807433, 0.21828715579575775, 0.15042102197567675, 0.030125399990876572, 0.08722734928616449]","[75, 126, 187, 139, 83, 72, 91]","[70.85694122314453, 84.77823638916016, 140.92605590820312, 126.66159057617188, 89.60802459716797, 77.3858642578125, 85.76950073242188]"
2014-03-14,2014-03-20,3945.0,12457,7195.0,"[10, 10, 10, 7, 5, 5, 8]","[3, 13, 7, 5, 6, 7, 4]","[0.1572886638630508, 0.08909308012368747, 0.03485736840527216, 0.21213773292457666, 0.10234048650150324, 0.13537233439866217, 0.16713535626500436]","[126, 187, 139, 83, 72, 91, 85]","[82.18326568603516, 150.47967529296875, 111.23348999023438, 78.37429809570312, 72.58214569091797, 79.65808868408203, 80.3105697631836]"
2014-03-15,2014-03-21,4180.0,13856,8225.0,"[15, 11, 11, 11, 6, 7, 8]","[10, 8, 2, 2, 7, 7, 10]","[0.12030771510372935, 0.11292514665370022, 0.17470206063793053, 0.03518970647349499, 0.029857811894795954, 0.12476338238738886, 0.2085812647927291]","[187, 139, 83, 72, 91, 85, 117]","[158.87557983398438, 125.48396301269531, 85.04065704345703, 80.20557403564453, 83.69487762451172, 90.61032104492188, 135.9122314453125]"
2014-03-16,2014-03-22,3937.0,13997,8130.0,"[16, 12, 7, 10, 11, 12, 17]","[4, 2, 6, 4, 4, 8, 4]","[0.25616774204816956, 0.16835720942215307, 0.20482615931464032, 0.13135744235200683, 0.08954374627180064, 0.17695299088271457, 0.08792592519692218]","[139, 83, 72, 91, 85, 117, 183]","[126.32129669189453, 88.72251892089844, 85.15573120117188, 88.80632781982422, 96.9118423461914, 138.5012664794922, 180.04359436035156]"
2014-03-17,2014-03-23,4031.0,12829,8790.0,"[14, 13, 14, 0, 11, 20, 15]","[1, 1, 0, 14, 10, 4, 8]","[0.0, 0.03152729612395724, 0.0, 0.03167014464418168, 0.020992105005360334, 0.017309424705473597, 0.021516994493337906]","[83, 72, 91, 85, 117, 183, 133]","[94.63294219970703, 88.38015747070312, 88.61400604248047, 96.26513671875, 136.14952087402344, 182.0109405517578, 149.41387939453125]"
2014-03-18,2014-03-24,4050.0,13827,8770.0,"[0, 14, 0, 20, 16, 0, 13]","[11, 0, 13, 1, 12, 20, 0]","[0.3, 0.021477524834444393, 0.028266966059206828, 0.017044768223259635, 0.0, 0.0, 0.3]","[72, 91, 85, 117, 183, 133, 74]","[79.87235260009766, 86.81623077392578, 91.40989685058594, 130.6354217529297, 179.53274536132812, 147.90362548828125, 80.49746704101562]"
2014-03-19,2014-03-25,4588.0,13914,8375.0,"[9, 8, 11, 10, 10, 4, 7]","[4, 4, 8, 18, 12, 7, 4]","[0.03201823892469435, 0.08816806382375554, 0.08891566364546673, 0.17024210464562448, 0.02785784917987666, 0.08810320833333601, 0.12663066896145678]","[91, 85, 117, 183, 133, 74, 90]","[84.03837585449219, 92.36527252197266, 136.86827087402344, 185.94168090820312, 148.9197998046875, 77.75411987304688, 72.17338562011719]"
2014-03-20,2014-03-26,4493.0,14380,8855.0,"[8, 12, 17, 11, 1, 6, 6]","[6, 9, 11, 12, 10, 5, 8]","[0.08981832067331172, 0.21298855690186025, 0.03133694647686886, 0.08959207180299787, 0.21501365105629544, 0.08968188154178641, 0.015853224085913227]","[85, 117, 183, 133, 74, 90, 92]","[90.98867797851562, 135.09156799316406, 178.65017700195312, 149.8142547607422, 79.13081359863281, 74.33700561523438, 92.26116180419922]"
2014-03-21,2014-03-27,5030.0,13004,7990.0,"[20, 20, 17, 13, 12, 14, 15]","[0, 8, 5, 0, 0, 0, 0]","[0.037069038100149554, 0.0, 0.03622691938180478, 0.0, 0.029859236839845236, 0.0, 0.0]","[117, 183, 133, 74, 90, 92, 105]","[131.0854949951172, 175.137939453125, 142.08346557617188, 80.30123901367188, 74.00184631347656, 87.74266052246094, 92.30999755859375]"
2014-03-22,2014-03-28,4716.0,14163,8820.0,"[6, 20, 13, 12, 15, 16, 0]","[20, 3, 0, 0, 0, 0, 20]","[0.028574548343174647, 0.0, 0.022581014613038974, 0.023886325210287853, 0.03237834788094823, 0.3, 0.0]","[183, 133, 74, 90, 92, 105, 134]","[174.24029541015625, 143.4095001220703, 80.7521743774414, 74.62675476074219, 88.19105529785156, 97.13475799560547, 142.2915802001953]"
2014-03-23,2014-03-29,4740.0,13064,8345.0,"[9, 11, 6, 11, 13, 20, 19]","[11, 0, 5, 3, 3, 0, 9]","[0.0, 0.0, 0.0, 0.0, 0.0, 0.032179226612888, 0.03715999572891541]","[133, 74, 90, 92, 105, 134, 192]","[132.92604064941406, 66.13815307617188, 73.06632995605469, 88.51897430419922, 97.49211883544922, 145.408935546875, 175.61737060546875]"
2014-03-24,2014-03-30,4333.0,13421,8090.0,"[5, 5, 6, 10, 20, 5, 20]","[6, 4, 5, 4, 2, 20, 0]","[0.3, 0.3, 0.08930949284317213, 0.029136392094601306, 0.0, 0.0319787122531705, 0.017212335405226077]","[74, 90, 92, 105, 134, 192, 134]","[74.08430480957031, 73.57772827148438, 86.66661071777344, 95.33479309082031, 139.81320190429688, 171.9272918701172, 130.66683959960938]"
2014-03-25,2014-03-31,4627.0,11741,7060.0,"[12, 14, 16, 20, 19, 20, 0]","[0, 0, 0, 1, 9, 0, 0]","[0.021219036297395626, 0.0, 0.0, 0.0, 0.027726977755605352, 0.0, 0.21396620137251038]","[90, 92, 105, 134, 192, 134, 97]","[74.5254135131836, 86.14730834960938, 94.86189270019531, 141.92642211914062, 177.09828186035156, 135.26370239257812, 61.91694641113281]"
2014-03-26,2014-04-01,4734.0,14359,8620.0,"[10, 0, 4, 15, 12, 11, 13]","[4, 14, 16, 13, 9, 0, 0]","[0.0, 0.0875839772468279, 0.0, 0.0, 0.25628145893831134, 0.13044595161042788, 0.1367251318509765]","[92, 105, 134, 192, 134, 97, 76]","[87.05752563476562, 97.56907653808594, 136.1999969482422, 180.78515625, 135.66970825195312, 64.97357177734375, 79.21475219726562]"
2014-03-27,2014-04-02,4646.0,14904,8090.0,"[16, 20, 20, 12, 10, 13, 0]","[0, 0, 8, 9, 0, 0, 12]","[0.020751871917354343, 0.016035118615122072, 0.3, 0.034437510653591026, 0.3, 0.3, 0.0]","[105, 134, 192, 134, 97, 76, 89]","[97.38922119140625, 140.67396545410156, 176.55929565429688, 137.0480194091797, 58.72941589355469, 78.97795104980469, 85.01897430419922]"
2014-03-28,2014-04-03,4464.0,13474,8170.0,"[20, 6, 19, 0, 13, 14, 11]","[0, 19, 4, 9, 0, 0, 4]","[0.0, 0.030724382559975647, 0.0, 0.025912719215259193, 0.020044698915727088, 0.2856754662339479, 0.2194431293039393]","[134, 192, 134, 97, 76, 89, 84]","[146.2584686279297, 170.91542053222656, 140.3771209716797, 61.18889236450195, 81.59626007080078, 88.26253509521484, 96.89922332763672]"
2014-03-29,2014-04-04,4501.0,13638,8430.0,"[16, 10, 4, 6, 5, 6, 10]","[12, 12, 6, 6, 8, 6, 8]","[0.0889127541545956, 0.08789405089486763, 0.10773494621771804, 0.03728430859800837, 0.16616165221117132, 0.03057186093544307, 0.0301626085470951]","[192, 134, 97, 76, 89, 84, 107]","[180.87033081054688, 143.28843688964844, 66.31253051757812, 80.31745147705078, 85.58767700195312, 92.50643920898438, 119.02017211914062]"
2014-03-30,2014-04-05,3728.0,13295,8270.0,"[10, 7, 6, 10, 7, 10, 9]","[12, 3, 6, 4, 8, 8, 12]","[0.13669694223201106, 0.031500410303745854, 0.16222092881038466, 0.16523402954697403, 0.17495764139213693, 0.08824727677391771, 0.08927942380024038]","[134, 97, 76, 89, 84, 107, 182]","[143.97975158691406, 64.58037567138672, 81.19198608398438, 87.57209777832031, 97.43484497070312, 118.5792236328125, 197.50341796875]"
2014-03-31,2014-04-06,3736.0,12817,7490.0,"[10, 13, 0, 16, 20, 20, 20]","[0, 0, 12, 0, 0, 0, 2]","[0.0, 0.0, 0.026943412135009788, 0.3, 0.0005972883764926583, 0.022367993180990673, 0.3]","[97, 76, 89, 84, 107, 182, 146]","[60.16677474975586, 81.3416748046875, 88.91181182861328, 95.6426773071289, 119.52761840820312, 199.33470153808594, 139.6616973876953]"
2014-04-01,2014-04-07,4394.0,13122,8755.0,"[13, 7, 16, 20, 20, 8, 11]","[0, 7, 0, 0, 11, 14, 1]","[0.0, 0.0, 0.001510893695294379, 0.02433411295796857, 0.0, 0.03443592755732813, 0.0]","[76, 89, 84, 107, 182, 146, 76]","[81.0468521118164, 90.4275131225586, 97.31160736083984, 122.20204162597656, 201.43418884277344, 146.0362548828125, 76.05783081054688]"
2014-04-02,2014-04-08,4423.0,14524,8735.0,"[8, 8, 10, 16, 8, 7, 9]","[6, 6, 9, 13, 13, 4, 5]","[0.21187431936750772, 0.17901119489039066, 0.033256145773789096, 0.15589357942255053, 0.019083887171748398, 0.08911431945564416, 0.12037634341471828]","[89, 84, 107, 182, 146, 76, 83]","[90.12413787841797, 98.74390411376953, 123.03599548339844, 197.8985595703125, 141.09385681152344, 73.6438217163086, 89.46305084228516]"
2014-04-03,2014-04-09,4293.0,14252,8675.0,"[16, 4, 19, 17, 12, 11, 14]","[0, 14, 12, 6, 0, 3, 0]","[0.03365663014146308, 0.017205416787870503, 0.21394380257830617, 0.0, 0.0, 0.0, 0.3]","[84, 107, 182, 146, 76, 83, 83]","[99.24272155761719, 125.71694946289062, 200.78102111816406, 146.44822692871094, 73.88154602050781, 88.55220031738281, 85.66287994384766]"
2014-04-04,2014-04-10,4227.0,11833,7020.0,"[20, 20, 20, 12, 14, 0, 14]","[0, 11, 0, 0, 0, 0, 0]","[0.0, 0.023744588202752874, 0.0369167251253693, 0.3, 0.015661724388837565, 0.0, 0.0]","[107, 182, 146, 76, 83, 83, 85]","[121.75051879882812, 200.48977661132812, 146.46829223632812, 71.8261489868164, 85.29830169677734, 82.05059814453125, 86.59617614746094]"
2014-04-05,2014-04-11,4494.0,13897,8625.0,"[15, 19, 0, 4, 13, 9, 16]","[15, 3, 10, 9, 0, 4, 5]","[0.02343377848863489, 0.0, 0.3, 0.03154577854825464, 0.21882252671109223, 0.03167864631292305, 0.0006917917177239892]","[182, 146, 76, 83, 83, 85, 124]","[194.3592071533203, 140.8307342529297, 71.30195617675781, 87.36518859863281, 80.98667907714844, 84.38536834716797, 135.4311981201172]"
2014-04-06,2014-04-12,4730.0,13477,8170.0,"[20, 12, 3, 13, 14, 20, 19]","[2, 0, 10, 0, 0, 0, 8]","[0.02355169299153524, 0.02642102784440312, 0.0, 0.0, 0.3, 0.0, 0.03532941947960884]","[146, 76, 83, 83, 85, 124, 192]","[134.7913055419922, 73.74390411376953, 88.22164916992188, 78.46515655517578, 85.5835189819336, 137.63247680664062, 169.30393981933594]"
2014-04-07,2014-04-13,3959.0,13603,8220.0,"[10, 9, 2, 11, 9, 12, 10]","[2, 3, 10, 3, 11, 8, 12]","[0.15784887571012213, 0.05887319140187518, 0.08853594066136573, 0.15959245565900798, 0.17357069429338878, 0.11762152279013618, 0.08776535752950985]","[76, 83, 83, 85, 124, 192, 137]","[75.57913970947266, 80.11373901367188, 82.34204864501953, 86.56476593017578, 133.75901794433594, 184.55340576171875, 146.11404418945312]"
2014-04-08,2014-04-14,4953.0,13890,8335.0,"[14, 13, 0, 20, 20, 20, 0]","[0, 0, 12, 0, 9, 0, 13]","[0.022239940781404798, 0.02715066152449139, 0.0, 0.022761536888592365, 0.02451629842743583, 0.0, 0.3]","[83, 83, 85, 124, 192, 137, 90]","[84.50482940673828, 81.17679595947266, 83.6875991821289, 129.31141662597656, 183.69583129882812, 158.46971130371094, 94.0058364868164]"
2014-04-09,2014-04-15,4590.0,15156,9095.0,"[6, 5, 10, 13, 15, 4, 6]","[6, 8, 10, 15, 9, 10, 7]","[0.08836570007842066, 0.15540432376849386, 0.08909854702762525, 0.10246319386250125, 0.02898308009198125, 0.2160197868978167, 0.20893174026421074]","[83, 85, 124, 192, 137, 90, 108]","[81.45735168457031, 86.24569702148438, 134.1812744140625, 184.4156951904297, 160.074951171875, 93.47205352783203, 88.84207916259766]"
2014-04-10,2014-04-16,4591.0,13399,8485.0,"[13, 14, 8, 19, 5, 8, 2]","[0, 7, 19, 6, 8, 0, 11]","[0.0, 0.02758019954525262, 0.0325258115760398, 0.0, 0.024098829066372927, 0.3, 0.02124908772492186]","[85, 124, 192, 137, 90, 108, 101]","[81.80072784423828, 134.561767578125, 179.07498168945312, 157.77401733398438, 89.17731475830078, 85.42848205566406, 94.41450500488281]"
2014-04-11,2014-04-17,4992.0,14923,8905.0,"[20, 11, 3, 14, 0, 15, 16]","[0, 16, 19, 0, 12, 1, 0]","[0.019190091091636153, 0.02034359952631141, 0.0009130793144303183, 0.25542955570102366, 0.0, 0.032962966757950844, 0.3]","[124, 192, 137, 90, 108, 101, 123]","[130.28640747070312, 179.2965850830078, 154.76425170898438, 88.32144165039062, 86.9298324584961, 99.4785385131836, 100.47969055175781]"
2014-04-12,2014-04-18,4930.0,12884,7970.0,"[20, 20, 9, 13, 15, 11, 20]","[6, 0, 4, 0, 0, 4, 0]","[0.0, 0.0, 0.03563388254644879, 0.0, 0.0, 0.0, 0.024206200840984515]","[192, 137, 90, 108, 101, 123, 187]","[163.9567413330078, 147.3494415283203, 83.01764678955078, 81.80290985107422, 90.80500793457031, 93.84078979492188, 122.18193054199219]"
2014-04-13,2014-04-19,5456.0,15317,9470.0,"[20, 13, 6, 11, 17, 19, 20]","[0, 2, 8, 5, 0, 2, 14]","[0.024404954947141604, 0.0, 0.0, 0.0, 0.0, 0.21143588802110438, 0.023119155546001403]","[137, 90, 108, 101, 123, 187, 221]","[164.9873046875, 94.3176040649414, 91.34835052490234, 101.12646484375, 105.08441925048828, 128.39797973632812, 219.55825805664062]"
2014-04-14,2014-04-20,2899.0,12098,9175.0,"[13, 14, 16, 16, 0, 14, 0]","[2, 0, 0, 0, 17, 20, 13]","[0.0, 0.0, 0.0, 0.023049272242948022, 0.0, 0.0, 0.3]","[90, 108, 101, 123, 187, 221, 0]","[92.60735321044922, 85.94624328613281, 100.04032135009766, 96.82813262939453, 123.97173309326172, 223.7116241455078, 91.95454406738281]"
2014-04-15,2014-04-21,4068.0,14159,7880.0,"[15, 16, 7, 20, 20, 0, 0]","[0, 0, 8, 0, 13, 0, 16]","[0.0, 0.0, 0.3, 0.3, 0.030646493341457547, 0.0004751576746999564, 0.3]","[108, 101, 123, 187, 221, 0, 95]","[88.16143798828125, 99.51174926757812, 100.9705810546875, 128.9969940185547, 215.88731384277344, 86.36160278320312, 118.58565521240234]"
2014-04-16,2014-04-22,3220.0,13673,8945.0,"[10, 11, 12, 19, 9, 9, 10]","[6, 5, 8, 10, 5, 7, 6]","[0.16557612484921067, 0.16625281038535153, 0.08810065064903562, 0.10105007391120746, 0.11076345933021686, 0.1540915718650855, 0.08810474663007292]","[101, 123, 187, 221, 0, 95, 95]","[100.25659942626953, 103.87686920166016, 127.0638656616211, 211.02235412597656, 87.24723052978516, 110.31017303466797, 102.09143829345703]"
2014-04-17,2014-04-23,3667.0,12604,8930.0,"[13, 20, 13, 0, 12, 16, 15]","[4, 0, 20, 12, 5, 0, 0]","[0.0, 0.0, 0.02733060882249991, 0.2163623416512195, 0.0, 0.0172984350523636, 0.0]","[123, 187, 221, 0, 95, 95, 89]","[106.71629333496094, 132.22317504882812, 217.8816680908203, 88.41259002685547, 109.11727905273438, 98.77548217773438, 92.90809631347656]"
2014-04-18,2014-04-24,3362.0,13932,9040.0,"[20, 14, 8, 0, 17, 13, 16]","[1, 19, 5, 16, 0, 2, 0]","[0.030727389877951133, 0.3, 0.028894815448497868, 0.018023594922662353, 0.0, 0.031860220975025305, 0.021242716998070295]","[187, 221, 0, 95, 95, 89, 117]","[129.95272827148438, 218.1246795654297, 83.79569244384766, 114.54570770263672, 101.881591796875, 94.3755111694336, 97.35369110107422]"
2014-04-19,2014-04-25,3518.0,13729,9070.0,"[20, 4, 19, 16, 13, 17, 20]","[15, 9, 0, 0, 3, 0, 0]","[0.017135390958783456, 0.08849401038089527, 0.02868079571495486, 0.02774312285473173, 0.3, 0.2548341074871005, 0.0]","[221, 0, 95, 95, 89, 117, 127]","[223.78135681152344, 87.84957885742188, 114.4913558959961, 99.93498229980469, 97.7516860961914, 103.82302856445312, 159.32208251953125]"
2014-04-20,2014-04-26,2708.0,12380,9640.0,"[3, 19, 0, 16, 2, 0, 20]","[9, 0, 14, 0, 12, 19, 13]","[0.022313162574817972, 0.025423680725620887, 0.0, 0.0, 0.03306687257005006, 0.023703117144466795, 0.024621304719139352]","[0, 95, 95, 89, 117, 127, 196]","[82.90724182128906, 116.66053009033203, 103.12220001220703, 96.33383178710938, 99.99137878417969, 163.42654418945312, 218.85763549804688]"
2014-04-21,2014-04-27,4249.0,14163,9375.0,"[17, 0, 13, 0, 0, 20, 18]","[0, 11, 1, 14, 20, 13, 0]","[0.03734051542622747, 0.0, 0.3, 0.0, 0.0, 0.021460366395910875, 0.0]","[95, 95, 89, 117, 127, 196, 127]","[103.6915512084961, 79.4471664428711, 87.92032623291016, 98.51306915283203, 144.0309600830078, 216.3839569091797, 107.3453369140625]"
2014-04-22,2014-04-28,4465.0,14818,9470.0,"[8, 8, 5, 13, 16, 3, 11]","[7, 7, 10, 11, 17, 11, 3]","[0.03482048196754738, 0.08814143891182676, 0.017890229827250387, 0.08850728395067956, 0.08804455911124417, 0.15229288470395502, 0.17749893087216143]","[95, 89, 117, 127, 196, 127, 79]","[100.74820709228516, 97.54177856445312, 103.43177032470703, 162.53611755371094, 215.740234375, 110.78987121582031, 87.43768310546875]"
2014-04-23,2014-04-29,4190.0,13153,8280.0,"[4, 13, 14, 20, 11, 14, 0]","[10, 0, 11, 13, 6, 0, 4]","[0.16580208812485078, 0.20605665365051723, 0.024808299535770434, 0.015119771373517216, 0.022852452701389442, 0.08724256999192814, 0.005776384074968459]","[89, 117, 127, 196, 127, 79, 61]","[93.39862060546875, 97.7920913696289, 161.8579559326172, 214.16693115234375, 110.31733703613281, 88.23326110839844, 78.04291534423828]"
2014-04-24,2014-04-30,4037.0,13954,8705.0,"[7, 13, 13, 10, 9, 6, 4]","[8, 12, 16, 7, 5, 6, 5]","[0.08912945328796965, 0.13620628542317395, 0.08719552089315119, 0.0886930252042061, 0.2099456480626417, 0.08988416008223289, 0.1773475804855802]","[117, 127, 196, 127, 79, 61, 83]","[99.03509521484375, 161.07205200195312, 215.19664001464844, 113.73872375488281, 87.80936431884766, 78.27742767333984, 63.0758056640625]"
2014-04-25,2014-05-01,3962.0,12884,8490.0,"[20, 20, 19, 0, 14, 12, 17]","[0, 14, 0, 12, 0, 0, 0]","[0.0, 0.0, 0.031577298082232017, 0.029418426518844035, 0.3, 0.0, 0.0]","[127, 196, 127, 79, 61, 83, 83]","[149.53382873535156, 220.4333038330078, 115.92263793945312, 87.30670928955078, 84.3874282836914, 76.48120880126953, 103.03577423095703]"
2014-04-26,2014-05-02,3496.0,13911,8580.0,"[18, 19, 15, 5, 11, 16, 15]","[15, 0, 0, 7, 0, 0, 6]","[0.015159401988354927, 0.0, 0.0, 0.3, 0.0, 0.3, 0.3]","[196, 127, 79, 61, 83, 83, 116]","[213.55203247070312, 113.02680206298828, 89.4546890258789, 80.5989990234375, 64.28895568847656, 96.48336029052734, 131.86209106445312]"
2014-04-27,2014-05-03,3203.0,11179,7625.0,"[18, 0, 1, 7, 17, 7, 20]","[0, 12, 10, 2, 0, 13, 0]","[0.01847744763774503, 0.0, 0.21204478830376644, 0.0015153098524721045, 0.0, 0.027517812052807657, 0.03238981382383158]","[127, 79, 61, 83, 83, 116, 169]","[109.37703704833984, 86.94194030761719, 75.9056625366211, 60.84067153930664, 100.3325424194336, 132.5546417236328, 199.34329223632812]"
2014-04-28,2014-05-04,3275.0,12193,8880.0,"[15, 8, 0, 20, 20, 20, 0]","[0, 4, 9, 0, 0, 10, 18]","[0.0, 0.02064255030916815, 0.0, 0.016903590150744986, 0.028467924831330926, 0.021368154217400157, 0.0]","[79, 61, 83, 83, 116, 169, 121]","[88.70000457763672, 79.22962951660156, 62.39554214477539, 98.06744384765625, 134.69308471679688, 191.4149169921875, 128.4805450439453]"
2014-04-29,2014-05-05,3248.0,12363,8645.0,"[13, 12, 13, 17, 20, 20, 8]","[0, 0, 3, 4, 12, 0, 7]","[0.3, 0.0, 0.028844692636592097, 0.0, 0.039451781505308356, 0.0, 0.028036446034794195]","[61, 83, 83, 116, 169, 121, 66]","[77.40259552001953, 70.33914947509766, 102.73306274414062, 131.53387451171875, 208.6323699951172, 128.53964233398438, 96.05584716796875]"
2014-04-30,2014-05-06,3243.0,12171,8255.0,"[0, 16, 9, 19, 13, 8, 12]","[7, 0, 11, 12, 7, 4, 1]","[0.0, 0.0, 0.0361589757254659, 0.08989031381965427, 0.0, 0.0, 0.3]","[83, 83, 116, 169, 121, 66, 63]","[58.491004943847656, 97.41305541992188, 133.26480102539062, 197.97642517089844, 127.7398910522461, 89.33008575439453, 79.4942855834961]"
2014-05-01,2014-05-07,2957.0,10962,7810.0,"[16, 19, 11, 0, 9, 13, 0]","[0, 2, 20, 18, 5, 0, 0]","[0.08746953507466838, 0.0, 0.03211254150990872, 0.02972009156141021, 0.0, 0.0, 0.22365768677368172]","[83, 116, 169, 121, 66, 63, 68]","[98.2317886352539, 126.45507049560547, 205.67889404296875, 128.32066345214844, 91.33331298828125, 78.32630920410156, 78.20541381835938]"
2014-05-02,2014-05-08,3636.0,13007,8470.0,"[17, 10, 11, 0, 14, 12, 11]","[3, 19, 8, 12, 0, 0, 4]","[0.01693933814525532, 0.026005449635796762, 0.028290830630610116, 0.21824035832953892, 0.019962705943570625, 0.022429790149285568, 0.3]","[116, 169, 121, 66, 63, 68, 85]","[124.62415313720703, 192.34121704101562, 125.50792694091797, 88.94979858398438, 82.68223571777344, 79.45606994628906, 100.19257354736328]"
2014-05-03,2014-05-09,3050.0,12804,8860.0,"[19, 11, 0, 0, 13, 9, 20]","[12, 9, 13, 11, 1, 6, 0]","[0.024205259135708902, 0.02350941997225539, 0.028082241024745214, 0.3, 0.292667740535141, 0.02408469759111645, 0.0]","[169, 121, 66, 63, 68, 85, 113]","[202.6743927001953, 131.79681396484375, 93.69210052490234, 81.43608093261719, 83.85411071777344, 98.93302917480469, 127.61921691894531]"
2014-05-04,2014-05-10,3261.0,12981,8560.0,"[1, 0, 14, 12, 4, 20, 4]","[16, 12, 0, 1, 10, 0, 20]","[0.032630021801119014, 0.08846572330515788, 0.0, 0.29956917906385, 0.0346722406536301, 0.253685765994328, 0.02132027770743253]","[121, 66, 63, 68, 85, 113, 173]","[121.8462142944336, 89.6614761352539, 83.46149444580078, 79.65682220458984, 95.38130950927734, 130.3329315185547, 174.3974609375]"
2014-05-05,2014-05-11,3315.0,13053,8430.0,"[9, 12, 13, 0, 20, 20, 8]","[5, 0, 0, 14, 0, 7, 11]","[0.0, 0.0, 0.3, 0.019121617128798556, 0.3, 0.03457767203637217, 0.0]","[66, 63, 68, 85, 113, 173, 142]","[91.20264434814453, 76.60968780517578, 77.15943145751953, 98.15668487548828, 125.78997802734375, 173.42710876464844, 126.26017761230469]"
2014-05-06,2014-05-12,3696.0,13094,8220.0,"[0, 0, 15, 0, 20, 20, 16]","[10, 11, 0, 17, 7, 0, 0]","[0.29888718014421983, 0.2144972266053916, 0.25575500934257744, 0.0, 0.02076421101040248, 0.023035569948942042, 0.0]","[63, 68, 85, 113, 173, 142, 72]","[73.6755599975586, 76.28245544433594, 92.84892272949219, 118.89934539794922, 170.51226806640625, 124.54249572753906, 96.46531677246094]"
2014-05-07,2014-05-13,3809.0,13337,8280.0,"[6, 0, 14, 11, 12, 5, 6]","[7, 12, 5, 14, 7, 9, 5]","[0.08893796026142929, 0.12293248676631349, 0.0880886206327288, 0.08847250137753697, 0.20583311924482206, 0.07383818410759502, 0.1049509750084805]","[68, 85, 113, 173, 142, 72, 75]","[69.33192443847656, 87.89925384521484, 120.31390380859375, 172.01585388183594, 124.79896545410156, 95.29090118408203, 79.98584747314453]"
2014-05-08,2014-05-14,3752.0,14161,8700.0,"[14, 17, 18, 0, 14, 15, 11]","[1, 3, 9, 19, 2, 0, 4]","[0.004195550198267124, 0.3, 0.03770678844133066, 0.0242915422994858, 0.0, 0.2541134992715507, 0.3]","[85, 113, 173, 142, 72, 75, 77]","[90.54243469238281, 125.55359649658203, 176.271240234375, 129.18179321289062, 97.17601776123047, 89.21935272216797, 96.17244720458984]"
2014-05-09,2014-05-15,4119.0,13493,8365.0,"[4, 17, 17, 10, 6, 3, 11]","[13, 7, 3, 4, 7, 10, 5]","[0.03271822039171704, 0.02860522054784688, 0.15625220188217542, 0.12413188395774279, 0.038147475954191004, 0.08917666103095756, 0.21889833724088056]","[113, 173, 142, 72, 75, 77, 100]","[119.632568359375, 169.00950622558594, 123.92207336425781, 92.57301330566406, 79.92066955566406, 88.57119750976562, 100.56307983398438]"
2014-05-10,2014-05-16,3980.0,12419,7730.0,"[20, 18, 8, 8, 15, 11, 20]","[0, 2, 6, 5, 0, 4, 0]","[0.02127007249837313, 0.0, 0.0, 0.0, 0.3, 0.02638800297018778, 0.08975717867171162]","[173, 142, 72, 75, 77, 100, 117]","[174.2422332763672, 125.50700378417969, 94.40375518798828, 84.32215118408203, 93.45439910888672, 101.27913665771484, 130.13548278808594]"
2014-05-11,2014-05-17,3995.0,13875,8705.0,"[12, 8, 8, 7, 5, 12, 13]","[7, 6, 4, 6, 9, 7, 14]","[0.08890674425295994, 0.08888821493181875, 0.16176516014013645, 0.1497946518331261, 0.030866476213245748, 0.15249890750014133, 0.08749830603679608]","[142, 72, 75, 77, 100, 117, 166]","[124.34823608398438, 93.05783081054688, 79.83543395996094, 89.11842346191406, 96.12297821044922, 126.50718688964844, 183.08395385742188]"
2014-05-12,2014-05-18,3753.0,12631,8875.0,"[17, 10, 7, 17, 20, 20, 20]","[0, 4, 8, 0, 0, 9, 0]","[0.00800437149645946, 0.028411069325221486, 0.01629878865415403, 0.0, 0.0, 0.005893293559582043, 0.02051507695395373]","[72, 75, 77, 100, 117, 166, 131]","[101.16283416748047, 91.49591064453125, 97.68209838867188, 103.13801574707031, 137.37710571289062, 188.59934997558594, 146.31295776367188]"
2014-05-13,2014-05-19,4026.0,14081,8460.0,"[2, 15, 8, 20, 8, 20, 12]","[10, 0, 7, 1, 20, 0, 0]","[0.0, 0.3, 0.29497483572407357, 0.21931495437560458, 0.026881857446379026, 0.031820220308506134, 0.019511912122867563]","[75, 77, 100, 117, 166, 131, 87]","[85.20063781738281, 88.19144439697266, 96.5736312866211, 132.40025329589844, 186.2987518310547, 146.2222442626953, 73.93940734863281]"
2014-05-14,2014-05-20,4193.0,12382,7890.0,"[13, 16, 0, 13, 16, 0, 13]","[1, 0, 18, 14, 6, 4, 0]","[0.030704064222460036, 0.036219323649070115, 0.0, 0.019363905621740708, 0.1063071571624183, 0.0, 0.0]","[77, 100, 117, 166, 131, 87, 86]","[86.79743957519531, 97.78473663330078, 126.76030731201172, 182.54974365234375, 142.1062469482422, 79.79270935058594, 80.44842529296875]"
2014-05-15,2014-05-21,4453.0,13735,8100.0,"[8, 9, 10, 6, 8, 5, 9]","[5, 9, 11, 15, 4, 8, 4]","[0.13304466702507295, 0.03215669068904161, 0.08911460138839988, 0.08886691626256976, 0.208528243267056, 0.21519578349866553, 0.08804231569827403]","[100, 117, 166, 131, 87, 86, 97]","[93.12162017822266, 119.37773895263672, 179.52813720703125, 142.88453674316406, 76.24701690673828, 85.51577758789062, 84.80615997314453]"
2014-05-16,2014-05-22,4102.0,14330,8535.0,"[5, 20, 17, 13, 13, 14, 0]","[14, 8, 6, 0, 0, 0, 13]","[0.015640101644468968, 0.3, 0.0, 0.0, 0.3, 0.018980984227056633, 0.0]","[117, 166, 131, 87, 86, 97, 99]","[125.90830993652344, 181.123291015625, 144.1384735107422, 79.32096099853516, 80.96329498291016, 83.88217163085938, 99.04930114746094]"
2014-05-17,2014-05-23,4496.0,14422,8555.0,"[14, 10, 8, 8, 8, 9, 11]","[13, 11, 4, 5, 5, 5, 8]","[0.1539230925979907, 0.10488793843290321, 0.08958352488863155, 0.12581543055128752, 0.03492109361680237, 0.17115998158326753, 0.08997834090613013]","[166, 131, 87, 86, 97, 99, 128]","[180.40858459472656, 142.13327026367188, 79.41397857666016, 85.70284271240234, 85.78021240234375, 99.15641784667969, 138.8887939453125]"
2014-05-18,2014-05-24,5666.0,15966,9680.0,"[20, 15, 0, 15, 17, 20, 20]","[0, 0, 12, 0, 0, 0, 20]","[0.08824329597923183, 0.016582284024158404, 0.0, 0.3, 0.019711615739859883, 0.017380313135180632, 0.028107913964056912]","[131, 87, 86, 97, 99, 128, 691]","[139.16432189941406, 87.85023498535156, 88.6051254272461, 88.91363525390625, 100.41114044189453, 140.3353271484375, 545.166259765625]"
2014-05-19,2014-05-25,5471.0,15704,9835.0,"[6, 2, 14, 8, 20, 20, 19]","[6, 9, 0, 7, 2, 20, 3]","[0.017422534591636632, 0.3, 0.014980209432279713, 0.0, 0.02256279602794722, 0.028288980232483586, 0.029221275904256428]","[87, 86, 97, 99, 128, 691, 563]","[78.67306518554688, 79.80101013183594, 82.43057250976562, 96.28455352783203, 136.84010314941406, 520.5322265625, 508.77752685546875]"
2014-05-20,2014-05-26,6111.0,18204,11120.0,"[9, 10, 6, 13, 20, 12, 13]","[3, 3, 8, 8, 16, 15, 15]","[0.12046144882661905, 0.17211397258400962, 0.07382602011907413, 0.08881925592110143, 0.08771888774141653, 0.030048343521054094, 0.1299665940909415]","[86, 97, 99, 128, 691, 563, 530]","[84.20697021484375, 84.57292938232422, 96.19915008544922, 137.3446044921875, 519.0224609375, 502.0382995605469, 486.5388488769531]"
2014-05-21,2014-05-27,6788.0,20877,13620.0,"[14, 16, 0, 20, 20, 20, 20]","[0, 0, 19, 20, 20, 20, 0]","[0.03462907015717974, 0.024623562559989952, 0.3, 0.0, 0.019427575366514904, 0.0, 0.0]","[97, 99, 128, 691, 563, 530, 69]","[84.75184631347656, 96.95117950439453, 137.45213317871094, 516.2301635742188, 506.8270568847656, 490.8018493652344, 112.48444366455078]"
2014-05-22,2014-05-28,6840.0,20274,11890.0,"[0, 0, 20, 20, 20, 0, 11]","[14, 20, 20, 20, 20, 0, 0]","[0.03683811856652526, 0.0, 0.3, 0.02863113317978105, 0.0, 0.28987901937075516, 0.08845530068486367]","[99, 128, 691, 563, 530, 69, 91]","[100.16766357421875, 137.94741821289062, 512.7962036132812, 503.93939208984375, 494.15118408203125, 111.67886352539062, 66.79337310791016]"
2014-05-23,2014-05-29,7056.0,19943,12810.0,"[0, 20, 20, 20, 4, 11, 12]","[20, 20, 20, 20, 12, 0, 0]","[0.0, 0.017991257214004422, 0.024219991978292953, 0.0, 0.0, 0.3, 0.02962002565104714]","[128, 691, 563, 530, 69, 91, 76]","[136.53797912597656, 520.8546142578125, 500.96112060546875, 498.5350341796875, 107.85950469970703, 67.03597259521484, 73.51333618164062]"
2014-05-24,2014-05-30,6544.0,21371,12250.0,"[20, 20, 20, 16, 0, 12, 0]","[20, 20, 20, 0, 9, 0, 14]","[0.3, 0.0283386341700559, 0.03662560035982604, 0.0, 0.3, 0.0, 0.3]","[691, 563, 530, 69, 91, 76, 95]","[503.36566162109375, 504.5906982421875, 516.44873046875, 98.18274688720703, 61.80677795410156, 74.25983428955078, 103.97767639160156]"
2014-05-25,2014-05-31,5669.0,18307,11695.0,"[20, 20, 18, 0, 0, 17, 13]","[20, 20, 0, 10, 11, 0, 13]","[0.0, 0.03100205542043064, 0.015793646523198576, 0.019343220848049764, 0.3, 0.3, 0.03622882135544651]","[563, 530, 69, 91, 76, 95, 154]","[558.6118774414062, 545.97314453125, 107.05619812011719, 67.23848724365234, 75.13848876953125, 104.00949096679688, 169.10202026367188]"
2014-05-26,2014-06-01,4786.0,14481,9800.0,"[20, 16, 12, 14, 13, 20, 19]","[20, 0, 1, 0, 4, 3, 3]","[0.0, 0.024026238765241348, 0.0, 0.03250577815191404, 0.0, 0.017130448720080932, 0.0]","[530, 69, 91, 76, 95, 154, 115]","[578.6106567382812, 99.1164321899414, 77.25115203857422, 82.95556640625, 109.46675872802734, 155.21324157714844, 137.91326904296875]"
2014-05-27,2014-06-02,2463.0,11097,8550.0,"[0, 11, 10, 14, 6, 20, 17]","[15, 0, 2, 3, 19, 4, 0]","[0.0, 0.0, 0.0, 0.0, 0.0, 0.024674973124777188, 0.0]","[69, 91, 76, 95, 154, 115, 73]","[105.80934143066406, 66.82666015625, 76.94110107421875, 105.20750427246094, 168.47779846191406, 147.09127807617188, 104.88819122314453]"
2014-05-28,2014-06-03,2859.0,12090,7960.0,"[5, 2, 9, 14, 10, 12, 2]","[4, 8, 6, 12, 13, 5, 7]","[0.16549620847358387, 0.08721337899639961, 0.08784261533957854, 0.08907840272951413, 0.17733725018669805, 0.12790806798389676, 0.16346477068687032]","[91, 76, 95, 154, 115, 73, 88]","[58.289031982421875, 69.81694030761719, 102.49315643310547, 170.5493927001953, 150.6730499267578, 112.14585876464844, 66.97219848632812]"
2014-05-29,2014-06-04,3322.0,12866,7955.0,"[7, 9, 16, 9, 3, 10, 10]","[6, 8, 7, 10, 12, 2, 3]","[0.17055696476198048, 0.1373999633541969, 0.08912438168003997, 0.16475351725021858, 0.1713455837268684, 0.13743995033040646, 0.17191050455819512]","[76, 95, 154, 115, 73, 88, 85]","[84.81163024902344, 112.9195327758789, 149.50814819335938, 132.56968688964844, 103.6373519897461, 73.38436126708984, 80.55165100097656]"
2014-05-30,2014-06-05,3624.0,12155,7880.0,"[4, 0, 11, 17, 12, 14, 14]","[12, 20, 9, 0, 0, 0, 0]","[0.028581331708091264, 0.03342024691625881, 0.0, 0.3, 0.08876008856242631, 0.03658240247865603, 0.0]","[95, 154, 115, 73, 88, 85, 83]","[110.46743774414062, 153.66879272460938, 131.66526794433594, 102.33767700195312, 74.24445343017578, 82.88888549804688, 82.7292251586914]"
2014-05-31,2014-06-06,3084.0,12689,8320.0,"[15, 8, 6, 5, 8, 4, 10]","[11, 14, 10, 6, 5, 7, 5]","[0.13056768314410164, 0.12285127880932832, 0.08825943606096703, 0.08863177092192058, 0.12875854144942148, 0.030833871881245596, 0.20729626608551846]","[154, 115, 73, 88, 85, 83, 92]","[169.97381591796875, 147.20257568359375, 108.36183166503906, 71.00193786621094, 83.57294464111328, 80.896240234375, 103.02934265136719]"
2014-06-01,2014-06-07,2533.0,11538,7530.0,"[20, 0, 12, 14, 14, 4, 20]","[5, 16, 0, 0, 0, 0, 6]","[0.033971632728710816, 0.00040328107049490084, 0.022932079244241333, 0.3, 0.3, 0.3, 0.036246917301397216]","[115, 73, 88, 85, 83, 92, 141]","[155.23072814941406, 110.91827392578125, 70.90966033935547, 83.39747619628906, 82.33501434326172, 107.34119415283203, 162.91165161132812]"
2014-06-02,2014-06-08,3451.0,10854,7220.0,"[17, 0, 8, 13, 17, 20, 20]","[0, 10, 4, 0, 0, 0, 0]","[0.02575764464599537, 0.0, 0.0, 0.08801297502872023, 0.0, 0.0, 0.0]","[73, 88, 85, 83, 92, 141, 116]","[101.01371765136719, 72.65432739257812, 80.0317611694336, 77.92860412597656, 102.5278091430664, 148.22557067871094, 111.88804626464844]"
2014-06-03,2014-06-09,3853.0,10840,6880.0,"[11, 12, 12, 16, 10, 14, 14]","[0, 0, 0, 0, 11, 4, 0]","[0.0, 0.0, 0.0, 0.0, 0.020956682682852557, 0.036807924140637105, 0.0]","[88, 85, 83, 92, 141, 116, 72]","[69.63273620605469, 75.29537963867188, 75.20337677001953, 97.43408203125, 141.6711883544922, 116.48130798339844, 82.7628402709961]"
2014-06-04,2014-06-10,3793.0,12078,7680.0,"[14, 14, 18, 0, 15, 16, 14]","[0, 0, 0, 20, 4, 0, 0]","[0.0, 0.0, 0.0, 0.01783780574613152, 0.017381463900342745, 0.03468700115577951, 0.3]","[85, 83, 92, 141, 116, 72, 77]","[85.80609130859375, 84.10533142089844, 108.7291259765625, 153.17584228515625, 117.30172729492188, 94.89911651611328, 84.02362060546875]"
2014-06-05,2014-06-11,3461.0,11546,8020.0,"[14, 2, 20, 20, 3, 12, 15]","[0, 14, 5, 0, 11, 2, 0]","[0.0, 0.01648639567243872, 0.0, 0.0, 0.025927489813645586, 0.02165083328770233, 0.0]","[83, 92, 141, 116, 72, 77, 84]","[84.6341552734375, 109.0141372680664, 160.18609619140625, 123.47574615478516, 95.59226989746094, 87.56481170654297, 91.19117736816406]"
2014-06-06,2014-06-12,3954.0,11643,7100.0,"[17, 0, 19, 13, 4, 10, 14]","[0, 20, 0, 0, 8, 0, 0]","[0.0, 0.036361842528467546, 0.08836342695554798, 0.000613248452600841, 0.022038238522421292, 0.25276930638298345, 0.08994463555284968]","[92, 141, 116, 72, 77, 84, 77]","[105.69795227050781, 149.62527465820312, 120.90003967285156, 81.42724609375, 79.18310546875, 86.45262145996094, 87.90887451171875]"
2014-06-07,2014-06-13,3759.0,12603,7660.0,"[18, 20, 10, 14, 15, 14, 18]","[6, 0, 4, 0, 0, 0, 0]","[0.029596062934044754, 0.0, 0.0, 0.2540250518035914, 0.0, 0.0, 0.3]","[141, 116, 72, 77, 84, 77, 106]","[150.7639923095703, 119.77063751220703, 86.09075927734375, 85.40060424804688, 88.54446411132812, 88.64542388916016, 109.6702651977539]"
2014-06-08,2014-06-14,3673.0,11793,8060.0,"[6, 6, 9, 14, 10, 7, 17]","[11, 8, 4, 0, 4, 8, 8]","[0.0, 0.03524240376497784, 0.0, 0.019685331091407975, 0.0, 0.03583608123243929, 0.028151643664389027]","[116, 72, 77, 84, 77, 106, 149]","[119.33638763427734, 92.96551513671875, 85.08073425292969, 88.53460693359375, 88.46548461914062, 105.37454986572266, 158.0711212158203]"
