start_date,end_date,lucro_otimo,unidades,hr_cost,J,X,PR,clientes_reais,clientes_previstos
2013-07-01,2013-07-07,3861.0,14206,7885.0,"[13, 17, 15, 15, 13, 12, 2]","[16, 9, 0, 0, 3, 0, 3]","[0.16576262586196935, 0.11015243448189556, 0.25534701612503424, 0.2461706522745448, 0.25914998945392304, 0.12540488545621348, 0.020273741160317903]","[193, 220, 238, 283, 309, 372, 269]","[158.74838256835938, 158.27743530273438, 180.1422576904297, 232.39796447753906, 219.26724243164062, 267.72442626953125, 259.99432373046875]"
2013-07-02,2013-07-08,2958.0,9936,5850.0,"[14, 12, 5, 20, 0, 15, 2]","[0, 4, 12, 0, 4, 0, 0]","[0.1288167370666315, 0.3, 0.0, 0.0, 0.0, 0.0, 0.20599464695619754]","[220, 238, 283, 309, 372, 269, 193]","[163.40391540527344, 184.4068145751953, 229.49322509765625, 224.66937255859375, 288.7317199707031, 251.53378295898438, 165.92835998535156]"
2013-07-03,2013-07-09,3384.0,9937,6260.0,"[0, 20, 0, 15, 12, 0, 19]","[0, 2, 14, 3, 5, 2, 0]","[0.2411838239357161, 0.0008794038417042349, 0.001104888149170676, 0.08225890171561102, 0.0004117279817541957, 0.0, 0.0]","[238, 283, 309, 372, 269, 193, 197]","[206.42129516601562, 246.798095703125, 262.8395690917969, 313.5329895019531, 249.24642944335938, 184.4021453857422, 179.17469787597656]"
2013-07-04,2013-07-10,3704.0,9996,6120.0,"[20, 20, 0, 20, 10, 0, 0]","[0, 8, 0, 16, 0, 0, 0]","[0.0, 0.0, 0.2965223661488303, 0.028492231502044333, 0.0, 0.0, 0.0]","[283, 309, 372, 269, 193, 197, 206]","[253.54953002929688, 262.81500244140625, 313.771240234375, 249.3964385986328, 183.49795532226562, 187.2111358642578, 192.0905303955078]"
2013-07-05,2013-07-11,3021.0,9821,6455.0,"[6, 7, 6, 2, 10, 0, 8]","[16, 2, 5, 0, 12, 9, 4]","[0.0, 0.02848715640465251, 0.08099995173386319, 0.3, 0.0, 0.0, 0.032155509178759985]","[309, 372, 269, 193, 197, 206, 202]","[266.0483093261719, 317.42303466796875, 255.0523223876953, 186.3726348876953, 185.6728515625, 197.76080322265625, 201.49847412109375]"
2013-07-06,2013-07-12,3357.0,9925,6195.0,"[13, 0, 8, 18, 13, 0, 14]","[1, 1, 16, 7, 0, 1, 0]","[0.12237324490440132, 0.18084427582256163, 0.03629587361099844, 0.0, 0.0, 0.012030270375102447, 0.032182109435818576]","[372, 269, 193, 197, 206, 202, 238]","[310.8070983886719, 257.41485595703125, 195.11019897460938, 193.8295440673828, 188.778076171875, 198.72142028808594, 239.6084442138672]"
2013-07-07,2013-07-13,3552.0,9942,6200.0,"[13, 0, 6, 20, 20, 0, 6]","[0, 2, 14, 0, 12, 0, 0]","[0.0, 0.07626329396173945, 0.010008457031890872, 0.0, 0.004620353388998693, 0.3, 0.0007425529462630057]","[269, 193, 197, 206, 202, 238, 318]","[264.35687255859375, 183.59361267089844, 180.41717529296875, 200.0541229248047, 208.43536376953125, 247.92750549316406, 297.2549743652344]"
2013-07-08,2013-07-14,3922.0,15758,9570.0,"[0, 8, 12, 1, 3, 16, 17]","[14, 8, 7, 6, 14, 3, 17]","[0.24456188057822292, 0.07342067701660727, 0.05411194605903142, 0.26268278054219835, 0.13048116408197916, 0.29765253402263186, 0.1390468511784809]","[193, 197, 206, 202, 238, 318, 247]","[180.73898315429688, 180.87059020996094, 194.56478881835938, 206.7851104736328, 245.2057647705078, 301.1432800292969, 253.481201171875]"
2013-07-09,2013-07-15,4760.0,18028,10990.0,"[19, 18, 15, 10, 6, 12, 14]","[0, 2, 10, 7, 9, 11, 19]","[0.15994317040747616, 0.20210585607989254, 0.011469740075073552, 0.28883356809041344, 0.0841577239133512, 0.29248986753416734, 0.014651701497573121]","[197, 206, 202, 238, 318, 247, 206]","[183.3319549560547, 199.03915405273438, 208.37808227539062, 248.1054229736328, 297.2011413574219, 249.99635314941406, 180.19752502441406]"
2013-07-10,2013-07-16,3336.0,9970,6240.0,"[0, 9, 19, 12, 8, 1, 10]","[0, 11, 6, 13, 0, 2, 0]","[0.1708126056785855, 0.02913350426925586, 0.0020966000485339088, 0.00033739858990031147, 0.19700078735172427, 0.06042322655530617, 0.0]","[206, 202, 238, 318, 247, 206, 242]","[200.8513946533203, 212.21133422851562, 247.9248046875, 298.76416015625, 250.3433380126953, 182.8767852783203, 185.05906677246094]"
2013-07-11,2013-07-17,2901.0,9992,6590.0,"[0, 4, 20, 11, 2, 0, 9]","[0, 3, 20, 0, 0, 0, 20]","[0.3, 0.21065551204539407, 0.0, 0.061359980007873, 0.2920639322376615, 0.11955937868969606, 0.0]","[202, 238, 318, 247, 206, 242, 215]","[219.08358764648438, 250.24058532714844, 300.39117431640625, 251.8743133544922, 181.7816619873047, 181.56143188476562, 214.96975708007812]"
2013-07-12,2013-07-18,3303.0,9877,6395.0,"[20, 0, 5, 19, 8, 0, 4]","[0, 0, 5, 7, 10, 13, 0]","[0.01656594090599863, 0.3, 0.0, 0.0, 0.020330308947981122, 0.0, 0.0025363153071122978]","[238, 318, 247, 206, 242, 215, 220]","[242.3962860107422, 297.669189453125, 245.49349975585938, 181.84103393554688, 182.6994171142578, 212.94863891601562, 236.04417419433594]"
2013-07-13,2013-07-19,2795.0,10000,6175.0,"[2, 8, 4, 8, 9, 12, 5]","[2, 4, 6, 6, 8, 5, 6]","[0.05109751295627604, 0.08267072833099792, 0.0805495723143975, 0.205635591117945, 0.0832653619341937, 0.08395221662384142, 0.08528039192326804]","[318, 247, 206, 242, 215, 220, 230]","[298.5342712402344, 244.95986938476562, 173.90428161621094, 178.4168701171875, 216.24440002441406, 230.92019653320312, 247.85336303710938]"
2013-07-14,2013-07-20,3544.0,9911,6190.0,"[15, 19, 5, 7, 15, 11, 0]","[3, 0, 0, 0, 19, 0, 0]","[0.0, 0.0002713702397521846, 0.0033354733275934825, 0.0, 0.0, 0.0, 0.3]","[247, 206, 242, 215, 220, 230, 333]","[253.69100952148438, 177.21676635742188, 179.0179901123047, 219.96278381347656, 232.74807739257812, 254.11814880371094, 314.1534118652344]"
2013-07-15,2013-07-21,2811.0,9899,6605.0,"[12, 4, 2, 1, 3, 7, 2]","[15, 4, 7, 0, 12, 5, 12]","[0.0, 0.027118441717829452, 0.002317921954644532, 0.06512148124810717, 0.0, 0.0, 0.1694804060975037]","[206, 242, 215, 220, 230, 333, 261]","[179.25511169433594, 181.52320861816406, 217.40782165527344, 231.23875427246094, 256.9595947265625, 312.4667053222656, 239.76727294921875]"
2013-07-16,2013-07-22,3592.0,9928,6160.0,"[20, 0, 0, 20, 20, 0, 0]","[2, 8, 0, 6, 16, 0, 0]","[0.02950488926583868, 0.0, 0.2131217903712761, 0.0, 0.0, 0.13397491494699987, 0.0]","[242, 215, 220, 230, 333, 261, 225]","[194.94253540039062, 219.14768981933594, 238.15701293945312, 251.14361572265625, 317.3923034667969, 240.75518798828125, 201.4529266357422]"
2013-07-17,2013-07-23,3649.0,9996,6175.0,"[0, 20, 9, 19, 19, 10, 0]","[0, 10, 0, 7, 0, 1, 0]","[0.3, 0.0003358718111543001, 0.0, 0.0, 0.011212573293380977, 0.015758012818315743, 0.009281176424217361]","[215, 220, 230, 333, 261, 225, 221]","[226.0867156982422, 242.4477081298828, 260.82647705078125, 322.43194580078125, 244.29469299316406, 200.2726287841797, 202.4265594482422]"
2013-07-18,2013-07-24,3596.0,9894,6120.0,"[0, 2, 20, 20, 20, 0, 0]","[8, 0, 9, 9, 4, 0, 0]","[0.0, 0.0, 0.0007689353966680201, 0.00023083838000113614, 0.03044863127874859, 0.0031736854124631607, 0.11904594945875346]","[220, 230, 333, 261, 225, 221, 221]","[240.04820251464844, 258.7642517089844, 319.8724365234375, 245.8175811767578, 200.56875610351562, 203.34349060058594, 221.6602783203125]"
2013-07-19,2013-07-25,3523.0,9962,6265.0,"[9, 0, 20, 14, 18, 0, 11]","[1, 3, 6, 1, 6, 0, 5]","[0.0, 0.028763011861137305, 0.003698052882642058, 0.0, 0.0, 0.08343165114137863, 0.0]","[230, 333, 261, 225, 221, 221, 185]","[248.5146942138672, 315.00408935546875, 244.6280975341797, 201.1175537109375, 201.1725311279297, 220.0882568359375, 220.65855407714844]"
2013-07-20,2013-07-26,3203.0,9792,6280.0,"[0, 20, 8, 0, 14, 0, 19]","[12, 5, 0, 11, 0, 2, 0]","[0.0, 0.0, 0.06799143383832013, 0.06528775934497191, 0.037260942587567465, 0.01363780495064593, 0.02287271931282982]","[333, 261, 225, 221, 221, 185, 234]","[311.5546875, 250.0016632080078, 206.01034545898438, 172.08009338378906, 219.39727783203125, 215.673583984375, 230.52017211914062]"
2013-07-21,2013-07-27,3594.0,9911,6140.0,"[9, 20, 20, 0, 12, 0, 0]","[8, 10, 0, 10, 3, 0, 0]","[0.0, 0.0, 0.0, 0.0, 0.0007013855436552516, 0.29733960677436316, 0.14783187161875722]","[261, 225, 221, 221, 185, 234, 319]","[248.95901489257812, 197.7153778076172, 199.61624145507812, 214.76718139648438, 218.1627655029297, 233.1262664794922, 305.0577087402344]"
2013-07-22,2013-07-28,3384.0,10028,6380.0,"[0, 20, 0, 1, 19, 2, 16]","[0, 3, 14, 0, 17, 0, 0]","[0.056206552137176624, 0.0, 0.0, 0.23008360504931302, 0.0, 0.24833159890939863, 0.0]","[225, 221, 221, 185, 234, 319, 185]","[201.96336364746094, 196.73373413085938, 220.03016662597656, 217.64590454101562, 231.18710327148438, 316.1787414550781, 260.76483154296875]"
2013-07-23,2013-07-29,2508.0,9718,5600.0,"[0, 0, 0, 20, 15, 0, 0]","[12, 4, 0, 6, 17, 0, 4]","[0.27653289841056855, 0.0, 0.3, 0.2178579791656051, 0.08957245589395209, 0.3, 0.0]","[221, 221, 185, 234, 319, 185, 185]","[209.1767120361328, 227.65957641601562, 228.4018096923828, 233.33213806152344, 310.8454895019531, 267.03448486328125, 186.68170166015625]"
2013-07-24,2013-07-30,3620.0,9860,6060.0,"[0, 20, 20, 13, 20, 0, 0]","[0, 0, 0, 11, 10, 0, 0]","[0.23904618682447626, 0.0, 0.00012806446844470149, 0.0, 0.0017317415943293064, 0.3, 0.2899284843665144]","[221, 185, 234, 319, 185, 185, 176]","[229.95367431640625, 222.9319610595703, 238.5750274658203, 311.03271484375, 241.38905334472656, 177.46820068359375, 178.67176818847656]"
2013-07-25,2013-07-31,3548.0,9843,6060.0,"[9, 20, 0, 20, 20, 4, 20]","[0, 0, 0, 2, 1, 0, 0]","[0.049536693818569816, 0.0, 0.22272503328027887, 0.0, 0.0, 0.0, 0.0]","[185, 234, 319, 185, 185, 176, 203]","[223.19097900390625, 234.1261749267578, 312.07373046875, 258.82501220703125, 184.39161682128906, 184.16978454589844, 183.73684692382812]"
2013-07-26,2013-08-01,4419.0,16557,10410.0,"[9, 9, 17, 3, 15, 13, 4]","[4, 18, 4, 9, 12, 14, 10]","[0.12199069574271669, 0.04722845038706536, 0.05230434774789877, 0.17554940784124648, 0.1822400459396862, 0.052280699245742746, 0.2514581054821499]","[234, 319, 185, 185, 176, 203, 239]","[223.01246643066406, 296.50787353515625, 250.7572021484375, 180.25918579101562, 175.0234375, 187.8565673828125, 223.88552856445312]"
2013-07-27,2013-08-02,3474.0,9911,6260.0,"[18, 6, 10, 0, 13, 0, 0]","[5, 0, 7, 17, 14, 0, 0]","[0.03460842178327263, 0.0, 0.011591737839710091, 0.0, 0.0, 0.0, 0.0]","[319, 185, 185, 176, 203, 239, 230]","[303.4230651855469, 254.44456481933594, 171.6781463623047, 180.2701873779297, 188.1897735595703, 225.34420776367188, 234.44302368164062]"
2013-07-28,2013-08-03,3307.0,9982,6365.0,"[9, 5, 9, 20, 6, 20, 0]","[13, 2, 0, 2, 0, 7, 0]","[0.0, 0.15014932774518414, 0.0037703082061513946, 0.0, 0.0, 0.0, 0.28964474305008825]","[185, 185, 176, 203, 239, 230, 303]","[250.47315979003906, 178.14642333984375, 167.24264526367188, 187.79481506347656, 224.93800354003906, 235.2461700439453, 321.82403564453125]"
2013-07-29,2013-08-04,4280.0,16957,10640.0,"[0, 9, 13, 6, 10, 9, 13]","[15, 7, 12, 12, 6, 18, 10]","[0.2475092252551051, 0.022288831702767218, 0.13704432257175206, 0.08838677654480066, 0.02326072640621808, 0.292584081368357, 0.05563127299992667]","[185, 176, 203, 239, 230, 303, 271]","[156.03485107421875, 171.87521362304688, 193.41824340820312, 224.47430419921875, 232.5638427734375, 320.36865234375, 214.99807739257812]"
2013-07-30,2013-08-05,3370.0,9955,6040.0,"[5, 19, 5, 20, 7, 12, 0]","[20, 0, 0, 3, 0, 0, 0]","[0.0, 0.07801007100147409, 0.0528273035531716, 0.0, 0.2553109145977157, 0.0, 0.2998946620619216]","[176, 203, 239, 230, 303, 271, 180]","[175.9963836669922, 192.61495971679688, 223.75729370117188, 234.4578857421875, 318.6548156738281, 217.3350830078125, 176.01329040527344]"
2013-07-31,2013-08-06,4122.0,16118,9560.0,"[8, 12, 3, 4, 16, 14, 13]","[18, 6, 11, 9, 3, 7, 7]","[0.03388912600178333, 0.18321014203021435, 0.26993633643908904, 0.03383533721391336, 0.29915350844220323, 0.24436528822860593, 0.07914018563190213]","[203, 239, 230, 303, 271, 180, 167]","[183.78570556640625, 230.52879333496094, 233.06752014160156, 319.6188049316406, 220.80413818359375, 175.4080352783203, 178.31353759765625]"
2013-08-01,2013-08-07,4401.0,15794,9780.0,"[8, 16, 1, 11, 19, 6, 3]","[16, 18, 6, 5, 2, 13, 9]","[0.16374173187507962, 0.008934583430064967, 0.11933262389695931, 0.2452547017792372, 0.1987352429821971, 0.06269021663019624, 0.026058003723405297]","[239, 230, 303, 271, 180, 167, 180]","[227.34625244140625, 232.5894317626953, 326.02838134765625, 220.19119262695312, 176.0327911376953, 182.45596313476562, 191.11183166503906]"
2013-08-02,2013-08-08,3025.0,9663,6415.0,"[1, 0, 20, 20, 9, 0, 0]","[0, 0, 13, 0, 19, 0, 9]","[0.2539514553938892, 0.29753647425291574, 0.009381718661714628, 0.0, 0.0, 0.0, 2.815159181309432e-05]","[230, 303, 271, 180, 167, 180, 203]","[233.08026123046875, 325.34088134765625, 219.03919982910156, 173.03970336914062, 185.28668212890625, 190.81451416015625, 214.73800659179688]"
2013-08-03,2013-08-09,3551.0,9894,6165.0,"[18, 0, 11, 20, 20, 0, 0]","[4, 0, 10, 3, 0, 0, 7]","[0.018685331645960604, 0.09114417779767094, 0.0, 0.0, 0.0026292421282893418, 0.08789710062065675, 0.0]","[303, 271, 180, 167, 180, 203, 235]","[321.7026672363281, 213.41098022460938, 174.94671630859375, 183.1869659423828, 188.82626342773438, 217.73101806640625, 262.7820129394531]"
2013-08-04,2013-08-10,3586.0,9981,6160.0,"[20, 16, 6, 20, 0, 0, 4]","[0, 7, 0, 0, 20, 0, 0]","[0.0, 0.0, 0.07486525961342393, 0.0, 0.0072012780036012905, 0.008154347966819851, 0.06924279097823675]","[271, 180, 167, 180, 203, 235, 307]","[218.57620239257812, 167.2821502685547, 186.81922912597656, 192.08462524414062, 216.76446533203125, 253.53176879882812, 303.88385009765625]"
2013-08-05,2013-08-11,2285.0,11431,7320.0,"[17, 11, 5, 0, 6, 4, 6]","[16, 0, 1, 5, 3, 13, 11]","[0.0860662463827734, 0.2728336570003072, 0.1672345504017931, 0.13157225751757567, 0.2069202809071923, 0.1585012537434371, 0.1401427635691834]","[180, 167, 180, 203, 235, 307, 240]","[183.00596618652344, 179.3979034423828, 191.1525421142578, 218.1070556640625, 256.1604309082031, 303.91510009765625, 236.03114318847656]"
2013-08-06,2013-08-12,3708.0,9962,6080.0,"[20, 16, 20, 16, 0, 0, 0]","[5, 0, 0, 17, 0, 0, 0]","[0.005565680195668266, 0.0, 0.0, 0.0, 0.0, 0.3, 0.05636708801085886]","[167, 180, 203, 235, 307, 240, 176]","[183.76214599609375, 192.68356323242188, 210.24209594726562, 263.3092346191406, 309.0935974121094, 245.51597595214844, 195.42141723632812]"
2013-08-07,2013-08-13,2918.0,9721,6105.0,"[14, 20, 0, 1, 10, 0, 0]","[16, 0, 3, 17, 3, 0, 3]","[0.023871711727362466, 0.0, 0.02552078876028326, 0.0, 0.2976331076540444, 0.3, 0.0]","[180, 203, 235, 307, 240, 176, 204]","[196.55029296875, 217.24156188964844, 260.41070556640625, 308.7255859375, 242.27716064453125, 197.04443359375, 188.4417724609375]"
2013-08-08,2013-08-14,3470.0,9852,6120.0,"[20, 20, 0, 2, 20, 0, 0]","[9, 1, 11, 0, 9, 0, 0]","[0.0, 0.0, 0.08686637642218387, 0.0, 0.0, 0.03245180305016057, 0.3]","[203, 235, 307, 240, 176, 204, 176]","[222.94595336914062, 256.4342956542969, 308.24322509765625, 244.67593383789062, 199.12193298339844, 197.39505004882812, 181.06016540527344]"
2013-08-09,2013-08-15,3584.0,9996,6240.0,"[20, 0, 20, 0, 20, 20, 4]","[0, 0, 12, 0, 0, 0, 0]","[0.0, 0.3, 0.0, 0.25762722780136615, 0.007881580096224985, 0.0, 0.014903276055404851]","[235, 307, 240, 176, 204, 176, 171]","[258.9269714355469, 309.3002624511719, 242.83721923828125, 198.10289001464844, 194.4713134765625, 177.22125244140625, 189.82131958007812]"
2013-08-10,2013-08-16,3524.0,9741,6030.0,"[20, 0, 20, 20, 20, 3, 2]","[0, 0, 10, 0, 1, 0, 0]","[0.0, 0.3, 0.0, 0.0, 0.014131492972227214, 0.0, 0.0]","[307, 240, 176, 204, 176, 171, 213]","[302.3577880859375, 241.71807861328125, 194.59442138671875, 193.38478088378906, 191.48507690429688, 191.9906768798828, 214.75587463378906]"
2013-08-11,2013-08-17,2567.0,9896,5980.0,"[6, 7, 4, 10, 4, 11, 10]","[2, 7, 10, 6, 1, 1, 5]","[0.18068011718045177, 0.017686567774335554, 0.173538180419465, 0.20434792799732232, 0.013752228657928965, 0.03139882772211742, 0.1859349160298488]","[240, 176, 204, 176, 171, 213, 312]","[242.28785705566406, 199.67044067382812, 188.71612548828125, 181.4456329345703, 185.55882263183594, 230.03147888183594, 311.1628723144531]"
2013-08-12,2013-08-18,3396.0,9979,6410.0,"[0, 0, 20, 6, 15, 19, 18]","[0, 9, 3, 5, 0, 0, 0]","[0.3, 0.0, 0.00012548856038819688, 0.0, 0.0007380466119436748, 0.0002569831918018935, 0.0]","[176, 204, 176, 171, 213, 312, 204]","[200.0286865234375, 192.87606811523438, 181.57310485839844, 184.00917053222656, 231.295166015625, 312.2353820800781, 246.1014862060547]"
2013-08-13,2013-08-19,3603.0,9998,6095.0,"[0, 12, 20, 19, 15, 0, 4]","[0, 11, 5, 1, 5, 0, 1]","[0.02764307545567157, 0.025445998030179474, 0.01599156817669549, 0.08213162527089234, 0.0, 0.3, 0.0]","[204, 176, 171, 213, 312, 204, 177]","[181.3638458251953, 182.00186157226562, 184.477294921875, 223.52859497070312, 309.8199768066406, 240.56613159179688, 123.81867218017578]"
2013-08-14,2013-08-20,3012.0,9741,5920.0,"[20, 0, 0, 19, 13, 2, 1]","[9, 8, 4, 9, 0, 0, 2]","[0.003970128259877748, 0.20333838089974907, 0.0, 0.0, 0.19840922036189118, 0.03334995787133058, 0.16772411103829782]","[176, 171, 213, 312, 204, 177, 154]","[188.32472229003906, 185.2822723388672, 229.97857666015625, 309.6358337402344, 244.6390380859375, 134.08946228027344, 170.14964294433594]"
2013-08-15,2013-08-21,3494.0,9996,6330.0,"[20, 0, 20, 20, 0, 0, 3]","[0, 0, 0, 3, 19, 0, 8]","[0.0, 0.0, 0.0, 0.0, 0.0, 0.3, 0.0]","[171, 213, 312, 204, 177, 154, 190]","[190.02890014648438, 228.31167602539062, 313.321533203125, 241.66412353515625, 130.9055633544922, 176.78347778320312, 166.04876708984375]"
2013-08-16,2013-08-22,3402.0,9940,6350.0,"[20, 2, 6, 0, 13, 0, 19]","[4, 0, 18, 0, 10, 0, 0]","[0.0, 0.084353969056155, 0.0, 0.24432716947191027, 0.004487729160654192, 0.009595093279180938, 5.685090224910365e-06]","[213, 312, 204, 177, 154, 190, 181]","[226.79531860351562, 312.80511474609375, 244.90585327148438, 126.46009826660156, 168.2526397705078, 163.934326171875, 202.08009338378906]"
2013-08-17,2013-08-23,3505.0,9945,6265.0,"[20, 20, 3, 20, 0, 10, 0]","[0, 0, 14, 0, 0, 0, 7]","[0.0, 0.0, 0.0, 0.028785398560650467, 0.1490658572287671, 0.029110408842183758, 0.0]","[312, 204, 177, 154, 190, 181, 199]","[316.76519775390625, 244.5127716064453, 132.5853271484375, 166.7241973876953, 161.26539611816406, 205.8374786376953, 219.88531494140625]"
2013-08-18,2013-08-24,3432.0,9928,6320.0,"[5, 9, 17, 15, 14, 3, 4]","[3, 5, 0, 4, 4, 3, 7]","[0.0, 0.0, 0.0, 0.0, 0.0, 0.0, 0.01650332637177981]","[204, 177, 154, 190, 181, 199, 304]","[248.26316833496094, 126.19391632080078, 168.41900634765625, 171.28048706054688, 206.20069885253906, 218.17599487304688, 312.25042724609375]"
2013-08-19,2013-08-25,3494.0,9996,6330.0,"[10, 0, 20, 20, 0, 16, 11]","[12, 0, 3, 3, 0, 0, 0]","[0.0, 0.25630414155031567, 0.0, 0.008416856089609435, 0.19064461419500164, 0.03046583131099325, 0.0]","[177, 154, 190, 181, 199, 304, 240]","[157.8251953125, 165.00711059570312, 170.1786651611328, 214.44168090820312, 221.19631958007812, 317.3822326660156, 241.1149139404297]"
2013-08-20,2013-08-26,3514.0,9911,6220.0,"[0, 20, 20, 13, 2, 0, 20]","[0, 0, 0, 0, 19, 0, 0]","[0.3, 0.0, 0.0, 0.0, 0.00014125061302883428, 0.06809123073241506, 0.0]","[154, 190, 181, 199, 304, 240, 168]","[178.82794189453125, 172.4862518310547, 212.17276000976562, 216.59686279296875, 309.783203125, 241.70693969726562, 174.10702514648438]"
2013-08-21,2013-08-27,3574.0,9911,6160.0,"[0, 20, 2, 20, 20, 0, 20]","[0, 0, 0, 4, 9, 0, 0]","[0.3, 0.0, 0.004113267907169292, 0.0, 0.0, 0.0, 0.0]","[190, 181, 199, 304, 240, 168, 150]","[175.07948303222656, 212.544921875, 216.14793395996094, 313.89996337890625, 241.2746124267578, 174.04458618164062, 158.86471557617188]"
2013-08-22,2013-08-28,4026.0,17416,10550.0,"[15, 3, 10, 19, 7, 5, 2]","[7, 14, 4, 19, 8, 15, 13]","[0.11631998419116427, 0.1559229269505219, 0.020759243029706997, 0.19268626228653682, 0.16906656885665913, 0.2821277796040187, 0.1467597745119996]","[181, 199, 304, 240, 168, 150, 150]","[226.00344848632812, 220.79759216308594, 328.63818359375, 237.68617248535156, 173.74842834472656, 155.75885009765625, 173.86404418945312]"
2013-08-23,2013-08-29,3623.0,9973,6140.0,"[4, 20, 20, 20, 0, 2, 0]","[19, 0, 7, 0, 1, 0, 0]","[0.0, 0.0, 0.0, 0.0, 0.2554567249986916, 0.0, 0.0]","[199, 304, 240, 168, 150, 150, 172]","[212.9885711669922, 316.0941162109375, 229.93873596191406, 164.17803955078125, 152.90333557128906, 174.68319702148438, 163.4646453857422]"
2013-08-24,2013-08-30,3273.0,9668,6185.0,"[5, 19, 18, 1, 17, 2, 13]","[8, 0, 1, 0, 9, 1, 0]","[0.0, 0.0, 0.03580101251804634, 0.15983925501601867, 0.0, 0.0, 0.0]","[304, 240, 168, 150, 150, 172, 213]","[309.275634765625, 235.24449157714844, 171.3377227783203, 151.9160919189453, 171.2921905517578, 166.5836639404297, 203.14663696289062]"
2013-08-25,2013-08-31,3224.0,9660,6150.0,"[20, 16, 2, 6, 16, 1, 0]","[3, 1, 0, 19, 8, 0, 0]","[1.3499579587252628e-05, 0.0, 0.25288272552025415, 0.02216958675013918, 0.0, 0.26040214222549685, 0.008541069900954334]","[240, 168, 150, 150, 172, 213, 340]","[239.18174743652344, 165.41065979003906, 145.39291381835938, 169.93649291992188, 163.4476776123047, 196.82180786132812, 322.345703125]"
2013-08-26,2013-09-01,1666.0,11166,6645.0,"[2, 14, 5, 0, 0, 18, 6]","[5, 14, 5, 0, 14, 1, 6]","[0.13559235771498737, 0.2673861401290123, 0.19297661017009915, 0.050655653940829805, 0.2274477146050325, 0.2679908224549094, 0.20664181585282193]","[168, 150, 150, 172, 213, 340, 272]","[171.34950256347656, 150.29412841796875, 167.74192810058594, 169.0225830078125, 205.46347045898438, 317.5942077636719, 238.80740356445312]"
2013-08-27,2013-09-02,4533.0,20061,12340.0,"[8, 3, 16, 16, 3, 7, 19]","[4, 15, 15, 14, 11, 14, 18]","[0.0852939511909668, 0.23610117326963728, 0.21596738960837494, 0.04353300817051515, 0.25381198480370204, 0.24863059747015856, 0.18238306142734298]","[150, 150, 172, 213, 340, 272, 304]","[152.21414184570312, 167.3096923828125, 165.18661499023438, 203.20089721679688, 313.41107177734375, 235.25741577148438, 210.86111450195312]"
2013-08-28,2013-09-03,3714.0,9911,6020.0,"[20, 20, 0, 15, 20, 0, 0]","[0, 0, 19, 0, 0, 0, 0]","[0.0, 0.0, 0.0, 0.026890359019279948, 0.0, 0.3, 0.0]","[150, 172, 213, 340, 272, 304, 122]","[174.44432067871094, 160.9632110595703, 189.52227783203125, 335.6777648925781, 219.51974487304688, 199.3150177001953, 166.41197204589844]"
2013-08-29,2013-09-04,3452.0,9994,6150.0,"[7, 20, 20, 2, 6, 11, 0]","[0, 0, 12, 2, 12, 0, 0]","[0.2553955774601011, 0.0013349851918307998, 0.013101130777414281, 0.0, 0.008765704717377754, 0.0, 0.27723711298513104]","[172, 213, 340, 272, 304, 122, 109]","[163.65528869628906, 196.90914916992188, 319.06573486328125, 228.83824157714844, 198.03607177734375, 184.95480346679688, 153.26377868652344]"
2013-08-30,2013-09-05,3676.0,10017,6070.0,"[18, 4, 10, 20, 20, 0, 1]","[13, 0, 0, 8, 0, 0, 0]","[0.0, 0.21225157040578072, 0.0, 0.0, 0.0, 0.3, 0.0]","[213, 340, 272, 304, 122, 109, 122]","[197.50192260742188, 321.072021484375, 226.03793334960938, 203.39332580566406, 176.22732543945312, 155.067138671875, 155.830078125]"
2013-08-31,2013-09-06,3032.0,9588,6360.0,"[6, 19, 19, 0, 0, 3, 9]","[7, 0, 10, 0, 19, 0, 0]","[0.0, 0.0, 0.0, 0.0, 0.0, 0.0, 0.0]","[340, 272, 304, 122, 109, 122, 159]","[315.9766845703125, 229.14141845703125, 199.2465057373047, 180.7247772216797, 153.86659240722656, 156.32601928710938, 168.88255310058594]"
2013-09-01,2013-09-07,3712.0,9928,6040.0,"[14, 20, 20, 0, 20, 0, 0]","[20, 0, 0, 0, 0, 0, 0]","[0.0, 0.0, 0.0, 0.0, 0.0, 0.3, 0.0]","[272, 304, 122, 109, 122, 159, 245]","[223.93228149414062, 194.3993377685547, 171.157470703125, 150.15550231933594, 165.3148651123047, 168.65159606933594, 274.1219787597656]"
2013-09-02,2013-09-08,2971.0,9736,6350.0,"[5, 7, 3, 7, 0, 9, 9]","[12, 3, 13, 7, 5, 2, 4]","[0.0, 0.0, 0.0, 0.1388342267882014, 0.04582013049211752, 0.0, 0.0]","[304, 122, 109, 122, 159, 245, 181]","[188.68617248535156, 180.90708923339844, 143.06072998046875, 159.88043212890625, 171.66659545898438, 269.5872802734375, 239.62460327148438]"
2013-09-03,2013-09-09,2908.0,9367,6250.0,"[0, 20, 20, 14, 0, 19, 0]","[0, 0, 0, 14, 7, 0, 0]","[0.3, 0.0, 0.0, 0.0, 0.0, 0.0, 0.0]","[122, 109, 122, 159, 245, 181, 132]","[192.56610107421875, 158.47695922851562, 177.02659606933594, 182.14393615722656, 265.4047546386719, 240.8909912109375, 153.50535583496094]"
2013-09-04,2013-09-10,2434.0,9061,6400.0,"[13, 10, 0, 0, 13, 0, 0]","[9, 12, 18, 14, 0, 0, 0]","[0.0, 0.0, 0.03427682221209183, 0.00638456209365854, 0.0, 0.021666534772677742, 0.0]","[109, 122, 159, 245, 181, 132, 109]","[145.78050231933594, 158.69110107421875, 169.15354919433594, 275.3935241699219, 238.89324951171875, 136.11590576171875, 136.95204162597656]"
2013-09-05,2013-09-11,3319.0,9937,6025.0,"[8, 20, 20, 0, 6, 17, 2]","[0, 0, 17, 0, 0, 1, 0]","[0.2978626167582653, 0.0, 0.015936956166541474, 0.0, 0.0, 0.07347937099484737, 0.0]","[122, 159, 245, 181, 132, 109, 505]","[154.73118591308594, 169.43618774414062, 258.2139892578125, 223.4234619140625, 163.350341796875, 133.44354248046875, 446.807373046875]"
2013-09-06,2013-09-12,4388.0,15822,9585.0,"[14, 12, 14, 6, 6, 19, 5]","[8, 12, 10, 12, 0, 12, 3]","[0.10686034530535196, 0.18476577446622391, 0.12910820810461365, 0.2285406016029822, 0.1757811630208956, 0.08523983336480746, 0.1329909378606181]","[159, 245, 181, 132, 109, 505, 554]","[164.4642333984375, 255.48248291015625, 225.71435546875, 159.02700805664062, 130.386474609375, 454.23284912109375, 560.9918212890625]"
2013-09-07,2013-09-13,2324.0,9987,6015.0,"[3, 2, 5, 8, 5, 1, 4]","[4, 9, 13, 1, 4, 9, 10]","[0.25388489721403185, 0.024035866272801642, 0.2928477048733353, 0.0776319010901453, 0.21200110761919483, 0.08825734178168963, 0.0906327516156907]","[245, 181, 132, 109, 505, 554, 737]","[253.3695068359375, 230.89620971679688, 157.26853942871094, 140.6156005859375, 450.0076599121094, 567.34521484375, 1105.832763671875]"
2013-09-08,2013-09-14,2959.0,12760,7515.0,"[9, 5, 0, 19, 2, 15, 15]","[10, 1, 1, 2, 12, 10, 3]","[0.17693802447971457, 0.2858209485198138, 0.10156479032376094, 0.12098663907823483, 0.12701503371174985, 0.2625815222206186, 0.15462589218807213]","[181, 132, 109, 505, 554, 737, 250]","[232.34507751464844, 146.2903594970703, 133.35707092285156, 434.61529541015625, 632.7682495117188, 1021.1259155273438, 352.193603515625]"
2013-09-09,2013-09-15,3350.0,9690,6150.0,"[0, 20, 7, 20, 20, 3, 0]","[0, 1, 20, 3, 0, 0, 0]","[0.3, 0.0, 0.0, 0.0, 0.0, 0.0, 0.3]","[132, 109, 505, 554, 737, 250, 205]","[137.67965698242188, 135.58103942871094, 449.3544921875, 562.2462768554688, 1096.0645751953125, 311.39068603515625, 198.9869842529297]"
2013-09-10,2013-09-16,3356.0,9724,6180.0,"[11, 20, 0, 9, 19, 0, 0]","[8, 4, 0, 7, 14, 0, 0]","[0.0, 0.0, 0.3, 0.007621221701172375, 0.0, 0.3, 0.0]","[109, 505, 554, 737, 250, 205, 163]","[131.75782775878906, 455.9695739746094, 560.4541625976562, 1074.045166015625, 312.19610595703125, 197.19700622558594, 113.0759048461914]"
2013-09-11,2013-09-17,3421.0,9928,6055.0,"[19, 5, 9, 5, 20, 0, 0]","[13, 0, 0, 18, 0, 1, 0]","[0.0036708025497664857, 0.3, 0.08680764449978026, 0.0, 0.0, 0.02431870323485123, 0.027031329847318923]","[505, 554, 737, 250, 205, 163, 137]","[431.2553405761719, 632.3651123046875, 1028.02880859375, 353.3834228515625, 202.21124267578125, 105.88033294677734, 161.89886474609375]"
2013-09-12,2013-09-18,3386.0,9979,6420.0,"[20, 0, 0, 0, 17, 20, 0]","[15, 20, 0, 0, 0, 0, 0]","[0.0, 0.0007487089244619078, 0.0, 0.3, 0.024824863350630264, 0.0, 0.15099677066411535]","[554, 737, 250, 205, 163, 137, 128]","[608.4923095703125, 1121.5247802734375, 313.05633544921875, 199.4915771484375, 112.8792495727539, 159.78656005859375, 133.47889709472656]"
2013-09-13,2013-09-19,3450.0,9945,6320.0,"[18, 19, 0, 9, 0, 0, 20]","[16, 11, 0, 0, 0, 0, 0]","[0.0, 0.0, 0.06072046086478142, 0.03542615136781981, 0.13186839478345827, 0.0, 0.0]","[737, 250, 205, 163, 137, 128, 137]","[970.7942504882812, 325.66314697265625, 218.1236114501953, 143.46192932128906, 154.4954376220703, 146.2566680908203, 173.52676391601562]"
2013-09-14,2013-09-20,3061.0,9214,5935.0,"[16, 10, 0, 7, 5, 15, 0]","[8, 7, 7, 7, 0, 1, 2]","[0.0, 0.0, 0.0, 0.0, 0.0, 0.0, 0.0]","[250, 205, 163, 137, 128, 137, 214]","[304.9150695800781, 202.27821350097656, 118.0040054321289, 172.9258270263672, 124.69279479980469, 137.42630004882812, 171.44113159179688]"
2013-09-15,2013-09-21,3252.0,9854,6140.0,"[20, 8, 12, 3, 0, 4, 0]","[9, 0, 10, 3, 19, 0, 0]","[0.0, 0.0, 0.0, 0.0, 0.13865255728926063, 0.0003402506649214685, 0.0015495945218290536]","[205, 163, 137, 128, 137, 214, 269]","[191.32350158691406, 110.7849349975586, 175.89012145996094, 127.66986083984375, 140.72068786621094, 173.9027099609375, 279.2893371582031]"
2013-09-16,2013-09-22,2619.0,9664,6145.0,"[0, 1, 0, 4, 17, 20, 3]","[0, 15, 4, 17, 3, 0, 1]","[0.29174454218240664, 0.0005256530806961035, 0.005556293675766374, 0.002690172073913482, 0.16194909670429897, 0.1273289966600714, 0.18047460461692982]","[163, 137, 128, 137, 214, 269, 200]","[112.8560791015625, 158.74130249023438, 127.34912109375, 143.30972290039062, 167.01914978027344, 266.64556884765625, 219.0059814453125]"
2013-09-17,2013-09-23,2075.0,8401,5295.0,"[7, 3, 1, 0, 7, 15, 3]","[4, 5, 6, 6, 10, 2, 3]","[0.021187032028388984, 0.1261066536204789, 0.13313550977636573, 0.09793120564647972, 0.16960570736856623, 0.03286171533847077, 0.14123057848372922]","[137, 128, 137, 214, 269, 200, 123]","[154.1473388671875, 141.4786834716797, 170.31253051757812, 182.9176025390625, 261.8725280761719, 223.84820556640625, 161.20822143554688]"
2013-09-18,2013-09-24,3382.0,9571,5920.0,"[20, 20, 20, 19, 9, 0, 0]","[0, 6, 0, 0, 2, 0, 0]","[0.0, 0.0, 0.0, 0.0, 0.08432533320862456, 0.0, 0.0]","[128, 137, 214, 269, 200, 123, 128]","[140.92990112304688, 169.2805633544922, 182.46478271484375, 262.0575256347656, 224.78016662597656, 162.22573852539062, 116.25611877441406]"
2013-09-19,2013-09-25,3554.0,9999,6120.0,"[6, 20, 19, 20, 0, 8, 10]","[0, 0, 0, 9, 3, 0, 0]","[0.0, 0.03680698949023003, 0.0, 0.0, 0.3, 0.0, 0.0]","[137, 214, 269, 200, 123, 128, 132]","[168.466064453125, 182.2458038330078, 263.2898254394531, 224.82872009277344, 162.0397186279297, 117.3275375366211, 140.91139221191406]"
2013-09-20,2013-09-26,3571.0,9976,6210.0,"[19, 4, 19, 14, 8, 0, 1]","[0, 13, 5, 4, 2, 1, 3]","[0.03660644929779057, 0.0, 0.0, 0.01601954904221114, 0.0, 0.14880202960095673, 0.032059279780305504]","[214, 269, 200, 123, 128, 132, 146]","[179.42486572265625, 262.4665222167969, 223.34222412109375, 161.28262329101562, 115.93843841552734, 138.70130920410156, 156.94873046875]"
2013-09-21,2013-09-27,3362.0,16849,10185.0,"[18, 9, 9, 11, 8, 7, 7]","[8, 16, 0, 3, 10, 19, 12]","[0.2905967576799575, 0.19527095794039964, 0.15093531202817825, 0.17043203504499216, 0.05252747832920783, 0.19688638959542698, 0.25603144877376494]","[269, 200, 123, 128, 132, 146, 191]","[264.6552734375, 224.7465057373047, 160.89801025390625, 115.96080780029297, 138.77703857421875, 156.01515197753906, 183.42835998535156]"
2013-09-22,2013-09-28,4018.0,17606,10405.0,"[17, 11, 15, 15, 8, 18, 18]","[11, 14, 5, 2, 4, 9, 2]","[0.0079978449781682, 0.14893548798317235, 0.2845606056441914, 0.2057057889253622, 0.09432618253694876, 0.2896781455044637, 0.256886173673884]","[200, 123, 128, 132, 146, 191, 297]","[223.9847412109375, 162.38475036621094, 115.56101989746094, 139.73133850097656, 156.62808227539062, 182.8790740966797, 272.1138610839844]"
2013-09-23,2013-09-29,2866.0,9301,6120.0,"[15, 15, 10, 0, 20, 0, 4]","[10, 0, 10, 2, 6, 0, 0]","[0.0, 1.9415558822659544e-06, 0.0, 0.3, 0.0, 0.1510271202497863, 0.037120904482839695]","[123, 128, 132, 146, 191, 297, 187]","[161.7746124267578, 114.76441192626953, 139.47576904296875, 156.4864959716797, 183.707763671875, 271.5424499511719, 222.24945068359375]"
2013-09-24,2013-09-30,3526.0,9809,6100.0,"[19, 20, 12, 20, 0, 0, 0]","[0, 0, 12, 0, 11, 0, 0]","[0.0, 0.0, 0.011965278611646812, 0.004562802160325351, 0.0, 0.017906288291665705, 0.0]","[128, 132, 146, 191, 297, 187, 101]","[114.94450378417969, 138.39414978027344, 156.5065460205078, 183.6708526611328, 270.11572265625, 221.10484313964844, 142.12620544433594]"
2013-09-25,2013-10-01,3775.0,14269,9160.0,"[18, 16, 15, 18, 2, 3, 15]","[6, 3, 10, 5, 4, 10, 6]","[0.2022662993403781, 0.08982615938046885, 0.08268961309417697, 0.1355934362594603, 0.01279292705744881, 0.1401091525232507, 0.01540713362424162]","[132, 146, 191, 297, 187, 101, 101]","[141.55857849121094, 162.01617431640625, 187.29440307617188, 271.78375244140625, 221.5676727294922, 143.2192840576172, 127.54484558105469]"
2013-09-26,2013-10-02,1629.0,17649,13640.0,"[3, 15, 7, 15, 9, 6, 15]","[11, 17, 13, 17, 17, 19, 15]","[0.29399322285071144, 0.14443373354823638, 0.16928843758454845, 0.18013323306564685, 0.0894164706301456, 0.0837839395906075, 0.1363824377757882]","[146, 191, 297, 187, 101, 101, 123]","[159.02748107910156, 186.35888671875, 272.8594970703125, 219.0490264892578, 142.6962127685547, 127.417724609375, 130.82318115234375]"
2013-09-27,2013-10-03,2903.0,9920,6355.0,"[14, 12, 0, 15, 15, 14, 0]","[2, 0, 3, 0, 0, 6, 11]","[0.0382600196043517, 0.055329952956229285, 0.0037049838010406303, 0.12837909791371693, 0.037244310870733564, 0.07600944689655767, 0.0]","[191, 297, 187, 101, 101, 123, 156]","[187.42262268066406, 273.16058349609375, 221.1232452392578, 143.82650756835938, 127.16111755371094, 130.58868408203125, 145.1818084716797]"
2013-09-28,2013-10-04,2614.0,9061,6220.0,"[20, 13, 0, 20, 0, 0, 0]","[18, 1, 19, 0, 0, 0, 0]","[0.007983889729469494, 0.0, 0.0, 0.0, 0.039101527947722176, 0.0, 0.3]","[297, 187, 101, 101, 123, 156, 210]","[273.6438903808594, 220.9250946044922, 143.77999877929688, 127.07862091064453, 129.85047912597656, 144.48770141601562, 192.6621856689453]"
2013-09-29,2013-10-05,2910.0,9605,6500.0,"[18, 0, 20, 0, 20, 0, 16]","[0, 0, 0, 0, 0, 20, 0]","[0.01763779518130332, 0.0, 0.0, 0.3, 0.0, 0.0, 0.0]","[187, 101, 101, 123, 156, 210, 347]","[221.0127716064453, 143.85711669921875, 127.21251678466797, 130.22825622558594, 144.1497039794922, 193.52760314941406, 288.090087890625]"
2013-09-30,2013-10-06,3358.0,9537,5980.0,"[20, 18, 20, 20, 7, 0, 0]","[0, 0, 0, 0, 11, 0, 0]","[0.0, 0.0, 0.0, 0.007357471460288832, 0.0, 0.015053790187201918, 0.27562610513342745]","[101, 101, 123, 156, 210, 347, 224]","[143.70675659179688, 126.22440338134766, 129.890380859375, 143.3446807861328, 193.47378540039062, 289.7593994140625, 230.32464599609375]"
2013-10-01,2013-10-07,3278.0,9622,6150.0,"[20, 8, 20, 0, 20, 8, 9]","[0, 11, 0, 0, 0, 0, 0]","[0.0, 0.0, 0.003318574902166256, 0.3, 0.0, 0.0, 0.0]","[101, 123, 156, 210, 347, 224, 128]","[124.38864135742188, 127.39805603027344, 143.94151306152344, 191.24639892578125, 288.0347595214844, 229.17343139648438, 138.13104248046875]"
2013-10-02,2013-10-08,3586.0,9979,6220.0,"[13, 0, 7, 17, 20, 0, 0]","[5, 9, 20, 1, 0, 0, 0]","[0.0, 0.0, 0.01396227626478457, 0.0, 0.0, 0.2999631376118021, 0.06492729534233851]","[123, 156, 210, 347, 224, 128, 138]","[114.91374969482422, 127.46258544921875, 183.05496215820312, 301.6181945800781, 214.09498596191406, 103.5802001953125, 78.08349609375]"
2013-10-03,2013-10-09,3089.0,9784,6435.0,"[10, 10, 2, 13, 0, 0, 11]","[4, 17, 0, 0, 20, 0, 3]","[0.0, 0.0, 0.29472318340727927, 0.025004464166063292, 0.0, 0.00022162075079002055, 0.0]","[156, 210, 347, 224, 128, 138, 147]","[143.5105438232422, 190.9501190185547, 287.8713684082031, 229.36819458007812, 138.420166015625, 100.01423645019531, 132.1082305908203]"
2013-10-04,2013-10-10,3178.0,9962,6610.0,"[8, 0, 0, 7, 0, 12, 17]","[5, 20, 0, 11, 10, 0, 0]","[0.0, 0.0, 0.3, 0.0, 0.0, 0.0, 0.0]","[210, 347, 224, 128, 138, 147, 178]","[191.42626953125, 287.4429931640625, 228.3892059326172, 137.9458465576172, 98.78158569335938, 132.9041748046875, 161.756591796875]"
2013-10-05,2013-10-11,3662.0,9963,6000.0,"[20, 20, 0, 14, 20, 0, 12]","[4, 1, 2, 2, 0, 0, 0]","[0.0, 0.0, 0.0, 0.027695541107025386, 0.08923975390352962, 0.0, 0.009512925503649045]","[347, 224, 128, 138, 147, 178, 233]","[289.6766357421875, 231.33050537109375, 139.66439819335938, 102.53598022460938, 133.5541534423828, 162.0213623046875, 225.43106079101562]"
2013-10-06,2013-10-12,3236.0,9757,6300.0,"[2, 20, 7, 0, 20, 14, 10]","[3, 3, 8, 2, 5, 0, 0]","[0.07356167565804116, 0.01876957690955137, 0.0, 0.010094342830060343, 0.0, 0.0, 7.138361727854023e-05]","[224, 128, 138, 147, 178, 233, 1308]","[234.42433166503906, 140.81488037109375, 101.22940826416016, 132.73397827148438, 163.8074951171875, 226.33285522460938, 1122.8876953125]"
2013-10-07,2013-10-13,3754.0,9996,6070.0,"[0, 16, 20, 20, 20, 0, 1]","[9, 0, 0, 5, 4, 0, 0]","[0.004874653208742324, 0.0, 0.0, 0.0, 0.0230954255836397, 0.3, 0.0]","[128, 138, 147, 178, 233, 1308, 1020]","[140.0399169921875, 100.39470672607422, 132.3244171142578, 164.65518188476562, 225.30429077148438, 1124.0517578125, 881.5175170898438]"
2013-10-08,2013-10-14,3676.0,9894,6040.0,"[9, 20, 11, 13, 20, 2, 8]","[0, 0, 1, 11, 0, 0, 0]","[0.03690053714467141, 0.0, 0.0, 0.03359222190172849, 0.0, 0.0, 0.0]","[138, 147, 178, 233, 1308, 1020, 595]","[100.03462982177734, 132.07492065429688, 164.2130584716797, 225.61607360839844, 1123.5296630859375, 880.9473266601562, 812.9874877929688]"
2013-10-09,2013-10-15,3594.0,14871,9620.0,"[7, 2, 8, 4, 13, 19, 7]","[18, 2, 15, 16, 2, 14, 2]","[0.09167527911822662, 0.12288250490160725, 0.04998754733563155, 0.1825259107034297, 0.18511655217139386, 0.093655826261235, 0.11635903898691785]","[147, 178, 233, 1308, 1020, 595, 138]","[132.44374084472656, 164.05921936035156, 224.68031311035156, 1125.2200927734375, 881.551513671875, 813.9329833984375, 97.3577880859375]"
2013-10-10,2013-10-16,3273.0,9962,6515.0,"[2, 20, 0, 8, 0, 0, 0]","[17, 12, 3, 1, 20, 5, 0]","[0.0, 0.0, 0.0, 0.018849495462359506, 0.0, 0.011623281778675644, 0.18592569359856947]","[178, 233, 1308, 1020, 595, 138, 147]","[163.76441955566406, 225.25039672851562, 1123.290283203125, 881.1845703125, 812.75927734375, 99.92694091796875, 120.749755859375]"
2013-10-11,2013-10-17,3708.0,9962,6080.0,"[19, 14, 3, 20, 16, 0, 0]","[0, 0, 20, 2, 0, 0, 0]","[0.0, 0.0022664406558926594, 0.0, 0.011206794888103803, 0.0, 0.3, 0.3]","[233, 1308, 1020, 595, 138, 147, 133]","[226.2219696044922, 1125.245849609375, 881.6375122070312, 812.25146484375, 99.1810302734375, 120.2100830078125, 161.53759765625]"
2013-10-12,2013-10-18,2551.0,9998,6185.0,"[0, 13, 8, 7, 2, 6, 10]","[3, 1, 2, 8, 9, 8, 7]","[0.24868873549038245, 0.19837439860045647, 0.2148899619986524, 0.006178041927569481, 0.08724987963668525, 0.1805269969191424, 0.016054911306596982]","[1308, 1020, 595, 138, 147, 133, 183]","[1123.948486328125, 882.9978637695312, 809.8218383789062, 100.97132110595703, 121.18038177490234, 161.75509643554688, 181.31112670898438]"
2013-10-13,2013-10-19,3412.0,9928,6340.0,"[20, 0, 16, 19, 19, 0, 0]","[0, 0, 0, 0, 0, 20, 0]","[0.0, 0.3, 0.0, 0.0, 0.0, 0.0, 0.0]","[1020, 595, 138, 147, 133, 183, 280]","[885.7703857421875, 802.863525390625, 101.33123779296875, 122.03044128417969, 162.65428161621094, 182.84274291992188, 267.0714111328125]"
2013-10-14,2013-10-20,3094.0,9741,6460.0,"[0, 20, 20, 12, 0, 10, 0]","[20, 0, 0, 13, 0, 0, 0]","[0.0, 0.0, 0.0, 0.0, 0.28764647662864223, 0.0, 0.23211478267150165]","[595, 138, 147, 133, 183, 280, 210]","[817.9039916992188, 102.67457580566406, 124.59612274169922, 165.0611572265625, 184.56468200683594, 271.6461181640625, 214.0327911376953]"
2013-10-15,2013-10-21,3742.0,10013,6100.0,"[17, 20, 0, 20, 20, 20, 0]","[0, 0, 1, 0, 0, 0, 0]","[0.0, 0.0, 0.0011270258707392427, 0.0, 0.0, 0.0, 0.3]","[138, 147, 133, 183, 280, 210, 105]","[99.9093246459961, 125.2586669921875, 164.74063110351562, 184.965087890625, 272.6890869140625, 211.51541137695312, 152.2867431640625]"
2013-10-16,2013-10-22,-349.0,12865,10820.0,"[19, 5, 3, 8, 0, 10, 12]","[17, 12, 0, 12, 6, 17, 19]","[0.2763381874162459, 0.04606365989596734, 0.12483117232584268, 0.07213322158161635, 0.20025659654984812, 0.2244032332421695, 0.23096508241950886]","[147, 133, 183, 280, 210, 105, 110]","[126.28820037841797, 165.3415985107422, 187.23912048339844, 274.43255615234375, 214.78077697753906, 155.98736572265625, 118.03182983398438]"
2013-10-17,2013-10-23,3378.0,9980,6410.0,"[3, 13, 0, 20, 7, 9, 6]","[0, 13, 9, 7, 1, 2, 2]","[0.08848490903173137, 0.0, 0.0, 0.02171850836111161, 0.03779173218858339, 0.0370490995650299, 0.0]","[133, 183, 280, 210, 105, 110, 142]","[170.8803253173828, 183.53860473632812, 285.32989501953125, 234.6339569091797, 122.9397964477539, 121.62388610839844, 132.25778198242188]"
2013-10-18,2013-10-24,3570.0,16599,10800.0,"[16, 19, 9, 9, 17, 14, 16]","[11, 3, 14, 1, 13, 9, 3]","[0.29484937396365074, 0.05383148309017207, 0.10420183908258383, 0.16472420317093897, 0.2016160244507814, 0.04426517664983158, 0.06473074503286842]","[183, 280, 210, 105, 110, 142, 147]","[176.98712158203125, 272.3999938964844, 207.07186889648438, 144.98776245117188, 116.02607727050781, 133.15846252441406, 152.55201721191406]"
2013-10-19,2013-10-25,2578.0,9131,5980.0,"[0, 20, 18, 19, 8, 0, 0]","[20, 0, 6, 0, 0, 0, 0]","[0.0, 0.0, 0.0, 0.0, 0.3, 0.3, 0.00017186413697756805]","[280, 210, 105, 110, 142, 147, 238]","[272.10406494140625, 216.98300170898438, 156.2804718017578, 118.53933715820312, 138.4978790283203, 154.72677612304688, 211.69821166992188]"
2013-10-20,2013-10-26,1658.0,13063,9405.0,"[5, 16, 14, 10, 3, 0, 16]","[6, 17, 8, 8, 6, 17, 2]","[0.2593332499139051, 0.11310231150855753, 0.16886922285386788, 0.10437888413405179, 0.27250406500489044, 0.030213557424575654, 0.2095517723044198]","[210, 105, 110, 142, 147, 238, 303]","[225.06234741210938, 126.07756805419922, 121.84151458740234, 131.6840057373047, 151.69656372070312, 207.47525024414062, 306.45849609375]"
2013-10-21,2013-10-27,2627.0,9587,5830.0,"[20, 12, 0, 18, 3, 0, 8]","[0, 2, 9, 5, 3, 1, 5]","[0.0, 0.17322977572676157, 0.28526302225846223, 0.07554662429239428, 0.1827680002637374, 0.0, 0.01925253658463842]","[105, 110, 142, 147, 238, 303, 216]","[128.01913452148438, 124.18522644042969, 134.82281494140625, 151.41123962402344, 207.40640258789062, 303.69866943359375, 185.80487060546875]"
2013-10-22,2013-10-28,2825.0,9964,5945.0,"[2, 4, 9, 11, 9, 10, 5]","[2, 10, 0, 10, 7, 2, 3]","[0.13861695895162734, 0.07792671499192051, 0.028076340144075153, 0.08612761480619516, 0.2075136377511834, 0.07298507831177672, 0.2245639013045877]","[110, 142, 147, 238, 303, 216, 151]","[116.14200592041016, 134.4717559814453, 153.86087036132812, 209.6635284423828, 297.04644775390625, 191.65830993652344, 161.04684448242188]"
2013-10-23,2013-10-29,3234.0,10109,6470.0,"[5, 15, 8, 12, 2, 13, 0]","[17, 0, 0, 19, 2, 0, 0]","[0.0, 0.058369946795177804, 0.1818747248107752, 0.0, 0.037195860920854085, 0.0, 0.23740564782105145]","[142, 147, 238, 303, 216, 151, 151]","[133.49195861816406, 150.2555694580078, 237.95481872558594, 301.77252197265625, 172.77589416503906, 156.80941772460938, 128.3732452392578]"
2013-10-24,2013-10-30,3628.0,10047,6250.0,"[20, 20, 0, 20, 0, 0, 7]","[0, 0, 0, 7, 20, 0, 0]","[0.0, 0.0, 0.3, 0.0, 0.0, 0.0, 0.0]","[147, 238, 303, 216, 151, 151, 133]","[155.90701293945312, 208.03585815429688, 302.43023681640625, 179.19790649414062, 136.68856811523438, 117.38654327392578, 137.36358642578125]"
2013-10-25,2013-10-31,2252.0,9802,6100.0,"[3, 12, 3, 9, 6, 3, 13]","[3, 1, 7, 3, 14, 1, 7]","[0.20283221935652004, 0.0047749652639185155, 0.08784002173271357, 0.21627872497626846, 0.2217112586313282, 0.1389751872484947, 0.07372609799619341]","[238, 303, 216, 151, 151, 133, 101]","[203.2940216064453, 304.97808837890625, 180.83108520507812, 135.8505859375, 117.46682739257812, 139.02069091796875, 148.4298095703125]"
2013-10-26,2013-11-01,3352.0,9894,6310.0,"[19, 20, 0, 18, 9, 2, 18]","[0, 0, 0, 0, 0, 0, 10]","[0.0, 0.0, 0.3, 0.0074852798848646694, 0.059555525545618486, 0.0, 0.0]","[303, 216, 151, 151, 133, 101, 174]","[296.4834899902344, 190.21327209472656, 160.57374572753906, 129.41986083984375, 142.09371948242188, 148.79815673828125, 204.7486572265625]"
2013-10-27,2013-11-02,2732.0,9922,6350.0,"[19, 4, 0, 2, 6, 15, 0]","[0, 18, 6, 0, 0, 6, 10]","[0.09121946558282677, 0.0, 0.033047671880020446, 0.24675062279209753, 0.3, 0.0, 0.15724236179365053]","[216, 151, 151, 133, 101, 174, 275]","[180.73170471191406, 154.20835876464844, 125.80375671386719, 138.0968017578125, 149.5408477783203, 205.06700134277344, 321.2666931152344]"
2013-10-28,2013-11-03,2699.0,9401,6495.0,"[20, 0, 0, 1, 13, 0, 12]","[1, 19, 0, 19, 5, 0, 1]","[0.0, 0.0, 0.3, 0.0, 0.0, 0.28566216574555037, 0.0]","[151, 151, 133, 101, 174, 275, 244]","[154.06015014648438, 126.22051239013672, 138.98486328125, 149.13253784179688, 205.16964721679688, 321.4691467285156, 249.48419189453125]"
2013-10-29,2013-11-04,2427.0,9570,5680.0,"[0, 0, 8, 20, 0, 11, 6]","[7, 15, 6, 0, 0, 6, 0]","[0.11422590487540685, 0.08587024842800728, 0.0, 0.16611155803734212, 0.3, 0.29581356330257536, 0.0]","[151, 133, 101, 174, 275, 244, 115]","[124.13461303710938, 137.22564697265625, 148.47540283203125, 213.260498046875, 323.8551940917969, 249.1854248046875, 129.85543823242188]"
2013-10-30,2013-11-05,3657.0,14492,8555.0,"[7, 6, 19, 18, 4, 7, 11]","[12, 11, 1, 1, 15, 1, 8]","[0.16043144137499077, 0.15002976562857231, 0.29010915259878683, 0.053606459862835305, 0.22505164778585712, 0.2616183872519731, 0.026505179154412948]","[133, 101, 174, 275, 244, 115, 138]","[143.1320343017578, 148.95835876464844, 205.78244018554688, 308.5874938964844, 249.8802032470703, 137.8175048828125, 134.95858764648438]"
2013-10-31,2013-11-06,3326.0,9894,6390.0,"[0, 0, 20, 18, 0, 13, 0]","[0, 0, 20, 20, 0, 0, 0]","[0.29468487802105797, 0.12073825005085889, 0.0, 0.0, 0.0, 0.0, 0.0]","[101, 174, 275, 244, 115, 138, 133]","[149.94912719726562, 207.01524353027344, 319.210693359375, 248.05958557128906, 136.74545288085938, 134.57192993164062, 148.0178985595703]"
2013-11-01,2013-11-07,3680.0,9860,6000.0,"[20, 20, 0, 20, 20, 0, 0]","[7, 8, 0, 0, 0, 0, 0]","[0.0, 0.0, 0.3, 0.0, 0.0, 0.0, 0.013514869135649718]","[174, 275, 244, 115, 138, 133, 133]","[206.88626098632812, 318.51116943359375, 248.50027465820312, 134.44418334960938, 133.00076293945312, 147.15386962890625, 144.2816619873047]"
2013-11-02,2013-11-08,3129.0,9824,6305.0,"[13, 5, 0, 0, 20, 0, 8]","[15, 0, 0, 20, 0, 7, 0]","[0.0, 0.26137268140635206, 0.2699230063366865, 0.0, 0.0, 0.0, 0.08003388701094033]","[275, 244, 115, 138, 133, 133, 235]","[294.05377197265625, 250.0687255859375, 141.7147216796875, 139.5345001220703, 150.44688415527344, 147.18423461914062, 189.2396240234375]"
2013-11-03,2013-11-09,3605.0,9891,5925.0,"[19, 20, 15, 20, 11, 0, 2]","[0, 0, 0, 0, 5, 3, 0]","[0.0, 0.0, 0.0718859445688421, 0.0, 0.0, 0.015945431720482843, 0.3]","[244, 115, 138, 133, 133, 235, 1357]","[249.6062469482422, 135.88623046875, 132.492431640625, 148.72866821289062, 145.34539794921875, 190.79258728027344, 1124.9063720703125]"
2013-11-04,2013-11-10,3448.0,9930,5830.0,"[12, 17, 17, 19, 10, 19, 0]","[0, 0, 0, 0, 0, 0, 0]","[0.0, 0.0, 0.0, 0.17891919518321442, 0.0, 0.0751207807135626, 0.0]","[115, 138, 133, 133, 235, 1357, 1040]","[135.25091552734375, 131.50885009765625, 147.1919708251953, 143.3052215576172, 189.72268676757812, 1133.88037109375, 946.2456665039062]"
2013-11-05,2013-11-11,3454.0,9801,5950.0,"[16, 6, 20, 20, 20, 0, 1]","[2, 0, 4, 0, 6, 0, 0]","[0.0, 0.25895363389240816, 0.02132635630767027, 0.0, 0.0, 0.23925464741433744, 0.21325067410153928]","[138, 133, 133, 235, 1357, 1040, 939]","[129.9644775390625, 147.6005096435547, 144.20680236816406, 189.15447998046875, 1132.4683837890625, 942.6011352539062, 924.0455932617188]"
2013-11-06,2013-11-12,2551.0,9816,6160.0,"[0, 7, 5, 6, 0, 6, 2]","[17, 1, 12, 7, 10, 0, 8]","[0.0, 0.03643950934821402, 0.17591039718883184, 0.19708031290958747, 0.0, 0.03175208787887612, 0.173798055661439]","[133, 133, 235, 1357, 1040, 939, 148]","[150.769775390625, 148.2825927734375, 188.4171905517578, 1099.1905517578125, 949.2445678710938, 900.017578125, 201.55621337890625]"
2013-11-07,2013-11-13,3061.0,13871,8895.0,"[6, 16, 12, 13, 2, 11, 9]","[18, 0, 3, 10, 1, 6, 15]","[0.15551515509660088, 0.03600342280225822, 0.09271658912764962, 0.22374993262130552, 0.043396349221551, 0.02274056118279073, 0.26110958462007944]","[133, 235, 1357, 1040, 939, 148, 139]","[143.8919219970703, 193.38064575195312, 1144.8291015625, 921.676513671875, 845.25244140625, 172.1914520263672, 171.109375]"
2013-11-08,2013-11-14,3626.0,9840,5970.0,"[20, 20, 20, 2, 20, 0, 7]","[0, 2, 0, 0, 5, 0, 0]","[0.0, 0.0, 0.00016334825074621327, 0.24824346836309272, 0.0006813192634623343, 0.3, 0.0]","[235, 1357, 1040, 939, 148, 139, 161]","[188.2252960205078, 1242.828369140625, 965.9968872070312, 883.56396484375, 164.88308715820312, 151.9637908935547, 160.26171875]"
2013-11-09,2013-11-15,3332.0,9758,6240.0,"[3, 20, 13, 20, 0, 0, 0]","[3, 19, 8, 6, 0, 0, 0]","[0.0, 0.0, 0.0, 0.0, 0.026659116289161053, 0.04352343570047244, 0.0254863073516884]","[1357, 1040, 939, 148, 139, 161, 207]","[1133.0865478515625, 941.9303588867188, 923.6898803710938, 200.84828186035156, 156.270263671875, 174.63497924804688, 204.63665771484375]"
2013-11-10,2013-11-16,3554.0,9996,6270.0,"[13, 19, 1, 0, 20, 2, 1]","[0, 7, 13, 16, 0, 0, 0]","[0.006955017962657625, 0.0, 0.0, 0.0, 0.0, 0.0, 0.0]","[1040, 939, 148, 139, 161, 207, 382]","[973.9091796875, 776.5640258789062, 168.37977600097656, 167.08531188964844, 170.78292846679688, 200.5733642578125, 324.7109375]"
2013-11-11,2013-11-17,4453.0,19254,11905.0,"[13, 0, 17, 3, 18, 17, 10]","[10, 14, 8, 11, 19, 12, 9]","[0.2130410294196688, 0.2526587747050659, 0.17682221325038944, 0.0973161036710804, 0.22622433791449556, 0.01792050074459258, 0.2586595321221105]","[939, 148, 139, 161, 207, 382, 286]","[810.8472290039062, 171.9047088623047, 148.0306854248047, 170.89369201660156, 199.0576934814453, 317.4203796386719, 272.08111572265625]"
2013-11-12,2013-11-18,3978.0,15764,9250.0,"[9, 17, 6, 0, 13, 14, 13]","[13, 6, 7, 17, 1, 5, 7]","[0.2591247173515248, 0.27169463180719033, 0.25346490376339115, 0.013359175347215535, 0.018580203352559974, 0.1468629359754583, 0.11181247206136226]","[148, 139, 161, 207, 382, 286, 161]","[192.54922485351562, 155.6375732421875, 172.7566680908203, 204.84866333007812, 320.9195556640625, 270.1866149902344, 195.07835388183594]"
2013-11-13,2013-11-19,3528.0,9962,6260.0,"[0, 0, 11, 20, 20, 0, 0]","[0, 0, 0, 20, 20, 0, 0]","[0.25771969946767426, 0.0, 0.0, 0.0124548070137959, 0.0, 0.29548154291727596, 0.04121254458943491]","[139, 161, 207, 382, 286, 161, 139]","[146.6276397705078, 167.72549438476562, 200.0645294189453, 292.58251953125, 268.5342102050781, 154.93284606933594, 199.31716918945312]"
2013-11-14,2013-11-20,3485.0,14462,8420.0,"[2, 12, 5, 8, 5, 9, 12]","[12, 9, 4, 18, 8, 3, 7]","[0.2581943130678074, 0.12297539428332993, 0.22353615890056686, 0.2578081048768231, 0.2246341518965501, 0.15401616308620011, 0.0542468731227056]","[161, 207, 382, 286, 161, 139, 143]","[176.50828552246094, 203.52984619140625, 319.39892578125, 276.43695068359375, 177.2328643798828, 207.1761474609375, 180.6951141357422]"
2013-11-15,2013-11-21,2368.0,9011,6280.0,"[9, 18, 1, 0, 18, 2, 20]","[8, 0, 0, 0, 12, 0, 4]","[0.0, 0.07571535274831355, 0.18667518520922416, 0.3, 0.0, 0.017401040185228724, 0.003762426486308824]","[207, 382, 286, 161, 139, 143, 171]","[212.2264862060547, 342.0947265625, 286.5926208496094, 179.7217559814453, 207.36474609375, 194.91673278808594, 212.37066650390625]"
2013-11-16,2013-11-22,2596.0,9183,6310.0,"[19, 0, 9, 17, 0, 15, 0]","[0, 0, 0, 12, 20, 0, 0]","[0.03582606253721978, 0.3, 0.09088780406829647, 0.03775755157023934, 0.0, 0.0004076001800943094, 0.3]","[382, 286, 161, 139, 143, 171, 221]","[318.23248291015625, 276.54632568359375, 180.75782775878906, 188.33937072753906, 168.76873779296875, 184.8076629638672, 234.997802734375]"
2013-11-17,2013-11-23,2732.0,9252,6210.0,"[20, 1, 13, 2, 20, 10, 1]","[11, 0, 15, 0, 0, 0, 0]","[0.0, 0.16701432706409453, 0.0, 0.2971661966813713, 0.008274104641930916, 0.0, 0.0]","[286, 161, 139, 143, 171, 221, 471]","[312.43072509765625, 185.50352478027344, 210.50814819335938, 173.9989471435547, 197.35342407226562, 235.61642456054688, 379.94964599609375]"
2013-11-18,2013-11-24,2944.0,9401,6250.0,"[0, 20, 0, 11, 20, 1, 0]","[0, 2, 15, 3, 19, 0, 0]","[0.3, 0.0, 0.0, 0.0, 0.0, 0.0, 0.00028771091941499303]","[161, 139, 143, 171, 221, 471, 327]","[198.56927490234375, 195.65411376953125, 180.9189910888672, 187.25277709960938, 257.5498046875, 410.85400390625, 796.0661010742188]"
2013-11-19,2013-11-25,3079.0,9908,6015.0,"[6, 0, 13, 12, 13, 3, 11]","[2, 2, 2, 16, 2, 2, 3]","[0.21091372994974833, 0.18491555937075987, 0.034167832207762344, 0.08637655344014991, 0.07486347726170148, 0.035176513918094274, 0.08361672518881455]","[139, 143, 171, 221, 471, 327, 180]","[197.2230682373047, 169.5538787841797, 188.30137634277344, 251.83702087402344, 409.65673828125, 837.84033203125, 197.05191040039062]"
2013-11-20,2013-11-26,3652.0,9928,6100.0,"[8, 0, 20, 19, 20, 0, 0]","[13, 0, 6, 7, 0, 0, 0]","[0.0, 0.3, 0.0, 0.0, 0.0, 0.3, 0.22958595234030488]","[143, 171, 221, 471, 327, 180, 175]","[159.6077880859375, 191.5171356201172, 235.1646270751953, 356.88018798828125, 709.7207641601562, 186.19021606445312, 175.56198120117188]"
2013-11-21,2013-11-27,2571.0,9983,5960.0,"[3, 2, 2, 11, 9, 6, 9]","[8, 2, 0, 14, 10, 3, 3]","[0.18761039265692112, 0.07594311415891121, 0.22890464155561982, 0.0018570334774041797, 0.1994111286897435, 0.07738294034804526, 0.25083157942513645]","[171, 221, 471, 327, 180, 175, 360]","[197.02001953125, 235.50506591796875, 356.670166015625, 713.5061645507812, 176.91567993164062, 168.09706115722656, 250.85464477539062]"
2013-11-22,2013-11-28,3398.0,9877,6300.0,"[0, 20, 20, 9, 0, 0, 0]","[0, 19, 4, 19, 0, 0, 0]","[0.3, 0.0, 0.0, 0.0, 0.3, 0.0, 0.28456992603920434]","[221, 471, 327, 180, 175, 360, 808]","[234.10012817382812, 356.4376525878906, 726.282470703125, 185.1376190185547, 173.23143005371094, 246.97210693359375, 334.0544128417969]"
2013-11-23,2013-11-29,3656.0,9894,6060.0,"[9, 0, 20, 20, 20, 0, 0]","[9, 0, 1, 0, 14, 0, 0]","[0.000309593062216105, 0.3, 0.0, 0.015682283485027336, 0.0009305807170795711, 0.0, 0.0]","[471, 327, 180, 175, 360, 808, 1681]","[358.04791259765625, 705.5257568359375, 197.03579711914062, 177.68731689453125, 241.2185821533203, 338.2308654785156, 1029.841064453125]"
2013-11-24,2013-11-30,3424.0,9959,6310.0,"[0, 8, 0, 20, 20, 0, 20]","[0, 0, 3, 0, 20, 2, 0]","[0.3, 0.08063495004940689, 0.0, 0.0, 0.0, 0.0, 0.0]","[327, 180, 175, 360, 808, 1681, 545]","[702.8702392578125, 201.41064453125, 177.287109375, 274.555419921875, 365.1852722167969, 1038.58056640625, 483.37664794921875]"
2013-11-25,2013-12-01,3693.0,15861,10055.0,"[14, 12, 0, 6, 0, 12, 9]","[16, 16, 15, 9, 0, 12, 11]","[0.2808940969721383, 0.0782525397929331, 0.05116568738882985, 0.21319660998013443, 0.04891937453567071, 0.10693852994794723, 0.07166887270907323]","[180, 175, 360, 808, 1681, 545, 388]","[185.849853515625, 174.8031463623047, 255.3671875, 295.7359313964844, 978.9634399414062, 483.02227783203125, 370.55999755859375]"
2013-11-26,2013-12-02,3578.0,9962,6210.0,"[20, 0, 20, 0, 20, 0, 19]","[0, 0, 4, 0, 12, 0, 0]","[0.0, 0.0, 0.0, 0.0016153148345026138, 0.0, 0.11683630150921984, 0.0]","[175, 360, 808, 1681, 545, 388, 184]","[169.30398559570312, 256.4745788574219, 299.13482666015625, 984.470947265625, 486.864990234375, 365.29315185546875, 209.42620849609375]"
2013-11-27,2013-12-03,3584.0,9996,6240.0,"[16, 20, 8, 12, 0, 0, 0]","[1, 20, 8, 7, 0, 0, 0]","[0.0, 0.0, 0.0, 0.0, 0.3, 0.0, 0.0780772769425124]","[360, 808, 1681, 545, 388, 184, 139]","[254.3522186279297, 285.4198913574219, 995.426513671875, 488.70751953125, 377.9869384765625, 205.92784118652344, 248.87449645996094]"
2013-11-28,2013-12-04,3766.0,9979,6040.0,"[19, 0, 19, 20, 20, 0, 0]","[17, 0, 0, 0, 0, 0, 0]","[0.005086208803072742, 0.29900477268154213, 0.00918935706492045, 0.001557155997793833, 0.0012726560362990053, 0.0, 0.0]","[808, 1681, 545, 388, 184, 139, 208]","[333.6080322265625, 999.4476928710938, 488.2637634277344, 369.647216796875, 186.32467651367188, 245.55938720703125, 243.83981323242188]"
2013-11-29,2013-12-05,3124.0,9656,6340.0,"[19, 0, 0, 0, 20, 0, 0]","[12, 13, 0, 20, 5, 0, 0]","[0.0, 0.0, 0.10143453335183177, 0.0, 0.0, 0.111566556657553, 0.0]","[1681, 545, 388, 184, 139, 208, 184]","[1167.8309326171875, 490.7277526855469, 395.56561279296875, 216.34584045410156, 276.886474609375, 259.4836730957031, 384.73809814453125]"
2013-11-30,2013-12-06,3322.0,9928,6430.0,"[0, 19, 14, 0, 0, 19, 0]","[0, 19, 0, 20, 0, 0, 0]","[0.2946040174507054, 0.0, 0.009154591506489325, 0.0, 0.2845488375903145, 0.0, 0.08673202214967661]","[545, 388, 184, 139, 208, 184, 259]","[532.9474487304688, 357.1863708496094, 201.38858032226562, 238.39431762695312, 306.30584716796875, 408.821533203125, 381.5221252441406]"
2013-12-01,2013-12-07,4354.0,17609,10215.0,"[8, 18, 0, 12, 6, 15, 7]","[15, 7, 12, 8, 18, 0, 13]","[0.18444611411555875, 0.16338598549301167, 0.1718004854988248, 0.11455834845943333, 0.2481993784118966, 0.2824884250715648, 0.14983975794023474]","[388, 184, 139, 208, 184, 259, 393]","[425.97137451171875, 265.0381164550781, 320.4153137207031, 363.5375061035156, 484.2538146972656, 462.8237609863281, 566.1154174804688]"
2013-12-02,2013-12-08,2284.0,8636,6100.0,"[20, 0, 20, 7, 20, 0, 0]","[20, 0, 0, 6, 0, 0, 0]","[0.0, 0.012965884689055476, 0.0, 0.0, 0.004634838189465451, 0.29968379648362037, 0.0]","[184, 139, 208, 184, 259, 393, 374]","[280.6287536621094, 318.08856201171875, 364.54693603515625, 444.1590576171875, 419.2594909667969, 508.1783752441406, 462.20941162109375]"
2013-12-03,2013-12-09,2729.0,9985,6350.0,"[6, 1, 18, 2, 9, 0, 15]","[1, 11, 0, 13, 0, 0, 12]","[0.03012484584034826, 0.0, 0.025262368129591064, 0.18766190484349896, 0.061937201774511494, 0.0479748872084635, 0.12848272389032425]","[139, 208, 184, 259, 393, 374, 194]","[292.2337341308594, 391.1385498046875, 472.2522277832031, 447.8833312988281, 530.5826416015625, 497.8445739746094, 268.6350402832031]"
2013-12-04,2013-12-10,3358.0,9905,6280.0,"[13, 1, 18, 6, 0, 0, 0]","[8, 0, 20, 15, 7, 0, 0]","[0.0, 0.2936383837239789, 0.01898496035891698, 0.003865100532583262, 0.07612139092679396, 0.0022688425284405817, 0.1582319887258905]","[208, 184, 259, 393, 374, 194, 203]","[355.13787841796875, 404.0128173828125, 426.89239501953125, 521.9747924804688, 481.25653076171875, 208.28102111816406, 189.35076904296875]"
2013-12-05,2013-12-11,3200.0,9984,6075.0,"[3, 20, 18, 0, 0, 0, 0]","[7, 17, 12, 0, 8, 1, 0]","[0.0, 0.0, 0.13903577444130671, 0.0, 0.11434965812988075, 0.11564787829367083, 0.3]","[184, 259, 393, 374, 194, 203, 236]","[383.32098388671875, 400.7166748046875, 512.0927124023438, 471.62255859375, 215.7617950439453, 209.7477264404297, 230.4266357421875]"
2013-12-06,2013-12-12,3656.0,9979,6150.0,"[20, 0, 19, 20, 9, 0, 17]","[11, 0, 0, 0, 0, 0, 0]","[0.0, 0.29994105874730376, 0.0, 0.0, 0.0, 0.0, 0.0]","[259, 393, 374, 194, 203, 236, 255]","[328.5721740722656, 482.6343688964844, 436.707275390625, 240.0934295654297, 233.47840881347656, 277.04388427734375, 318.63104248046875]"
2013-12-07,2013-12-13,3240.0,9690,6260.0,"[11, 0, 20, 0, 18, 0, 20]","[0, 0, 0, 4, 20, 0, 0]","[0.0006104450531587838, 0.019966784167907155, 0.0, 0.00010599908017593033, 0.0, 0.015577842926283596, 0.0]","[393, 374, 194, 203, 236, 255, 306]","[445.35223388671875, 386.287109375, 212.47923278808594, 201.36944580078125, 252.58384704589844, 322.7612609863281, 338.8575744628906]"
2013-12-08,2013-12-14,3648.0,9962,6140.0,"[15, 20, 0, 18, 12, 0, 0]","[4, 0, 10, 12, 2, 0, 0]","[0.0, 0.0, 0.0, 0.0, 0.02065707614642674, 0.09539546941093813, 0.20568976526594138]","[374, 194, 203, 236, 255, 306, 643]","[407.2207946777344, 229.88699340820312, 220.310546875, 283.01373291015625, 336.7124938964844, 369.63262939453125, 600.5071411132812]"
2013-12-09,2013-12-15,3544.0,9996,6280.0,"[7, 20, 0, 20, 11, 20, 20]","[0, 0, 0, 0, 0, 0, 0]","[0.0, 0.0, 0.3, 0.0, 0.0, 0.0, 0.0]","[194, 203, 236, 255, 306, 643, 473]","[217.52972412109375, 209.76693725585938, 250.005859375, 314.4883728027344, 341.8844299316406, 624.72021484375, 451.3164978027344]"
2013-12-10,2013-12-16,3062.0,9981,6360.0,"[6, 9, 0, 18, 2, 0, 10]","[0, 4, 18, 13, 0, 0, 8]","[0.27881467728479425, 0.0747440360357582, 0.0, 0.0, 0.27535190762796224, 0.26616646811443834, 0.02364760644231864]","[203, 236, 255, 306, 643, 473, 292]","[205.80946350097656, 239.10400390625, 306.4100646972656, 325.5889892578125, 626.2239990234375, 440.086669921875, 312.4126892089844]"
2013-12-11,2013-12-17,3113.0,9717,6085.0,"[9, 6, 7, 3, 14, 11, 3]","[2, 11, 4, 6, 8, 2, 1]","[0.0, 0.0, 0.0, 0.0, 0.0857459244516378, 0.0, 0.3]","[236, 255, 306, 643, 473, 292, 292]","[246.14112854003906, 311.08978271484375, 326.48992919921875, 635.3222045898438, 447.9284973144531, 301.6754150390625, 267.6568908691406]"
2013-12-12,2013-12-18,2479.0,9925,5900.0,"[6, 3, 3, 7, 9, 9, 5]","[8, 8, 6, 3, 6, 6, 2]","[0.17335371153023896, 0.03255459055880559, 0.20725054075734958, 0.2603058252479904, 0.2199927278242958, 0.09123240571967933, 0.024227788869985417]","[255, 306, 643, 473, 292, 292, 394]","[294.73406982421875, 314.4000244140625, 616.0404663085938, 444.3713684082031, 315.4428405761719, 269.1876525878906, 415.7413330078125]"
2013-12-13,2013-12-19,4496.0,16598,10520.0,"[15, 13, 0, 11, 14, 9, 1]","[19, 11, 1, 0, 14, 19, 13]","[0.21678789571272591, 0.06874150493577855, 0.15499893649187885, 0.1563575984463156, 0.04830786630901108, 0.02090244974537415, 0.15139065815554312]","[306, 643, 473, 292, 292, 394, 352]","[315.80364990234375, 641.3985595703125, 445.91680908203125, 314.06268310546875, 271.7120361328125, 416.5849914550781, 420.7962951660156]"
2013-12-14,2013-12-20,5167.0,20226,12290.0,"[0, 16, 18, 10, 3, 14, 16]","[19, 11, 12, 11, 13, 13, 9]","[0.1058534311431877, 0.20214189930961507, 0.10877849951019276, 0.22693357226797764, 0.23299006926717197, 0.06637445092696158, 0.1572328286173068]","[643, 473, 292, 292, 394, 352, 496]","[618.66943359375, 445.4997863769531, 308.451904296875, 265.8106689453125, 417.0664367675781, 427.3238525390625, 459.872802734375]"
2013-12-15,2013-12-21,3610.0,9998,6160.0,"[20, 20, 0, 3, 20, 0, 2]","[0, 0, 9, 0, 19, 0, 0]","[0.0, 0.0, 0.0, 0.17719064862235784, 0.0, 0.3, 0.0006830992712700691]","[473, 292, 292, 394, 352, 496, 719]","[447.40765380859375, 301.3565673828125, 261.7652282714844, 421.0061340332031, 420.4591369628906, 470.7613830566406, 575.3175048828125]"
2013-12-16,2013-12-22,3498.0,9962,6290.0,"[0, 5, 11, 20, 15, 14, 7]","[0, 15, 0, 0, 7, 0, 0]","[0.3, 0.0, 0.0, 0.0, 0.0006472813123852813, 0.0, 0.0]","[292, 292, 394, 352, 496, 719, 747]","[324.90545654296875, 279.68658447265625, 429.7190246582031, 435.9894714355469, 484.02301025390625, 555.2815551757812, 551.9931640625]"
2013-12-17,2013-12-23,3574.0,9946,6070.0,"[19, 6, 10, 20, 11, 20, 1]","[3, 5, 0, 0, 0, 0, 0]","[0.004765741802886599, 0.0, 0.029024524961478244, 0.012906695663771475, 0.0, 0.08069328089311692, 0.0]","[292, 394, 352, 496, 719, 747, 668]","[269.84552001953125, 421.9051513671875, 424.7748107910156, 480.2541809082031, 567.7845458984375, 551.0513916015625, 342.1864013671875]"
2013-12-18,2013-12-24,4085.0,17783,10465.0,"[1, 2, 8, 19, 15, 8, 3]","[19, 1, 16, 6, 11, 19, 10]","[0.04713675427226349, 0.04820706358896513, 0.22988909142860148, 0.29776692903948127, 0.17138460762380786, 0.2247655897117001, 0.16611952170253322]","[394, 352, 496, 719, 747, 668, 329]","[399.0704040527344, 399.2572326660156, 473.360595703125, 531.1565551757812, 516.3838500976562, 400.8768310546875, 319.5552978515625]"
2013-12-19,2013-12-25,3301.0,9650,6060.0,"[20, 15, 4, 19, 4, 4, 2]","[3, 0, 8, 12, 1, 0, 0]","[0.03736700916221106, 0.02248109998151654, 0.0, 0.0, 0.16654222990483583, 0.008669362057724471, 0.0]","[352, 496, 719, 747, 668, 329, 0]","[363.5152893066406, 450.1298522949219, 518.8981323242188, 500.51678466796875, 392.3716735839844, 315.0112609863281, 273.9974670410156]"
2013-12-20,2013-12-26,3778.0,9877,5920.0,"[8, 20, 18, 18, 20, 0, 0]","[0, 11, 0, 0, 0, 0, 0]","[0.01968664416243162, 0.0, 0.006791300713094574, 0.0, 0.0, 0.07617437379277389, 0.2790096185571316]","[496, 719, 747, 668, 329, 0, 669]","[466.3038635253906, 569.3224487304688, 553.7825927734375, 333.7393798828125, 293.50445556640625, 259.6463623046875, 480.82281494140625]"
2013-12-21,2013-12-27,3530.0,9945,6240.0,"[0, 13, 20, 19, 0, 0, 0]","[0, 19, 0, 20, 0, 0, 0]","[0.2123951205859369, 0.0, 0.0, 0.0, 0.3, 0.0, 0.3]","[719, 747, 668, 329, 0, 669, 437]","[540.4202270507812, 510.9599914550781, 384.24371337890625, 324.46002197265625, 252.4938507080078, 465.8526611328125, 583.8352661132812]"
2013-12-22,2013-12-28,2730.0,9291,5990.0,"[20, 15, 11, 2, 0, 1, 0]","[5, 9, 1, 3, 20, 0, 0]","[0.07693332676729941, 0.08443182265161503, 0.02698771089125149, 0.286050762591532, 0.011017184083711936, 0.26392870511778965, 0.2613052955884335]","[747, 668, 329, 0, 669, 437, 572]","[617.8887939453125, 331.898681640625, 287.8476257324219, 218.88763427734375, 453.34783935546875, 536.752685546875, 464.7276611328125]"
2013-12-23,2013-12-29,472.0,7074,6130.0,"[0, 19, 20, 19, 0, 0, 15]","[0, 12, 7, 1, 0, 0, 0]","[0.18567469153354527, 0.0, 0.0, 0.07331775799679367, 0.1615517829283481, 0.021707838676075807, 0.0]","[668, 329, 0, 669, 437, 572, 456]","[341.441162109375, 275.1537170410156, 199.09603881835938, 446.45709228515625, 568.875, 478.509033203125, 503.6888732910156]"
2013-12-24,2013-12-30,2448.0,8857,6170.0,"[13, 11, 20, 20, 0, 7, 0]","[3, 0, 1, 19, 0, 0, 0]","[0.01428501474067478, 0.0, 0.0, 0.0014075050210269609, 0.09912880674126798, 0.00016453044895200955, 0.3]","[329, 0, 669, 437, 572, 456, 544]","[476.5518493652344, 163.04736328125, 465.63763427734375, 522.1235961914062, 442.9869079589844, 485.0936279296875, 455.8563232421875]"
2013-12-25,2013-12-31,3456.0,9979,6350.0,"[0, 18, 6, 20, 0, 7, 6]","[0, 15, 0, 0, 20, 0, 0]","[0.29564229721920304, 0.0, 0.0034962001366403176, 0.0, 0.0, 0.0, 0.0]","[0, 669, 437, 572, 456, 544, 428]","[145.16522216796875, 430.66796875, 525.7955932617188, 449.0660400390625, 496.0784606933594, 450.7148132324219, 381.75225830078125]"
2013-12-26,2014-01-01,3464.0,9976,6180.0,"[17, 16, 20, 0, 0, 4, 16]","[0, 0, 20, 0, 0, 0, 0]","[0.08575261624954537, 0.006283896320037141, 0.026220369109065375, 0.1600060693636277, 0.00018565972082343698, 0.13913803782551964, 0.012701424451958866]","[669, 437, 572, 456, 544, 428, 251]","[391.5169982910156, 448.9327697753906, 406.5232849121094, 462.31903076171875, 394.41455078125, 350.7275390625, 244.2978515625]"
2013-12-27,2014-01-02,3317.0,12359,7880.0,"[4, 17, 1, 18, 9, 16, 14]","[1, 0, 6, 0, 0, 11, 13]","[0.17389552239872605, 0.07431175255838249, 0.09663849515208812, 0.023997833026845505, 0.10259953723224158, 0.16020794008933095, 0.0448214251094146]","[437, 572, 456, 544, 428, 251, 279]","[508.75347900390625, 454.528076171875, 508.5541687011719, 435.7295837402344, 474.54254150390625, 256.12298583984375, 267.2997131347656]"
2013-12-28,2014-01-03,3478.0,9962,6310.0,"[0, 0, 19, 8, 20, 11, 0]","[14, 0, 20, 0, 0, 0, 0]","[0.00985798314818179, 0.3, 0.0008673156462541784, 0.0, 0.023945489888439773, 0.0, 0.3]","[572, 456, 544, 428, 251, 279, 284]","[447.56982421875, 484.6842346191406, 421.292724609375, 442.07196044921875, 240.27452087402344, 314.41400146484375, 324.39410400390625]"
2013-12-29,2014-01-04,3416.0,9979,6390.0,"[0, 0, 17, 19, 4, 15, 2]","[19, 0, 16, 0, 0, 0, 0]","[0.0, 0.2510805652197018, 0.0, 0.0, 0.0, 0.0, 0.0]","[456, 544, 428, 251, 279, 284, 348]","[529.569580078125, 407.40521240234375, 420.7178955078125, 233.43728637695312, 316.8570861816406, 350.7101745605469, 309.8072509765625]"
2013-12-30,2014-01-05,2615.0,9982,5870.0,"[5, 9, 4, 5, 8, 13, 3]","[1, 7, 6, 9, 6, 2, 4]","[0.22766511696663738, 0.13866278699318746, 0.2185766497301278, 0.13877249305262854, 0.03247584219000091, 0.18588921140306347, 0.21352471130383993]","[544, 428, 251, 279, 284, 348, 219]","[443.8395690917969, 448.73040771484375, 262.76129150390625, 315.55194091796875, 334.3803405761719, 310.39288330078125, 253.680908203125]"
2013-12-31,2014-01-06,3564.0,9996,6260.0,"[20, 0, 0, 20, 20, 20, 18]","[0, 0, 0, 0, 0, 0, 0]","[0.0, 0.3, 0.021096423447306355, 0.0, 0.0, 0.0, 0.0]","[428, 251, 279, 284, 348, 219, 154]","[503.31536865234375, 295.5439758300781, 290.7539978027344, 321.11798095703125, 304.7408142089844, 255.58676147460938, 183.57945251464844]"
2014-01-01,2014-01-07,3744.0,9996,6080.0,"[18, 20, 20, 0, 20, 19, 1]","[0, 0, 0, 0, 0, 0, 0]","[0.029087972128000086, 0.007498238697194242, 0.0, 0.011665455743929055, 0.0, 0.0, 0.0]","[251, 279, 284, 348, 219, 154, 149]","[286.20391845703125, 302.12042236328125, 335.5696105957031, 306.64862060546875, 243.27281188964844, 171.81179809570312, 158.00938415527344]"
2014-01-02,2014-01-08,3604.0,9996,6220.0,"[18, 20, 20, 3, 0, 16, 0]","[0, 0, 18, 0, 0, 0, 0]","[0.0, 0.0, 0.035477880579981566, 0.0, 0.3, 0.0, 0.0038191295422819]","[279, 284, 348, 219, 154, 149, 154]","[300.7054443359375, 323.262451171875, 293.8274841308594, 253.7434539794922, 167.588623046875, 180.26266479492188, 142.95040893554688]"
2014-01-03,2014-01-09,3281.0,9695,6165.0,"[19, 0, 12, 6, 20, 2, 5]","[1, 8, 0, 12, 6, 1, 0]","[0.0, 0.07560344868854177, 0.032297110171354865, 0.0010932809425329715, 0.030209306255585048, 0.0, 0.021348675918032044]","[284, 348, 219, 154, 149, 154, 163]","[294.736572265625, 299.7091979980469, 240.8610076904297, 159.57440185546875, 165.84735107421875, 147.14801025390625, 186.56756591796875]"
2014-01-04,2014-01-10,3182.0,14213,8630.0,"[15, 10, 2, 5, 3, 17, 11]","[3, 6, 2, 3, 17, 11, 11]","[0.2216803767227337, 0.11433844302482254, 0.19054924779945331, 0.25433766761007615, 0.016629930223327528, 0.22841581023963184, 0.25423363665954485]","[348, 219, 154, 149, 154, 163, 200]","[305.86163330078125, 254.28089904785156, 155.40904235839844, 157.12725830078125, 131.79270935058594, 180.09722900390625, 211.35154724121094]"
2014-01-05,2014-01-11,3770.0,9945,6000.0,"[20, 20, 20, 0, 20, 0, 0]","[14, 1, 0, 0, 0, 0, 0]","[0.0, 0.0, 0.0, 0.047729250960104774, 0.0, 0.0, 0.3]","[219, 154, 149, 154, 163, 200, 294]","[268.9568176269531, 163.98793029785156, 156.55149841308594, 147.4715576171875, 172.2953338623047, 207.88565063476562, 276.7492370605469]"
2014-01-06,2014-01-12,3010.0,9968,6520.0,"[7, 6, 0, 9, 0, 11, 9]","[6, 9, 6, 4, 13, 0, 8]","[0.0, 0.0173439471657493, 0.29452561942512234, 0.0, 0.0, 0.0, 0.0]","[154, 149, 154, 163, 200, 294, 233]","[170.45298767089844, 145.44830322265625, 131.33203125, 171.58924865722656, 202.31991577148438, 283.63629150390625, 216.80105590820312]"
2014-01-07,2014-01-13,3386.0,9985,6120.0,"[20, 17, 10, 7, 0, 0, 8]","[4, 5, 0, 0, 20, 0, 0]","[0.006122032571453506, 0.0, 0.005369833066349939, 0.3, 0.0, 0.20626211404095193, 0.0]","[149, 154, 163, 200, 294, 233, 135]","[150.36557006835938, 139.79440307617188, 187.24102783203125, 222.83456420898438, 272.2135009765625, 209.18341064453125, 116.70862579345703]"
2014-01-08,2014-01-14,3498.0,9877,6200.0,"[20, 0, 20, 0, 19, 14, 0]","[0, 0, 12, 0, 9, 0, 0]","[0.0, 0.2853158062006326, 0.0008606390493741623, 0.3, 0.0, 0.0, 0.0027144991164605287]","[154, 163, 200, 294, 233, 135, 150]","[130.36968994140625, 176.22494506835938, 210.48011779785156, 289.9153137207031, 225.98678588867188, 121.2482681274414, 132.28273010253906]"
2014-01-09,2014-01-15,3606.0,9979,6200.0,"[14, 14, 12, 18, 7, 0, 13]","[0, 6, 1, 6, 2, 1, 1]","[0.00238270834518519, 0.0, 0.00016052100686016684, 0.0, 0.0017256850198284343, 2.977923012490314e-06, 0.0]","[163, 200, 294, 233, 135, 150, 150]","[175.73841857910156, 206.11439514160156, 279.9670715332031, 226.13174438476562, 123.55587768554688, 124.21006774902344, 143.2579803466797]"
2014-01-10,2014-01-16,2738.0,9943,6190.0,"[6, 7, 4, 9, 4, 2, 7]","[6, 7, 4, 5, 6, 8, 8]","[0.08944366533499462, 0.07705758386632021, 0.09045022823918, 0.13863416658320615, 0.08284364173048056, 0.13362152340102532, 0.1390626084343512]","[200, 294, 233, 135, 150, 150, 150]","[204.36460876464844, 279.6299133300781, 218.5837860107422, 126.44129180908203, 124.28943634033203, 140.61476135253906, 146.24176025390625]"
2014-01-11,2014-01-17,3560.0,9997,6090.0,"[20, 20, 6, 17, 4, 0, 17]","[0, 0, 11, 0, 0, 0, 0]","[0.0, 0.0, 0.0, 0.0, 0.3, 0.23804105022330063, 0.008546214262051216]","[294, 233, 135, 150, 150, 150, 167]","[279.60491943359375, 205.26551818847656, 119.38501739501953, 106.8316879272461, 130.6448516845703, 144.70059204101562, 194.32452392578125]"
2014-01-12,2014-01-18,3170.0,9853,5940.0,"[19, 5, 5, 0, 14, 0, 8]","[0, 14, 12, 0, 9, 0, 0]","[0.0, 0.0, 0.0, 0.2748843060757606, 0.1385319304199321, 0.28005693554664524, 0.25527320997122604]","[233, 135, 150, 150, 150, 167, 1124]","[222.72735595703125, 123.2679214477539, 123.94061279296875, 144.2882080078125, 143.21484375, 194.51564025878906, 560.3646850585938]"
2014-01-13,2014-01-19,3424.0,9996,6400.0,"[0, 20, 0, 20, 0, 16, 0]","[16, 0, 20, 0, 0, 0, 0]","[0.0039051567396881934, 0.0, 0.0, 0.0, 0.29802158176329213, 0.0011763294322259031, 0.0]","[135, 150, 150, 150, 167, 1124, 756]","[135.61814880371094, 120.22442626953125, 139.71295166015625, 161.3948211669922, 200.0198211669922, 615.5127563476562, 789.0953979492188]"
2014-01-14,2014-01-20,2629.0,9978,6040.0,"[8, 4, 3, 5, 3, 9, 6]","[9, 9, 2, 9, 9, 3, 3]","[0.08871128198291733, 0.15757799437901301, 0.08288850128612908, 0.13828742728707272, 0.08843387722345582, 0.2061403661950218, 0.1286531188313298]","[150, 150, 150, 167, 1124, 756, 676]","[114.9080810546875, 135.26309204101562, 148.8053741455078, 197.47390747070312, 590.09521484375, 793.0112915039062, 732.6299438476562]"
2014-01-15,2014-01-21,2409.0,14687,10615.0,"[12, 8, 5, 7, 4, 15, 13]","[18, 5, 16, 18, 4, 0, 17]","[0.025165310556284248, 0.018931356182739688, 0.1857040244689673, 0.24412269720526997, 0.059066334409653865, 0.17762404553089117, 0.06417533860590707]","[150, 150, 167, 1124, 756, 676, 122]","[140.5666961669922, 148.2252960205078, 202.67465209960938, 581.6956787109375, 793.355712890625, 740.8886108398438, 123.9052963256836]"
2014-01-16,2014-01-22,2610.0,9947,6040.0,"[7, 3, 2, 15, 3, 5, 2]","[11, 6, 3, 2, 13, 4, 6]","[0.1388745871646113, 0.12929796491878195, 0.2515468122128562, 0.033331840340876974, 0.1853843184464803, 0.13880995355865203, 0.10964013692712285]","[150, 167, 1124, 756, 676, 122, 140]","[152.06512451171875, 204.2936553955078, 592.5614013671875, 788.3555908203125, 739.8982543945312, 119.8659896850586, 120.36736297607422]"
2014-01-17,2014-01-23,3656.0,9979,6150.0,"[20, 19, 0, 16, 11, 4, 1]","[0, 0, 4, 19, 0, 0, 0]","[0.0048219862284526755, 0.0, 0.0227400143990012, 0.0, 0.0, 0.0, 0.0]","[167, 1124, 756, 676, 122, 140, 126]","[199.93350219726562, 591.9115600585938, 770.1918334960938, 746.4192504882812, 126.98271179199219, 120.2804946899414, 126.2859878540039]"
2014-01-18,2014-01-24,3849.0,16682,9715.0,"[13, 3, 15, 0, 19, 4, 15]","[13, 4, 16, 6, 1, 9, 14]","[0.28998138344729457, 0.12432408444382935, 0.2598807057733716, 0.2905393490819809, 0.05794174740527355, 0.2066339251446088, 0.1361067786475858]","[1124, 756, 676, 122, 140, 126, 201]","[591.2344970703125, 781.988525390625, 743.8917846679688, 126.44281005859375, 119.28915405273438, 129.1985626220703, 146.0832977294922]"
2014-01-19,2014-01-25,3254.0,9996,6570.0,"[17, 6, 0, 19, 13, 0, 15]","[0, 0, 0, 0, 4, 0, 20]","[0.0, 0.036973176256822525, 0.3, 0.0, 0.0, 0.0, 0.00013664591404866186]","[756, 676, 122, 140, 126, 201, 271]","[833.4723510742188, 679.716796875, 134.81494140625, 134.48660278320312, 137.7220001220703, 152.88873291015625, 269.26702880859375]"
2014-01-20,2014-01-26,2514.0,10447,6610.0,"[14, 0, 9, 4, 9, 3, 6]","[4, 11, 17, 3, 8, 2, 2]","[0.18281473832464892, 0.08895761808079503, 0.09133752699970486, 0.03652522664983408, 0.16697314305445551, 0.17920608472863916, 0.1640582420387486]","[676, 122, 140, 126, 201, 271, 248]","[673.9776000976562, 126.27650451660156, 114.79438781738281, 129.21958923339844, 148.63404846191406, 262.2828063964844, 205.1880645751953]"
2014-01-21,2014-01-27,4206.0,15597,9760.0,"[7, 15, 7, 10, 17, 5, 6]","[9, 10, 11, 2, 17, 6, 12]","[0.14631661749759498, 0.08248524965668753, 0.03412534744518333, 0.1090040900177965, 0.14362085077971368, 0.1532563661183667, 0.13088766858019837]","[122, 140, 126, 201, 271, 248, 122]","[121.0555191040039, 132.82632446289062, 125.94991302490234, 151.66729736328125, 287.7396545410156, 203.63702392578125, 145.22142028808594]"
2014-01-22,2014-01-28,2679.0,13270,8195.0,"[19, 6, 13, 4, 13, 3, 6]","[6, 10, 2, 4, 4, 17, 6]","[0.11704534708727918, 0.1922147161498932, 0.240121153575952, 0.16783087955804477, 0.11648432787912633, 0.21668501127330345, 0.20159861758449907]","[140, 126, 201, 271, 248, 122, 135]","[129.23507690429688, 138.62062072753906, 163.6260986328125, 268.982421875, 200.8202362060547, 164.4134979248047, 116.66366577148438]"
2014-01-23,2014-01-29,3644.0,9996,6180.0,"[14, 9, 20, 8, 12, 0, 0]","[1, 6, 0, 16, 7, 0, 0]","[0.0, 0.0, 0.0, 0.0, 0.0, 0.009579133652223773, 0.0]","[126, 201, 271, 248, 122, 135, 135]","[140.8650665283203, 165.4077606201172, 270.5710144042969, 202.57073974609375, 163.02227783203125, 120.20891571044922, 126.9312744140625]"
2014-01-24,2014-01-30,3904.0,9996,5920.0,"[20, 19, 19, 17, 19, 0, 4]","[0, 0, 0, 0, 0, 0, 0]","[0.0, 0.0, 0.0, 0.00773287602117831, 0.0, 0.20278064791739384, 0.0]","[201, 271, 248, 122, 135, 135, 131]","[163.0496826171875, 266.9449462890625, 198.721435546875, 158.75401306152344, 117.63159942626953, 129.65846252441406, 134.3131866455078]"
2014-01-25,2014-01-31,3062.0,9333,6060.0,"[15, 0, 12, 19, 15, 0, 0]","[18, 0, 11, 0, 1, 0, 0]","[0.0, 0.2678859439167243, 0.0, 0.028883589370272366, 0.0, 0.28944494871191034, 0.0]","[271, 248, 122, 135, 135, 131, 150]","[271.005615234375, 199.78030395507812, 154.7288818359375, 119.28207397460938, 132.41116333007812, 134.10247802734375, 165.8532257080078]"
2014-01-26,2014-02-01,3044.0,9656,6420.0,"[0, 20, 5, 20, 0, 0, 5]","[17, 3, 7, 0, 8, 0, 6]","[0.0, 0.0, 0.0, 0.0, 0.0, 0.3, 0.0]","[248, 122, 135, 135, 131, 150, 267]","[203.746826171875, 152.69442749023438, 118.91883850097656, 130.66171264648438, 133.03526306152344, 166.52783203125, 259.7440490722656]"
2014-01-27,2014-02-02,3206.0,9928,6210.0,"[14, 15, 2, 11, 0, 6, 17]","[4, 0, 3, 7, 12, 0, 0]","[0.0, 0.023962124020971427, 0.03766135140527663, 0.0, 0.1462186179626656, 0.10452635673569827, 0.0]","[122, 135, 135, 131, 150, 267, 150]","[158.8485107421875, 119.66908264160156, 132.83961486816406, 135.34945678710938, 166.96263122558594, 260.2820129394531, 236.7754669189453]"
2014-01-28,2014-02-03,2900.0,9770,6450.0,"[0, 3, 2, 14, 18, 0, 0]","[13, 2, 10, 11, 5, 8, 2]","[0.0, 0.10228136813374918, 0.10512120239682894, 0.0008571066941818045, 0.0, 0.022011420052937276, 0.015056794918545037]","[135, 135, 131, 150, 267, 150, 122]","[117.5027847290039, 127.00415802001953, 133.9882049560547, 165.90846252441406, 259.8139953613281, 237.2532958984375, 115.70820617675781]"
2014-01-29,2014-02-04,3592.0,9928,6160.0,"[0, 20, 0, 20, 20, 0, 0]","[0, 0, 20, 12, 0, 0, 0]","[0.0, 0.0, 0.0, 0.0, 0.0, 0.0, 0.3]","[135, 131, 150, 267, 150, 122, 85]","[128.9911651611328, 135.20669555664062, 167.69830322265625, 260.68414306640625, 237.26319885253906, 117.8737564086914, 111.12337493896484]"
2014-01-30,2014-02-05,3050.0,9613,6180.0,"[8, 8, 20, 6, 13, 0, 0]","[13, 17, 6, 0, 0, 0, 0]","[0.0, 0.0, 0.0, 0.258651744680037, 0.0, 0.0, 0.0021858613036575894]","[131, 150, 267, 150, 122, 85, 98]","[136.80755615234375, 168.732177734375, 262.0426330566406, 238.72007751464844, 116.46239471435547, 110.83946990966797, 124.28902435302734]"
2014-01-31,2014-02-06,3348.0,9974,5840.0,"[0, 20, 19, 15, 14, 0, 0]","[0, 20, 0, 2, 0, 0, 0]","[0.3, 0.0, 0.01749128418402181, 0.0, 0.3, 0.0, 0.3]","[150, 267, 150, 122, 85, 98, 108]","[170.28561401367188, 260.60748291015625, 238.36866760253906, 113.47927856445312, 111.09984588623047, 123.73429870605469, 127.43889617919922]"
2014-02-01,2014-02-07,2821.0,9518,6445.0,"[0, 0, 19, 18, 0, 0, 20]","[0, 20, 0, 0, 7, 6, 1]","[0.0, 0.0, 0.0, 0.0, 0.08176658555344979, 0.0, 0.0]","[267, 150, 122, 85, 98, 108, 173]","[259.22601318359375, 235.99676513671875, 115.42842102050781, 110.12181854248047, 124.06324005126953, 126.81150817871094, 152.61929321289062]"
2014-02-02,2014-02-08,1722.0,12006,8130.0,"[19, 7, 17, 12, 0, 0, 13]","[11, 0, 4, 7, 8, 2, 14]","[0.2106468131893207, 0.0258136698106764, 0.2295891125443862, 0.13821175784842316, 0.20290787724891787, 0.14841852145222945, 0.18599818046652733]","[150, 122, 85, 98, 108, 173, 323]","[241.1363525390625, 113.30841064453125, 110.39779663085938, 126.2322998046875, 126.46472930908203, 152.1407470703125, 383.8883056640625]"
2014-02-03,2014-02-09,2986.0,9397,6100.0,"[18, 0, 20, 20, 5, 0, 0]","[1, 11, 0, 0, 17, 0, 0]","[0.029646110353676168, 0.0, 0.08295212281182276, 0.0, 0.0, 0.3, 0.3]","[122, 85, 98, 108, 173, 323, 230]","[116.00120544433594, 109.79265594482422, 131.1216583251953, 123.57122802734375, 147.2672576904297, 383.233642578125, 199.26519775390625]"
2014-02-04,2014-02-10,2472.0,9401,5780.0,"[0, 13, 20, 20, 0, 20, 0]","[15, 0, 0, 0, 0, 0, 0]","[0.00121641993932607, 0.2950005687762114, 0.22137074867903098, 0.022170827524142508, 0.05626314308583557, 0.0, 0.0]","[85, 98, 108, 173, 323, 230, 117]","[110.0955581665039, 128.50071716308594, 123.55479431152344, 149.57127380371094, 379.7823486328125, 197.5113067626953, 129.42510986328125]"
2014-02-05,2014-02-11,3289.0,10002,6235.0,"[0, 14, 12, 0, 20, 5, 17]","[0, 3, 11, 6, 3, 1, 0]","[0.27356270341671096, 0.0, 0.0, 0.3, 0.0, 0.0032496552694879256, 0.0]","[98, 108, 173, 323, 230, 117, 150]","[129.05303955078125, 121.84870147705078, 148.5471954345703, 380.45166015625, 197.0514678955078, 129.11083984375, 105.74752807617188]"
2014-02-06,2014-02-12,3176.0,9934,6065.0,"[1, 20, 0, 18, 12, 0, 0]","[9, 4, 1, 13, 7, 3, 0]","[0.20577839096659872, 0.08830989246615017, 0.20548436992070354, 0.0, 0.03142009082389718, 0.12133655220438357, 0.29566063312183477]","[108, 173, 323, 230, 117, 150, 160]","[121.17738342285156, 147.4609375, 381.0715637207031, 197.05567932128906, 129.56263732910156, 104.47503662109375, 129.9952850341797]"
2014-02-07,2014-02-13,3652.0,9928,6100.0,"[16, 20, 0, 20, 15, 0, 0]","[3, 20, 0, 0, 0, 0, 0]","[0.0, 0.0, 0.3, 0.01432111978676415, 0.0, 0.2867117858479743, 0.0028355296778067324]","[173, 323, 230, 117, 150, 160, 211]","[147.27699279785156, 380.89276123046875, 196.8725128173828, 129.03672790527344, 104.46548461914062, 129.7941436767578, 138.77195739746094]"
2014-02-08,2014-02-14,3660.0,9860,6020.0,"[19, 0, 20, 16, 20, 0, 0]","[0, 19, 0, 0, 0, 0, 0]","[0.0, 0.0, 0.0, 0.0, 0.0, 0.3, 0.001485022443225926]","[323, 230, 117, 150, 160, 211, 281]","[382.5846862792969, 198.04783630371094, 129.35171508789062, 105.20843505859375, 129.64483642578125, 138.6944122314453, 201.79600524902344]"
2014-02-09,2014-02-15,3730.0,9945,6040.0,"[20, 20, 0, 20, 20, 4, 0]","[0, 0, 12, 0, 0, 0, 0]","[0.0, 0.0, 0.0008482651205402331, 0.0, 0.003945090546080934, 0.0, 0.003098757280363846]","[230, 117, 150, 160, 211, 281, 1046]","[197.9150848388672, 130.32418823242188, 104.21257019042969, 129.37974548339844, 138.39804077148438, 202.01690673828125, 1143.4918212890625]"
2014-02-10,2014-02-16,3710.0,9945,6060.0,"[20, 0, 20, 20, 20, 0, 18]","[0, 0, 0, 0, 0, 0, 0]","[0.0, 0.19361427849020343, 0.020001628248596137, 0.0, 0.0, 0.0, 0.0]","[117, 150, 160, 211, 281, 1046, 925]","[131.720947265625, 105.49764251708984, 130.90524291992188, 141.44955444335938, 202.77273559570312, 1145.5125732421875, 910.1214599609375]"
2014-02-11,2014-02-17,3376.0,9979,6430.0,"[17, 0, 0, 17, 0, 0, 9]","[0, 5, 18, 4, 20, 0, 0]","[0.0, 0.0, 0.015098702217322669, 0.0, 0.004710917194929018, 0.0, 0.009270467044820322]","[150, 160, 211, 281, 1046, 925, 713]","[105.60015869140625, 128.865966796875, 139.4058380126953, 203.643310546875, 1146.8115234375, 913.2955932617188, 816.1514282226562]"
2014-02-12,2014-02-18,3588.0,9962,6200.0,"[3, 20, 20, 20, 0, 9, 0]","[6, 2, 12, 0, 0, 2, 0]","[0.00040095242303659327, 0.0, 0.0, 1.2225234497094877e-05, 0.0, 0.0, 0.2973691479363361]","[160, 211, 281, 1046, 925, 713, 108]","[132.0675048828125, 141.4322052001953, 204.96536254882812, 1151.5325927734375, 910.6055297851562, 815.9757080078125, 111.33293914794922]"
2014-02-13,2014-02-19,3824.0,9996,6000.0,"[8, 19, 19, 20, 18, 0, 0]","[4, 0, 8, 0, 0, 0, 0]","[0.02430425921788529, 0.015437681701365428, 0.00246628801332822, 0.0, 0.012867485688364832, 0.0, 0.03790641649169177]","[211, 281, 1046, 925, 713, 108, 141]","[143.97434997558594, 205.37094116210938, 1153.2908935546875, 916.1963500976562, 814.7725830078125, 113.0821762084961, 109.7811508178711]"
2014-02-14,2014-02-20,3394.0,9996,6430.0,"[18, 0, 0, 11, 10, 16, 15]","[0, 20, 0, 0, 4, 0, 0]","[0.0, 0.006983109822091869, 0.20122244933915, 0.0, 0.0, 0.0, 0.0]","[281, 1046, 925, 713, 108, 141, 113]","[206.9238739013672, 1146.2032470703125, 912.7451171875, 816.565673828125, 108.22476196289062, 105.84514617919922, 154.8876953125]"
2014-02-15,2014-02-21,3686.0,9979,6120.0,"[20, 18, 5, 17, 12, 0, 20]","[0, 3, 0, 0, 2, 0, 0]","[0.0, 0.0, 0.0, 0.0, 0.033022819634668306, 0.0, 0.0]","[1046, 925, 713, 108, 141, 113, 151]","[1154.1322021484375, 917.993896484375, 814.9190063476562, 115.06851959228516, 107.72543334960938, 154.3338623046875, 198.40756225585938]"
2014-02-16,2014-02-22,3280.0,9945,6490.0,"[19, 6, 6, 19, 0, 0, 18]","[0, 5, 11, 0, 0, 10, 0]","[0.0, 0.0, 3.818971440205608e-06, 0.0, 0.039532297385758655, 0.0, 0.0]","[925, 713, 108, 141, 113, 151, 272]","[920.3599243164062, 819.3160400390625, 114.23504638671875, 111.6942367553711, 151.20213317871094, 194.46600341796875, 253.30642700195312]"
2014-02-17,2014-02-23,3193.0,9622,6235.0,"[20, 19, 0, 20, 0, 20, 0]","[0, 0, 14, 1, 0, 1, 0]","[0.0, 0.0, 0.0, 0.0, 0.0, 0.0, 0.0]","[713, 108, 141, 113, 151, 272, 183]","[830.904296875, 113.3355941772461, 108.96348571777344, 155.20489501953125, 197.79603576660156, 253.35516357421875, 220.86578369140625]"
2014-02-18,2014-02-24,3172.0,9680,6310.0,"[20, 0, 10, 19, 0, 14, 9]","[0, 1, 0, 6, 15, 0, 0]","[0.026459782893098614, 0.08983616724005232, 0.0, 0.0, 0.0, 0.02040931292946186, 0.0]","[108, 141, 113, 151, 272, 183, 98]","[116.6213607788086, 108.20256805419922, 153.32177734375, 197.63804626464844, 256.8165283203125, 218.9949493408203, 115.6642837524414]"
2014-02-19,2014-02-25,2960.0,9435,6270.0,"[3, 19, 11, 5, 12, 0, 9]","[1, 0, 0, 12, 20, 0, 0]","[0.004363011566787658, 0.008089447963883892, 0.0, 0.0, 0.0, 0.29226660939472426, 0.01779363646162599]","[141, 113, 151, 272, 183, 98, 108]","[108.14332580566406, 155.6206817626953, 196.3059539794922, 255.68582153320312, 219.08387756347656, 116.95013427734375, 104.00556945800781]"
2014-02-20,2014-02-26,2478.0,9593,5500.0,"[8, 16, 0, 20, 0, 14, 0]","[2, 5, 0, 0, 7, 0, 8]","[0.2962079214833422, 0.2543050969724585, 0.2002964250631133, 0.08650688143662895, 0.09785229110651406, 0.015010153913315838, 0.13654783659936046]","[113, 151, 272, 183, 98, 108, 113]","[162.29002380371094, 200.86228942871094, 258.47161865234375, 222.15286254882812, 118.2406997680664, 105.54798126220703, 114.8993911743164]"
2014-02-21,2014-02-27,3444.0,9996,6380.0,"[0, 20, 20, 0, 0, 2, 0]","[19, 16, 2, 11, 0, 0, 0]","[0.0, 0.0016994268863249884, 0.001248682259268137, 0.0, 0.29919011536530093, 0.0, 0.3]","[151, 272, 183, 98, 108, 113, 104]","[199.6976776123047, 257.177978515625, 220.05197143554688, 119.09318542480469, 104.0782241821289, 114.58164978027344, 122.373291015625]"
2014-02-22,2014-02-28,2891.0,9214,6105.0,"[20, 13, 10, 1, 15, 0, 1]","[0, 20, 0, 9, 1, 1, 0]","[0.0, 0.0, 0.0, 0.0, 0.0, 0.0, 0.0]","[272, 183, 98, 108, 113, 104, 136]","[251.5628662109375, 218.4661407470703, 117.81549072265625, 105.05233764648438, 115.4040298461914, 123.87413787841797, 150.81321716308594]"
2014-02-23,2014-03-01,2988.0,9517,6110.0,"[19, 19, 0, 19, 0, 5, 6]","[8, 0, 0, 0, 16, 0, 0]","[0.0, 0.0, 0.2957591004324281, 0.0, 0.0, 0.3, 0.0037925525476586296]","[183, 98, 108, 113, 104, 136, 235]","[220.485107421875, 119.57213592529297, 105.26239013671875, 117.30305480957031, 124.71725463867188, 152.42784118652344, 252.43389892578125]"
2014-02-24,2014-03-02,2761.0,9469,6505.0,"[17, 9, 11, 0, 20, 0, 0]","[2, 4, 6, 0, 4, 19, 0]","[0.01319672221939919, 0.028964435648110437, 0.0, 0.28135877663126196, 0.009747969638419835, 0.03705928398553533, 0.15968984135399114]","[98, 108, 113, 104, 136, 235, 188]","[116.4549331665039, 105.03851318359375, 116.03587341308594, 123.25910186767578, 153.44178771972656, 254.239990234375, 198.8558349609375]"
2014-02-25,2014-03-03,2792.0,9640,6480.0,"[8, 11, 0, 0, 0, 4, 14]","[8, 6, 17, 20, 0, 0, 0]","[0.00848198733112309, 0.0, 0.0, 1.2298404943792314e-05, 0.020050819270559045, 0.3, 0.0]","[108, 113, 104, 136, 235, 188, 113]","[104.46844482421875, 116.60240936279297, 123.29904174804688, 153.18597412109375, 251.7374267578125, 202.29550170898438, 150.31893920898438]"
2014-02-26,2014-03-04,1093.0,15008,11560.0,"[18, 9, 2, 8, 19, 4, 2]","[19, 17, 17, 10, 1, 17, 11]","[0.24710552305379224, 0.2621937145304726, 0.11056906592700695, 0.20944589967638694, 0.16533836834584573, 0.07890121678469274, 0.05160848413551804]","[113, 104, 136, 235, 188, 113, 108]","[114.58322143554688, 123.41243743896484, 151.814208984375, 248.7510528564453, 200.91030883789062, 149.57679748535156, 120.94771575927734]"
2014-02-27,2014-03-05,2050.0,9254,6090.0,"[3, 4, 1, 2, 13, 9, 6]","[5, 6, 14, 5, 11, 1, 3]","[0.07804228261661779, 0.0881487184903472, 0.07717818568426701, 0.08890108309418819, 0.0810350303996524, 0.20114275483272498, 0.2276147618437908]","[104, 136, 235, 188, 113, 108, 118]","[123.0452880859375, 152.0776824951172, 248.77720642089844, 198.36021423339844, 152.41787719726562, 120.82449340820312, 129.3838653564453]"
2014-02-28,2014-03-06,3578.0,9962,6210.0,"[20, 20, 20, 0, 0, 19, 0]","[0, 12, 0, 4, 0, 0, 0]","[0.005726333430329009, 0.0017259794171430053, 0.0, 0.008203761163638886, 0.3, 0.0033135877619158314, 0.3]","[136, 235, 188, 113, 108, 118, 127]","[150.59800720214844, 249.2010955810547, 201.1780242919922, 153.7532958984375, 120.09719848632812, 127.85098266601562, 137.08804321289062]"
2014-03-01,2014-03-07,3334.0,9741,6220.0,"[20, 0, 20, 19, 0, 0, 20]","[0, 16, 0, 0, 0, 0, 0]","[5.8464926719855356e-05, 0.0, 0.0, 0.0, 0.3, 0.26884247116741733, 0.0]","[235, 188, 113, 108, 118, 127, 151]","[248.51893615722656, 202.69024658203125, 153.25852966308594, 118.9902114868164, 128.00637817382812, 138.43890380859375, 166.31216430664062]"
2014-03-02,2014-03-08,2930.0,9265,6120.0,"[14, 18, 20, 0, 20, 0, 20]","[0, 5, 0, 0, 0, 0, 0]","[0.0, 0.0, 0.0, 0.3, 0.003181207805549501, 0.3, 0.0]","[188, 113, 108, 118, 127, 151, 269]","[203.40499877929688, 152.02891540527344, 120.1957015991211, 128.76220703125, 137.86895751953125, 167.04409790039062, 253.9747772216797]"
2014-03-03,2014-03-09,2745.0,9059,5980.0,"[20, 0, 20, 20, 20, 0, 2]","[3, 1, 0, 3, 6, 0, 0]","[0.0, 0.2983326843028781, 0.0, 0.0, 0.0, 0.3, 0.2596713334019524]","[113, 108, 118, 127, 151, 269, 193]","[150.24472045898438, 119.05206298828125, 127.47402954101562, 138.50721740722656, 166.61105346679688, 255.58509826660156, 214.4464874267578]"
2014-03-04,2014-03-10,2617.0,15335,10070.0,"[14, 19, 16, 11, 1, 7, 1]","[4, 10, 9, 9, 15, 5, 17]","[0.29797478338440536, 0.09590807352886671, 0.1741455392395206, 0.09175717235970114, 0.2662657639087954, 0.02987048140818552, 0.22625726021478437]","[108, 118, 127, 151, 269, 193, 123]","[118.62162780761719, 126.76351928710938, 137.29257202148438, 166.20228576660156, 257.1175231933594, 216.82554626464844, 137.6287078857422]"
2014-03-05,2014-03-11,3614.0,9911,6120.0,"[20, 8, 19, 17, 2, 0, 0]","[0, 0, 0, 7, 20, 0, 0]","[0.004489659808699578, 0.0, 0.0, 0.0, 0.0, 0.16937400223115393, 0.0]","[118, 127, 151, 269, 193, 123, 108]","[123.79911041259766, 135.48977661132812, 166.1463623046875, 255.8343505859375, 217.6696319580078, 135.37728881835938, 117.43364715576172]"
2014-03-06,2014-03-12,3294.0,9755,6200.0,"[9, 4, 20, 12, 9, 0, 0]","[6, 0, 6, 19, 6, 0, 0]","[0.02514859549803506, 0.1677405673219826, 0.0, 0.0, 0.0003858116925875253, 0.3, 0.06704566924056268]","[127, 151, 269, 193, 123, 108, 123]","[135.75010681152344, 169.60585021972656, 253.19871520996094, 215.42276000976562, 136.95237731933594, 117.84632873535156, 122.12512969970703]"
2014-03-07,2014-03-13,3220.0,9787,6370.0,"[2, 19, 0, 10, 8, 0, 13]","[0, 20, 0, 10, 9, 0, 0]","[0.08962996478009931, 0.02217999537853796, 0.2547987078660047, 0.0, 0.0, 0.0, 0.025090291405122093]","[151, 269, 193, 123, 108, 123, 132]","[165.77792358398438, 257.34405517578125, 214.7270050048828, 135.36424255371094, 116.64350128173828, 120.56351470947266, 124.98172760009766]"
2014-03-08,2014-03-14,3429.0,9911,6305.0,"[20, 15, 20, 0, 20, 0, 0]","[0, 0, 0, 0, 0, 0, 19]","[0.0, 0.0, 0.00016541274252228013, 0.3, 0.0, 0.3, 0.0]","[269, 193, 123, 108, 123, 132, 222]","[254.9352264404297, 215.45901489257812, 133.52159118652344, 115.54368591308594, 120.87328338623047, 126.75856018066406, 155.81690979003906]"
2014-03-09,2014-03-15,3504.0,9996,6320.0,"[0, 20, 13, 0, 19, 11, 0]","[20, 0, 0, 7, 1, 2, 0]","[9.896137445169183e-06, 0.0, 0.0, 0.0, 0.0, 0.0, 0.0]","[193, 123, 108, 123, 132, 222, 330]","[218.14541625976562, 136.29156494140625, 117.09617614746094, 121.81800842285156, 126.3158950805664, 156.22817993164062, 282.9793701171875]"
2014-03-10,2014-03-16,3550.0,9848,6040.0,"[18, 19, 20, 11, 2, 0, 0]","[2, 0, 0, 1, 20, 0, 0]","[0.0, 0.0, 0.0, 0.07529528468516204, 0.0, 0.0, 0.12666624217015282]","[123, 108, 123, 132, 222, 330, 245]","[136.73672485351562, 117.86978149414062, 122.18958282470703, 125.84961700439453, 156.83511352539062, 282.2229919433594, 209.42796325683594]"
2014-03-11,2014-03-17,2664.0,9974,5880.0,"[16, 3, 9, 5, 16, 0, 1]","[0, 0, 2, 6, 16, 0, 10]","[0.05588077398516906, 0.13919202305350506, 0.028363895822167622, 0.08985080375607672, 0.16033963732767467, 0.09182883055404603, 0.2554519006560279]","[108, 123, 132, 222, 330, 245, 146]","[115.66832733154297, 120.01618957519531, 125.64688110351562, 156.15643310546875, 280.7402648925781, 207.8326416015625, 132.61419677734375]"
2014-03-12,2014-03-18,3566.0,9979,6240.0,"[18, 20, 0, 0, 20, 20, 0]","[1, 0, 0, 4, 12, 0, 0]","[0.0, 0.0, 0.29888349174257683, 0.0, 0.0, 0.0, 0.0]","[123, 132, 222, 330, 245, 146, 127]","[119.70518493652344, 124.54661560058594, 155.9055633544922, 282.7892150878906, 207.48782348632812, 132.93177795410156, 129.11264038085938]"
2014-03-13,2014-03-19,2327.0,9919,6150.0,"[3, 2, 1, 0, 9, 1, 7]","[2, 9, 16, 11, 4, 5, 9]","[0.023643010083440823, 0.20111744214406563, 0.03560526962035293, 0.02859543851868529, 0.22504340731208788, 0.22261191093053564, 0.22296650142044816]","[132, 222, 330, 245, 146, 127, 161]","[122.93602752685547, 155.13304138183594, 283.1977844238281, 207.7198486328125, 130.0679473876953, 128.6200714111328, 126.70177459716797]"
2014-03-14,2014-03-20,3162.0,9968,6470.0,"[5, 0, 8, 5, 13, 2, 10]","[9, 15, 0, 12, 4, 0, 6]","[0.0, 0.0, 0.1632454078410573, 0.004202587921714293, 0.0, 0.08611142647341191, 0.0]","[222, 330, 245, 146, 127, 161, 152]","[155.41598510742188, 281.4584655761719, 208.48342895507812, 131.18544006347656, 128.98284912109375, 127.23202514648438, 151.5533447265625]"
2014-03-15,2014-03-21,2645.0,9762,6195.0,"[20, 3, 3, 0, 6, 0, 0]","[16, 7, 5, 0, 10, 3, 10]","[0.0, 0.2356683509420422, 0.07601998217654325, 0.16439045593040344, 0.04236317804388443, 0.3, 0.07780734488374044]","[330, 245, 146, 127, 161, 152, 207]","[283.21923828125, 209.9526824951172, 134.05137634277344, 130.59849548339844, 130.86618041992188, 153.42294311523438, 201.67759704589844]"
2014-03-16,2014-03-22,3568.0,9877,6130.0,"[0, 19, 20, 17, 8, 20, 7]","[0, 0, 0, 1, 4, 0, 0]","[0.0, 0.005564700602300553, 0.0, 0.0, 0.0, 0.0, 0.0]","[245, 146, 127, 161, 152, 207, 325]","[211.5242919921875, 133.15501403808594, 130.69757080078125, 129.94178771972656, 153.88539123535156, 204.5384521484375, 311.41229248046875]"
2014-03-17,2014-03-23,2574.0,9972,6105.0,"[16, 8, 3, 2, 5, 1, 9]","[0, 10, 0, 10, 9, 7, 4]","[0.1851598564778426, 0.03325370371713602, 0.07174574280844262, 0.2581421114926235, 0.1792059896974576, 0.03050405361416169, 0.043021829403985586]","[146, 127, 161, 152, 207, 325, 236]","[134.93637084960938, 130.9966278076172, 129.63833618164062, 153.15145874023438, 203.7890625, 309.5796203613281, 232.1641845703125]"
2014-03-18,2014-03-24,3198.0,9994,6260.0,"[1, 1, 2, 11, 20, 0, 0]","[0, 7, 5, 20, 20, 0, 0]","[0.28396959624773727, 0.22263625290815472, 0.11066217850649757, 0.0, 0.029789569815873038, 0.16118660255274614, 0.026497906589585982]","[127, 161, 152, 207, 325, 236, 133]","[132.3043975830078, 131.21543884277344, 154.26007080078125, 205.9134521484375, 312.9842834472656, 232.38088989257812, 136.8817138671875]"
2014-03-19,2014-03-25,3492.0,9928,6260.0,"[15, 4, 0, 16, 20, 20, 20]","[2, 0, 0, 0, 0, 0, 0]","[0.0, 0.004273408594355162, 0.3, 0.0, 0.0, 0.021393701054945268, 0.0]","[161, 152, 207, 325, 236, 133, 161]","[129.13255310058594, 152.28953552246094, 204.31243896484375, 310.17242431640625, 230.63986206054688, 137.0115509033203, 127.2770004272461]"
2014-03-20,2014-03-26,3614.0,9996,6210.0,"[0, 0, 20, 20, 20, 3, 0]","[0, 0, 20, 10, 0, 0, 0]","[0.24712351175531586, 0.0, 0.015015249537374991, 0.0, 0.0, 0.0027753501572918117, 0.0]","[152, 207, 325, 236, 133, 161, 165]","[154.0435333251953, 204.32106018066406, 310.8321228027344, 232.58236694335938, 138.66004943847656, 129.02854919433594, 150.08912658691406]"
2014-03-21,2014-03-27,3540.0,14011,8970.0,"[6, 4, 19, 9, 3, 17, 5]","[18, 1, 12, 17, 7, 3, 3]","[0.16598564940773305, 0.18618166811708028, 0.004600517982843377, 0.12973338935087186, 0.08909703836704164, 0.21265605933382647, 0.10913271247039454]","[207, 325, 236, 133, 161, 165, 189]","[203.06373596191406, 310.2294921875, 232.62266540527344, 138.59860229492188, 129.4330291748047, 148.99464416503906, 174.76280212402344]"
2014-03-22,2014-03-28,3501.0,14420,9675.0,"[14, 14, 2, 18, 5, 15, 3]","[11, 1, 5, 14, 0, 14, 15]","[0.06399945710472098, 0.1519026648427146, 0.14404527680456009, 0.08483892596134776, 0.28391252300843306, 0.03339400012413335, 0.18186950050654235]","[325, 236, 133, 161, 165, 189, 241]","[312.8544921875, 232.9473419189453, 139.0509490966797, 129.95498657226562, 150.7325897216797, 175.0576629638672, 236.4159698486328]"
2014-03-23,2014-03-29,2422.0,9965,5740.0,"[6, 9, 11, 6, 7, 5, 3]","[4, 4, 9, 3, 6, 4, 4]","[0.213444598471493, 0.08286771815870415, 0.1687594615244766, 0.20606747271288678, 0.16848386463815937, 0.15239786794908422, 0.21962518327413463]","[236, 133, 161, 165, 189, 241, 345]","[231.70542907714844, 138.70172119140625, 128.95982360839844, 150.6144256591797, 176.21986389160156, 235.30184936523438, 300.457763671875]"
2014-03-24,2014-03-30,3569.0,15309,9410.0,"[8, 7, 2, 2, 19, 8, 4]","[11, 1, 16, 10, 5, 12, 18]","[0.17365499706173515, 0.28028682538915, 0.14173347832181984, 0.1283246597000747, 0.2760502017122398, 0.06039950846292973, 0.07723031183506196]","[133, 161, 165, 189, 241, 345, 242]","[139.25804138183594, 127.95447540283203, 150.03024291992188, 176.781005859375, 234.7512969970703, 300.3835754394531, 236.05625915527344]"
2014-03-25,2014-03-31,2966.0,17659,11365.0,"[16, 18, 4, 5, 12, 14, 17]","[18, 16, 9, 16, 4, 1, 8]","[0.28657586533819546, 0.1801945707816619, 0.19730955223153124, 0.028902691123601176, 0.27210005495686007, 0.1744085893318232, 0.2323581875279459]","[161, 165, 189, 241, 345, 242, 175]","[126.96167755126953, 149.5878143310547, 174.21731567382812, 233.78704833984375, 300.6426696777344, 238.5780029296875, 133.2550811767578]"
2014-03-26,2014-04-01,2381.0,11825,6915.0,"[8, 0, 0, 0, 1, 18, 10]","[3, 17, 13, 2, 19, 1, 0]","[0.27996957271723016, 0.1538206461307904, 0.12774838125381366, 0.051426600440813104, 0.2760327730905183, 0.22938112046565637, 0.003106616486792979]","[165, 189, 241, 345, 242, 175, 137]","[151.6548309326172, 176.00555419921875, 236.4713134765625, 300.6607971191406, 240.73248291015625, 132.14566040039062, 153.68637084960938]"
2014-03-27,2014-04-02,2741.0,13387,8590.0,"[19, 0, 1, 2, 8, 6, 10]","[11, 6, 4, 18, 1, 18, 8]","[0.24155900334609146, 0.06140217631952399, 0.17974986346336327, 0.08291144834478777, 0.02585879786570757, 0.20757052681038882, 0.11015792336239429]","[189, 241, 345, 242, 175, 137, 161]","[178.15213012695312, 235.2533416748047, 301.172607421875, 248.6157684326172, 131.73707580566406, 155.4656219482422, 164.83554077148438]"
2014-03-28,2014-04-03,3348.0,9962,6440.0,"[0, 12, 10, 8, 0, 0, 0]","[8, 20, 20, 10, 0, 0, 0]","[0.0, 0.0, 0.0, 5.276229476654085e-05, 0.3, 0.3, 0.3]","[241, 345, 242, 175, 137, 161, 152]","[234.3568878173828, 300.5580139160156, 247.91249084472656, 131.69960021972656, 154.7025604248047, 165.483642578125, 180.44825744628906]"
2014-03-29,2014-04-04,3494.0,9996,6330.0,"[2, 3, 2, 20, 20, 6, 3]","[20, 1, 15, 0, 0, 0, 0]","[0.00641010117812233, 0.03055853033845138, 0.0, 0.03734481952440125, 0.011551081369433166, 0.0, 0.0]","[345, 242, 175, 137, 161, 152, 194]","[301.3610534667969, 247.096435546875, 133.8257293701172, 158.23794555664062, 165.81793212890625, 179.47569274902344, 213.7048797607422]"
2014-03-30,2014-04-05,4178.0,18389,11775.0,"[15, 14, 12, 19, 17, 3, 17]","[13, 4, 6, 14, 10, 4, 17]","[0.1615320050808556, 0.28745862371604575, 0.13123815590212748, 0.10393189565584907, 0.1563506840831163, 0.0015792359686081724, 0.11889656824791489]","[242, 175, 137, 161, 152, 194, 332]","[251.27853393554688, 119.9606704711914, 146.84671020507812, 165.54217529296875, 177.57945251464844, 207.6009063720703, 299.3162536621094]"
2014-03-31,2014-04-06,3112.0,9514,6100.0,"[8, 12, 16, 4, 13, 20, 0]","[0, 0, 0, 0, 19, 0, 0]","[0.0, 0.0, 0.07231189237565369, 0.0, 0.01072305647712633, 0.0, 0.13305582347936507]","[175, 137, 161, 152, 194, 332, 265]","[134.72488403320312, 158.8789520263672, 166.8029327392578, 181.33770751953125, 215.62452697753906, 298.09356689453125, 237.08551025390625]"
2014-04-01,2014-04-07,3172.0,9544,6040.0,"[20, 20, 0, 20, 9, 0, 10]","[6, 0, 9, 0, 0, 0, 0]","[0.0, 0.0, 0.13884611414895237, 0.0, 0.0, 0.3, 0.016922410614929516]","[137, 161, 152, 194, 332, 265, 137]","[160.49008178710938, 167.17758178710938, 182.37393188476562, 216.882080078125, 299.4826965332031, 236.67672729492188, 164.2528076171875]"
2014-04-02,2014-04-08,3261.0,9809,6365.0,"[0, 17, 4, 20, 12, 0, 0]","[0, 0, 3, 3, 16, 15, 0]","[0.18731728310768275, 0.0, 0.0, 0.018251586922703854, 0.025336511710645635, 0.0, 0.02044561920637264]","[161, 152, 194, 332, 265, 137, 152]","[163.33372497558594, 179.09298706054688, 214.36849975585938, 299.76300048828125, 236.3297119140625, 163.65870666503906, 131.4640655517578]"
2014-04-03,2014-04-09,3651.0,12655,8615.0,"[9, 8, 13, 3, 11, 14, 6]","[1, 6, 19, 2, 9, 14, 3]","[0.17889290336076608, 0.0010407900418953231, 0.025972885132131307, 0.1210914643682253, 0.0007564780934558813, 0.03746019045364196, 0.12568156858204174]","[152, 194, 332, 265, 137, 152, 152]","[178.9883270263672, 214.39337158203125, 300.9169921875, 236.22947692871094, 162.7652587890625, 131.96800231933594, 154.84091186523438]"
2014-04-04,2014-04-10,3337.0,9878,6175.0,"[12, 16, 9, 10, 7, 1, 1]","[12, 9, 0, 6, 2, 0, 5]","[0.0, 0.028180191110816863, 0.15818004051961032, 0.0, 0.0, 0.18322870670263058, 0.0]","[194, 332, 265, 137, 152, 152, 156]","[213.76576232910156, 298.74871826171875, 235.51773071289062, 161.57534790039062, 131.18263244628906, 153.38604736328125, 165.6444549560547]"
2014-04-05,2014-04-11,3614.0,9996,6210.0,"[20, 20, 0, 20, 0, 2, 1]","[16, 0, 14, 0, 0, 0, 0]","[0.0, 0.0, 0.0, 0.0, 0.3, 0.0, 0.0]","[332, 265, 137, 152, 152, 156, 227]","[299.1303405761719, 237.72254943847656, 163.10552978515625, 132.0441131591797, 152.21670532226562, 164.84487915039062, 205.45619201660156]"
2014-04-06,2014-04-12,3834.0,9911,5900.0,"[20, 20, 20, 18, 11, 0, 0]","[6, 1, 0, 0, 0, 0, 0]","[0.0, 0.0, 0.014620711074093682, 0.0, 0.018059033619595467, 0.0, 0.3]","[265, 137, 152, 152, 156, 227, 351]","[237.60427856445312, 165.01953125, 131.90614318847656, 152.9071807861328, 164.0403594970703, 206.0867919921875, 305.6781921386719]"
2014-04-07,2014-04-13,2561.0,9604,5745.0,"[7, 9, 5, 14, 3, 4, 2]","[3, 4, 2, 2, 14, 8, 3]","[0.13905795001631663, 0.020290982963181617, 0.168007140216283, 0.18467802899042035, 0.08976491686198923, 0.22216855800194324, 0.13845878459872807]","[137, 152, 152, 156, 227, 351, 252]","[166.5582733154297, 133.392333984375, 153.88902282714844, 165.32208251953125, 206.4690704345703, 305.4877624511719, 248.3423309326172]"
2014-04-08,2014-04-14,3147.0,9935,6575.0,"[1, 1, 16, 8, 19, 1, 5]","[13, 0, 9, 0, 1, 0, 17]","[0.023153396673110976, 0.2846682479452648, 0.0, 0.017060729806632514, 0.0077194679516543055, 0.031443658586150836, 0.0]","[152, 152, 156, 227, 351, 252, 166]","[131.81578063964844, 153.056396484375, 164.17300415039062, 207.75611877441406, 306.1358947753906, 246.11627197265625, 151.2122344970703]"
2014-04-09,2014-04-15,3268.0,9903,6370.0,"[8, 0, 2, 0, 20, 7, 0]","[2, 20, 0, 15, 14, 0, 0]","[0.0, 0.017295389322601804, 0.3, 0.0, 0.0, 0.011619116448770755, 0.2931757644374634]","[152, 156, 227, 351, 252, 166, 199]","[153.37371826171875, 165.41172790527344, 207.0910186767578, 305.5830078125, 246.35133361816406, 150.55178833007812, 151.97230529785156]"
2014-04-10,2014-04-16,3770.0,9945,6000.0,"[20, 20, 0, 20, 20, 0, 0]","[1, 6, 0, 8, 0, 0, 0]","[0.0, 0.0, 0.3, 0.0, 0.0, 0.01993225918237808, 0.3]","[156, 227, 351, 252, 166, 199, 185]","[164.3699493408203, 206.01312255859375, 306.3720703125, 246.14239501953125, 152.4273681640625, 150.8622589111328, 165.45249938964844]"
2014-04-11,2014-04-17,3475.0,9989,6205.0,"[20, 0, 17, 17, 13, 11, 0]","[0, 0, 0, 7, 0, 0, 9]","[0.018703249705117955, 0.08972261129940592, 0.0, 0.0, 0.0, 0.07825307550565122, 0.07464141886992744]","[227, 351, 252, 166, 199, 185, 228]","[208.80007934570312, 310.2587585449219, 248.9492645263672, 160.6414337158203, 154.02029418945312, 172.89437866210938, 192.87864685058594]"
2014-04-12,2014-04-18,3768.0,9962,6020.0,"[0, 20, 20, 19, 20, 0, 0]","[4, 4, 4, 3, 1, 0, 0]","[0.0, 0.0369714531794806, 0.012233819405328923, 0.0, 1.9649285142928008e-05, 0.02135006108836009, 0.2802033464650136]","[351, 252, 166, 199, 185, 228, 346]","[307.63800048828125, 247.09400939941406, 152.5777130126953, 151.71507263183594, 167.0583953857422, 186.12440490722656, 238.2391815185547]"
2014-04-13,2014-04-19,5145.0,19895,11335.0,"[18, 15, 19, 19, 16, 8, 10]","[0, 11, 10, 8, 2, 11, 14]","[0.002591737108576797, 0.2997376595598755, 0.22950432923346292, 0.20292398229036612, 0.2108065610542872, 0.015588868983862601, 0.1786605693120019]","[252, 166, 199, 185, 228, 346, 409]","[247.08082580566406, 154.95286560058594, 152.63674926757812, 168.58816528320312, 187.22462463378906, 237.66021728515625, 340.79901123046875]"
2014-04-14,2014-04-20,1286.0,7939,6360.0,"[0, 6, 20, 18, 0, 0, 20]","[0, 0, 7, 7, 15, 0, 0]","[0.3, 0.0, 0.0, 0.0, 0.0, 0.01723154517533576, 0.0]","[166, 199, 185, 228, 346, 409, 0]","[154.85740661621094, 151.5784454345703, 168.6909637451172, 185.9154510498047, 239.00550842285156, 343.39508056640625, 196.05638122558594]"
2014-04-15,2014-04-21,3400.0,9957,6370.0,"[0, 11, 20, 9, 2, 0, 10]","[0, 15, 10, 12, 0, 0, 2]","[0.0016824273379963703, 0.0, 0.009166946466318299, 0.01640476329418521, 0.07780296921384332, 0.16175730873314126, 0.0]","[199, 185, 228, 346, 409, 0, 176]","[156.052001953125, 175.62564086914062, 197.03372192382812, 250.44561767578125, 362.419921875, 181.14085388183594, 190.75828552246094]"
2014-04-16,2014-04-22,5173.0,19261,12200.0,"[18, 13, 12, 15, 1, 13, 11]","[1, 17, 17, 17, 2, 12, 16]","[0.08037709039128864, 0.03431092730575034, 0.22969878202695304, 0.13414777458428556, 0.20776461129780333, 0.08830337881938462, 0.1869209209330879]","[185, 228, 346, 409, 0, 176, 176]","[182.36825561523438, 202.4569549560547, 250.16639709472656, 366.34307861328125, 177.2165069580078, 201.2717742919922, 170.319580078125]"
2014-04-17,2014-04-23,975.0,7980,6275.0,"[10, 7, 4, 2, 1, 6, 3]","[1, 6, 7, 12, 4, 17, 2]","[0.022696948347872607, 0.02281971586659058, 0.0870483587546916, 0.22638107160320523, 0.014863636311754858, 0.13845818093656326, 0.07388145027953724]","[228, 346, 409, 0, 176, 176, 166]","[189.2771759033203, 239.79681396484375, 343.165771484375, 197.64109802246094, 185.10801696777344, 160.3975830078125, 174.970947265625]"
2014-04-18,2014-04-24,1035.0,8295,6235.0,"[0, 5, 5, 6, 8, 3, 3]","[3, 12, 10, 5, 14, 7, 2]","[0.10414019040315842, 0.1384008875750594, 0.01691910643200585, 0.0, 0.07458079299706627, 0.20626165119720738, 0.08586811999487254]","[346, 409, 0, 176, 176, 166, 218]","[239.4862518310547, 342.60540771484375, 197.267333984375, 183.88705444335938, 160.7505645751953, 176.00909423828125, 187.5330047607422]"
2014-04-19,2014-04-25,1614.0,7956,6050.0,"[20, 20, 0, 20, 20, 11, 0]","[0, 0, 0, 6, 0, 0, 0]","[0.0, 0.008656439490401303, 0.3, 0.0, 0.0, 0.0, 0.3]","[409, 0, 176, 176, 166, 218, 237]","[380.9476013183594, 173.55799865722656, 214.3011932373047, 173.25167846679688, 188.2176513671875, 194.50790405273438, 263.34130859375]"
2014-04-20,2014-04-26,209.0,12946,10460.0,"[15, 4, 16, 17, 1, 13, 6]","[18, 19, 1, 15, 0, 12, 6]","[0.0587045936951474, 0.18987145332829744, 0.14843382037776678, 0.2243602293393302, 0.2953419618143291, 0.0829758566303565, 0.2541767987052256]","[0, 176, 176, 166, 218, 237, 366]","[185.34230041503906, 203.65785217285156, 179.6929168701172, 190.30442810058594, 197.20248413085938, 271.1775207519531, 347.3724670410156]"
2014-04-21,2014-04-27,3330.0,9783,6020.0,"[0, 19, 8, 20, 20, 0, 8]","[0, 0, 0, 0, 18, 0, 0]","[0.13978558335963337, 0.0, 0.0, 0.024360497573076286, 0.0, 0.26608561389506763, 0.24143617491521702]","[176, 176, 166, 218, 237, 366, 238]","[199.385009765625, 162.90484619140625, 179.41665649414062, 182.6878204345703, 250.96636962890625, 344.0799865722656, 213.5727996826172]"
2014-04-22,2014-04-28,4470.0,19848,12355.0,"[18, 10, 12, 4, 13, 19, 16]","[16, 18, 11, 7, 16, 2, 9]","[0.19698579927085794, 0.15211966469619764, 0.2625802104797074, 0.08902157310779975, 0.20518214206705895, 0.19127760554506043, 0.007095641512204476]","[176, 166, 218, 237, 366, 238, 147]","[156.86801147460938, 173.82125854492188, 187.47860717773438, 254.1642303466797, 342.4975891113281, 206.44728088378906, 155.23550415039062]"
2014-04-23,2014-04-29,3724.0,9988,5920.0,"[0, 20, 20, 20, 20, 0, 0]","[1, 4, 6, 0, 3, 0, 0]","[0.0006338096103315983, 0.004656359163372412, 0.0765567674576822, 0.016006367382430657, 0.0100257296567705, 0.3, 0.3]","[166, 218, 237, 366, 238, 147, 115]","[180.47744750976562, 188.6248779296875, 257.078369140625, 347.0028991699219, 199.50119018554688, 158.24456787109375, 159.33604431152344]"
2014-04-24,2014-04-30,3627.0,9909,6035.0,"[14, 20, 14, 11, 11, 2, 0]","[0, 0, 4, 16, 0, 1, 0]","[0.0, 0.0, 0.0, 0.0, 0.07517272324197366, 0.0, 0.2908546983365716]","[218, 237, 366, 238, 147, 115, 157]","[184.962890625, 254.0989227294922, 347.632568359375, 199.31982421875, 157.33106994628906, 158.8601531982422, 139.9332275390625]"
2014-04-25,2014-05-01,2838.0,9431,6140.0,"[6, 10, 20, 7, 14, 0, 19]","[0, 6, 0, 0, 9, 0, 2]","[0.18778365206976017, 0.0, 0.0, 0.0, 0.0, 0.07360789706663215, 0.07807689639624953]","[237, 366, 238, 147, 115, 157, 157]","[262.3297119140625, 351.53863525390625, 208.22479248046875, 156.5206298828125, 156.95660400390625, 135.9581756591797, 186.99185180664062]"
2014-04-26,2014-05-02,3131.0,9739,6235.0,"[5, 11, 10, 7, 17, 6, 7]","[0, 7, 1, 5, 3, 2, 9]","[0.06710129746680768, 0.0, 0.010549081870278795, 0.0, 0.0, 0.1781961731864579, 0.005123647830300588]","[366, 238, 147, 115, 157, 157, 219]","[336.1105651855469, 220.55130004882812, 154.53953552246094, 158.68325805664062, 141.77503967285156, 187.5392608642578, 220.8185272216797]"
2014-04-27,2014-05-03,2926.0,9299,6160.0,"[19, 0, 6, 19, 20, 0, 0]","[0, 7, 17, 0, 5, 0, 0]","[0.0017988638324540262, 0.0, 0.0, 0.0, 0.0, 0.021138298664243903, 0.26739532515487024]","[238, 147, 115, 157, 157, 219, 320]","[214.23390197753906, 153.80404663085938, 156.9706573486328, 141.84767150878906, 182.46925354003906, 220.96742248535156, 319.7373046875]"
2014-04-28,2014-05-04,3146.0,9554,6210.0,"[19, 20, 13, 10, 0, 0, 15]","[1, 3, 8, 6, 0, 0, 0]","[0.0, 0.0, 0.0, 0.0, 0.3, 0.0, 0.0]","[147, 115, 157, 157, 219, 320, 228]","[162.3504180908203, 159.85679626464844, 141.4426727294922, 179.8387908935547, 219.73843383789062, 322.3681640625, 241.91412353515625]"
2014-04-29,2014-05-05,912.0,11683,9120.0,"[15, 4, 10, 3, 0, 11, 19]","[10, 8, 14, 8, 0, 3, 17]","[0.06456747271255513, 0.1451963176532818, 0.05743416214110633, 0.10119946393615643, 0.061710901796564716, 0.030876178050328884, 0.29930731767476043]","[115, 157, 157, 219, 320, 228, 124]","[153.83285522460938, 135.58169555664062, 182.33328247070312, 221.6717071533203, 321.4434814453125, 244.8311004638672, 143.49864196777344]"
2014-04-30,2014-05-06,2734.0,9472,5975.0,"[9, 12, 20, 0, 9, 0, 12]","[2, 0, 9, 0, 5, 0, 9]","[0.037560688741663004, 0.036955535325078726, 0.0, 0.10918336811281566, 0.2939558486206863, 0.21418094597714776, 0.0]","[157, 157, 219, 320, 228, 124, 119]","[133.63206481933594, 188.94668579101562, 219.47450256347656, 328.4036865234375, 248.63478088378906, 139.21131896972656, 138.42568969726562]"
2014-05-01,2014-05-07,3433.0,9859,5975.0,"[20, 0, 17, 18, 7, 0, 0]","[0, 0, 19, 8, 0, 0, 1]","[0.0, 0.0, 0.0, 0.0, 0.2590586096112166, 0.17222439286342162, 0.3]","[157, 219, 320, 228, 124, 119, 129]","[183.58297729492188, 227.73028564453125, 325.40216064453125, 239.99606323242188, 140.57078552246094, 136.29159545898438, 143.13232421875]"
2014-05-02,2014-05-08,3241.0,13162,8525.0,"[6, 3, 18, 9, 2, 6, 1]","[12, 8, 2, 6, 19, 5, 16]","[0.223777628898673, 0.22568623390091483, 0.16110776315346448, 0.07588280811209198, 0.009402004215463356, 0.030973764890593634, 0.045327616720204654]","[219, 320, 228, 124, 119, 129, 163]","[215.6824188232422, 318.9023132324219, 241.86276245117188, 140.07406616210938, 134.15089416503906, 144.137939453125, 169.6824188232422]"
2014-05-03,2014-05-09,3370.0,9775,6220.0,"[0, 19, 19, 0, 20, 6, 0]","[0, 18, 0, 11, 0, 0, 0]","[0.3, 0.0, 0.00666956787329986, 0.0006725270612242268, 0.0, 0.008704022559641733, 0.010612575611622902]","[320, 228, 124, 119, 129, 163, 215]","[322.0696105957031, 244.22164916992188, 141.791015625, 132.95875549316406, 143.19931030273438, 167.55938720703125, 219.7117462158203]"
2014-05-04,2014-05-10,4233.0,16726,10035.0,"[14, 12, 0, 3, 11, 9, 19]","[13, 7, 18, 14, 13, 1, 4]","[0.056890718535243065, 0.2489656545221568, 0.1918826321973118, 0.06301576302123148, 0.21005720356246024, 0.25838574170746226, 0.10156530064720454]","[228, 124, 119, 129, 163, 215, 329]","[248.08375549316406, 143.8644256591797, 138.6915740966797, 146.5675048828125, 168.13235473632812, 236.45907592773438, 328.9819030761719]"
2014-05-05,2014-05-11,3294.0,9805,6290.0,"[0, 11, 20, 20, 1, 20, 15]","[0, 9, 0, 0, 0, 0, 0]","[0.3, 0.0, 0.008735365896083213, 0.0, 0.2982316663345834, 0.0, 0.0]","[124, 119, 129, 163, 215, 329, 272]","[135.85475158691406, 129.30007934570312, 141.76223754882812, 167.0409393310547, 221.9022674560547, 322.6852111816406, 254.65951538085938]"
2014-05-06,2014-05-12,2689.0,9994,6225.0,"[5, 10, 10, 5, 3, 5, 1]","[3, 3, 11, 6, 7, 7, 8]","[0.13872100889150177, 0.07537828358052467, 0.01127218564803642, 0.07341191416427933, 0.06586611406609989, 0.17542374846228326, 0.25036793195189466]","[119, 129, 163, 215, 329, 272, 138]","[133.94644165039062, 145.44618225097656, 167.08380126953125, 234.64151000976562, 329.8233947753906, 247.00352478027344, 207.93014526367188]"
2014-05-07,2014-05-13,3462.0,9928,6290.0,"[9, 20, 0, 19, 0, 0, 19]","[6, 0, 0, 20, 0, 0, 0]","[0.0, 0.0, 0.2233962508916876, 0.0002028776647918345, 0.19839337000898666, 0.0, 0.035373117014969854]","[129, 163, 215, 329, 272, 138, 144]","[140.3103485107422, 165.475830078125, 221.7080535888672, 325.2808837890625, 247.27342224121094, 184.9999237060547, 142.03562927246094]"
2014-05-08,2014-05-14,3095.0,9906,6120.0,"[9, 19, 10, 0, 1, 2, 20]","[0, 0, 9, 0, 19, 0, 0]","[0.0013522697474103798, 0.0, 0.21715317346294877, 0.27637216149287186, 0.0, 0.0, 0.009394333536733392]","[163, 215, 329, 272, 138, 144, 148]","[161.39584350585938, 211.73623657226562, 322.34613037109375, 246.59474182128906, 192.4318389892578, 143.31297302246094, 153.31532287597656]"
2014-05-09,2014-05-15,2433.0,9114,6355.0,"[0, 19, 0, 20, 4, 11, 6]","[6, 0, 2, 9, 7, 7, 0]","[0.01379152824305055, 0.03635265761086404, 0.3, 0.0, 0.0, 0.0, 0.03192064526811375]","[215, 329, 272, 138, 144, 148, 191]","[216.42359924316406, 322.5293884277344, 243.4409637451172, 184.74903869628906, 143.74298095703125, 153.8376922607422, 177.742919921875]"
2014-05-10,2014-05-16,3568.0,9935,6160.0,"[20, 20, 0, 20, 1, 14, 0]","[2, 17, 0, 0, 0, 0, 0]","[0.0, 0.0, 0.2977503073519787, 0.0, 0.25731658519590866, 0.0, 0.068459123762721]","[329, 272, 138, 144, 148, 191, 225]","[322.84991455078125, 244.26451110839844, 197.24327087402344, 140.34506225585938, 153.2567596435547, 177.92376708984375, 240.77334594726562]"
2014-05-11,2014-05-17,2538.0,9027,6260.0,"[0, 20, 0, 20, 7, 0, 0]","[3, 10, 10, 1, 19, 0, 0]","[0.0, 0.0, 0.0, 0.0, 0.0, 0.0, 0.14465065935821964]","[272, 138, 144, 148, 191, 225, 321]","[247.6630096435547, 201.2991943359375, 144.22760009765625, 158.8479461669922, 178.90151977539062, 241.38731384277344, 335.12786865234375]"
2014-05-12,2014-05-18,3564.0,9996,6260.0,"[0, 20, 6, 14, 15, 8, 0]","[3, 0, 8, 12, 7, 0, 0]","[0.0, 0.0007914000404934643, 0.03144184950113502, 0.0, 0.0, 0.0009151834065343968, 0.06761545211013054]","[138, 144, 148, 191, 225, 321, 254]","[200.91690063476562, 145.1686248779297, 158.25502014160156, 182.45751953125, 243.1381072998047, 332.57891845703125, 247.46026611328125]"
2014-05-13,2014-05-19,3190.0,9817,5840.0,"[0, 13, 20, 14, 15, 0, 0]","[0, 10, 4, 3, 0, 0, 8]","[0.15815058707931856, 0.07189007023149721, 0.0, 0.0, 0.07813155796277847, 0.0, 0.29618279398009084]","[144, 148, 191, 225, 321, 254, 167]","[138.65464782714844, 154.63209533691406, 181.21788024902344, 240.06195068359375, 332.48321533203125, 243.5226593017578, 137.337890625]"
2014-05-14,2014-05-20,3625.0,9964,6145.0,"[3, 20, 19, 19, 5, 2, 5]","[0, 4, 5, 0, 11, 1, 0]","[0.0, 0.02149837577971527, 0.03477829807826219, 0.0070755949632728115, 0.025280879393610026, 0.07347306705159772, 0.008602610157493603]","[148, 191, 225, 321, 254, 167, 167]","[149.72679138183594, 175.91098022460938, 239.34860229492188, 332.2203063964844, 246.51873779296875, 137.68045043945312, 141.98667907714844]"
2014-05-15,2014-05-21,3710.0,9945,6060.0,"[15, 19, 5, 20, 14, 0, 0]","[9, 0, 4, 3, 5, 0, 0]","[0.00020537473812963148, 0.0058084762285470085, 0.0, 0.0, 0.0, 0.0, 0.0]","[191, 225, 321, 254, 167, 167, 187]","[171.74954223632812, 233.72116088867188, 323.9317321777344, 247.32406616210938, 138.49990844726562, 143.42604064941406, 156.01539611816406]"
2014-05-16,2014-05-22,3568.0,9792,6040.0,"[19, 0, 20, 18, 17, 0, 0]","[17, 0, 3, 0, 0, 0, 0]","[0.03231055182606881, 0.13182498929158762, 0.0, 0.0, 0.0, 0.2800937882253967, 7.289527204012414e-05]","[225, 321, 254, 167, 167, 187, 191]","[248.76565551757812, 337.6648864746094, 257.9743957519531, 138.46620178222656, 140.2408905029297, 159.6429901123047, 215.47793579101562]"
2014-05-17,2014-05-23,3544.0,9941,6190.0,"[0, 20, 0, 20, 16, 5, 0]","[0, 9, 17, 0, 5, 0, 0]","[0.29888296066631564, 0.0, 0.0, 0.0, 0.0, 0.08806655780470483, 0.29956168822084966]","[321, 254, 167, 167, 187, 191, 248]","[330.6201477050781, 246.2696075439453, 134.25173950195312, 143.66429138183594, 164.17825317382812, 204.33860778808594, 281.6845397949219]"
2014-05-18,2014-05-24,3442.0,9943,5830.0,"[8, 20, 3, 20, 20, 0, 3]","[0, 2, 0, 5, 10, 0, 0]","[0.26384151490366675, 0.0, 0.2965280458866362, 0.0, 0.009692359657007472, 0.016821665256554635, 0.3]","[254, 167, 167, 187, 191, 248, 1344]","[241.59109497070312, 137.72900390625, 144.2210235595703, 155.31065368652344, 201.23843383789062, 261.6452331542969, 1341.1859130859375]"
2014-05-19,2014-05-25,3228.0,9692,6165.0,"[0, 16, 19, 0, 20, 11, 0]","[0, 0, 0, 5, 20, 0, 1]","[0.0, 0.0, 0.0, 0.15720010135206203, 0.006283400258454918, 0.0, 0.0]","[167, 167, 187, 191, 248, 1344, 1095]","[139.0018310546875, 147.17698669433594, 160.50152587890625, 201.4971160888672, 276.9007263183594, 1290.164794921875, 1052.48779296875]"
2014-05-20,2014-05-26,3590.0,9945,6180.0,"[0, 3, 16, 20, 20, 0, 0]","[2, 14, 0, 17, 0, 0, 0]","[0.0, 0.0, 0.0, 0.0, 0.0, 0.0, 0.3]","[167, 187, 191, 248, 1344, 1095, 1034]","[147.3179168701172, 155.57630920410156, 205.4115753173828, 263.35992431640625, 1337.427001953125, 1038.2197265625, 968.9594116210938]"
2014-05-21,2014-05-27,3628.0,16974,10255.0,"[10, 16, 17, 3, 1, 0, 8]","[9, 13, 11, 14, 14, 3, 18]","[0.2086622781702446, 0.1552021348333082, 0.28713222134631017, 0.25147582319733197, 0.15289309640279125, 0.10410872891988852, 0.07098075451573084]","[187, 191, 248, 1344, 1095, 1034, 134]","[163.03184509277344, 209.58670043945312, 258.1834716796875, 1340.7747802734375, 1039.842041015625, 970.731201171875, 147.37156677246094]"
2014-05-22,2014-05-28,3580.0,9958,6160.0,"[1, 20, 4, 16, 19, 0, 0]","[0, 7, 8, 0, 17, 0, 0]","[0.3, 0.0, 0.0, 0.0, 0.0, 0.3, 0.06659819673223469]","[191, 248, 1344, 1095, 1034, 134, 177]","[212.84397888183594, 283.4429626464844, 1289.6357421875, 1047.182861328125, 979.787841796875, 161.63870239257812, 146.2982635498047]"
2014-05-23,2014-05-29,4013.0,15632,8715.0,"[10, 17, 16, 6, 6, 7, 7]","[14, 2, 5, 18, 1, 9, 4]","[0.2588350187592235, 0.014710223841387737, 0.21674983732270714, 0.29573259383876666, 0.28286757626243075, 0.1595488885240068, 0.07544643075168761]","[248, 1344, 1095, 1034, 134, 177, 148]","[278.4450988769531, 1292.29638671875, 1055.3466796875, 977.6984252929688, 176.13705444335938, 147.12367248535156, 161.74693298339844]"
2014-05-24,2014-05-30,3444.0,9996,6380.0,"[20, 0, 20, 0, 0, 0, 2]","[9, 0, 19, 0, 20, 0, 0]","[0.0, 0.3, 0.0, 0.2972655734331422, 0.0, 0.0, 0.0]","[1344, 1095, 1034, 134, 177, 148, 187]","[1278.192626953125, 808.8626708984375, 899.3948364257812, 165.5090789794922, 149.10403442382812, 187.06777954101562, 204.72608947753906]"
2014-05-25,2014-05-31,3344.0,14126,8450.0,"[11, 10, 0, 18, 14, 16, 12]","[2, 0, 2, 4, 12, 2, 16]","[0.26201721351648727, 0.24812800317834083, 0.05824237157283959, 0.18450098856095257, 0.29873834378885894, 0.08459934354697497, 0.06754874302615821]","[1095, 1034, 134, 177, 148, 187, 302]","[1028.48095703125, 977.832763671875, 155.37721252441406, 143.8069610595703, 173.1509552001953, 208.81158447265625, 289.5592041015625]"
2014-05-26,2014-06-01,3405.0,9996,6275.0,"[18, 10, 13, 4, 9, 2, 1]","[4, 1, 4, 16, 2, 0, 7]","[0.006158912529383609, 0.0, 0.0, 0.07423711440946963, 0.0, 0.0, 0.0]","[1034, 134, 177, 148, 187, 302, 225]","[980.6621704101562, 163.9234161376953, 144.0199737548828, 164.77943420410156, 206.2616424560547, 289.0592956542969, 250.80882263183594]"
2014-05-27,2014-06-02,3012.0,9899,6175.0,"[10, 8, 10, 6, 3, 8, 10]","[9, 7, 2, 4, 1, 4, 5]","[0.03355835045926674, 0.08364427835338886, 0.08819330756999219, 0.08940040835266491, 0.2200100233128735, 0.07355499221796342, 0.0888605869403964]","[134, 177, 148, 187, 302, 225, 144]","[172.6837158203125, 143.65130615234375, 162.10711669921875, 203.24903869628906, 287.2189025878906, 251.19485473632812, 192.78517150878906]"
2014-05-28,2014-06-03,2974.0,9826,6670.0,"[0, 3, 0, 19, 0, 13, 0]","[0, 20, 20, 6, 0, 8, 0]","[0.29152742529278614, 0.0015998519121929568, 0.018627476027211563, 0.005783195165677357, 0.3, 0.0, 0.0]","[177, 148, 187, 302, 225, 144, 172]","[143.78292846679688, 167.60336303710938, 208.1223602294922, 287.2694396972656, 249.14158630371094, 184.11708068847656, 132.73480224609375]"
2014-05-29,2014-06-04,3944.0,9996,5880.0,"[19, 19, 20, 20, 20, 0, 0]","[0, 0, 0, 0, 0, 0, 0]","[0.0, 0.0, 0.0, 0.010702885131346984, 0.0003081964837681597, 0.0, 0.3]","[148, 187, 302, 225, 144, 172, 168]","[178.72213745117188, 210.15774536132812, 290.98052978515625, 268.6588134765625, 188.87164306640625, 134.3878631591797, 176.1599578857422]"
2014-05-30,2014-06-05,3534.0,9911,6200.0,"[15, 20, 20, 0, 0, 6, 0]","[7, 20, 4, 0, 0, 0, 0]","[0.0, 0.0, 0.008549886419673424, 0.0, 0.3, 0.0, 0.29985795119697994]","[187, 302, 225, 144, 172, 168, 164]","[203.4366912841797, 290.3528137207031, 250.56967163085938, 189.78546142578125, 133.75640869140625, 166.49122619628906, 164.4539031982422]"
2014-05-31,2014-06-06,2735.0,9842,5865.0,"[15, 0, 9, 19, 7, 1, 5]","[0, 13, 14, 0, 0, 0, 3]","[0.16947539689941687, 0.0008820258378734736, 0.1483439074841072, 0.0, 0.3, 0.19729355741897822, 0.0]","[302, 225, 144, 172, 168, 164, 182]","[279.1851806640625, 250.9213409423828, 185.54574584960938, 130.77626037597656, 166.45751953125, 172.43280029296875, 228.7957000732422]"
2014-06-01,2014-06-07,3470.0,9980,6150.0,"[20, 5, 5, 17, 10, 0, 7]","[7, 0, 0, 8, 13, 0, 0]","[0.0, 0.226788719871772, 0.11776698984474517, 0.0, 0.0, 0.0025831600883315245, 0.0]","[225, 144, 172, 168, 164, 182, 278]","[245.99267578125, 192.53211975097656, 129.75970458984375, 164.0270538330078, 170.80767822265625, 224.87054443359375, 301.22918701171875]"
2014-06-02,2014-06-08,3172.0,9418,6040.0,"[3, 20, 20, 19, 20, 0, 0]","[0, 0, 0, 0, 14, 0, 0]","[0.0, 0.0, 0.0, 0.0, 0.0, 0.14265916380069382, 0.3]","[144, 172, 168, 164, 182, 278, 230]","[191.0631561279297, 132.1773681640625, 168.40438842773438, 167.48489379882812, 216.18504333496094, 300.8561706542969, 217.1676025390625]"
2014-06-03,2014-06-09,3124.0,9953,6270.0,"[1, 5, 20, 0, 11, 0, 9]","[7, 3, 0, 8, 20, 4, 0]","[0.18129126870102888, 0.19784656773044085, 9.939441314149388e-06, 0.0, 0.0, 0.0, 0.0]","[172, 168, 164, 182, 278, 230, 144]","[130.46826171875, 165.4733428955078, 168.8309783935547, 217.18475341796875, 301.8020935058594, 218.75704956054688, 147.77935791015625]"
2014-06-04,2014-06-10,3537.0,16305,10635.0,"[19, 4, 17, 14, 5, 19, 7]","[6, 12, 14, 0, 9, 12, 9]","[0.1076324344419469, 0.025155932124604163, 0.11504474997105096, 0.20510723552344787, 0.0697192540632218, 0.2532036506706109, 0.19932877135543597]","[168, 164, 182, 278, 230, 144, 154]","[169.42510986328125, 173.27398681640625, 223.1988067626953, 302.95355224609375, 217.90289306640625, 141.08779907226562, 162.79246520996094]"
2014-06-05,2014-06-11,2744.0,9888,6070.0,"[1, 5, 15, 5, 2, 7, 3]","[6, 8, 9, 11, 5, 5, 1]","[0.08878827426682434, 0.030335247428529687, 0.1582294124103576, 0.08437746440431255, 0.1812448678854881, 0.0734673471946866, 0.09132078465075323]","[164, 182, 278, 230, 144, 154, 168]","[169.91810607910156, 224.08456420898438, 304.1111755371094, 215.72726440429688, 143.768798828125, 167.53271484375, 177.5463104248047]"
2014-06-06,2014-06-12,3558.0,9707,5960.0,"[13, 20, 7, 20, 6, 0, 0]","[0, 0, 7, 3, 15, 0, 0]","[0.0, 0.0, 0.03281527824111628, 0.0, 0.0, 0.3, 0.11088409790255929]","[182, 278, 230, 144, 154, 168, 154]","[223.27633666992188, 292.708251953125, 213.14495849609375, 145.64163208007812, 169.24440002441406, 180.3157958984375, 193.17149353027344]"
2014-06-07,2014-06-13,2508.0,11565,7810.0,"[11, 19, 0, 0, 5, 15, 2]","[17, 3, 4, 3, 1, 14, 10]","[0.013302230031385087, 0.05092763384999492, 0.10649459024756534, 0.18861886290392046, 0.13380087773265695, 0.22634163847180216, 0.12453850817862654]","[278, 230, 144, 154, 168, 154, 211]","[299.5475769042969, 208.68211364746094, 147.84027099609375, 162.64312744140625, 178.88111877441406, 193.9639129638672, 208.79014587402344]"
2014-06-08,2014-06-14,2165.0,9191,6595.0,"[0, 0, 0, 18, 15, 1, 6]","[0, 2, 3, 10, 14, 12, 7]","[0.10890187016469376, 0.1977067660674758, 0.3, 0.01586430917953593, 0.014985938054369263, 0.0, 0.0]","[230, 144, 154, 168, 154, 211, 298]","[218.36219787597656, 144.5306854248047, 164.4219970703125, 178.09422302246094, 190.06585693359375, 206.6111297607422, 305.4517822265625]"
