start_date,end_date,lucro_otimo,unidades,hr_cost,J,X,PR,clientes_reais,clientes_previstos
2013-07-01,2013-07-07,8985.0,25478,16360.0,"[20, 20, 3, 20, 17, 20, 20]","[0, 6, 20, 16, 20, 20, 20]","[0.0, 0.026069727076301917, 0.25358168488302135, 0.02082118543968279, 0.02755225738330939, 0.03149876164058574, 0.021822226083336074]","[156, 177, 192, 228, 249, 299, 217]","[160.38275146484375, 162.82830810546875, 158.95448303222656, 229.6181640625, 244.9892120361328, 347.9470520019531, 271.40618896484375]"
2013-07-02,2013-07-08,8812.0,26234,16880.0,"[7, 20, 20, 20, 20, 20, 20]","[20, 8, 19, 20, 20, 20, 0]","[0.3, 0.022458166915526424, 0.024254148085898937, 0.02416864084286457, 0.020285653848829664, 0.0, 0.0]","[177, 192, 228, 249, 299, 217, 155]","[179.64927673339844, 175.8409881591797, 227.21324157714844, 255.47506713867188, 359.47430419921875, 276.8428039550781, 158.83180236816406]"
2013-07-03,2013-07-09,8623.0,24826,16230.0,"[20, 14, 20, 20, 20, 0, 20]","[7, 20, 17, 20, 20, 20, 6]","[0.0, 0.0, 0.038976518865860295, 0.0, 0.17405516998138348, 0.0, 0.0]","[192, 228, 249, 299, 217, 155, 159]","[171.25770568847656, 224.9416961669922, 242.42056274414062, 363.597900390625, 299.6081848144531, 167.37692260742188, 163.05987548828125]"
2013-07-04,2013-07-10,7446.0,24578,17835.0,"[20, 20, 20, 20, 7, 20, 10]","[17, 20, 20, 20, 20, 9, 20]","[0.0, 0.0, 0.0, 0.028739059255840218, 0.0017845634609267508, 0.0, 0.0011213436365403934]","[228, 249, 299, 217, 155, 159, 165]","[240.23416137695312, 260.3684997558594, 369.4698486328125, 293.07952880859375, 185.12452697753906, 181.33929443359375, 200.92605590820312]"
2013-07-05,2013-07-11,7147.0,25006,16665.0,"[20, 20, 20, 20, 20, 20, 20]","[17, 20, 20, 7, 7, 9, 14]","[0.0316863735667913, 0.3, 0.0, 0.017713790761895703, 0.0, 0.0, 0.0]","[249, 299, 217, 155, 159, 165, 161]","[238.97244262695312, 334.7201232910156, 273.74090576171875, 169.29129028320312, 173.21603393554688, 188.1007843017578, 221.45721435546875]"
2013-07-06,2013-07-12,6353.0,22763,16315.0,"[20, 20, 0, 20, 2, 13, 20]","[20, 20, 20, 7, 20, 19, 16]","[0.0, 0.01711302296932656, 0.0, 0.03601271765698754, 0.0, 0.21639623783811235, 0.0]","[299, 217, 155, 159, 165, 161, 190]","[340.0386047363281, 277.47100830078125, 144.45306396484375, 171.56822204589844, 154.7468719482422, 211.66104125976562, 234.66571044921875]"
2013-07-07,2013-07-13,5927.0,22516,16275.0,"[20, 6, 20, 20, 20, 20, 20]","[20, 20, 6, 0, 14, 17, 20]","[0.0, 0.0, 0.0, 0.3, 0.0, 0.029677016811140728, 0.019090095720781918]","[217, 155, 159, 165, 161, 190, 254]","[265.698974609375, 176.2620391845703, 165.19432067871094, 182.05441284179688, 217.61825561523438, 237.31072998046875, 309.6499328613281]"
2013-07-08,2013-07-14,5287.0,23285,17170.0,"[20, 6, 8, 20, 19, 20, 17]","[6, 20, 20, 14, 20, 20, 20]","[0.0, 0.0, 0.015401745098673456, 0.02268580423253638, 0.0, 0.0, 0.3]","[155, 159, 165, 161, 190, 254, 197]","[163.78712463378906, 173.94070434570312, 187.6080322265625, 215.40260314941406, 228.8759765625, 310.4270935058594, 240.27798461914062]"
2013-07-09,2013-07-15,5851.0,21144,15790.0,"[9, 0, 12, 18, 20, 16, 7]","[16, 20, 20, 19, 20, 20, 12]","[0.018056279689740586, 0.0, 0.0, 0.0, 0.0, 0.0, 0.018095199485569403]","[159, 165, 161, 190, 254, 197, 164]","[170.30130004882812, 188.2760467529297, 214.9426727294922, 225.33489990234375, 301.5102233886719, 237.29331970214844, 129.77084350585938]"
2013-07-10,2013-07-16,6392.0,21896,15100.0,"[20, 20, 15, 20, 20, 5, 20]","[9, 14, 20, 20, 16, 13, 1]","[0.0, 0.030990793450637023, 0.0, 0.0, 0.022590031305905027, 0.03668151548770876, 0.3]","[165, 161, 190, 254, 197, 164, 192]","[181.1746063232422, 215.43276977539062, 227.85009765625, 306.733154296875, 232.5416259765625, 120.6377944946289, 164.9775848388672]"
2013-07-11,2013-07-17,7485.0,21499,14505.0,"[20, 17, 20, 15, 20, 6, 19]","[0, 16, 20, 20, 0, 19, 10]","[0.02710107180113074, 0.0, 0.03409532066883564, 0.02210364994476391, 0.0035373564704476237, 0.0, 0.02709641470098315]","[161, 190, 254, 197, 164, 192, 171]","[199.87184143066406, 214.3361053466797, 301.9473876953125, 227.30429077148438, 123.89088439941406, 169.97689819335938, 183.2677001953125]"
2013-07-12,2013-07-18,6770.0,22290,16090.0,"[12, 20, 20, 0, 15, 20, 10]","[20, 20, 17, 20, 12, 10, 20]","[0.031019119146058382, 0.0, 0.0, 0.0, 0.0, 0.0, 0.0]","[190, 254, 197, 164, 192, 171, 174]","[209.92803955078125, 304.33514404296875, 240.98757934570312, 139.44671630859375, 176.68972778320312, 193.49111938476562, 198.24087524414062]"
2013-07-13,2013-07-19,5866.0,21801,15595.0,"[20, 20, 0, 20, 20, 9, 20]","[20, 20, 19, 0, 9, 20, 15]","[0.0, 0.0, 0.0, 0.3, 0.019590473181809665, 0.0, 0.0]","[254, 197, 164, 192, 171, 174, 181]","[292.5102233886719, 232.1070098876953, 134.93698120117188, 173.6226806640625, 186.06480407714844, 192.26541137695312, 227.41207885742188]"
2013-07-14,2013-07-20,6630.0,21191,15040.0,"[15, 0, 20, 18, 0, 14, 20]","[19, 20, 0, 12, 20, 20, 20]","[0.023241352403707158, 0.018760976737945783, 0.026602076768436473, 0.0, 0.0, 0.027392600188694202, 0.0]","[197, 164, 192, 171, 174, 181, 263]","[221.94776916503906, 132.20823669433594, 177.51019287109375, 190.46783447265625, 199.95652770996094, 227.05599975585938, 266.099853515625]"
2013-07-15,2013-07-21,7579.0,22294,14360.0,"[20, 19, 20, 0, 12, 20, 20]","[1, 8, 9, 20, 20, 19, 9]","[0.032292998873973584, 0.2541948462509154, 0.022301258010385176, 0.028809728736379103, 0.03587419443111117, 0.0, 0.0]","[164, 192, 171, 174, 181, 263, 206]","[128.1611785888672, 170.62625122070312, 183.5909423828125, 189.39459228515625, 215.54177856445312, 253.65240478515625, 186.38714599609375]"
2013-07-16,2013-07-22,8372.0,24766,15730.0,"[19, 8, 10, 19, 20, 9, 20]","[9, 19, 20, 14, 19, 20, 8]","[0.01823083632595781, 0.03189361648637502, 0.08840635563007232, 0.2938605406019726, 0.022266972425314155, 0.027315011133222846, 0.028559067943761465]","[192, 171, 174, 181, 263, 206, 177]","[177.1309051513672, 181.62501525878906, 200.33154296875, 218.12298583984375, 273.7591552734375, 192.63401794433594, 170.6497802734375]"
2013-07-17,2013-07-23,7769.0,22038,14810.0,"[11, 20, 20, 20, 18, 20, 7]","[16, 9, 14, 20, 12, 0, 20]","[0.029257219957990886, 0.0, 0.0, 0.03683188539630272, 0.0, 0.0, 0.0]","[171, 174, 181, 263, 206, 177, 173]","[177.15667724609375, 184.50811767578125, 216.0770263671875, 270.52813720703125, 192.23580932617188, 161.42198181152344, 182.0511474609375]"
2013-07-18,2013-07-24,7292.0,25204,15870.0,"[10, 20, 20, 12, 9, 18, 5]","[20, 15, 20, 17, 15, 12, 20]","[0.03228452502237316, 0.015521267391280878, 0.0, 0.2999215394700554, 0.3, 0.02050134919712369, 0.08804879821971655]","[174, 181, 263, 206, 177, 173, 173]","[196.61386108398438, 228.46121215820312, 271.0279846191406, 190.375, 155.93038940429688, 191.11813354492188, 173.69247436523438]"
2013-07-19,2013-07-25,7867.0,22772,14105.0,"[20, 20, 8, 20, 20, 20, 20]","[13, 20, 20, 5, 9, 7, 0]","[0.0, 0.0, 0.3, 0.0, 0.01699289126116702, 0.023515128511201168, 0.020424998432308484]","[181, 263, 206, 177, 173, 173, 144]","[210.285888671875, 269.5901794433594, 186.50315856933594, 159.2147979736328, 185.91714477539062, 172.7258758544922, 168.0829620361328]"
2013-07-20,2013-07-26,8170.0,23927,14205.0,"[20, 19, 19, 20, 20, 20, 20]","[20, 9, 8, 9, 10, 0, 11]","[0.015235484274194272, 0.3, 0.018281593943696543, 0.02373772901918786, 0.03345703812582898, 0.3, 0.0]","[263, 206, 177, 173, 173, 144, 184]","[262.63543701171875, 177.80899047851562, 170.6309356689453, 183.14410400390625, 189.0834197998047, 185.4848175048828, 199.7281494140625]"
2013-07-21,2013-07-27,6984.0,22551,14790.0,"[19, 0, 20, 20, 5, 16, 20]","[9, 20, 8, 8, 20, 14, 20]","[0.030417061900174482, 0.0, 0.0, 0.03311833664300053, 0.0, 0.3, 0.0]","[206, 177, 173, 173, 144, 184, 250]","[180.3102264404297, 155.06800842285156, 176.24227905273438, 176.30819702148438, 170.8890838623047, 192.81375122070312, 272.9228210449219]"
2013-07-22,2013-07-28,5654.0,22817,15910.0,"[20, 11, 5, 6, 20, 20, 18]","[6, 18, 20, 20, 10, 20, 18]","[0.0, 0.0, 0.024733943415052917, 0.015447118418989443, 0.0, 0.3, 0.01639404901947479]","[177, 173, 173, 144, 184, 250, 144]","[163.11717224121094, 194.753173828125, 171.21551513671875, 178.377197265625, 191.29214477539062, 265.1171875, 234.4676971435547]"
2013-07-23,2013-07-29,5944.0,20998,15515.0,"[10, 19, 8, 18, 20, 20, 17]","[19, 9, 19, 11, 20, 20, 3]","[0.03713049089363585, 0.0, 0.0, 0.023749131702570547, 0.02491288444061515, 0.036278193717492864, 0.0]","[173, 173, 144, 184, 250, 144, 144]","[195.10093688964844, 175.1187286376953, 181.92660522460938, 191.13575744628906, 265.6690368652344, 234.62936401367188, 122.38574981689453]"
2013-07-24,2013-07-30,6246.0,20013,14035.0,"[14, 16, 20, 20, 13, 20, 20]","[15, 12, 11, 20, 19, 1, 0]","[0.0, 0.08978633252688381, 0.030521833693131044, 0.0, 0.0, 0.027830119807662212, 0.0]","[173, 144, 184, 250, 144, 144, 137]","[189.5328826904297, 181.35107421875, 196.25711059570312, 271.4244689941406, 207.0841827392578, 126.89325714111328, 174.69741821289062]"
2013-07-25,2013-07-31,6162.0,20145,14390.0,"[5, 9, 20, 20, 20, 0, 20]","[20, 20, 20, 16, 0, 20, 6]","[0.02017236789451516, 0.002929303053253563, 0.032167007948041025, 0.032095226858149334, 0.022607654729826288, 9.584431606616747e-05, 0.028115231049130652]","[144, 184, 250, 144, 144, 137, 158]","[171.4826202392578, 191.57876586914062, 272.5337219238281, 230.26210021972656, 132.76783752441406, 167.36883544921875, 166.82855224609375]"
2013-07-26,2013-08-01,6750.0,20784,13420.0,"[18, 19, 19, 13, 13, 11, 13]","[10, 13, 15, 7, 7, 14, 14]","[0.020241936709719924, 0.026481667092343075, 0.08876154162937847, 0.08889848224057995, 0.12281103710870489, 0.1521602123320735, 0.02643984577420227]","[184, 250, 144, 144, 137, 158, 186]","[181.9868621826172, 259.71875, 222.61622619628906, 132.060302734375, 156.41200256347656, 163.19744873046875, 174.0726318359375]"
2013-07-27,2013-08-02,5897.0,20899,14595.0,"[20, 14, 20, 20, 16, 20, 20]","[20, 19, 0, 5, 11, 8, 13]","[0.024097782595709945, 0.0, 0.3, 0.0, 0.02700495038867432, 0.0, 0.0]","[250, 144, 144, 137, 158, 186, 178]","[270.03631591796875, 216.70468139648438, 125.4662094116211, 156.83172607421875, 174.51504516601562, 178.64210510253906, 211.39874267578125]"
2013-07-28,2013-08-03,5739.0,19687,14360.0,"[17, 18, 18, 20, 20, 12, 20]","[15, 3, 7, 8, 6, 17, 19]","[0.014853939676033677, 0.031579403441246184, 0.0, 0.0, 0.0, 0.0, 0.0]","[144, 144, 137, 158, 186, 178, 234]","[205.82135009765625, 126.67327117919922, 160.82177734375, 176.91278076171875, 166.37454223632812, 192.4341278076172, 288.30029296875]"
2013-07-29,2013-08-04,6613.0,21129,13615.0,"[11, 20, 19, 19, 20, 20, 20]","[8, 0, 9, 7, 10, 20, 9]","[0.0, 0.3, 0.0, 0.17197743857923173, 0.0, 0.03158686509656952, 0.0]","[144, 137, 158, 186, 178, 234, 209]","[123.94513702392578, 158.87588500976562, 178.3219757080078, 162.82882690429688, 191.3262176513672, 288.88116455078125, 183.48895263671875]"
2013-07-30,2013-08-05,6586.0,21981,14960.0,"[5, 15, 15, 15, 19, 20, 9]","[19, 12, 13, 15, 20, 9, 17]","[0.017287478138503454, 0.0, 0.02884845569374704, 0.032672813071626144, 0.0, 0.2547785081331028, 0.0]","[137, 158, 186, 178, 234, 209, 139]","[160.9307098388672, 171.66598510742188, 178.6936798095703, 204.90213012695312, 299.7086486816406, 190.30308532714844, 175.08258056640625]"
2013-07-31,2013-08-06,6849.0,20586,14190.0,"[17, 6, 20, 19, 8, 20, 3]","[9, 20, 12, 20, 20, 0, 20]","[0.024668147902337182, 0.0, 0.0, 0.0, 0.03426649450909387, 0.0, 0.023079921212080856]","[158, 186, 178, 234, 209, 139, 129]","[162.56092834472656, 174.1163330078125, 202.29803466796875, 292.8717041015625, 185.23338317871094, 170.0478515625, 157.43959045410156]"
2013-08-01,2013-08-07,5737.0,22058,13870.0,"[0, 8, 20, 6, 20, 20, 20]","[20, 20, 20, 20, 6, 4, 6]","[0.3, 0.0, 0.0, 0.016653039964972065, 0.3, 0.3, 0.036955447080890276]","[186, 178, 234, 209, 139, 129, 139]","[157.9543914794922, 190.2533416748047, 278.3017578125, 177.4559326171875, 159.9475860595703, 150.74917602539062, 161.30479431152344]"
2013-08-02,2013-08-08,6494.0,20156,13920.0,"[10, 20, 9, 6, 20, 20, 0]","[20, 20, 19, 19, 6, 0, 20]","[0.029673785675594186, 0.024641866472134275, 0.01705285460682341, 0.08775684780648034, 0.0, 0.031841073438211374, 0.0]","[178, 234, 209, 139, 129, 139, 156]","[198.02825927734375, 290.3848571777344, 189.18585205078125, 172.01597595214844, 161.6647491455078, 160.466796875, 177.6901092529297]"
2013-08-03,2013-08-09,5695.0,20665,14480.0,"[19, 8, 20, 2, 20, 0, 20]","[20, 19, 5, 20, 5, 20, 16]","[0.0, 0.032656823390282586, 0.0, 0.3, 0.01792867772797335, 0.030632271207606032, 0.0]","[234, 209, 139, 129, 139, 156, 181]","[291.9218444824219, 181.3562774658203, 165.01910400390625, 152.32830810546875, 159.01780700683594, 182.33154296875, 231.23341369628906]"
2013-08-04,2013-08-10,6311.0,21759,14060.0,"[20, 16, 20, 19, 13, 20, 19]","[7, 9, 4, 6, 14, 12, 18]","[0.3, 0.03510770366442579, 0.034362719904052465, 0.036903069749381553, 0.21810579760509702, 0.03846491667314237, 0.0]","[209, 139, 129, 139, 156, 181, 236]","[172.11904907226562, 160.41539001464844, 149.49026489257812, 153.5297393798828, 179.4573974609375, 204.8411407470703, 241.46229553222656]"
2013-08-05,2013-08-11,5691.0,20108,14850.0,"[20, 18, 0, 20, 12, 17, 10]","[7, 7, 20, 8, 20, 20, 20]","[0.0, 0.0, 0.0, 0.0156918587832912, 0.02252750209216541, 0.0, 0.0]","[139, 129, 139, 156, 181, 236, 183]","[172.64447021484375, 157.22142028808594, 165.6641082763672, 178.1228790283203, 210.1278839111328, 241.7870635986328, 198.50645446777344]"
2013-08-06,2013-08-12,6411.0,20829,13565.0,"[20, 20, 15, 19, 15, 20, 20]","[0, 5, 12, 13, 20, 12, 3]","[0.0, 0.023468659486729226, 0.025518203758611305, 0.3, 0.0, 0.0, 0.0]","[129, 139, 156, 181, 236, 183, 135]","[141.14492797851562, 156.56011962890625, 173.52061462402344, 205.00698852539062, 230.45748901367188, 206.86817932128906, 145.63589477539062]"
2013-08-07,2013-08-13,6375.0,21220,14200.0,"[1, 8, 20, 20, 20, 20, 11]","[20, 18, 12, 19, 13, 3, 11]","[0.0, 0.0, 0.0, 0.0, 0.016948252412531627, 0.3, 0.08810130753413432]","[139, 156, 181, 236, 183, 135, 155]","[148.19712829589844, 172.6792449951172, 204.96380615234375, 239.04759216308594, 208.8005828857422, 139.21533203125, 144.30911254882812]"
2013-08-08,2013-08-14,6778.0,21316,13700.0,"[6, 11, 19, 18, 20, 13, 20]","[20, 19, 19, 14, 3, 10, 0]","[0.03193604416672431, 0.29892980983553896, 0.020508417713943728, 0.0, 0.02832186518399305, 0.0, 0.0]","[156, 181, 236, 183, 135, 155, 135]","[176.62841796875, 200.6445770263672, 246.8896026611328, 207.0658416748047, 141.3290252685547, 147.50057983398438, 147.3697967529297]"
2013-08-09,2013-08-15,6960.0,20231,13675.0,"[11, 17, 20, 20, 6, 15, 20]","[20, 20, 11, 2, 14, 8, 7]","[0.0, 0.03420782590046034, 0.026746179734600053, 0.036734113248885064, 0.015672538785147756, 0.0301333484008191, 0.03401716388514284]","[181, 236, 183, 135, 155, 135, 131]","[201.42686462402344, 243.1297607421875, 197.9195098876953, 135.8018035888672, 131.559326171875, 146.6416778564453, 179.58462524414062]"
2013-08-10,2013-08-16,6298.0,19695,13785.0,"[20, 19, 3, 11, 10, 11, 13]","[20, 13, 17, 10, 12, 14, 13]","[0.022379834808166275, 0.021880698239283028, 0.03596355283536182, 0.0, 0.02971162141550932, 0.0, 0.0]","[236, 183, 135, 155, 135, 131, 162]","[237.8692169189453, 202.7108612060547, 135.55947875976562, 137.07064819335938, 144.59527587890625, 168.566162109375, 170.37977600097656]"
2013-08-11,2013-08-17,5920.0,20302,13080.0,"[20, 19, 14, 20, 18, 0, 20]","[12, 3, 7, 4, 9, 19, 17]","[0.0, 0.020626009869963543, 0.026136632722918857, 0.0, 0.0, 0.025482654151884485, 0.3]","[183, 135, 155, 135, 131, 162, 237]","[205.03921508789062, 134.64334106445312, 134.266845703125, 150.20639038085938, 171.7921600341797, 172.75851440429688, 237.65419006347656]"
2013-08-12,2013-08-18,6259.0,19099,12020.0,"[14, 7, 15, 11, 16, 19, 16]","[6, 13, 8, 13, 11, 13, 5]","[0.08881117689657617, 0.03811256074375325, 0.13026633591543457, 0.03843343398855936, 0.1349369511990546, 0.031254701144164454, 0.16903899638674474]","[135, 155, 135, 131, 162, 237, 154]","[130.94500732421875, 135.65701293945312, 145.52296447753906, 165.43667602539062, 173.83897399902344, 246.53079223632812, 173.5960235595703]"
2013-08-13,2013-08-19,5701.0,19340,13300.0,"[3, 16, 20, 12, 20, 20, 0]","[18, 7, 8, 15, 19, 8, 16]","[0.08739690616473668, 0.20775510753894544, 0.0, 0.0, 0.02885555934499846, 0.0, 0.0]","[155, 135, 131, 162, 237, 154, 134]","[141.32339477539062, 148.59722900390625, 172.42355346679688, 179.99363708496094, 245.35458374023438, 186.10910034179688, 113.5722885131836]"
2013-08-14,2013-08-20,5558.0,19165,13120.0,"[14, 16, 19, 18, 20, 20, 20]","[9, 11, 10, 20, 9, 0, 4]","[0.024289347211792153, 0.0, 0.020094304157317076, 0.01997758181873502, 0.0, 0.0, 0.3]","[135, 131, 162, 237, 154, 134, 116]","[149.75027465820312, 173.9569854736328, 180.34080505371094, 246.8081817626953, 183.2750244140625, 119.26756286621094, 154.7625274658203]"
2013-08-15,2013-08-21,5086.0,18955,13055.0,"[5, 5, 17, 20, 16, 19, 0]","[20, 20, 20, 9, 3, 4, 19]","[0.0, 0.3, 0.0, 0.0036129458852658244, 0.0, 0.0, 0.015060766104052957]","[131, 162, 237, 154, 134, 116, 144]","[169.0567626953125, 171.09750366210938, 242.7139129638672, 181.88055419921875, 116.90437316894531, 144.57830810546875, 124.5722427368164]"
2013-08-16,2013-08-22,6446.0,18362,11390.0,"[20, 20, 20, 0, 20, 20, 20]","[7, 16, 8, 14, 0, 0, 2]","[0.03507158780203656, 0.02447846582754773, 0.0, 0.0, 0.3, 0.0, 0.0]","[162, 237, 154, 134, 116, 144, 136]","[168.1873779296875, 229.9222412109375, 173.6341552734375, 98.67341613769531, 138.14317321777344, 118.59771728515625, 139.18519592285156]"
2013-08-17,2013-08-23,6786.0,18066,11560.0,"[17, 10, 19, 19, 19, 20, 20]","[18, 16, 0, 3, 0, 2, 6]","[0.015257552170743132, 0.022881597768303067, 0.017040804453346967, 0.03175132394926157, 0.0, 0.021634159358887427, 0.019306432206940848]","[237, 154, 134, 116, 144, 136, 150]","[229.4635009765625, 171.6240692138672, 106.54991149902344, 134.17918395996094, 113.26791381835938, 137.08770751953125, 165.1398468017578]"
2013-08-18,2013-08-24,5319.0,19119,12360.0,"[8, 18, 20, 9, 20, 3, 20]","[19, 1, 3, 10, 0, 20, 18]","[0.03614318953188094, 0.3, 0.0, 0.023400273036490414, 0.03271059584189043, 0.0, 0.21993979046243728]","[154, 134, 116, 144, 136, 150, 228]","[180.6644287109375, 112.71916961669922, 142.88674926757812, 123.65848541259766, 140.05267333984375, 167.87684631347656, 241.16778564453125]"
2013-08-19,2013-08-25,6625.0,18076,11605.0,"[20, 20, 20, 19, 20, 17, 20]","[0, 0, 0, 4, 0, 20, 9]","[0.01966435823439269, 0.020049159051072914, 0.0, 0.08856527063260816, 0.0, 0.02800138095884379, 0.0]","[134, 116, 144, 136, 150, 228, 180]","[111.26104736328125, 137.98255920410156, 119.67949676513672, 140.4012908935547, 170.01654052734375, 239.7994384765625, 181.4971466064453]"
2013-08-20,2013-08-26,5960.0,19406,12170.0,"[10, 7, 15, 11, 17, 17, 9]","[12, 12, 8, 15, 16, 7, 11]","[0.034638878187423255, 0.031360126381970624, 0.16697687754544804, 0.08891979697760331, 0.11836864154398122, 0.15437434133844918, 0.08832617294001471]","[116, 144, 136, 150, 228, 180, 126]","[146.19496154785156, 128.2457275390625, 150.52996826171875, 171.24603271484375, 246.58837890625, 191.3684539794922, 130.61180114746094]"
2013-08-21,2013-08-27,5905.0,19283,12415.0,"[14, 12, 19, 18, 12, 8, 20]","[6, 10, 7, 20, 16, 11, 2]","[0.3, 0.1551839148658672, 0.02141344409134686, 0.0, 0.0, 0.0, 0.0]","[144, 136, 150, 228, 180, 126, 112]","[127.46258544921875, 143.16603088378906, 162.9934844970703, 247.19276428222656, 185.42514038085938, 123.60623931884766, 133.97885131835938]"
2013-08-22,2013-08-28,5881.0,19066,12715.0,"[6, 20, 20, 20, 15, 19, 19]","[16, 7, 20, 10, 6, 0, 5]","[0.0, 0.0, 0.01598912607382623, 0.02399812792922389, 0.030730449096951957, 0.3, 0.03264933766600622]","[136, 150, 228, 180, 126, 112, 112]","[148.557861328125, 168.0247344970703, 245.79861450195312, 190.36639404296875, 133.7755126953125, 135.43466186523438, 152.5858612060547]"
2013-08-23,2013-08-29,5787.0,20033,11865.0,"[12, 17, 14, 9, 11, 14, 13]","[13, 16, 14, 10, 9, 8, 5]","[0.15585197497358932, 0.1762705803149454, 0.08753917540188308, 0.16566758036050536, 0.21624204035552075, 0.0898704124828209, 0.2079524281706246]","[150, 228, 180, 126, 112, 112, 128]","[164.7228240966797, 229.2983856201172, 182.7916259765625, 125.78125, 126.66727447509766, 141.5223846435547, 140.74221801757812]"
2013-08-24,2013-08-30,5933.0,18902,12345.0,"[20, 7, 6, 5, 14, 20, 20]","[17, 19, 13, 14, 9, 2, 5]","[0.021437801169511276, 0.022615321981991475, 0.0007911395905044726, 0.017214565337342537, 0.0, 0.004947584091905726, 0.2939623929308956]","[228, 180, 126, 112, 112, 128, 159]","[236.07786560058594, 177.74041748046875, 130.2362518310547, 130.34713745117188, 145.2098846435547, 134.2246856689453, 155.3044891357422]"
2013-08-25,2013-08-31,5923.0,19239,12870.0,"[18, 16, 10, 19, 9, 20, 20]","[11, 4, 10, 4, 12, 6, 20]","[0.0, 0.019118596219486056, 0.3, 0.0, 0.0391031371947032, 0.019991638459830933, 0.0]","[180, 126, 112, 112, 128, 159, 253]","[183.35601806640625, 124.32929992675781, 129.67108154296875, 144.13548278808594, 135.7556915283203, 175.8170166015625, 255.8094482421875]"
2013-08-26,2013-09-01,5937.0,18994,13420.0,"[0, 20, 0, 19, 6, 20, 20]","[19, 0, 20, 3, 19, 20, 12]","[0.018663443928011808, 0.0, 0.0, 0.027669041168610416, 0.017791550019342763, 0.0, 0.0]","[126, 112, 112, 128, 159, 253, 203]","[125.80570983886719, 125.10211181640625, 141.69419860839844, 133.94390869140625, 168.58872985839844, 248.1428985595703, 202.5044403076172]"
2013-08-27,2013-09-02,5992.0,17220,11495.0,"[20, 9, 20, 13, 20, 20, 13]","[0, 13, 2, 13, 17, 0, 7]","[0.022986097815033926, 0.0, 0.0, 0.021779006451318746, 0.0, 0.0, 0.0]","[112, 112, 128, 159, 253, 203, 226]","[138.0514678955078, 147.84376525878906, 132.8966522216797, 172.44683837890625, 242.20864868164062, 195.68797302246094, 125.48218536376953]"
2013-08-28,2013-09-03,5846.0,19197,12890.0,"[0, 0, 10, 20, 12, 14, 15]","[20, 20, 15, 18, 17, 6, 6]","[0.3, 0.03393813421637236, 0.023076576695700016, 0.03796245293947214, 0.0, 0.0, 0.016277199446476542]","[112, 128, 159, 253, 203, 226, 91]","[143.46351623535156, 133.13809204101562, 164.2548370361328, 244.8016357421875, 193.4814910888672, 127.16804504394531, 132.08282470703125]"
2013-08-29,2013-09-04,5702.0,18178,12080.0,"[20, 4, 20, 8, 0, 20, 20]","[0, 20, 18, 20, 19, 0, 0]","[0.15335566345447077, 0.0, 0.0, 0.017335765663747827, 0.0, 0.0, 0.21564208219433165]","[128, 159, 253, 203, 226, 91, 81]","[123.48440551757812, 164.12542724609375, 247.12559509277344, 188.1261444091797, 132.19061279296875, 149.155517578125, 119.14484405517578]"
2013-08-30,2013-09-05,4431.0,17478,11745.0,"[12, 15, 17, 14, 8, 11, 12]","[13, 14, 12, 5, 13, 8, 9]","[0.08721400926841238, 0.1529339577034627, 0.03332784271819862, 0.11013493658722023, 0.0886292916262569, 0.12338226848841213, 0.1563810620418934]","[159, 253, 203, 226, 91, 81, 91]","[166.01893615722656, 244.86402893066406, 191.9679718017578, 126.22722625732422, 139.14195251464844, 120.53109741210938, 136.77012634277344]"
2013-08-31,2013-09-06,4587.0,17499,11690.0,"[18, 15, 10, 16, 14, 13, 11]","[14, 15, 10, 5, 5, 8, 10]","[0.0267783058844552, 0.08788268218231107, 0.20490225495708947, 0.15542563115620772, 0.20923181905088611, 0.08891543614584015, 0.03375723258797449]","[253, 203, 226, 91, 81, 91, 117]","[249.8533172607422, 197.3024139404297, 127.6298828125, 134.5562286376953, 118.1832046508789, 138.7174530029297, 147.145751953125]"
2013-09-01,2013-09-07,3769.0,16044,12080.0,"[18, 19, 17, 20, 18, 20, 20]","[14, 3, 6, 0, 5, 0, 16]","[0.0, 0.03208117537804382, 0.0, 0.0218111496094552, 0.20527458114394082, 0.0, 0.02273410189039472]","[203, 226, 91, 81, 91, 117, 181]","[204.3023681640625, 133.98959350585938, 142.7281951904297, 126.37736511230469, 141.4164581298828, 149.5133819580078, 235.12295532226562]"
2013-09-02,2013-09-08,2854.0,15745,11960.0,"[12, 11, 12, 9, 15, 12, 15]","[9, 12, 7, 10, 8, 16, 14]","[0.10138169939916457, 0.25426543511027744, 0.08959271827822972, 0.08782202889929902, 0.03671046911948492, 0.03009137514922835, 0.08784543466011002]","[226, 91, 81, 91, 117, 181, 134]","[137.0598907470703, 153.77159118652344, 123.06988525390625, 128.33984375, 145.88169860839844, 237.3962860107422, 196.9546356201172]"
2013-09-03,2013-09-09,-172.0,14525,13940.0,"[13, 17, 19, 3, 20, 15, 14]","[16, 5, 5, 19, 19, 17, 9]","[0.0, 0.03467672600462535, 0.0, 0.3, 0.025158158878209796, 0.0, 0.020617834853582893]","[91, 81, 91, 117, 181, 134, 97]","[188.09439086914062, 138.37832641601562, 149.66722106933594, 152.33534240722656, 251.2940216064453, 207.76382446289062, 146.86117553710938]"
2013-09-04,2013-09-10,1322.0,13716,12445.0,"[20, 15, 20, 17, 10, 18, 0]","[0, 7, 4, 20, 20, 3, 20]","[0.0, 0.021676961218206114, 0.036552098636376595, 0.0, 0.033201084311548036, 0.030801189091348952, 0.0]","[81, 91, 117, 181, 134, 97, 80]","[112.76810455322266, 137.92039489746094, 150.42039489746094, 240.05999755859375, 202.02001953125, 128.96414184570312, 135.37962341308594]"
2013-09-05,2013-09-11,3360.0,17377,13610.0,"[0, 0, 20, 10, 9, 19, 20]","[16, 20, 15, 20, 12, 0, 20]","[0.3, 0.01953720124938384, 0.0, 0.027079082872201236, 0.0, 0.0, 0.029974760452975716]","[91, 117, 181, 134, 97, 80, 370]","[111.01615142822266, 133.93472290039062, 226.27804565429688, 202.3187255859375, 138.86489868164062, 112.61738586425781, 557.718505859375]"
2013-09-06,2013-09-12,4746.0,19587,15240.0,"[16, 16, 14, 0, 18, 20, 20]","[4, 20, 16, 19, 1, 20, 20]","[0.0, 0.0, 0.031214540351952005, 0.0, 0.0, 0.0, 0.024463960294873077]","[117, 181, 134, 97, 80, 370, 406]","[126.79711151123047, 239.91033935546875, 194.945068359375, 132.2607421875, 116.81146240234375, 624.9058227539062, 679.5755615234375]"
2013-09-07,2013-09-13,5373.0,20229,14320.0,"[20, 20, 19, 20, 20, 20, 20]","[16, 10, 0, 0, 20, 20, 0]","[0.025634500518839, 0.3, 0.0, 0.0, 0.0, 0.0, 0.0]","[181, 134, 97, 80, 370, 406, 539]","[235.57461547851562, 190.13868713378906, 116.67202758789062, 112.54647827148438, 526.7115478515625, 693.8341064453125, 819.3342895507812]"
2013-09-08,2013-09-14,6130.0,22720,15960.0,"[20, 20, 20, 20, 20, 20, 20]","[0, 2, 0, 20, 20, 20, 20]","[0.3, 0.0, 0.2108669560208825, 0.0, 0.02688993074197718, 0.0, 0.0]","[134, 97, 80, 370, 406, 539, 183]","[178.573974609375, 137.37269592285156, 110.10173797607422, 558.0375366210938, 730.7071533203125, 870.6468505859375, 295.46759033203125]"
2013-09-09,2013-09-15,7386.0,23784,14075.0,"[20, 0, 20, 20, 20, 20, 20]","[0, 15, 20, 20, 20, 0, 5]","[0.3, 0.03300011054494027, 0.25618013755422836, 0.027726103312735412, 0.0, 0.3, 0.0]","[97, 80, 370, 406, 539, 183, 149]","[119.1930160522461, 108.71798706054688, 635.5145263671875, 674.8120727539062, 797.4361572265625, 239.77850341796875, 159.2646942138672]"
2013-09-10,2013-09-16,7316.0,21579,14780.0,"[20, 20, 20, 20, 20, 20, 14]","[0, 20, 20, 20, 20, 0, 0]","[0.0, 0.0, 0.0, 0.018620142065971415, 0.0, 0.02455515797031243, 0.0]","[80, 370, 406, 539, 183, 149, 120]","[95.72590637207031, 524.7453002929688, 690.3125610351562, 827.9003295898438, 248.09405517578125, 127.49697875976562, 83.34434509277344]"
2013-09-11,2013-09-17,7303.0,24143,14710.0,"[20, 20, 20, 20, 20, 13, 20]","[20, 20, 20, 20, 0, 0, 0]","[0.3, 0.021704288137619626, 0.0, 0.014827351551944118, 0.3, 0.0, 0.0]","[370, 406, 539, 183, 149, 120, 99]","[528.7377319335938, 688.7626953125, 824.7222900390625, 236.890869140625, 119.22869873046875, 81.18241119384766, 118.9737319946289]"
2013-09-12,2013-09-18,5944.0,19784,14125.0,"[20, 20, 20, 10, 20, 0, 20]","[20, 20, 20, 9, 0, 19, 0]","[0.0, 0.0, 0.0, 0.08824159679024622, 0.0, 0.015175544180665695, 0.026932252421123078]","[406, 539, 183, 149, 120, 99, 93]","[570.6854858398438, 727.4415893554688, 250.8521728515625, 125.685546875, 94.62666320800781, 132.83775329589844, 135.68971252441406]"
2013-09-13,2013-09-19,4841.0,18310,12455.0,"[20, 20, 15, 12, 3, 20, 20]","[20, 16, 10, 6, 15, 0, 1]","[0.0, 0.3, 0.03204570027931115, 0.022640279757468046, 0.0, 0.0, 0.0]","[539, 183, 149, 120, 99, 93, 99]","[643.6790771484375, 229.7813720703125, 159.20252990722656, 114.37035369873047, 127.16366577148438, 125.9256591796875, 125.1651611328125]"
2013-09-14,2013-09-20,3228.0,15833,11120.0,"[20, 20, 16, 20, 20, 0, 17]","[20, 1, 0, 3, 2, 18, 4]","[0.0, 0.3, 0.020161280046796046, 0.025225961098986293, 0.02860424669642879, 0.3, 0.02627605968400495]","[183, 149, 120, 99, 93, 99, 155]","[267.3330993652344, 127.14777374267578, 95.64598083496094, 142.53616333007812, 131.59925842285156, 128.78025817871094, 132.6390838623047]"
2013-09-15,2013-09-21,4540.0,16455,10215.0,"[10, 14, 15, 11, 9, 8, 13]","[12, 2, 4, 7, 8, 9, 18]","[0.18068817176469373, 0.03528058595490206, 0.08738306499628684, 0.08798912643784255, 0.17764188070454925, 0.08955708892678257, 0.20730137239046995]","[149, 120, 99, 93, 99, 155, 194]","[146.643798828125, 98.61651611328125, 127.26570129394531, 118.51172637939453, 110.3286361694336, 136.12525939941406, 206.6938018798828]"
2013-09-16,2013-09-22,4249.0,16243,10995.0,"[11, 9, 11, 8, 13, 16, 12]","[7, 11, 9, 12, 10, 10, 11]","[0.09817830976224418, 0.13555872523983992, 0.0344092719604553, 0.06955729718646732, 0.12927404479310542, 0.08913719272768156, 0.08837699185864595]","[120, 99, 93, 99, 155, 194, 145]","[116.57846069335938, 134.51095581054688, 132.23626708984375, 131.5145721435547, 150.43807983398438, 181.85433959960938, 158.8985595703125]"
2013-09-17,2013-09-23,4692.0,15059,9995.0,"[20, 10, 7, 20, 14, 20, 16]","[1, 9, 13, 2, 14, 1, 0]","[0.02361988944258509, 0.25382971771799007, 0.01578715354422806, 0.03531319132170434, 0.018405204822387843, 0.0, 0.015418379573845464]","[99, 93, 99, 155, 194, 145, 89]","[129.59385681152344, 126.67874908447266, 137.41848754882812, 132.0072479248047, 183.6610565185547, 145.90908813476562, 100.84449005126953]"
2013-09-18,2013-09-24,4082.0,16442,10925.0,"[11, 5, 15, 19, 11, 7, 0]","[9, 14, 9, 10, 13, 10, 15]","[0.17293099000642367, 0.0296156677179342, 0.0361675679058079, 0.028922904577365877, 0.130833812300162, 0.3, 0.21606294201783216]","[93, 99, 155, 194, 145, 89, 92]","[127.8646240234375, 129.07046508789062, 157.13412475585938, 184.44125366210938, 160.8841552734375, 112.59974670410156, 106.39146423339844]"
2013-09-19,2013-09-25,4662.0,15732,9755.0,"[13, 15, 16, 12, 6, 8, 8]","[5, 7, 12, 12, 10, 4, 9]","[0.08830418599939044, 0.13277046476281779, 0.10590424508895287, 0.08935617439905273, 0.08888355538107622, 0.12556381800860333, 0.16770084604847504]","[99, 155, 194, 145, 89, 92, 95]","[112.9906997680664, 138.6005859375, 182.56507873535156, 152.5917205810547, 105.95868682861328, 99.26651000976562, 109.27388763427734]"
2013-09-20,2013-09-26,5453.0,15441,9665.0,"[16, 10, 15, 18, 1, 11, 12]","[6, 19, 8, 0, 12, 4, 5]","[0.030318148046950887, 0.023470612492092334, 0.018363054424900247, 0.15961138050386298, 0.09933547425604551, 0.0, 0.0]","[155, 194, 145, 89, 92, 95, 105]","[140.1847686767578, 191.95130920410156, 148.2301483154297, 105.33088684082031, 93.40194702148438, 98.43973541259766, 103.93965911865234]"
2013-09-21,2013-09-27,5162.0,15515,9320.0,"[18, 13, 9, 6, 5, 10, 9]","[13, 11, 4, 8, 9, 6, 8]","[0.08790444453255863, 0.13265257518971052, 0.08940695045964818, 0.16015036259022644, 0.16578970360261225, 0.022687168289211045, 0.03686833122294666]","[194, 145, 89, 92, 95, 105, 137]","[199.3313446044922, 156.72442626953125, 102.92160034179688, 93.1263198852539, 95.78795623779297, 101.66033172607422, 109.87915802001953]"
2013-09-22,2013-09-28,4757.0,15034,9645.0,"[0, 10, 17, 18, 17, 18, 17]","[20, 8, 0, 0, 0, 0, 13]","[0.0, 0.2538316436286729, 0.15549675755133693, 0.035605865802919856, 0.017881162432059065, 9.673693339212519e-05, 0.019519759134277618]","[145, 89, 92, 95, 105, 137, 212]","[153.7459716796875, 116.17037963867188, 102.77155303955078, 107.80939483642578, 103.14643859863281, 110.8559341430664, 192.03887939453125]"
2013-09-23,2013-09-29,4358.0,15451,9330.0,"[7, 3, 6, 4, 6, 16, 6]","[8, 10, 9, 9, 11, 14, 12]","[0.20575085979866692, 0.08791077941599146, 0.021385144991458317, 0.08902198578755108, 0.13458313477460318, 0.1745316327539165, 0.20797240606428113]","[89, 92, 95, 105, 137, 212, 134]","[111.65863800048828, 86.6046371459961, 97.15325927734375, 88.46629333496094, 113.11949157714844, 194.17120361328125, 122.98210144042969]"
2013-09-24,2013-09-30,4710.0,14925,8920.0,"[7, 7, 3, 10, 10, 10, 3]","[7, 7, 11, 8, 18, 10, 8]","[0.1314317772928887, 0.10377252092411786, 0.09924295604565722, 0.03926735211814206, 0.0885506250818611, 0.17686599512548748, 0.15612411374978263]","[92, 95, 105, 137, 212, 134, 72]","[92.90799713134766, 93.5842514038086, 95.27220916748047, 114.50114440917969, 188.55014038085938, 131.3749542236328, 82.7330322265625]"
2013-09-25,2013-10-01,4779.0,14686,8965.0,"[10, 0, 20, 17, 0, 14, 13]","[5, 15, 1, 13, 18, 0, 1]","[0.022227306930954954, 0.0, 0.021114959423345698, 0.025495255747249757, 0.0, 0.3, 0.3]","[95, 105, 137, 212, 134, 72, 71]","[94.17923736572266, 103.40562438964844, 124.66592407226562, 194.0672607421875, 127.37625885009766, 87.17011260986328, 88.3744125366211]"
2013-09-26,2013-10-02,3986.0,14340,9030.0,"[10, 11, 16, 12, 9, 9, 9]","[6, 6, 10, 10, 5, 6, 8]","[0.17201490063617034, 0.08942332600805047, 0.08740720948585487, 0.08810542100003854, 0.0914615036633855, 0.17605305418946843, 0.1645078226401348]","[105, 137, 212, 134, 72, 71, 88]","[104.82152557373047, 107.47561645507812, 198.11300659179688, 139.78330993652344, 91.41266632080078, 101.87723541259766, 110.07276153564453]"
2013-09-27,2013-10-03,3974.0,14147,9045.0,"[0, 15, 20, 12, 17, 19, 0]","[16, 14, 2, 1, 0, 0, 13]","[0.08892748177553574, 0.01662146357305168, 0.0, 0.0, 0.2914271247928884, 0.3, 0.0]","[137, 212, 134, 72, 71, 88, 111]","[110.23652648925781, 188.6147003173828, 133.16799926757812, 83.65130615234375, 99.19507598876953, 113.18033599853516, 93.85176086425781]"
2013-09-28,2013-10-04,3838.0,15025,9425.0,"[11, 6, 3, 8, 18, 7, 15]","[18, 15, 10, 7, 1, 7, 4]","[0.11209847263488464, 0.0881070924015289, 0.21691253178384753, 0.08792232144232942, 0.13368394612922785, 0.17205284840575263, 0.2092747398317505]","[212, 134, 72, 71, 88, 111, 149]","[190.86654663085938, 141.98838806152344, 89.86102294921875, 99.04589080810547, 113.37701416015625, 94.84567260742188, 118.6859130859375]"
2013-09-29,2013-10-05,4170.0,14780,10205.0,"[10, 4, 8, 3, 19, 19, 20]","[11, 10, 9, 15, 0, 0, 13]","[0.08807210089714404, 0.01612504443515706, 0.022470762119961386, 0.02261926295383597, 0.022430898731865028, 0.14965255252983475, 0.017897405917889245]","[134, 72, 71, 88, 111, 149, 246]","[141.49281311035156, 97.048828125, 114.1590576171875, 122.56796264648438, 104.37568664550781, 124.46420288085938, 215.71559143066406]"
2013-09-30,2013-10-06,4120.0,14445,9670.0,"[11, 5, 13, 19, 18, 20, 19]","[4, 12, 7, 0, 0, 12, 0]","[0.25541088833510434, 0.027759457477985517, 0.020557118612503002, 0.08717420172288058, 0.0878872483334196, 0.035315576897922765, 0.08933591869918052]","[72, 71, 88, 111, 149, 246, 158]","[93.67265319824219, 112.85212707519531, 124.3045654296875, 105.92234802246094, 125.57208251953125, 210.6486358642578, 147.94398498535156]"
2013-10-01,2013-10-07,4902.0,14713,9925.0,"[15, 20, 19, 20, 20, 0, 9]","[0, 1, 0, 0, 15, 20, 5]","[0.0, 0.0003994756093109281, 0.0, 0.0, 0.02508296325389923, 0.03646524527787979, 0.0]","[71, 88, 111, 149, 246, 158, 91]","[91.49052429199219, 135.81170654296875, 107.11481475830078, 127.03199005126953, 223.2466583251953, 144.8990478515625, 89.88172149658203]"
2013-10-02,2013-10-08,5233.0,16269,10295.0,"[20, 0, 18, 14, 20, 8, 11]","[0, 17, 3, 20, 5, 8, 3]","[0.03832122108232778, 0.025213951424646525, 0.023303848676434757, 0.21627873141026266, 0.0, 0.0, 0.002223642604580302]","[88, 111, 149, 246, 158, 91, 97]","[127.48289489746094, 120.68196868896484, 130.84068298339844, 221.39891052246094, 154.60105895996094, 103.12554168701172, 89.6963119506836]"
2013-10-03,2013-10-09,5319.0,16719,10075.0,"[10, 15, 14, 20, 2, 8, 10]","[8, 5, 19, 4, 13, 6, 7]","[0.22107384779571043, 0.027212126913884593, 0.01520053550975578, 0.3, 0.0043206241812933505, 0.0, 0.0028481413864147776]","[111, 149, 246, 158, 91, 97, 103]","[118.19221496582031, 127.93437957763672, 220.50498962402344, 152.28993225097656, 100.98788452148438, 88.91006469726562, 112.2430191040039]"
2013-10-04,2013-10-10,5522.0,15374,10015.0,"[7, 20, 18, 17, 15, 20, 11]","[12, 14, 6, 0, 0, 0, 7]","[0.0, 0.0, 0.0, 0.0, 0.034231110624488185, 0.018123674069817856, 0.0]","[149, 246, 158, 91, 97, 103, 126]","[129.07154846191406, 220.9115447998047, 152.12648010253906, 101.84437561035156, 90.46319580078125, 112.95994567871094, 116.7302474975586]"
2013-10-05,2013-10-11,5029.0,16641,9105.0,"[20, 2, 10, 3, 8, 15, 20]","[18, 19, 3, 3, 2, 1, 4]","[0.020312842034101185, 0.3, 0.3, 0.3, 0.03336360422108862, 0.025295176331357194, 0.25590971280580577]","[246, 158, 91, 97, 103, 126, 164]","[242.3406219482422, 146.13519287109375, 81.41239166259766, 39.63267135620117, 65.95503997802734, 96.51148986816406, 157.57150268554688]"
2013-10-06,2013-10-12,4831.0,15035,8970.0,"[16, 7, 5, 3, 8, 15, 16]","[8, 8, 3, 7, 6, 9, 11]","[0.08708886558820299, 0.21102635666838734, 0.11352504737304955, 0.0883401932026688, 0.15457411355180523, 0.0897629232449613, 0.08729177844692132]","[158, 91, 97, 103, 126, 164, 918]","[152.09573364257812, 99.38048553466797, 51.510318756103516, 67.448486328125, 87.33345794677734, 156.77735900878906, 880.563232421875]"
2013-10-07,2013-10-13,5670.0,17103,11370.0,"[17, 0, 12, 4, 13, 20, 19]","[0, 6, 0, 9, 11, 20, 20]","[0.0, 0.3, 0.0, 0.0, 0.0, 0.02997567326837216, 0.029472187545370294]","[91, 97, 103, 126, 164, 918, 716]","[102.87005615234375, 42.00126266479492, 70.46922302246094, 86.05013275146484, 154.0201873779297, 881.3197631835938, 704.09423828125]"
2013-10-08,2013-10-14,7285.0,21674,14380.0,"[0, 0, 15, 20, 20, 20, 20]","[19, 11, 0, 6, 20, 20, 20]","[0.2549680059719304, 0.0168199660875619, 0.033575920225845886, 0.0, 0.022676337771703005, 0.0179769865072694, 0.0]","[97, 103, 126, 164, 918, 716, 417]","[51.06023025512695, 75.29309844970703, 87.4935073852539, 159.9607391357422, 884.5675048828125, 729.063232421875, 448.5563659667969]"
2013-10-09,2013-10-15,8113.0,21829,14240.0,"[19, 20, 20, 20, 20, 20, 20]","[0, 0, 5, 20, 20, 20, 0]","[0.0, 0.0, 0.016337477821025945, 0.01728519456722985, 0.0, 0.0, 0.020907365592168617]","[103, 126, 164, 918, 716, 417, 96]","[114.30310821533203, 119.05218505859375, 155.89163208007812, 828.2537841796875, 719.767333984375, 487.05108642578125, 95.9109115600586]"
2013-10-10,2013-10-16,8499.0,22391,13095.0,"[15, 20, 20, 20, 20, 9, 16]","[2, 5, 20, 20, 20, 3, 0]","[0.019104807436780634, 0.3, 0.02387309168950437, 0.030075559831250986, 0.0, 0.027536492621869076, 0.12351470087793805]","[126, 164, 918, 716, 417, 96, 102]","[105.501220703125, 155.3013153076172, 878.0149536132812, 735.9150390625, 456.4776916503906, 75.0345230102539, 96.23118591308594]"
2013-10-11,2013-10-17,7450.0,22711,13405.0,"[9, 20, 20, 20, 12, 4, 5]","[14, 20, 20, 20, 0, 11, 10]","[0.0, 0.0, 0.029349158927448975, 0.3, 0.3, 0.0, 0.019165316933520287]","[164, 918, 716, 417, 96, 102, 93]","[154.9124298095703, 890.6140747070312, 736.87646484375, 452.0103759765625, 72.88892364501953, 102.19518280029297, 101.90313720703125]"
2013-10-12,2013-10-18,6648.0,18217,11880.0,"[20, 20, 20, 13, 19, 18, 0]","[20, 20, 0, 0, 0, 0, 20]","[0.029456220518133857, 0.019860650104720358, 0.0, 0.0, 0.0, 0.0, 0.0]","[918, 716, 417, 96, 102, 93, 128]","[884.7548828125, 731.992919921875, 448.744384765625, 76.76702880859375, 106.36514282226562, 108.74593353271484, 136.96348571777344]"
2013-10-13,2013-10-19,5967.0,19115,13525.0,"[20, 20, 0, 20, 20, 0, 20]","[20, 20, 10, 0, 0, 20, 15]","[0.0, 0.0, 0.0, 0.02660284403816872, 0.0, 0.0, 0.021820072780459186]","[716, 417, 96, 102, 93, 128, 194]","[733.6825561523438, 478.1446838378906, 72.04924774169922, 99.68144989013672, 109.13207244873047, 136.44158935546875, 226.63088989257812]"
2013-10-14,2013-10-20,5710.0,18585,11765.0,"[20, 19, 0, 0, 20, 20, 20]","[20, 0, 15, 15, 0, 15, 0]","[0.03817805191772577, 0.02102425707248032, 0.3, 0.3, 0.020115315794785985, 0.0325384714566778, 0.0]","[417, 96, 102, 93, 128, 194, 146]","[475.20074462890625, 67.47107696533203, 103.2928237915039, 106.63053894042969, 135.36167907714844, 227.3058624267578, 137.18768310546875]"
2013-10-15,2013-10-21,3566.0,14647,11025.0,"[0, 0, 2, 7, 19, 20, 9]","[12, 17, 17, 15, 15, 6, 7]","[0.0, 0.0, 0.018926660687416986, 0.02356790025291952, 0.016206281728005208, 0.03452245557719091, 0.12844196912117758]","[96, 102, 93, 128, 194, 146, 73]","[83.37305450439453, 119.79539489746094, 134.37677001953125, 145.91665649414062, 221.19949340820312, 163.95570373535156, 106.7117919921875]"
2013-10-16,2013-10-22,4514.0,14880,9780.0,"[13, 11, 5, 16, 12, 10, 9]","[5, 6, 14, 17, 9, 3, 7]","[0.11337823633475771, 0.11038289555643771, 0.03844790678109385, 0.0874189102472742, 0.033604730201058926, 0.08908694841556118, 0.03858534988484949]","[102, 93, 128, 194, 146, 73, 76]","[111.54486846923828, 110.40850067138672, 135.9585418701172, 222.69468688964844, 135.98548889160156, 115.45589447021484, 105.26952362060547]"
2013-10-17,2013-10-23,3561.0,14455,10280.0,"[11, 12, 16, 0, 17, 15, 14]","[6, 8, 18, 20, 2, 2, 4]","[0.03452618325105055, 0.0, 0.0, 0.025032940477287782, 0.0, 0.0, 0.29774376618680803]","[93, 128, 194, 146, 73, 76, 98]","[106.77252197265625, 130.7688446044922, 224.99488830566406, 133.53082275390625, 117.0617904663086, 105.63794708251953, 113.36419677734375]"
2013-10-18,2013-10-24,3498.0,15650,10855.0,"[11, 20, 14, 12, 9, 11, 12]","[10, 16, 11, 9, 7, 6, 5]","[0.08743189812597352, 0.08973907377511192, 0.15251147956734082, 0.08819070770189641, 0.12130882146915731, 0.11806678641066837, 0.11649340546710218]","[128, 194, 146, 73, 76, 98, 101]","[135.4101104736328, 234.11325073242188, 162.43814086914062, 134.50042724609375, 105.03304290771484, 107.9258041381836, 106.54478454589844]"
2013-10-19,2013-10-25,3792.0,14669,10285.0,"[17, 20, 19, 9, 20, 18, 20]","[17, 3, 0, 8, 0, 0, 3]","[0.0, 0.0, 0.01557420931078038, 0.0, 0.3, 0.0, 0.005684685815024017]","[194, 146, 73, 76, 98, 101, 165]","[219.04368591308594, 139.9158172607422, 114.88319396972656, 111.22821044921875, 119.10739135742188, 109.02908325195312, 145.5720672607422]"
2013-10-20,2013-10-26,3915.0,15673,10335.0,"[10, 8, 10, 10, 3, 17, 16]","[10, 9, 7, 8, 13, 6, 13]","[0.08897508721717634, 0.17779176065674457, 0.17079539112960485, 0.2092837009425892, 0.08884494877280917, 0.1679205002269127, 0.03573242929343252]","[146, 73, 76, 98, 101, 165, 209]","[128.72091674804688, 114.20947265625, 106.57068634033203, 113.408447265625, 106.18827056884766, 145.30979919433594, 186.24412536621094]"
2013-10-21,2013-10-27,4433.0,15233,9640.0,"[15, 16, 14, 17, 20, 10, 20]","[3, 0, 3, 0, 3, 20, 0]","[0.0, 0.3, 0.01863394096274263, 0.3, 0.0, 0.029720686292349852, 0.030010609341132564]","[73, 76, 98, 101, 165, 209, 149]","[111.5461196899414, 98.16485595703125, 103.01044464111328, 102.1064453125, 145.2376251220703, 203.48585510253906, 134.7926788330078]"
2013-10-22,2013-10-28,5113.0,16523,10220.0,"[17, 8, 17, 2, 12, 16, 17]","[0, 8, 0, 18, 19, 8, 2]","[0.0, 0.01695752329280333, 0.29868351079827316, 0.028081446239284776, 0.01585153761747756, 0.028467124299394964, 0.2709882519933281]","[76, 98, 101, 165, 209, 149, 104]","[102.3929214477539, 106.20343780517578, 105.76762390136719, 136.9908447265625, 207.57362365722656, 151.39910888671875, 130.4551239013672]"
2013-10-23,2013-10-29,5052.0,16117,10405.0,"[17, 0, 20, 11, 20, 0, 20]","[0, 15, 0, 20, 4, 19, 0]","[0.0, 0.3, 0.028473602242700152, 0.030384705127516135, 0.0, 0.0, 0.08982039113684158]","[98, 101, 165, 209, 149, 104, 104]","[102.54576110839844, 103.48467254638672, 136.07858276367188, 206.6753387451172, 150.7031707763672, 129.36309814453125, 123.62516021728516]"
2013-10-24,2013-10-30,4816.0,15554,9850.0,"[0, 20, 11, 20, 20, 7, 15]","[14, 0, 20, 0, 0, 12, 2]","[0.0, 0.0, 0.03569143589104744, 0.028699659986552915, 0.0, 0.3, 0.17966734263942066]","[101, 165, 209, 149, 104, 104, 91]","[102.1958999633789, 129.2521514892578, 205.77220153808594, 121.35225677490234, 111.40741729736328, 125.60340118408203, 102.29744720458984]"
2013-10-25,2013-10-31,4523.0,15476,10075.0,"[9, 14, 11, 6, 12, 8, 10]","[12, 14, 9, 10, 6, 7, 10]","[0.020155576975756456, 0.08967373195240745, 0.08988811643180077, 0.08955756445704595, 0.12837964698206616, 0.15519741805391424, 0.08845957990111131]","[165, 209, 149, 104, 104, 91, 69]","[139.3887481689453, 188.20069885253906, 127.99800109863281, 103.57222747802734, 111.68875122070312, 96.54679107666016, 130.4724884033203]"
2013-10-26,2013-11-01,3515.0,15977,11145.0,"[14, 12, 10, 12, 11, 12, 13]","[16, 11, 10, 8, 8, 8, 9]","[0.08976939289568131, 0.08896571674038552, 0.12653044228952334, 0.13404728503760813, 0.13772351595259172, 0.03684602694303303, 0.21333773568321024]","[209, 149, 104, 104, 91, 69, 119]","[209.722900390625, 149.18455505371094, 128.56927490234375, 124.36479949951172, 122.81774139404297, 130.2126922607422, 161.39768981933594]"
2013-10-27,2013-11-02,2554.0,15755,11840.0,"[16, 12, 9, 13, 11, 14, 18]","[8, 8, 10, 6, 9, 11, 17]","[0.12992349136064846, 0.028368538462650833, 0.04210443704607011, 0.1093945569150428, 0.03269160176984398, 0.08936617334493197, 0.2110934749770927]","[149, 104, 104, 91, 69, 119, 188]","[149.83839416503906, 129.92117309570312, 123.93766784667969, 121.49459075927734, 129.97793579101562, 161.6748046875, 225.99107360839844]"
2013-10-28,2013-11-03,2639.0,14623,12095.0,"[16, 2, 20, 20, 14, 20, 7]","[5, 16, 0, 0, 11, 15, 20]","[0.0, 0.0, 0.0241793657116114, 0.023350686265470592, 0.0, 0.0, 0.03280827829929374]","[104, 104, 91, 69, 119, 188, 166]","[128.74026489257812, 124.05783081054688, 121.76932525634766, 129.5183868408203, 162.7496795654297, 226.56509399414062, 181.28932189941406]"
2013-10-29,2013-11-04,2829.0,14827,11600.0,"[5, 14, 7, 19, 16, 20, 17]","[12, 4, 13, 7, 19, 10, 0]","[0.03243238093830473, 0.01884392966538518, 0.3, 0.03886071687534582, 0.0, 0.020633168000434424, 0.029344744396543644]","[104, 91, 69, 119, 188, 166, 78]","[111.6597671508789, 109.09093475341797, 126.58567810058594, 166.45777893066406, 227.12351989746094, 195.03465270996094, 101.70234680175781]"
2013-10-30,2013-11-05,2137.0,14802,11590.0,"[20, 14, 20, 14, 20, 0, 15]","[0, 6, 6, 20, 10, 17, 3]","[0.0, 1.667795548803932e-05, 0.0, 0.0, 0.16123581744245424, 0.02692641578341097, 0.2988530633434802]","[91, 69, 119, 188, 166, 78, 93]","[121.11599731445312, 127.36117553710938, 162.3880157470703, 225.6614227294922, 186.559326171875, 121.32410430908203, 113.82524108886719]"
2013-10-31,2013-11-06,2631.0,14444,11235.0,"[20, 0, 20, 8, 20, 19, 0]","[0, 20, 15, 20, 0, 0, 15]","[0.019125216836497545, 0.0, 0.0, 0.01723507651639838, 0.0, 0.3, 0.0]","[69, 119, 188, 166, 78, 93, 90]","[124.0096206665039, 159.81080627441406, 225.8074951171875, 187.7640380859375, 120.42581176757812, 112.91061401367188, 110.25823974609375]"
2013-11-01,2013-11-07,3822.0,15979,10500.0,"[7, 15, 17, 10, 8, 13, 9]","[13, 13, 12, 8, 9, 4, 8]","[0.17040865329246388, 0.17119650987040497, 0.08787881358767646, 0.21713672593624317, 0.10825719540988415, 0.08869644834391922, 0.0899150893501721]","[119, 188, 166, 78, 93, 90, 90]","[154.82363891601562, 225.00192260742188, 187.56887817382812, 119.65877532958984, 110.76895141601562, 108.21551513671875, 112.37350463867188]"
2013-11-02,2013-11-08,3531.0,15746,11050.0,"[19, 20, 20, 11, 0, 9, 13]","[15, 7, 0, 7, 16, 9, 9]","[0.030876010027545885, 0.0, 0.026055781129197812, 0.29999055725439516, 0.3, 0.0, 0.0]","[188, 166, 78, 93, 90, 90, 159]","[219.709716796875, 173.33932495117188, 122.72526550292969, 115.01466369628906, 113.98905944824219, 115.76656341552734, 143.86691284179688]"
2013-11-03,2013-11-09,4382.0,15535,11320.0,"[15, 20, 19, 0, 19, 20, 20]","[13, 0, 0, 15, 0, 0, 20]","[0.03244492889373502, 0.0, 0.0, 0.0, 0.0, 0.024645328716621697, 0.0]","[166, 78, 93, 90, 90, 159, 917]","[184.02406311035156, 119.5863265991211, 110.39514923095703, 107.62845611572266, 111.06082916259766, 135.57301330566406, 913.3735961914062]"
2013-11-04,2013-11-10,4681.0,20144,12640.0,"[20, 19, 20, 18, 17, 20, 20]","[0, 0, 0, 0, 5, 20, 20]","[0.0, 0.3, 0.3, 0.026142488758120926, 0.0, 0.016476036154166512, 0.3]","[78, 93, 90, 90, 159, 917, 701]","[120.4085922241211, 110.45734405517578, 106.89693450927734, 109.76502990722656, 135.39527893066406, 916.3417358398438, 896.8871459960938]"
2013-11-05,2013-11-11,6694.0,21851,13780.0,"[17, 18, 18, 20, 20, 20, 20]","[0, 0, 0, 0, 20, 20, 20]","[0.0, 0.021929472950003585, 0.0, 0.0, 0.0, 0.3, 0.01941312811694976]","[93, 90, 90, 159, 917, 701, 633]","[103.45538330078125, 105.63021850585938, 108.67719268798828, 133.5818328857422, 910.2733154296875, 891.6249389648438, 617.99951171875]"
2013-11-06,2013-11-12,6922.0,20513,14040.0,"[15, 19, 20, 20, 20, 20, 0]","[0, 0, 0, 20, 20, 20, 20]","[0.0, 0.02158602748694552, 0.018395301236391562, 0.036916665215413105, 0.0, 0.0, 0.0]","[90, 90, 159, 917, 701, 633, 99]","[90.14064025878906, 105.78889465332031, 145.89474487304688, 950.5012817382812, 878.0151977539062, 613.6350708007812, 111.71758270263672]"
2013-11-07,2013-11-13,7098.0,21398,14080.0,"[20, 20, 20, 20, 20, 0, 0]","[0, 3, 20, 20, 20, 17, 15]","[0.0, 0.0, 0.0, 0.019603203207517336, 0.0, 0.3, 0.016106180096152313]","[90, 159, 917, 701, 633, 99, 93]","[105.35026550292969, 140.44921875, 941.0418090820312, 898.706787109375, 638.0011596679688, 121.283203125, 103.09785461425781]"
2013-11-08,2013-11-14,7303.0,21612,14145.0,"[0, 20, 20, 20, 0, 16, 0]","[20, 20, 20, 20, 20, 0, 15]","[0.0, 0.034388046058568704, 0.0, 0.0, 0.0, 0.3, 0.02701550032619878]","[159, 917, 701, 633, 99, 93, 108]","[133.45375061035156, 912.1183471679688, 890.347900390625, 619.8773803710938, 126.48639678955078, 98.58776092529297, 109.3407974243164]"
2013-11-09,2013-11-15,6622.0,22152,14180.0,"[20, 20, 20, 0, 0, 18, 20]","[20, 20, 20, 19, 20, 0, 0]","[0.0, 0.3, 0.0, 0.03624177955896338, 0.02165157497807096, 0.0, 0.0]","[917, 701, 633, 99, 93, 108, 139]","[914.3080444335938, 894.232666015625, 620.1022338867188, 127.88868713378906, 99.1761703491211, 109.49262237548828, 135.5516815185547]"
2013-11-10,2013-11-16,6890.0,20360,13040.0,"[20, 20, 20, 16, 20, 20, 10]","[20, 20, 1, 0, 0, 0, 20]","[0.0, 0.029277455709100085, 0.0, 0.0, 0.0, 0.3, 0.0]","[701, 633, 99, 93, 108, 139, 256]","[890.2960205078125, 604.5573120117188, 130.8409881591797, 96.83984375, 103.1059799194336, 125.7017593383789, 202.63232421875]"
2013-11-11,2013-11-17,6252.0,19243,11990.0,"[20, 8, 16, 20, 20, 20, 9]","[20, 8, 0, 0, 5, 11, 13]","[0.0, 0.0, 0.0, 0.3, 0.21232171363934593, 0.02886351333871707, 0.02916666472355619]","[633, 99, 93, 108, 139, 256, 191]","[603.2261352539062, 104.41071319580078, 97.67276000976562, 119.24463653564453, 152.8185272216797, 196.7581329345703, 146.3898162841797]"
2013-11-12,2013-11-18,4791.0,17165,11250.0,"[20, 10, 7, 12, 20, 9, 5]","[1, 6, 12, 11, 11, 15, 15]","[0.015353013687752243, 0.029385222811638474, 0.1641863325641855, 0.3, 0.024513973934665888, 0.019596978124189368, 0.027613109582019596]","[99, 93, 108, 139, 256, 191, 108]","[122.21638488769531, 101.82430267333984, 124.32000732421875, 152.06333923339844, 197.10264587402344, 158.68560791015625, 138.92861938476562]"
2013-11-13,2013-11-19,5662.0,15889,10390.0,"[13, 9, 17, 20, 12, 14, 10]","[3, 7, 4, 12, 13, 5, 9]","[0.0, 0.032246977426910683, 0.036903276775320785, 0.023465135827457892, 0.037902632231600966, 0.038323441893117, 0.0]","[93, 108, 139, 256, 191, 108, 92]","[97.76612854003906, 106.52074432373047, 135.9900665283203, 207.9893798828125, 174.9076690673828, 121.01415252685547, 128.1016387939453]"
2013-11-14,2013-11-20,4760.0,16131,10475.0,"[15, 12, 20, 18, 16, 10, 9]","[3, 10, 12, 6, 0, 10, 9]","[0.030570253308872933, 0.0, 0.0, 0.3, 0.0, 0.0, 0.028063488513921857]","[108, 139, 256, 191, 108, 92, 95]","[109.26803588867188, 141.68460083007812, 204.43692016601562, 151.6665802001953, 96.86436462402344, 133.00863647460938, 115.47491455078125]"
2013-11-15,2013-11-21,4915.0,17292,11075.0,"[7, 20, 10, 10, 9, 4, 20]","[14, 13, 15, 7, 11, 13, 0]","[0.0, 0.022832436424302164, 0.0, 0.3, 0.3, 0.08864639819444473, 0.0]","[139, 256, 191, 108, 92, 95, 113]","[139.81976318359375, 208.36642456054688, 166.56825256347656, 109.908203125, 133.98904418945312, 117.1247329711914, 120.07755279541016]"
2013-11-16,2013-11-22,5621.0,16364,10955.0,"[20, 20, 20, 20, 20, 20, 20]","[13, 8, 0, 0, 0, 0, 5]","[0.0, 0.0, 0.015571451367545487, 0.0, 0.033639695437769075, 0.0, 0.027906983627175797]","[256, 191, 108, 92, 95, 113, 147]","[209.4573211669922, 175.30123901367188, 116.9654312133789, 146.91343688964844, 121.44767761230469, 129.85824584960938, 158.25209045410156]"
2013-11-17,2013-11-23,5201.0,18108,12370.0,"[20, 19, 20, 20, 20, 5, 20]","[7, 0, 4, 0, 0, 20, 20]","[0.0, 0.029533648739619934, 0.02153013400141427, 0.03636594795710846, 0.3, 0.030799993786519774, 0.020417202228280515]","[191, 108, 92, 95, 113, 147, 312]","[173.06057739257812, 110.92293548583984, 151.61582946777344, 128.4326171875, 133.27723693847656, 168.8207550048828, 279.08038330078125]"
2013-11-18,2013-11-24,3328.0,18522,14740.0,"[16, 5, 20, 20, 20, 20, 20]","[8, 19, 4, 0, 10, 20, 20]","[0.3, 0.0, 0.0, 0.02128097572977679, 0.0, 0.0, 0.022977448157777136]","[108, 92, 95, 113, 147, 312, 217]","[150.6445770263672, 161.46836853027344, 148.20672607421875, 170.5596466064453, 188.0952606201172, 315.255859375, 321.4041442871094]"
2013-11-19,2013-11-25,4580.0,19336,13760.0,"[0, 10, 12, 13, 20, 20, 20]","[20, 10, 9, 13, 20, 20, 0]","[0.3, 0.3, 0.0, 0.017515784341244095, 0.0, 0.02795007177615126, 0.024577888100392187]","[92, 95, 113, 147, 312, 217, 119]","[135.13426208496094, 128.7133331298828, 137.82464599609375, 168.5820770263672, 309.1737365722656, 292.5418395996094, 156.41607666015625]"
2013-11-20,2013-11-26,6199.0,18662,12800.0,"[0, 12, 4, 20, 20, 20, 20]","[16, 7, 20, 20, 20, 0, 0]","[0.0, 0.0, 0.015491742842522497, 0.027677702152879194, 0.0, 0.0, 0.03170435366069348]","[95, 113, 147, 312, 217, 119, 116]","[114.4471435546875, 121.891845703125, 164.83062744140625, 271.48883056640625, 325.9120178222656, 134.07997131347656, 127.3680419921875]"
2013-11-21,2013-11-27,7099.0,20295,12595.0,"[16, 20, 20, 20, 20, 19, 20]","[0, 3, 20, 20, 0, 0, 7]","[0.0, 0.3, 0.02620496037164813, 0.024661356021818827, 0.0, 0.0, 0.0]","[113, 147, 312, 217, 119, 116, 237]","[98.92452239990234, 141.4689178466797, 260.5437927246094, 326.13818359375, 121.2384033203125, 112.19284057617188, 174.24012756347656]"
2013-11-22,2013-11-28,7360.0,23985,14810.0,"[16, 20, 20, 20, 0, 20, 18]","[7, 20, 20, 0, 17, 7, 19]","[0.018257968068794483, 0.0, 0.3, 0.2956847216762409, 0.025751814310169038, 0.01526480481928387, 0.0]","[147, 312, 217, 119, 116, 237, 532]","[144.44801330566406, 270.87017822265625, 324.7757568359375, 118.89229583740234, 116.27125549316406, 168.8691864013672, 240.3928680419922]"
2013-11-23,2013-11-29,7509.0,24791,15040.0,"[20, 20, 20, 20, 20, 0, 20]","[20, 20, 0, 0, 8, 20, 20]","[0.02559352587768046, 0.0, 0.015704656068411923, 0.02354062796269902, 0.0, 0.3, 0.3]","[312, 217, 119, 116, 237, 532, 1105]","[270.3049011230469, 320.7170104980469, 126.75936126708984, 117.46150970458984, 180.4208221435547, 256.2191162109375, 966.0838623046875]"
2013-11-24,2013-11-30,7951.0,23690,15230.0,"[20, 20, 6, 20, 20, 20, 1]","[20, 3, 11, 8, 18, 20, 20]","[0.01926070649984265, 0.015084755452588045, 0.031237343076329867, 0.28436207141891323, 0.037213111062478425, 0.02694176507526664, 0.026604833853132677]","[217, 119, 116, 237, 532, 1105, 357]","[330.1039733886719, 139.9193115234375, 111.00672912597656, 180.67840576171875, 248.63365173339844, 946.3071899414062, 343.388916015625]"
2013-11-25,2013-12-01,9051.0,24716,16360.0,"[20, 0, 20, 16, 20, 20, 20]","[0, 16, 9, 20, 20, 20, 20]","[0.0, 0.0, 0.0, 0.026423728511922102, 0.0, 0.0, 0.03567066994867549]","[119, 116, 237, 532, 1105, 357, 255]","[127.67923736572266, 113.64395904541016, 181.3336944580078, 234.2794189453125, 934.1539306640625, 339.5530700683594, 301.7715148925781]"
2013-11-26,2013-12-02,9591.0,24863,15960.0,"[0, 20, 17, 20, 20, 20, 20]","[16, 7, 20, 20, 20, 20, 0]","[0.0, 0.0, 0.03846738436059991, 0.0, 0.031930865500299464, 0.0161433390561423, 0.0]","[116, 237, 532, 1105, 357, 255, 121]","[112.77511596679688, 170.44415283203125, 239.93759155273438, 951.8681030273438, 324.7284851074219, 299.4388732910156, 138.8716583251953]"
2013-11-27,2013-12-03,8150.0,24005,15860.0,"[0, 20, 20, 20, 20, 0, 20]","[20, 17, 20, 20, 20, 20, 0]","[0.0, 0.0, 0.01792352706197159, 0.0, 0.0, 0.0, 0.3]","[237, 532, 1105, 357, 255, 121, 90]","[177.7108612060547, 240.78878784179688, 952.8438720703125, 339.3699951171875, 312.26129150390625, 141.678955078125, 132.29861450195312]"
2013-11-28,2013-12-04,7314.0,21343,14525.0,"[20, 20, 20, 20, 2, 0, 20]","[0, 20, 20, 20, 20, 19, 0]","[0.0, 0.0, 0.027642614824211355, 0.0, 0.03265913071439512, 0.0, 0.025886751605115173]","[532, 1105, 357, 255, 121, 90, 136]","[259.3436279296875, 972.9033813476562, 349.44879150390625, 309.6419982910156, 152.8567352294922, 132.8018035888672, 154.86917114257812]"
2013-11-29,2013-12-05,6720.0,22400,15240.0,"[20, 20, 20, 20, 20, 0, 0]","[20, 20, 20, 8, 0, 20, 20]","[0.0, 0.022318721669284676, 0.0, 0.0, 0.021619591254901236, 0.3, 0.025696078147932025]","[1105, 357, 255, 121, 90, 136, 120]","[1042.0291748046875, 357.1769714355469, 318.60357666015625, 176.2303466796875, 159.93930053710938, 163.0630645751953, 246.88124084472656]"
2013-11-30,2013-12-06,5808.0,21261,14060.0,"[20, 20, 20, 10, 4, 20, 0]","[20, 20, 7, 12, 20, 0, 20]","[0.032098323992570066, 0.3, 0.03673276074421815, 0.0, 0.027865394540256515, 0.0, 0.03748142360128403]","[357, 255, 121, 90, 136, 120, 168]","[422.3633728027344, 295.24365234375, 166.8795623779297, 145.72705078125, 161.96563720703125, 277.7190246582031, 192.9900360107422]"
2013-12-01,2013-12-07,3804.0,20009,16620.0,"[20, 20, 0, 5, 20, 8, 20]","[20, 7, 20, 20, 20, 20, 20]","[0.028492842630437866, 0.018272189194142214, 0.0, 0.0, 0.0, 0.03116989712385247, 0.0]","[255, 121, 90, 136, 120, 168, 255]","[301.7324523925781, 170.91061401367188, 152.4857940673828, 167.87338256835938, 291.82098388671875, 188.74522399902344, 342.5400695800781]"
2013-12-02,2013-12-08,3674.0,20378,16260.0,"[20, 1, 20, 20, 20, 20, 20]","[6, 20, 6, 20, 8, 20, 20]","[0.3, 0.0, 0.02757833915025637, 0.0, 0.0, 0.027255002084048276, 0.0]","[121, 90, 136, 120, 168, 255, 243]","[163.61744689941406, 147.25241088867188, 159.9718017578125, 260.9971008300781, 179.80828857421875, 332.8879089355469, 283.5650329589844]"
2013-12-03,2013-12-09,5492.0,20890,14860.0,"[0, 20, 20, 8, 20, 20, 20]","[17, 2, 18, 19, 20, 20, 0]","[0.018613073558581612, 0.3, 0.03687668782854121, 0.03252704440989672, 0.020986028330170863, 0.02629723887198734, 0.0]","[90, 136, 120, 168, 255, 243, 126]","[117.97134399414062, 133.0546417236328, 245.2039337158203, 183.62124633789062, 323.025390625, 268.19122314453125, 147.6388702392578]"
2013-12-04,2013-12-10,5818.0,19722,14320.0,"[20, 20, 20, 20, 20, 20, 20]","[0, 19, 10, 20, 20, 0, 0]","[0.0, 0.0, 0.0, 0.0, 0.0, 0.03088031864011203, 0.020894047423179095]","[136, 120, 168, 255, 243, 126, 132]","[126.64871978759766, 248.5071563720703, 187.80099487304688, 321.3075866699219, 277.2130126953125, 147.6983642578125, 197.97769165039062]"
2013-12-05,2013-12-11,5541.0,20815,15730.0,"[20, 3, 20, 20, 20, 20, 20]","[15, 20, 20, 20, 3, 10, 8]","[0.02947879310099407, 0.0, 0.025285767742135448, 0.0, 0.021086408239572908, 0.0, 0.02152138517481951]","[120, 168, 255, 243, 126, 132, 152]","[225.77618408203125, 158.6102752685547, 321.3189392089844, 274.1353454589844, 140.69100952148438, 189.3396453857422, 179.06179809570312]"
2013-12-06,2013-12-12,6898.0,20917,13600.0,"[6, 20, 20, 13, 20, 20, 20]","[13, 20, 20, 7, 11, 0, 4]","[0.0, 0.028967380766574014, 0.03023523020730308, 0.0, 0.034075109784460204, 0.3, 0.0]","[168, 255, 243, 126, 132, 152, 165]","[127.37104034423828, 310.6238098144531, 263.3675842285156, 128.45217895507812, 196.38824462890625, 145.35597229003906, 150.52366638183594]"
2013-12-07,2013-12-13,7154.0,21636,14975.0,"[20, 20, 20, 8, 20, 11, 20]","[20, 20, 2, 20, 0, 12, 15]","[0.026041883537286977, 0.03801064246528006, 0.0, 0.0, 0.0, 0.03354147730043209, 0.02850873263046938]","[255, 243, 126, 132, 152, 165, 197]","[326.2715759277344, 259.0306091308594, 135.32139587402344, 190.09921264648438, 142.7922821044922, 151.1314697265625, 224.10345458984375]"
2013-12-08,2013-12-14,6974.0,21597,15140.0,"[20, 20, 20, 0, 20, 14, 20]","[20, 0, 7, 20, 5, 20, 20]","[0.02476846071006425, 0.0, 0.0, 0.0, 0.02088404228747797, 0.0010473008115760496, 0.0]","[243, 126, 132, 152, 165, 197, 414]","[260.284423828125, 124.42030334472656, 170.4044952392578, 157.396728515625, 153.1263427734375, 224.67623901367188, 492.5135498046875]"
2013-12-09,2013-12-15,7559.0,22535,15320.0,"[19, 9, 20, 20, 20, 20, 20]","[2, 20, 4, 4, 13, 20, 20]","[0.028201487819237675, 0.0, 0.022718642382798127, 0.0, 0.08903270841465538, 0.0, 0.029742029612099333]","[126, 132, 152, 165, 197, 414, 303]","[128.42906188964844, 193.92144775390625, 150.11993408203125, 146.819091796875, 215.95108032226562, 513.845703125, 332.75787353515625]"
2013-12-10,2013-12-16,6925.0,23514,17200.0,"[20, 4, 2, 20, 20, 20, 20]","[10, 20, 20, 13, 20, 20, 20]","[0.0, 0.0, 0.0, 0.029115160063747966, 0.02166808761635383, 0.017813340310877467, 0.0]","[132, 152, 165, 197, 414, 303, 188]","[193.3860321044922, 161.52320861816406, 150.44741821289062, 213.82054138183594, 506.24884033203125, 328.0471496582031, 259.6409912109375]"
2013-12-11,2013-12-17,7953.0,23902,15720.0,"[0, 20, 20, 20, 20, 20, 20]","[20, 0, 13, 20, 20, 16, 8]","[0.0, 0.3, 0.03364645694634155, 0.0, 0.0, 0.03297277185576178, 0.0]","[152, 165, 197, 414, 303, 188, 187]","[153.92906188964844, 154.89254760742188, 210.93666076660156, 479.8678894042969, 328.2364196777344, 234.75184631347656, 174.39080810546875]"
2013-12-12,2013-12-18,9246.0,25459,16945.0,"[0, 20, 20, 20, 14, 20, 18]","[20, 12, 20, 20, 19, 7, 20]","[0.0, 0.0, 0.0, 0.0, 0.020653762955825168, 0.017019949031370947, 0.03369754577348548]","[165, 197, 414, 303, 188, 187, 252]","[158.49966430664062, 204.36160278320312, 491.91143798828125, 313.96826171875, 216.35806274414062, 167.166015625, 246.51571655273438]"
2013-12-13,2013-12-19,8114.0,25158,17760.0,"[20, 20, 20, 20, 20, 0, 20]","[14, 20, 20, 20, 8, 20, 20]","[0.0, 0.0, 0.03486098038950261, 0.0, 0.03879667093720577, 0.018067334651627163, 0.0]","[197, 414, 303, 188, 187, 252, 225]","[216.92642211914062, 490.5705261230469, 303.1244201660156, 225.44351196289062, 178.1050567626953, 282.08843994140625, 312.9770812988281]"
2013-12-14,2013-12-20,10138.0,29061,19820.0,"[20, 20, 20, 7, 20, 20, 20]","[20, 20, 20, 20, 20, 20, 20]","[0.025135701488813236, 0.016178603742830706, 0.029117167373879906, 0.03298568061691177, 0.0181122026896275, 0.0, 0.034898096128853945]","[414, 303, 188, 187, 252, 225, 317]","[498.4670715332031, 322.8332824707031, 231.0405731201172, 180.71580505371094, 273.5519714355469, 289.35797119140625, 315.4668273925781]"
2013-12-15,2013-12-21,9200.0,27045,18680.0,"[20, 20, 20, 20, 20, 20, 20]","[20, 16, 0, 20, 20, 20, 20]","[0.0, 0.025650072456715557, 0.0, 0.01826149494683899, 0.0, 0.0, 0.0]","[303, 188, 187, 252, 225, 317, 458]","[319.4083251953125, 230.2034149169922, 181.1807861328125, 250.72085571289062, 284.6281433105469, 307.1299133300781, 454.3743591308594]"
2013-12-16,2013-12-22,9357.0,28336,18490.0,"[20, 0, 15, 19, 20, 20, 19]","[14, 20, 20, 20, 20, 20, 20]","[0.3, 0.0, 0.0, 0.03745529402898576, 0.03518690869334614, 0.0, 0.028255234482294868]","[188, 187, 252, 225, 317, 458, 475]","[217.06973266601562, 151.6272430419922, 232.36598205566406, 253.80743408203125, 301.6030578613281, 425.0009765625, 420.3129577636719]"
2013-12-17,2013-12-23,10295.0,29955,19000.0,"[20, 20, 20, 20, 20, 20, 20]","[5, 15, 20, 20, 20, 20, 20]","[0.02106037497785877, 0.020847856301315807, 0.3, 0.03170436770134586, 0.0, 0.0, 0.0]","[187, 252, 225, 317, 458, 475, 425]","[157.0223388671875, 225.4499969482422, 257.49462890625, 315.7049865722656, 471.5829162597656, 434.8431701660156, 274.1976623535156]"
2013-12-18,2013-12-24,10779.0,30583,20540.0,"[20, 19, 20, 20, 20, 20, 20]","[20, 20, 20, 20, 20, 20, 20]","[0.035267680587406064, 0.004155572797580071, 0.08972920660946958, 0.017460672496664113, 0.0, 0.0, 0.03136644097551754]","[252, 225, 317, 458, 475, 425, 209]","[227.9052734375, 257.225830078125, 303.8795471191406, 461.4584045410156, 431.52728271484375, 257.8066711425781, 272.7656555175781]"
2013-12-19,2013-12-25,7085.0,21770,15200.0,"[20, 20, 20, 20, 20, 20, 20]","[20, 20, 20, 0, 20, 0, 0]","[0.027931681255132755, 0.0, 0.01764835956280653, 0.0, 0.0, 0.03311577395265236, 0.0]","[225, 317, 458, 475, 425, 209, 0]","[261.4266052246094, 281.8511962890625, 446.57843017578125, 421.151123046875, 278.113037109375, 260.469970703125, 121.5811538696289]"
2013-12-20,2013-12-26,7847.0,26173,19105.0,"[20, 20, 20, 20, 20, 0, 20]","[20, 20, 20, 20, 20, 19, 20]","[0.0, 0.03262411086903479, 0.0, 0.027743486832822618, 0.0, 0.0, 0.0]","[317, 458, 475, 425, 209, 0, 423]","[293.92254638671875, 457.0262756347656, 422.07550048828125, 264.55511474609375, 276.337646484375, 136.59246826171875, 260.1855163574219]"
2013-12-21,2013-12-27,7725.0,27510,18720.0,"[20, 20, 20, 20, 20, 16, 20]","[20, 20, 20, 20, 0, 20, 20]","[0.3, 0.023941297046375282, 0.0, 0.021929570756510263, 0.0, 0.021605417518717737, 0.0]","[458, 475, 425, 209, 0, 423, 276]","[435.1088562011719, 408.2090759277344, 273.53155517578125, 260.0697326660156, 117.7225570678711, 239.28350830078125, 380.40289306640625]"
2013-12-22,2013-12-28,8212.0,26433,19000.0,"[20, 20, 20, 20, 20, 20, 20]","[20, 20, 20, 0, 20, 20, 20]","[0.02262460579868872, 0.0, 0.0, 0.0, 0.018912582003348437, 0.03038310370713458, 0.0]","[475, 425, 209, 0, 423, 276, 360]","[395.0288391113281, 270.4944763183594, 261.953857421875, 128.2906951904297, 238.5148468017578, 359.00042724609375, 359.400390625]"
2013-12-23,2013-12-29,7501.0,26122,19400.0,"[20, 20, 0, 20, 20, 20, 20]","[20, 20, 20, 20, 20, 20, 20]","[0.015172378149082781, 0.022766986405552872, 0.02571032043918371, 0.0, 0.0, 0.0, 0.0]","[425, 209, 0, 423, 276, 360, 287]","[308.0285339355469, 295.22320556640625, 155.02066040039062, 276.41119384765625, 388.0914611816406, 364.7749938964844, 366.5239562988281]"
2013-12-24,2013-12-30,7881.0,29971,19280.0,"[20, 10, 20, 20, 20, 20, 20]","[20, 11, 20, 20, 20, 20, 20]","[0.0891396612102566, 0.0, 0.2534168283552941, 0.02377854305460165, 0.08909074825689375, 0.3, 0.022065452032376233]","[209, 0, 423, 276, 360, 287, 342]","[342.0982971191406, 135.0470733642578, 264.87872314453125, 413.3726806640625, 399.90869140625, 432.94573974609375, 291.7720947265625]"
2013-12-25,2013-12-31,7926.0,24044,16780.0,"[20, 20, 20, 20, 20, 20, 20]","[0, 16, 20, 20, 20, 0, 20]","[0.0, 0.0, 0.0, 0.024788628998244924, 0.0, 0.02705576514586685, 0.0]","[0, 423, 276, 360, 287, 342, 269]","[116.19699096679688, 236.31849670410156, 372.3575439453125, 376.771484375, 399.9407958984375, 280.59173583984375, 295.9849853515625]"
2013-12-26,2014-01-01,11006.0,29719,19670.0,"[15, 20, 20, 20, 20, 20, 11]","[20, 20, 20, 20, 20, 20, 20]","[0.0, 0.031901539805403945, 0.016582501530345035, 0.0, 0.034374623675727814, 0.017504843375102067, 0.0]","[423, 276, 360, 287, 342, 269, 157]","[231.09793090820312, 364.23602294921875, 367.70269775390625, 388.2989196777344, 257.92303466796875, 288.09783935546875, 209.85252380371094]"
2013-12-27,2014-01-02,9695.0,26150,16340.0,"[20, 20, 20, 20, 20, 20, 20]","[20, 20, 20, 20, 0, 0, 12]","[0.020962678704859402, 0.028307928682714187, 0.0, 0.0, 0.0, 0.3, 0.03890790130918359]","[276, 360, 287, 342, 269, 157, 175]","[392.68231201171875, 405.7192687988281, 409.6794738769531, 293.5459899902344, 329.3553161621094, 218.8988494873047, 202.6398468017578]"
2013-12-28,2014-01-03,7902.0,26207,17165.0,"[20, 20, 20, 20, 20, 20, 19]","[20, 20, 20, 0, 11, 12, 17]","[0.026643826353723983, 0.027641122648790387, 0.3, 0.0, 0.01562749882733931, 0.0, 0.0]","[360, 287, 342, 269, 157, 175, 178]","[369.3435363769531, 366.7359313964844, 276.2291259765625, 305.968505859375, 200.06201171875, 203.24842834472656, 235.2171173095703]"
2013-12-29,2014-01-04,7109.0,28917,19520.0,"[20, 20, 20, 11, 11, 20, 20]","[20, 20, 20, 20, 20, 20, 20]","[0.018393034687555754, 0.0, 0.3, 0.0, 0.021104672523208558, 0.3, 0.022154641095479037]","[287, 342, 269, 157, 175, 178, 218]","[364.1626281738281, 260.9761962890625, 292.1772155761719, 206.54965209960938, 203.85194396972656, 236.042236328125, 281.63604736328125]"
2013-12-30,2014-01-05,5415.0,23980,19220.0,"[20, 20, 13, 20, 20, 20, 20]","[20, 20, 20, 12, 16, 20, 20]","[0.023241262042807853, 0.0, 0.0, 0.02706384452252073, 0.0, 0.0, 0.0]","[342, 269, 157, 175, 178, 218, 137]","[259.193359375, 285.78802490234375, 215.52020263671875, 201.96275329589844, 234.4595184326172, 279.68951416015625, 240.7563018798828]"
2013-12-31,2014-01-06,4080.0,21430,17840.0,"[20, 20, 13, 20, 20, 17, 20]","[20, 16, 20, 15, 19, 18, 8]","[0.03295501248689933, 0.036984801260400976, 0.0, 0.034500419956688205, 0.0, 0.0, 0.019350235801313828]","[269, 157, 175, 178, 218, 137, 95]","[353.3020935058594, 232.68380737304688, 219.19834899902344, 227.3539276123047, 270.79217529296875, 228.3587646484375, 175.72291564941406]"
2014-01-01,2014-01-07,1692.0,18079,16710.0,"[14, 14, 14, 20, 20, 7, 20]","[20, 20, 20, 20, 20, 20, 0]","[0.0, 0.0, 0.031597324156260764, 0.0, 0.0, 0.0, 0.0]","[157, 175, 178, 218, 137, 95, 93]","[224.28207397460938, 221.96664428710938, 221.5998992919922, 272.4112243652344, 239.8389892578125, 180.5806884765625, 123.15361022949219]"
2014-01-02,2014-01-08,2253.0,17257,15265.0,"[20, 20, 20, 20, 19, 20, 6]","[12, 20, 20, 16, 8, 0, 15]","[0.0, 0.02412918702162118, 0.0, 0.032292693356339434, 0.02517359659357365, 0.0, 0.0]","[175, 178, 218, 137, 95, 93, 95]","[205.2020721435547, 234.05125427246094, 267.2689514160156, 230.05670166015625, 168.04116821289062, 120.95072174072266, 141.4693603515625]"
2014-01-03,2014-01-09,2434.0,16419,13970.0,"[20, 19, 20, 4, 10, 20, 20]","[12, 20, 12, 20, 9, 4, 6]","[0.026853660813975333, 0.016634782444736262, 0.031683021866461464, 0.0, 0.0, 0.03760977515997036, 0.13753512863319411]","[178, 218, 137, 95, 93, 95, 101]","[207.51197814941406, 238.20823669433594, 207.00946044921875, 161.6366729736328, 120.9303970336914, 147.6948699951172, 166.6219482421875]"
2014-01-04,2014-01-10,2380.0,15382,12755.0,"[20, 13, 18, 15, 15, 11, 15]","[16, 18, 8, 2, 7, 10, 11]","[0.0, 0.027224184936457656, 0.0, 0.022318287606337844, 0.2077372302183012, 0.019646552964388588, 0.0]","[218, 137, 95, 93, 95, 101, 124]","[237.1538543701172, 205.97811889648438, 163.66697692871094, 106.4481430053711, 142.19558715820312, 137.79782104492188, 167.34471130371094]"
2014-01-05,2014-01-11,1400.0,14603,13300.0,"[14, 9, 10, 14, 15, 9, 20]","[18, 15, 6, 8, 7, 16, 18]","[0.023555421786917358, 0.0, 0.0, 0.0, 0.03604481015280602, 0.020765578287403937, 0.03322076556998131]","[137, 95, 93, 95, 101, 124, 182]","[200.8109588623047, 159.04864501953125, 105.28479766845703, 141.3651885986328, 141.18576049804688, 165.95201110839844, 245.43475341796875]"
2014-01-06,2014-01-12,2679.0,16057,11760.0,"[8, 5, 10, 7, 12, 16, 14]","[14, 8, 10, 12, 12, 15, 13]","[0.11096649551069943, 0.2534057500842943, 0.1323013921449594, 0.08710268446215985, 0.17358365731477432, 0.037426186906680835, 0.1607240606158035]","[95, 93, 95, 101, 124, 182, 144]","[148.27906799316406, 88.10482788085938, 132.968017578125, 126.72705841064453, 155.1006622314453, 234.2740478515625, 180.04347229003906]"
2014-01-07,2014-01-13,2882.0,14091,10435.0,"[11, 9, 20, 8, 16, 17, 0]","[0, 9, 1, 16, 19, 12, 7]","[0.3, 0.03525154874052489, 0.037206765252514776, 0.019342419700459045, 0.0, 0.027295772323891167, 0.3]","[93, 95, 101, 124, 182, 144, 83]","[69.14382934570312, 119.85735321044922, 129.8062286376953, 162.33700561523438, 232.24961853027344, 187.32530212402344, 65.03158569335938]"
2014-01-08,2014-01-14,2318.0,14792,11900.0,"[20, 0, 20, 16, 20, 17, 20]","[0, 20, 7, 20, 10, 0, 2]","[0.3, 0.0, 0.0, 0.030661330316648784, 0.0, 0.02640704628549993, 0.0]","[95, 101, 124, 182, 144, 83, 92]","[134.81983947753906, 146.56314086914062, 171.7464599609375, 235.1656951904297, 192.7378692626953, 104.8803939819336, 137.39906311035156]"
2014-01-09,2014-01-15,2932.0,14832,11120.0,"[20, 0, 20, 20, 20, 20, 20]","[1, 20, 16, 7, 0, 0, 0]","[0.0, 0.3, 0.029024028135304636, 0.0, 0.0, 0.0, 0.0]","[101, 124, 182, 144, 83, 92, 92]","[125.96944427490234, 155.36878967285156, 232.9304656982422, 171.63687133789062, 99.33155059814453, 127.98955535888672, 114.80690002441406]"
2014-01-10,2014-01-16,2968.0,15286,11015.0,"[8, 16, 12, 7, 10, 10, 13]","[14, 17, 14, 5, 10, 7, 8]","[0.1297307410323836, 0.03846765020010101, 0.21346162160262427, 0.034115848513437144, 0.1805442472502454, 0.07396293546228122, 0.11593670095891617]","[124, 182, 144, 83, 92, 92, 92]","[144.3583526611328, 235.70848083496094, 179.330322265625, 76.87091064453125, 128.7611083984375, 112.36174774169922, 135.4838104248047]"
2014-01-11,2014-01-17,2516.0,13669,10740.0,"[20, 6, 12, 14, 0, 20, 12]","[16, 20, 0, 3, 14, 0, 12]","[0.0, 0.0, 0.0, 0.0, 0.25394131824320826, 0.0, 0.0]","[182, 144, 83, 92, 92, 92, 103]","[231.4516143798828, 177.9032745361328, 74.37064361572266, 107.10694885253906, 101.9674301147461, 122.45287322998047, 154.8706512451172]"
2014-01-12,2014-01-18,3637.0,15689,11180.0,"[20, 16, 20, 0, 20, 20, 20]","[8, 0, 0, 16, 0, 0, 20]","[0.3, 0.0, 0.0, 0.0, 0.0, 0.02070210582281574, 0.0]","[144, 83, 92, 92, 92, 103, 689]","[173.85302734375, 94.07963562011719, 119.62938690185547, 114.24267578125, 133.12049865722656, 165.0968475341797, 542.2679443359375]"
2014-01-13,2014-01-19,4486.0,16874,12620.0,"[7, 9, 18, 13, 0, 20, 20]","[3, 10, 0, 7, 20, 20, 20]","[0.0, 0.0, 0.0, 0.0, 0.0, 0.023076494400810367, 0.02041305874552754]","[83, 92, 92, 92, 103, 689, 463]","[64.76193237304688, 123.39403533935547, 111.1953125, 128.49415588378906, 154.18739318847656, 524.3401489257812, 599.8072509765625]"
2014-01-14,2014-01-20,5304.0,19795,14920.0,"[20, 0, 20, 20, 20, 20, 20]","[0, 17, 1, 6, 20, 20, 20]","[0.03400406231232053, 0.0, 0.0, 0.0, 0.0, 0.0, 0.0]","[92, 92, 92, 103, 689, 463, 413]","[125.16738891601562, 116.80093383789062, 131.37464904785156, 160.55282592773438, 528.5931396484375, 623.0994873046875, 439.23431396484375]"
2014-01-15,2014-01-21,5487.0,17824,12090.0,"[18, 20, 0, 20, 20, 20, 13]","[0, 0, 20, 0, 20, 20, 0]","[0.0, 0.0, 0.02605929523396964, 0.0, 0.0, 0.03188318916902766, 0.3]","[92, 92, 103, 689, 463, 413, 74]","[106.35305786132812, 123.48007202148438, 151.5421905517578, 527.7317504882812, 615.8091430664062, 417.5242614746094, 80.16464233398438]"
2014-01-16,2014-01-22,6663.0,21894,13170.0,"[15, 0, 20, 20, 20, 15, 14]","[3, 20, 20, 20, 20, 0, 0]","[0.3, 0.02644475543420274, 0.0, 0.3, 0.02864828824495015, 0.016935156730145052, 0.030859325192032275]","[92, 103, 689, 463, 413, 74, 85]","[109.9233627319336, 144.19178771972656, 586.1866455078125, 636.2725830078125, 423.2524719238281, 93.221435546875, 86.69256591796875]"
2014-01-17,2014-01-23,6402.0,20583,12750.0,"[20, 20, 20, 20, 14, 0, 14]","[0, 20, 20, 20, 0, 14, 0]","[0.0, 0.0, 0.0, 0.3, 0.0, 0.0, 0.0]","[103, 689, 463, 413, 74, 85, 77]","[136.52734375, 518.4257202148438, 611.1369018554688, 423.6542053222656, 85.86802673339844, 100.55855560302734, 86.4835433959961]"
2014-01-18,2014-01-24,7067.0,20446,12530.0,"[20, 20, 20, 16, 19, 14, 15]","[20, 20, 20, 0, 0, 0, 0]","[0.022425755595953407, 0.0017136830828320742, 0.030668211064006603, 0.025420789487180073, 0.3, 0.0, 0.3]","[689, 463, 413, 74, 85, 77, 122]","[566.7085571289062, 624.7525634765625, 416.0091857910156, 93.3046646118164, 88.54826354980469, 84.39554595947266, 91.27084350585938]"
2014-01-19,2014-01-25,5878.0,17125,11070.0,"[20, 20, 0, 4, 12, 17, 20]","[20, 20, 12, 10, 2, 0, 0]","[0.0, 0.0, 0.025804688642312754, 0.2526043465691729, 0.0, 0.0, 3.9993790628910094e-05]","[463, 413, 74, 85, 77, 122, 165]","[644.3616333007812, 427.2695007324219, 88.16053771972656, 95.97893524169922, 89.64356994628906, 100.73135375976562, 182.22415161132812]"
2014-01-20,2014-01-26,5140.0,15630,9980.0,"[20, 11, 17, 14, 1, 8, 13]","[20, 0, 0, 0, 13, 18, 4]","[0.0, 0.022279674690629712, 0.020148712390580345, 0.3, 0.08878105860995465, 0.033201998514133566, 0.0257445004301716]","[413, 74, 85, 77, 122, 165, 150]","[427.27374267578125, 70.60840606689453, 92.86128997802734, 83.21247863769531, 98.51841735839844, 177.63778686523438, 109.58744812011719]"
2014-01-21,2014-01-27,2950.0,12469,7950.0,"[7, 8, 8, 4, 12, 10, 4]","[9, 8, 5, 9, 15, 7, 3]","[0.08924833758290585, 0.17563912654603925, 0.1767806688729255, 0.12174976649270344, 0.11730375456342222, 0.17116010059122355, 0.11645722015655577]","[74, 85, 77, 122, 165, 150, 74]","[89.09140014648438, 104.34762573242188, 81.0903549194336, 95.33489227294922, 179.21620178222656, 107.5214614868164, 45.19340515136719]"
2014-01-22,2014-01-28,3483.0,12520,7735.0,"[6, 13, 0, 9, 10, 0, 0]","[9, 0, 14, 18, 7, 7, 10]","[0.03530634248262295, 0.3, 0.3, 0.019678950391661114, 0.0, 0.026602977878137698, 0.020034221747006073]","[85, 77, 122, 165, 150, 74, 82]","[101.57791900634766, 79.07137298583984, 101.6795654296875, 178.9149169921875, 108.99842834472656, 54.59785461425781, 71.42285919189453]"
2014-01-23,2014-01-29,4217.0,12531,7680.0,"[6, 15, 20, 0, 6, 12, 9]","[7, 0, 8, 20, 5, 0, 2]","[0.022933056885228925, 0.08794193531873279, 0.018768588806780034, 0.0, 0.3, 0.035452056238773955, 0.0]","[77, 122, 165, 150, 74, 82, 82]","[88.8738021850586, 92.26057434082031, 174.03477478027344, 136.1302947998047, 66.6943359375, 75.4564208984375, 68.38758087158203]"
2014-01-24,2014-01-30,3950.0,12343,7290.0,"[5, 14, 10, 7, 10, 8, 7]","[9, 13, 8, 2, 2, 2, 6]","[0.15553607906005668, 0.08965664142871305, 0.08722770815457585, 0.13315591429238782, 0.15450865461437005, 0.11604673156150923, 0.03193475258014232]","[122, 165, 150, 74, 82, 82, 79]","[89.28146362304688, 180.0016326904297, 118.0237808227539, 58.327674865722656, 73.79383850097656, 65.09444427490234, 82.03700256347656]"
2014-01-25,2014-01-31,3701.0,13622,7780.0,"[10, 13, 4, 11, 9, 13, 9]","[19, 8, 7, 1, 3, 1, 3]","[0.1677763726938375, 0.15677880169249053, 0.21890745281199522, 0.22002446311103216, 0.16725224383373694, 0.08984499299037584, 0.215567227638811]","[165, 150, 74, 82, 82, 79, 90]","[190.36441040039062, 136.34378051757812, 72.07128143310547, 75.76972198486328, 71.19828033447266, 86.9898910522461, 111.5942153930664]"
2014-01-26,2014-02-01,3232.0,12707,7745.0,"[2, 0, 13, 4, 14, 0, 20]","[17, 9, 0, 6, 0, 15, 4]","[0.0, 0.0, 0.031384475423897884, 0.08796898218353463, 0.3, 0.0, 0.3]","[150, 74, 82, 82, 79, 90, 160]","[129.9615478515625, 66.03141021728516, 76.42130279541016, 67.1691665649414, 81.11237335205078, 108.15040588378906, 151.12957763671875]"
2014-01-27,2014-02-02,2415.0,10694,7415.0,"[11, 13, 0, 14, 11, 20, 20]","[0, 0, 9, 0, 6, 0, 5]","[0.0, 0.27163203124522733, 0.20747942755003856, 0.0, 0.0, 0.0, 0.03262307767123701]","[74, 82, 82, 79, 90, 160, 90]","[66.4476089477539, 76.62120056152344, 65.63590240478516, 83.04518127441406, 109.58966827392578, 149.310546875, 161.5235595703125]"
2014-01-28,2014-02-03,2982.0,11715,7250.0,"[7, 6, 7, 11, 7, 13, 6]","[5, 5, 6, 6, 14, 5, 3]","[0.17917463964991776, 0.12542247539646384, 0.15674208747997784, 0.08995480568173121, 0.16442207955812904, 0.11661326648806855, 0.0820888794659645]","[82, 82, 79, 90, 160, 90, 73]","[73.88029479980469, 68.87179565429688, 82.03036499023438, 108.2238540649414, 140.4761962890625, 158.26255798339844, 59.17462158203125]"
2014-01-29,2014-02-04,2333.0,11428,7850.0,"[9, 8, 10, 12, 15, 4, 6]","[3, 6, 7, 11, 10, 5, 5]","[0.11407483807511433, 0.10601725292251468, 0.12914238489886581, 0.08977089969972629, 0.08861551674987582, 0.1779017550194809, 0.21631651798623053]","[82, 79, 90, 160, 90, 73, 51]","[72.39641571044922, 85.43550872802734, 111.54763793945312, 149.9110107421875, 157.4752655029297, 59.548587799072266, 65.24030303955078]"
2014-01-30,2014-02-05,1756.0,10948,8015.0,"[10, 15, 10, 16, 3, 8, 13]","[4, 3, 12, 9, 5, 2, 5]","[0.08935333902915758, 0.08848979217065218, 0.08874052390643625, 0.15486125535958745, 0.1521080723982944, 0.152781055760512, 0.1334604897655008]","[79, 90, 160, 90, 73, 51, 59]","[88.752685546875, 113.01704406738281, 148.00350952148438, 161.56759643554688, 55.53923416137695, 64.70843505859375, 114.4269027709961]"
2014-01-31,2014-02-06,724.0,10366,8695.0,"[20, 15, 20, 10, 11, 20, 0]","[0, 8, 6, 0, 0, 0, 17]","[0.018666114954305684, 0.0, 0.018949966422681097, 0.3, 0.3, 0.0, 0.0]","[90, 160, 90, 73, 51, 59, 64]","[105.29752349853516, 149.0430145263672, 159.30995178222656, 62.9998664855957, 65.73298645019531, 118.73193359375, 123.93230438232422]"
2014-02-01,2014-02-07,871.0,11737,8440.0,"[15, 19, 0, 11, 10, 19, 5]","[7, 6, 8, 0, 8, 0, 12]","[0.3, 0.254713741797907, 0.16949495258836622, 0.255917206204399, 0.0, 0.030118454856627168, 0.21966173327145033]","[160, 90, 73, 51, 59, 64, 103]","[141.10586547851562, 157.28256225585938, 59.32680130004883, 64.12261962890625, 114.89578247070312, 117.46281433105469, 123.33853912353516]"
2014-02-02,2014-02-08,732.0,11283,9435.0,"[11, 5, 8, 9, 5, 10, 8]","[14, 5, 3, 9, 13, 10, 15]","[0.08824487484931871, 0.20763721354535186, 0.017561106998698763, 0.08738080942087773, 0.03722986975130582, 0.08761551892141947, 0.17447950226577286]","[90, 73, 51, 59, 64, 103, 192]","[164.12754821777344, 63.69468688964844, 70.64167785644531, 119.37531280517578, 121.98689270019531, 128.2519073486328, 155.05587768554688]"
2014-02-03,2014-02-09,1860.0,11603,8225.0,"[6, 6, 11, 10, 8, 13, 7]","[4, 4, 6, 8, 10, 9, 10]","[0.08849687997855558, 0.21627338037777746, 0.08915841263637468, 0.1174152414051918, 0.17589745293578832, 0.11910269947261953, 0.16448988231966274]","[73, 51, 59, 64, 103, 192, 136]","[62.52824401855469, 63.87290573120117, 107.64971923828125, 113.84129333496094, 121.91915893554688, 149.2272186279297, 125.4301986694336]"
2014-02-04,2014-02-10,2050.0,11286,8710.0,"[0, 19, 15, 15, 3, 20, 9]","[9, 0, 3, 4, 19, 0, 8]","[0.0, 0.3, 0.0, 0.016858693440368017, 0.024541388287456247, 0.020193506473147153, 0.01774809230633414]","[51, 59, 64, 103, 192, 136, 69]","[67.20712280273438, 113.24079132080078, 111.80448913574219, 120.67499542236328, 148.21673583984375, 126.86741638183594, 110.10629272460938]"
2014-02-05,2014-02-11,2201.0,12849,9130.0,"[11, 8, 7, 16, 14, 12, 8]","[5, 9, 11, 8, 5, 4, 10]","[0.2211459197948457, 0.058604232599622115, 0.17654578891642847, 0.08877378171947245, 0.08864819890729399, 0.18139949386173593, 0.20883963764884506]","[59, 64, 103, 192, 136, 69, 89]","[103.65613555908203, 109.78807830810547, 120.81432342529297, 150.132568359375, 121.63778686523438, 108.68653869628906, 116.52828216552734]"
2014-02-06,2014-02-12,3199.0,12705,7830.0,"[5, 8, 10, 12, 10, 14, 5]","[8, 7, 11, 6, 6, 2, 6]","[0.17611100843196334, 0.15563280035991955, 0.217303765328848, 0.08951619586591271, 0.10880685566503492, 0.08986440768351779, 0.162744013842769]","[64, 103, 192, 136, 69, 89, 94]","[86.55209350585938, 97.21424865722656, 138.7506103515625, 115.7511978149414, 100.16560363769531, 99.37985229492188, 75.21800231933594]"
2014-02-07,2014-02-13,3534.0,11018,6945.0,"[0, 0, 19, 15, 10, 11, 6]","[13, 20, 0, 0, 0, 0, 5]","[0.028420093136846288, 0.0, 0.029452434498409223, 0.0, 0.3, 0.03558712660231662, 0.0]","[103, 192, 136, 69, 89, 94, 125]","[90.34752655029297, 135.34356689453125, 109.27397918701172, 90.95526885986328, 59.19230651855469, 66.25833892822266, 73.56707000732422]"
2014-02-08,2014-02-14,4063.0,12486,7775.0,"[6, 13, 15, 12, 13, 2, 13]","[16, 6, 0, 0, 0, 9, 6]","[0.024621119586419722, 0.0, 0.018463021946257537, 0.2182331634809131, 0.2088956382382868, 0.02430247552440993, 0.0]","[192, 136, 69, 89, 94, 125, 166]","[150.75685119628906, 119.15126037597656, 92.51719665527344, 73.63597106933594, 76.91236877441406, 77.53943634033203, 120.5706558227539]"
2014-02-09,2014-02-15,4070.0,13845,8875.0,"[14, 10, 3, 8, 4, 6, 13]","[6, 6, 8, 5, 8, 13, 14]","[0.027417361516437404, 0.08896183390325049, 0.020887107219902352, 0.12558445341922916, 0.1622461525514509, 0.11760760877086839, 0.08810848873646233]","[136, 69, 89, 94, 125, 166, 617]","[132.5858154296875, 99.4532470703125, 76.05437469482422, 82.34461212158203, 83.02511596679688, 125.93278503417969, 721.8104248046875]"
2014-02-10,2014-02-16,5506.0,17654,12060.0,"[0, 13, 20, 14, 0, 20, 20]","[14, 0, 0, 0, 19, 20, 20]","[0.0, 0.029924185735787215, 0.025858650515137395, 0.20894434931881678, 0.0, 0.02434475142922931, 0.033802239456899204]","[69, 89, 94, 125, 166, 617, 544]","[100.3041763305664, 78.28050994873047, 81.43457794189453, 83.6894760131836, 125.67877960205078, 741.2345581054688, 483.8966979980469]"
2014-02-11,2014-02-17,6127.0,20301,12720.0,"[0, 12, 12, 10, 20, 20, 20]","[9, 0, 0, 7, 20, 20, 20]","[0.0, 0.005793635456794578, 0.0, 0.030967303188845663, 0.0, 0.3, 0.0]","[89, 94, 125, 166, 617, 544, 419]","[66.07347869873047, 71.84135437011719, 72.97421264648438, 110.11199188232422, 729.2024536132812, 519.0554809570312, 375.3026123046875]"
2014-02-12,2014-02-18,6286.0,19857,13430.0,"[20, 13, 0, 20, 20, 20, 17]","[0, 0, 17, 20, 20, 20, 0]","[0.02372389767076896, 0.3, 0.0, 0.0, 0.0, 0.0, 0.0]","[94, 125, 166, 617, 544, 419, 64]","[84.77606964111328, 77.33683776855469, 117.62621307373047, 718.7136840820312, 504.50946044921875, 373.4471435546875, 104.60706329345703]"
2014-02-13,2014-02-19,6804.0,18290,11800.0,"[20, 11, 20, 20, 0, 17, 13]","[0, 8, 20, 20, 20, 0, 0]","[0.0, 0.0, 0.019046657567929746, 0.0, 0.022656022967656248, 0.028313425281304816, 0.030824277025829544]","[125, 166, 617, 544, 419, 64, 82]","[87.24053192138672, 119.46356964111328, 726.98876953125, 500.2864685058594, 362.96630859375, 102.7722396850586, 76.71046447753906]"
2014-02-14,2014-02-20,6718.0,18422,12020.0,"[20, 20, 20, 20, 17, 20, 0]","[0, 20, 20, 20, 0, 0, 0]","[0.02474823988039183, 0.020068120592244307, 0.0, 0.03298960307390178, 0.0, 0.0, 0.3]","[166, 617, 544, 419, 64, 82, 66]","[130.97242736816406, 724.6578979492188, 511.82769775390625, 367.7684326171875, 101.54022216796875, 72.36983489990234, 99.97221374511719]"
2014-02-15,2014-02-21,5848.0,19108,13060.0,"[20, 20, 20, 18, 13, 1, 20]","[20, 20, 20, 0, 0, 14, 0]","[0.0, 0.0, 0.021180655796701215, 0.0, 0.3, 0.0, 0.025534820523810127]","[617, 544, 419, 64, 82, 66, 88]","[731.03515625, 510.2721862792969, 373.90008544921875, 106.74471282958984, 79.37667083740234, 105.95893096923828, 130.84661865234375]"
2014-02-16,2014-02-22,3855.0,17280,13130.0,"[20, 20, 0, 0, 0, 0, 20]","[20, 20, 16, 11, 14, 19, 11]","[0.0, 0.027650495719960814, 0.0, 0.3, 0.0, 0.0, 0.0]","[544, 419, 64, 82, 66, 88, 159]","[512.444091796875, 369.1438903808594, 109.64619445800781, 80.36965942382812, 101.05378723144531, 131.28826904296875, 197.13258361816406]"
2014-02-17,2014-02-23,3089.0,14218,11220.0,"[20, 16, 0, 8, 20, 20, 6]","[20, 2, 11, 7, 1, 12, 12]","[0.0, 0.0, 0.0, 0.03403982969259006, 0.0236469862815456, 0.0, 0.03421216272776066]","[419, 64, 82, 66, 88, 159, 107]","[396.21173095703125, 110.7149658203125, 78.01274871826172, 99.00712585449219, 136.03469848632812, 202.29005432128906, 120.62213134765625]"
2014-02-18,2014-02-24,1267.0,11944,9440.0,"[9, 5, 9, 11, 14, 10, 6]","[9, 7, 8, 10, 15, 9, 7]","[0.08934378580214342, 0.17351250796511652, 0.16880009080282016, 0.08816396389092304, 0.11986313390033534, 0.08854320958806564, 0.12318293327237459]","[64, 82, 66, 88, 159, 107, 58]","[113.6805648803711, 81.7099380493164, 110.72433471679688, 140.88397216796875, 191.29026794433594, 125.8255386352539, 84.3830337524414]"
2014-02-19,2014-02-25,1762.0,10592,8500.0,"[8, 11, 0, 18, 0, 11, 17]","[0, 4, 16, 14, 20, 0, 0]","[0.0, 0.01706909525017936, 0.0, 0.028686251757225868, 0.017849029615352747, 0.023909528215840026, 0.16963225452097017]","[82, 66, 88, 159, 107, 58, 63]","[49.82044982910156, 93.32471466064453, 118.4704818725586, 208.42010498046875, 129.48280334472656, 66.15506744384766, 102.09496307373047]"
2014-02-20,2014-02-26,1385.0,11631,9130.0,"[8, 6, 15, 12, 7, 14, 8]","[6, 13, 14, 8, 6, 3, 7]","[0.0632566467128873, 0.08809709896453713, 0.16376447032020558, 0.08878101079955612, 0.02860981837807696, 0.1647898758565572, 0.08816918939793393]","[66, 88, 159, 107, 58, 63, 66]","[89.3934555053711, 128.64117431640625, 202.33303833007812, 129.06639099121094, 84.11625671386719, 107.25640869140625, 95.7506332397461]"
2014-02-21,2014-02-27,1196.0,11084,9010.0,"[1, 20, 1, 0, 14, 17, 8]","[17, 11, 16, 12, 3, 0, 4]","[0.0, 0.026867508405322885, 0.3, 0.0, 0.0, 0.021607798396580846, 0.0]","[88, 159, 107, 58, 63, 66, 60]","[125.16266632080078, 195.20083618164062, 115.99081420898438, 84.73006439208984, 107.85533905029297, 102.89794921875, 75.23406219482422]"
2014-02-22,2014-02-28,2027.0,11431,8310.0,"[13, 6, 9, 8, 12, 6, 13]","[13, 11, 3, 7, 3, 6, 6]","[0.08897383013135172, 0.08985798345928916, 0.10254572981259824, 0.1764542515928758, 0.08718179697114116, 0.20472657832671923, 0.08713655645100388]","[159, 107, 58, 63, 66, 60, 79]","[187.56594848632812, 118.19412994384766, 82.85740661621094, 101.52758026123047, 93.86543273925781, 81.12784576416016, 123.90205383300781]"
2014-02-23,2014-03-01,913.0,10996,8780.0,"[10, 4, 8, 10, 6, 12, 6]","[9, 9, 8, 5, 6, 8, 16]","[0.15131032325255606, 0.03225956253525497, 0.08876923512004492, 0.12063472931655195, 0.08832376247079156, 0.13647835082594167, 0.1726934251636031]","[107, 58, 63, 66, 60, 79, 136]","[120.85572814941406, 84.9247055053711, 103.01717376708984, 95.71876525878906, 80.79119110107422, 125.00450134277344, 147.98757934570312]"
2014-02-24,2014-03-02,1134.0,10500,8630.0,"[8, 11, 10, 6, 11, 14, 12]","[5, 6, 5, 7, 11, 10, 4]","[0.1706805337158141, 0.08863511771302138, 0.12155168811371131, 0.13785735221200235, 0.08812289769056679, 0.02804640873191369, 0.031099810339519203]","[58, 63, 66, 60, 79, 136, 109]","[80.6744155883789, 107.16158294677734, 96.18119812011719, 82.65521240234375, 145.84393310546875, 152.0281219482422, 112.86099243164062]"
2014-02-25,2014-03-03,1650.0,11001,8215.0,"[6, 11, 10, 12, 12, 7, 9]","[9, 4, 3, 9, 10, 10, 3]","[0.1066430339506073, 0.08801998458345599, 0.031864230816210704, 0.16889131489304232, 0.1357111376565992, 0.13546785587860818, 0.0872782695322214]","[63, 66, 60, 79, 136, 109, 65]","[101.19339752197266, 97.75939178466797, 79.7651138305664, 135.30984497070312, 145.95362854003906, 110.90863800048828, 73.94066619873047]"
2014-02-26,2014-03-04,2482.0,9651,5750.0,"[5, 0, 0, 10, 2, 8, 0]","[0, 8, 13, 11, 13, 0, 6]","[0.0, 0.0, 0.3, 0.022877770937214326, 0.023396757374525103, 0.295681097659037, 0.3]","[66, 60, 79, 136, 109, 65, 63]","[28.134408950805664, 58.54441833496094, 93.77161407470703, 139.4877471923828, 102.69942474365234, 51.88106918334961, 41.13248062133789]"
2014-02-27,2014-03-05,2971.0,10543,6515.0,"[4, 14, 8, 7, 10, 1, 8]","[6, 2, 13, 10, 2, 7, 0]","[0.1012344605053396, 0.08897324664520202, 0.08826797432106451, 0.13469799066505775, 0.08935897787007727, 0.16106835855536666, 0.11899383768714247]","[60, 79, 136, 109, 65, 63, 67]","[67.93305206298828, 100.12476348876953, 140.75767517089844, 110.30625915527344, 71.66353607177734, 51.558326721191406, 50.359092712402344]"
2014-02-28,2014-03-06,2860.0,10498,6210.0,"[10, 6, 14, 11, 0, 7, 3]","[6, 14, 3, 0, 8, 0, 6]","[0.29550718029804773, 0.03358950141525001, 0.03668275568584347, 0.0, 0.3, 0.3, 0.00564069618314061]","[79, 136, 109, 65, 63, 67, 73]","[100.5026626586914, 134.24600219726562, 108.43017578125, 68.5376205444336, 54.009132385253906, 46.82832336425781, 63.46683883666992]"
2014-03-01,2014-03-07,2690.0,11284,5815.0,"[20, 10, 0, 9, 0, 10, 5]","[1, 6, 9, 0, 6, 0, 7]","[0.3, 0.3, 0.018140889085247892, 0.023615932333520783, 0.0, 0.3, 0.3]","[136, 109, 65, 63, 67, 73, 86]","[130.68826293945312, 104.92018127441406, 65.18872833251953, 54.064292907714844, 43.2972297668457, 63.157508850097656, 80.11187744140625]"
2014-03-02,2014-03-08,2925.0,9844,6030.0,"[17, 6, 8, 7, 0, 8, 4]","[0, 5, 1, 0, 9, 4, 14]","[0.03321828786035491, 0.2736842449701397, 0.028946260732741737, 0.2979727120032553, 0.03925346680840881, 0.0, 0.032069638929657356]","[109, 65, 63, 67, 73, 86, 154]","[104.30232238769531, 70.4237289428711, 57.405662536621094, 42.32679748535156, 62.51121139526367, 76.81788635253906, 125.81263732910156]"
2014-03-03,2014-03-09,2884.0,10535,6535.0,"[12, 10, 8, 11, 14, 18, 16]","[0, 0, 0, 0, 0, 3, 6]","[0.0, 0.2903514008354986, 0.019246379727431116, 0.0, 0.29943089114280463, 0.02044758714517036, 0.0]","[65, 63, 67, 73, 86, 154, 110]","[71.80306243896484, 58.75995635986328, 45.69606399536133, 65.27424621582031, 83.15475463867188, 131.6881103515625, 140.54359436035156]"
2014-03-04,2014-03-10,2955.0,10617,6135.0,"[0, 7, 11, 14, 14, 20, 0]","[8, 0, 0, 0, 6, 0, 9]","[0.016576288610353863, 0.0, 0.3, 0.0, 0.3, 0.02150838166993662, 0.0]","[63, 67, 73, 86, 154, 110, 70]","[55.92240905761719, 41.394744873046875, 63.08793640136719, 84.25935363769531, 130.507080078125, 141.91070556640625, 63.70341491699219]"
2014-03-05,2014-03-11,3335.0,10280,6800.0,"[7, 12, 0, 0, 10, 12, 10]","[2, 0, 12, 19, 11, 0, 0]","[0.0, 0.015907310436593634, 0.0, 0.030010712567865847, 0.0, 0.01753870118364081, 0.017003793494071603]","[67, 73, 86, 154, 110, 70, 62]","[54.1767578125, 69.37590789794922, 85.2618637084961, 131.2751922607422, 135.89797973632812, 70.05683135986328, 62.86492919921875]"
2014-03-06,2014-03-12,3053.0,10901,6590.0,"[6, 5, 12, 12, 1, 5, 4]","[5, 8, 7, 10, 8, 4, 4]","[0.14989230584465033, 0.1642914577830719, 0.08810860610640232, 0.034421766946365014, 0.08910894434510065, 0.16846173224978972, 0.25302745235000895]","[73, 86, 154, 110, 70, 62, 70]","[72.93032836914062, 85.06572723388672, 127.4379653930664, 142.50106811523438, 62.387691497802734, 58.21812438964844, 56.056766510009766]"
2014-03-07,2014-03-13,3079.0,10495,6840.0,"[14, 13, 0, 0, 11, 12, 12]","[0, 7, 20, 9, 0, 0, 0]","[0.0, 0.03168897660897319, 0.0, 0.0, 0.3, 0.0, 0.0]","[86, 154, 110, 70, 62, 70, 75]","[85.56608581542969, 129.2083740234375, 138.93243408203125, 66.44084167480469, 65.25159454345703, 70.67080688476562, 70.91234588623047]"
2014-03-08,2014-03-14,3141.0,11263,6820.0,"[7, 10, 8, 9, 4, 4, 3]","[12, 11, 3, 1, 7, 6, 8]","[0.16912637254234475, 0.08760051556810432, 0.08837241859944962, 0.17837661888900055, 0.08958019589844878, 0.20760384425670164, 0.0882606168112225]","[154, 110, 70, 62, 70, 75, 126]","[126.38449096679688, 136.15049743652344, 68.02449798583984, 61.746280670166016, 69.23661804199219, 69.6612548828125, 79.34796142578125]"
2014-03-09,2014-03-15,3684.0,11596,7490.0,"[18, 11, 0, 10, 12, 19, 19]","[4, 0, 9, 2, 0, 0, 6]","[0.0, 0.0, 0.02908790063749489, 0.03254138917939205, 0.03290564865752836, 0.1552762029987538, 0.0]","[110, 70, 62, 70, 75, 126, 187]","[135.9447021484375, 71.3463363647461, 63.970741271972656, 72.52979278564453, 74.40088653564453, 86.96732330322266, 157.4442138671875]"
2014-03-10,2014-03-16,3171.0,11387,7315.0,"[5, 9, 12, 12, 0, 0, 0]","[6, 1, 0, 0, 12, 20, 17]","[0.01852202907593764, 0.3, 0.0, 0.2562820776353405, 0.0, 0.0, 0.01728069999045632]","[70, 62, 70, 75, 126, 187, 139]","[73.70939636230469, 63.1025276184082, 68.43509674072266, 71.67757415771484, 84.85136413574219, 155.17733764648438, 119.44084930419922]"
2014-03-11,2014-03-17,3560.0,11524,6720.0,"[3, 5, 7, 10, 11, 12, 6]","[6, 4, 3, 2, 12, 6, 6]","[0.16381652070907965, 0.17683476346637206, 0.17631323111887254, 0.10999581134425374, 0.08801898058553471, 0.08945947010127311, 0.09938584648492278]","[62, 70, 75, 126, 187, 139, 83]","[58.84531021118164, 57.71390151977539, 61.507869720458984, 76.37484741210938, 148.76821899414062, 114.59525299072266, 79.47108459472656]"
2014-03-12,2014-03-18,3220.0,10903,6270.0,"[8, 2, 2, 14, 8, 12, 6]","[2, 8, 9, 3, 8, 1, 5]","[0.11432912219328577, 0.027904528304999433, 0.12092048404743419, 0.15297920058296913, 0.13264989061734722, 0.17541518606617748, 0.16376441274352616]","[70, 75, 126, 187, 139, 83, 72]","[60.860042572021484, 65.44007110595703, 76.93400573730469, 141.29266357421875, 107.14635467529297, 77.36695098876953, 71.82836151123047]"
2014-03-13,2014-03-19,3892.0,12709,7500.0,"[5, 4, 10, 9, 9, 6, 9]","[6, 9, 11, 10, 5, 6, 4]","[0.2116212455752595, 0.08921804844565395, 0.08980253976320443, 0.11075903965237804, 0.11419020957968729, 0.088958276803711, 0.16793984590703695]","[75, 126, 187, 139, 83, 72, 91]","[70.85694122314453, 84.77823638916016, 140.92605590820312, 126.66159057617188, 89.60802459716797, 77.3858642578125, 85.76950073242188]"
2014-03-14,2014-03-20,3965.0,12209,7075.0,"[10, 10, 11, 8, 7, 7, 7]","[3, 13, 6, 4, 5, 4, 5]","[0.03269389504464937, 0.08711802550019458, 0.08878592262433352, 0.16092165679524917, 0.18166699647250778, 0.11828580691707573, 0.1682655058166735]","[126, 187, 139, 83, 72, 91, 85]","[82.18326568603516, 150.47967529296875, 111.23348999023438, 78.37429809570312, 72.58214569091797, 79.65808868408203, 80.3105697631836]"
2014-03-15,2014-03-21,4343.0,12818,8380.0,"[4, 20, 0, 13, 0, 15, 13]","[19, 0, 12, 0, 12, 0, 8]","[0.02648834681307587, 0.03705012330234167, 0.08899745279219995, 0.00014502802388680075, 0.02016595247546513, 0.018373718407770454, 0.0]","[187, 139, 83, 72, 91, 85, 117]","[158.87557983398438, 125.48396301269531, 85.04065704345703, 80.20557403564453, 83.69487762451172, 90.61032104492188, 135.9122314453125]"
2014-03-16,2014-03-22,3941.0,13715,8900.0,"[20, 0, 14, 4, 0, 20, 16]","[0, 13, 0, 9, 15, 1, 11]","[0.015372501935920735, 0.08924331433003328, 0.08992228571881011, 0.3, 0.0, 0.08998475421004347, 0.0]","[139, 83, 72, 91, 85, 117, 183]","[126.32129669189453, 88.72251892089844, 85.15573120117188, 88.80632781982422, 96.9118423461914, 138.5012664794922, 180.04359436035156]"
2014-03-17,2014-03-23,3658.0,14461,9110.0,"[10, 4, 8, 12, 16, 17, 10]","[5, 9, 6, 3, 6, 7, 13]","[0.21235740763617078, 0.12280008507456161, 0.08844306418219533, 0.2547295928385812, 0.08798879474815616, 0.15356741830177767, 0.08758146128610202]","[83, 72, 91, 85, 117, 183, 133]","[94.63294219970703, 88.38015747070312, 88.61400604248047, 96.26513671875, 136.14952087402344, 182.0109405517578, 149.41387939453125]"
2014-03-18,2014-03-24,4159.0,14156,8830.0,"[4, 9, 9, 11, 13, 15, 7]","[8, 4, 5, 9, 14, 8, 6]","[0.1553385536853134, 0.08862811669705396, 0.08983774722568083, 0.15141598730474423, 0.089503369863484, 0.13349340827200246, 0.03231016631197586]","[72, 91, 85, 117, 183, 133, 74]","[79.87235260009766, 86.81623077392578, 91.40989685058594, 130.6354217529297, 179.53274536132812, 147.90362548828125, 80.49746704101562]"
2014-03-19,2014-03-25,4276.0,14286,8915.0,"[5, 11, 6, 17, 12, 5, 5]","[8, 4, 14, 12, 11, 7, 6]","[0.03744105422753753, 0.08890725580277044, 0.0897756553469653, 0.17313169908199522, 0.024138600772583885, 0.10336932373104027, 0.15355898550934155]","[91, 85, 117, 183, 133, 74, 90]","[84.03837585449219, 92.36527252197266, 136.86827087402344, 185.94168090820312, 148.9197998046875, 77.75411987304688, 72.17338562011719]"
2014-03-20,2014-03-26,4257.0,14107,8725.0,"[13, 3, 16, 16, 13, 6, 15]","[2, 17, 12, 8, 0, 5, 0]","[0.2995397789653834, 0.029966854177626918, 0.03747631714944051, 0.10945105548686399, 0.0, 0.21624236519581486, 0.0]","[85, 117, 183, 133, 74, 90, 92]","[90.98867797851562, 135.09156799316406, 178.65017700195312, 149.8142547607422, 79.13081359863281, 74.33700561523438, 92.26116180419922]"
2014-03-21,2014-03-27,4386.0,14634,8555.0,"[10, 16, 14, 7, 8, 6, 8]","[10, 11, 8, 5, 4, 7, 6]","[0.1107880892385118, 0.21344587293308803, 0.0888061030768402, 0.08869616490668497, 0.16959327015175574, 0.12970934209276547, 0.10462227443488062]","[117, 183, 133, 74, 90, 92, 105]","[131.0854949951172, 175.137939453125, 142.08346557617188, 80.30123901367188, 74.00184631347656, 87.74266052246094, 92.30999755859375]"
2014-03-22,2014-03-28,4652.0,14618,8600.0,"[13, 12, 7, 7, 10, 7, 16]","[10, 10, 5, 5, 4, 8, 6]","[0.08892549639006134, 0.08844327888198278, 0.12222086289719739, 0.0893751966346584, 0.08870169105510942, 0.21745911424647843, 0.16033977607879313]","[183, 133, 74, 90, 92, 105, 134]","[174.24029541015625, 143.4095001220703, 80.7521743774414, 74.62675476074219, 88.19105529785156, 97.13475799560547, 142.2915802001953]"
2014-03-23,2014-03-29,4529.0,13984,8845.0,"[6, 5, 8, 8, 5, 14, 13]","[14, 5, 3, 6, 10, 9, 12]","[0.03809368992498102, 0.08826109236054272, 0.12813492522392994, 0.03317415972776046, 0.03146683674635804, 0.13723304086525512, 0.08819542677286246]","[133, 74, 90, 92, 105, 134, 192]","[132.92604064941406, 66.13815307617188, 73.06632995605469, 88.51897430419922, 97.49211883544922, 145.408935546875, 175.61737060546875]"
2014-03-24,2014-03-30,4689.0,14032,8515.0,"[9, 6, 6, 10, 14, 16, 12]","[3, 5, 7, 5, 8, 9, 8]","[0.13881749336361546, 0.15667787710358494, 0.022896161996911503, 0.13272612646968474, 0.0889130881190793, 0.08980583925416877, 0.03302919693421152]","[74, 90, 92, 105, 134, 192, 134]","[74.08430480957031, 73.57772827148438, 86.66661071777344, 95.33479309082031, 139.81320190429688, 171.9272918701172, 130.66683959960938]"
2014-03-25,2014-03-31,4728.0,14191,8185.0,"[12, 7, 16, 19, 20, 8, 10]","[0, 6, 0, 4, 8, 11, 0]","[0.016104517514484197, 0.0, 0.0, 0.026022791173965273, 0.025873478864476183, 0.3, 0.2997975650787803]","[90, 92, 105, 134, 192, 134, 97]","[74.5254135131836, 86.14730834960938, 94.86189270019531, 141.92642211914062, 177.09828186035156, 135.26370239257812, 61.91694641113281]"
2014-03-26,2014-04-01,4487.0,14688,8815.0,"[10, 9, 11, 9, 12, 6, 6]","[4, 6, 10, 18, 8, 4, 9]","[0.1343006188425742, 0.21870580929233052, 0.05754933761679762, 0.0883696519319952, 0.10043827459129273, 0.08988861707760784, 0.17474651517401785]","[92, 105, 134, 192, 134, 97, 76]","[87.05752563476562, 97.56907653808594, 136.1999969482422, 180.78515625, 135.66970825195312, 64.97357177734375, 79.21475219726562]"
2014-03-27,2014-04-02,4794.0,13196,8345.0,"[0, 15, 19, 18, 0, 11, 10]","[14, 7, 9, 4, 7, 2, 3]","[0.0, 0.01603673137354526, 0.01702379342536683, 0.0, 0.0, 0.08910770309690484, 0.0032308622671872087]","[105, 134, 192, 134, 97, 76, 89]","[97.38922119140625, 140.67396545410156, 176.55929565429688, 137.0480194091797, 58.72941589355469, 78.97795104980469, 85.01897430419922]"
2014-03-28,2014-04-03,4708.0,13479,8605.0,"[12, 20, 1, 9, 6, 14, 15]","[11, 7, 19, 1, 7, 1, 0]","[0.02517414942153433, 0.029724681090616142, 0.01558161214113486, 0.15573958472144817, 0.03873881399426384, 0.0, 0.019922769848940418]","[134, 192, 134, 97, 76, 89, 84]","[146.2584686279297, 170.91542053222656, 140.3771209716797, 61.18889236450195, 81.59626007080078, 88.26253509521484, 96.89922332763672]"
2014-03-29,2014-04-04,4244.0,13661,8345.0,"[12, 11, 5, 6, 8, 7, 9]","[14, 11, 5, 6, 5, 7, 8]","[0.121705994007109, 0.08788403004914172, 0.12401286813715906, 0.08940137512383407, 0.08947696835761049, 0.08928732362166293, 0.12306238770350858]","[192, 134, 97, 76, 89, 84, 107]","[180.87033081054688, 143.28843688964844, 66.31253051757812, 80.31745147705078, 85.58767700195312, 92.50643920898438, 119.02017211914062]"
2014-03-30,2014-04-05,3812.0,13909,8840.0,"[11, 8, 7, 8, 4, 7, 13]","[11, 2, 7, 5, 11, 10, 14]","[0.08839207182926766, 0.03897496470702797, 0.15930673128348155, 0.017677237009072214, 0.16991738478714014, 0.08735604608201039, 0.16373766327013128]","[134, 97, 76, 89, 84, 107, 182]","[143.97975158691406, 64.58037567138672, 81.19198608398438, 87.57209777832031, 97.43484497070312, 118.5792236328125, 197.50341796875]"
2014-03-31,2014-04-06,4239.0,14272,8560.0,"[10, 12, 15, 15, 20, 19, 16]","[0, 1, 0, 0, 0, 12, 6]","[0.08849799434840812, 0.3, 0.0, 0.024766036155262718, 0.2998677583077298, 0.032664922939117325, 0.08832322711317855]","[97, 76, 89, 84, 107, 182, 146]","[60.16677474975586, 81.3416748046875, 88.91181182861328, 95.6426773071289, 119.52761840820312, 199.33470153808594, 139.6616973876953]"
2014-04-01,2014-04-07,4212.0,14008,8990.0,"[5, 0, 13, 20, 11, 20, 13]","[7, 13, 3, 0, 19, 4, 0]","[0.3, 0.0, 0.0, 0.0, 0.03508932190042368, 0.02750305922037221, 0.21979343473947255]","[76, 89, 84, 107, 182, 146, 76]","[81.0468521118164, 90.4275131225586, 97.31160736083984, 122.20204162597656, 201.43418884277344, 146.0362548828125, 76.05783081054688]"
2014-04-02,2014-04-08,4025.0,15177,8610.0,"[15, 17, 0, 20, 20, 12, 15]","[0, 0, 17, 11, 2, 0, 0]","[0.021165885508864973, 0.3, 0.3, 0.0, 0.3, 0.2063493642298923, 0.038668042193385925]","[89, 84, 107, 182, 146, 76, 83]","[90.12413787841797, 98.74390411376953, 123.03599548339844, 197.8985595703125, 141.09385681152344, 73.6438217163086, 89.46305084228516]"
2014-04-03,2014-04-09,4468.0,14080,8900.0,"[7, 12, 13, 14, 8, 12, 5]","[8, 8, 16, 8, 4, 2, 8]","[0.08827810060733923, 0.11332684688001417, 0.03813314553291825, 0.11653881707962126, 0.08935444878059465, 0.017957860179624793, 0.08972184294896302]","[84, 107, 182, 146, 76, 83, 83]","[99.24272155761719, 125.71694946289062, 200.78102111816406, 146.44822692871094, 73.88154602050781, 88.55220031738281, 85.66287994384766]"
2014-04-04,2014-04-10,4224.0,13860,8800.0,"[9, 20, 17, 6, 14, 0, 0]","[10, 11, 6, 5, 0, 12, 12]","[0.2162972214432759, 0.036055674455290884, 0.15555513105860558, 0.0, 0.0, 0.0, 0.0017232290801435424]","[107, 182, 146, 76, 83, 83, 85]","[121.75051879882812, 200.48977661132812, 146.46829223632812, 71.8261489868164, 85.29830169677734, 82.05059814453125, 86.59617614746094]"
2014-04-05,2014-04-11,4682.0,14466,8890.0,"[16, 9, 6, 3, 8, 10, 11]","[14, 13, 5, 10, 5, 3, 9]","[0.08738525574972345, 0.05615465025768686, 0.08743482123579016, 0.15779734442042123, 0.023028560696477976, 0.12009316882863033, 0.08801193552269759]","[182, 146, 76, 83, 83, 85, 124]","[194.3592071533203, 140.8307342529297, 71.30195617675781, 87.36518859863281, 80.98667907714844, 84.38536834716797, 135.4311981201172]"
2014-04-06,2014-04-12,4436.0,13171,8430.0,"[14, 11, 15, 0, 13, 17, 20]","[7, 1, 0, 11, 0, 5, 7]","[0.01748976093707492, 0.026910650464499086, 0.002588724389833536, 0.000614210599572051, 0.2158676808011627, 0.01844220377724136, 0.0]","[146, 76, 83, 83, 85, 124, 192]","[134.7913055419922, 73.74390411376953, 88.22164916992188, 78.46515655517578, 85.5835189819336, 137.63247680664062, 169.30393981933594]"
2014-04-07,2014-04-13,4357.0,14576,9110.0,"[6, 6, 6, 3, 12, 13, 14]","[6, 6, 7, 9, 9, 15, 9]","[0.16461120342366006, 0.0880569543569008, 0.08882968223102727, 0.15457761280962085, 0.18021950965114392, 0.03205968645646051, 0.08772270463617296]","[76, 83, 83, 85, 124, 192, 137]","[75.57913970947266, 80.11373901367188, 82.34204864501953, 86.56476593017578, 133.75901794433594, 184.55340576171875, 146.11404418945312]"
2014-04-08,2014-04-14,4646.0,14144,8995.0,"[5, 5, 14, 7, 20, 20, 6]","[8, 7, 0, 12, 9, 5, 8]","[0.0, 0.3, 0.0, 0.0, 0.03179918824550969, 0.017911442173732722, 0.026663853778629548]","[83, 83, 85, 124, 192, 137, 90]","[84.50482940673828, 81.17679595947266, 83.6875991821289, 129.31141662597656, 183.69583129882812, 158.46971130371094, 94.0058364868164]"
2014-04-09,2014-04-15,4649.0,15428,9120.0,"[9, 12, 15, 8, 8, 15, 5]","[4, 2, 6, 20, 16, 0, 8]","[0.3, 0.10628779397380067, 0.21534927070655557, 0.035442137749731005, 0.08773125928480632, 0.005336289181178941, 0.22034960884594348]","[83, 85, 124, 192, 137, 90, 108]","[81.45735168457031, 86.24569702148438, 134.1812744140625, 184.4156951904297, 160.074951171875, 93.47205352783203, 88.84207916259766]"
2014-04-10,2014-04-16,4516.0,15576,9155.0,"[7, 10, 15, 16, 9, 6, 8]","[6, 11, 13, 9, 5, 7, 6]","[0.14991029180294974, 0.15936311444071377, 0.032237465718882995, 0.20841750478754478, 0.11033859436003486, 0.1680824144054699, 0.21339052170755482]","[85, 124, 192, 137, 90, 108, 101]","[81.80072784423828, 134.561767578125, 179.07498168945312, 157.77401733398438, 89.17731475830078, 85.42848205566406, 94.41450500488281]"
2014-04-11,2014-04-17,4909.0,14430,8970.0,"[19, 6, 17, 15, 14, 9, 17]","[2, 20, 7, 0, 0, 6, 0]","[0.0, 0.0, 0.02648508864211885, 0.3, 0.0, 0.0, 0.0]","[124, 192, 137, 90, 108, 101, 123]","[130.28640747070312, 179.2965850830078, 154.76425170898438, 88.32144165039062, 86.9298324584961, 99.4785385131836, 100.47969055175781]"
2014-04-12,2014-04-18,4751.0,14990,8480.0,"[9, 18, 14, 14, 15, 16, 20]","[16, 6, 0, 0, 0, 0, 0]","[0.0, 0.02695842953744855, 0.3, 0.3, 0.3, 0.02974133201574222, 0.0]","[192, 137, 90, 108, 101, 123, 187]","[163.9567413330078, 147.3494415283203, 83.01764678955078, 81.80290985107422, 90.80500793457031, 93.84078979492188, 122.18193054199219]"
2014-04-13,2014-04-19,5223.0,16293,10340.0,"[20, 19, 18, 14, 7, 17, 20]","[6, 0, 0, 2, 9, 4, 14]","[0.0, 0.0, 0.3, 0.0, 0.03265075232679691, 0.08813745711950083, 0.029986746300068756]","[137, 90, 108, 101, 123, 187, 221]","[164.9873046875, 94.3176040649414, 91.34835052490234, 101.12646484375, 105.08441925048828, 128.39797973632812, 219.55825805664062]"
2014-04-14,2014-04-20,3145.0,12718,9285.0,"[0, 8, 17, 4, 3, 20, 13]","[13, 5, 0, 10, 15, 15, 2]","[0.16087210165858506, 0.0, 0.0, 0.0, 0.030744501025964998, 0.034912158223029996, 0.2151125363444861]","[90, 108, 101, 123, 187, 221, 0]","[92.60735321044922, 85.94624328613281, 100.04032135009766, 96.82813262939453, 123.97173309326172, 223.7116241455078, 91.95454406738281]"
2014-04-15,2014-04-21,3442.0,12889,9160.0,"[2, 13, 2, 18, 18, 14, 20]","[11, 3, 13, 3, 15, 0, 0]","[0.0, 0.01993844765722439, 0.0, 0.015005537388638067, 0.0, 0.0, 0.16550058959705097]","[108, 101, 123, 187, 221, 0, 95]","[88.16143798828125, 99.51174926757812, 100.9705810546875, 128.9969940185547, 215.88731384277344, 86.36160278320312, 118.58565521240234]"
2014-04-16,2014-04-22,3373.0,14104,9385.0,"[4, 4, 11, 18, 12, 8, 10]","[11, 11, 9, 14, 2, 9, 6]","[0.08916576443952895, 0.1675551872525713, 0.10431431767740568, 0.08976246138762219, 0.15086338644444572, 0.0888819182493488, 0.21567854651964022]","[101, 123, 187, 221, 0, 95, 95]","[100.25659942626953, 103.87686920166016, 127.0638656616211, 211.02235412597656, 87.24723052978516, 110.31017303466797, 102.09143829345703]"
2014-04-17,2014-04-23,3568.0,14418,9310.0,"[20, 20, 20, 15, 20, 16, 1]","[0, 2, 14, 0, 0, 0, 12]","[0.0, 0.3, 0.035115244241979454, 0.3, 0.03663162999585389, 0.0, 0.3]","[123, 187, 221, 0, 95, 95, 89]","[106.71629333496094, 132.22317504882812, 217.8816680908203, 88.41259002685547, 109.11727905273438, 98.77548217773438, 92.90809631347656]"
2014-04-18,2014-04-24,3388.0,13162,9140.0,"[11, 16, 14, 5, 5, 16, 16]","[9, 17, 0, 12, 10, 0, 0]","[3.620289072934944e-05, 0.03205846009995308, 0.0, 0.017076995509936025, 0.034127699534162614, 0.3, 0.0]","[187, 221, 0, 95, 95, 89, 117]","[129.95272827148438, 218.1246795654297, 83.79569244384766, 114.54570770263672, 101.881591796875, 94.3755111694336, 97.35369110107422]"
2014-04-19,2014-04-25,2817.0,14586,9310.0,"[14, 3, 0, 17, 14, 17, 20]","[20, 10, 16, 0, 2, 0, 0]","[0.3, 0.3, 0.028974042751438462, 0.10943523427283154, 0.027458810904343434, 0.3, 0.0]","[221, 0, 95, 95, 89, 117, 127]","[223.78135681152344, 87.84957885742188, 114.4913558959961, 99.93498229980469, 97.7516860961914, 103.82302856445312, 159.32208251953125]"
2014-04-20,2014-04-26,1940.0,12527,10275.0,"[8, 5, 1, 11, 11, 11, 16]","[5, 12, 14, 5, 5, 14, 17]","[0.1384984265985649, 0.030844522739516975, 0.1583789613875562, 0.0, 0.0, 0.0, 0.025755388896758682]","[0, 95, 95, 89, 117, 127, 196]","[82.90724182128906, 116.66053009033203, 103.12220001220703, 96.33383178710938, 99.99137878417969, 163.42654418945312, 218.85763549804688]"
2014-04-21,2014-04-27,4460.0,14803,9430.0,"[6, 13, 5, 16, 12, 12, 19]","[10, 0, 8, 0, 10, 20, 0]","[0.018422316923848422, 0.0, 0.08795579995283355, 0.0, 0.3, 0.021538258455763067, 0.034551589071302916]","[95, 95, 89, 117, 127, 196, 127]","[103.6915512084961, 79.4471664428711, 87.92032623291016, 98.51306915283203, 144.0309600830078, 216.3839569091797, 107.3453369140625]"
2014-04-22,2014-04-28,4216.0,14519,9705.0,"[7, 15, 13, 20, 20, 0, 0]","[8, 1, 4, 6, 14, 15, 12]","[0.3, 0.02465058960886419, 0.0, 0.02546497116183736, 0.0, 0.02603775985751242, 0.028756768078610086]","[95, 89, 117, 127, 196, 127, 79]","[100.74820709228516, 97.54177856445312, 103.43177032470703, 162.53611755371094, 215.740234375, 110.78987121582031, 87.43768310546875]"
2014-04-23,2014-04-29,3831.0,15119,9190.0,"[8, 6, 16, 18, 11, 11, 9]","[7, 9, 9, 15, 6, 3, 3]","[0.08900117865095311, 0.13400707169265624, 0.20804702766837307, 0.16970960467830887, 0.17201815471015452, 0.1587355233724873, 0.17152703272637054]","[89, 117, 127, 196, 127, 79, 61]","[93.39862060546875, 97.7920913696289, 161.8579559326172, 214.16693115234375, 110.31733703613281, 88.23326110839844, 78.04291534423828]"
2014-04-24,2014-04-30,4012.0,13020,8835.0,"[6, 17, 19, 18, 4, 12, 3]","[9, 8, 14, 1, 9, 1, 6]","[0.0, 0.0, 0.03298038153336821, 0.033319017297361704, 0.0, 0.0, 0.1581856842117531]","[117, 127, 196, 127, 79, 61, 83]","[99.03509521484375, 161.07205200195312, 215.19664001464844, 113.73872375488281, 87.80936431884766, 78.27742767333984, 63.0758056640625]"
2014-04-25,2014-05-01,3702.0,13092,8850.0,"[20, 20, 14, 12, 14, 13, 12]","[4, 14, 4, 2, 0, 0, 4]","[0.0, 0.0, 0.019968251346982817, 0.0, 0.0, 0.3, 0.0]","[127, 196, 127, 79, 61, 83, 83]","[149.53382873535156, 220.4333038330078, 115.92263793945312, 87.30670928955078, 84.3874282836914, 76.48120880126953, 103.03577423095703]"
2014-04-26,2014-05-02,3876.0,13742,8340.0,"[20, 20, 15, 11, 11, 16, 20]","[13, 0, 0, 2, 0, 0, 0]","[0.020476090821751322, 0.0, 0.28352770643067127, 0.0, 0.3, 0.3, 0.0]","[196, 127, 79, 61, 83, 83, 116]","[213.55203247070312, 113.02680206298828, 89.4546890258789, 80.5989990234375, 64.28895568847656, 96.48336029052734, 131.86209106445312]"
2014-04-27,2014-05-03,3224.0,12897,8555.0,"[9, 8, 8, 2, 10, 8, 17]","[8, 5, 4, 7, 6, 12, 11]","[0.08999989900745112, 0.15388331153296364, 0.03439472006457193, 0.171450933245675, 0.07905301147229751, 0.08798725318484679, 0.13182188182996746]","[127, 79, 61, 83, 83, 116, 169]","[109.37703704833984, 86.94194030761719, 75.9056625366211, 60.84067153930664, 100.3325424194336, 132.5546417236328, 199.34329223632812]"
2014-04-28,2014-05-04,2941.0,13384,8705.0,"[9, 13, 10, 16, 13, 20, 6]","[5, 0, 0, 0, 8, 10, 13]","[0.3, 0.0, 0.0, 0.2046004215938813, 0.3, 0.03146390964323776, 0.0]","[79, 61, 83, 83, 116, 169, 121]","[88.70000457763672, 79.22962951660156, 62.39554214477539, 98.06744384765625, 134.69308471679688, 191.4149169921875, 128.4805450439453]"
2014-04-29,2014-05-05,2981.0,13143,8960.0,"[12, 0, 10, 6, 20, 12, 16]","[0, 10, 6, 13, 13, 8, 0]","[0.0, 0.2177742480512908, 0.03128174047761206, 0.3, 0.03581637661446326, 0.02930970703136011, 0.08930850837326898]","[61, 83, 83, 116, 169, 121, 66]","[77.40259552001953, 70.33914947509766, 102.73306274414062, 131.53387451171875, 208.6323699951172, 128.53964233398438, 96.05584716796875]"
2014-04-30,2014-05-06,3205.0,12026,8585.0,"[9, 15, 0, 14, 12, 15, 12]","[1, 1, 19, 16, 8, 0, 1]","[0.1353308484442672, 0.0, 0.0, 0.02238054210548102, 0.0, 0.021607660557287637, 0.08994809262873049]","[83, 83, 116, 169, 121, 66, 63]","[58.491004943847656, 97.41305541992188, 133.26480102539062, 197.97642517089844, 127.7398910522461, 89.33008575439453, 79.4942855834961]"
2014-05-01,2014-05-07,3246.0,13367,8690.0,"[10, 12, 12, 8, 3, 9, 9]","[5, 7, 19, 11, 10, 3, 3]","[0.019378483477947933, 0.21748460816488016, 0.08960863450895407, 0.1785918032726224, 0.08825758280562722, 0.16760321914620588, 0.1381818197593814]","[83, 116, 169, 121, 66, 63, 68]","[98.2317886352539, 126.45507049560547, 205.67889404296875, 128.32066345214844, 91.33331298828125, 78.32630920410156, 78.20541381835938]"
2014-05-02,2014-05-08,3327.0,13171,8710.0,"[7, 15, 11, 11, 7, 7, 11]","[11, 15, 8, 3, 6, 5, 5]","[0.15916090244976686, 0.08854699693291736, 0.13866792654753926, 0.0891611429012665, 0.08815352647214074, 0.16227702588092524, 0.0188958127773192]","[116, 169, 121, 66, 63, 68, 85]","[124.62415313720703, 192.34121704101562, 125.50792694091797, 88.94979858398438, 82.68223571777344, 79.45606994628906, 100.19257354736328]"
2014-05-03,2014-05-09,2941.0,12190,9015.0,"[20, 11, 6, 11, 14, 17, 11]","[12, 9, 8, 2, 0, 0, 9]","[0.023766869772261785, 0.08917574375728611, 0.028339919901820408, 0.0, 0.070697847718326, 0.0, 0.0]","[169, 121, 66, 63, 68, 85, 113]","[202.6743927001953, 131.79681396484375, 93.69210052490234, 81.43608093261719, 83.85411071777344, 98.93302917480469, 127.61921691894531]"
2014-05-04,2014-05-10,3248.0,13067,8665.0,"[14, 8, 0, 13, 7, 13, 12]","[5, 6, 12, 0, 7, 7, 14]","[0.018565553005319296, 0.3, 0.017889582046765964, 0.3, 0.13216581243306447, 0.028886474312296677, 0.023546971432483643]","[121, 66, 63, 68, 85, 113, 173]","[121.8462142944336, 89.6614761352539, 83.46149444580078, 79.65682220458984, 95.38130950927734, 130.3329315185547, 174.3974609375]"
2014-05-05,2014-05-11,3296.0,13071,8570.0,"[3, 7, 3, 8, 16, 13, 9]","[10, 5, 8, 7, 4, 12, 10]","[0.2109445146166011, 0.08793045744546725, 0.13483962959051457, 0.11544401673740046, 0.08727181840758247, 0.08919031183088308, 0.1364823584320284]","[66, 63, 68, 85, 113, 173, 142]","[91.20264434814453, 76.60968780517578, 77.15943145751953, 98.15668487548828, 125.78997802734375, 173.42710876464844, 126.26017761230469]"
2014-05-06,2014-05-12,3787.0,12287,8250.0,"[12, 7, 13, 9, 20, 7, 16]","[0, 5, 2, 9, 7, 12, 0]","[0.0, 0.0, 0.0, 0.020551838913171253, 0.0, 0.03304184652126031, 0.15845970817138305]","[63, 68, 85, 113, 173, 142, 72]","[73.6755599975586, 76.28245544433594, 92.84892272949219, 118.89934539794922, 170.51226806640625, 124.54249572753906, 96.46531677246094]"
2014-05-07,2014-05-13,3845.0,13494,8170.0,"[8, 0, 14, 5, 10, 16, 13]","[3, 12, 5, 20, 9, 0, 0]","[0.08874505475674768, 0.0, 0.02159465684538527, 0.0, 0.3, 0.033137417333188174, 0.3]","[68, 85, 113, 173, 142, 72, 75]","[69.33192443847656, 87.89925384521484, 120.31390380859375, 172.01585388183594, 124.79896545410156, 95.29090118408203, 79.98584747314453]"
2014-05-08,2014-05-14,3945.0,12805,8855.0,"[8, 7, 20, 10, 6, 15, 15]","[6, 12, 8, 10, 9, 0, 1]","[0.024828682361860244, 0.026883639208090372, 0.0, 0.018176972275700233, 0.0, 0.02021636196814029, 0.01954505242188914]","[85, 113, 173, 142, 72, 75, 77]","[90.54243469238281, 125.55359649658203, 176.271240234375, 129.18179321289062, 97.17601776123047, 89.21935272216797, 96.17244720458984]"
2014-05-09,2014-05-15,3850.0,13491,8450.0,"[5, 16, 9, 5, 8, 10, 10]","[13, 7, 10, 9, 5, 4, 6]","[0.12049596056721076, 0.039255760502492666, 0.1032198253144044, 0.15498283344626584, 0.21870233016870827, 0.08726205148034748, 0.08968804696065333]","[113, 173, 142, 72, 75, 77, 100]","[119.632568359375, 169.00950622558594, 123.92207336425781, 92.57301330566406, 79.92066955566406, 88.57119750976562, 100.56307983398438]"
2014-05-10,2014-05-16,3730.0,14466,8745.0,"[11, 0, 13, 5, 0, 13, 19]","[15, 18, 2, 8, 13, 3, 0]","[0.0, 0.034146600438618516, 0.3, 0.01842095071823096, 0.02376224224731965, 0.29747923151599875, 0.3]","[173, 142, 72, 75, 77, 100, 117]","[174.2422332763672, 125.50700378417969, 94.40375518798828, 84.32215118408203, 93.45439910888672, 101.27913665771484, 130.13548278808594]"
2014-05-11,2014-05-17,3644.0,12668,9025.0,"[15, 0, 11, 15, 6, 7, 20]","[5, 13, 2, 0, 9, 12, 9]","[0.0, 0.0, 0.03158846201594596, 0.0, 0.0, 0.0, 0.024460353087267562]","[142, 72, 75, 77, 100, 117, 166]","[124.34823608398438, 93.05783081054688, 79.83543395996094, 89.11842346191406, 96.12297821044922, 126.50718688964844, 183.08395385742188]"
2014-05-12,2014-05-18,3128.0,14050,9770.0,"[17, 15, 7, 20, 19, 13, 20]","[0, 0, 8, 0, 3, 16, 4]","[0.3, 0.3, 0.02036670293307411, 0.0, 0.0222940576066599, 0.019955386381754817, 0.08797979019995762]","[72, 75, 77, 100, 117, 166, 131]","[101.16283416748047, 91.49591064453125, 97.68209838867188, 103.13801574707031, 137.37710571289062, 188.59934997558594, 146.31295776367188]"
2014-05-13,2014-05-19,3597.0,14446,9145.0,"[7, 10, 6, 12, 12, 8, 9]","[6, 4, 9, 9, 16, 14, 3]","[0.20862951076419647, 0.08846735970469777, 0.12489678800203641, 0.08064326377523597, 0.15098143721485047, 0.21366295835482485, 0.0314746265166525]","[75, 77, 100, 117, 166, 131, 87]","[85.20063781738281, 88.19144439697266, 96.5736312866211, 132.40025329589844, 186.2987518310547, 146.2222442626953, 73.93940734863281]"
2014-05-14,2014-05-20,4066.0,13643,8570.0,"[9, 0, 20, 19, 17, 13, 11]","[5, 14, 0, 10, 6, 0, 2]","[0.21640493928610943, 0.0, 0.0, 0.0, 0.0, 0.13043063131078653, 0.3]","[77, 100, 117, 166, 131, 87, 86]","[86.79743957519531, 97.78473663330078, 126.76030731201172, 182.54974365234375, 142.1062469482422, 79.79270935058594, 80.44842529296875]"
2014-05-15,2014-05-21,4359.0,14792,8365.0,"[11, 15, 20, 20, 11, 5, 8]","[4, 4, 9, 2, 1, 8, 5]","[0.3, 0.1621012908254467, 0.1671681652051993, 0.03038541081971538, 0.0, 0.0, 0.3]","[100, 117, 166, 131, 87, 86, 97]","[93.12162017822266, 119.37773895263672, 179.52813720703125, 142.88453674316406, 76.24701690673828, 85.51577758789062, 84.80615997314453]"
2014-05-16,2014-05-22,4455.0,14233,8650.0,"[15, 8, 0, 8, 13, 14, 17]","[5, 19, 20, 4, 0, 0, 0]","[0.02919187681998587, 0.021902437848760538, 0.03916000022634561, 0.2879223781817666, 0.014978827802203703, 0.0, 0.3]","[117, 166, 131, 87, 86, 97, 99]","[125.90830993652344, 181.123291015625, 144.1384735107422, 79.32096099853516, 80.96329498291016, 83.88217163085938, 99.04930114746094]"
2014-05-17,2014-05-23,4547.0,14515,9035.0,"[20, 10, 0, 12, 4, 16, 1]","[8, 11, 11, 2, 9, 0, 19]","[0.026789045130695202, 0.021595127101375955, 0.3, 0.015825038542265305, 0.25373500055478027, 0.0, 0.016916184783903235]","[166, 131, 87, 86, 97, 99, 128]","[180.40858459472656, 142.13327026367188, 79.41397857666016, 85.70284271240234, 85.78021240234375, 99.15641784667969, 138.8887939453125]"
2014-05-18,2014-05-24,4657.0,16228,10200.0,"[20, 7, 15, 15, 17, 7, 20]","[2, 6, 0, 0, 0, 14, 20]","[0.3, 0.0, 0.29999952314502915, 0.0, 0.0, 0.0, 0.0]","[131, 87, 86, 97, 99, 128, 691]","[139.16432189941406, 87.85023498535156, 88.6051254272461, 88.91363525390625, 100.41114044189453, 140.3353271484375, 545.166259765625]"
2014-05-19,2014-05-25,5759.0,17052,11540.0,"[0, 0, 13, 0, 20, 20, 20]","[11, 11, 1, 14, 0, 20, 20]","[0.0, 0.0, 0.020028427319444618, 0.033719391708588516, 0.0, 0.02699188809910949, 0.0]","[87, 86, 97, 99, 128, 691, 563]","[78.67306518554688, 79.80101013183594, 82.43057250976562, 96.28455352783203, 136.84010314941406, 520.5322265625, 508.77752685546875]"
2014-05-20,2014-05-26,6487.0,21828,14300.0,"[0, 14, 10, 15, 20, 20, 20]","[20, 0, 5, 7, 20, 20, 20]","[0.0, 0.3, 0.01959204309072801, 0.3, 0.018124723448203657, 0.0, 0.03042206277036583]","[86, 97, 99, 128, 691, 563, 530]","[84.20697021484375, 84.57292938232422, 96.19915008544922, 137.3446044921875, 519.0224609375, 502.0382995605469, 486.5388488769531]"
2014-05-21,2014-05-27,6301.0,22346,13770.0,"[11, 8, 0, 20, 20, 20, 19]","[3, 7, 20, 20, 20, 20, 0]","[0.0, 0.3, 0.0, 0.0, 0.3, 0.03359846764200169, 0.16828036273521566]","[97, 99, 128, 691, 563, 530, 69]","[84.75184631347656, 96.95117950439453, 137.45213317871094, 516.2301635742188, 506.8270568847656, 490.8018493652344, 112.48444366455078]"
2014-05-22,2014-05-28,7306.0,20454,13090.0,"[20, 20, 20, 20, 20, 0, 11]","[0, 0, 20, 20, 20, 16, 0]","[0.0, 0.0, 0.015574653782211935, 0.031198565744033034, 0.032681151723010685, 0.0, 0.3]","[99, 128, 691, 563, 530, 69, 91]","[100.16766357421875, 137.94741821289062, 512.7962036132812, 503.93939208984375, 494.15118408203125, 111.67886352539062, 66.79337310791016]"
2014-05-23,2014-05-29,5679.0,17234,11320.0,"[20, 20, 20, 0, 0, 11, 0]","[0, 20, 20, 20, 15, 0, 10]","[0.0, 0.0, 0.0, 0.0, 0.01649424034339257, 0.0, 0.3]","[128, 691, 563, 530, 69, 91, 76]","[136.53797912597656, 520.8546142578125, 500.96112060546875, 498.5350341796875, 107.85950469970703, 67.03597259521484, 73.51333618164062]"
2014-05-24,2014-05-30,6690.0,19208,12360.0,"[20, 20, 20, 0, 10, 12, 20]","[20, 20, 20, 14, 0, 0, 0]","[0.0, 0.0, 0.026656517783306653, 0.02057879990211726, 0.018528446504560758, 0.3, 0.027892246398774335]","[691, 563, 530, 69, 91, 76, 95]","[503.36566162109375, 504.5906982421875, 516.44873046875, 98.18274688720703, 61.80677795410156, 74.25983428955078, 103.97767639160156]"
2014-05-25,2014-05-31,4970.0,17930,11645.0,"[20, 20, 20, 11, 12, 20, 20]","[20, 20, 0, 0, 0, 0, 7]","[0.0, 0.0, 0.3, 0.0, 0.0, 0.0, 0.3]","[563, 530, 69, 91, 76, 95, 154]","[558.6118774414062, 545.97314453125, 107.05619812011719, 67.23848724365234, 75.13848876953125, 104.00949096679688, 169.10202026367188]"
2014-05-26,2014-06-01,4070.0,15319,10485.0,"[20, 16, 13, 2, 0, 18, 0]","[20, 0, 0, 10, 15, 7, 20]","[0.0, 0.0, 0.0362356652662829, 0.08943311224704718, 0.0, 0.0, 0.3]","[530, 69, 91, 76, 95, 154, 115]","[578.6106567382812, 99.1164321899414, 77.25115203857422, 82.95556640625, 109.46675872802734, 155.21324157714844, 137.91326904296875]"
2014-05-27,2014-06-02,2646.0,11784,8570.0,"[9, 0, 13, 18, 20, 16, 7]","[7, 9, 0, 0, 7, 7, 9]","[0.29979399349851105, 0.026854207081224175, 0.0, 0.0, 0.02742039056224533, 0.023857090408084092, 0.03391801878081277]","[69, 91, 76, 95, 154, 115, 73]","[105.80934143066406, 66.82666015625, 76.94110107421875, 105.20750427246094, 168.47779846191406, 147.09127807617188, 104.88819122314453]"
2014-05-28,2014-06-03,2871.0,12302,8060.0,"[5, 6, 13, 13, 13, 7, 9]","[4, 5, 3, 13, 10, 10, 2]","[0.11736511244710666, 0.21863409494993183, 0.034052206846913846, 0.08927455711209115, 0.12712096950953994, 0.17235657444112068, 0.20618460232931182]","[91, 76, 95, 154, 115, 73, 88]","[58.289031982421875, 69.81694030761719, 102.49315643310547, 170.5493927001953, 150.6730499267578, 112.14585876464844, 66.97219848632812]"
2014-05-29,2014-06-04,3063.0,11990,8030.0,"[0, 19, 20, 14, 9, 11, 0]","[12, 0, 4, 7, 7, 1, 11]","[0.3, 0.0, 0.0, 0.0, 0.21136128697922496, 0.02015051189580837, 0.0]","[76, 95, 154, 115, 73, 88, 85]","[84.81163024902344, 112.9195327758789, 149.50814819335938, 132.56968688964844, 103.6373519897461, 73.38436126708984, 80.55165100097656]"
2014-05-30,2014-06-05,3522.0,13067,8055.0,"[14, 11, 14, 9, 5, 8, 11]","[4, 12, 7, 7, 6, 5, 2]","[0.03532645623671423, 0.2136150455682878, 0.0899187592304807, 0.02858142639735208, 0.119443107946984, 0.17363855078792506, 0.2072221256670831]","[95, 154, 115, 73, 88, 85, 83]","[110.46743774414062, 153.66879272460938, 131.66526794433594, 102.33767700195312, 74.24445343017578, 82.88888549804688, 82.7292251586914]"
2014-05-31,2014-06-06,3172.0,12623,8510.0,"[9, 15, 3, 7, 8, 3, 4]","[16, 8, 12, 4, 5, 9, 11]","[0.08725881275735078, 0.1199652168596593, 0.17104371160713405, 0.025378476160611497, 0.017035401061548223, 0.031056710268850776, 0.17810292083659507]","[154, 115, 73, 88, 85, 83, 92]","[169.97381591796875, 147.20257568359375, 108.36183166503906, 71.00193786621094, 83.57294464111328, 80.896240234375, 103.02934265136719]"
2014-06-01,2014-06-07,2573.0,12591,8695.0,"[12, 10, 6, 12, 11, 4, 9]","[12, 7, 5, 1, 2, 12, 15]","[0.0886388198272254, 0.08840914279293857, 0.21098142303377282, 0.13077012718953235, 0.1498116730180678, 0.08958955743024251, 0.13465544221081005]","[115, 73, 88, 85, 83, 92, 141]","[155.23072814941406, 110.91827392578125, 70.90966033935547, 83.39747619628906, 82.33501434326172, 107.34119415283203, 162.91165161132812]"
2014-06-02,2014-06-08,3375.0,12472,7805.0,"[10, 7, 5, 4, 9, 16, 14]","[6, 4, 7, 8, 7, 7, 4]","[0.08805174022087206, 0.1535106744939739, 0.08802681673049034, 0.17712647328579395, 0.1116753277310003, 0.15935411039054298, 0.03293391489927695]","[73, 88, 85, 83, 92, 141, 116]","[101.01371765136719, 72.65432739257812, 80.0317611694336, 77.92860412597656, 102.5278091430664, 148.22557067871094, 111.88804626464844]"
2014-06-03,2014-06-09,3616.0,12760,7060.0,"[5, 12, 9, 16, 10, 19, 9]","[6, 0, 3, 0, 11, 0, 4]","[0.025414331450124998, 0.3, 0.3, 0.02000911406881827, 0.3, 0.020923095496768282, 0.0]","[88, 85, 83, 92, 141, 116, 72]","[69.63273620605469, 75.29537963867188, 75.20337677001953, 97.43408203125, 141.6711883544922, 116.48130798339844, 82.7628402709961]"
2014-06-04,2014-06-10,3654.0,12490,7610.0,"[14, 14, 10, 15, 12, 15, 14]","[0, 0, 6, 9, 6, 0, 0]","[1.6008391501585233e-05, 0.08757315996720515, 0.3, 0.017720807592430967, 0.0, 0.29001954149853315, 0.0]","[85, 83, 92, 141, 116, 72, 77]","[85.80609130859375, 84.10533142089844, 108.7291259765625, 153.17584228515625, 117.30172729492188, 94.89911651611328, 84.02362060546875]"
2014-06-05,2014-06-11,3560.0,11899,8075.0,"[9, 9, 17, 20, 16, 14, 7]","[4, 8, 9, 0, 0, 0, 7]","[0.07946395930374145, 0.0, 0.024407959001757962, 0.08776707637687821, 0.018463347005701566, 0.0, 0.027371873944628648]","[83, 92, 141, 116, 72, 77, 84]","[84.6341552734375, 109.0141372680664, 160.18609619140625, 123.47574615478516, 95.59226989746094, 87.56481170654297, 91.19117736816406]"
2014-06-06,2014-06-12,3463.0,11680,7625.0,"[17, 20, 20, 8, 3, 10, 9]","[0, 4, 0, 5, 8, 4, 5]","[0.0, 0.0, 0.0, 0.0, 0.3, 0.029903990586944623, 0.006635710723518349]","[92, 141, 116, 72, 77, 84, 77]","[105.69795227050781, 149.62527465820312, 120.90003967285156, 81.42724609375, 79.18310546875, 86.45262145996094, 87.90887451171875]"
2014-06-07,2014-06-13,4055.0,12631,7925.0,"[10, 9, 10, 9, 10, 9, 12]","[13, 9, 4, 4, 4, 4, 5]","[0.08961803060190782, 0.08899731377139868, 0.03724792866600464, 0.023917472369787106, 0.029549368072219084, 0.16285058673878358, 0.08849283078347087]","[141, 116, 72, 77, 84, 77, 106]","[150.7639923095703, 119.77063751220703, 86.09075927734375, 85.40060424804688, 88.54446411132812, 88.64542388916016, 109.6702651977539]"
2014-06-08,2014-06-14,3534.0,13007,7950.0,"[3, 15, 14, 4, 15, 10, 20]","[14, 0, 0, 9, 0, 6, 4]","[0.0, 0.15401237528493, 0.03549626194906928, 0.0, 0.3, 0.3, 0.018261314761146792]","[116, 72, 77, 84, 77, 106, 149]","[119.33638763427734, 92.96551513671875, 85.08073425292969, 88.53460693359375, 88.46548461914062, 105.37454986572266, 158.0711212158203]"
