start_date,end_date,lucro_otimo,unidades,hr_cost,J,X,PR,clientes_reais,clientes_previstos
2013-07-01,2013-07-07,2777.0,10054,5255.0,"[4, 9, 10, 15, 4, 15, 0]","[0, 0, 0, 0, 8, 2, 9]","[0.11680528205142138, 0.0378911971046106, 0.0, 0.0, 0.2855413624067578, 0.3, 0.3]","[62, 70, 76, 90, 99, 119, 86]","[20.318403244018555, 55.4985237121582, 62.476322174072266, 92.60774230957031, 85.26797485351562, 110.01748657226562, 91.24520874023438]"
2013-07-02,2013-07-08,3316.0,9870,5465.0,"[12, 7, 13, 11, 12, 12, 0]","[0, 4, 1, 4, 4, 3, 0]","[0.0, 0.0, 0.0, 0.052159875200441984, 0.3, 0.03608228634903146, 0.3]","[70, 76, 90, 99, 119, 86, 62]","[72.27051544189453, 74.95191955566406, 85.7484130859375, 95.14242553710938, 116.12265014648438, 90.86981964111328, 59.6943359375]"
2013-07-03,2013-07-09,3159.0,10091,5675.0,"[6, 6, 8, 11, 9, 6, 5]","[6, 4, 3, 4, 6, 3, 4]","[0.08392176885668658, 0.21313305789844814, 0.07530716939712015, 0.12551324951877207, 0.17582203682270453, 0.1065793398604177, 0.04022438330415221]","[76, 90, 99, 119, 86, 62, 63]","[67.72535705566406, 77.94231414794922, 93.44490051269531, 111.77340698242188, 87.14701843261719, 62.694217681884766, 57.331241607666016]"
2013-07-04,2013-07-10,3431.0,9948,5700.0,"[15, 0, 13, 14, 6, 0, 10]","[0, 11, 3, 0, 3, 7, 1]","[0.03978684585727547, 0.3, 0.0, 0.002859121860379592, 0.032926631186522684, 0.0, 0.0]","[90, 99, 119, 86, 62, 63, 66]","[93.191162109375, 85.57943725585938, 110.45403289794922, 87.81136322021484, 60.91722869873047, 62.449989318847656, 65.80046081542969]"
2013-07-05,2013-07-11,3234.0,9924,5470.0,"[13, 18, 0, 9, 0, 10, 11]","[0, 0, 12, 0, 8, 0, 0]","[0.3, 0.0, 0.0, 0.3, 0.0, 0.037921332663958245, 0.0]","[99, 119, 86, 62, 63, 66, 64]","[86.64826965332031, 109.28217315673828, 87.63789367675781, 62.0900764465332, 62.3477897644043, 65.29430389404297, 75.19901275634766]"
2013-07-06,2013-07-12,3192.0,9894,5470.0,"[19, 7, 0, 10, 7, 12, 11]","[0, 4, 9, 0, 3, 0, 0]","[0.03977970739064363, 0.3, 0.0, 0.0, 0.3, 0.0, 0.0]","[119, 86, 62, 63, 66, 64, 76]","[111.22454071044922, 86.96092987060547, 65.02031707763672, 62.32533645629883, 64.56453704833984, 71.7725601196289, 83.77397918701172]"
2013-07-07,2013-07-13,2967.0,9847,5790.0,"[6, 9, 0, 11, 4, 14, 0]","[7, 0, 9, 0, 5, 0, 14]","[0.04029499456408957, 0.3, 0.0, 0.03618545894231016, 0.3, 0.0, 0.0]","[86, 62, 63, 66, 64, 76, 102]","[90.05902862548828, 62.1650505065918, 63.451881408691406, 65.56797790527344, 71.85931396484375, 84.8621597290039, 109.47354125976562]"
2013-07-08,2013-07-14,2687.0,8786,4925.0,"[10, 10, 11, 12, 14, 10, 2]","[0, 0, 0, 0, 0, 7, 0]","[0.3, 0.0, 0.2459084630436, 0.07479674969755659, 0.03708345573350933, 0.0402464857507661, 0.0]","[62, 63, 66, 64, 76, 102, 79]","[61.786624908447266, 62.852718353271484, 64.59915924072266, 73.83389282226562, 85.03343200683594, 108.8797607421875, 87.19878387451172]"
2013-07-09,2013-07-15,2874.0,9708,5645.0,"[5, 7, 5, 4, 10, 4, 5]","[4, 3, 6, 6, 5, 9, 4]","[0.17114546802138722, 0.03946880949914989, 0.11285835741164738, 0.21153401862847007, 0.1271171717183648, 0.038138485971097334, 0.11718409453160755]","[63, 66, 64, 76, 102, 79, 66]","[59.52096176147461, 62.29331588745117, 70.29792785644531, 83.22662353515625, 105.71088409423828, 86.94426727294922, 61.89071273803711]"
2013-07-10,2013-07-16,3211.0,9492,5610.0,"[11, 12, 14, 18, 3, 9, 10]","[0, 0, 0, 0, 10, 0, 0]","[0.12342302798794344, 0.0, 0.0, 0.035697669792602534, 0.0, 0.0, 0.21331668241893462]","[66, 64, 76, 102, 79, 66, 77]","[63.42645263671875, 72.59130859375, 85.92431640625, 105.96812438964844, 87.73666381835938, 61.29334259033203, 65.43421936035156]"
2013-07-11,2013-07-17,2441.0,8514,4910.0,"[12, 8, 18, 7, 0, 11, 8]","[0, 5, 0, 6, 0, 0, 0]","[0.0, 0.0, 0.0, 0.0, 0.3, 0.3, 0.3]","[64, 76, 102, 79, 66, 77, 69]","[72.9414291381836, 84.62376403808594, 108.01044464111328, 85.15555572509766, 60.73249435424805, 63.91064453125, 49.80616760253906]"
2013-07-12,2013-07-18,2889.0,9368,5760.0,"[12, 18, 0, 0, 0, 8, 12]","[2, 0, 12, 9, 9, 0, 0]","[0.0, 0.0, 0.0, 0.0, 0.0, 0.005019631423234402, 0.2668137619446245]","[76, 102, 79, 66, 77, 69, 70]","[82.39889526367188, 107.71310424804688, 86.19872283935547, 61.334556579589844, 64.27936553955078, 50.45226287841797, 75.1146469116211]"
2013-07-13,2013-07-19,2941.0,9091,5845.0,"[20, 0, 10, 0, 8, 12, 0]","[0, 12, 0, 9, 0, 0, 11]","[0.0, 0.0, 0.0, 0.03997567254130146, 0.03986185798834613, 0.03992504520690614, 0.0]","[102, 79, 66, 77, 69, 70, 73]","[105.11536407470703, 84.7093734741211, 62.10063171386719, 62.50113296508789, 48.34915542602539, 74.56302642822266, 80.71620178222656]"
2013-07-14,2013-07-20,2854.0,9408,5800.0,"[0, 11, 5, 3, 0, 6, 17]","[12, 0, 5, 4, 10, 6, 0]","[0.001871260024675191, 0.0, 0.2984636113641728, 0.0, 0.011304783452968807, 0.027130885904797425, 0.0]","[79, 66, 77, 69, 70, 73, 105]","[86.39982604980469, 65.56070709228516, 63.04872512817383, 48.022464752197266, 73.99162292480469, 81.89801025390625, 104.39905548095703]"
2013-07-15,2013-07-21,2753.0,9786,5750.0,"[10, 0, 0, 12, 6, 14, 0]","[0, 9, 7, 0, 6, 3, 11]","[0.0, 0.3, 0.0, 0.0, 0.0, 0.0, 0.3]","[66, 77, 69, 70, 73, 105, 83]","[60.33195495605469, 63.51422882080078, 46.40114974975586, 74.30213928222656, 80.99172973632812, 104.64246368408203, 79.40392303466797]"
2013-07-16,2013-07-22,3038.0,9948,5460.0,"[11, 8, 7, 13, 0, 14, 10]","[0, 0, 4, 0, 14, 0, 0]","[0.3, 0.0, 0.0, 0.0, 0.3, 0.0, 0.0]","[77, 69, 70, 73, 105, 83, 72]","[64.25178527832031, 46.56914138793945, 74.62110137939453, 79.30774688720703, 104.65576934814453, 82.49220275878906, 60.96058654785156]"
2013-07-17,2013-07-23,3153.0,9753,5975.0,"[2, 0, 0, 18, 2, 7, 12]","[6, 11, 11, 0, 10, 3, 0]","[0.21378659972958178, 0.00971601847368283, 0.0, 0.037467822757315396, 0.0, 0.10769031703733617, 0.0]","[69, 70, 73, 105, 83, 72, 70]","[57.15031433105469, 77.15984344482422, 83.21749877929688, 104.9793930053711, 82.96852111816406, 62.76436996459961, 72.85696411132812]"
2013-07-18,2013-07-24,2690.0,9614,5645.0,"[5, 14, 7, 5, 0, 0, 8]","[7, 0, 9, 7, 9, 6, 1]","[0.11314585187860633, 0.0, 0.0, 0.00441818249822321, 0.3, 0.0, 0.3]","[70, 73, 105, 83, 72, 70, 70]","[80.44963836669922, 87.3116226196289, 107.75145721435547, 83.93104553222656, 63.321468353271484, 72.8888931274414, 77.02810668945312]"
2013-07-19,2013-07-25,3133.0,9582,5985.0,"[0, 17, 6, 11, 0, 12, 11]","[11, 0, 7, 0, 10, 0, 1]","[0.0048277135424323915, 0.0, 0.007238020324623787, 0.00014384979248213068, 0.0, 0.07849763735246379, 0.12641069961911192]","[73, 105, 83, 72, 70, 70, 58]","[79.38578033447266, 104.19937896728516, 82.69630432128906, 65.7352066040039, 73.4629898071289, 76.3179702758789, 75.47337341308594]"
2013-07-20,2013-07-26,2631.0,9624,6185.0,"[14, 10, 11, 6, 19, 9, 0]","[2, 2, 0, 5, 0, 2, 11]","[0.0, 0.3, 8.068394408188913e-05, 0.0, 0.0, 0.0, 0.0]","[105, 83, 72, 70, 70, 58, 74]","[102.6307144165039, 78.42632293701172, 63.9519157409668, 72.21997833251953, 76.45110321044922, 74.05650329589844, 77.02359771728516]"
2013-07-21,2013-07-27,2858.0,9400,5835.0,"[13, 4, 12, 12, 12, 0, 20]","[0, 5, 0, 0, 0, 9, 0]","[0.017890683787212106, 0.0, 0.0002133529145734583, 0.03755226842180705, 0.3, 0.0, 0.0004570036255584814]","[83, 72, 70, 70, 58, 74, 101]","[79.33233642578125, 64.0782699584961, 71.74605560302734, 76.61038208007812, 74.3108901977539, 76.66077423095703, 108.26263427734375]"
2013-07-22,2013-07-28,2257.0,9144,6155.0,"[10, 0, 10, 0, 13, 0, 6]","[0, 10, 2, 10, 0, 14, 7]","[0.3, 0.0, 0.0, 0.0, 0.0, 0.0, 0.0]","[72, 70, 70, 58, 74, 101, 58]","[64.43009948730469, 68.32367706298828, 75.30145263671875, 71.62557983398438, 76.80207824707031, 107.35657501220703, 87.01416015625]"
2013-07-23,2013-07-29,2016.0,8802,6475.0,"[0, 1, 0, 13, 14, 0, 0]","[11, 10, 11, 0, 3, 12, 9]","[0.0, 0.0, 0.0, 0.0, 0.0, 0.0, 0.0]","[70, 70, 58, 74, 101, 58, 58]","[75.22340393066406, 76.52481079101562, 75.14703369140625, 77.1160888671875, 106.56736755371094, 87.57024383544922, 61.53200912475586]"
2013-07-24,2013-07-30,2474.0,8864,5565.0,"[13, 12, 13, 15, 13, 0, 10]","[0, 0, 0, 2, 1, 7, 0]","[0.3, 0.0, 0.03850793579622592, 0.0, 0.005028229310105555, 0.0, 0.0]","[70, 58, 74, 101, 58, 58, 55]","[77.4137191772461, 74.99844360351562, 78.44290161132812, 108.06314849853516, 86.16584777832031, 57.36854934692383, 63.966552734375]"
2013-07-25,2013-07-31,2556.0,8963,5665.0,"[8, 11, 9, 5, 5, 6, 5]","[3, 0, 7, 8, 4, 4, 5]","[0.03887384193944385, 0.08386443396226917, 0.04054069105379648, 0.1270728303545942, 0.03625535095187907, 0.21318137046652905, 0.037686834053169936]","[58, 74, 101, 58, 58, 55, 64]","[70.43696594238281, 75.07145690917969, 103.02976989746094, 86.5846176147461, 55.5662727355957, 63.01475143432617, 65.54717254638672]"
2013-07-26,2013-08-01,2512.0,9244,5715.0,"[12, 5, 14, 8, 0, 0, 12]","[0, 11, 0, 1, 9, 9, 0]","[0.3, 0.0, 0.0, 0.0, 0.03806322247656674, 0.17422285270546403, 0.0]","[74, 101, 58, 58, 55, 64, 75]","[72.89539337158203, 106.97846984863281, 84.83363342285156, 56.947967529296875, 63.74589538574219, 65.40071868896484, 73.525634765625]"
2013-07-27,2013-08-02,2183.0,9060,5755.0,"[2, 6, 3, 3, 6, 10, 9]","[9, 7, 6, 6, 4, 2, 5]","[0.10339807898669598, 0.08579634649960038, 0.13196736358652353, 0.10806830887374576, 0.11347081120397168, 0.03984182261061494, 0.17497980744940989]","[101, 58, 58, 55, 64, 75, 72]","[104.47703552246094, 87.29743194580078, 60.013126373291016, 65.80047607421875, 64.30348205566406, 73.06243896484375, 83.86003875732422]"
2013-07-28,2013-08-03,2356.0,8844,5750.0,"[0, 0, 11, 10, 12, 14, 17]","[12, 8, 0, 0, 0, 0, 0]","[0.3, 0.0, 0.0, 0.0, 0.03899893310696553, 0.0, 0.0]","[58, 58, 55, 64, 75, 72, 95]","[86.69390869140625, 60.36567306518555, 64.74199676513672, 64.64791107177734, 71.56036376953125, 84.53462982177734, 109.32294464111328]"
2013-07-29,2013-08-04,2626.0,9101,5750.0,"[10, 0, 0, 12, 0, 18, 11]","[0, 9, 9, 0, 12, 0, 0]","[0.3, 0.0, 0.0, 0.0, 0.0, 0.03878172723064513, 0.0]","[58, 55, 64, 75, 72, 95, 85]","[58.60928726196289, 61.30292510986328, 66.43742370605469, 72.20854187011719, 81.9149169921875, 106.41582489013672, 66.99980926513672]"
2013-07-30,2013-08-05,2143.0,9306,5790.0,"[9, 8, 12, 20, 2, 0, 6]","[1, 2, 0, 0, 14, 8, 2]","[0.3, 0.3, 0.167120761197551, 0.04001285372193422, 0.0, 0.0012882707492038684, 0.0029045785730903236]","[55, 64, 75, 72, 95, 85, 57]","[62.02640151977539, 65.09107971191406, 72.29629516601562, 82.31387329101562, 110.30167388916016, 66.19916534423828, 58.98843002319336]"
2013-07-31,2013-08-06,2564.0,9222,5670.0,"[11, 6, 6, 0, 11, 0, 9]","[0, 5, 7, 16, 0, 8, 0]","[0.0, 0.0, 0.0, 0.3, 0.040672839863228685, 0.0, 0.0]","[64, 75, 72, 95, 85, 57, 53]","[60.48849105834961, 70.55084991455078, 84.98821258544922, 111.84741973876953, 66.7446517944336, 59.63063049316406, 55.732303619384766]"
2013-08-01,2013-08-07,2284.0,7578,4915.0,"[10, 7, 19, 11, 10, 0, 0]","[2, 6, 0, 0, 0, 0, 9]","[0.0, 0.004998799027845474, 0.0, 0.0, 0.0, 0.0, 0.0]","[75, 72, 95, 85, 57, 53, 57]","[71.54590606689453, 84.11601257324219, 108.31397247314453, 68.28235626220703, 58.85536575317383, 55.629764556884766, 61.93795394897461]"
2013-08-02,2013-08-08,2332.0,8997,5555.0,"[14, 11, 11, 0, 0, 0, 10]","[0, 6, 0, 9, 8, 9, 0]","[0.0, 0.0, 0.0, 0.03489359897361998, 0.3, 0.3, 0.0]","[72, 95, 85, 57, 53, 57, 64]","[83.8131103515625, 108.75433349609375, 66.60856628417969, 60.65179443359375, 56.006011962890625, 64.11725616455078, 60.32068634033203]"
2013-08-03,2013-08-09,2681.0,8856,5460.0,"[17, 3, 9, 10, 11, 0, 0]","[0, 7, 0, 0, 0, 9, 11]","[0.0, 0.035947952391798384, 0.3, 0.0, 0.037769278914457784, 0.02472270913217226, 0.04009189861159481]","[95, 85, 57, 53, 57, 64, 74]","[102.56155395507812, 67.9486083984375, 60.531829833984375, 58.74916458129883, 67.50297546386719, 64.25887298583984, 79.61748504638672]"
2013-08-04,2013-08-10,2034.0,7827,4770.0,"[0, 0, 9, 11, 0, 9, 16]","[0, 9, 0, 0, 9, 3, 1]","[0.29597751696113855, 0.0, 0.3, 0.03614424564807273, 0.21321037022767284, 0.0, 0.00031776712243856866]","[85, 57, 53, 57, 64, 74, 96]","[63.91131591796875, 59.97620391845703, 57.00804901123047, 65.34345245361328, 63.5655403137207, 75.85726165771484, 105.79705810546875]"
2013-08-05,2013-08-11,2232.0,9159,5860.0,"[11, 2, 0, 4, 14, 18, 0]","[0, 6, 9, 5, 0, 0, 12]","[0.12509868338752342, 0.0, 0.3, 0.0, 0.0, 0.0, 0.1719114634254939]","[57, 53, 57, 64, 74, 96, 75]","[63.40829086303711, 57.591487884521484, 65.77704620361328, 61.42789077758789, 82.6566162109375, 105.72777557373047, 83.07430267333984]"
2013-08-06,2013-08-12,2705.0,8894,5480.0,"[9, 0, 10, 3, 13, 13, 9]","[0, 9, 0, 9, 5, 0, 0]","[0.03548251916454664, 0.0, 0.0, 0.0, 0.0, 0.03683638630391172, 0.3]","[53, 57, 64, 74, 96, 75, 55]","[53.07798767089844, 63.08617401123047, 61.46515655517578, 80.82136535644531, 107.37408447265625, 77.40802001953125, 57.246524810791016]"
2013-08-07,2013-08-13,2721.0,9464,5240.0,"[5, 0, 13, 18, 13, 9, 9]","[5, 8, 0, 0, 0, 0, 0]","[0.3, 0.3, 0.03824129663662384, 0.0, 0.0, 0.3, 0.0]","[57, 64, 74, 96, 75, 55, 64]","[64.46683502197266, 61.1137809753418, 82.63440704345703, 108.54093933105469, 82.8544692993164, 55.58958053588867, 53.91325759887695]"
2013-08-08,2013-08-14,2318.0,9171,5595.0,"[0, 4, 3, 0, 9, 0, 11]","[8, 8, 13, 11, 0, 7, 0]","[0.3, 0.039391753249005686, 0.0, 0.3, 0.0, 0.03755185985311919, 0.0]","[64, 74, 96, 75, 55, 64, 55]","[59.66298294067383, 78.12857055664062, 106.37528991699219, 77.19654846191406, 52.080509185791016, 52.21146011352539, 64.54119873046875]"
2013-08-09,2013-08-15,2492.0,9588,4940.0,"[14, 10, 7, 9, 7, 9, 11]","[0, 5, 4, 0, 0, 0, 0]","[0.298960332256061, 0.3, 0.3, 0.0, 0.17599040358081267, 0.021067827569460018, 0.03959982706560306]","[74, 96, 75, 55, 64, 55, 54]","[81.66548156738281, 108.3565902709961, 83.48543548583984, 55.719905853271484, 55.42080307006836, 63.08991622924805, 63.86469650268555]"
2013-08-10,2013-08-16,2341.0,9180,5580.0,"[9, 8, 8, 5, 4, 4, 4]","[7, 5, 1, 4, 6, 6, 6]","[0.13011665145943443, 0.12328468810098749, 0.19117788109413134, 0.1274584817543902, 0.037926784856539456, 0.13233015532117434, 0.12583409597310777]","[96, 75, 55, 64, 55, 54, 67]","[105.84904479980469, 80.52960968017578, 56.615753173828125, 54.667396545410156, 63.05403518676758, 64.50056457519531, 67.36939239501953]"
2013-08-11,2013-08-17,2234.0,7776,4470.0,"[13, 0, 9, 10, 11, 11, 16]","[0, 0, 0, 0, 0, 0, 0]","[0.0, 0.0, 0.0, 0.0, 0.0, 0.0, 0.3]","[75, 55, 64, 55, 54, 67, 98]","[77.42434692382812, 54.503570556640625, 52.646541595458984, 62.34428024291992, 64.69075775146484, 67.31704711914062, 96.70497131347656]"
2013-08-12,2013-08-18,2169.0,9029,5505.0,"[8, 2, 6, 8, 6, 7, 7]","[4, 6, 4, 2, 5, 8, 3]","[0.17182745400071547, 0.13375189305249335, 0.10892165806521642, 0.16866785549689, 0.12971415534986425, 0.11683566857948742, 0.13198447019616522]","[55, 64, 55, 54, 67, 98, 64]","[54.49216079711914, 52.707759857177734, 61.65503692626953, 61.9996337890625, 67.1942138671875, 97.9236831665039, 67.13285064697266]"
2013-08-13,2013-08-19,2335.0,8688,5075.0,"[9, 5, 0, 12, 16, 11, 0]","[0, 5, 9, 0, 0, 0, 7]","[0.0, 0.0, 0.0, 0.3, 0.0, 0.3, 0.0]","[64, 55, 54, 67, 98, 64, 55]","[54.86626434326172, 62.44384765625, 66.34449768066406, 69.55098724365234, 97.61970520019531, 68.51602935791016, 51.77475357055664]"
2013-08-14,2013-08-20,2204.0,9155,5375.0,"[5, 7, 6, 13, 8, 8, 3]","[5, 3, 5, 3, 4, 1, 6]","[0.1758861412883657, 0.1627462062038938, 0.1316283695914106, 0.17170260488036368, 0.2127317357218878, 0.10916137486458902, 0.11914603906719773]","[55, 54, 67, 98, 64, 55, 48]","[62.79365158081055, 69.98873901367188, 72.03640747070312, 97.93426513671875, 66.4122314453125, 55.62519073486328, 61.903045654296875]"
2013-08-15,2013-08-21,2331.0,8833,5115.0,"[1, 8, 8, 7, 4, 7, 4]","[8, 3, 7, 4, 3, 2, 5]","[0.11354609084316765, 0.21339682515031289, 0.11312869818326535, 0.16768442075260948, 0.07416583002614885, 0.11844330714217, 0.12758435664735113]","[54, 67, 98, 64, 55, 48, 60]","[62.19115447998047, 67.59162902832031, 97.43827056884766, 68.01163482666016, 53.0517463684082, 57.917240142822266, 57.13626480102539]"
2013-08-16,2013-08-22,2057.0,7218,4290.0,"[0, 8, 12, 5, 0, 9, 0]","[9, 7, 0, 3, 8, 0, 0]","[0.021231446264205492, 0.0, 0.3, 0.0, 0.03484480406837989, 0.008126505753163218, 0.29963770478341933]","[67, 98, 64, 55, 48, 60, 57]","[65.623779296875, 97.00989532470703, 69.5034408569336, 54.60152053833008, 56.77190017700195, 57.06611251831055, 62.204933166503906]"
2013-08-17,2013-08-23,2535.0,7932,5035.0,"[11, 8, 9, 9, 0, 0, 7]","[5, 3, 0, 0, 8, 8, 3]","[0.0, 0.0, 0.0, 0.039520577332715294, 0.0, 0.0, 0.0]","[98, 64, 55, 48, 60, 57, 62]","[98.77924346923828, 68.59955596923828, 53.033321380615234, 56.65584182739258, 54.68832778930664, 61.57757568359375, 66.96110534667969]"
2013-08-18,2013-08-24,2135.0,9234,4920.0,"[12, 0, 9, 9, 0, 11, 11]","[0, 7, 0, 0, 8, 0, 4]","[0.0, 0.0, 0.3, 0.29832810046940744, 0.0, 0.3, 0.3]","[64, 55, 48, 60, 57, 62, 95]","[69.03135681152344, 52.27283477783203, 54.63167953491211, 55.89381790161133, 58.18952560424805, 66.88111877441406, 98.18939208984375]"
2013-08-19,2013-08-25,2245.0,8994,5290.0,"[9, 9, 0, 0, 4, 17, 8]","[0, 0, 8, 9, 6, 0, 4]","[0.3, 0.3, 0.3, 0.0, 0.0, 0.0, 0.0]","[55, 48, 60, 57, 62, 95, 75]","[52.7460823059082, 55.64496612548828, 56.213504791259766, 60.44254684448242, 65.55780029296875, 101.5176773071289, 77.58463287353516]"
2013-08-20,2013-08-26,2305.0,8990,5450.0,"[3, 5, 9, 9, 8, 4, 6]","[6, 5, 1, 3, 7, 7, 3]","[0.07665986324652246, 0.16337548981928898, 0.1733884989604873, 0.04075969621428255, 0.17209192795345235, 0.13420896720971073, 0.08034431043604033]","[48, 60, 57, 62, 95, 75, 52]","[58.43465042114258, 55.425315856933594, 60.86294174194336, 67.45939636230469, 98.99614715576172, 75.76441955566406, 56.95542526245117]"
2013-08-21,2013-08-27,1977.0,8962,5830.0,"[5, 3, 8, 13, 6, 5, 5]","[7, 7, 2, 4, 6, 4, 6]","[0.16446413858485287, 0.1306441340084163, 0.06261379420116192, 0.03643449027549375, 0.1173178642774714, 0.1715156269211728, 0.1602686451619379]","[60, 57, 62, 95, 75, 52, 47]","[58.31245040893555, 61.32756423950195, 64.91988372802734, 104.99559020996094, 78.37467193603516, 57.322486877441406, 50.76164245605469]"
2013-08-22,2013-08-28,1771.0,8880,5590.0,"[4, 5, 11, 4, 6, 8, 4]","[6, 5, 4, 7, 3, 1, 9]","[0.06099175078386672, 0.17598646322026373, 0.16138913781026276, 0.11640198193561935, 0.12698527228970494, 0.16105092955038924, 0.2277482678834502]","[57, 62, 95, 75, 52, 47, 47]","[61.75545883178711, 66.66387176513672, 102.24514770507812, 73.53189086914062, 58.47632598876953, 47.28240203857422, 63.3477897644043]"
2013-08-23,2013-08-29,2409.0,8094,4880.0,"[11, 12, 5, 9, 8, 10, 7]","[0, 4, 6, 0, 0, 0, 2]","[0.3, 0.0, 0.0, 0.0, 0.0, 0.0, 0.0]","[62, 95, 75, 52, 47, 47, 54]","[64.76705932617188, 101.31087493896484, 72.30821228027344, 56.31035232543945, 49.06248092651367, 62.75102615356445, 56.824485778808594]"
2013-08-24,2013-08-30,2329.0,8716,5120.0,"[1, 0, 9, 8, 0, 9, 11]","[13, 11, 0, 0, 9, 0, 0]","[0.0, 0.3, 0.0, 0.038990054458786734, 0.03697392158722837, 0.3, 0.0]","[95, 75, 52, 47, 47, 54, 66]","[99.71749114990234, 75.77041625976562, 55.3734130859375, 47.69548034667969, 63.97036361694336, 57.507755279541016, 63.96806716918945]"
2013-08-25,2013-08-31,1988.0,8869,5525.0,"[6, 10, 9, 8, 5, 8, 9]","[6, 0, 2, 3, 4, 2, 7]","[0.1325281529793933, 0.12211221358172611, 0.08432859463215267, 0.15336302981487204, 0.17661407891718267, 0.16365575335607913, 0.1067381924404725]","[75, 52, 47, 47, 54, 66, 106]","[76.20057678222656, 58.19324493408203, 48.889610290527344, 65.10162353515625, 59.920223236083984, 62.22382354736328, 108.54795837402344]"
2013-08-26,2013-09-01,2322.0,7768,4410.0,"[10, 8, 0, 9, 9, 18, 13]","[0, 0, 0, 0, 1, 0, 0]","[4.652737843815407e-05, 0.3, 0.3, 0.0, 0.2543903537701248, 0.0, 0.03818857759245328]","[52, 47, 47, 54, 66, 106, 85]","[58.46468734741211, 47.457427978515625, 60.517215728759766, 56.5196647644043, 63.32242965698242, 107.57860565185547, 78.42572784423828]"
2013-08-27,2013-09-02,2434.0,8334,5145.0,"[4, 11, 6, 0, 11, 12, 6]","[3, 0, 3, 9, 6, 0, 3]","[0.002646079724557017, 0.0, 0.0, 0.0, 0.0, 0.0, 0.3]","[47, 47, 54, 66, 106, 85, 95]","[48.61054611206055, 63.757076263427734, 56.28519821166992, 63.257972717285156, 106.55461883544922, 73.11235046386719, 58.00127410888672]"
2013-08-28,2013-09-03,1947.0,8749,5770.0,"[0, 0, 0, 20, 13, 0, 0]","[9, 8, 9, 0, 0, 8, 10]","[0.2782578463293863, 0.03138554215283688, 0.019281028039678693, 0.03899287520969196, 0.03824788465740019, 0.3, 0.03994652431567575]","[47, 54, 66, 106, 85, 95, 38]","[62.94175338745117, 59.48466873168945, 64.88011932373047, 107.62263488769531, 80.10894012451172, 56.04705810546875, 69.46419525146484]"
2013-08-29,2013-09-04,1933.0,8280,5305.0,"[9, 6, 7, 8, 7, 8, 1]","[0, 4, 10, 4, 2, 3, 6]","[0.0, 0.0, 0.0, 0.007226071469641902, 0.2828393930706848, 0.3, 0.11114598514025126]","[54, 66, 106, 85, 95, 38, 34]","[51.84206008911133, 62.90082931518555, 110.44393920898438, 77.44200134277344, 55.620574951171875, 69.09878540039062, 47.269493103027344]"
2013-08-30,2013-09-05,1502.0,6446,4500.0,"[0, 18, 0, 0, 1, 8, 8]","[9, 0, 11, 0, 8, 0, 0]","[0.0, 0.0, 0.0, 0.13654453017150192, 0.0393331584979494, 0.0, 0.0]","[66, 106, 85, 95, 38, 34, 38]","[61.58335494995117, 107.16730499267578, 76.60577392578125, 50.98598098754883, 61.63496398925781, 47.57978820800781, 49.08791732788086]"
2013-08-31,2013-09-06,1545.0,7408,5160.0,"[20, 13, 9, 3, 0, 4, 0]","[0, 0, 0, 6, 7, 4, 8]","[0.0, 0.0, 0.0, 0.0, 0.08483826700083341, 0.3, 0.0004883981231232405]","[106, 85, 95, 38, 34, 38, 49]","[108.33226013183594, 77.23341369628906, 56.283973693847656, 58.112998962402344, 50.40153503417969, 52.84279251098633, 58.770599365234375]"
2013-09-01,2013-09-07,915.0,6538,4520.0,"[13, 0, 5, 8, 0, 10, 0]","[0, 2, 5, 0, 7, 0, 12]","[0.03903786903271576, 0.3, 0.0, 0.03837536669239769, 0.0, 0.0, 0.3]","[85, 95, 38, 34, 38, 49, 76]","[75.06550598144531, 57.3538818359375, 62.97115707397461, 50.11528396606445, 48.80351257324219, 59.41699981689453, 88.63436126708984]"
2013-09-02,2013-09-08,792.0,6708,4880.0,"[9, 0, 8, 0, 9, 15, 13]","[0, 9, 0, 7, 1, 0, 0]","[0.0, 0.0, 0.3, 0.0, 0.3, 0.0, 0.0]","[95, 38, 34, 38, 49, 76, 56]","[53.337337493896484, 65.57283782958984, 48.580562591552734, 52.037681579589844, 59.496036529541016, 88.56144714355469, 76.09056854248047]"
2013-09-03,2013-09-09,573.0,6636,4825.0,"[13, 9, 9, 9, 10, 12, 0]","[0, 0, 0, 0, 4, 0, 7]","[0.0, 0.3, 0.0, 0.0, 0.3, 0.0, 0.0]","[38, 34, 38, 49, 76, 56, 41]","[78.7917251586914, 53.85039520263672, 51.29446029663086, 57.173683166503906, 88.41997528076172, 74.42747497558594, 52.19306182861328]"
2013-09-04,2013-09-10,813.0,6890,4520.0,"[0, 0, 10, 12, 0, 9, 7]","[6, 7, 0, 2, 11, 0, 0]","[0.3, 0.3, 0.3, 0.0, 0.034981600174231575, 0.0, 0.3]","[34, 38, 49, 76, 56, 41, 34]","[45.35991668701172, 53.25038146972656, 57.35987091064453, 90.0401840209961, 75.15013122558594, 54.5806999206543, 42.38601303100586]"
2013-09-05,2013-09-11,1454.0,7128,5270.0,"[0, 0, 15, 12, 9, 0, 0]","[0, 8, 0, 0, 0, 6, 20]","[0.10708870917659133, 0.0, 0.0035881792775075997, 0.0, 0.0, 0.0, 0.0]","[38, 49, 76, 56, 41, 34, 156]","[45.94536209106445, 54.60424041748047, 87.84941101074219, 71.14321899414062, 54.11829376220703, 42.14714431762695, 154.65518188476562]"
2013-09-06,2013-09-12,2933.0,9630,6150.0,"[8, 0, 9, 5, 0, 19, 19]","[0, 12, 0, 3, 5, 6, 0]","[0.0, 0.0, 0.24893843189930687, 0.0, 0.0, 0.0, 0.0]","[49, 76, 56, 41, 34, 156, 172]","[53.39888381958008, 86.90168762207031, 71.70794677734375, 51.743019104003906, 45.646995544433594, 199.4329071044922, 250.89205932617188]"
2013-09-07,2013-09-13,3431.0,9616,5915.0,"[13, 12, 7, 6, 20, 8, 20]","[0, 0, 0, 0, 0, 0, 5]","[0.03488605702304414, 0.0, 0.0, 0.0, 0.0, 0.0, 0.0]","[76, 56, 41, 34, 156, 172, 228]","[81.60952758789062, 71.44050598144531, 49.84714126586914, 40.79288864135742, 195.0423583984375, 255.96653747558594, 250.7037353515625]"
2013-09-08,2013-09-14,2053.0,8503,5685.0,"[0, 8, 0, 17, 18, 19, 0]","[1, 0, 0, 0, 20, 1, 0]","[0.0, 0.0, 0.3, 0.21344669772032265, 0.0, 0.03644078521859565, 0.0]","[56, 41, 34, 156, 172, 228, 78]","[72.36967468261719, 52.34401321411133, 40.66855239868164, 194.561767578125, 246.1937255859375, 248.9083251953125, 129.7615509033203]"
2013-09-09,2013-09-15,2405.0,9138,5690.0,"[0, 0, 17, 20, 2, 15, 8]","[7, 0, 0, 0, 10, 4, 0]","[0.0, 0.3, 0.3, 0.0, 0.0, 0.0, 0.03879282523441707]","[41, 34, 156, 172, 228, 78, 63]","[53.815757751464844, 38.95937728881836, 153.2254180908203, 259.1199645996094, 268.24652099609375, 117.54339599609375, 60.38907241821289]"
2013-09-10,2013-09-16,2933.0,9126,5900.0,"[0, 20, 20, 0, 9, 0, 0]","[0, 0, 7, 20, 10, 0, 0]","[0.3, 0.014570821604457908, 0.0, 0.0, 0.0, 0.0, 0.3]","[34, 156, 172, 228, 78, 63, 51]","[49.245445251464844, 203.9119873046875, 263.1944885253906, 269.880615234375, 127.64900970458984, 63.30082321166992, 45.21730041503906]"
2013-09-11,2013-09-17,2596.0,8892,5990.0,"[12, 0, 19, 1, 10, 1, 4]","[18, 0, 19, 2, 0, 0, 0]","[0.0011864893226843348, 0.28477704062504705, 0.0, 0.0, 0.024545112338736068, 0.008488031036152931, 0.0]","[156, 172, 228, 78, 63, 51, 42]","[197.21177673339844, 257.0860900878906, 251.6181182861328, 119.73582458496094, 61.61052703857422, 41.0078010559082, 45.351463317871094]"
2013-09-12,2013-09-18,1568.0,8140,5360.0,"[16, 12, 20, 8, 0, 0, 0]","[19, 4, 0, 2, 0, 0, 0]","[0.002574684762688772, 0.3, 0.0, 0.11060440874377422, 0.3, 0.3, 1.2166079812764933e-05]","[172, 228, 78, 63, 51, 42, 39]","[233.4661865234375, 267.8325500488281, 122.26404571533203, 63.30906677246094, 39.39638137817383, 45.03330993652344, 44.24924087524414]"
2013-09-13,2013-09-19,1418.0,8721,6830.0,"[20, 10, 0, 0, 0, 0, 9]","[17, 7, 20, 3, 8, 0, 0]","[0.0, 0.0, 0.03488287841059386, 0.3, 0.0, 0.24108080988583747, 0.0]","[228, 78, 63, 51, 42, 39, 42]","[254.53184509277344, 114.42735290527344, 66.65831756591797, 45.24546813964844, 56.48182678222656, 46.50839614868164, 52.1276741027832]"
2013-09-14,2013-09-20,829.0,6012,3855.0,"[11, 0, 6, 8, 7, 7, 9]","[9, 0, 0, 0, 0, 1, 0]","[0.03801122175633662, 0.2950858881063836, 0.0, 0.2722058373813271, 0.3, 0.3, 0.0]","[78, 63, 51, 42, 39, 42, 66]","[127.31817626953125, 67.60552215576172, 38.56715774536133, 47.944644927978516, 44.52381134033203, 49.62009048461914, 52.31658935546875]"
2013-09-15,2013-09-21,1794.0,6708,3780.0,"[9, 5, 7, 0, 7, 8, 14]","[0, 0, 0, 6, 1, 0, 0]","[0.3, 0.0, 0.3, 0.0, 0.0, 0.0349895398307282, 0.0]","[63, 51, 42, 39, 42, 66, 83]","[54.96820831298828, 32.74066162109375, 44.8869743347168, 44.21147537231445, 47.38198471069336, 50.22591781616211, 87.26116180419922]"
2013-09-16,2013-09-22,1583.0,7278,4440.0,"[0, 0, 0, 0, 9, 15, 11]","[6, 7, 6, 7, 0, 0, 0]","[0.21196248994543376, 0.0, 0.3, 0.0, 0.3, 0.0, 0.0]","[51, 42, 39, 42, 66, 83, 62]","[39.931243896484375, 50.58342361450195, 46.06631088256836, 50.428627014160156, 53.02373123168945, 89.18231201171875, 69.1708755493164]"
2013-09-17,2013-09-23,1369.0,8111,4495.0,"[9, 3, 8, 3, 15, 0, 8]","[0, 4, 1, 5, 0, 9, 0]","[0.3, 0.03850837505431417, 0.3, 0.3, 0.3, 0.037206582796171686, 0.3]","[42, 39, 42, 66, 83, 62, 38]","[53.87778091430664, 48.247276306152344, 54.552268981933594, 54.65937423706055, 88.1757583618164, 65.9747543334961, 51.485618591308594]"
2013-09-18,2013-09-24,1504.0,7353,4190.0,"[0, 9, 0, 12, 11, 0, 6]","[6, 0, 7, 3, 0, 6, 0]","[0.3, 0.0, 0.0, 0.17264634491288067, 0.3, 0.0, 0.3]","[39, 42, 66, 83, 62, 38, 39]","[44.39274215698242, 51.5264778137207, 51.03173828125, 90.99468231201172, 65.95439910888672, 46.445037841796875, 39.615966796875]"
2013-09-19,2013-09-25,1528.0,7016,4510.0,"[0, 0, 15, 0, 0, 0, 8]","[7, 8, 0, 9, 7, 6, 0]","[0.0, 0.04026588324736641, 0.0, 0.0, 0.3, 0.3, 0.0]","[42, 66, 83, 62, 38, 39, 41]","[50.08220291137695, 53.002769470214844, 91.9161605834961, 65.43289947509766, 47.61841583251953, 43.168434143066406, 46.30329132080078]"
2013-09-20,2013-09-26,1512.0,7170,4600.0,"[20, 0, 10, 7, 6, 7, 0]","[0, 12, 0, 0, 0, 0, 6]","[0.10850054311132518, 0.0, 0.21227891526423964, 0.0, 0.0, 0.0, 0.2782251075549863]","[66, 83, 62, 38, 39, 41, 45]","[49.48484420776367, 86.43144226074219, 62.03007125854492, 41.184017181396484, 35.1769905090332, 40.665470123291016, 46.74052429199219]"
2013-09-21,2013-09-27,1607.0,6127,3310.0,"[15, 11, 0, 6, 7, 0, 7]","[0, 0, 6, 0, 0, 0, 0]","[0.037561320529088574, 0.25573929528321737, 0.0, 0.1693124071192038, 0.0, 0.3, 0.3]","[83, 62, 38, 39, 41, 45, 59]","[88.13648986816406, 65.42543029785156, 44.14949035644531, 38.5443115234375, 42.499053955078125, 48.232486724853516, 43.66506576538086]"
2013-09-22,2013-09-28,1423.0,5829,3750.0,"[11, 7, 0, 0, 0, 7, 0]","[0, 0, 0, 6, 7, 0, 12]","[0.0, 0.0, 0.3, 0.0, 0.03551751513163878, 0.0, 0.11636721581109338]","[62, 38, 39, 41, 45, 59, 91]","[65.66619110107422, 44.35539245605469, 36.233612060546875, 42.81725311279297, 48.53874969482422, 43.500675201416016, 84.4123306274414]"
2013-09-23,2013-09-29,1593.0,6858,4230.0,"[0, 7, 0, 9, 8, 14, 11]","[6, 0, 7, 0, 0, 0, 0]","[0.0, 0.006254323834107289, 0.0, 0.0, 0.0, 0.3, 0.0]","[38, 39, 41, 45, 59, 91, 58]","[46.09782791137695, 44.08054733276367, 48.4129753112793, 52.42711639404297, 45.3763427734375, 85.81320190429688, 64.87151336669922]"
2013-09-24,2013-09-30,1125.0,7178,4640.0,"[6, 7, 19, 0, 15, 11, 7]","[0, 0, 0, 7, 0, 0, 0]","[0.03801091151850567, 0.3, 0.0, 0.3, 0.0, 0.12369036771058313, 0.3]","[39, 41, 45, 59, 91, 58, 31]","[37.226112365722656, 43.58528137207031, 51.48318099975586, 46.7835578918457, 87.1628189086914, 63.688316345214844, 45.853981018066406]"
2013-09-25,2013-10-01,1381.0,6558,3510.0,"[7, 0, 8, 0, 10, 7, 0]","[0, 7, 0, 12, 0, 0, 0]","[0.0001501071850980478, 0.2121876527809652, 0.0, 0.3, 0.3, 0.0, 0.3]","[41, 45, 59, 91, 58, 31, 31]","[42.831233978271484, 52.519012451171875, 49.44740676879883, 85.76890563964844, 62.831153869628906, 44.92293930053711, 37.56852722167969]"
2013-09-26,2013-10-02,1656.0,6246,3715.0,"[8, 0, 14, 10, 7, 0, 6]","[0, 6, 0, 0, 0, 5, 0]","[0.0, 0.3, 0.0, 0.0, 0.0, 0.0022310492193741835, 0.1707355350771184]","[45, 59, 91, 58, 31, 31, 38]","[49.27662658691406, 45.688907623291016, 86.2400894165039, 61.968990325927734, 42.848228454589844, 36.14431381225586, 40.955631256103516]"
2013-09-27,2013-10-03,1291.0,6726,3850.0,"[0, 13, 0, 0, 0, 7, 6]","[6, 1, 9, 6, 5, 0, 0]","[0.0, 0.0, 0.3, 0.3, 0.3, 0.3, 0.0]","[59, 91, 58, 31, 31, 38, 48]","[43.914161682128906, 85.39523315429688, 65.84571075439453, 40.41896057128906, 37.96485900878906, 41.20468521118164, 38.027706146240234]"
2013-09-28,2013-10-04,1364.0,6965,4150.0,"[14, 11, 7, 0, 7, 0, 0]","[0, 0, 0, 6, 0, 6, 8]","[0.3, 0.0, 0.278205827591145, 0.3, 0.0, 0.0, 0.0]","[91, 58, 31, 31, 38, 48, 64]","[87.08551025390625, 67.10115051269531, 39.45716094970703, 40.31916809082031, 39.778778076171875, 40.558555603027344, 60.05485534667969]"
2013-09-29,2013-10-05,1525.0,6947,4220.0,"[11, 8, 0, 7, 6, 10, 16]","[0, 0, 6, 0, 0, 0, 0]","[0.0, 0.3, 0.1700280187348986, 0.22379999493467456, 0.3, 0.0, 0.0]","[58, 31, 31, 38, 48, 64, 106]","[67.44326782226562, 49.14177322387695, 41.603336334228516, 39.78736114501953, 37.18984603881836, 61.930606842041016, 96.19334411621094]"
2013-09-30,2013-10-06,1643.0,6474,3850.0,"[8, 0, 0, 7, 11, 16, 11]","[0, 5, 0, 0, 0, 0, 0]","[0.3, 0.0, 0.0014074989724724286, 0.3, 0.0, 0.03630253188662572, 0.0]","[31, 31, 38, 48, 64, 106, 69]","[45.63209915161133, 39.14236831665039, 42.48708724975586, 39.908363342285156, 65.25392150878906, 98.08507537841797, 64.31624603271484]"
2013-10-01,2013-10-07,1964.0,7154,4030.0,"[4, 2, 0, 10, 16, 6, 5]","[2, 4, 6, 0, 0, 4, 0]","[0.3, 0.036334400261746405, 0.3, 0.0, 0.0, 0.0, 0.3]","[31, 38, 48, 64, 106, 69, 39]","[37.31443786621094, 39.72431945800781, 40.019569396972656, 62.12785720825195, 96.18417358398438, 68.17132568359375, 38.70546340942383]"
2013-10-02,2013-10-08,2053.0,6940,3705.0,"[6, 6, 10, 8, 11, 0, 3]","[0, 0, 0, 7, 0, 5, 0]","[0.28451045987000667, 0.0, 0.0, 0.2116873235537524, 0.0, 0.0, 0.3]","[38, 48, 64, 106, 69, 39, 42]","[38.32790756225586, 37.31602478027344, 61.22563552856445, 95.12398529052734, 62.35103988647461, 38.925235748291016, 22.77412223815918]"
2013-10-03,2013-10-09,2010.0,7404,3790.0,"[8, 10, 9, 4, 8, 0, 7]","[0, 0, 6, 6, 0, 0, 0]","[0.0, 0.3, 0.039500284648243233, 0.3, 0.3, 0.3, 0.0]","[48, 64, 106, 69, 39, 42, 45]","[43.87790298461914, 61.89155578613281, 95.83826446533203, 67.02030181884766, 48.675254821777344, 36.12021255493164, 43.61220169067383]"
2013-10-04,2013-10-10,1618.0,6672,3365.0,"[8, 17, 9, 7, 0, 0, 0]","[2, 0, 1, 0, 0, 0, 7]","[0.3, 0.28329533852952243, 0.0003525740746093838, 0.21276996448436988, 0.0, 0.3, 0.0]","[64, 106, 69, 39, 42, 45, 54]","[64.21259307861328, 101.55232238769531, 64.52910614013672, 39.60272979736328, 21.74568748474121, 37.135955810546875, 48.11436462402344]"
2013-10-05,2013-10-11,2132.0,6576,3740.0,"[16, 11, 0, 6, 7, 0, 11]","[0, 0, 0, 0, 0, 6, 0]","[0.03609968923286475, 0.0, 0.3, 0.3, 0.0, 0.0, 0.0]","[106, 69, 39, 42, 45, 54, 71]","[95.24813079833984, 66.80280303955078, 48.53422164916992, 37.10561752319336, 43.642791748046875, 46.25148010253906, 67.74420928955078]"
2013-10-06,2013-10-12,2808.0,9855,6290.0,"[0, 8, 0, 7, 2, 11, 20]","[10, 0, 5, 0, 0, 0, 20]","[0.0, 0.038350278606667385, 0.012249602093795773, 0.0, 0.3, 0.27919853791118315, 0.0]","[69, 39, 42, 45, 54, 71, 400]","[67.46685028076172, 48.783660888671875, 37.545799255371094, 43.65525436401367, 46.50141143798828, 67.38215637207031, 410.6295166015625]"
2013-10-07,2013-10-13,2910.0,9984,6110.0,"[6, 0, 6, 7, 8, 20, 12]","[0, 0, 0, 0, 2, 20, 2]","[0.0, 0.0, 0.3, 0.0, 0.3, 0.0, 0.0]","[39, 42, 45, 54, 71, 400, 312]","[40.830055236816406, 27.021413803100586, 37.68617248535156, 44.1090087890625, 67.2486343383789, 427.125, 294.827880859375]"
2013-10-08,2013-10-14,1940.0,8873,6400.0,"[0, 1, 3, 9, 0, 19, 17]","[2, 0, 0, 2, 11, 0, 20]","[0.3, 0.3, 0.20563319250130274, 0.0, 0.04064229679788157, 0.0, 0.0]","[42, 45, 54, 71, 400, 312, 182]","[37.083648681640625, 43.51027297973633, 46.16455078125, 67.17086029052734, 412.8136901855469, 296.3174743652344, 262.5313720703125]"
2013-10-09,2013-10-15,3901.0,10002,5850.0,"[7, 8, 0, 20, 20, 12, 0]","[0, 0, 0, 0, 19, 0, 2]","[0.009905023642137526, 0.03768394223639841, 0.3, 0.0, 0.0, 0.03828358871378091, 0.0011534926144193582]","[45, 54, 71, 400, 312, 182, 42]","[43.4995002746582, 46.30222702026367, 67.16069030761719, 412.1992492675781, 295.9974060058594, 261.9327392578125, 41.35381317138672]"
2013-10-10,2013-10-16,3391.0,9662,6000.0,"[6, 0, 0, 0, 20, 0, 4]","[1, 0, 20, 20, 11, 0, 0]","[0.0, 0.20242846656001115, 0.035072461600953606, 0.0, 0.008733574240373933, 0.0, 0.0]","[54, 71, 400, 312, 182, 42, 45]","[48.90266799926758, 71.50659942626953, 431.724853515625, 306.1672668457031, 263.1412353515625, 40.49095153808594, 45.15575408935547]"
2013-10-11,2013-10-17,2308.0,8496,5860.0,"[12, 19, 0, 20, 0, 0, 0]","[0, 0, 15, 20, 0, 0, 0]","[0.0, 0.0, 0.0, 0.003234855242814776, 0.0, 0.28129748088171624, 0.0]","[71, 400, 312, 182, 42, 45, 41]","[72.02537536621094, 418.4299621582031, 311.9165344238281, 278.9780578613281, 28.641521453857422, 41.45292663574219, 50.82501983642578]"
2013-10-12,2013-10-18,3605.0,9990,5260.0,"[20, 20, 20, 7, 6, 0, 0]","[11, 0, 0, 0, 0, 0, 0]","[0.0, 0.0, 0.3, 0.0, 0.0003963332167647519, 0.0, 0.3]","[400, 312, 182, 42, 45, 41, 56]","[411.8726501464844, 299.5027160644531, 259.939697265625, 41.1285285949707, 40.67299270629883, 47.523746490478516, 57.61167907714844]"
2013-10-13,2013-10-19,2039.0,8139,5735.0,"[20, 20, 0, 0, 2, 0, 16]","[0, 20, 0, 0, 5, 1, 0]","[0.03712943849595462, 0.036390487460406726, 0.0, 0.3, 0.0, 0.035297525197070155, 0.0]","[312, 182, 42, 45, 41, 56, 85]","[302.7430419921875, 262.6127014160156, 38.93134689331055, 40.78672790527344, 47.81513977050781, 58.408897399902344, 96.3707504272461]"
2013-10-14,2013-10-20,2009.0,8744,5155.0,"[0, 0, 2, 0, 5, 10, 12]","[20, 6, 4, 0, 4, 5, 0]","[0.0, 0.10194900421358549, 0.12184848630010933, 0.3, 0.0, 0.3, 0.3]","[182, 42, 45, 41, 56, 85, 64]","[265.4379577636719, 40.26219940185547, 41.599205017089844, 47.90167999267578, 58.584415435791016, 97.30303955078125, 73.02392578125]"
2013-10-15,2013-10-21,912.0,5996,3970.0,"[4, 0, 0, 0, 0, 12, 7]","[0, 0, 7, 8, 15, 0, 0]","[0.3, 0.0, 0.0, 0.0, 0.0, 0.3, 0.03755657441227342]","[42, 45, 41, 56, 85, 64, 32]","[26.02988052368164, 38.90440368652344, 50.44320297241211, 56.91139602661133, 104.5882339477539, 73.22247314453125, 42.23037338256836]"
2013-10-16,2013-10-22,1069.0,7081,4970.0,"[4, 3, 6, 7, 9, 5, 6]","[7, 4, 3, 9, 3, 3, 1]","[0.07519229219946112, 0.04539060686954551, 0.03930123131501508, 0.17183442612147037, 0.11297001177253072, 0.1630594664279283, 0.047919953247975725]","[45, 41, 56, 85, 64, 32, 34]","[40.35063171386719, 47.737972259521484, 57.76883316040039, 97.32779693603516, 74.48043823242188, 50.327938079833984, 39.199363708496094]"
2013-10-17,2013-10-23,872.0,7017,5030.0,"[7, 8, 6, 10, 8, 4, 3]","[2, 2, 9, 2, 3, 2, 6]","[0.08558784480461251, 0.12012391033849078, 0.08070345581107763, 0.13220228293644257, 0.10170662144480988, 0.10533065110046795, 0.18270329906908347]","[41, 56, 85, 64, 32, 34, 43]","[47.97850036621094, 58.02006530761719, 97.63421630859375, 74.83152770996094, 50.06459426879883, 39.19358444213867, 42.53807830810547]"
2013-10-18,2013-10-24,1556.0,7104,4350.0,"[0, 4, 6, 1, 0, 7, 8]","[8, 10, 5, 5, 5, 0, 0]","[0.0, 0.0, 0.3, 0.3, 0.0, 0.133240795983612, 0.0]","[56, 85, 64, 32, 34, 43, 45]","[57.070091247558594, 94.42308044433594, 71.116455078125, 43.07206344604492, 37.19883728027344, 41.17277526855469, 49.40529251098633]"
2013-10-19,2013-10-25,1354.0,7011,4760.0,"[0, 0, 8, 7, 7, 0, 7]","[14, 11, 0, 0, 0, 7, 3]","[0.0, 0.005279106135826262, 0.3, 0.3, 0.0, 0.04026459692884738, 0.0]","[85, 64, 32, 34, 43, 45, 72]","[97.48167419433594, 74.40760040283203, 49.885963439941406, 39.737064361572266, 42.962989807128906, 51.71058654785156, 62.00050735473633]"
2013-10-20,2013-10-26,1322.0,7450,4830.0,"[0, 0, 7, 0, 9, 10, 19]","[10, 7, 0, 6, 0, 0, 0]","[0.0, 0.3, 0.059780417686477225, 0.3, 0.3, 0.03601777240369021, 0.0]","[64, 32, 34, 43, 45, 72, 92]","[74.17354583740234, 49.526954650878906, 39.65053939819336, 42.95720291137695, 51.46064376831055, 61.73600387573242, 91.49420166015625]"
2013-10-21,2013-10-27,1646.0,6948,3590.0,"[0, 6, 7, 8, 10, 15, 7]","[0, 0, 0, 0, 0, 0, 2]","[0.0, 0.0, 0.3, 0.3, 0.0, 0.3, 0.0]","[32, 34, 43, 45, 72, 92, 66]","[45.72533416748047, 38.638641357421875, 41.21886444091797, 48.432918548583984, 60.93274688720703, 91.03106689453125, 56.28346633911133]"
2013-10-22,2013-10-28,2105.0,6994,4110.0,"[5, 7, 8, 0, 10, 10, 7]","[1, 0, 0, 8, 5, 0, 0]","[0.3, 0.00010928037044423828, 0.0, 0.12749565577538752, 0.0, 0.006774590615963947, 0.00773721133334755]","[34, 43, 45, 72, 92, 66, 46]","[37.17221450805664, 41.39004135131836, 48.82929229736328, 59.083518981933594, 92.90061950683594, 60.263206481933594, 45.217811584472656]"
2013-10-23,2013-10-29,1955.0,7734,4030.0,"[7, 0, 9, 16, 0, 6, 7]","[0, 7, 0, 0, 8, 0, 0]","[0.0, 0.0, 0.3, 0.3, 0.0, 0.0, 0.3]","[43, 45, 72, 92, 66, 46, 46]","[41.0254020690918, 47.76767349243164, 56.833003997802734, 95.70233917236328, 57.0563850402832, 35.904300689697266, 40.22937774658203]"
2013-10-24,2013-10-30,2161.0,7820,4475.0,"[3, 5, 13, 1, 2, 3, 5]","[5, 6, 2, 7, 5, 3, 2]","[0.03805573231807476, 0.13109307776165222, 0.1712357351069369, 0.10634459216010081, 0.06603341158142789, 0.1638274936840996, 0.1353103824709901]","[45, 72, 92, 66, 46, 46, 40]","[50.70059585571289, 62.68914794921875, 96.38338470458984, 53.81929016113281, 36.23285675048828, 37.65800094604492, 46.50636672973633]"
2013-10-25,2013-10-31,1539.0,6241,3550.0,"[3, 0, 9, 0, 7, 0, 7]","[6, 13, 0, 5, 0, 0, 0]","[0.0, 0.0, 0.3, 0.3, 0.08952535628500241, 0.3, 0.03771366173905077]","[72, 92, 66, 46, 46, 40, 31]","[59.95351791381836, 91.80363464355469, 56.1685676574707, 35.185482025146484, 39.30228805541992, 45.97203063964844, 44.9886589050293]"
2013-10-26,2013-11-01,1632.0,7006,4440.0,"[0, 10, 8, 7, 0, 0, 11]","[13, 0, 0, 0, 7, 6, 0]","[0.0, 0.0, 0.03522335543654971, 0.0, 0.3, 0.3, 0.0]","[92, 66, 46, 46, 40, 31, 53]","[92.42301940917969, 59.31449890136719, 45.11650848388672, 40.87351608276367, 45.3338508605957, 44.157371520996094, 67.46826171875]"
2013-10-27,2013-11-02,1274.0,7192,4635.0,"[10, 3, 0, 0, 0, 1, 0]","[0, 4, 6, 6, 4, 9, 14]","[0.2667907197198488, 0.04058926280955185, 0.009407849308233409, 0.3, 0.3, 0.0, 0.03611419482267359]","[66, 46, 46, 40, 31, 53, 84]","[61.08000946044922, 45.46027755737305, 40.82773208618164, 45.25457763671875, 44.179115295410156, 67.65607452392578, 99.12258911132812]"
2013-10-28,2013-11-03,1010.0,7415,5220.0,"[8, 4, 7, 5, 6, 4, 6]","[4, 3, 1, 2, 5, 11, 5]","[0.1727553412378091, 0.1306288363843311, 0.060720053899013623, 0.21250246457294875, 0.08496107167238126, 0.1030453401486546, 0.1330030992990342]","[46, 46, 40, 31, 53, 84, 74]","[53.19010543823242, 42.69462585449219, 45.79838943481445, 44.3258171081543, 65.69078063964844, 96.19064331054688, 77.52983856201172]"
2013-10-29,2013-11-04,1408.0,7028,4580.0,"[7, 0, 0, 12, 17, 13, 4]","[0, 6, 7, 0, 0, 0, 2]","[0.03745813246807553, 0.3, 0.0, 0.0, 0.0, 0.08699878690275355, 0.3]","[46, 40, 31, 53, 84, 74, 35]","[39.25758361816406, 44.875919342041016, 46.47209930419922, 69.97513580322266, 99.93930053710938, 76.34737396240234, 38.45673751831055]"
2013-10-30,2013-11-05,1483.0,7650,4340.0,"[7, 7, 1, 16, 13, 7, 7]","[0, 0, 9, 0, 0, 0, 0]","[0.3, 0.0, 0.0, 0.3, 0.3, 0.0, 0.0]","[40, 31, 53, 84, 74, 35, 42]","[45.32290267944336, 43.826744079589844, 67.5235366821289, 99.06200408935547, 78.61876678466797, 42.76190948486328, 40.619075775146484]"
2013-10-31,2013-11-06,1512.0,7100,4520.0,"[7, 0, 0, 13, 7, 7, 7]","[0, 10, 14, 0, 0, 0, 0]","[0.08953177753611868, 0.04064795466229333, 0.0, 0.16635242261702657, 0.0, 0.3, 0.1144878703785862]","[31, 53, 84, 74, 35, 42, 40]","[44.080909729003906, 68.1180648803711, 99.30809020996094, 78.68544006347656, 42.683082580566406, 40.73183059692383, 43.68552780151367]"
2013-11-01,2013-11-07,1718.0,6591,4005.0,"[9, 20, 14, 7, 7, 7, 0]","[0, 0, 0, 0, 0, 0, 1]","[0.16402877536924743, 0.039631482165153144, 0.03640146849588885, 0.0, 0.10649287005904554, 0.21337037920259846, 0.0]","[53, 84, 74, 35, 42, 40, 40]","[62.632110595703125, 105.5086669921875, 81.24636840820312, 39.4807243347168, 39.8956413269043, 44.947418212890625, 44.57860565185547]"
2013-11-02,2013-11-08,1796.0,7494,4450.0,"[10, 0, 0, 7, 7, 7, 0]","[5, 11, 6, 0, 0, 0, 8]","[0.0067439491335313986, 0.03562436671147883, 0.3, 0.3, 0.29947998892715144, 0.03756122965095441, 0.0]","[84, 74, 35, 42, 40, 40, 71]","[96.01717376708984, 76.63159942626953, 41.46944808959961, 38.15148162841797, 44.20772933959961, 44.457366943359375, 58.88734436035156]"
2013-11-03,2013-11-09,2662.0,9763,6075.0,"[0, 0, 0, 7, 0, 0, 19]","[11, 5, 0, 0, 6, 8, 19]","[0.3, 0.0, 0.01592272688530722, 0.0, 0.2549759580538767, 0.039362899292348597, 0.036198533390731855]","[74, 35, 42, 40, 40, 71, 410]","[77.89582061767578, 42.28303527832031, 39.95207214355469, 42.97116470336914, 43.76338577270508, 57.31353759765625, 395.4129638671875]"
2013-11-04,2013-11-10,3132.0,9864,6480.0,"[7, 6, 6, 6, 0, 16, 20]","[0, 0, 0, 0, 7, 20, 0]","[0.0, 0.0, 0.0, 0.0, 0.0, 0.0, 0.0]","[35, 42, 40, 40, 71, 410, 314]","[42.12213897705078, 39.61317825317383, 42.92365646362305, 44.061553955078125, 57.82400131225586, 396.1385498046875, 327.26873779296875]"
2013-11-05,2013-11-11,3247.0,9918,6070.0,"[0, 7, 7, 8, 19, 0, 15]","[0, 0, 0, 0, 13, 16, 0]","[0.3, 0.03312909701668242, 0.0, 0.3, 0.0, 0.0004919166563544556, 0.0]","[42, 40, 40, 71, 410, 314, 283]","[37.540863037109375, 42.482933044433594, 44.44093704223633, 58.48298645019531, 404.0029296875, 312.173583984375, 255.9674072265625]"
2013-11-06,2013-11-12,3767.0,9954,5940.0,"[0, 7, 0, 20, 20, 0, 0]","[0, 0, 0, 20, 19, 0, 0]","[0.3, 0.0, 0.1653471141058105, 0.0, 0.0, 0.0, 0.0]","[40, 40, 71, 410, 314, 283, 45]","[41.61344909667969, 44.35408020019531, 57.64008331298828, 409.47149658203125, 339.7427673339844, 252.087158203125, 49.214176177978516]"
2013-11-07,2013-11-13,3797.0,9943,5870.0,"[1, 0, 0, 20, 17, 1, 0]","[0, 2, 17, 5, 20, 0, 0]","[0.0066066096367987034, 0.03951171660303843, 0.0, 0.0392516976014113, 0.0, 0.1745370540432254, 0.2696618650024103]","[40, 71, 410, 314, 283, 45, 42]","[43.764549255371094, 58.437355041503906, 404.58929443359375, 330.36602783203125, 253.81959533691406, 51.8111686706543, 42.04511642456055]"
2013-11-08,2013-11-14,3945.0,9930,5730.0,"[0, 19, 20, 20, 0, 4, 1]","[3, 0, 0, 20, 0, 0, 0]","[0.0016334171324497806, 0.0, 0.035894995723390624, 0.0, 0.0, 0.0, 0.023640977773255478]","[71, 410, 314, 283, 45, 42, 49]","[56.639373779296875, 396.2919921875, 327.659912109375, 261.3133544921875, 48.33981704711914, 42.51612091064453, 46.186424255371094]"
2013-11-09,2013-11-15,3928.0,9936,5760.0,"[20, 20, 20, 8, 0, 0, 0]","[20, 1, 0, 0, 0, 0, 0]","[0.0, 0.0, 0.0, 0.0, 0.0, 0.3, 0.3]","[410, 314, 283, 45, 42, 49, 62]","[409.40423583984375, 335.478271484375, 252.5097198486328, 49.3303337097168, 47.03614807128906, 50.68463134765625, 71.03451538085938]"
2013-11-10,2013-11-16,3518.0,9972,5680.0,"[20, 20, 0, 0, 7, 5, 13]","[20, 0, 0, 0, 0, 0, 0]","[0.0042467280878466206, 0.0, 0.0, 0.3, 0.3, 0.3, 0.0]","[314, 283, 45, 42, 49, 62, 115]","[325.3465270996094, 251.07275390625, 50.582279205322266, 40.91472244262695, 42.52974319458008, 65.33380126953125, 92.42584228515625]"
2013-11-11,2013-11-17,3522.0,9900,5820.0,"[20, 7, 6, 0, 11, 7, 11]","[19, 0, 0, 5, 0, 0, 0]","[0.0, 0.3, 0.0, 0.0, 0.0, 0.02269690459361932, 0.0]","[283, 45, 42, 49, 62, 115, 86]","[254.4669647216797, 51.826229095458984, 41.4391975402832, 42.26995849609375, 65.8379135131836, 93.36348724365234, 80.92660522460938]"
2013-11-12,2013-11-18,2052.0,8935,4715.0,"[0, 0, 7, 0, 12, 13, 0]","[7, 6, 0, 9, 3, 0, 7]","[0.3, 0.3, 0.0, 0.2802259793320053, 0.3, 0.0, 0.17349503400854974]","[45, 42, 49, 62, 115, 86, 49]","[53.49101638793945, 42.96271896362305, 44.142555236816406, 66.46076202392578, 93.3966064453125, 80.64088439941406, 49.2471923828125]"
2013-11-13,2013-11-19,1615.0,8130,5495.0,"[6, 20, 11, 10, 13, 0, 8]","[1, 0, 0, 5, 0, 7, 2]","[0.3, 0.0, 0.0, 0.0, 0.0397631184653208, 0.3, 0.0]","[42, 49, 62, 115, 86, 49, 42]","[42.16867446899414, 44.67634963989258, 65.97748565673828, 96.23765563964844, 80.47047424316406, 48.056793212890625, 62.36388397216797]"
2013-11-14,2013-11-20,1858.0,8736,5395.0,"[8, 11, 17, 0, 7, 12, 0]","[0, 0, 0, 12, 2, 0, 9]","[0.29964994294099334, 0.3, 0.0, 0.0, 0.3, 0.03723141787060545, 0.0]","[49, 62, 115, 86, 49, 42, 43]","[45.447261810302734, 70.17017364501953, 103.11426544189453, 87.3896484375, 57.549888610839844, 72.14187622070312, 62.106407165527344]"
2013-11-15,2013-11-21,2479.0,8972,5030.0,"[0, 20, 14, 8, 10, 8, 9]","[9, 0, 0, 0, 0, 0, 0]","[0.3, 0.0, 0.3, 0.0010339476283170255, 0.0, 0.1343901528219428, 0.0]","[62, 115, 86, 49, 42, 43, 51]","[65.37464904785156, 93.85255432128906, 81.33590698242188, 49.26503372192383, 57.2625846862793, 48.68880081176758, 53.35136032104492]"
2013-11-16,2013-11-22,2010.0,8623,5120.0,"[16, 7, 1, 4, 0, 0, 0]","[0, 6, 6, 5, 7, 7, 9]","[0.23603807455233658, 0.1750208229186009, 0.0, 0.0, 0.08298855899071592, 0.3, 0.0]","[115, 86, 49, 42, 43, 51, 67]","[94.17586517333984, 81.34089660644531, 49.631072998046875, 56.794151306152344, 48.31063461303711, 52.60392379760742, 67.53331756591797]"
2013-11-17,2013-11-23,2014.0,7128,4710.0,"[14, 0, 9, 8, 0, 11, 0]","[0, 0, 0, 0, 7, 0, 16]","[0.0, 0.0, 0.0, 0.0, 0.0, 0.0, 0.0]","[86, 49, 42, 43, 51, 67, 141]","[83.38723754882812, 50.18680191040039, 56.844337463378906, 47.93891143798828, 52.46451187133789, 68.32002258300781, 115.06764221191406]"
2013-11-18,2013-11-24,2534.0,8833,5415.0,"[8, 9, 0, 9, 12, 18, 12]","[0, 0, 7, 0, 0, 0, 5]","[0.0, 0.3, 0.0, 0.0823158113152701, 0.0, 0.03580422984758844, 0.10891759070033633]","[49, 42, 43, 51, 67, 141, 98]","[50.33474349975586, 56.36761474609375, 48.81966018676758, 53.65937042236328, 69.87460327148438, 115.8909912109375, 106.60216522216797]"
2013-11-19,2013-11-25,2707.0,8792,5460.0,"[9, 8, 9, 0, 19, 18, 10]","[0, 0, 0, 10, 0, 0, 0]","[0.3, 0.0, 0.003684023732507438, 0.0, 0.0005161669099779474, 0.03834719771322006, 0.0]","[42, 43, 51, 67, 141, 98, 54]","[56.50892639160156, 47.36989974975586, 52.29499435424805, 68.8371810913086, 115.1710205078125, 105.80658721923828, 61.648197174072266]"
2013-11-20,2013-11-26,2706.0,9312,5260.0,"[0, 8, 11, 0, 17, 10, 8]","[7, 0, 0, 16, 0, 0, 0]","[0.3, 0.3, 0.0, 0.0, 0.0, 0.3, 0.0]","[43, 51, 67, 141, 98, 54, 53]","[47.108741760253906, 50.896583557128906, 67.68367767333984, 114.55817413330078, 104.80207061767578, 60.242252349853516, 49.4581184387207]"
2013-11-21,2013-11-27,3482.0,9397,5625.0,"[7, 7, 0, 16, 8, 0, 12]","[0, 3, 20, 0, 0, 7, 0]","[0.0, 0.0, 0.0, 0.040298202514643014, 0.008105937825059388, 0.038496266038101745, 0.03950680867495694]","[51, 67, 141, 98, 54, 53, 108]","[44.026527404785156, 64.66585540771484, 127.38176727294922, 94.75879669189453, 50.28568649291992, 47.39666748046875, 72.31787109375]"
2013-11-22,2013-11-28,3305.0,9973,6065.0,"[0, 11, 0, 1, 0, 12, 10]","[9, 9, 13, 6, 7, 0, 3]","[0.0, 0.0, 0.040131708742585634, 0.29936268419360634, 0.005946372035471576, 0.0, 0.007504902937487113]","[67, 141, 98, 54, 53, 108, 242]","[67.23180389404297, 128.6026153564453, 91.57933044433594, 49.35540771484375, 50.16304397583008, 77.3772964477539, 85.80145263671875]"
2013-11-23,2013-11-29,3105.0,9738,5890.0,"[1, 17, 4, 0, 0, 11, 20]","[14, 0, 5, 0, 11, 0, 0]","[0.004149562889622436, 0.0, 0.0, 0.3, 0.0, 0.3, 3.6859444865634504e-05]","[141, 98, 54, 53, 108, 242, 504]","[113.52580261230469, 104.60218048095703, 59.07924270629883, 48.38002395629883, 81.18395233154297, 108.11277770996094, 438.7885437011719]"
2013-11-24,2013-11-30,3279.0,10066,5550.0,"[0, 3, 0, 13, 16, 6, 18]","[9, 5, 7, 1, 0, 0, 2]","[0.03831932115210422, 0.056948177812022854, 0.0, 0.005727120358484552, 0.3, 0.27484227028569175, 0.035411472150541676]","[98, 54, 53, 108, 242, 504, 163]","[96.44366455078125, 55.71795654296875, 53.436622619628906, 89.94074249267578, 96.40371704101562, 438.0085144042969, 118.04385375976562]"
2013-11-25,2013-12-01,2867.0,9950,5540.0,"[0, 0, 12, 0, 19, 0, 0]","[7, 7, 0, 13, 0, 2, 14]","[0.03980257664027126, 0.0, 0.2787816730625857, 0.03916504521037385, 0.3, 0.0, 0.0]","[54, 53, 108, 242, 504, 163, 116]","[59.11422348022461, 51.12123489379883, 89.09919738769531, 95.90562438964844, 433.59954833984375, 128.98643493652344, 127.31832122802734]"
2013-11-26,2013-12-02,3747.0,9954,5960.0,"[6, 10, 14, 19, 0, 0, 0]","[0, 0, 0, 19, 14, 4, 0]","[0.0015647929891963687, 0.0, 0.0, 0.008123464398791032, 0.0, 0.0, 0.013231192876911546]","[53, 108, 242, 504, 163, 116, 55]","[50.89164352416992, 79.97456359863281, 88.14852905273438, 444.6397705078125, 117.45781707763672, 127.81819915771484, 59.39499282836914]"
2013-11-27,2013-12-03,3622.0,9919,5470.0,"[7, 0, 20, 19, 8, 0, 1]","[2, 5, 20, 0, 0, 0, 0]","[0.00023892911368829026, 0.28320679490771045, 0.0, 0.03785973524389468, 0.3, 0.3, 0.0]","[108, 242, 504, 163, 116, 55, 42]","[84.66177368164062, 99.55706787109375, 439.7724609375, 120.99713134765625, 127.94557189941406, 56.38191604614258, 69.201904296875]"
2013-11-28,2013-12-04,3199.0,9440,5645.0,"[8, 9, 18, 6, 7, 8, 3]","[6, 0, 0, 13, 0, 1, 4]","[0.0, 0.0, 0.03747755675874775, 0.03748353398549654, 0.29928655453503966, 0.022990826447984135, 0.0]","[242, 504, 163, 116, 55, 42, 62]","[94.36268615722656, 444.63531494140625, 122.20901489257812, 127.59757232666016, 57.84534454345703, 69.74321746826172, 68.44114685058594]"
2013-11-29,2013-12-05,2492.0,9317,6485.0,"[17, 7, 0, 6, 0, 1, 12]","[12, 8, 14, 10, 2, 0, 1]","[0.002968676205579014, 0.004285302959196365, 0.0, 0.0, 0.10895551200998907, 0.1810434285052231, 0.03754020243834592]","[504, 163, 116, 55, 42, 62, 55]","[468.6578369140625, 142.17710876464844, 134.50718688964844, 62.980377197265625, 64.27998352050781, 74.37820434570312, 106.6135025024414]"
2013-11-30,2013-12-06,1518.0,8211,6010.0,"[10, 8, 1, 9, 7, 7, 7]","[2, 12, 1, 0, 5, 9, 5]","[0.0, 0.0, 0.3, 0.000911151341771485, 0.0, 0.0, 0.171469973335079]","[163, 116, 55, 42, 62, 55, 77]","[162.19285583496094, 131.856689453125, 63.097660064697266, 61.289329528808594, 75.75251007080078, 105.64724731445312, 90.07548522949219]"
2013-12-01,2013-12-07,2452.0,8844,5755.0,"[20, 5, 0, 6, 13, 13, 14]","[2, 4, 0, 1, 0, 0, 7]","[0.037667141278062435, 0.004270280379026136, 0.3, 0.3, 0.0, 0.0, 0.03667403273191634]","[116, 55, 42, 62, 55, 77, 118]","[138.2139129638672, 64.09049987792969, 64.35967254638672, 70.94905090332031, 110.68804931640625, 92.44148254394531, 149.06454467773438]"
2013-12-02,2013-12-08,1322.0,8094,6060.0,"[10, 10, 0, 19, 0, 17, 20]","[0, 0, 7, 0, 0, 6, 0]","[0.005826188032668546, 0.0350540005354121, 0.3, 0.0, 0.01573160765696552, 0.0, 0.0]","[55, 42, 62, 55, 77, 118, 112]","[62.16761779785156, 62.745216369628906, 68.18411254882812, 102.68623352050781, 89.5845718383789, 151.18624877929688, 121.51605987548828]"
2013-12-03,2013-12-09,1725.0,8436,5815.0,"[4, 1, 17, 0, 13, 12, 0]","[0, 8, 0, 12, 10, 5, 0]","[0.0, 0.0, 0.0, 0.3, 0.0, 0.0, 0.3]","[42, 62, 55, 77, 118, 112, 58]","[59.78140640258789, 62.716670989990234, 103.59864044189453, 88.43052673339844, 154.4249267578125, 122.71581268310547, 75.48616790771484]"
2013-12-04,2013-12-10,2669.0,8940,5960.0,"[7, 0, 15, 13, 0, 11, 11]","[2, 3, 0, 10, 14, 0, 0]","[0.0, 0.0, 0.03895712344168195, 0.0, 0.0, 0.0, 0.03480309690928957]","[62, 55, 77, 118, 112, 58, 61]","[62.56406021118164, 102.99085235595703, 89.65885925292969, 153.3705291748047, 122.38944244384766, 71.23152160644531, 86.94100189208984]"
2013-12-05,2013-12-11,2619.0,8925,5650.0,"[0, 15, 20, 15, 0, 7, 16]","[9, 0, 0, 4, 0, 0, 0]","[0.27936157035966935, 0.0009455545581483756, 0.037294412072224274, 0.0, 0.09868608176585862, 0.0, 0.0021103843546883944]","[55, 77, 118, 112, 58, 61, 70]","[102.81556701660156, 90.45612335205078, 149.9965057373047, 115.57526397705078, 73.00750732421875, 89.1826400756836, 99.09333038330078]"
2013-12-06,2013-12-12,1829.0,8407,5765.0,"[0, 10, 7, 5, 6, 0, 5]","[0, 12, 11, 6, 7, 4, 5]","[0.0, 0.0, 0.0, 0.0, 0.038926052688776094, 0.004052303883556197, 0.3]","[77, 118, 112, 58, 61, 70, 76]","[78.85137176513672, 147.84310913085938, 116.97177124023438, 70.0924301147461, 88.82766723632812, 96.4180908203125, 96.66394805908203]"
2013-12-07,2013-12-13,1849.0,8750,6100.0,"[15, 1, 20, 0, 18, 8, 13]","[5, 0, 0, 10, 0, 2, 0]","[0.16247882220673696, 0.3, 0.08847515001342683, 0.0, 0.03932667248829346, 0.0, 0.036937053036277145]","[118, 112, 58, 61, 70, 76, 91]","[144.24835205078125, 115.68464660644531, 75.96329498291016, 88.4524917602539, 98.9971694946289, 100.50931549072266, 109.6240005493164]"
2013-12-08,2013-12-14,3167.0,9382,5930.0,"[5, 9, 3, 11, 15, 5, 20]","[12, 0, 5, 3, 0, 0, 0]","[0.03701239059722566, 0.0, 0.0, 0.0, 2.906445963709822e-08, 0.0, 0.0]","[112, 58, 61, 70, 76, 91, 192]","[114.32037353515625, 73.12515258789062, 91.27972412109375, 96.46833801269531, 97.30673217773438, 111.07274627685547, 186.0833282470703]"
2013-12-09,2013-12-15,2411.0,9046,6100.0,"[13, 12, 0, 1, 12, 18, 0]","[0, 0, 13, 0, 0, 0, 16]","[0.03978798642864071, 0.0, 0.0, 0.07414358042077619, 0.0, 0.12613170092419304, 0.0]","[58, 61, 70, 76, 91, 192, 141]","[75.54058837890625, 91.41615295410156, 93.32549285888672, 99.091064453125, 107.05643463134766, 183.46005249023438, 154.4497528076172]"
2013-12-10,2013-12-16,2304.0,8568,5940.0,"[2, 15, 15, 17, 0, 0, 20]","[0, 0, 0, 0, 20, 0, 0]","[0.0, 0.0, 0.0, 0.0, 0.0, 0.3, 0.0]","[61, 70, 76, 91, 192, 141, 87]","[86.47447204589844, 91.21186065673828, 94.53068542480469, 105.59410095214844, 180.4950408935547, 152.50082397460938, 119.39804077148438]"
2013-12-11,2013-12-17,3098.0,9582,5640.0,"[0, 15, 13, 13, 0, 10, 0]","[11, 0, 0, 0, 20, 0, 0]","[0.0, 0.0, 0.03926681982192118, 0.3, 0.0003476731518624171, 0.005155024839028942, 0.21159322918212362]","[70, 76, 91, 192, 141, 87, 87]","[80.21359252929688, 91.35697937011719, 106.02593231201172, 155.9330596923828, 142.8159942626953, 109.97132110595703, 104.83960723876953]"
2013-12-12,2013-12-18,3813.0,9915,5845.0,"[4, 10, 20, 17, 4, 1, 0]","[4, 4, 3, 6, 8, 5, 0]","[0.0, 0.0, 0.0, 0.03652491999791238, 0.0, 0.0, 0.3]","[76, 91, 192, 141, 87, 87, 117]","[86.1269302368164, 98.40510559082031, 159.59739685058594, 154.12142944335938, 108.5550308227539, 89.88530731201172, 126.97703552246094]"
2013-12-13,2013-12-19,2859.0,9077,5575.0,"[13, 18, 7, 8, 2, 2, 0]","[1, 2, 10, 10, 3, 5, 0]","[0.0, 0.045849058690860235, 0.0, 0.1304890004541246, 0.07594442544646904, 0.0, 0.3]","[91, 192, 141, 87, 87, 117, 105]","[92.77597045898438, 151.53314208984375, 145.55029296875, 118.29269409179688, 105.42127990722656, 128.9376220703125, 142.47601318359375]"
2013-12-14,2013-12-20,4043.0,10026,5740.0,"[20, 14, 9, 13, 19, 11, 1]","[0, 2, 2, 1, 0, 0, 0]","[0.0, 0.0, 0.0, 0.0, 0.0, 0.015323936704743978, 0.0]","[192, 141, 87, 87, 117, 105, 147]","[170.68966674804688, 152.70449829101562, 109.80304718017578, 92.61490631103516, 112.2452163696289, 123.29607391357422, 148.05763244628906]"
2013-12-15,2013-12-21,1586.0,15187,12275.0,"[16, 17, 17, 3, 1, 12, 18]","[15, 19, 8, 11, 4, 7, 18]","[0.06739433953331843, 0.22352542070138584, 0.024638664045258617, 0.13487053716200423, 0.26598524556245456, 0.05304818121124378, 0.06247891249353969]","[141, 87, 87, 117, 105, 147, 213]","[153.48927307128906, 106.04553985595703, 92.789306640625, 112.54798889160156, 127.92081451416016, 145.3938751220703, 208.6587371826172]"
2013-12-16,2013-12-22,2820.0,13337,8800.0,"[8, 11, 1, 16, 6, 6, 16]","[10, 10, 2, 1, 3, 19, 9]","[0.15105785928338492, 0.0715033302852319, 0.19004847782531395, 0.2183360564727626, 0.0021469093095313084, 0.09291904899270055, 0.09338867751848313]","[87, 87, 117, 105, 147, 213, 222]","[107.31228637695312, 91.58966064453125, 115.48213958740234, 125.43741607666016, 142.95657348632812, 202.68002319335938, 192.52024841308594]"
2013-12-17,2013-12-23,2498.0,16278,11395.0,"[19, 11, 11, 12, 5, 13, 6]","[14, 4, 19, 11, 7, 9, 14]","[0.184417414682056, 0.29805373632456017, 0.11017822670466981, 0.17617830718558536, 0.09288304770780728, 0.16990905724447772, 0.04947122644343103]","[87, 117, 105, 147, 213, 222, 198]","[89.8604507446289, 111.37701416015625, 121.37081146240234, 142.19383239746094, 203.88729858398438, 194.21070861816406, 123.33658599853516]"
2013-12-18,2013-12-24,3653.0,9690,5730.0,"[5, 20, 16, 4, 20, 0, 1]","[10, 0, 5, 0, 7, 0, 0]","[0.0, 0.0, 0.0, 0.03651522018149092, 0.0, 0.0, 0.3]","[117, 105, 147, 213, 222, 198, 98]","[106.8427505493164, 118.33931732177734, 144.9161834716797, 205.52401733398438, 193.48960876464844, 130.24964904785156, 120.47802734375]"
2013-12-19,2013-12-25,3483.0,9756,6015.0,"[18, 20, 19, 0, 0, 0, 0]","[1, 0, 3, 0, 13, 13, 0]","[0.0, 0.0, 0.0, 0.3, 0.0, 0.0, 0.0]","[105, 147, 213, 222, 198, 98, 0]","[125.4176025390625, 148.72972106933594, 209.44383239746094, 195.43971252441406, 127.91665649414062, 118.98802185058594, 64.50751495361328]"
2013-12-20,2013-12-26,4120.0,9960,5580.0,"[20, 20, 20, 1, 8, 0, 0]","[0, 0, 3, 11, 4, 0, 0]","[0.03474597011956434, 0.0355161620523195, 0.0, 0.0, 0.015730778574832252, 0.0, 0.29002481395629826]","[147, 213, 222, 198, 98, 0, 198]","[146.2161407470703, 207.3112335205078, 194.52560424804688, 132.95223999023438, 125.09037017822266, 62.6124267578125, 118.62904357910156]"
2013-12-21,2013-12-27,2084.0,8328,5795.0,"[20, 0, 0, 18, 11, 0, 0]","[4, 16, 4, 1, 0, 2, 7]","[0.034723610298140396, 0.015206472785358593, 0.1276948511604152, 0.0, 0.12555830328709178, 0.17076403514915875, 0.0]","[213, 222, 198, 98, 0, 198, 129]","[205.89373779296875, 197.62246704101562, 128.62094116210938, 125.8115005493164, 65.81394958496094, 123.7684097290039, 198.35470581054688]"
2013-12-22,2013-12-28,2004.0,9407,6900.0,"[17, 17, 9, 0, 7, 3, 2]","[1, 17, 16, 6, 2, 2, 0]","[0.03834277975740889, 0.0, 0.10948681523287071, 0.3, 0.0, 0.0, 0.08846249498144812]","[222, 198, 98, 0, 198, 129, 169]","[198.56207275390625, 122.29485321044922, 116.57540893554688, 53.53361511230469, 124.61956787109375, 201.81552124023438, 165.97727966308594]"
2013-12-23,2013-12-29,1710.0,14116,10035.0,"[1, 8, 9, 1, 8, 9, 1]","[17, 17, 8, 11, 9, 16, 13]","[0.16010444783133057, 0.28279777689924723, 0.02549753042544234, 0.0974306468906899, 0.08495273825018507, 0.11815209601169338, 0.2897233995867867]","[198, 98, 0, 198, 129, 169, 135]","[128.92210388183594, 125.35737609863281, 71.90447235107422, 122.12870025634766, 196.2275848388672, 148.1865234375, 167.05946350097656]"
2013-12-24,2013-12-30,2247.0,8334,5750.0,"[20, 9, 19, 20, 0, 9, 0]","[1, 1, 0, 0, 11, 0, 0]","[0.0, 0.0, 0.0, 0.0, 0.0, 0.0, 0.0006329527477372122]","[98, 0, 198, 129, 169, 135, 161]","[162.9012908935547, 78.61854553222656, 129.52874755859375, 206.25624084472656, 153.97621154785156, 183.4263458251953, 121.20980072021484]"
2013-12-25,2013-12-31,2520.0,8658,5800.0,"[10, 6, 5, 20, 20, 1, 0]","[0, 11, 0, 3, 0, 0, 10]","[0.2129413660411105, 0.0, 0.010783283417254907, 0.0, 0.0, 0.17498513899570753, 0.0]","[0, 198, 129, 169, 135, 161, 126]","[61.40281677246094, 114.9926528930664, 195.55323791503906, 144.51515197753906, 171.29978942871094, 116.16925048828125, 125.07222747802734]"
2013-12-26,2014-01-01,3284.0,9948,5670.0,"[0, 0, 14, 7, 15, 17, 8]","[17, 0, 0, 0, 5, 0, 0]","[0.0017105303802955744, 0.24006645381181968, 0.24917395607413106, 0.3, 0.0, 0.0, 0.0]","[198, 129, 169, 135, 161, 126, 74]","[126.67835235595703, 198.1563720703125, 160.04928588867188, 177.9177703857422, 132.73944091796875, 143.0161895751953, 103.45051574707031]"
2013-12-27,2014-01-02,3330.0,9756,5680.0,"[15, 14, 13, 0, 0, 12, 8]","[7, 0, 0, 0, 15, 0, 0]","[0.0, 0.037917607000817234, 0.2532273826854447, 0.3, 0.0033146782235049946, 0.04468602076475271, 0.007329559421022539]","[129, 169, 135, 161, 126, 74, 82]","[181.87335205078125, 159.5832061767578, 159.97702026367188, 128.21156311035156, 143.88278198242188, 87.31819152832031, 83.09375]"
2013-12-28,2014-01-03,3374.0,9753,6065.0,"[13, 4, 7, 0, 1, 7, 13]","[8, 18, 10, 0, 0, 3, 0]","[0.0, 0.03625557448007911, 0.0, 0.0, 0.3, 0.0, 0.0376091292229949]","[169, 135, 161, 126, 74, 82, 84]","[135.65802001953125, 147.5090789794922, 112.16360473632812, 139.9878387451172, 67.97073364257812, 75.08390808105469, 82.1451187133789]"
2013-12-29,2014-01-04,1257.0,10735,7600.0,"[7, 11, 3, 12, 1, 1, 13]","[0, 16, 3, 17, 7, 4, 8]","[0.08706473388245453, 0.21380923321298018, 0.03806517868028184, 0.16850307171601275, 0.17620173217072949, 0.2756482518045499, 0.16017486173689072]","[135, 161, 126, 74, 82, 84, 103]","[156.2738800048828, 125.80177307128906, 150.30300903320312, 77.40180969238281, 77.91990661621094, 84.15575408935547, 101.32220458984375]"
2013-12-30,2014-01-05,3432.0,9738,5695.0,"[20, 20, 12, 0, 8, 11, 13]","[0, 0, 0, 4, 0, 1, 0]","[0.0, 0.0, 0.0, 0.0, 0.3, 0.0, 0.0]","[161, 126, 74, 82, 84, 103, 64]","[124.21344757080078, 145.36102294921875, 73.62703704833984, 76.3490982055664, 80.36028289794922, 103.31665802001953, 83.63597106933594]"
2013-12-31,2014-01-06,3027.0,9595,5535.0,"[20, 12, 0, 14, 0, 7, 6]","[0, 0, 0, 0, 15, 5, 2]","[0.0, 0.0, 0.3, 0.03600886575237736, 0.3, 0.03842632806177264, 0.035169243464304376]","[126, 74, 82, 84, 103, 64, 45]","[161.50616455078125, 75.54450988769531, 76.45013427734375, 85.8470230102539, 106.08563232421875, 85.03728485107422, 53.459136962890625]"
2014-01-01,2014-01-07,2869.0,9264,5605.0,"[9, 13, 5, 14, 8, 7, 8]","[2, 0, 8, 3, 6, 1, 0]","[0.3, 0.0, 0.0, 0.0, 0.03654436338335869, 0.0, 0.03979062249272385]","[74, 82, 84, 103, 64, 45, 44]","[70.60614013671875, 80.08779907226562, 84.56851959228516, 109.55997467041016, 92.05538940429688, 53.93626022338867, 48.955963134765625]"
2014-01-02,2014-01-08,2416.0,8574,5365.0,"[14, 3, 16, 6, 0, 0, 2]","[0, 9, 0, 6, 8, 6, 5]","[0.0, 0.0, 0.0, 0.3, 0.0, 0.0, 0.0]","[82, 84, 103, 64, 45, 44, 45]","[82.88456726074219, 84.42036437988281, 97.34296417236328, 78.89952850341797, 53.25482940673828, 53.67909622192383, 45.9996452331543]"
2014-01-03,2014-01-09,2054.0,8832,5200.0,"[4, 6, 1, 9, 8, 8, 8]","[9, 10, 10, 1, 0, 0, 0]","[0.3, 0.0, 0.0, 0.3, 0.3, 0.0, 0.0]","[84, 103, 64, 45, 44, 45, 48]","[86.73121643066406, 107.6905288696289, 75.27249908447266, 62.26123809814453, 49.08195495605469, 47.53791046142578, 50.65421676635742]"
2014-01-04,2014-01-10,1963.0,7911,4950.0,"[10, 9, 10, 9, 0, 9, 12]","[6, 3, 0, 0, 6, 0, 0]","[0.0, 0.037125744946538794, 0.0, 0.3, 0.3, 0.0, 0.035312396548901004]","[103, 64, 45, 44, 45, 48, 59]","[104.9539794921875, 74.6758041381836, 58.15987014770508, 55.298099517822266, 46.61563491821289, 53.166114807128906, 69.83980560302734]"
2014-01-05,2014-01-11,1405.0,7856,5110.0,"[9, 4, 6, 5, 5, 3, 11]","[3, 4, 2, 4, 5, 8, 2]","[0.16432037685533224, 0.11586742389742537, 0.1697708433412783, 0.13191133167428812, 0.16935899341849858, 0.11932497889946957, 0.11420168718116339]","[64, 45, 44, 45, 48, 59, 86]","[76.25220489501953, 55.16952133178711, 53.46897888183594, 47.43058395385742, 58.66798400878906, 70.70216369628906, 101.5953598022461]"
2014-01-06,2014-01-12,1802.0,7857,4925.0,"[0, 9, 0, 9, 3, 17, 3]","[7, 0, 6, 0, 7, 0, 7]","[0.0, 0.3, 0.011065829198468938, 0.03531114124059158, 0.3, 0.03784705872674169, 0.037752987008362486]","[45, 44, 45, 48, 59, 86, 69]","[50.60988998413086, 51.823822021484375, 39.946929931640625, 55.75553512573242, 69.2125244140625, 99.8766098022461, 70.02627563476562]"
2014-01-07,2014-01-13,1532.0,6456,4050.0,"[8, 0, 9, 12, 0, 11, 6]","[0, 0, 0, 0, 14, 0, 0]","[0.0, 0.3, 0.0, 0.3, 0.0, 0.0, 0.0]","[44, 45, 48, 59, 86, 69, 40]","[46.21189880371094, 39.54692077636719, 52.970436096191406, 69.91730499267578, 97.82640838623047, 68.6576156616211, 35.478450775146484]"
2014-01-08,2014-01-14,1868.0,8154,4315.0,"[8, 9, 11, 17, 12, 0, 6]","[0, 0, 0, 0, 0, 5, 0]","[0.0, 0.2122806143214087, 0.3, 0.0, 0.3, 0.3, 0.2725554455572866]","[45, 48, 59, 86, 69, 40, 44]","[47.522987365722656, 54.2056770324707, 67.64701080322266, 101.05626678466797, 73.33902740478516, 40.15645217895508, 39.33406066894531]"
2014-01-09,2014-01-15,1573.0,7590,4780.0,"[0, 0, 4, 12, 6, 0, 7]","[8, 11, 11, 0, 0, 6, 0]","[0.0, 0.005746634079928703, 0.0, 0.3, 0.3, 0.0, 0.10542323880005464]","[48, 59, 86, 69, 40, 44, 44]","[54.76267623901367, 75.0260009765625, 98.40811157226562, 72.44094848632812, 36.81531524658203, 41.54430389404297, 45.33732986450195]"
2014-01-10,2014-01-16,1340.0,6148,4225.0,"[0, 0, 4, 6, 0, 8, 0]","[10, 14, 6, 0, 0, 0, 7]","[0.1251686226531095, 0.0, 0.0, 0.0, 0.0, 0.0, 0.0]","[59, 86, 69, 40, 44, 44, 44]","[67.86613464355469, 100.83755493164062, 66.45719146728516, 33.269309997558594, 39.23643112182617, 47.66503143310547, 48.208560943603516]"
2014-01-11,2014-01-17,1459.0,7002,4450.0,"[0, 0, 6, 6, 0, 8, 11]","[14, 9, 0, 0, 7, 0, 0]","[0.003876176459899944, 0.0, 0.0, 0.0, 0.0, 0.3, 0.3]","[86, 69, 40, 44, 44, 44, 49]","[95.99103546142578, 66.57384490966797, 36.2964973449707, 38.07986831665039, 46.61497497558594, 47.50421905517578, 68.30734252929688]"
2014-01-12,2014-01-18,2340.0,9429,6335.0,"[0, 6, 0, 8, 0, 0, 14]","[10, 0, 5, 0, 7, 9, 20]","[0.0, 0.0, 0.0, 0.0, 0.3, 0.1728012013116996, 0.0]","[69, 40, 44, 44, 44, 49, 330]","[68.08076477050781, 38.83514404296875, 37.65080261230469, 46.864959716796875, 46.96417236328125, 67.70592498779297, 223.6085662841797]"
2014-01-13,2014-01-19,1961.0,8789,6350.0,"[0, 0, 0, 0, 11, 20, 20]","[0, 0, 3, 7, 0, 2, 20]","[0.2771625831484368, 0.3, 0.2992309448200695, 0.00016098156134987114, 8.596576958916943e-05, 0.0, 0.03870163042261221]","[40, 44, 44, 44, 49, 330, 221]","[37.44504165649414, 39.806636810302734, 46.78520584106445, 48.49935531616211, 68.32000732421875, 220.94686889648438, 264.33172607421875]"
2014-01-14,2014-01-20,3360.0,9990,6385.0,"[7, 7, 0, 0, 0, 20, 20]","[0, 0, 6, 0, 20, 7, 0]","[0.011265407454084336, 0.0, 0.0, 0.0, 0.0, 0.0, 0.0]","[44, 44, 44, 49, 330, 221, 198]","[42.57048416137695, 46.61366271972656, 48.43739700317383, 63.31364440917969, 221.696044921875, 241.0467529296875, 189.81236267089844]"
2014-01-15,2014-01-21,3365.0,9574,5880.0,"[8, 0, 11, 0, 20, 20, 0]","[0, 2, 0, 20, 0, 4, 0]","[0.0792303510576497, 0.0, 0.0, 0.0386015308239651, 0.038026646478407915, 0.0, 0.051866060269252924]","[44, 44, 49, 330, 221, 198, 36]","[48.46695327758789, 50.13299560546875, 65.63277435302734, 177.80567932128906, 247.47711181640625, 187.44482421875, 43.80418014526367]"
2014-01-16,2014-01-22,3515.0,9630,5850.0,"[8, 11, 0, 20, 20, 0, 1]","[0, 0, 20, 8, 0, 0, 0]","[0.0, 0.0, 0.0, 0.0, 0.0, 0.0, 0.0]","[44, 49, 330, 221, 198, 36, 41]","[49.68049240112305, 64.72589111328125, 179.36390686035156, 253.12684631347656, 187.95030212402344, 41.80773162841797, 40.108123779296875]"
2014-01-17,2014-01-23,3543.0,9986,6190.0,"[0, 0, 0, 8, 0, 5, 0]","[7, 20, 20, 20, 0, 0, 0]","[0.0, 0.0, 0.03879993145884807, 0.0, 0.3, 0.0, 0.1216998882968481]","[49, 330, 221, 198, 36, 41, 37]","[63.82855987548828, 221.53091430664062, 240.1351776123047, 190.40745544433594, 41.703407287597656, 42.97800064086914, 37.29688262939453]"
2014-01-18,2014-01-24,3384.0,9468,5810.0,"[20, 20, 9, 7, 3, 0, 0]","[2, 17, 7, 0, 0, 0, 2]","[0.0, 0.0, 0.0, 0.0, 0.0, 0.3, 0.0]","[330, 221, 198, 36, 41, 37, 59]","[217.12940979003906, 240.27540588378906, 190.41265869140625, 43.17007064819336, 42.0775260925293, 38.48564147949219, 43.0341911315918]"
2014-01-19,2014-01-25,3104.0,9870,6155.0,"[0, 9, 7, 0, 6, 0, 0]","[20, 20, 0, 5, 0, 6, 7]","[0.0, 0.0, 0.0, 0.0, 0.0, 0.0, 0.3]","[221, 198, 36, 41, 37, 59, 79]","[268.0734558105469, 192.37025451660156, 41.02655792236328, 40.15236282348633, 36.728370666503906, 45.71445846557617, 87.95999145507812]"
2014-01-20,2014-01-26,2025.0,8956,5785.0,"[10, 5, 8, 2, 3, 12, 4]","[13, 5, 3, 4, 4, 2, 5]","[0.13387409055185248, 0.17190823868765154, 0.16433874814546853, 0.1655221824741512, 0.12286204317821947, 0.039972236937286305, 0.08058154685179589]","[198, 36, 41, 37, 59, 79, 72]","[188.54910278320312, 40.71581268310547, 42.95008850097656, 37.50817108154297, 45.344329833984375, 86.93916320800781, 62.31368637084961]"
2014-01-21,2014-01-27,1249.0,6817,4430.0,"[1, 8, 1, 6, 6, 5, 3]","[5, 3, 4, 1, 7, 6, 4]","[0.17548437902872974, 0.07963927139875156, 0.04473787120871035, 0.16898477637520604, 0.08843400857199774, 0.17593023079205664, 0.12501538997658307]","[36, 41, 37, 59, 79, 72, 36]","[37.78996658325195, 43.12788772583008, 36.15514373779297, 39.36902618408203, 85.65092468261719, 60.91743469238281, 43.69425964355469]"
2014-01-22,2014-01-28,1408.0,6812,4085.0,"[0, 6, 8, 20, 10, 7, 0]","[6, 0, 0, 0, 0, 0, 5]","[0.0731257631863788, 0.0, 0.2718890951786517, 0.0, 0.3, 0.03900105777819682, 0.1733311787391746]","[41, 37, 59, 79, 72, 36, 40]","[41.16326141357422, 36.63046646118164, 46.344932556152344, 87.05721282958984, 60.80622100830078, 40.677818298339844, 34.767799377441406]"
2014-01-23,2014-01-29,1463.0,7018,3925.0,"[0, 8, 0, 4, 0, 0, 0]","[5, 0, 12, 5, 5, 5, 6]","[0.3, 0.03967794557320077, 0.3, 0.11790701903262496, 0.001533532706063213, 0.2997273854543099, 0.0]","[37, 59, 79, 72, 36, 40, 40]","[36.43881607055664, 43.16555404663086, 85.84329986572266, 58.82526397705078, 39.39558410644531, 34.34603500366211, 42.405860900878906]"
2014-01-24,2014-01-30,1226.0,4788,2500.0,"[6, 13, 7, 0, 6, 0, 6]","[0, 0, 2, 0, 0, 0, 0]","[0.29999515745225314, 0.0, 0.0, 0.3, 0.0, 0.3, 0.3]","[59, 79, 72, 36, 40, 40, 38]","[38.36894607543945, 80.80170440673828, 57.594783782958984, 45.22665786743164, 35.39521789550781, 32.096656799316406, 37.850730895996094]"
2014-01-25,2014-01-31,1391.0,6870,3770.0,"[14, 10, 7, 6, 5, 7, 0]","[0, 0, 0, 0, 0, 0, 8]","[0.0, 0.3, 0.3, 0.3, 0.0, 0.0, 0.3]","[79, 72, 36, 40, 40, 38, 44]","[85.39306640625, 60.047607421875, 44.824668884277344, 38.18981170654297, 32.508453369140625, 40.4069709777832, 55.2327880859375]"
2014-01-26,2014-02-01,998.0,5616,3690.0,"[10, 8, 6, 0, 0, 9, 0]","[0, 0, 0, 0, 6, 0, 12]","[0.3, 0.0, 0.0, 0.3, 0.0, 0.0, 0.0]","[72, 36, 40, 40, 38, 44, 78]","[59.33710479736328, 47.65620422363281, 36.79057693481445, 33.14785385131836, 39.96278381347656, 55.930965423583984, 86.45223999023438]"
2014-01-27,2014-02-02,711.0,5898,4360.0,"[3, 0, 6, 0, 8, 0, 5]","[4, 5, 0, 6, 1, 12, 6]","[0.10896627992667114, 0.0, 0.0, 0.3, 0.0, 9.522572886175638e-07, 0.0]","[36, 40, 40, 38, 44, 78, 44]","[44.26668930053711, 35.01210021972656, 37.14579391479492, 40.51253128051758, 53.897579193115234, 84.28812408447266, 72.59715270996094]"
2014-01-28,2014-02-03,451.0,5114,3820.0,"[0, 0, 0, 0, 20, 12, 6]","[5, 4, 0, 8, 0, 0, 0]","[0.00045323549275952635, 0.0, 0.0, 0.036966462574964075, 0.0, 0.3, 0.03559539791571603]","[40, 40, 38, 44, 78, 44, 36]","[34.863807678222656, 32.024322509765625, 37.36947250366211, 56.423011779785156, 84.48602294921875, 71.79884338378906, 38.21142578125]"
2014-01-29,2014-02-04,1013.0,5707,3795.0,"[2, 7, 9, 2, 11, 0, 6]","[3, 0, 0, 10, 0, 5, 0]","[0.0, 0.11532531735467456, 0.0, 0.0, 0.0, 0.3, 0.17487642211954935]","[40, 38, 44, 78, 44, 36, 25]","[34.06401443481445, 40.489051818847656, 54.27073669433594, 83.7503662109375, 66.60203552246094, 37.23544692993164, 39.17474365234375]"
2014-01-30,2014-02-05,592.0,5896,4065.0,"[7, 7, 11, 11, 7, 6, 0]","[0, 2, 3, 0, 0, 0, 7]","[0.2683079585086738, 0.002041842241050564, 0.0, 0.3, 0.0, 0.0, 0.3]","[38, 44, 78, 44, 36, 25, 28]","[41.35963439941406, 55.6268196105957, 86.33099365234375, 66.66199493408203, 38.944793701171875, 37.309837341308594, 48.513912200927734]"
2014-01-31,2014-02-06,573.0,5438,4155.0,"[0, 0, 0, 6, 6, 2, 6]","[7, 13, 10, 0, 0, 5, 0]","[0.0, 0.03589492199142291, 0.038203446700126396, 0.0, 0.0, 0.3, 0.0]","[44, 78, 44, 36, 25, 28, 31]","[52.156612396240234, 86.7132339477539, 73.66602325439453, 36.625885009765625, 35.898258209228516, 50.73265838623047, 38.77498245239258]"
2014-02-01,2014-02-07,677.0,6049,3810.0,"[14, 11, 6, 0, 0, 6, 0]","[0, 0, 0, 5, 7, 0, 6]","[0.3, 0.0, 0.04042735038621754, 0.2988946993963166, 0.0, 0.06576455998450477, 0.3]","[78, 44, 36, 25, 28, 31, 50]","[82.7700424194336, 66.03616333007812, 37.55042266845703, 36.824790954589844, 49.33808517456055, 38.641719818115234, 47.239341735839844]"
2014-02-02,2014-02-08,856.0,5475,3630.0,"[10, 6, 0, 0, 7, 8, 15]","[1, 0, 0, 7, 0, 0, 0]","[0.0, 0.3, 0.3, 0.04721388553495849, 0.26375456424136273, 0.0, 0.03763658444143208]","[44, 36, 25, 28, 31, 50, 94]","[69.65206909179688, 37.23100280761719, 36.11240768432617, 51.21784973144531, 42.31276321411133, 48.69488525390625, 91.904052734375]"
2014-02-03,2014-02-09,887.0,6080,3480.0,"[6, 0, 0, 0, 8, 14, 10]","[0, 5, 7, 0, 0, 0, 0]","[0.007971892878363643, 0.13311980313828117, 0.3, 0.2842172159941627, 0.0, 0.3, 0.27591598599725087]","[36, 25, 28, 31, 50, 94, 67]","[36.08305740356445, 35.825260162353516, 47.47252655029297, 37.94611740112305, 45.27472686767578, 83.86571502685547, 60.811012268066406]"
2014-02-04,2014-02-10,949.0,5736,3565.0,"[6, 0, 0, 0, 15, 0, 0]","[0, 0, 5, 6, 0, 9, 6]","[0.3, 0.2994622239474659, 0.0, 0.3, 0.0, 0.0, 0.3]","[25, 28, 31, 50, 94, 67, 34]","[34.8608512878418, 47.51640701293945, 36.725276947021484, 45.67872619628906, 90.56623840332031, 65.74496459960938, 43.6669807434082]"
2014-02-05,2014-02-11,1188.0,6222,3160.0,"[7, 0, 0, 14, 10, 1, 5]","[0, 5, 6, 0, 0, 0, 0]","[0.3, 0.3, 0.3, 0.0, 0.3, 0.16616535170550722, 0.3]","[28, 31, 50, 94, 67, 34, 44]","[43.14102554321289, 34.27449035644531, 43.88055419921875, 83.87678527832031, 61.85007858276367, 41.188602447509766, 32.73619842529297]"
2014-02-06,2014-02-12,1621.0,6624,3625.0,"[5, 7, 15, 0, 7, 1, 3]","[0, 0, 0, 8, 0, 4, 3]","[0.0, 0.0, 0.3, 0.0, 0.0, 0.0, 0.3]","[31, 50, 94, 67, 34, 44, 46]","[31.120040893554688, 43.52967071533203, 88.04524230957031, 57.14250183105469, 40.221858978271484, 35.462154388427734, 38.102867126464844]"
2014-02-07,2014-02-13,1902.0,6456,3800.0,"[0, 0, 10, 7, 6, 6, 8]","[6, 12, 0, 0, 0, 0, 0]","[0.3, 0.03892855300157959, 0.0, 0.0, 0.0, 0.0, 0.0]","[50, 94, 67, 34, 44, 46, 61]","[45.30897903442383, 89.49175262451172, 58.82301712036133, 42.4051628112793, 35.96347427368164, 39.18204879760742, 47.63261032104492]"
2014-02-08,2014-02-14,2041.0,6680,3790.0,"[15, 9, 7, 4, 3, 8, 9]","[0, 0, 0, 1, 3, 0, 0]","[0.0, 0.03937567097489027, 0.28135456649252427, 0.0, 0.23215051995216596, 3.656409544954418e-05, 0.0]","[94, 67, 34, 44, 46, 61, 82]","[91.12083435058594, 55.7099723815918, 42.37024688720703, 35.212615966796875, 37.124977111816406, 46.02952575683594, 55.873233795166016]"
2014-02-09,2014-02-15,2523.0,9136,6010.0,"[10, 0, 0, 5, 0, 0, 19]","[0, 6, 0, 1, 7, 8, 20]","[0.03638509109433688, 0.08623370483301052, 0.0, 0.3, 0.0, 0.0, 0.0]","[67, 34, 44, 46, 61, 82, 303]","[62.55192565917969, 41.715789794921875, 36.231204986572266, 38.15595245361328, 48.234779357910156, 60.63407897949219, 315.11187744140625]"
2014-02-10,2014-02-16,3046.0,9936,6510.0,"[3, 0, 6, 0, 8, 20, 19]","[0, 5, 0, 1, 0, 20, 4]","[0.3, 0.0, 0.0, 0.0, 0.0, 0.0, 0.0]","[34, 44, 46, 61, 82, 303, 268]","[42.435401916503906, 37.172523498535156, 39.17564010620117, 48.019203186035156, 61.57974624633789, 323.3074951171875, 285.60723876953125]"
2014-02-11,2014-02-17,3738.0,9990,5930.0,"[0, 0, 3, 8, 20, 20, 13]","[0, 2, 0, 0, 20, 0, 0]","[0.0, 0.15244785372922562, 0.06265403746906582, 0.0, 0.035915379242456746, 0.0, 0.0]","[44, 46, 61, 82, 303, 268, 206]","[35.09761428833008, 38.56760787963867, 46.833553314208984, 62.709190368652344, 317.8174743652344, 282.8972473144531, 187.63088989257812]"
2014-02-12,2014-02-18,3754.0,9992,5990.0,"[0, 0, 0, 20, 20, 17, 0]","[2, 0, 8, 0, 20, 0, 0]","[0.0, 0.3, 0.036889406970343125, 0.0, 0.0, 0.0, 0.3]","[46, 61, 82, 303, 268, 206, 31]","[41.413536071777344, 47.546939849853516, 60.32954406738281, 326.6414794921875, 283.9705505371094, 189.3487548828125, 38.70161437988281]"
2014-02-13,2014-02-19,3435.0,9990,5350.0,"[0, 10, 20, 0, 20, 0, 5]","[6, 0, 0, 10, 9, 0, 0]","[0.0, 0.3, 0.037761177434706035, 0.3, 0.0, 0.0, 0.0]","[61, 82, 303, 268, 206, 31, 41]","[46.20731735229492, 60.9739875793457, 324.2418518066406, 283.2896728515625, 186.42161560058594, 36.080535888671875, 36.17652893066406]"
2014-02-14,2014-02-20,3589.0,9877,5765.0,"[0, 20, 0, 0, 6, 0, 0]","[9, 20, 0, 20, 0, 3, 0]","[0.0, 0.039739044142851676, 0.29565487520975325, 0.03945000680686453, 0.3, 0.047055901204526684, 0.0]","[82, 303, 268, 206, 31, 41, 33]","[66.3358383178711, 326.2607421875, 282.4757995605469, 191.20513916015625, 41.16008377075195, 36.19767379760742, 42.98577880859375]"
2014-02-15,2014-02-21,3299.0,9810,5860.0,"[20, 3, 7, 0, 4, 0, 2]","[20, 0, 20, 6, 0, 0, 0]","[0.0, 0.3, 0.0, 0.0, 0.29883142912834154, 0.3, 0.3]","[303, 268, 206, 31, 41, 33, 44]","[300.96710205078125, 279.8616027832031, 185.13644409179688, 41.304080963134766, 33.780826568603516, 44.74074935913086, 59.281280517578125]"
2014-02-16,2014-02-22,3600.0,9912,5960.0,"[20, 20, 0, 0, 0, 0, 12]","[20, 7, 5, 0, 2, 0, 0]","[0.0, 0.0, 0.0, 0.0, 0.3, 0.1303879168580063, 0.0004055356560012152]","[268, 206, 31, 41, 33, 44, 79]","[277.8114013671875, 175.4305877685547, 39.126739501953125, 32.85158920288086, 43.60093688964844, 60.833431243896484, 82.20072174072266]"
2014-02-17,2014-02-23,1846.0,8949,6100.0,"[17, 9, 2, 3, 5, 5, 8]","[10, 1, 5, 4, 6, 7, 3]","[0.038574000731623544, 0.06521912169407061, 0.12393437735747262, 0.2517656497850707, 0.13402467187196188, 0.16992229275395532, 0.07024923513581337]","[206, 31, 41, 33, 44, 79, 53]","[176.43505859375, 39.442901611328125, 36.059608459472656, 47.676143646240234, 58.136993408203125, 79.75861358642578, 64.0675277709961]"
2014-02-18,2014-02-24,120.0,5948,4700.0,"[8, 6, 7, 9, 0, 10, 20]","[0, 0, 0, 0, 10, 0, 0]","[0.0391138126536786, 0.3, 0.3, 0.012460990529684631, 0.11835214634336531, 0.040302821354505226, 0.0]","[31, 41, 33, 44, 79, 53, 28]","[46.23065948486328, 35.0020751953125, 42.85926818847656, 55.22001266479492, 74.19278717041016, 57.66218948364258, 34.494937896728516]"
2014-02-19,2014-02-25,1022.0,5468,3175.0,"[0, 6, 0, 13, 9, 0, 0]","[0, 0, 7, 0, 1, 5, 4]","[0.0, 0.00010511774887089851, 0.3, 0.036716763527014876, 0.3, 0.0, 0.125139364883312]","[41, 33, 44, 79, 53, 28, 31]","[31.59764289855957, 41.32785415649414, 52.953678131103516, 76.1740951538086, 59.327362060546875, 33.672576904296875, 31.824384689331055]"
2014-02-20,2014-02-26,1064.0,5472,3120.0,"[7, 1, 13, 10, 0, 5, 5]","[0, 7, 0, 0, 0, 0, 0]","[0.0, 0.0, 0.3, 0.0, 0.14111442564749277, 0.3, 0.0]","[33, 44, 79, 53, 28, 31, 33]","[43.30368423461914, 54.874717712402344, 78.02668762207031, 59.44160079956055, 32.832313537597656, 31.7431640625, 32.89133071899414]"
2014-02-21,2014-02-27,1143.0,5442,3270.0,"[2, 13, 10, 6, 5, 2, 7]","[6, 0, 0, 0, 0, 0, 0]","[0.3, 0.0, 0.0, 0.3, 0.038920634653093006, 0.0, 0.04021886738951529]","[44, 79, 53, 28, 31, 33, 30]","[51.58243942260742, 77.3899154663086, 58.874855041503906, 37.565006256103516, 31.45187759399414, 31.00815200805664, 42.774593353271484]"
2014-02-22,2014-02-28,1027.0,4656,2995.0,"[12, 10, 0, 0, 0, 0, 8]","[0, 0, 0, 4, 4, 5, 0]","[0.03464548099989312, 0.0, 0.3, 0.1702722242946822, 0.0, 0.0, 0.0]","[79, 53, 28, 31, 33, 30, 39]","[70.68607330322266, 57.80574035644531, 35.92394256591797, 30.135530471801758, 30.932884216308594, 38.867191314697266, 46.89242172241211]"
2014-02-23,2014-03-01,683.0,4728,3220.0,"[10, 6, 5, 0, 7, 8, 14]","[0, 0, 0, 0, 0, 0, 0]","[0.0, 0.0017305738724894219, 0.035115620765558034, 0.02444660417539625, 0.0, 0.3, 0.0]","[53, 28, 31, 33, 30, 39, 68]","[57.553470611572266, 35.30827713012695, 31.97060203552246, 31.710742950439453, 44.46638107299805, 47.75764846801758, 81.80455780029297]"
2014-02-24,2014-03-02,696.0,4868,3370.0,"[0, 0, 0, 7, 1, 13, 10]","[5, 4, 1, 0, 6, 0, 0]","[0.3, 0.03029192190025748, 0.0, 0.13138498379466315, 0.0, 0.036791476604362355, 0.0]","[28, 31, 33, 30, 39, 68, 54]","[33.02256774902344, 31.975446701049805, 33.55613708496094, 42.68108367919922, 48.8647346496582, 81.31285858154297, 60.38917541503906]"
2014-02-25,2014-03-03,820.0,5484,3705.0,"[5, 0, 8, 8, 13, 0, 7]","[0, 4, 0, 0, 0, 9, 0]","[0.3, 0.0, 0.04077066901821787, 0.0, 0.0, 0.0, 0.3]","[31, 33, 30, 39, 68, 54, 33]","[32.229923248291016, 31.833938598632812, 43.81935119628906, 50.66769027709961, 80.38410186767578, 61.97377014160156, 40.11369705200195]"
2014-02-26,2014-03-04,846.0,5093,3090.0,"[0, 7, 0, 13, 10, 7, 0]","[4, 0, 6, 0, 0, 0, 0]","[0.28449876333420543, 0.3, 0.03764882714756315, 0.0, 0.0024177752321300565, 0.3, 0.3]","[33, 30, 39, 68, 54, 33, 31]","[31.460737228393555, 40.329776763916016, 50.51030349731445, 80.58834075927734, 60.46493148803711, 41.94524002075195, 31.8946533203125]"
2014-02-27,2014-03-05,339.0,4584,3060.0,"[7, 8, 0, 0, 0, 0, 0]","[0, 0, 12, 9, 6, 0, 0]","[0.03530020629763887, 0.0, 0.0, 0.3, 0.3, 0.06126960842374477, 0.0]","[30, 39, 68, 54, 33, 31, 34]","[43.86891174316406, 46.13750076293945, 82.3329849243164, 64.714111328125, 45.76362991333008, 28.185195922851562, 36.723114013671875]"
2014-02-28,2014-03-06,1183.0,5535,3570.0,"[8, 13, 10, 0, 0, 6, 7]","[0, 0, 0, 6, 4, 0, 0]","[0.1301679116479987, 0.0, 0.0, 0.03798231907772939, 0.3, 0.0, 0.0]","[39, 68, 54, 33, 31, 34, 36]","[45.431495666503906, 78.3163833618164, 57.38129806518555, 41.958927154541016, 29.243101119995117, 37.190242767333984, 40.099151611328125]"
2014-03-01,2014-03-07,539.0,5688,3620.0,"[0, 2, 0, 0, 0, 6, 0]","[11, 7, 6, 0, 5, 0, 8]","[0.0, 0.3, 0.11438361366267996, 0.013621742174883768, 0.0, 0.3, 0.3]","[68, 54, 33, 31, 34, 36, 43]","[78.08391571044922, 60.76075744628906, 46.012535095214844, 28.401615142822266, 37.074398040771484, 36.999534606933594, 56.41327667236328]"
2014-03-02,2014-03-08,945.0,6036,4025.0,"[9, 0, 0, 0, 6, 0, 18]","[0, 6, 4, 5, 0, 7, 0]","[0.03762831841235578, 0.07428228512166697, 0.06744265042596215, 0.0, 0.3, 0.28741146869771284, 0.0]","[54, 33, 31, 34, 36, 43, 77]","[53.4376220703125, 45.362701416015625, 26.274141311645508, 35.46980667114258, 34.403438568115234, 51.9786376953125, 77.19261169433594]"
2014-03-03,2014-03-09,1073.0,6207,3720.0,"[8, 0, 6, 0, 9, 12, 3]","[0, 4, 0, 5, 0, 0, 6]","[0.0, 0.0, 0.0, 0.3, 0.0, 0.3, 0.16808839665002173]","[33, 31, 34, 36, 43, 77, 55]","[48.569400787353516, 30.582618713378906, 37.64934539794922, 37.833011627197266, 54.04053497314453, 75.51815032958984, 59.7315559387207]"
2014-03-04,2014-03-10,1221.0,5483,3500.0,"[4, 0, 0, 0, 0, 0, 6]","[0, 4, 5, 7, 10, 8, 0]","[0.3, 0.17401156489479705, 0.00924611349690433, 0.0, 0.01877019699824332, 0.0, 0.03524517633512744]","[31, 34, 36, 43, 77, 55, 35]","[21.91457176208496, 29.559709548950195, 34.94878005981445, 50.43585205078125, 74.1316909790039, 58.43972396850586, 35.99429702758789]"
2014-03-05,2014-03-11,1215.0,5250,3050.0,"[5, 0, 0, 6, 10, 0, 5]","[0, 5, 7, 6, 0, 0, 0]","[0.0, 0.3, 0.0, 0.0, 0.0, 0.29863617644164564, 0.3]","[34, 36, 43, 77, 55, 35, 31]","[32.38761901855469, 39.42097473144531, 52.28091812133789, 77.69905090332031, 58.0740966796875, 35.290191650390625, 32.27482986450195]"
2014-03-06,2014-03-12,1118.0,5310,3115.0,"[6, 9, 12, 0, 0, 0, 0]","[0, 0, 0, 8, 0, 4, 5]","[0.0, 0.3, 0.0, 0.008249357714871357, 0.2998669332905649, 0.0, 0.3]","[36, 43, 77, 55, 35, 31, 35]","[39.0047492980957, 53.770442962646484, 74.89495849609375, 56.92020797729492, 33.06032180786133, 31.020835876464844, 35.99923324584961]"
2014-03-07,2014-03-13,999.0,5808,4075.0,"[5, 13, 20, 6, 5, 0, 6]","[3, 0, 0, 0, 0, 5, 0]","[0.0, 0.0, 0.0, 0.3, 0.0, 0.0, 0.00016982528706487601]","[43, 77, 55, 35, 31, 35, 38]","[51.81184005737305, 79.09432983398438, 59.3845329284668, 35.34699630737305, 32.82828903198242, 35.462890625, 37.929847717285156]"
2014-03-08,2014-03-14,1237.0,4948,3110.0,"[0, 0, 0, 4, 6, 6, 0]","[10, 8, 0, 1, 0, 0, 6]","[0.0, 0.0, 0.3, 0.0, 0.1180794366274385, 0.03948436325862166, 0.0]","[77, 55, 35, 31, 35, 38, 63]","[73.33448791503906, 59.47260284423828, 33.59278106689453, 31.30721664428711, 34.48478317260742, 34.60219192504883, 46.23174285888672]"
2014-03-09,2014-03-15,1189.0,7278,3860.0,"[0, 0, 0, 6, 6, 8, 0]","[9, 5, 4, 0, 0, 0, 12]","[0.3, 0.0, 0.3, 0.3, 0.0, 0.3, 0.3]","[55, 35, 31, 35, 38, 63, 94]","[62.0199089050293, 33.56538772583008, 28.349266052246094, 34.77278137207031, 34.41366958618164, 48.49717330932617, 85.82816314697266]"
2014-03-10,2014-03-16,1245.0,6034,3405.0,"[0, 5, 6, 0, 8, 9, 0]","[0, 0, 0, 5, 0, 4, 9]","[0.2888130355811731, 0.0, 0.0, 0.3, 0.13008369684934068, 0.24319911362549987, 0.10994060748831137]","[35, 31, 35, 38, 63, 94, 70]","[34.4652099609375, 32.28608322143555, 36.422386169433594, 37.22990036010742, 47.25554656982422, 84.73503112792969, 63.92591094970703]"
2014-03-11,2014-03-17,1495.0,6798,4160.0,"[5, 6, 0, 19, 14, 10, 6]","[0, 0, 5, 0, 0, 0, 0]","[0.0, 0.0, 0.3, 0.3, 0.0, 0.0, 0.038647847789215366]","[31, 35, 38, 63, 94, 70, 42]","[30.30943489074707, 34.27192306518555, 35.2947998046875, 47.33769607543945, 85.21868896484375, 63.37147521972656, 40.02690887451172]"
2014-03-12,2014-03-18,1402.0,5679,3335.0,"[6, 6, 0, 0, 0, 6, 6]","[0, 0, 0, 12, 9, 0, 1]","[0.0, 0.1272891168411607, 0.0, 0.0, 0.04052237044557901, 0.21285878617089926, 0.2836958768881298]","[35, 38, 63, 94, 70, 42, 36]","[36.66566467285156, 33.95884323120117, 45.51179885864258, 86.56167602539062, 65.72261810302734, 39.11886215209961, 42.08784103393555]"
2014-03-13,2014-03-19,1890.0,6574,3990.0,"[0, 8, 0, 11, 6, 0, 8]","[5, 0, 12, 0, 0, 6, 0]","[0.3, 0.0, 0.0, 0.0, 0.0, 0.0, 0.03925791058292432]","[38, 63, 94, 70, 42, 36, 46]","[34.746036529541016, 48.131797790527344, 87.3714599609375, 66.74653625488281, 37.6436882019043, 42.50627899169922, 46.66620635986328]"
2014-03-14,2014-03-20,1459.0,6714,3760.0,"[8, 0, 0, 0, 0, 8, 8]","[0, 12, 9, 0, 6, 0, 0]","[0.0, 0.037897380043204885, 0.3, 0.0, 0.3, 0.3, 0.0]","[63, 94, 70, 42, 36, 46, 43]","[46.682464599609375, 83.25248718261719, 62.715965270996094, 38.25768280029297, 42.86310577392578, 47.113529205322266, 50.38931655883789]"
2014-03-15,2014-03-21,2134.0,8063,4295.0,"[15, 8, 7, 7, 7, 8, 7]","[0, 3, 0, 0, 1, 0, 3]","[0.3, 0.03905703651063989, 0.3, 0.03860695605140953, 0.0, 0.0, 0.25349066848187635]","[94, 70, 42, 36, 46, 43, 59]","[88.62985229492188, 70.51171112060547, 40.418670654296875, 42.059669494628906, 48.02460861206055, 50.53386688232422, 65.31243896484375]"
2014-03-16,2014-03-22,1698.0,7226,4725.0,"[0, 0, 7, 8, 9, 0, 4]","[10, 5, 0, 0, 0, 9, 10]","[0.11992172823352729, 0.3, 0.017363222165101857, 0.0, 0.0, 0.0, 0.0018661778944985235]","[70, 42, 36, 46, 43, 59, 93]","[69.28192138671875, 37.658111572265625, 41.74903106689453, 47.01772689819336, 50.53444290161133, 64.38118743896484, 95.65742492675781]"
2014-03-17,2014-03-23,1720.0,7888,4490.0,"[6, 6, 0, 8, 7, 16, 0]","[0, 1, 6, 0, 3, 0, 10]","[0.3, 0.03649284603922617, 0.3, 0.3, 0.0, 0.0, 0.28396222888699785]","[42, 36, 46, 43, 59, 93, 68]","[36.86532974243164, 42.710845947265625, 45.32319641113281, 51.0230827331543, 63.49185562133789, 98.12837982177734, 73.1512680053711]"
2014-03-18,2014-03-24,2007.0,7678,4430.0,"[7, 0, 9, 11, 10, 13, 6]","[0, 6, 0, 0, 5, 0, 0]","[0.0, 0.3, 0.026433011682861288, 0.03895036921337957, 0.03487945411620777, 0.21180816872404493, 0.3]","[36, 46, 43, 59, 93, 68, 38]","[44.368221282958984, 45.68219757080078, 53.937713623046875, 65.81956481933594, 96.87750244140625, 73.8025894165039, 37.450103759765625]"
2014-03-19,2014-03-25,895.0,7565,5555.0,"[5, 10, 5, 4, 9, 7, 3]","[3, 10, 3, 11, 3, 2, 3]","[0.0708837977003085, 0.11168023719372262, 0.07970254161867682, 0.17254683549213595, 0.03874343450775132, 0.16914596825408496, 0.17470345829446718]","[46, 43, 59, 93, 68, 38, 46]","[45.773048400878906, 51.834693908691406, 63.82168960571289, 99.65496063232422, 73.34591674804688, 38.14230728149414, 40.749725341796875]"
2014-03-20,2014-03-26,1852.0,8307,4520.0,"[8, 11, 0, 0, 0, 6, 8]","[0, 0, 14, 10, 6, 0, 0]","[0.3, 0.3, 0.037099452702220315, 0.3, 0.0, 0.0, 0.3]","[43, 59, 93, 68, 38, 46, 47]","[50.33428955078125, 64.58943176269531, 98.80569458007812, 71.4590072631836, 40.31356430053711, 38.52810287475586, 49.05784606933594]"
2014-03-21,2014-03-27,1861.0,7142,4610.0,"[1, 16, 19, 6, 0, 7, 8]","[8, 0, 0, 0, 5, 0, 0]","[0.0, 0.0, 0.03780656329963732, 0.3, 0.0, 0.0, 0.0]","[59, 93, 68, 38, 46, 47, 54]","[60.85184860229492, 94.996337890625, 70.3617935180664, 36.62752151489258, 37.54163360595703, 46.301761627197266, 49.29208755493164]"
2014-03-22,2014-03-28,2054.0,7014,3930.0,"[16, 0, 0, 6, 8, 8, 11]","[0, 10, 0, 0, 0, 0, 0]","[0.0, 0.0, 0.3, 0.3, 0.0, 0.3, 0.035188151859961644]","[93, 68, 38, 46, 47, 54, 69]","[96.15867614746094, 68.0173568725586, 35.63945007324219, 36.21217727661133, 45.949913024902344, 48.798728942871094, 69.42337799072266]"
2014-03-23,2014-03-29,2154.0,8232,4640.0,"[6, 6, 6, 8, 8, 0, 7]","[5, 0, 0, 0, 0, 10, 8]","[0.3, 0.035083416362937145, 0.03847442315411029, 0.0, 0.2659180964655655, 0.21352529348596738, 0.0]","[68, 38, 46, 47, 54, 69, 98]","[70.52706146240234, 36.97895431518555, 36.821685791015625, 45.8006477355957, 46.29446792602539, 70.28514099121094, 97.9376220703125]"
2014-03-24,2014-03-30,1858.0,8519,4745.0,"[0, 5, 8, 0, 12, 3, 0]","[6, 1, 0, 6, 0, 11, 10]","[0.0, 0.3, 0.0, 0.3, 0.3, 0.039784502503502156, 0.3]","[38, 46, 47, 54, 69, 98, 68]","[39.771820068359375, 36.35710144042969, 45.36695098876953, 44.6508674621582, 71.93660736083984, 96.36843872070312, 70.80071258544922]"
2014-03-25,2014-03-31,2237.0,7832,4660.0,"[0, 0, 8, 11, 0, 0, 7]","[5, 7, 0, 0, 14, 10, 0]","[0.3, 0.0, 0.0, 0.0, 0.03493303159668561, 0.0, 0.3]","[46, 47, 54, 69, 98, 68, 50]","[36.37596893310547, 47.394264221191406, 46.504638671875, 68.64307403564453, 95.71369171142578, 70.09002685546875, 43.02010726928711]"
2014-03-26,2014-04-01,2137.0,8592,4675.0,"[8, 8, 0, 18, 0, 1, 7]","[0, 0, 10, 0, 10, 5, 0]","[0.0, 0.16900927935162655, 0.0, 0.3, 0.0, 0.3, 0.3]","[47, 54, 69, 98, 68, 50, 39]","[47.103214263916016, 49.461021423339844, 72.21527862548828, 98.9788818359375, 71.97626495361328, 39.3699836730957, 44.77935028076172]"
2014-03-27,2014-04-02,2222.0,6686,4030.0,"[8, 12, 0, 11, 0, 7, 8]","[0, 0, 14, 0, 0, 0, 0]","[0.0, 0.0, 0.03592881043419655, 0.0, 0.0, 0.0017696234020468469, 0.0]","[54, 69, 98, 68, 50, 39, 46]","[48.0380973815918, 69.59771728515625, 97.87872314453125, 67.75638580322266, 40.31968307495117, 43.69112014770508, 46.37114334106445]"
2014-03-28,2014-04-03,2072.0,8262,4690.0,"[6, 8, 5, 3, 3, 6, 4]","[5, 7, 5, 3, 4, 2, 4]","[0.16349295681900136, 0.1637468924266025, 0.17128618110695684, 0.21320957998555604, 0.1763693770912843, 0.07179661963430266, 0.10760386347035748]","[69, 98, 68, 50, 39, 46, 43]","[72.14218139648438, 98.32157897949219, 66.7939682006836, 40.66243362426758, 43.79001235961914, 49.51935577392578, 52.439247131347656]"
2014-03-29,2014-04-04,2036.0,7820,4570.0,"[0, 10, 7, 1, 8, 9, 10]","[14, 1, 0, 6, 0, 0, 0]","[0.16964812810033117, 0.0, 0.035347419463705634, 0.11520365361878876, 0.3, 0.0, 0.11295179734740968]","[98, 68, 50, 39, 46, 43, 55]","[100.0869369506836, 67.56958770751953, 41.09345626831055, 46.21078109741211, 49.92485046386719, 54.3162956237793, 60.84001159667969]"
2014-03-30,2014-04-05,1678.0,8665,4590.0,"[0, 7, 7, 8, 9, 0, 14]","[10, 0, 0, 0, 0, 9, 1]","[0.3, 0.3, 0.3, 0.0, 0.3, 0.03853178645790288, 0.3]","[68, 50, 39, 46, 43, 55, 94]","[68.47352600097656, 42.250999450683594, 43.20338439941406, 48.197784423828125, 52.06550598144531, 61.223228454589844, 90.42487335205078]"
2014-03-31,2014-04-06,1990.0,7746,4455.0,"[7, 7, 8, 0, 7, 7, 12]","[0, 0, 0, 7, 2, 7, 0]","[0.0, 0.0, 0.0, 0.0, 0.3, 0.0, 0.3]","[50, 39, 46, 43, 55, 94, 75]","[40.387474060058594, 44.515472412109375, 49.402339935302734, 53.00383377075195, 59.39659118652344, 89.89533233642578, 72.58284759521484]"
2014-04-01,2014-04-07,1893.0,7828,4610.0,"[7, 8, 9, 0, 0, 12, 0]","[0, 0, 0, 9, 13, 0, 6]","[0.0, 0.037893808244696785, 0.0, 0.0, 0.3, 0.03519195873332473, 0.3]","[39, 46, 43, 55, 94, 75, 39]","[44.4848747253418, 49.27580642700195, 53.844303131103516, 61.51637649536133, 90.24551391601562, 69.88468933105469, 43.26346206665039]"
2014-04-02,2014-04-08,2128.0,7080,4230.0,"[8, 0, 0, 15, 7, 7, 6]","[0, 7, 8, 0, 4, 0, 0]","[0.0, 0.3, 0.0, 0.0, 0.014350329740209607, 0.0, 0.0]","[46, 43, 55, 94, 75, 39, 43]","[45.52777099609375, 51.46561050415039, 59.12329864501953, 92.28723907470703, 69.85981750488281, 40.863380432128906, 37.917266845703125]"
2014-04-03,2014-04-09,1873.0,6912,4315.0,"[2, 10, 8, 2, 0, 2, 7]","[6, 0, 6, 8, 6, 3, 0]","[0.0, 0.0, 0.0, 0.0, 0.0, 0.0, 0.3]","[43, 55, 94, 75, 39, 43, 43]","[52.50647735595703, 59.189998626708984, 90.2992935180664, 67.80712890625, 43.28630065917969, 38.539329528808594, 41.962284088134766]"
2014-04-04,2014-04-10,2147.0,7870,3980.0,"[9, 11, 9, 7, 6, 7, 7]","[0, 4, 2, 0, 0, 0, 0]","[0.0, 0.3, 0.2870638503432147, 0.0, 0.3, 0.0, 0.0]","[55, 94, 75, 39, 43, 43, 44]","[55.817108154296875, 89.84884643554688, 69.03021240234375, 42.86091232299805, 37.41787338256836, 42.42019271850586, 43.465118408203125]"
2014-04-05,2014-04-11,2030.0,7704,4290.0,"[0, 12, 0, 6, 7, 0, 10]","[13, 0, 6, 0, 0, 6, 0]","[0.0, 0.0, 8.038193382524059e-05, 0.3, 0.0, 0.3, 0.3]","[94, 75, 39, 43, 43, 44, 64]","[91.2997055053711, 70.85137939453125, 45.67190170288086, 38.49266052246094, 42.784873962402344, 46.14077377319336, 63.17213821411133]"
2014-04-06,2014-04-12,1856.0,6282,3975.0,"[10, 7, 0, 7, 0, 0, 16]","[1, 0, 0, 0, 6, 9, 0]","[0.0, 0.0, 0.3, 0.0, 0.0, 0.0, 0.0]","[75, 39, 43, 43, 44, 64, 99]","[66.74259185791016, 41.965972900390625, 39.29334259033203, 41.78136444091797, 43.46538162231445, 63.01927947998047, 98.72488403320312]"
2014-04-07,2014-04-13,2249.0,7874,4490.0,"[0, 7, 7, 8, 7, 17, 12]","[6, 0, 0, 0, 3, 0, 0]","[0.0, 0.0, 0.3, 0.03570465091965982, 0.3, 0.0, 0.0]","[39, 43, 43, 44, 64, 99, 71]","[44.30493927001953, 39.388580322265625, 41.599300384521484, 46.06539535522461, 65.54769897460938, 99.77434539794922, 72.85555267333984]"
2014-04-08,2014-04-14,1923.0,5787,3380.0,"[2, 0, 7, 11, 17, 12, 0]","[4, 0, 0, 0, 0, 0, 0]","[0.0, 0.3, 0.0, 0.0, 0.0356292590767582, 0.0017514542477613123, 0.16894702341620063]","[43, 43, 44, 64, 99, 71, 47]","[37.42579650878906, 41.34624481201172, 43.75777816772461, 65.3316421508789, 101.9555435180664, 72.4825668334961, 40.21926498413086]"
2014-04-09,2014-04-15,2309.0,6873,3830.0,"[7, 7, 4, 11, 12, 0, 7]","[0, 0, 6, 5, 0, 0, 0]","[0.3, 0.0, 0.0, 0.03771052396625225, 0.0, 0.0, 0.03778077114287514]","[43, 44, 64, 99, 71, 47, 56]","[44.13193893432617, 45.00717544555664, 65.60185241699219, 101.76332092285156, 74.22315216064453, 46.23298263549805, 43.80497741699219]"
2014-04-10,2014-04-16,2063.0,6928,3830.0,"[0, 10, 8, 0, 7, 7, 0]","[6, 0, 7, 10, 0, 0, 0]","[0.3, 0.0, 0.0, 0.03578064214651751, 0.0047101846796919, 0.3, 0.0]","[44, 64, 99, 71, 47, 56, 52]","[45.69664764404297, 62.26926803588867, 100.00142669677734, 73.61909484863281, 41.83548355102539, 43.21510314941406, 54.02943420410156]"
2014-04-11,2014-04-17,2378.0,9000,5125.0,"[7, 3, 6, 4, 5, 5, 6]","[3, 12, 5, 3, 2, 3, 6]","[0.08363290750059113, 0.1666318188965501, 0.1713529912406042, 0.1646720095911927, 0.16069338237250394, 0.12193021649153468, 0.168786617335078]","[64, 99, 71, 47, 56, 52, 64]","[66.69448852539062, 101.36817932128906, 71.51514434814453, 43.29396438598633, 46.636619567871094, 52.141910552978516, 54.21351623535156]"
2014-04-12,2014-04-18,2572.0,8922,4950.0,"[12, 7, 3, 3, 5, 4, 3]","[4, 4, 4, 4, 3, 4, 8]","[0.11733301804438619, 0.16209642355171971, 0.1613039710014219, 0.16165602853473846, 0.11213965929459271, 0.10336130951429702, 0.12067979542480348]","[99, 71, 47, 56, 52, 64, 98]","[100.59161376953125, 71.80890655517578, 44.51591873168945, 46.02371597290039, 52.6186637878418, 55.13589859008789, 69.58845520019531]"
2014-04-13,2014-04-19,2619.0,8112,4760.0,"[13, 7, 7, 9, 0, 11, 17]","[0, 0, 0, 0, 8, 0, 0]","[0.0, 0.035794773235674864, 0.0, 0.3, 0.000687465829108364, 0.0, 0.0]","[71, 47, 56, 52, 64, 98, 115]","[76.27513122558594, 41.32767868041992, 43.85580825805664, 52.841163635253906, 53.33491516113281, 66.54154968261719, 103.67110443115234]"
2014-04-14,2014-04-20,353.0,6333,4990.0,"[0, 7, 20, 0, 12, 0, 0]","[0, 0, 0, 7, 0, 15, 7]","[0.3, 0.3, 0.0, 0.0, 0.17004134014443628, 0.03479847526193587, 0.0378992072209902]","[47, 56, 52, 64, 98, 115, 0]","[41.67353057861328, 43.99884796142578, 53.50994873046875, 52.53969955444336, 70.06795501708984, 104.36419677734375, 51.83679962158203]"
2014-04-15,2014-04-21,1914.0,8532,4070.0,"[0, 8, 8, 0, 20, 0, 9]","[6, 0, 0, 10, 0, 0, 0]","[0.3, 0.3, 0.3, 0.0, 0.3, 0.08773977451304199, 0.3]","[56, 52, 64, 98, 115, 0, 50]","[43.57583999633789, 50.622562408447266, 50.35138702392578, 69.09944152832031, 100.42529296875, 40.773189544677734, 53.018829345703125]"
2014-04-16,2014-04-22,1666.0,7098,4645.0,"[9, 0, 1, 9, 6, 8, 0]","[0, 8, 9, 7, 0, 0, 7]","[0.3, 0.0, 0.0, 0.0, 0.0, 0.0, 0.0]","[52, 64, 98, 115, 0, 50, 50]","[55.16884994506836, 55.80036544799805, 68.4831314086914, 102.68397521972656, 38.8597297668457, 50.300262451171875, 47.549129486083984]"
2014-04-17,2014-04-23,1161.0,7680,5240.0,"[4, 7, 2, 11, 2, 6, 8]","[5, 4, 13, 1, 6, 2, 2]","[0.11951673650075528, 0.11735102680464392, 0.1665316891511073, 0.17522242465872806, 0.06501932044264118, 0.10895265214739284, 0.17383371570454537]","[64, 98, 115, 0, 50, 50, 47]","[55.0921745300293, 68.37102508544922, 101.56185150146484, 39.1672248840332, 47.65706253051758, 47.853294372558594, 52.017635345458984]"
2014-04-18,2014-04-24,1096.0,7927,5400.0,"[8, 12, 9, 10, 9, 6, 0]","[3, 5, 0, 0, 4, 3, 9]","[0.16120152998796547, 0.21387822721594965, 0.1727016771984493, 0.0588829295919374, 0.12712461969504105, 0.0810498754686824, 0.1604108064053338]","[98, 115, 0, 50, 50, 47, 61]","[70.41651916503906, 108.27102661132812, 53.40479278564453, 54.8720817565918, 47.60541534423828, 48.07673645019531, 59.30229187011719]"
2014-04-19,2014-04-25,1676.0,7717,4895.0,"[19, 0, 0, 0, 9, 0, 12]","[0, 5, 7, 7, 0, 9, 0]","[0.038869338458813026, 0.11114942400765564, 0.3, 0.0, 0.3, 0.08567496169949308, 0.0]","[115, 0, 50, 50, 47, 61, 67]","[104.21479034423828, 38.12809371948242, 52.16371536254883, 47.74699401855469, 52.541019439697266, 62.594547271728516, 73.03146362304688]"
2014-04-20,2014-04-26,1388.0,7638,4875.0,"[0, 0, 0, 0, 10, 11, 0]","[5, 7, 7, 7, 0, 1, 14]","[0.0, 0.03872381617457346, 0.1668755571124619, 0.3, 0.0, 0.3, 0.03641723092014621]","[0, 50, 50, 47, 61, 67, 103]","[36.57102584838867, 52.660736083984375, 47.71420669555664, 52.39012145996094, 61.926124572753906, 75.56549072265625, 97.18777465820312]"
2014-04-21,2014-04-27,2153.0,8319,4880.0,"[7, 0, 8, 10, 5, 0, 9]","[2, 6, 0, 0, 6, 13, 1]","[0.0, 0.3, 0.17357189278187202, 0.0, 0.3, 0.0, 0.005120725052681821]","[50, 50, 47, 61, 67, 103, 67]","[54.85538101196289, 45.92564392089844, 50.76218795776367, 57.38705825805664, 72.02919006347656, 95.29158782958984, 59.22318649291992]"
2014-04-22,2014-04-28,2087.0,7830,5070.0,"[0, 8, 10, 12, 0, 10, 7]","[6, 0, 0, 0, 20, 0, 0]","[0.3, 0.0, 0.0, 0.0, 0.0, 0.0, 0.0]","[50, 47, 61, 67, 103, 67, 42]","[46.833133697509766, 47.90119171142578, 61.45927047729492, 71.26116180419922, 94.2896957397461, 62.35233688354492, 41.30535888671875]"
2014-04-23,2014-04-29,2337.0,8490,4380.0,"[8, 10, 12, 16, 11, 4, 7]","[0, 0, 0, 0, 0, 2, 0]","[0.0, 0.3, 0.3, 0.0, 0.0, 0.3, 0.3]","[47, 61, 67, 103, 67, 42, 32]","[50.290122985839844, 60.17941665649414, 76.13386535644531, 97.10306549072266, 62.907005310058594, 38.42892074584961, 41.83578109741211]"
2014-04-24,2014-04-30,1468.0,5346,3375.0,"[10, 0, 5, 0, 0, 0, 0]","[0, 10, 9, 0, 6, 0, 5]","[0.0, 0.0, 0.0, 0.0, 0.0, 0.3, 0.0]","[61, 67, 103, 67, 42, 32, 44]","[61.41571807861328, 71.64620208740234, 94.79025268554688, 60.871891021728516, 41.74753952026367, 41.278221130371094, 37.961387634277344]"
2014-04-25,2014-05-01,1050.0,7993,5385.0,"[8, 12, 3, 9, 5, 1, 3]","[4, 4, 6, 2, 7, 5, 6]","[0.178069867816931, 0.21178593638587098, 0.16828992838944837, 0.08727380512183575, 0.21045232364385125, 0.1339121930006757, 0.06509486650549072]","[67, 103, 67, 42, 32, 44, 44]","[71.94132995605469, 97.82698822021484, 60.66444778442383, 40.49571228027344, 41.53351974487305, 38.14724349975586, 55.98044967651367]"
2014-04-26,2014-05-02,1354.0,7870,5000.0,"[16, 10, 7, 20, 7, 9, 11]","[0, 0, 0, 0, 0, 0, 0]","[0.03687097506450781, 0.0, 0.3, 0.12532814033765904, 0.03657555438707407, 0.3, 0.3]","[103, 67, 42, 32, 44, 44, 61]","[97.50164794921875, 59.07041549682617, 41.43299102783203, 42.22962188720703, 39.1512451171875, 55.23324203491211, 64.87818908691406]"
2014-04-27,2014-05-03,1598.0,6464,3660.0,"[10, 7, 7, 7, 9, 2, 16]","[0, 0, 0, 0, 0, 0, 0]","[0.3, 0.012068179741042916, 0.3, 0.0, 0.037396920553142546, 0.3, 0.0]","[67, 42, 32, 44, 44, 61, 90]","[63.087921142578125, 42.68701934814453, 41.98215866088867, 40.135189056396484, 53.53630065917969, 63.10700607299805, 96.3679428100586]"
2014-04-28,2014-05-04,1593.0,7809,4770.0,"[7, 4, 5, 4, 7, 11, 6]","[2, 2, 4, 4, 3, 4, 4]","[0.1622620584077178, 0.1345227116185271, 0.11723715634195936, 0.16296094405562156, 0.06832217118182843, 0.21326469217891456, 0.17644241145151904]","[42, 32, 44, 44, 61, 90, 64]","[42.0179443359375, 41.70935821533203, 39.79084014892578, 53.89165496826172, 61.82545852661133, 96.69519805908203, 64.94154357910156]"
2014-04-29,2014-05-05,1648.0,7278,4390.0,"[0, 6, 0, 11, 7, 11, 6]","[6, 0, 8, 0, 8, 0, 0]","[0.3, 0.039649865211567936, 0.3, 0.001111871858138127, 0.16921386439474215, 0.0, 0.0]","[32, 44, 44, 61, 90, 64, 35]","[40.86640548706055, 38.64055252075195, 56.348323822021484, 63.74513626098633, 95.94657897949219, 64.00241088867188, 39.624122619628906]"
2014-04-30,2014-05-06,1684.0,7286,4295.0,"[0, 0, 11, 0, 11, 0, 6]","[5, 8, 0, 13, 0, 5, 0]","[0.0, 0.21207917782083174, 0.0, 0.0, 0.3, 0.3, 0.0]","[44, 44, 61, 90, 64, 35, 33]","[38.373043060302734, 55.519588470458984, 63.9280891418457, 95.73226928710938, 64.72747039794922, 39.72840881347656, 35.30577850341797]"
2014-05-01,2014-05-07,1968.0,7165,4200.0,"[9, 0, 16, 11, 0, 6, 6]","[0, 9, 0, 0, 6, 0, 0]","[0.3, 0.03528558831393356, 0.03533090951966447, 0.0, 0.009192922021331968, 0.0, 0.3]","[44, 61, 90, 64, 35, 33, 36]","[52.54631423950195, 64.7069320678711, 96.59979248046875, 64.54096984863281, 39.78270721435547, 38.317298889160156, 38.433082580566406]"
2014-05-02,2014-05-08,1687.0,7442,4090.0,"[4, 6, 11, 6, 0, 0, 0]","[5, 9, 0, 0, 5, 4, 6]","[0.038073617791133156, 0.3, 0.1754424934853967, 0.0, 0.2826055635672794, 0.3, 0.0]","[61, 90, 64, 35, 33, 36, 45]","[59.937625885009766, 96.9819564819336, 65.1549072265625, 36.18100357055664, 35.7096061706543, 39.64350891113281, 43.750484466552734]"
2014-05-03,2014-05-09,1691.0,7002,4285.0,"[14, 8, 3, 3, 6, 0, 3]","[1, 3, 3, 3, 0, 6, 7]","[0.0013626158394103088, 0.2867780879880489, 0.10785361844803654, 0.21319301697466808, 0.0, 0.0, 0.0]","[90, 64, 35, 33, 36, 45, 60]","[95.76990509033203, 66.5289535522461, 39.60352325439453, 36.56512451171875, 36.71268081665039, 45.07268142700195, 67.6525650024414]"
2014-05-04,2014-05-10,1829.0,6950,4190.0,"[11, 0, 2, 0, 0, 11, 16]","[0, 5, 3, 5, 6, 0, 0]","[0.0, 0.037932510301909875, 0.2744689628475727, 0.0, 0.3, 0.007891402914340468, 0.0]","[64, 35, 33, 36, 45, 60, 92]","[64.74431610107422, 39.190834045410156, 35.86000061035156, 36.359127044677734, 44.7462158203125, 65.10089874267578, 95.56146240234375]"
2014-05-05,2014-05-11,1820.0,7174,4405.0,"[0, 0, 3, 6, 1, 5, 12]","[5, 5, 3, 1, 8, 9, 0]","[0.03633133035117774, 0.03663059808196253, 0.0, 0.0, 0.085720222194243, 0.2500494420072019, 0.0]","[35, 33, 36, 45, 60, 92, 76]","[38.75413131713867, 36.62262725830078, 38.4024772644043, 45.960784912109375, 64.9942398071289, 96.0479736328125, 69.8666000366211]"
2014-05-06,2014-05-12,1721.0,8040,4345.0,"[0, 0, 7, 11, 16, 12, 0]","[5, 5, 0, 0, 0, 0, 7]","[0.3, 0.3, 0.3, 0.0, 0.0, 0.3, 0.3]","[33, 36, 45, 60, 92, 76, 39]","[34.67522430419922, 36.344078063964844, 44.978416442871094, 64.7606201171875, 94.81088256835938, 70.81974792480469, 47.37390899658203]"
2014-05-07,2014-05-13,2048.0,7404,4310.0,"[6, 7, 0, 4, 12, 8, 7]","[0, 0, 9, 10, 0, 0, 0]","[0.0, 0.3, 0.07974661210435413, 0.0022129973970468455, 0.0, 0.3, 0.02146081415947098]","[36, 45, 60, 92, 76, 39, 40]","[35.336090087890625, 45.203739166259766, 67.23107147216797, 95.53046417236328, 71.10384368896484, 47.00249481201172, 43.969120025634766]"
2014-05-08,2014-05-14,1823.0,7410,4590.0,"[7, 0, 16, 0, 0, 0, 8]","[0, 9, 0, 10, 7, 6, 0]","[0.29993663946129634, 0.0, 0.0, 0.0, 0.0, 0.0, 0.3]","[45, 60, 92, 76, 39, 40, 41]","[43.92205047607422, 64.84020233154297, 95.37708282470703, 68.9486083984375, 46.838321685791016, 45.415584564208984, 46.70758819580078]"
2014-05-09,2014-05-15,1175.0,8140,5340.0,"[5, 6, 9, 9, 3, 12, 4]","[5, 8, 2, 5, 4, 1, 3]","[0.1708935241154369, 0.21345099177181084, 0.16416202779941547, 0.16717592757747068, 0.1695309526365484, 0.075848594130737, 0.2119733615653173]","[60, 92, 76, 39, 40, 41, 53]","[63.430137634277344, 93.69207763671875, 68.03300476074219, 46.515926361083984, 45.673927307128906, 44.85818862915039, 46.025577545166016]"
2014-05-10,2014-05-16,1968.0,7884,4810.0,"[6, 8, 4, 2, 5, 6, 3]","[8, 6, 3, 5, 2, 1, 7]","[0.0392765214935763, 0.1714639971813267, 0.1336696442401445, 0.12258675103388617, 0.1316233259885723, 0.0445143224861341, 0.1624148926249872]","[92, 76, 39, 40, 41, 53, 63]","[94.1180419921875, 71.04273223876953, 47.052799224853516, 43.996089935302734, 45.310672760009766, 45.54536056518555, 67.83699035644531]"
2014-05-11,2014-05-17,1897.0,7833,4805.0,"[12, 0, 2, 7, 8, 12, 0]","[0, 6, 4, 0, 0, 0, 15]","[0.035023461532377446, 0.2131169175627777, 0.3, 0.3, 0.0, 0.03678871162049909, 0.0]","[76, 39, 40, 41, 53, 63, 89]","[69.37108612060547, 44.370670318603516, 44.69450378417969, 45.11569595336914, 46.20110321044922, 69.64497375488281, 103.80184936523438]"
2014-05-12,2014-05-18,1763.0,8073,4560.0,"[8, 7, 7, 0, 11, 17, 13]","[0, 0, 0, 6, 0, 0, 0]","[0.0011501031651591498, 0.3, 0.16167188368750376, 1.4889432974138616e-05, 0.3, 0.0, 0.3]","[39, 40, 41, 53, 63, 89, 70]","[48.55573654174805, 43.121124267578125, 44.4667854309082, 45.04429244995117, 69.28548431396484, 102.97765350341797, 78.25579833984375]"
2014-05-13,2014-05-19,1804.0,7991,4875.0,"[7, 7, 8, 12, 2, 0, 9]","[0, 0, 0, 0, 13, 11, 0]","[0.0, 0.3, 0.0, 0.0, 0.3, 0.0, 0.03914028749516159]","[40, 41, 53, 63, 89, 70, 47]","[44.967960357666016, 44.76085662841797, 45.958404541015625, 70.04580688476562, 105.26620483398438, 78.83654022216797, 53.8856315612793]"
2014-05-14,2014-05-20,1905.0,8191,4860.0,"[7, 7, 12, 9, 13, 9, 2]","[0, 1, 0, 7, 0, 0, 6]","[0.24261756139206803, 0.0, 0.07152845824688442, 0.3, 0.11515629644579758, 0.0, 0.0]","[41, 53, 63, 89, 70, 47, 46]","[42.37363052368164, 47.17913055419922, 70.27094268798828, 102.4925537109375, 78.3497085571289, 51.65947723388672, 55.05698776245117]"
2014-05-15,2014-05-21,1787.0,8178,5170.0,"[8, 12, 0, 8, 0, 0, 0]","[0, 0, 15, 5, 7, 7, 7]","[0.03771808131072383, 0.0, 0.0, 0.3, 0.0, 0.0, 0.3]","[53, 63, 89, 70, 47, 46, 52]","[46.995994567871094, 69.36123657226562, 105.49481201171875, 80.71388244628906, 49.28419494628906, 50.67106246948242, 50.08517837524414]"
2014-05-16,2014-05-22,1972.0,8673,5100.0,"[12, 17, 13, 9, 3, 0, 10]","[0, 0, 0, 0, 5, 8, 0]","[0.3, 0.0, 0.0, 0.12749393849996116, 0.3, 0.3, 0.036899166785243284]","[63, 89, 70, 47, 46, 52, 53]","[69.4760971069336, 103.53562927246094, 79.14949035644531, 53.68674850463867, 54.32854461669922, 54.55446243286133, 63.528621673583984]"
2014-05-17,2014-05-23,1718.0,8528,5385.0,"[0, 0, 9, 0, 1, 10, 0]","[14, 11, 0, 7, 6, 0, 11]","[0.0, 0.3, 0.2462981774681502, 0.3, 0.0406415536513106, 0.0, 0.0]","[89, 70, 47, 46, 52, 53, 69]","[102.23242950439453, 74.92158508300781, 51.93673324584961, 52.242332458496094, 50.403907775878906, 60.017669677734375, 79.95693969726562]"
2014-05-18,2014-05-24,2956.0,9432,6200.0,"[12, 0, 9, 8, 10, 0, 20]","[0, 7, 0, 0, 0, 0, 20]","[0.0, 0.0, 0.0, 0.0, 0.0, 0.0060438601414450335, 0.0]","[70, 47, 46, 52, 53, 69, 373]","[71.03427124023438, 49.60525131225586, 52.332252502441406, 49.208831787109375, 60.196041107177734, 73.33228302001953, 400.22930908203125]"
2014-05-19,2014-05-25,3038.0,9918,6455.0,"[4, 6, 8, 0, 4, 13, 20]","[0, 2, 0, 0, 6, 8, 15]","[0.3, 0.0, 0.0, 0.3, 0.0, 0.0, 0.0]","[47, 46, 52, 53, 69, 373, 304]","[50.155521392822266, 50.320335388183594, 51.11855697631836, 60.29232406616211, 72.43658447265625, 413.7586975097656, 312.3823547363281]"
2014-05-20,2014-05-26,3399.0,9918,6270.0,"[0, 8, 0, 0, 20, 20, 0]","[0, 0, 8, 0, 20, 0, 10]","[0.0, 0.0, 0.0, 0.3, 0.0, 0.0, 0.0]","[46, 52, 53, 69, 373, 304, 287]","[51.039146423339844, 50.28883743286133, 60.58073425292969, 71.7315444946289, 385.756591796875, 301.5610656738281, 277.070556640625]"
2014-05-21,2014-05-27,3679.0,9918,5990.0,"[1, 8, 0, 20, 20, 0, 0]","[5, 1, 8, 0, 17, 6, 0]","[0.0, 0.0, 0.011579393512155853, 0.0, 0.0, 0.0, 0.0]","[52, 53, 69, 373, 304, 287, 37]","[45.24210739135742, 58.80006790161133, 74.05901336669922, 400.28778076171875, 303.6678466796875, 276.2771301269531, 41.0087890625]"
2014-05-22,2014-05-28,3975.0,9950,5640.0,"[6, 0, 20, 12, 20, 0, 0]","[0, 0, 0, 20, 7, 0, 0]","[0.1154197773783033, 0.0820955460679492, 0.0, 0.03669556364852941, 0.0, 0.10768157362685733, 0.0]","[53, 69, 373, 304, 287, 37, 49]","[59.65789794921875, 70.1640853881836, 380.0535888671875, 290.3458557128906, 272.9211730957031, 45.29708480834961, 43.52791976928711]"
2014-05-23,2014-05-29,3697.0,9954,6010.0,"[0, 20, 20, 0, 0, 0, 7]","[10, 19, 0, 10, 0, 0, 0]","[0.0, 0.0, 0.0019292596447767728, 0.0, 0.3, 0.3, 0.0]","[69, 373, 304, 287, 37, 49, 41]","[72.72689056396484, 397.4079895019531, 308.8110656738281, 266.9608459472656, 41.61857986450195, 45.79877471923828, 49.696170806884766]"
2014-05-24,2014-05-30,3891.0,9882,5740.0,"[20, 17, 20, 7, 5, 0, 0]","[0, 0, 20, 0, 0, 0, 0]","[0.0, 0.0, 0.0, 0.0, 0.0, 0.3, 0.05396105415997543]","[373, 304, 287, 37, 49, 41, 52]","[382.896728515625, 289.5403747558594, 273.6646728515625, 45.16510772705078, 43.708152770996094, 49.315460205078125, 57.47980880737305]"
2014-05-25,2014-05-31,3004.0,9516,5940.0,"[0, 20, 7, 7, 0, 0, 14]","[0, 20, 0, 0, 7, 8, 0]","[0.0, 0.0, 0.0, 0.0, 0.3, 0.0, 0.0]","[304, 287, 37, 49, 41, 52, 83]","[307.0119934082031, 277.2193603515625, 43.0586051940918, 44.02173614501953, 49.1840705871582, 59.02754211425781, 85.88553619384766]"
2014-05-26,2014-06-01,3147.0,9831,5630.0,"[20, 7, 0, 0, 9, 14, 7]","[20, 0, 0, 5, 0, 0, 0]","[0.0, 0.0, 0.035615364121043845, 0.17312888904274423, 0.3, 0.0, 0.3]","[287, 37, 49, 41, 52, 83, 62]","[280.95526123046875, 42.094696044921875, 45.20160675048828, 43.319644927978516, 56.76200866699219, 87.51361083984375, 77.14733123779297]"
2014-05-27,2014-06-02,1389.0,7050,4490.0,"[7, 7, 8, 1, 0, 11, 9]","[0, 0, 0, 7, 12, 2, 0]","[0.0, 0.2999075668127484, 0.0, 0.0, 0.0, 0.3, 0.0]","[37, 49, 41, 52, 83, 62, 40]","[44.75089645385742, 44.01335525512695, 49.034297943115234, 58.015045166015625, 85.79002380371094, 78.98509979248047, 53.89773178100586]"
2014-05-28,2014-06-03,811.0,7327,5030.0,"[7, 20, 0, 14, 0, 9, 6]","[0, 0, 8, 0, 11, 0, 0]","[0.3, 0.28316218278558186, 0.0, 0.007942646379565177, 0.17625373019622628, 0.3, 0.0812534764284885]","[49, 41, 52, 83, 62, 40, 48]","[42.459129333496094, 48.54825973510742, 58.0756950378418, 85.31564331054688, 77.38863372802734, 53.440940856933594, 38.38604736328125]"
2014-05-29,2014-06-04,1578.0,7092,4360.0,"[1, 0, 14, 7, 9, 6, 8]","[6, 8, 0, 5, 0, 0, 0]","[0.0, 0.0, 0.0, 0.3, 0.3, 0.0, 0.0003961031435424841]","[41, 52, 83, 62, 40, 48, 46]","[49.57937240600586, 59.911006927490234, 84.57634735107422, 75.87177276611328, 54.08354949951172, 38.40279769897461, 49.19287109375]"
2014-05-30,2014-06-05,1261.0,6774,3960.0,"[10, 0, 13, 0, 7, 8, 0]","[0, 12, 0, 8, 0, 0, 0]","[0.3, 0.0, 0.3, 0.3, 0.0, 0.0, 0.3]","[52, 83, 62, 40, 48, 46, 45]","[59.21669006347656, 85.00541687011719, 79.65428924560547, 55.88584518432617, 40.53218078613281, 50.31416320800781, 48.205936431884766]"
2014-05-31,2014-06-06,1582.0,7060,4605.0,"[7, 0, 0, 7, 8, 7, 10]","[6, 11, 8, 0, 0, 1, 0]","[0.0, 0.003257376419459994, 0.03574332567159279, 0.1672964947233993, 0.0, 0.3, 0.0]","[83, 62, 40, 48, 46, 45, 50]","[82.4198226928711, 78.7308578491211, 58.17728805541992, 40.2525634765625, 50.64015579223633, 48.135353088378906, 60.161128997802734]"
2014-06-01,2014-06-07,995.0,6566,4220.0,"[0, 4, 0, 0, 0, 7, 14]","[11, 4, 0, 7, 7, 2, 0]","[0.03822817068517966, 0.0, 0.027021018898863627, 0.057930599550425364, 0.12794012673482563, 0.3, 0.2306187227638286]","[62, 40, 48, 46, 45, 50, 77]","[75.97997283935547, 55.10591125488281, 39.79709243774414, 49.64934158325195, 47.59759521484375, 59.75105667114258, 86.28223419189453]"
2014-06-02,2014-06-08,1573.0,7527,4550.0,"[5, 9, 6, 6, 5, 8, 7]","[3, 1, 2, 1, 4, 5, 3]","[0.13266935429383978, 0.16728268893229298, 0.16738488738453322, 0.17328818366872864, 0.18673711727596726, 0.13161322793540436, 0.12761241079732888]","[40, 48, 46, 45, 50, 77, 64]","[53.41132354736328, 39.160892486572266, 49.1308479309082, 46.91101837158203, 58.3292350769043, 86.3784408569336, 62.188194274902344]"
2014-06-03,2014-06-09,1524.0,7700,4305.0,"[6, 8, 0, 10, 0, 0, 0]","[0, 0, 7, 0, 11, 9, 6]","[0.3, 0.3, 0.3, 0.03739258034577367, 0.3, 0.0, 0.0]","[48, 46, 45, 50, 77, 64, 40]","[38.482967376708984, 48.322723388671875, 47.34589767456055, 58.37913131713867, 86.08289337158203, 61.1772346496582, 43.5916633605957]"
2014-06-04,2014-06-10,1745.0,7052,4130.0,"[8, 8, 0, 14, 10, 0, 2]","[0, 0, 8, 0, 0, 6, 4]","[0.0, 0.0, 0.3, 0.2482886020627745, 0.0, 0.0, 0.0]","[46, 45, 50, 77, 64, 40, 42]","[50.68586349487305, 48.65104293823242, 60.247894287109375, 86.67236328125, 62.18914031982422, 46.491485595703125, 40.790863037109375]"
2014-06-05,2014-06-11,1735.0,7306,4050.0,"[8, 5, 14, 0, 0, 6, 7]","[0, 4, 0, 9, 6, 0, 0]","[0.3, 0.11376714752985391, 0.3, 0.0, 0.16858133215717216, 0.0, 0.0]","[45, 50, 77, 64, 40, 42, 46]","[47.60135269165039, 59.86328125, 85.49057006835938, 63.20668411254883, 45.193359375, 39.509788513183594, 43.14179611206055]"
2014-06-06,2014-06-12,1682.0,7326,4150.0,"[10, 12, 0, 0, 7, 7, 8]","[0, 2, 9, 6, 0, 0, 0]","[0.3, 0.0, 0.0, 0.3, 0.3, 0.0, 0.17221250714759542]","[50, 77, 64, 40, 42, 46, 42]","[58.9013786315918, 87.1717300415039, 61.386634826660156, 45.491390228271484, 40.148170471191406, 43.80488967895508, 45.945823669433594]"
2014-06-07,2014-06-13,1523.0,7506,4280.0,"[0, 10, 8, 2, 0, 8, 0]","[12, 0, 0, 4, 6, 0, 8]","[0.0, 0.0, 0.0, 0.3, 0.3, 0.3, 0.3]","[77, 64, 40, 42, 46, 42, 58]","[85.65345001220703, 61.3047981262207, 45.6444091796875, 39.502166748046875, 43.631736755371094, 45.99135971069336, 54.886478424072266]"
2014-06-08,2014-06-14,1782.0,7552,4060.0,"[0, 7, 4, 4, 8, 9, 9]","[8, 0, 2, 3, 0, 0, 4]","[0.3, 0.040152981420968785, 0.3, 0.3, 0.3, 0.0, 0.0]","[64, 40, 42, 46, 42, 58, 82]","[58.75343322753906, 44.39291000366211, 39.59661102294922, 43.00511932373047, 46.04655838012695, 54.540828704833984, 86.86280059814453]"
