start_date,end_date,lucro_otimo,unidades,hr_cost,J,X,PR,clientes_reais,clientes_previstos
2013-07-01,2013-07-07,8487.0,24457,16660.0,"[20, 20, 20, 20, 17, 20, 20]","[6, 6, 5, 16, 20, 20, 20]","[0.0, 0.029561862894861155, 0.023633895537577294, 0.0, 0.0, 0.0, 0.0]","[156, 177, 192, 228, 249, 299, 217]","[160.38275146484375, 162.82830810546875, 158.95448303222656, 229.6181640625, 244.9892120361328, 347.9470520019531, 271.40618896484375]"
2013-07-02,2013-07-08,8981.0,26193,16855.0,"[20, 20, 20, 20, 20, 20, 20]","[8, 8, 15, 20, 20, 20, 5]","[0.0, 0.0, 0.0, 0.0, 0.024546412408406364, 0.030398914920713345, 0.3]","[177, 192, 228, 249, 299, 217, 155]","[179.64927673339844, 175.8409881591797, 227.21324157714844, 255.47506713867188, 359.47430419921875, 276.8428039550781, 158.83180236816406]"
2013-07-03,2013-07-09,8752.0,26163,16355.0,"[20, 20, 17, 19, 20, 2, 19]","[7, 15, 20, 20, 20, 20, 7]","[0.08779169521907693, 0.3, 0.0, 0.0, 0.022668314357067523, 0.018635937943693535, 0.0]","[192, 228, 249, 299, 217, 155, 159]","[171.25770568847656, 224.9416961669922, 242.42056274414062, 363.597900390625, 299.6081848144531, 167.37692260742188, 163.05987548828125]"
2013-07-04,2013-07-10,8561.0,24177,16245.0,"[20, 20, 20, 20, 20, 20, 20]","[20, 20, 20, 20, 0, 0, 11]","[0.020471375014705178, 0.020427022073982292, 0.01644579533210573, 0.03391715214093193, 0.018182614831282723, 0.0, 0.0]","[228, 249, 299, 217, 155, 159, 165]","[240.23416137695312, 260.3684997558594, 369.4698486328125, 293.07952880859375, 185.12452697753906, 181.33929443359375, 200.92605590820312]"
2013-07-05,2013-07-11,7594.0,24454,15635.0,"[20, 20, 20, 20, 5, 20, 20]","[19, 20, 20, 7, 20, 9, 0]","[0.02599322465451912, 0.3, 0.0, 0.0, 0.0, 0.0, 0.024446271003642276]","[249, 299, 217, 155, 159, 165, 161]","[238.97244262695312, 334.7201232910156, 273.74090576171875, 169.29129028320312, 173.21603393554688, 188.1007843017578, 221.45721435546875]"
2013-07-06,2013-07-12,7078.0,21165,14435.0,"[20, 20, 20, 20, 0, 20, 20]","[20, 20, 3, 7, 20, 13, 0]","[0.02445032760880595, 0.0, 0.0, 0.02249258836367143, 0.024282250001003498, 0.0, 0.08986369602824561]","[299, 217, 155, 159, 165, 161, 190]","[340.0386047363281, 277.47100830078125, 144.45306396484375, 171.56822204589844, 154.7468719482422, 211.66104125976562, 234.66571044921875]"
2013-07-07,2013-07-13,5354.0,21677,15695.0,"[20, 20, 4, 20, 13, 20, 0]","[20, 8, 20, 9, 20, 17, 20]","[0.027649730431212785, 0.3, 0.0, 0.0, 0.02330355793636086, 0.03396379426736059, 0.0]","[217, 155, 159, 165, 161, 190, 254]","[265.698974609375, 176.2620391845703, 165.19432067871094, 182.05441284179688, 217.61825561523438, 237.31072998046875, 309.6499328613281]"
2013-07-08,2013-07-14,6258.0,21821,16075.0,"[20, 20, 16, 13, 15, 20, 20]","[6, 0, 13, 20, 20, 20, 17]","[0.038184692355162066, 0.0, 0.033333760719993055, 0.0, 0.022512381482636314, 0.0, 0.03172055392331061]","[155, 159, 165, 161, 190, 254, 197]","[163.78712463378906, 173.94070434570312, 187.6080322265625, 215.40260314941406, 228.8759765625, 310.4270935058594, 240.27798461914062]"
2013-07-09,2013-07-15,6484.0,22667,16135.0,"[20, 16, 20, 20, 20, 20, 19]","[7, 13, 13, 20, 20, 17, 2]","[0.13119857580586372, 0.018456678751340175, 0.023240937389805733, 0.0, 0.08896108015195024, 0.022294832883496134, 0.0]","[159, 165, 161, 190, 254, 197, 164]","[170.30130004882812, 188.2760467529297, 214.9426727294922, 225.33489990234375, 301.5102233886719, 237.29331970214844, 129.77084350585938]"
2013-07-10,2013-07-16,6185.0,22371,15555.0,"[20, 12, 15, 20, 15, 0, 0]","[9, 20, 20, 20, 20, 17, 20]","[0.0, 0.3, 0.018720467389668136, 0.03331436761086291, 0.0, 0.01961508483126178, 0.0]","[165, 161, 190, 254, 197, 164, 192]","[181.1746063232422, 215.43276977539062, 227.85009765625, 306.733154296875, 232.5416259765625, 120.6377944946289, 164.9775848388672]"
2013-07-11,2013-07-17,7208.0,23320,15145.0,"[20, 20, 20, 20, 12, 20, 19]","[11, 13, 20, 15, 7, 7, 10]","[0.0, 0.0, 0.029985892129335733, 0.3, 0.08906863748773534, 0.0, 0.02053984435226136]","[161, 190, 254, 197, 164, 192, 171]","[199.87184143066406, 214.3361053466797, 301.9473876953125, 227.30429077148438, 123.89088439941406, 169.97689819335938, 183.2677001953125]"
2013-07-12,2013-07-18,7402.0,22841,16020.0,"[11, 20, 19, 19, 20, 9, 19]","[20, 20, 18, 4, 9, 20, 12]","[0.0, 0.0, 0.019251478490858547, 0.0, 0.03907695023264711, 0.0, 0.025395600687839644]","[190, 254, 197, 164, 192, 171, 174]","[209.92803955078125, 304.33514404296875, 240.98757934570312, 139.44671630859375, 176.68972778320312, 193.49111938476562, 198.24087524414062]"
2013-07-13,2013-07-19,6799.0,23477,15120.0,"[20, 20, 0, 20, 20, 19, 20]","[20, 16, 19, 0, 9, 11, 15]","[0.020165366323580854, 0.029320904618710484, 0.0, 0.3, 0.017777618096791202, 0.3, 0.02434799518076791]","[254, 197, 164, 192, 171, 174, 181]","[292.5102233886719, 232.1070098876953, 134.93698120117188, 173.6226806640625, 186.06480407714844, 192.26541137695312, 227.41207885742188]"
2013-07-14,2013-07-20,6977.0,23644,16270.0,"[20, 16, 6, 16, 13, 15, 20]","[14, 6, 20, 14, 18, 20, 20]","[0.026781746572331462, 0.0, 0.22085589060577557, 0.0, 0.016176960338539645, 0.0, 0.08865009476130147]","[197, 164, 192, 171, 174, 181, 263]","[221.94776916503906, 132.20823669433594, 177.51019287109375, 190.46783447265625, 199.95652770996094, 227.05599975585938, 266.099853515625]"
2013-07-15,2013-07-21,7221.0,22294,14800.0,"[20, 0, 7, 20, 20, 20, 19]","[1, 20, 20, 10, 14, 20, 10]","[0.03938228854903447, 0.0, 0.0, 0.029572895727784765, 0.0, 0.15812135471817867, 0.020809009633053085]","[164, 192, 171, 174, 181, 263, 206]","[128.1611785888672, 170.62625122070312, 183.5909423828125, 189.39459228515625, 215.54177856445312, 253.65240478515625, 186.38714599609375]"
2013-07-16,2013-07-22,6585.0,21535,14040.0,"[20, 20, 10, 13, 20, 9, 20]","[8, 9, 20, 20, 0, 20, 6]","[0.0, 0.026519090252217797, 0.027868778394393008, 0.0, 0.0, 0.3, 0.0]","[192, 171, 174, 181, 263, 206, 177]","[177.1309051513672, 181.62501525878906, 200.33154296875, 218.12298583984375, 273.7591552734375, 192.63401794433594, 170.6497802734375]"
2013-07-17,2013-07-23,7848.0,23045,14525.0,"[20, 20, 13, 20, 20, 20, 19]","[8, 9, 20, 20, 10, 0, 9]","[0.0, 0.017541084202125634, 0.0, 0.036582662861119004, 0.0, 0.0, 0.3]","[171, 174, 181, 263, 206, 177, 173]","[177.15667724609375, 184.50811767578125, 216.0770263671875, 270.52813720703125, 192.23580932617188, 161.42198181152344, 182.0511474609375]"
2013-07-18,2013-07-24,7270.0,23921,16015.0,"[9, 15, 20, 8, 5, 8, 7]","[20, 20, 20, 20, 18, 20, 19]","[0.0, 0.021049974653791662, 0.0, 0.03207629850457233, 0.018311166636444914, 0.026508193263752013, 0.3]","[174, 181, 263, 206, 177, 173, 173]","[196.61386108398438, 228.46121215820312, 271.0279846191406, 190.375, 155.93038940429688, 191.11813354492188, 173.69247436523438]"
2013-07-19,2013-07-25,7521.0,22223,15235.0,"[20, 19, 20, 3, 8, 5, 6]","[13, 20, 9, 20, 20, 20, 19]","[0.018236938118302466, 0.03387339041625879, 0.0, 0.0, 0.02791263688937203, 0.0, 0.03350244605965628]","[181, 263, 206, 177, 173, 173, 144]","[210.285888671875, 269.5901794433594, 186.50315856933594, 159.2147979736328, 185.91714477539062, 172.7258758544922, 168.0829620361328]"
2013-07-20,2013-07-26,7448.0,23813,14665.0,"[19, 16, 11, 13, 17, 12, 11]","[15, 11, 14, 15, 12, 14, 19]","[0.11228366960297219, 0.08778647872580313, 0.2052329609160818, 0.03622774819177082, 0.08719616279973828, 0.2149948615852948, 0.08880423618128361]","[263, 206, 177, 173, 173, 144, 184]","[262.63543701171875, 177.80899047851562, 170.6309356689453, 183.14410400390625, 189.0834197998047, 185.4848175048828, 199.7281494140625]"
2013-07-21,2013-07-27,7742.0,21621,14220.0,"[20, 20, 20, 6, 19, 0, 20]","[8, 5, 8, 20, 8, 20, 20]","[0.0272529684891558, 0.027685622028340615, 0.0, 0.02822874103276842, 0.002738670280473386, 0.08708018884037529, 0.03193217991937911]","[206, 177, 173, 173, 144, 184, 250]","[180.3102264404297, 155.06800842285156, 176.24227905273438, 176.30819702148438, 170.8890838623047, 192.81375122070312, 272.9228210449219]"
2013-07-22,2013-07-28,5639.0,23191,15780.0,"[5, 20, 20, 19, 15, 20, 16]","[19, 10, 7, 9, 14, 20, 20]","[0.0, 0.1715969953526394, 0.02150823903494402, 0.0202905844784783, 0.0, 0.3, 0.0]","[177, 173, 173, 144, 184, 250, 144]","[163.11717224121094, 194.753173828125, 171.21551513671875, 178.377197265625, 191.29214477539062, 265.1171875, 234.4676971435547]"
2013-07-23,2013-07-29,5733.0,22706,15215.0,"[16, 19, 16, 8, 20, 20, 10]","[14, 9, 12, 20, 20, 16, 9]","[0.0, 0.3, 0.0, 0.021197658994728447, 0.02448190651280461, 0.3, 0.015238556448347049]","[173, 173, 144, 184, 250, 144, 144]","[195.10093688964844, 175.1187286376953, 181.92660522460938, 191.13575744628906, 265.6690368652344, 234.62936401367188, 122.38574981689453]"
2013-07-24,2013-07-30,5687.0,20936,14720.0,"[8, 20, 20, 20, 20, 19, 20]","[20, 9, 11, 20, 12, 2, 8]","[0.0, 0.01911959219711548, 0.0, 0.032209723310637706, 0.0, 0.0, 0.3]","[173, 144, 184, 250, 144, 144, 137]","[189.5328826904297, 181.35107421875, 196.25711059570312, 271.4244689941406, 207.0841827392578, 126.89325714111328, 174.69741821289062]"
2013-07-25,2013-07-31,6279.0,21440,13835.0,"[16, 13, 16, 18, 6, 10, 15]","[11, 16, 18, 13, 14, 12, 11]","[0.08775030257176195, 0.0878223320205362, 0.11830669424509842, 0.02959693481172823, 0.2055301630600836, 0.1777818986518212, 0.03345572184870896]","[144, 184, 250, 144, 144, 137, 158]","[171.4826202392578, 191.57876586914062, 272.5337219238281, 230.26210021972656, 132.76783752441406, 167.36883544921875, 166.82855224609375]"
2013-07-26,2013-08-01,6109.0,21906,13910.0,"[20, 20, 20, 20, 20, 0, 19]","[9, 20, 15, 0, 5, 20, 8]","[0.3, 0.029982559958545416, 0.0, 0.03669086760805637, 0.0, 0.034385609975745156, 0.29126662066127446]","[184, 250, 144, 144, 137, 158, 186]","[181.9868621826172, 259.71875, 222.61622619628906, 132.060302734375, 156.41200256347656, 163.19744873046875, 174.0726318359375]"
2013-07-27,2013-08-02,5195.0,20695,14980.0,"[20, 20, 0, 20, 20, 6, 19]","[20, 14, 18, 5, 8, 20, 14]","[0.0, 0.0, 0.0, 0.29587525306140117, 0.0, 0.0, 0.0]","[250, 144, 144, 137, 158, 186, 178]","[270.03631591796875, 216.70468139648438, 125.4662094116211, 156.83172607421875, 174.51504516601562, 178.64210510253906, 211.39874267578125]"
2013-07-28,2013-08-03,5563.0,19260,13340.0,"[20, 0, 5, 19, 20, 20, 20]","[12, 20, 19, 9, 0, 0, 20]","[0.015793216276770744, 0.21097726272478234, 0.02452106362647135, 0.023825151153310634, 0.03361388574917101, 0.08941436544804421, 0.0]","[144, 144, 137, 158, 186, 178, 234]","[205.82135009765625, 126.67327117919922, 160.82177734375, 176.91278076171875, 166.37454223632812, 192.4341278076172, 288.30029296875]"
2013-07-29,2013-08-04,6392.0,20200,14245.0,"[6, 12, 20, 8, 19, 20, 16]","[13, 13, 8, 16, 11, 20, 11]","[0.030409532752712232, 0.0, 0.0, 0.0, 0.0, 0.035856770893995596, 0.0]","[144, 137, 158, 186, 178, 234, 209]","[123.94513702392578, 158.87588500976562, 178.3219757080078, 162.82882690429688, 191.3262176513672, 288.88116455078125, 183.48895263671875]"
2013-07-30,2013-08-05,6533.0,20901,14850.0,"[20, 17, 6, 20, 20, 20, 20]","[5, 10, 20, 12, 20, 10, 8]","[0.0, 0.03142557495118712, 0.0, 0.0, 0.0, 0.0, 0.03631823687164823]","[137, 158, 186, 178, 234, 209, 139]","[160.9307098388672, 171.66598510742188, 178.6936798095703, 204.90213012695312, 299.7086486816406, 190.30308532714844, 175.08258056640625]"
2013-07-31,2013-08-06,6502.0,20059,13985.0,"[20, 20, 20, 20, 7, 20, 0]","[0, 8, 12, 20, 20, 7, 20]","[0.0, 0.0, 0.0, 0.03318557407340469, 0.0, 0.029757818475781853, 0.0]","[158, 186, 178, 234, 209, 139, 129]","[162.56092834472656, 174.1163330078125, 202.29803466796875, 292.8717041015625, 185.23338317871094, 170.0478515625, 157.43959045410156]"
2013-08-01,2013-08-07,6905.0,20646,13050.0,"[9, 11, 13, 13, 16, 11, 7]","[14, 18, 15, 14, 9, 12, 14]","[0.08885901544238323, 0.03368702552115004, 0.08751885364012647, 0.08718148232288322, 0.08902903445288379, 0.08932409091099201, 0.12778756901161212]","[186, 178, 234, 209, 139, 129, 139]","[157.9543914794922, 190.2533416748047, 278.3017578125, 177.4559326171875, 159.9475860595703, 150.74917602539062, 161.30479431152344]"
2013-08-02,2013-08-08,5997.0,20191,14630.0,"[20, 20, 12, 20, 7, 20, 20]","[11, 20, 17, 7, 17, 6, 8]","[0.033977756150639735, 0.0, 0.022305545306171737, 0.0, 0.0, 0.0, 0.0]","[178, 234, 209, 139, 129, 139, 156]","[198.02825927734375, 290.3848571777344, 189.18585205078125, 172.01597595214844, 161.6647491455078, 160.466796875, 177.6901092529297]"
2013-08-03,2013-08-09,5940.0,20474,14965.0,"[20, 13, 12, 11, 0, 15, 20]","[20, 15, 13, 12, 20, 13, 16]","[0.031794770419930854, 0.037055182395747475, 0.0, 0.0, 0.02368655606203885, 0.000989350172517103, 0.03164180980896074]","[234, 209, 139, 129, 139, 156, 181]","[291.9218444824219, 181.3562774658203, 165.01910400390625, 152.32830810546875, 159.01780700683594, 182.33154296875, 231.23341369628906]"
2013-08-04,2013-08-10,5886.0,22266,14175.0,"[12, 15, 15, 17, 18, 20, 20]","[14, 10, 9, 7, 10, 12, 17]","[0.0, 0.0, 0.03197407220498644, 0.3, 0.0379506160346233, 0.029850934397448944, 0.3]","[209, 139, 129, 139, 156, 181, 236]","[172.11904907226562, 160.41539001464844, 149.49026489257812, 153.5297393798828, 179.4573974609375, 204.8411407470703, 241.46229553222656]"
2013-08-05,2013-08-11,5645.0,19130,13855.0,"[20, 3, 0, 19, 12, 19, 20]","[7, 20, 20, 9, 20, 19, 0]","[0.0, 0.01802829850200087, 0.0, 0.0, 0.03450821626212575, 0.0, 0.024298302923624282]","[139, 129, 139, 156, 181, 236, 183]","[172.64447021484375, 157.22142028808594, 165.6641082763672, 178.1228790283203, 210.1278839111328, 241.7870635986328, 198.50645446777344]"
2013-08-06,2013-08-12,6322.0,21349,13855.0,"[20, 12, 7, 12, 19, 19, 15]","[0, 12, 19, 19, 16, 13, 8]","[0.0, 0.019664019984627, 0.037474199386647776, 0.0, 0.3, 0.03638096957013602, 0.019449936390165908]","[129, 139, 156, 181, 236, 183, 135]","[141.14492797851562, 156.56011962890625, 173.52061462402344, 205.00698852539062, 230.45748901367188, 206.86817932128906, 145.63589477539062]"
2013-08-07,2013-08-13,6581.0,21307,13360.0,"[20, 5, 20, 16, 16, 20, 0]","[0, 20, 12, 20, 16, 0, 20]","[0.08759319831531265, 0.020972856956066592, 0.0, 0.3, 0.02787879968091847, 0.0, 0.0]","[139, 156, 181, 236, 183, 135, 155]","[148.19712829589844, 172.6792449951172, 204.96380615234375, 239.04759216308594, 208.8005828857422, 139.21533203125, 144.30911254882812]"
2013-08-08,2013-08-14,7281.0,21974,13795.0,"[20, 19, 20, 19, 20, 18, 20]","[8, 12, 19, 13, 3, 5, 4]","[0.0877876585261848, 0.02822684858186047, 0.089722045181837, 0.028659498928350426, 0.3, 0.028144677253893528, 0.0]","[156, 181, 236, 183, 135, 155, 135]","[176.62841796875, 200.6445770263672, 246.8896026611328, 207.0658416748047, 141.3290252685547, 147.50057983398438, 147.3697967529297]"
2013-08-09,2013-08-15,6412.0,21114,13835.0,"[20, 20, 20, 16, 7, 11, 13]","[11, 20, 11, 5, 13, 11, 14]","[0.3, 0.023752879010844878, 0.02859139256857332, 0.02106686681170951, 0.02431706349210577, 0.019649077297144782, 0.0]","[181, 236, 183, 135, 155, 135, 131]","[201.42686462402344, 243.1297607421875, 197.9195098876953, 135.8018035888672, 131.559326171875, 146.6416778564453, 179.58462524414062]"
2013-08-10,2013-08-16,6604.0,18963,12715.0,"[20, 10, 13, 20, 20, 17, 19]","[17, 20, 8, 0, 0, 9, 8]","[0.036631124820289934, 0.0, 0.025316098793939368, 0.0, 0.0, 0.020486650346169977, 0.0]","[236, 183, 135, 155, 135, 131, 162]","[237.8692169189453, 202.7108612060547, 135.55947875976562, 137.07064819335938, 144.59527587890625, 168.566162109375, 170.37977600097656]"
2013-08-11,2013-08-17,5993.0,20171,13620.0,"[20, 10, 6, 9, 20, 20, 20]","[12, 11, 14, 14, 7, 7, 17]","[0.0, 0.3, 0.0, 0.0195138130889575, 0.0, 0.0, 0.02870577515495935]","[183, 135, 155, 135, 131, 162, 237]","[205.03921508789062, 134.64334106445312, 134.266845703125, 150.20639038085938, 171.7921600341797, 172.75851440429688, 237.65419006347656]"
2013-08-12,2013-08-18,6220.0,18977,13105.0,"[10, 8, 13, 17, 15, 18, 18]","[10, 12, 10, 9, 12, 18, 9]","[0.0016889886602651399, 0.01704538647712114, 0.0, 0.019662477514606886, 0.0, 0.03111565072125407, 0.02347189145019895]","[135, 155, 135, 131, 162, 237, 154]","[130.94500732421875, 135.65701293945312, 145.52296447753906, 165.43667602539062, 173.83897399902344, 246.53079223632812, 173.5960235595703]"
2013-08-13,2013-08-19,5714.0,20517,13220.0,"[0, 13, 17, 20, 19, 20, 6]","[20, 10, 10, 8, 19, 9, 11]","[0.3, 0.3, 0.019552397208850124, 0.034354017301476567, 0.0271478733377042, 0.0, 0.03419838576645112]","[155, 135, 131, 162, 237, 154, 134]","[141.32339477539062, 148.59722900390625, 172.42355346679688, 179.99363708496094, 245.35458374023438, 186.10910034179688, 113.5722885131836]"
2013-08-14,2013-08-20,5012.0,17918,13230.0,"[14, 16, 6, 20, 20, 14, 17]","[9, 11, 20, 18, 9, 5, 7]","[0.0, 0.0, 0.0034491653031312516, 0.0, 0.0, 0.0, 0.0]","[135, 131, 162, 237, 154, 134, 116]","[149.75027465820312, 173.9569854736328, 180.34080505371094, 246.8081817626953, 183.2750244140625, 119.26756286621094, 154.7625274658203]"
2013-08-15,2013-08-21,5412.0,19209,12975.0,"[5, 5, 18, 20, 20, 13, 4]","[20, 20, 20, 9, 0, 9, 14]","[0.032889147807424794, 0.3, 4.7284839555698525e-06, 0.03555411353251836, 0.0, 0.019855375494825266, 0.023398432781161455]","[131, 162, 237, 154, 134, 116, 144]","[169.0567626953125, 171.09750366210938, 242.7139129638672, 181.88055419921875, 116.90437316894531, 144.57830810546875, 124.5722427368164]"
2013-08-16,2013-08-22,6053.0,18210,11620.0,"[6, 17, 15, 16, 20, 13, 1]","[19, 18, 12, 0, 0, 5, 19]","[0.024889376865126878, 0.0, 0.025238803644169517, 0.0, 0.3, 0.025296307490508846, 0.0]","[162, 237, 154, 134, 116, 144, 136]","[168.1873779296875, 229.9222412109375, 173.6341552734375, 98.67341613769531, 138.14317321777344, 118.59771728515625, 139.18519592285156]"
2013-08-17,2013-08-23,6237.0,18342,11330.0,"[20, 20, 19, 20, 19, 20, 20]","[19, 7, 0, 0, 0, 0, 6]","[0.019214092301635097, 0.0, 0.0, 0.0, 0.0, 0.02585685209886008, 0.3]","[237, 154, 134, 116, 144, 136, 150]","[229.4635009765625, 171.6240692138672, 106.54991149902344, 134.17918395996094, 113.26791381835938, 137.08770751953125, 165.1398468017578]"
2013-08-18,2013-08-24,5849.0,19222,12115.0,"[20, 19, 20, 20, 16, 10, 17]","[9, 0, 0, 0, 6, 15, 20]","[0.024588690973932723, 0.03143538947459232, 0.0322268333262279, 0.1717608485072453, 0.08963590787092049, 0.3, 0.0]","[154, 134, 116, 144, 136, 150, 228]","[180.6644287109375, 112.71916961669922, 142.88674926757812, 123.65848541259766, 140.05267333984375, 167.87684631347656, 241.16778564453125]"
2013-08-19,2013-08-25,5764.0,18485,11445.0,"[9, 16, 10, 12, 14, 17, 10]","[8, 6, 8, 10, 12, 13, 12]","[0.036624382092668904, 0.1730052005924863, 0.08773864624152761, 0.13837522796793658, 0.08938674942962443, 0.08984206634435718, 0.1799302052151569]","[134, 116, 144, 136, 150, 228, 180]","[111.26104736328125, 137.98255920410156, 119.67949676513672, 140.4012908935547, 170.01654052734375, 239.7994384765625, 181.4971466064453]"
2013-08-20,2013-08-26,5689.0,18970,13265.0,"[0, 0, 20, 20, 18, 8, 0]","[20, 18, 4, 7, 20, 20, 19]","[0.15704178754049697, 0.01628639310779368, 0.025103966369191523, 0.0, 0.0, 0.015101420840189988, 0.026531693249765547]","[116, 144, 136, 150, 228, 180, 126]","[146.19496154785156, 128.2457275390625, 150.52996826171875, 171.24603271484375, 246.58837890625, 191.3684539794922, 130.61180114746094]"
2013-08-21,2013-08-27,6336.0,18550,12410.0,"[20, 0, 4, 20, 13, 20, 20]","[0, 20, 20, 20, 15, 0, 2]","[0.03180411031099825, 0.0, 0.0, 0.03857337578018603, 0.022473477532324072, 0.08757015844011315, 0.0]","[144, 136, 150, 228, 180, 126, 112]","[127.46258544921875, 143.16603088378906, 162.9934844970703, 247.19276428222656, 185.42514038085938, 123.60623931884766, 133.97885131835938]"
2013-08-22,2013-08-28,5976.0,19148,12790.0,"[20, 20, 20, 8, 5, 20, 1]","[4, 7, 18, 20, 14, 0, 20]","[0.08803515075551965, 0.02172930617236607, 6.483351075331297e-05, 0.03159626661365462, 0.027368809178993665, 0.2541447869069601, 0.020694691218270337]","[136, 150, 228, 180, 126, 112, 112]","[148.557861328125, 168.0247344970703, 245.79861450195312, 190.36639404296875, 133.7755126953125, 135.43466186523438, 152.5858612060547]"
2013-08-23,2013-08-29,5791.0,19965,12435.0,"[5, 20, 20, 15, 0, 20, 12]","[19, 16, 9, 5, 18, 3, 10]","[0.03566490747735789, 0.025849847537773127, 0.3, 0.0, 0.03930020508021957, 0.3, 0.02883681862140889]","[150, 228, 180, 126, 112, 112, 128]","[164.7228240966797, 229.2983856201172, 182.7916259765625, 125.78125, 126.66727447509766, 141.5223846435547, 140.74221801757812]"
2013-08-24,2013-08-30,6212.0,18788,11790.0,"[20, 13, 20, 20, 20, 20, 19]","[17, 14, 0, 0, 3, 2, 6]","[0.0, 0.0, 0.0, 0.2167158635954412, 0.0, 0.25390814710681037, 0.038268167436299676]","[228, 180, 126, 112, 112, 128, 159]","[236.07786560058594, 177.74041748046875, 130.2362518310547, 130.34713745117188, 145.2098846435547, 134.2246856689453, 155.3044891357422]"
2013-08-25,2013-08-31,5332.0,17942,11610.0,"[16, 14, 13, 5, 11, 13, 14]","[6, 5, 7, 16, 10, 14, 14]","[0.11787403107787622, 0.03471874384422867, 0.2560253854839424, 0.03200114254321446, 0.15889597394056057, 0.028308316291565362, 0.034146495858880396]","[180, 126, 112, 112, 128, 159, 253]","[183.35601806640625, 124.32929992675781, 129.67108154296875, 144.13548278808594, 135.7556915283203, 175.8170166015625, 255.8094482421875]"
2013-08-26,2013-09-01,6379.0,19324,13175.0,"[15, 4, 12, 12, 6, 20, 19]","[5, 14, 10, 9, 19, 18, 13]","[0.08933213664337959, 0.027333259241235235, 0.021842038329324333, 0.0, 0.03788818629706765, 0.03328606980490622, 0.0]","[126, 112, 112, 128, 159, 253, 203]","[125.80570983886719, 125.10211181640625, 141.69419860839844, 133.94390869140625, 168.58872985839844, 248.1428985595703, 202.5044403076172]"
2013-08-27,2013-09-02,5947.0,20082,12725.0,"[12, 12, 9, 12, 17, 10, 10]","[9, 10, 11, 15, 18, 18, 9]","[0.08963996039618241, 0.033373798600874346, 0.08995406440861434, 0.15751993442771692, 0.11776928960122134, 0.08834276124252939, 0.152053007472423]","[112, 112, 128, 159, 253, 203, 226]","[138.0514678955078, 147.84376525878906, 132.8966522216797, 172.44683837890625, 242.20864868164062, 195.68797302246094, 125.48218536376953]"
2013-08-28,2013-09-03,6010.0,19480,13040.0,"[0, 0, 11, 20, 10, 20, 7]","[20, 19, 14, 20, 19, 1, 13]","[0.28675944075241694, 0.03576787390117803, 0.03369237773812571, 0.032383863336559515, 0.0, 0.023049059132736624, 0.08812962454238699]","[112, 128, 159, 253, 203, 226, 91]","[143.46351623535156, 133.13809204101562, 164.2548370361328, 244.8016357421875, 193.4814910888672, 127.16804504394531, 132.08282470703125]"
2013-08-29,2013-09-04,6023.0,18298,11920.0,"[20, 4, 20, 8, 20, 20, 20]","[0, 20, 20, 20, 0, 0, 0]","[0.0, 0.03639262964419329, 0.0, 0.02280486871372708, 0.028848950178099634, 0.3, 0.03621832574406732]","[128, 159, 253, 203, 226, 91, 81]","[123.48440551757812, 164.12542724609375, 247.12559509277344, 188.1261444091797, 132.19061279296875, 149.155517578125, 119.14484405517578]"
2013-08-30,2013-09-05,4977.0,19318,12340.0,"[20, 20, 18, 17, 15, 11, 10]","[7, 18, 12, 3, 7, 7, 11]","[0.024808202192833, 0.1591236853407226, 0.3, 0.03216102459217707, 0.08919044445365397, 0.08726516820452718, 0.03211398404900926]","[159, 253, 203, 226, 91, 81, 91]","[166.01893615722656, 244.86402893066406, 191.9679718017578, 126.22722625732422, 139.14195251464844, 120.53109741210938, 136.77012634277344]"
2013-08-31,2013-09-06,4086.0,17494,12310.0,"[20, 20, 9, 11, 14, 9, 20]","[18, 11, 10, 10, 5, 12, 4]","[0.0, 0.03306340052017288, 0.21734267828476658, 0.0, 0.0, 0.0, 0.3]","[253, 203, 226, 91, 81, 91, 117]","[249.8533172607422, 197.3024139404297, 127.6298828125, 134.5562286376953, 118.1832046508789, 138.7174530029297, 147.145751953125]"
2013-09-01,2013-09-07,3709.0,17433,12175.0,"[15, 14, 16, 14, 15, 13, 9]","[16, 7, 7, 6, 7, 10, 19]","[0.2528752139298312, 0.03759804042487762, 0.038063566132511016, 0.08797303543359766, 0.16754115000442268, 0.16962229064453932, 0.03900623617315718]","[203, 226, 91, 81, 91, 117, 181]","[204.3023681640625, 133.98959350585938, 142.7281951904297, 126.37736511230469, 141.4164581298828, 149.5133819580078, 235.12295532226562]"
2013-09-02,2013-09-08,1916.0,15160,12585.0,"[17, 7, 20, 19, 13, 20, 16]","[4, 16, 0, 2, 10, 17, 14]","[0.027641133572597898, 0.03413386691490137, 0.0, 0.3, 0.08810620593929541, 0.0, 0.02963227941400515]","[226, 91, 81, 91, 117, 181, 134]","[137.0598907470703, 153.77159118652344, 123.06988525390625, 128.33984375, 145.88169860839844, 237.3962860107422, 196.9546356201172]"
2013-09-03,2013-09-09,-154.0,14672,13845.0,"[14, 13, 10, 11, 20, 20, 16]","[15, 9, 13, 12, 19, 12, 7]","[0.20518610269388787, 0.0227014275313343, 0.0, 0.0, 0.028460569528051965, 0.0, 0.3]","[91, 81, 91, 117, 181, 134, 97]","[188.09439086914062, 138.37832641601562, 149.66722106933594, 152.33534240722656, 251.2940216064453, 207.76382446289062, 146.86117553710938]"
2013-09-04,2013-09-10,2307.0,13941,11685.0,"[0, 20, 20, 20, 19, 18, 20]","[16, 3, 3, 16, 12, 3, 0]","[0.03136350340544447, 0.017676043855093918, 0.0, 0.018188164705050407, 0.02956685244086583, 0.03134155176245188, 0.016313776310008545]","[81, 91, 117, 181, 134, 97, 80]","[112.76810455322266, 137.92039489746094, 150.42039489746094, 240.05999755859375, 202.02001953125, 128.96414184570312, 135.37962341308594]"
2013-09-05,2013-09-11,3468.0,16971,13460.0,"[0, 15, 14, 13, 16, 20, 20]","[16, 6, 20, 18, 6, 0, 20]","[0.15729910879744272, 0.027998514191664752, 0.037926253236427857, 0.0, 0.0, 0.036003245436267955, 0.0]","[91, 117, 181, 134, 97, 80, 370]","[111.01615142822266, 133.93472290039062, 226.27804565429688, 202.3187255859375, 138.86489868164062, 112.61738586425781, 557.718505859375]"
2013-09-06,2013-09-12,4418.0,20257,15300.0,"[0, 20, 20, 17, 20, 20, 20]","[19, 17, 11, 4, 0, 20, 20]","[0.0, 0.0, 0.3, 0.0, 0.0, 0.03338308330183189, 0.0]","[117, 181, 134, 97, 80, 370, 406]","[126.79711151123047, 239.91033935546875, 194.945068359375, 132.2607421875, 116.81146240234375, 624.9058227539062, 679.5755615234375]"
2013-09-07,2013-09-13,6332.0,22384,15740.0,"[20, 20, 19, 20, 20, 20, 20]","[20, 0, 0, 0, 20, 20, 20]","[0.015239990691282752, 0.3, 0.030399491348927866, 0.0, 0.0, 0.0, 0.0]","[181, 134, 97, 80, 370, 406, 539]","[235.57461547851562, 190.13868713378906, 116.67202758789062, 112.54647827148438, 526.7115478515625, 693.8341064453125, 819.3342895507812]"
2013-09-08,2013-09-14,5531.0,22645,16720.0,"[6, 20, 20, 20, 20, 20, 20]","[20, 2, 0, 20, 20, 20, 20]","[0.3, 0.0, 0.0, 0.0, 0.0, 0.0, 0.01809806020944102]","[134, 97, 80, 370, 406, 539, 183]","[178.573974609375, 137.37269592285156, 110.10173797607422, 558.0375366210938, 730.7071533203125, 870.6468505859375, 295.46759033203125]"
2013-09-09,2013-09-15,6648.0,24502,15905.0,"[20, 20, 20, 20, 20, 20, 0]","[0, 0, 20, 20, 20, 19, 20]","[0.3, 0.031598799949557, 0.03210485645618869, 0.02122835329292428, 0.3, 0.0, 0.0]","[97, 80, 370, 406, 539, 183, 149]","[119.1930160522461, 108.71798706054688, 635.5145263671875, 674.8120727539062, 797.4361572265625, 239.77850341796875, 159.2646942138672]"
2013-09-10,2013-09-16,7539.0,21642,14620.0,"[8, 20, 20, 20, 20, 20, 0]","[7, 20, 20, 20, 18, 0, 12]","[0.0, 0.0, 0.02780233987159817, 0.0, 0.03487795692819892, 0.0, 0.0]","[80, 370, 406, 539, 183, 149, 120]","[95.72590637207031, 524.7453002929688, 690.3125610351562, 827.9003295898438, 248.09405517578125, 127.49697875976562, 83.34434509277344]"
2013-09-11,2013-09-17,6854.0,21677,14075.0,"[20, 20, 20, 17, 0, 0, 0]","[20, 20, 20, 19, 19, 0, 17]","[0.0, 0.0, 0.0, 0.08904085531579929, 0.3, 0.010184316375822722, 0.087876912024188]","[370, 406, 539, 183, 149, 120, 99]","[528.7377319335938, 688.7626953125, 824.7222900390625, 236.890869140625, 119.22869873046875, 81.18241119384766, 118.9737319946289]"
2013-09-12,2013-09-18,5120.0,17859,12140.0,"[20, 20, 18, 20, 16, 20, 0]","[0, 20, 20, 0, 0, 0, 20]","[0.0, 0.028828881724896102, 0.01563867583576295, 0.3, 0.03628131391568659, 0.0, 0.038478260296511704]","[406, 539, 183, 149, 120, 99, 93]","[570.6854858398438, 727.4415893554688, 250.8521728515625, 125.685546875, 94.62666320800781, 132.83775329589844, 135.68971252441406]"
2013-09-13,2013-09-19,5379.0,17686,12580.0,"[20, 20, 3, 20, 0, 20, 20]","[20, 16, 20, 0, 19, 0, 0]","[0.032471913334385046, 0.020616007281277302, 0.0, 0.0, 0.017227533533375677, 0.027296439622383744, 0.0]","[539, 183, 149, 120, 99, 93, 99]","[643.6790771484375, 229.7813720703125, 159.20252990722656, 114.37035369873047, 127.16366577148438, 125.9256591796875, 125.1651611328125]"
2013-09-14,2013-09-20,2984.0,15492,11015.0,"[20, 20, 0, 18, 20, 13, 20]","[20, 1, 14, 5, 2, 7, 0]","[0.0, 0.3, 0.0, 0.3, 0.01977087520787919, 0.0, 0.01682963336715864]","[183, 149, 120, 99, 93, 99, 155]","[267.3330993652344, 127.14777374267578, 95.64598083496094, 142.53616333007812, 131.59925842285156, 128.78025817871094, 132.6390838623047]"
2013-09-15,2013-09-21,4572.0,15399,10355.0,"[10, 2, 12, 14, 18, 20, 20]","[12, 12, 8, 5, 0, 1, 12]","[0.0, 0.0, 0.2763908480268944, 0.0, 0.03268948882508975, 0.028717067593626112, 0.021959727826168257]","[149, 120, 99, 93, 99, 155, 194]","[146.643798828125, 98.61651611328125, 127.26570129394531, 118.51172637939453, 110.3286361694336, 136.12525939941406, 206.6938018798828]"
2013-09-16,2013-09-22,4674.0,15585,11065.0,"[7, 19, 19, 20, 7, 7, 20]","[11, 3, 2, 0, 15, 20, 5]","[0.03391589588357758, 0.016712668349303274, 0.030362568913989352, 0.017495980883511016, 0.01848023582118508, 0.0, 0.0]","[120, 99, 93, 99, 155, 194, 145]","[116.57846069335938, 134.51095581054688, 132.23626708984375, 131.5145721435547, 150.43807983398438, 181.85433959960938, 158.8985595703125]"
2013-09-17,2013-09-23,4031.0,15703,10345.0,"[5, 14, 6, 9, 13, 8, 9]","[14, 6, 14, 11, 14, 12, 5]","[0.2174713518102565, 0.12310791871807461, 0.028219562984916707, 0.12788665997884202, 0.08900144961239184, 0.16077770768248256, 0.024093340854247185]","[99, 93, 99, 155, 194, 145, 89]","[129.59385681152344, 126.67874908447266, 137.41848754882812, 132.0072479248047, 183.6610565185547, 145.90908813476562, 100.84449005126953]"
2013-09-18,2013-09-24,4628.0,15831,10545.0,"[12, 20, 18, 19, 20, 19, 12]","[8, 1, 7, 10, 6, 0, 5]","[0.0018567660392092942, 0.3, 0.026525994259347055, 0.035133896397997855, 0.02376055089334048, 0.0, 0.08771226351529975]","[93, 99, 155, 194, 145, 89, 92]","[127.8646240234375, 129.07046508789062, 157.13412475585938, 184.44125366210938, 160.8841552734375, 112.59974670410156, 106.39146423339844]"
2013-09-19,2013-09-25,4949.0,14274,9410.0,"[9, 10, 13, 20, 2, 16, 13]","[8, 11, 15, 0, 13, 0, 4]","[0.015412823656829066, 0.032308278039896506, 0.018685835318313446, 0.0, 0.0, 0.0, 0.0]","[99, 155, 194, 145, 89, 92, 95]","[112.9906997680664, 138.6005859375, 182.56507873535156, 152.5917205810547, 105.95868682861328, 99.26651000976562, 109.27388763427734]"
2013-09-20,2013-09-26,5198.0,15628,9950.0,"[7, 9, 13, 2, 13, 0, 18]","[14, 19, 10, 14, 2, 14, 0]","[0.08767201524663462, 0.03292648906050683, 0.0, 0.03384313822852408, 0.1905128864385129, 0.088688870500655, 0.03716529170795241]","[155, 194, 145, 89, 92, 95, 105]","[140.1847686767578, 191.95130920410156, 148.2301483154297, 105.33088684082031, 93.40194702148438, 98.43973541259766, 103.93965911865234]"
2013-09-21,2013-09-27,4732.0,15114,9765.0,"[17, 19, 2, 0, 0, 0, 18]","[14, 6, 13, 13, 14, 15, 0]","[0.034044887790481794, 0.020615617675211834, 0.3, 0.08838435749538517, 0.0, 0.0, 0.0]","[194, 145, 89, 92, 95, 105, 137]","[199.3313446044922, 156.72442626953125, 102.92160034179688, 93.1263198852539, 95.78795623779297, 101.66033172607422, 109.87915802001953]"
2013-09-22,2013-09-28,4335.0,15008,9530.0,"[13, 10, 6, 12, 11, 9, 12]","[11, 8, 9, 5, 5, 8, 12]","[0.03552716954141326, 0.1503411657375055, 0.16741059628921806, 0.1336570339413427, 0.1259756805798416, 0.08705286606721144, 0.0877180421844545]","[145, 89, 92, 95, 105, 137, 212]","[153.7459716796875, 116.17037963867188, 102.77155303955078, 107.80939483642578, 103.14643859863281, 110.8559341430664, 192.03887939453125]"
2013-09-23,2013-09-29,4399.0,14001,8990.0,"[19, 11, 16, 0, 8, 20, 20]","[0, 3, 0, 13, 9, 10, 0]","[0.000405596858806635, 0.0, 0.3, 0.0, 0.0, 0.0, 0.019668927969665274]","[89, 92, 95, 105, 137, 212, 134]","[111.65863800048828, 86.6046371459961, 97.15325927734375, 88.46629333496094, 113.11949157714844, 194.17120361328125, 122.98210144042969]"
2013-09-24,2013-09-30,4797.0,14338,8930.0,"[15, 10, 16, 8, 20, 10, 0]","[0, 5, 0, 10, 10, 10, 12]","[0.036185443948085594, 0.01507026356451205, 0.3, 0.0, 0.0, 0.02533050609681127, 0.0]","[92, 95, 105, 137, 212, 134, 72]","[92.90799713134766, 93.5842514038086, 95.27220916748047, 114.50114440917969, 188.55014038085938, 131.3749542236328, 82.7330322265625]"
2013-09-25,2013-10-01,5157.0,14028,8930.0,"[6, 17, 0, 19, 4, 14, 0]","[8, 0, 19, 11, 15, 0, 10]","[0.018027262403124782, 0.0, 0.02179626468322332, 0.020550456295858246, 0.016457143787998917, 0.0, 0.025676295383608324]","[95, 105, 137, 212, 134, 72, 71]","[94.17923736572266, 103.40562438964844, 124.66592407226562, 194.0672607421875, 127.37625885009766, 87.17011260986328, 88.3744125366211]"
2013-09-26,2013-10-02,3884.0,15061,9515.0,"[8, 11, 13, 5, 6, 11, 6]","[8, 6, 17, 16, 7, 5, 10]","[0.1784263089973545, 0.17396920897675888, 0.08954632970932283, 0.13899983163077873, 0.16546062547216425, 0.1691206323149238, 0.12779513220336428]","[105, 137, 212, 134, 72, 71, 88]","[104.82152557373047, 107.47561645507812, 198.11300659179688, 139.78330993652344, 91.41266632080078, 101.87723541259766, 110.07276153564453]"
2013-09-27,2013-10-03,4250.0,14158,9045.0,"[14, 8, 20, 13, 17, 19, 0]","[4, 20, 2, 1, 0, 0, 13]","[0.02985664198947225, 0.025260343715276835, 0.026074884687153115, 0.0, 0.017842531046688575, 0.3, 0.1729530376830325]","[137, 212, 134, 72, 71, 88, 111]","[110.23652648925781, 188.6147003173828, 133.16799926757812, 83.65130615234375, 99.19507598876953, 113.18033599853516, 93.85176086425781]"
2013-09-28,2013-10-04,3826.0,13984,9250.0,"[14, 11, 15, 8, 19, 14, 4]","[15, 11, 0, 7, 0, 1, 13]","[0.0179838775184759, 0.3, 0.0, 0.02596763242374176, 0.0, 0.0, 0.0]","[212, 134, 72, 71, 88, 111, 149]","[190.86654663085938, 141.98838806152344, 89.86102294921875, 99.04589080810547, 113.37701416015625, 94.84567260742188, 118.6859130859375]"
2013-09-29,2013-10-05,3661.0,15778,10450.0,"[13, 1, 18, 13, 2, 6, 17]","[9, 13, 1, 6, 13, 12, 16]","[0.20532869529072104, 0.1808493467942388, 0.03699026034760349, 0.20567581236252838, 0.25611132038711454, 0.08768963815909925, 0.037471314548498336]","[134, 72, 71, 88, 111, 149, 246]","[141.49281311035156, 97.048828125, 114.1590576171875, 122.56796264648438, 104.37568664550781, 124.46420288085938, 215.71559143066406]"
2013-09-30,2013-10-06,3894.0,14544,10530.0,"[16, 0, 5, 8, 8, 20, 14]","[0, 16, 13, 8, 11, 13, 9]","[0.02947696062357588, 0.0, 0.0, 0.12000366880705085, 0.0, 0.03755880924185919, 0.026366203866375167]","[72, 71, 88, 111, 149, 246, 158]","[93.67265319824219, 112.85212707519531, 124.3045654296875, 105.92234802246094, 125.57208251953125, 210.6486358642578, 147.94398498535156]"
2013-10-01,2013-10-07,4714.0,14903,10315.0,"[7, 11, 20, 0, 20, 16, 15]","[7, 10, 0, 18, 15, 7, 0]","[0.0, 0.0, 0.0, 0.023013258711865936, 0.03792692112663782, 0.0, 0.0]","[71, 88, 111, 149, 246, 158, 91]","[91.49052429199219, 135.81170654296875, 107.11481475830078, 127.03199005126953, 223.2466583251953, 144.8990478515625, 89.88172149658203]"
2013-10-02,2013-10-08,4484.0,15295,9625.0,"[11, 9, 17, 15, 8, 11, 13]","[9, 10, 4, 15, 8, 5, 2]","[0.17822479666903207, 0.03634984252858893, 0.0877883200035305, 0.10584261428436509, 0.13434825578113999, 0.07541364384635968, 0.13306178239419622]","[88, 111, 149, 246, 158, 91, 97]","[127.48289489746094, 120.68196868896484, 130.84068298339844, 221.39891052246094, 154.60105895996094, 103.12554168701172, 89.6963119506836]"
2013-10-03,2013-10-09,5634.0,16077,9630.0,"[9, 12, 17, 14, 10, 5, 14]","[9, 8, 11, 10, 5, 8, 4]","[0.02994560199879784, 0.08959024922519934, 0.08815547399579414, 0.08735550803001178, 0.13265436398235372, 0.08709072946332468, 0.11832398432464147]","[111, 149, 246, 158, 91, 97, 103]","[118.19221496582031, 127.93437957763672, 220.50498962402344, 152.28993225097656, 100.98788452148438, 88.91006469726562, 112.2430191040039]"
2013-10-04,2013-10-10,5489.0,15837,10525.0,"[19, 14, 7, 20, 0, 6, 17]","[2, 20, 16, 0, 13, 11, 2]","[0.0, 0.029478713007909232, 0.0, 0.0, 0.03129252993059239, 0.037041240940771075, 0.0]","[149, 246, 158, 91, 97, 103, 126]","[129.07154846191406, 220.9115447998047, 152.12648010253906, 101.84437561035156, 90.46319580078125, 112.95994567871094, 116.7302474975586]"
2013-10-05,2013-10-11,4830.0,13873,8240.0,"[20, 20, 0, 7, 11, 16, 20]","[17, 0, 11, 0, 0, 0, 0]","[0.020359663278830976, 0.0, 0.3, 0.3, 0.0, 0.0, 0.0]","[246, 158, 91, 97, 103, 126, 164]","[242.3406219482422, 146.13519287109375, 81.41239166259766, 39.63267135620117, 65.95503997802734, 96.51148986816406, 157.57150268554688]"
2013-10-06,2013-10-12,4542.0,15765,10000.0,"[18, 17, 8, 0, 5, 0, 20]","[6, 0, 0, 10, 8, 20, 20]","[0.3, 0.0, 0.2795323373180228, 0.0, 0.0, 0.0, 0.028396219557466552]","[158, 91, 97, 103, 126, 164, 918]","[152.09573364257812, 99.38048553466797, 51.510318756103516, 67.448486328125, 87.33345794677734, 156.77735900878906, 880.563232421875]"
2013-10-07,2013-10-13,5145.0,17338,11660.0,"[0, 7, 0, 5, 3, 20, 20]","[15, 0, 10, 8, 19, 20, 20]","[0.3, 0.17674600076236596, 0.0, 0.03779657694202577, 0.0, 0.01688558638546231, 0.0]","[91, 97, 103, 126, 164, 918, 716]","[102.87005615234375, 42.00126266479492, 70.46922302246094, 86.05013275146484, 154.0201873779297, 881.3197631835938, 704.09423828125]"
2013-10-08,2013-10-14,6817.0,19292,12860.0,"[8, 0, 15, 20, 20, 20, 20]","[0, 11, 0, 0, 20, 20, 20]","[0.0, 0.03231414626415867, 0.0, 0.0, 0.0, 0.0, 0.030477207399027574]","[97, 103, 126, 164, 918, 716, 417]","[51.06023025512695, 75.29309844970703, 87.4935073852539, 159.9607391357422, 884.5675048828125, 729.063232421875, 448.5563659667969]"
2013-10-09,2013-10-15,6974.0,18991,12395.0,"[20, 0, 20, 20, 20, 20, 0]","[0, 17, 5, 20, 20, 0, 13]","[0.0, 0.0, 0.02571089442606545, 0.0, 0.0, 0.0, 0.0]","[103, 126, 164, 918, 716, 417, 96]","[114.30310821533203, 119.05218505859375, 155.89163208007812, 828.2537841796875, 719.767333984375, 487.05108642578125, 95.9109115600586]"
2013-10-10,2013-10-16,7104.0,18818,12070.0,"[0, 0, 20, 20, 20, 0, 16]","[0, 20, 20, 20, 20, 10, 0]","[0.0, 0.0, 0.0, 0.0, 0.027010388883814684, 0.0, 0.026655170075213133]","[126, 164, 918, 716, 417, 96, 102]","[105.501220703125, 155.3013153076172, 878.0149536132812, 735.9150390625, 456.4776916503906, 75.0345230102539, 96.23118591308594]"
2013-10-11,2013-10-17,8110.0,20753,13100.0,"[0, 20, 20, 20, 12, 17, 17]","[20, 20, 20, 20, 0, 0, 0]","[0.02962756493303018, 0.016045200899982327, 0.0, 0.0, 0.03508791586606206, 0.030906811493746723, 0.0]","[164, 918, 716, 417, 96, 102, 93]","[154.9124298095703, 890.6140747070312, 736.87646484375, 452.0103759765625, 72.88892364501953, 102.19518280029297, 101.90313720703125]"
2013-10-12,2013-10-18,7220.0,20805,13490.0,"[20, 20, 20, 13, 18, 19, 0]","[20, 20, 20, 0, 0, 0, 20]","[0.015668367573100625, 0.0, 0.0, 0.3, 0.0, 0.0, 0.0]","[918, 716, 417, 96, 102, 93, 128]","[884.7548828125, 731.992919921875, 448.744384765625, 76.76702880859375, 106.36514282226562, 108.74593353271484, 136.96348571777344]"
2013-10-13,2013-10-19,5686.0,20360,13665.0,"[20, 20, 0, 17, 11, 0, 20]","[20, 20, 10, 0, 6, 19, 20]","[0.016774521339412252, 0.0, 0.3, 0.0, 0.028242528069802122, 0.3, 0.0]","[716, 417, 96, 102, 93, 128, 194]","[733.6825561523438, 478.1446838378906, 72.04924774169922, 99.68144989013672, 109.13207244873047, 136.44158935546875, 226.63088989257812]"
2013-10-14,2013-10-20,5894.0,17991,11265.0,"[20, 11, 6, 17, 6, 20, 20]","[20, 0, 9, 0, 14, 15, 0]","[0.0194399565718672, 0.2960829148414851, 0.0, 0.02167245862616074, 0.019069063873591495, 0.030832014649023205, 0.25450365810639825]","[417, 96, 102, 93, 128, 194, 146]","[475.20074462890625, 67.47107696533203, 103.2928237915039, 106.63053894042969, 135.36167907714844, 227.3058624267578, 137.18768310546875]"
2013-10-15,2013-10-21,3587.0,15954,10915.0,"[6, 9, 15, 5, 19, 17, 16]","[7, 10, 6, 16, 15, 9, 2]","[0.08969112735989773, 0.037821640646845775, 0.1093310292001617, 0.2546124047870475, 0.08745409542249732, 0.019945090515729392, 0.2768965580498396]","[96, 102, 93, 128, 194, 146, 73]","[83.37305450439453, 119.79539489746094, 134.37677001953125, 145.91665649414062, 221.19949340820312, 163.95570373535156, 106.7117919921875]"
2013-10-16,2013-10-22,3711.0,14819,10240.0,"[7, 3, 11, 19, 6, 19, 17]","[10, 13, 10, 15, 14, 0, 0]","[0.0, 0.026658696939677477, 0.019056570034938256, 0.030087150960523557, 0.3, 0.0, 0.0]","[102, 93, 128, 194, 146, 73, 76]","[111.54486846923828, 110.40850067138672, 135.9585418701172, 222.69468688964844, 135.98548889160156, 115.45589447021484, 105.26952362060547]"
2013-10-17,2013-10-23,4082.0,15092,9875.0,"[14, 14, 14, 15, 9, 10, 10]","[3, 7, 16, 6, 9, 6, 7]","[0.102576481419756, 0.03815244845104849, 0.03651419066484217, 0.17998455105061956, 0.08723730117783746, 0.12667514213048997, 0.21794959667391378]","[93, 128, 194, 146, 73, 76, 98]","[106.77252197265625, 130.7688446044922, 224.99488830566406, 133.53082275390625, 117.0617904663086, 105.63794708251953, 113.36419677734375]"
2013-10-18,2013-10-24,3881.0,14936,10510.0,"[13, 17, 13, 14, 12, 7, 7]","[8, 13, 12, 7, 6, 9, 9]","[0.02725083104019902, 0.1264707971123347, 0.03488135627981551, 0.13175571507314873, 0.024545852124953558, 0.0737023069422853, 0.03463946002441119]","[128, 194, 146, 73, 76, 98, 101]","[135.4101104736328, 234.11325073242188, 162.43814086914062, 134.50042724609375, 105.03304290771484, 107.9258041381836, 106.54478454589844]"
2013-10-19,2013-10-25,3742.0,14680,10345.0,"[20, 0, 20, 18, 20, 18, 20]","[14, 20, 0, 0, 0, 0, 3]","[0.0, 0.0, 0.0, 0.0, 0.3, 0.034026733285056086, 0.0]","[194, 146, 73, 76, 98, 101, 165]","[219.04368591308594, 139.9158172607422, 114.88319396972656, 111.22821044921875, 119.10739135742188, 109.02908325195312, 145.5720672607422]"
2013-10-20,2013-10-26,4166.0,14899,10090.0,"[13, 9, 7, 9, 6, 10, 17]","[7, 9, 7, 9, 9, 12, 12]","[0.12219256972814135, 0.026962506120293946, 0.08739984087255127, 0.08830951894328604, 0.03869926089568958, 0.1334241405563523, 0.03308597461197088]","[146, 73, 76, 98, 101, 165, 209]","[128.72091674804688, 114.20947265625, 106.57068634033203, 113.408447265625, 106.18827056884766, 145.30979919433594, 186.24412536621094]"
2013-10-21,2013-10-27,4387.0,14798,10305.0,"[3, 8, 11, 0, 20, 20, 0]","[13, 7, 5, 15, 3, 12, 19]","[0.0, 0.03197167285761973, 0.0, 0.10162133583045387, 0.019303683432495486, 0.01915776361901951, 0.016359118715466903]","[73, 76, 98, 101, 165, 209, 149]","[111.5461196899414, 98.16485595703125, 103.01044464111328, 102.1064453125, 145.2376251220703, 203.48585510253906, 134.7926788330078]"
2013-10-22,2013-10-28,4412.0,16259,10345.0,"[10, 8, 8, 10, 14, 10, 10]","[6, 8, 8, 11, 14, 13, 10]","[0.16681834463719603, 0.10659695580158599, 0.12418699581853564, 0.03279948188846406, 0.17150253470109397, 0.1534126103776929, 0.036964178164508324]","[76, 98, 101, 165, 209, 149, 104]","[102.3929214477539, 106.20343780517578, 105.76762390136719, 136.9908447265625, 207.57362365722656, 151.39910888671875, 130.4551239013672]"
2013-10-23,2013-10-29,5240.0,16816,10790.0,"[0, 17, 9, 18, 10, 0, 0]","[15, 0, 12, 14, 13, 19, 15]","[0.1265570325080979, 0.029471947985001377, 0.21427122728797637, 0.019939553450008512, 0.03860811514854757, 0.0219874594815032, 0.11425174968851819]","[98, 101, 165, 209, 149, 104, 104]","[102.54576110839844, 103.48467254638672, 136.07858276367188, 206.6753387451172, 150.7031707763672, 129.36309814453125, 123.62516021728516]"
2013-10-24,2013-10-30,4732.0,16200,9910.0,"[17, 20, 11, 0, 2, 10, 6]","[0, 0, 20, 17, 14, 9, 9]","[0.0, 0.3, 0.029827491614507734, 0.3, 0.0, 0.019449229350633562, 0.02349754411514484]","[101, 165, 209, 149, 104, 104, 91]","[102.1958999633789, 129.2521514892578, 205.77220153808594, 121.35225677490234, 111.40741729736328, 125.60340118408203, 102.29744720458984]"
2013-10-25,2013-10-31,4503.0,15282,9730.0,"[10, 15, 14, 8, 8, 10, 13]","[11, 12, 6, 8, 9, 5, 7]","[0.12401467423361401, 0.0884237730548871, 0.08831461694251302, 0.03344697021948963, 0.1315228804328558, 0.16104822309493602, 0.08896150833904737]","[165, 209, 149, 104, 104, 91, 69]","[139.3887481689453, 188.20069885253906, 127.99800109863281, 103.57222747802734, 111.68875122070312, 96.54679107666016, 130.4724884033203]"
2013-10-26,2013-11-01,3475.0,14809,11355.0,"[12, 15, 19, 9, 17, 0, 19]","[20, 8, 3, 10, 3, 18, 5]","[0.031452335020242306, 0.0, 0.02813202584426424, 0.0, 0.08855178488087717, 0.0, 0.0]","[209, 149, 104, 104, 91, 69, 119]","[209.722900390625, 149.18455505371094, 128.56927490234375, 124.36479949951172, 122.81774139404297, 130.2126922607422, 161.39768981933594]"
2013-10-27,2013-11-02,2821.0,14432,11545.0,"[16, 18, 4, 5, 20, 10, 15]","[8, 0, 14, 13, 1, 14, 19]","[0.0, 0.023480973829448856, 0.0, 0.08990648828291882, 0.08929641589085094, 0.0, 0.0]","[149, 104, 104, 91, 69, 119, 188]","[149.83839416503906, 129.92117309570312, 123.93766784667969, 121.49459075927734, 129.97793579101562, 161.6748046875, 225.99107360839844]"
2013-10-28,2013-11-03,3343.0,16286,11530.0,"[13, 9, 12, 6, 13, 18, 15]","[7, 10, 7, 13, 10, 12, 12]","[0.08881100500783935, 0.08802643646507084, 0.08768172416712905, 0.15146028413317675, 0.21076509259857695, 0.13135933827024832, 0.08878542322297706]","[104, 104, 91, 69, 119, 188, 166]","[128.74026489257812, 124.05783081054688, 121.76932525634766, 129.5183868408203, 162.7496795654297, 226.56509399414062, 181.28932189941406]"
2013-10-29,2013-11-04,3329.0,15804,10970.0,"[10, 13, 9, 14, 14, 15, 9]","[7, 4, 10, 10, 14, 15, 7]","[0.0880706544851246, 0.21256845360602578, 0.1740416264037638, 0.08765444809140989, 0.1636443163897699, 0.08955772018145036, 0.08983274161209427]","[104, 91, 69, 119, 188, 166, 78]","[111.6597671508789, 109.09093475341797, 126.58567810058594, 166.45777893066406, 227.12351989746094, 195.03465270996094, 101.70234680175781]"
2013-10-30,2013-11-05,2490.0,14739,11840.0,"[20, 16, 10, 20, 20, 20, 0]","[0, 4, 15, 19, 9, 0, 16]","[0.0364058866961735, 0.3, 0.022634575095754905, 0.023311179600286946, 0.020112939810838816, 0.0, 0.02222754781027506]","[91, 69, 119, 188, 166, 78, 93]","[121.11599731445312, 127.36117553710938, 162.3880157470703, 225.6614227294922, 186.559326171875, 121.32410430908203, 113.82524108886719]"
2013-10-31,2013-11-06,3005.0,14368,11270.0,"[19, 16, 15, 13, 12, 10, 11]","[1, 9, 19, 16, 7, 7, 5]","[0.0, 0.018083098292226357, 0.0265751047536208, 0.08899353221918396, 0.024390649426273205, 0.0, 0.0]","[69, 119, 188, 166, 78, 93, 90]","[124.0096206665039, 159.81080627441406, 225.8074951171875, 187.7640380859375, 120.42581176757812, 112.91061401367188, 110.25823974609375]"
2013-11-01,2013-11-07,3460.0,15891,11000.0,"[20, 19, 20, 17, 1, 18, 14]","[4, 16, 9, 3, 15, 0, 4]","[0.08980842948958696, 0.3, 0.03372536209669989, 0.025395883118974685, 0.02109405179548782, 0.024023804756101608, 0.041113603463970805]","[119, 188, 166, 78, 93, 90, 90]","[154.82363891601562, 225.00192260742188, 187.56887817382812, 119.65877532958984, 110.76895141601562, 108.21551513671875, 112.37350463867188]"
2013-11-02,2013-11-08,3342.0,16717,11250.0,"[13, 20, 15, 11, 0, 19, 0]","[20, 8, 5, 7, 16, 0, 20]","[0.016886675135771058, 0.025147951528187523, 0.02328133353478534, 0.0, 0.3, 0.3, 0.3]","[188, 166, 78, 93, 90, 90, 159]","[219.709716796875, 173.33932495117188, 122.72526550292969, 115.01466369628906, 113.98905944824219, 115.76656341552734, 143.86691284179688]"
2013-11-03,2013-11-09,3920.0,17706,11615.0,"[7, 14, 18, 11, 19, 12, 20]","[20, 5, 0, 6, 0, 9, 20]","[0.3, 0.28350719086096016, 0.08925805549319807, 0.0336061535734723, 0.3, 0.0, 0.0]","[166, 78, 93, 90, 90, 159, 917]","[184.02406311035156, 119.5863265991211, 110.39514923095703, 107.62845611572266, 111.06082916259766, 135.57301330566406, 913.3735961914062]"
2013-11-04,2013-11-10,4491.0,16949,12725.0,"[12, 16, 20, 10, 7, 20, 20]","[7, 2, 0, 7, 13, 20, 19]","[0.0, 0.0, 0.0, 0.0, 0.0, 0.0, 0.0]","[78, 93, 90, 90, 159, 917, 701]","[120.4085922241211, 110.45734405517578, 106.89693450927734, 109.76502990722656, 135.39527893066406, 916.3417358398438, 896.8871459960938]"
2013-11-05,2013-11-11,6577.0,20554,14420.0,"[17, 20, 0, 20, 20, 20, 20]","[0, 0, 20, 0, 20, 20, 20]","[0.022915230891004605, 0.0, 0.0, 0.0, 0.03926986476740901, 0.0, 0.02009567464566215]","[93, 90, 90, 159, 917, 701, 633]","[103.45538330078125, 105.63021850585938, 108.67719268798828, 133.5818328857422, 910.2733154296875, 891.6249389648438, 617.99951171875]"
2013-11-06,2013-11-12,7725.0,22557,14060.0,"[0, 20, 20, 20, 20, 20, 20]","[13, 0, 4, 20, 20, 20, 0]","[0.3, 0.0, 0.0, 0.08763981408051544, 0.08975733338775663, 0.023703104754020994, 0.08899405459250483]","[90, 90, 159, 917, 701, 633, 99]","[90.14064025878906, 105.78889465332031, 145.89474487304688, 950.5012817382812, 878.0151977539062, 613.6350708007812, 111.71758270263672]"
2013-11-07,2013-11-13,7484.0,20877,13865.0,"[20, 0, 20, 20, 20, 20, 14]","[0, 20, 20, 20, 20, 0, 3]","[0.015279934667755644, 0.0, 0.02445866241223536, 0.0, 0.0, 0.0, 0.032281095553740966]","[90, 159, 917, 701, 633, 99, 93]","[105.35026550292969, 140.44921875, 941.0418090820312, 898.706787109375, 638.0011596679688, 121.283203125, 103.09785461425781]"
2013-11-08,2013-11-14,7249.0,22586,13560.0,"[20, 20, 20, 20, 0, 16, 20]","[0, 20, 20, 20, 18, 0, 0]","[0.3, 0.0, 0.019766634655821957, 0.0, 0.0, 0.3, 0.3]","[159, 917, 701, 633, 99, 93, 108]","[133.45375061035156, 912.1183471679688, 890.347900390625, 619.8773803710938, 126.48639678955078, 98.58776092529297, 109.3407974243164]"
2013-11-09,2013-11-15,7753.0,21184,13920.0,"[20, 20, 20, 20, 17, 20, 0]","[20, 20, 20, 0, 0, 0, 20]","[0.01928304674110156, 0.0, 0.0, 0.0, 0.015795030129395933, 0.0168158711637211, 0.0]","[917, 701, 633, 99, 93, 108, 139]","[914.3080444335938, 894.232666015625, 620.1022338867188, 127.88868713378906, 99.1761703491211, 109.49262237548828, 135.5516815185547]"
2013-11-10,2013-11-16,6560.0,22604,13060.0,"[20, 20, 20, 0, 0, 20, 20]","[20, 20, 0, 14, 15, 0, 12]","[0.0, 0.3, 0.0, 0.026724502201921303, 0.3, 0.3, 0.01864768960290945]","[701, 633, 99, 93, 108, 139, 256]","[890.2960205078125, 604.5573120117188, 130.8409881591797, 96.83984375, 103.1059799194336, 125.7017593383789, 202.63232421875]"
2013-11-11,2013-11-17,6667.0,19094,11985.0,"[20, 20, 16, 20, 0, 20, 20]","[20, 0, 0, 0, 20, 11, 4]","[0.03920327278033831, 0.0, 0.01831929706523263, 0.3, 0.0008408416803575374, 0.024306310621977356, 0.02577131384246248]","[633, 99, 93, 108, 139, 256, 191]","[603.2261352539062, 104.41071319580078, 97.67276000976562, 119.24463653564453, 152.8185272216797, 196.7581329345703, 146.3898162841797]"
2013-11-12,2013-11-18,4437.0,17543,11115.0,"[4, 10, 4, 20, 10, 20, 18]","[14, 6, 14, 5, 20, 5, 4]","[0.0, 0.29619769286997755, 0.3, 0.000601291338592666, 0.03709531869294705, 0.020192079182811205, 0.29999962447629713]","[99, 93, 108, 139, 256, 191, 108]","[122.21638488769531, 101.82430267333984, 124.32000732421875, 152.06333923339844, 197.10264587402344, 158.68560791015625, 138.92861938476562]"
2013-11-13,2013-11-19,5607.0,16130,10710.0,"[5, 18, 10, 20, 7, 20, 14]","[10, 0, 11, 12, 19, 0, 6]","[0.0, 0.0, 0.02642048797200936, 0.0316620723662261, 0.0, 0.032221693510635585, 0.03093280260295987]","[93, 108, 139, 256, 191, 108, 92]","[97.76612854003906, 106.52074432373047, 135.9900665283203, 207.9893798828125, 174.9076690673828, 121.01415252685547, 128.1016387939453]"
2013-11-14,2013-11-20,4676.0,15940,10775.0,"[19, 0, 20, 19, 0, 7, 5]","[0, 20, 12, 5, 14, 13, 12]","[0.00011938258423906822, 0.02658637706948734, 0.01899385835752869, 0.0, 0.0, 0.3, 0.0]","[108, 139, 256, 191, 108, 92, 95]","[109.26803588867188, 141.68460083007812, 204.43692016601562, 151.6665802001953, 96.86436462402344, 133.00863647460938, 115.47491455078125]"
2013-11-15,2013-11-21,5434.0,17062,10920.0,"[6, 17, 17, 6, 13, 10, 7]","[15, 14, 9, 10, 8, 8, 10]","[0.028710995869530215, 0.08886250374504256, 0.03485287342538842, 0.08906723700934563, 0.13310999316984584, 0.15969120271458467, 0.08820026848986345]","[139, 256, 191, 108, 92, 95, 113]","[139.81976318359375, 208.36642456054688, 166.56825256347656, 109.908203125, 133.98904418945312, 117.1247329711914, 120.07755279541016]"
2013-11-16,2013-11-22,5329.0,17352,11725.0,"[15, 11, 12, 15, 11, 9, 8]","[17, 16, 5, 8, 8, 9, 16]","[0.08810779608798756, 0.031746713222663335, 0.03193847168831672, 0.08903719513817784, 0.06568788220172472, 0.09000944117787629, 0.027595773073167143]","[256, 191, 108, 92, 95, 113, 147]","[209.4573211669922, 175.30123901367188, 116.9654312133789, 146.91343688964844, 121.44767761230469, 129.85824584960938, 158.25209045410156]"
2013-11-17,2013-11-23,5114.0,17616,12000.0,"[16, 9, 10, 13, 8, 14, 15]","[11, 8, 10, 7, 11, 12, 18]","[0.03909054310720807, 0.08727012641664098, 0.12551854063486664, 0.08896075208721982, 0.08788064714582239, 0.03361901518414366, 0.0898501939965071]","[191, 108, 92, 95, 113, 147, 312]","[173.06057739257812, 110.92293548583984, 151.61582946777344, 128.4326171875, 133.27723693847656, 168.8207550048828, 279.08038330078125]"
2013-11-18,2013-11-24,2987.0,17589,13300.0,"[13, 11, 15, 16, 14, 16, 16]","[10, 14, 8, 11, 15, 12, 12]","[0.21377851185169527, 0.033281877321337035, 0.08942006577498447, 0.17968665008474247, 0.16204308589566518, 0.03262598018828734, 0.08791652700643635]","[108, 92, 95, 113, 147, 312, 217]","[150.6445770263672, 161.46836853027344, 148.20672607421875, 170.5596466064453, 188.0952606201172, 315.255859375, 321.4041442871094]"
2013-11-19,2013-11-25,4410.0,19275,13680.0,"[10, 0, 17, 20, 20, 20, 20]","[11, 19, 5, 7, 20, 20, 0]","[0.0, 0.3, 0.0, 0.0, 0.026651005309909687, 0.0, 0.3]","[92, 95, 113, 147, 312, 217, 119]","[135.13426208496094, 128.7133331298828, 137.82464599609375, 168.5820770263672, 309.1737365722656, 292.5418395996094, 156.41607666015625]"
2013-11-20,2013-11-26,5403.0,20463,13125.0,"[0, 18, 4, 20, 20, 14, 19]","[16, 2, 20, 20, 20, 7, 2]","[0.01727445131846587, 0.2155384333514101, 0.0, 0.3, 0.03713658004437603, 0.0, 0.0]","[95, 113, 147, 312, 217, 119, 116]","[114.4471435546875, 121.891845703125, 164.83062744140625, 271.48883056640625, 325.9120178222656, 134.07997131347656, 127.3680419921875]"
2013-11-21,2013-11-27,6601.0,18909,12675.0,"[0, 20, 20, 20, 0, 19, 20]","[14, 0, 20, 20, 17, 0, 7]","[0.0, 0.0, 0.036640184372932635, 0.0, 0.0, 0.0, 0.0]","[113, 147, 312, 217, 119, 116, 237]","[98.92452239990234, 141.4689178466797, 260.5437927246094, 326.13818359375, 121.2384033203125, 112.19284057617188, 174.24012756347656]"
2013-11-22,2013-11-28,7741.0,22293,15105.0,"[1, 20, 20, 20, 0, 20, 20]","[20, 20, 20, 0, 16, 7, 20]","[0.030751643972851198, 0.0, 0.022144437132210062, 0.032659321368932834, 0.0, 0.0, 0.0]","[147, 312, 217, 119, 116, 237, 532]","[144.44801330566406, 270.87017822265625, 324.7757568359375, 118.89229583740234, 116.27125549316406, 168.8691864013672, 240.3928680419922]"
2013-11-23,2013-11-29,8669.0,26251,16440.0,"[20, 20, 20, 20, 20, 20, 20]","[20, 20, 0, 0, 8, 20, 20]","[0.024806551054332947, 0.0, 0.028520589458468797, 0.034284028210965094, 0.0, 0.03830110451644705, 0.3]","[312, 217, 119, 116, 237, 532, 1105]","[270.3049011230469, 320.7170104980469, 126.75936126708984, 117.46150970458984, 180.4208221435547, 256.2191162109375, 966.0838623046875]"
2013-11-24,2013-11-30,7608.0,24602,15880.0,"[20, 20, 20, 20, 20, 20, 20]","[20, 3, 0, 0, 18, 20, 20]","[0.0, 0.0, 0.0, 0.03735905101824716, 0.3, 0.029411351674917943, 0.0]","[217, 119, 116, 237, 532, 1105, 357]","[330.1039733886719, 139.9193115234375, 111.00672912597656, 180.67840576171875, 248.63365173339844, 946.3071899414062, 343.388916015625]"
2013-11-25,2013-12-01,8893.0,23113,14800.0,"[20, 20, 20, 20, 20, 20, 0]","[0, 0, 9, 16, 20, 20, 20]","[0.0, 0.0, 0.01928957296686319, 0.0, 0.022757089692774617, 0.01891599811447147, 0.0282337372849676]","[119, 116, 237, 532, 1105, 357, 255]","[127.67923736572266, 113.64395904541016, 181.3336944580078, 234.2794189453125, 934.1539306640625, 339.5530700683594, 301.7715148925781]"
2013-11-26,2013-12-02,8774.0,23046,14860.0,"[15, 17, 0, 20, 20, 20, 20]","[3, 10, 20, 20, 20, 20, 0]","[0.0, 0.0, 0.0, 0.03261557141179708, 0.03638846858218606, 0.0, 0.0349415290382014]","[116, 237, 532, 1105, 357, 255, 121]","[112.77511596679688, 170.44415283203125, 239.93759155273438, 951.8681030273438, 324.7284851074219, 299.4388732910156, 138.8716583251953]"
2013-11-27,2013-12-03,7068.0,21346,13620.0,"[20, 19, 20, 0, 20, 0, 8]","[8, 18, 0, 20, 20, 20, 12]","[0.02443692976537845, 0.017694898695722088, 0.025941940491931742, 0.3, 0.023870531039176142, 0.038496964221690855, 0.08985297752728234]","[237, 532, 1105, 357, 255, 121, 90]","[177.7108612060547, 240.78878784179688, 952.8438720703125, 339.3699951171875, 312.26129150390625, 141.678955078125, 132.29861450195312]"
2013-11-28,2013-12-04,7754.0,21568,14310.0,"[20, 20, 20, 20, 2, 20, 20]","[0, 20, 20, 20, 20, 2, 0]","[0.0, 0.025306490149634882, 0.0, 0.028843777738249983, 0.02301410011349702, 0.03478718269475213, 0.0]","[532, 1105, 357, 255, 121, 90, 136]","[259.3436279296875, 972.9033813476562, 349.44879150390625, 309.6419982910156, 152.8567352294922, 132.8018035888672, 154.86917114257812]"
2013-11-29,2013-12-05,5287.0,22321,17110.0,"[20, 20, 20, 20, 0, 20, 20]","[20, 20, 20, 8, 20, 6, 20]","[0.016657659928810156, 0.0, 0.02399735927446312, 0.0, 0.12817618049801555, 0.0887559066721016, 0.0879521567846724]","[1105, 357, 255, 121, 90, 136, 120]","[1042.0291748046875, 357.1769714355469, 318.60357666015625, 176.2303466796875, 159.93930053710938, 163.0630645751953, 246.88124084472656]"
2013-11-30,2013-12-06,4537.0,21589,15890.0,"[20, 20, 20, 20, 20, 20, 20]","[20, 20, 7, 0, 6, 20, 10]","[0.02947499287841672, 0.02199613512556161, 0.0, 0.3, 0.3, 0.0, 0.03885363492676956]","[357, 255, 121, 90, 136, 120, 168]","[422.3633728027344, 295.24365234375, 166.8795623779297, 145.72705078125, 161.96563720703125, 277.7190246582031, 192.9900360107422]"
2013-12-01,2013-12-07,4119.0,21239,16260.0,"[20, 11, 20, 12, 20, 8, 20]","[20, 15, 0, 14, 20, 20, 20]","[0.0, 0.03657745711843194, 0.01908379441139271, 0.0, 0.03240955377136176, 0.022765926305490816, 0.25369692188624177]","[255, 121, 90, 136, 120, 168, 255]","[301.7324523925781, 170.91061401367188, 152.4857940673828, 167.87338256835938, 291.82098388671875, 188.74522399902344, 342.5400695800781]"
2013-12-02,2013-12-08,4075.0,20200,16120.0,"[20, 0, 0, 20, 20, 20, 20]","[6, 20, 20, 20, 8, 20, 20]","[0.0, 0.0, 0.17926469381481186, 0.03290384601455941, 0.016358000353296927, 0.0, 0.01694328841541926]","[121, 90, 136, 120, 168, 255, 243]","[163.61744689941406, 147.25241088867188, 159.9718017578125, 260.9971008300781, 179.80828857421875, 332.8879089355469, 283.5650329589844]"
2013-12-03,2013-12-09,3777.0,19377,14280.0,"[0, 0, 20, 20, 0, 20, 20]","[17, 19, 20, 9, 20, 20, 4]","[0.3, 0.0, 0.028401954061075582, 0.030708222817159195, 0.3, 0.03301698217276963, 0.019353200008045142]","[90, 136, 120, 168, 255, 243, 126]","[117.97134399414062, 133.0546417236328, 245.2039337158203, 183.62124633789062, 323.025390625, 268.19122314453125, 147.6388702392578]"
2013-12-04,2013-12-10,4662.0,21744,15590.0,"[14, 20, 20, 20, 20, 20, 19]","[6, 20, 10, 20, 20, 0, 12]","[0.3, 0.0, 0.028729335685141782, 0.0, 0.0, 0.0889285223944246, 0.3]","[136, 120, 168, 255, 243, 126, 132]","[126.64871978759766, 248.5071563720703, 187.80099487304688, 321.3075866699219, 277.2130126953125, 147.6983642578125, 197.97769165039062]"
2013-12-05,2013-12-11,4812.0,22492,15440.0,"[20, 20, 20, 20, 18, 8, 0]","[15, 5, 20, 20, 5, 20, 20]","[0.0, 0.023002680473774167, 0.0, 0.3, 0.0, 0.021982260597535917, 0.3]","[120, 168, 255, 243, 126, 132, 152]","[225.77618408203125, 158.6102752685547, 321.3189392089844, 274.1353454589844, 140.69100952148438, 189.3396453857422, 179.06179809570312]"
2013-12-06,2013-12-12,6293.0,20973,14140.0,"[0, 20, 20, 17, 16, 0, 20]","[18, 20, 20, 4, 14, 20, 4]","[0.0, 0.0, 0.027590554570059683, 0.0, 0.0, 0.3, 0.0]","[168, 255, 243, 126, 132, 152, 165]","[127.37104034423828, 310.6238098144531, 263.3675842285156, 128.45217895507812, 196.38824462890625, 145.35597229003906, 150.52366638183594]"
2013-12-07,2013-12-13,6534.0,22592,14785.0,"[20, 20, 19, 20, 20, 20, 20]","[20, 20, 3, 10, 0, 4, 15]","[0.0, 0.0, 0.018446529467593176, 0.3, 0.3, 0.0, 0.03356665032494647]","[255, 243, 126, 132, 152, 165, 197]","[326.2715759277344, 259.0306091308594, 135.32139587402344, 190.09921264648438, 142.7922821044922, 151.1314697265625, 224.10345458984375]"
2013-12-08,2013-12-14,7041.0,22487,15070.0,"[20, 1, 5, 20, 20, 19, 20]","[20, 17, 20, 5, 0, 16, 20]","[0.01785761266736516, 0.3, 0.03227319218999803, 0.026057383804942803, 0.018179607498285302, 0.01973545384198262, 0.0]","[243, 126, 132, 152, 165, 197, 414]","[260.284423828125, 124.42030334472656, 170.4044952392578, 157.396728515625, 153.1263427734375, 224.67623901367188, 492.5135498046875]"
2013-12-09,2013-12-15,6609.0,21064,13070.0,"[15, 12, 11, 15, 16, 16, 15]","[5, 15, 12, 8, 16, 14, 10]","[0.15145226577718204, 0.1242798773029333, 0.11695870780746054, 0.08822378458840757, 0.037317053144681894, 0.08854571097673976, 0.1584304221943568]","[126, 132, 152, 165, 197, 414, 303]","[128.42906188964844, 193.92144775390625, 150.11993408203125, 146.819091796875, 215.95108032226562, 513.845703125, 332.75787353515625]"
2013-12-10,2013-12-16,7056.0,23761,16440.0,"[20, 20, 20, 12, 20, 20, 20]","[10, 0, 4, 20, 20, 20, 20]","[0.0, 0.3, 0.025337771816542495, 0.0, 0.019591868834114703, 0.023605803229394536, 0.03586404952880283]","[132, 152, 165, 197, 414, 303, 188]","[193.3860321044922, 161.52320861816406, 150.44741821289062, 213.82054138183594, 506.24884033203125, 328.0471496582031, 259.6409912109375]"
2013-12-11,2013-12-17,7434.0,21740,14040.0,"[20, 0, 0, 20, 20, 20, 6]","[5, 20, 0, 20, 20, 16, 20]","[0.08823548948251639, 0.20943152112033941, 0.3, 0.024154834721543283, 0.021068903017638262, 0.015021589714716864, 0.03556231916103801]","[152, 165, 197, 414, 303, 188, 187]","[153.92906188964844, 154.89254760742188, 210.93666076660156, 479.8678894042969, 328.2364196777344, 234.75184631347656, 174.39080810546875]"
2013-12-12,2013-12-18,9040.0,26855,16550.0,"[20, 20, 20, 20, 20, 20, 20]","[0, 12, 20, 20, 14, 6, 20]","[0.3, 0.0, 0.033437356104279024, 0.0, 0.027021171864317156, 0.3, 0.027663234228955495]","[165, 197, 414, 303, 188, 187, 252]","[158.49966430664062, 204.36160278320312, 491.91143798828125, 313.96826171875, 216.35806274414062, 167.166015625, 246.51571655273438]"
2013-12-13,2013-12-19,8830.0,28662,18840.0,"[13, 20, 20, 19, 20, 20, 20]","[20, 20, 20, 16, 8, 20, 20]","[0.0, 0.3, 0.0, 0.022749978919015923, 0.028375089708639223, 0.03185971172348566, 0.0]","[197, 414, 303, 188, 187, 252, 225]","[216.92642211914062, 490.5705261230469, 303.1244201660156, 225.44351196289062, 178.1050567626953, 282.08843994140625, 312.9770812988281]"
2013-12-14,2013-12-20,9678.0,28469,19500.0,"[20, 20, 20, 7, 20, 20, 20]","[20, 20, 16, 20, 20, 20, 20]","[0.0, 0.0, 0.08951668811812381, 0.03542291754802486, 0.030714818518506336, 0.0, 0.0]","[414, 303, 188, 187, 252, 225, 317]","[498.4670715332031, 322.8332824707031, 231.0405731201172, 180.71580505371094, 273.5519714355469, 289.35797119140625, 315.4668273925781]"
2013-12-15,2013-12-21,9768.0,28513,19640.0,"[20, 20, 16, 20, 20, 20, 20]","[20, 20, 12, 19, 20, 20, 20]","[0.03306307387075085, 0.03230175498554482, 0.032790467596765925, 0.005095689082007119, 0.0, 0.0, 0.021145833027057758]","[303, 188, 187, 252, 225, 317, 458]","[319.4083251953125, 230.2034149169922, 181.1807861328125, 250.72085571289062, 284.6281433105469, 307.1299133300781, 454.3743591308594]"
2013-12-16,2013-12-22,9369.0,28656,18280.0,"[13, 20, 15, 20, 20, 20, 20]","[20, 0, 20, 20, 20, 20, 20]","[0.0, 0.026301485086333513, 0.0, 0.03632155527346552, 0.3, 0.02632287782217975, 0.020504431225395685]","[188, 187, 252, 225, 317, 458, 475]","[217.06973266601562, 151.6272430419922, 232.36598205566406, 253.80743408203125, 301.6030578613281, 425.0009765625, 420.3129577636719]"
2013-12-17,2013-12-23,9480.0,26105,17400.0,"[20, 20, 20, 20, 20, 20, 20]","[0, 0, 20, 20, 20, 20, 20]","[0.0, 0.004460564544981796, 0.0, 0.0, 0.038394086062054175, 0.0, 0.03510550872586507]","[187, 252, 225, 317, 458, 475, 425]","[157.0223388671875, 225.4499969482422, 257.49462890625, 315.7049865722656, 471.5829162597656, 434.8431701660156, 274.1976623535156]"
2013-12-18,2013-12-24,9687.0,30493,20200.0,"[20, 20, 20, 20, 20, 20, 20]","[15, 20, 20, 20, 20, 20, 20]","[0.3, 0.0, 0.0, 0.0, 0.0, 0.03427176775200473, 0.0]","[252, 225, 317, 458, 475, 425, 209]","[227.9052734375, 257.225830078125, 303.8795471191406, 461.4584045410156, 431.52728271484375, 257.8066711425781, 272.7656555175781]"
2013-12-19,2013-12-25,7147.0,27138,18915.0,"[20, 20, 20, 20, 20, 20, 0]","[20, 20, 20, 20, 20, 20, 17]","[0.0, 0.3, 0.034800378743823884, 0.0, 0.024839309117384467, 0.0, 0.3]","[225, 317, 458, 475, 425, 209, 0]","[261.4266052246094, 281.8511962890625, 446.57843017578125, 421.151123046875, 278.113037109375, 260.469970703125, 121.5811538696289]"
2013-12-20,2013-12-26,8043.0,29507,18700.0,"[20, 20, 20, 20, 20, 20, 20]","[20, 20, 20, 20, 20, 0, 20]","[0.0, 0.08889397739923956, 0.032068552830354875, 0.03311657824250648, 0.3, 0.0, 0.3]","[317, 458, 475, 425, 209, 0, 423]","[293.92254638671875, 457.0262756347656, 422.07550048828125, 264.55511474609375, 276.337646484375, 136.59246826171875, 260.1855163574219]"
2013-12-21,2013-12-27,7350.0,27303,18905.0,"[20, 20, 20, 20, 20, 20, 20]","[20, 20, 20, 20, 0, 19, 20]","[0.0, 0.3, 0.0, 0.019691664840778705, 0.0, 0.0, 0.0]","[458, 475, 425, 209, 0, 423, 276]","[435.1088562011719, 408.2090759277344, 273.53155517578125, 260.0697326660156, 117.7225570678711, 239.28350830078125, 380.40289306640625]"
2013-12-22,2013-12-28,7301.0,27422,19080.0,"[20, 20, 20, 20, 20, 20, 20]","[20, 20, 20, 1, 20, 20, 20]","[0.0, 0.0, 0.015949086366748202, 0.3, 0.0, 0.0, 0.3]","[475, 425, 209, 0, 423, 276, 360]","[395.0288391113281, 270.4944763183594, 261.953857421875, 128.2906951904297, 238.5148468017578, 359.00042724609375, 359.400390625]"
2013-12-23,2013-12-29,6621.0,23962,18000.0,"[20, 20, 20, 20, 20, 0, 20]","[20, 20, 5, 20, 20, 20, 20]","[0.0, 0.025398789674376684, 0.0, 0.0, 0.0, 0.01863639361300317, 0.0]","[425, 209, 0, 423, 276, 360, 287]","[308.0285339355469, 295.22320556640625, 155.02066040039062, 276.41119384765625, 388.0914611816406, 364.7749938964844, 366.5239562988281]"
2013-12-24,2013-12-30,6932.0,23873,17600.0,"[20, 20, 20, 20, 20, 20, 0]","[20, 0, 20, 20, 20, 20, 20]","[0.0, 0.03178426509810639, 0.0, 0.0, 0.023589773788907233, 0.0, 0.0]","[209, 0, 423, 276, 360, 287, 342]","[342.0982971191406, 135.0470733642578, 264.87872314453125, 413.3726806640625, 399.90869140625, 432.94573974609375, 291.7720947265625]"
2013-12-25,2013-12-31,7406.0,24004,17280.0,"[20, 20, 20, 20, 20, 20, 0]","[0, 16, 20, 20, 20, 20, 20]","[0.0, 0.0, 0.0, 0.0, 0.0, 0.0, 0.0]","[0, 423, 276, 360, 287, 342, 269]","[116.19699096679688, 236.31849670410156, 372.3575439453125, 376.771484375, 399.9407958984375, 280.59173583984375, 295.9849853515625]"
2013-12-26,2014-01-01,9031.0,24789,16435.0,"[15, 20, 20, 20, 20, 20, 20]","[20, 0, 20, 0, 20, 20, 13]","[0.02182067452859565, 0.0, 0.033694253919290436, 0.03914487370698137, 0.028902467743082232, 0.0, 0.0]","[423, 276, 360, 287, 342, 269, 157]","[231.09793090820312, 364.23602294921875, 367.70269775390625, 388.2989196777344, 257.92303466796875, 288.09783935546875, 209.85252380371094]"
2013-12-27,2014-01-02,9701.0,28699,19900.0,"[20, 20, 20, 20, 20, 20, 10]","[20, 20, 20, 20, 20, 20, 20]","[0.0, 0.02373693819373811, 0.03322681802834443, 0.034609592358062796, 0.0, 0.0, 0.03536981584424712]","[276, 360, 287, 342, 269, 157, 175]","[392.68231201171875, 405.7192687988281, 409.6794738769531, 293.5459899902344, 329.3553161621094, 218.8988494873047, 202.6398468017578]"
2013-12-28,2014-01-03,8808.0,28608,18800.0,"[20, 20, 20, 20, 20, 10, 20]","[20, 20, 20, 20, 11, 20, 16]","[0.027961225391840767, 0.0, 0.03531598908767357, 0.3, 0.0, 0.0, 0.026844390089997283]","[360, 287, 342, 269, 157, 175, 178]","[369.3435363769531, 366.7359313964844, 276.2291259765625, 305.968505859375, 200.06201171875, 203.24842834472656, 235.2171173095703]"
2013-12-29,2014-01-04,7869.0,26331,19240.0,"[20, 20, 20, 11, 11, 16, 20]","[20, 20, 20, 20, 20, 20, 20]","[0.0, 0.03290434962169522, 0.022010745564191848, 0.0, 0.025851925682328917, 0.0, 0.0]","[287, 342, 269, 157, 175, 178, 218]","[364.1626281738281, 260.9761962890625, 292.1772155761719, 206.54965209960938, 203.85194396972656, 236.042236328125, 281.63604736328125]"
2013-12-30,2014-01-05,7344.0,24026,17320.0,"[20, 20, 13, 20, 20, 20, 20]","[20, 20, 20, 12, 16, 20, 0]","[0.0, 0.019238398436765586, 0.03660953153668327, 0.01745156269779646, 0.03335018461006579, 0.0, 0.0]","[342, 269, 157, 175, 178, 218, 137]","[259.193359375, 285.78802490234375, 215.52020263671875, 201.96275329589844, 234.4595184326172, 279.68951416015625, 240.7563018798828]"
2013-12-31,2014-01-06,4716.0,21381,16140.0,"[20, 20, 0, 20, 20, 0, 20]","[20, 16, 20, 15, 20, 20, 8]","[0.0, 0.0, 0.3, 0.025676120797681907, 0.015882504134272824, 0.0, 0.0]","[269, 157, 175, 178, 218, 137, 95]","[353.3020935058594, 232.68380737304688, 219.19834899902344, 227.3539276123047, 270.79217529296875, 228.3587646484375, 175.72291564941406]"
2014-01-01,2014-01-07,1571.0,18058,16810.0,"[14, 20, 20, 20, 19, 7, 20]","[20, 20, 14, 20, 19, 20, 0]","[0.02901438906521208, 0.0, 0.0, 0.0, 0.0, 0.0, 0.0]","[157, 175, 178, 218, 137, 95, 93]","[224.28207397460938, 221.96664428710938, 221.5998992919922, 272.4112243652344, 239.8389892578125, 180.5806884765625, 123.15361022949219]"
2014-01-02,2014-01-08,1669.0,20600,15100.0,"[12, 20, 20, 15, 19, 20, 0]","[19, 16, 20, 20, 8, 0, 20]","[0.3, 0.3, 0.3, 0.026190073328570172, 0.0009079716642017675, 0.0019233673999993226, 0.08854724551411826]","[175, 178, 218, 137, 95, 93, 95]","[205.2020721435547, 234.05125427246094, 267.2689514160156, 230.05670166015625, 168.04116821289062, 120.95072174072266, 141.4693603515625]"
2014-01-03,2014-01-09,3160.0,15578,12570.0,"[20, 20, 20, 10, 13, 6, 11]","[12, 17, 12, 14, 6, 16, 0]","[0.01886161609024067, 0.03019343491034345, 0.0, 0.017331197779436286, 0.015154549361720001, 0.0, 0.0]","[178, 218, 137, 95, 93, 95, 101]","[207.51197814941406, 238.20823669433594, 207.00946044921875, 161.6366729736328, 120.9303970336914, 147.6948699951172, 166.6219482421875]"
2014-01-04,2014-01-10,3563.0,16234,11815.0,"[19, 11, 14, 5, 11, 6, 14]","[17, 16, 11, 11, 10, 11, 6]","[0.030662447499563147, 0.02165616754960773, 0.03930288013151847, 0.21789425073690646, 0.10548131568823052, 0.16316517164873548, 0.08976563388168313]","[218, 137, 95, 93, 95, 101, 124]","[237.1538543701172, 205.97811889648438, 163.66697692871094, 106.4481430053711, 142.19558715820312, 137.79782104492188, 167.34471130371094]"
2014-01-05,2014-01-11,2432.0,14778,11470.0,"[15, 13, 8, 13, 10, 12, 5]","[13, 10, 8, 9, 11, 13, 15]","[0.08905700858686452, 0.08989755717871371, 0.18035149704814812, 0.1224112146562467, 0.08849175356697968, 0.08897363806100975, 0.03632425998268732]","[137, 95, 93, 95, 101, 124, 182]","[200.8109588623047, 159.04864501953125, 105.28479766845703, 141.3651885986328, 141.18576049804688, 165.95201110839844, 245.43475341796875]"
2014-01-06,2014-01-12,2625.0,14404,11880.0,"[20, 15, 2, 20, 20, 16, 20]","[4, 0, 17, 0, 5, 20, 8]","[0.0340913173790818, 0.0015331079312722903, 0.0, 0.0, 0.0, 0.03368519868155974, 0.0]","[95, 93, 95, 101, 124, 182, 144]","[148.27906799316406, 88.10482788085938, 132.968017578125, 126.72705841064453, 155.1006622314453, 234.2740478515625, 180.04347229003906]"
2014-01-07,2014-01-13,2324.0,15671,10870.0,"[11, 20, 3, 4, 20, 19, 2]","[0, 0, 16, 20, 19, 9, 7]","[0.3, 0.0, 0.02661840010346658, 0.3, 0.0891969668575353, 0.3, 0.02185479910719874]","[93, 95, 101, 124, 182, 144, 83]","[69.14382934570312, 119.85735321044922, 129.8062286376953, 162.33700561523438, 232.24961853027344, 187.32530212402344, 65.03158569335938]"
2014-01-08,2014-01-14,2260.0,15000,12250.0,"[0, 9, 20, 20, 15, 19, 20]","[20, 13, 7, 16, 15, 0, 0]","[0.02390065475285519, 0.0, 0.019142159444922525, 0.01770923904277163, 0.035648733463023365, 0.3, 0.0]","[95, 101, 124, 182, 144, 83, 92]","[134.81983947753906, 146.56314086914062, 171.7464599609375, 235.1656951904297, 192.7378692626953, 104.8803939819336, 137.39906311035156]"
2014-01-09,2014-01-15,3034.0,15217,11295.0,"[8, 19, 20, 17, 6, 20, 14]","[11, 6, 17, 10, 9, 1, 4]","[0.16359071660415983, 0.0, 0.02538157050276905, 0.03111633236082468, 0.3, 0.08818378392657127, 0.0]","[101, 124, 182, 144, 83, 92, 92]","[125.96944427490234, 155.36878967285156, 232.9304656982422, 171.63687133789062, 99.33155059814453, 127.98955535888672, 114.80690002441406]"
2014-01-10,2014-01-16,2813.0,14501,11185.0,"[13, 20, 18, 0, 17, 19, 5]","[9, 16, 10, 11, 4, 0, 15]","[0.0, 0.02961755513329052, 0.2146019978828972, 0.0, 0.01861562311475505, 0.0, 0.0]","[124, 182, 144, 83, 92, 92, 92]","[144.3583526611328, 235.70848083496094, 179.330322265625, 76.87091064453125, 128.7611083984375, 112.36174774169922, 135.4838104248047]"
2014-01-11,2014-01-17,3215.0,14652,10200.0,"[15, 20, 8, 6, 17, 13, 20]","[20, 8, 4, 10, 0, 6, 0]","[0.0, 0.0, 0.017318986256310155, 0.20490199737940773, 0.29527747728237863, 0.21351934285533514, 0.03643262483827653]","[182, 144, 83, 92, 92, 92, 103]","[231.4516143798828, 177.9032745361328, 74.37064361572266, 107.10694885253906, 101.9674301147461, 122.45287322998047, 154.8706512451172]"
2014-01-12,2014-01-18,2895.0,16268,11920.0,"[6, 16, 20, 12, 20, 11, 20]","[20, 0, 0, 6, 0, 14, 20]","[0.29975855612571367, 0.3, 0.024620754699412457, 0.0, 0.01937135063103345, 0.0030131240162661437, 0.0]","[144, 83, 92, 92, 92, 103, 689]","[173.85302734375, 94.07963562011719, 119.62938690185547, 114.24267578125, 133.12049865722656, 165.0968475341797, 542.2679443359375]"
2014-01-13,2014-01-19,4292.0,16849,12700.0,"[11, 0, 9, 19, 0, 20, 20]","[0, 17, 8, 2, 20, 20, 20]","[0.0, 0.0, 0.0011506375546689288, 0.08775840382489727, 0.0, 0.0, 0.015161946582375936]","[83, 92, 92, 92, 103, 689, 463]","[64.76193237304688, 123.39403533935547, 111.1953125, 128.49415588378906, 154.18739318847656, 524.3401489257812, 599.8072509765625]"
2014-01-14,2014-01-20,5117.0,21133,15080.0,"[10, 18, 8, 12, 20, 20, 20]","[9, 1, 12, 13, 20, 20, 20]","[0.0, 0.0, 0.3, 0.3, 0.0, 0.019247575677520577, 0.0]","[92, 92, 92, 103, 689, 463, 413]","[125.16738891601562, 116.80093383789062, 131.37464904785156, 160.55282592773438, 528.5931396484375, 623.0994873046875, 439.23431396484375]"
2014-01-15,2014-01-21,6312.0,20367,13745.0,"[18, 20, 20, 20, 20, 20, 0]","[0, 0, 4, 20, 20, 20, 11]","[0.0, 0.028404994971802378, 0.3, 0.0, 0.03118532614700515, 0.0, 0.0]","[92, 92, 103, 689, 463, 413, 74]","[106.35305786132812, 123.48007202148438, 151.5421905517578, 527.7317504882812, 615.8091430664062, 417.5242614746094, 80.16464233398438]"
2014-01-16,2014-01-22,6517.0,20108,12090.0,"[20, 20, 20, 20, 20, 15, 0]","[0, 3, 20, 20, 20, 0, 0]","[0.019528358327854545, 0.033186593749237894, 0.3, 0.0208359447431924, 0.029098549583707004, 0.0, 0.3]","[92, 103, 689, 463, 413, 74, 85]","[109.9233627319336, 144.19178771972656, 586.1866455078125, 636.2725830078125, 423.2524719238281, 93.221435546875, 86.69256591796875]"
2014-01-17,2014-01-23,6633.0,18956,12070.0,"[20, 20, 20, 20, 0, 0, 0]","[0, 20, 20, 20, 0, 14, 12]","[0.023297860311239788, 0.0, 0.01760900218373681, 0.08951080870482286, 0.3, 0.0, 0.20864494226024233]","[103, 689, 463, 413, 74, 85, 77]","[136.52734375, 518.4257202148438, 611.1369018554688, 423.6542053222656, 85.86802673339844, 100.55855560302734, 86.4835433959961]"
2014-01-18,2014-01-24,6863.0,19501,13015.0,"[20, 20, 20, 20, 0, 0, 0]","[20, 20, 20, 0, 13, 12, 13]","[0.02681970835423145, 0.0, 0.019832061454640632, 0.0, 0.028878423471050046, 0.03643931098156923, 0.0]","[689, 463, 413, 74, 85, 77, 122]","[566.7085571289062, 624.7525634765625, 416.0091857910156, 93.3046646118164, 88.54826354980469, 84.39554595947266, 91.27084350585938]"
2014-01-19,2014-01-25,6223.0,17877,11320.0,"[20, 20, 15, 11, 0, 20, 20]","[20, 20, 0, 4, 13, 0, 0]","[0.038097397813780826, 0.0, 0.0, 0.022076024912712256, 0.0, 0.0, 0.2533249889662683]","[463, 413, 74, 85, 77, 122, 165]","[644.3616333007812, 427.2695007324219, 88.16053771972656, 95.97893524169922, 89.64356994628906, 100.73135375976562, 182.22415161132812]"
2014-01-20,2014-01-26,4767.0,16743,10800.0,"[20, 0, 15, 0, 19, 20, 20]","[20, 10, 0, 20, 0, 8, 0]","[0.017265853041050782, 0.026225449072724383, 0.0, 0.3, 0.3, 0.0, 0.028441488696592743]","[413, 74, 85, 77, 122, 165, 150]","[427.27374267578125, 70.60840606689453, 92.86128997802734, 83.21247863769531, 98.51841735839844, 177.63778686523438, 109.58744812011719]"
2014-01-21,2014-01-27,3277.0,12130,7405.0,"[7, 5, 10, 12, 17, 4, 5]","[7, 11, 3, 3, 7, 11, 2]","[0.15125100364153393, 0.08872702674878752, 0.08721738034124668, 0.15392592025702692, 0.12232088742384185, 0.13431457728353405, 0.21066566690911354]","[74, 85, 77, 122, 165, 150, 74]","[89.09140014648438, 104.34762573242188, 81.0903549194336, 95.33489227294922, 179.21620178222656, 107.5214614868164, 45.19340515136719]"
2014-01-22,2014-01-28,3500.0,11852,7940.0,"[0, 3, 17, 6, 0, 0, 2]","[15, 9, 0, 20, 15, 8, 8]","[0.0, 0.0013897249012847237, 0.0036599880341791676, 0.01615726610729508, 0.02497551214525167, 0.036168372886177136, 0.25650017602506014]","[85, 77, 122, 165, 150, 74, 82]","[101.57791900634766, 79.07137298583984, 101.6795654296875, 178.9149169921875, 108.99842834472656, 54.59785461425781, 71.42285919189453]"
2014-01-23,2014-01-29,3928.0,13002,7685.0,"[10, 9, 14, 13, 5, 12, 3]","[4, 4, 13, 8, 5, 2, 7]","[0.20708465501640982, 0.21809255472995515, 0.08906640914343528, 0.06899771368275412, 0.15198119888267347, 0.028779804889965364, 0.16505094062015124]","[77, 122, 165, 150, 74, 82, 82]","[88.8738021850586, 92.26057434082031, 174.03477478027344, 136.1302947998047, 66.6943359375, 75.4564208984375, 68.38758087158203]"
2014-01-24,2014-01-30,3618.0,10864,6280.0,"[9, 20, 14, 0, 12, 0, 14]","[5, 8, 5, 7, 0, 0, 0]","[0.11709312136597134, 0.030405913013934617, 0.018332599365933174, 0.3, 0.20777674782021574, 0.3, 0.029260601970799983]","[122, 165, 150, 74, 82, 82, 79]","[89.28146362304688, 180.0016326904297, 118.0237808227539, 58.327674865722656, 73.79383850097656, 65.09444427490234, 82.03700256347656]"
2014-01-25,2014-01-31,3266.0,13394,8200.0,"[14, 20, 12, 5, 12, 0, 0]","[15, 0, 0, 7, 0, 12, 16]","[0.024526263769626886, 0.0, 0.3, 0.02316574421257244, 0.3, 0.15549874745774314, 0.2969427549879131]","[165, 150, 74, 82, 82, 79, 90]","[190.36441040039062, 136.34378051757812, 72.07128143310547, 75.76972198486328, 71.19828033447266, 86.9898910522461, 111.5942153930664]"
2014-01-26,2014-02-01,3468.0,12607,7950.0,"[11, 6, 8, 6, 6, 11, 11]","[9, 4, 8, 4, 6, 6, 12]","[0.12378808493309773, 0.21710986189610804, 0.037697761505129365, 0.13515638652426437, 0.18207158560094366, 0.08800637798813812, 0.08720426470131815]","[150, 74, 82, 82, 79, 90, 160]","[129.9615478515625, 66.03141021728516, 76.42130279541016, 67.1691665649414, 81.11237335205078, 108.15040588378906, 151.12957763671875]"
2014-01-27,2014-02-02,2617.0,11133,7355.0,"[9, 13, 11, 9, 14, 20, 20]","[2, 0, 0, 4, 3, 0, 5]","[0.3, 0.3, 0.0, 0.0, 0.0, 0.017232533427125503, 0.03105854501144482]","[74, 82, 82, 79, 90, 160, 90]","[66.4476089477539, 76.62120056152344, 65.63590240478516, 83.04518127441406, 109.58966827392578, 149.310546875, 161.5235595703125]"
2014-01-28,2014-02-03,2382.0,10205,6665.0,"[12, 11, 14, 18, 20, 18, 0]","[0, 0, 0, 0, 3, 7, 0]","[0.3, 0.3, 0.0, 0.03713749954250486, 0.02889273675465229, 0.00045574319114881573, 0.0]","[82, 82, 79, 90, 160, 90, 73]","[73.88029479980469, 68.87179565429688, 82.03036499023438, 108.2238540649414, 140.4761962890625, 158.26255798339844, 59.17462158203125]"
2014-01-29,2014-02-04,2370.0,10930,7355.0,"[0, 12, 18, 20, 13, 9, 11]","[10, 2, 0, 3, 11, 1, 0]","[0.0, 0.031659935120033726, 0.3, 0.0, 0.0, 0.3, 0.0331097534303435]","[82, 79, 90, 160, 90, 73, 51]","[72.39641571044922, 85.43550872802734, 111.54763793945312, 149.9110107421875, 157.4752655029297, 59.548587799072266, 65.24030303955078]"
2014-01-30,2014-02-05,1362.0,11132,8440.0,"[8, 9, 7, 11, 5, 1, 11]","[6, 8, 15, 13, 4, 9, 7]","[0.1813436639666986, 0.08799353185330774, 0.15930657425983957, 0.10899999427754592, 0.12137427202479925, 0.08989191509957813, 0.08862999638896399]","[79, 90, 160, 90, 73, 51, 59]","[88.752685546875, 113.01704406738281, 148.00350952148438, 161.56759643554688, 55.53923416137695, 64.70843505859375, 114.4269027709961]"
2014-01-31,2014-02-06,1388.0,10690,8495.0,"[9, 13, 10, 6, 4, 11, 11]","[6, 10, 14, 4, 6, 6, 7]","[0.08764023430309947, 0.08874724129591402, 0.12412071269591385, 0.03247780388355212, 0.12301529467449444, 0.08976644361560127, 0.08893146308625191]","[90, 160, 90, 73, 51, 59, 64]","[105.29752349853516, 149.0430145263672, 159.30995178222656, 62.9998664855957, 65.73298645019531, 118.73193359375, 123.93230438232422]"
2014-02-01,2014-02-07,1117.0,10916,8640.0,"[7, 11, 7, 4, 10, 3, 13]","[14, 11, 2, 6, 8, 14, 6]","[0.08888065919886622, 0.03497369114458043, 0.25371106142702204, 0.20981205939986355, 0.08923614315105859, 0.03324975344764675, 0.15838208864892533]","[160, 90, 73, 51, 59, 64, 103]","[141.10586547851562, 157.28256225585938, 59.32680130004883, 64.12261962890625, 114.89578247070312, 117.46281433105469, 123.33853912353516]"
2014-02-02,2014-02-08,889.0,10663,9215.0,"[20, 3, 0, 17, 1, 18, 7]","[5, 6, 10, 3, 16, 3, 16]","[0.03630540683140984, 0.035448007941866054, 0.11134759438641759, 0.027470017068135063, 0.01930352195973099, 0.027658350615142623, 0.13896212138488487]","[90, 73, 51, 59, 64, 103, 192]","[164.12754821777344, 63.69468688964844, 70.64167785644531, 119.37531280517578, 121.98689270019531, 128.2519073486328, 155.05587768554688]"
2014-02-03,2014-02-09,2370.0,11488,8185.0,"[11, 0, 18, 19, 20, 14, 14]","[0, 9, 0, 0, 0, 9, 6]","[0.3, 0.3, 0.0, 0.019761824026367978, 0.027032865546832686, 0.020415395306408284, 0.0]","[73, 51, 59, 64, 103, 192, 136]","[62.52824401855469, 63.87290573120117, 107.64971923828125, 113.84129333496094, 121.91915893554688, 149.2272186279297, 125.4301986694336]"
2014-02-04,2014-02-10,1775.0,11128,8880.0,"[11, 19, 19, 0, 13, 20, 14]","[0, 0, 0, 20, 10, 0, 4]","[0.3, 0.0, 0.01985927062608719, 0.026396598894770352, 0.029337815012860865, 0.0, 0.017041737567885594]","[51, 59, 64, 103, 192, 136, 69]","[67.20712280273438, 113.24079132080078, 111.80448913574219, 120.67499542236328, 148.21673583984375, 126.86741638183594, 110.10629272460938]"
2014-02-05,2014-02-11,2245.0,12750,9105.0,"[6, 9, 8, 13, 9, 7, 12]","[10, 8, 10, 10, 10, 7, 6]","[0.028836662597594834, 0.21810654118435807, 0.12914198819857775, 0.16208435075054328, 0.08763595716031179, 0.16303287176653447, 0.08730443054682421]","[59, 64, 103, 192, 136, 69, 89]","[103.65613555908203, 109.78807830810547, 120.81432342529297, 150.132568359375, 121.63778686523438, 108.68653869628906, 116.52828216552734]"
2014-02-06,2014-02-12,3652.0,12297,7460.0,"[14, 16, 15, 20, 16, 16, 12]","[0, 0, 7, 0, 1, 0, 0]","[0.0, 0.3, 0.03137344193295439, 0.017581517226588704, 0.03048574522904617, 0.0, 0.2953280365281753]","[64, 103, 192, 136, 69, 89, 94]","[86.55209350585938, 97.21424865722656, 138.7506103515625, 115.7511978149414, 100.16560363769531, 99.37985229492188, 75.21800231933594]"
2014-02-07,2014-02-13,3418.0,11338,6885.0,"[7, 13, 12, 5, 5, 4, 3]","[7, 8, 5, 9, 4, 6, 7]","[0.16746117850160638, 0.08838879517698488, 0.08949592806727376, 0.0878139631160926, 0.09118476018114754, 0.15915337600693696, 0.03155156142230213]","[103, 192, 136, 69, 89, 94, 125]","[90.34752655029297, 135.34356689453125, 109.27397918701172, 90.95526885986328, 59.19230651855469, 66.25833892822266, 73.56707000732422]"
2014-02-08,2014-02-14,4121.0,12502,7675.0,"[17, 7, 12, 13, 10, 13, 6]","[7, 10, 3, 0, 2, 0, 11]","[0.02183879223737589, 0.02019517048218904, 0.0, 0.15594677951569313, 0.10449819048723918, 0.1297338504156118, 0.08867999885835745]","[192, 136, 69, 89, 94, 125, 166]","[150.75685119628906, 119.15126037597656, 92.51719665527344, 73.63597106933594, 76.91236877441406, 77.53943634033203, 120.5706558227539]"
2014-02-09,2014-02-15,4369.0,14497,9615.0,"[1, 17, 0, 14, 0, 20, 20]","[18, 0, 11, 0, 12, 0, 17]","[0.0, 0.03008950331460864, 0.0, 0.3, 0.0, 0.0, 0.01883166367961185]","[136, 69, 89, 94, 125, 166, 617]","[132.5858154296875, 99.4532470703125, 76.05437469482422, 82.34461212158203, 83.02511596679688, 125.93278503417969, 721.8104248046875]"
2014-02-10,2014-02-16,4942.0,14506,9660.0,"[11, 17, 14, 14, 20, 20, 20]","[5, 0, 0, 0, 0, 20, 0]","[0.0, 0.0, 0.01483460856904946, 0.0, 0.017586957264986935, 0.028399061907067674, 0.0]","[69, 89, 94, 125, 166, 617, 544]","[100.3041763305664, 78.28050994873047, 81.43457794189453, 83.6894760131836, 125.67877960205078, 741.2345581054688, 483.8966979980469]"
2014-02-11,2014-02-17,5760.0,18470,11400.0,"[11, 12, 0, 18, 20, 2, 20]","[0, 0, 10, 0, 20, 20, 20]","[0.0, 0.3, 0.027866958922011686, 0.0, 0.035129580944439895, 0.3, 0.0]","[89, 94, 125, 166, 617, 544, 419]","[66.07347869873047, 71.84135437011719, 72.97421264648438, 110.11199188232422, 729.2024536132812, 519.0554809570312, 375.3026123046875]"
2014-02-12,2014-02-18,6505.0,21448,13070.0,"[14, 13, 0, 20, 20, 20, 17]","[0, 0, 17, 20, 20, 20, 0]","[0.0, 0.0, 0.03129851758373231, 0.0, 0.024131037381644738, 0.3, 0.3]","[94, 125, 166, 617, 544, 419, 64]","[84.77606964111328, 77.33683776855469, 117.62621307373047, 718.7136840820312, 504.50946044921875, 373.4471435546875, 104.60706329345703]"
2014-02-13,2014-02-19,6950.0,19861,13310.0,"[0, 0, 20, 20, 20, 17, 20]","[12, 17, 20, 20, 20, 0, 0]","[0.0353569468014431, 0.0, 0.032830606466105396, 0.0280079176491072, 0.0, 0.027403777637555648, 0.0]","[125, 166, 617, 544, 419, 64, 82]","[87.24053192138672, 119.46356964111328, 726.98876953125, 500.2864685058594, 362.96630859375, 102.7722396850586, 76.71046447753906]"
2014-02-14,2014-02-20,6221.0,22649,13110.0,"[0, 20, 20, 20, 17, 12, 0]","[19, 20, 20, 20, 0, 0, 14]","[0.3, 0.0173485560352051, 0.3, 0.035580665786183706, 0.3, 0.3, 0.0]","[166, 617, 544, 419, 64, 82, 66]","[130.97242736816406, 724.6578979492188, 511.82769775390625, 367.7684326171875, 101.54022216796875, 72.36983489990234, 99.97221374511719]"
2014-02-15,2014-02-21,5306.0,18823,13400.0,"[20, 20, 20, 12, 0, 0, 13]","[20, 20, 20, 5, 11, 15, 7]","[0.0, 0.0, 0.0, 0.026290684507119952, 0.0, 0.3, 0.029330374605959362]","[617, 544, 419, 64, 82, 66, 88]","[731.03515625, 510.2721862792969, 373.90008544921875, 106.74471282958984, 79.37667083740234, 105.95893096923828, 130.84661865234375]"
2014-02-16,2014-02-22,5126.0,17391,12510.0,"[20, 20, 18, 13, 0, 20, 9]","[20, 20, 0, 0, 14, 0, 20]","[0.03660476711468686, 0.015780232234957767, 0.023516361904761023, 0.03663066293789409, 0.025860153083305006, 0.0388364417709141, 0.0]","[544, 419, 64, 82, 66, 88, 159]","[512.444091796875, 369.1438903808594, 109.64619445800781, 80.36965942382812, 101.05378723144531, 131.28826904296875, 197.13258361816406]"
2014-02-17,2014-02-23,2548.0,15670,11400.0,"[20, 18, 0, 5, 0, 20, 20]","[20, 0, 11, 10, 20, 12, 0]","[0.0, 0.3, 0.0, 0.0, 0.3, 0.018727380191298097, 0.3]","[419, 64, 82, 66, 88, 159, 107]","[396.21173095703125, 110.7149658203125, 78.01274871826172, 99.00712585449219, 136.03469848632812, 202.29005432128906, 120.62213134765625]"
2014-02-18,2014-02-24,1379.0,10845,9360.0,"[20, 0, 0, 15, 8, 20, 14]","[0, 12, 16, 7, 20, 0, 0]","[0.02738946392629525, 0.0, 0.03566723402848956, 0.001876706454922938, 0.0, 0.025422230299997906, 0.0]","[64, 82, 66, 88, 159, 107, 58]","[113.6805648803711, 81.7099380493164, 110.72433471679688, 140.88397216796875, 191.29026794433594, 125.8255386352539, 84.3830337524414]"
2014-02-19,2014-02-25,1498.0,10899,8515.0,"[4, 0, 0, 20, 6, 6, 13]","[4, 13, 16, 13, 13, 4, 3]","[0.02194672968457128, 0.017093120938850705, 0.0, 0.0, 0.3, 0.030323231890870828, 0.0]","[82, 66, 88, 159, 107, 58, 63]","[49.82044982910156, 93.32471466064453, 118.4704818725586, 208.42010498046875, 129.48280334472656, 66.15506744384766, 102.09496307373047]"
2014-02-20,2014-02-26,1155.0,11082,9055.0,"[15, 20, 20, 13, 0, 18, 0]","[0, 0, 12, 7, 12, 0, 13]","[0.0, 0.0, 0.0, 0.3, 0.018966716911029625, 0.030938951670561723, 0.0]","[66, 88, 159, 107, 58, 63, 66]","[89.3934555053711, 128.64117431640625, 202.33303833007812, 129.06639099121094, 84.11625671386719, 107.25640869140625, 95.7506332397461]"
2014-02-21,2014-02-27,1581.0,10565,8855.0,"[0, 20, 20, 14, 18, 17, 11]","[20, 11, 0, 0, 0, 0, 1]","[0.0, 0.018247549384494167, 0.0, 0.0, 0.019374801082961607, 0.01876534357590474, 0.029981123426892818]","[88, 159, 107, 58, 63, 66, 60]","[125.16266632080078, 195.20083618164062, 115.99081420898438, 84.73006439208984, 107.85533905029297, 102.89794921875, 75.23406219482422]"
2014-02-22,2014-02-28,1598.0,11292,8690.0,"[12, 8, 6, 10, 7, 9, 9]","[14, 10, 7, 6, 7, 4, 10]","[0.0890249378119713, 0.12312108567860426, 0.08926750595349393, 0.16006385724555547, 0.0872312097092837, 0.17564784170755454, 0.03662806303172998]","[159, 107, 58, 63, 66, 60, 79]","[187.56594848632812, 118.19412994384766, 82.85740661621094, 101.52758026123047, 93.86543273925781, 81.12784576416016, 123.90205383300781]"
2014-02-23,2014-03-01,1147.0,10417,8565.0,"[10, 8, 1, 14, 0, 15, 20]","[9, 5, 14, 2, 11, 5, 4]","[0.0, 0.02405534971079942, 0.02979916882170017, 0.0, 0.0, 0.02903449203360425, 0.21700265542849312]","[107, 58, 63, 66, 60, 79, 136]","[120.85572814941406, 84.9247055053711, 103.01717376708984, 95.71876525878906, 80.79119110107422, 125.00450134277344, 147.98757934570312]"
2014-02-24,2014-03-02,801.0,11212,8955.0,"[4, 12, 11, 10, 8, 12, 5]","[8, 5, 4, 5, 14, 11, 12]","[0.16962348544300437, 0.08885216365960023, 0.08905902741474382, 0.16886974872764654, 0.08854282793853172, 0.17584620001800205, 0.16157019877852102]","[58, 63, 66, 60, 79, 136, 109]","[80.6744155883789, 107.16158294677734, 96.18119812011719, 82.65521240234375, 145.84393310546875, 152.0281219482422, 112.86099243164062]"
2014-02-25,2014-03-03,1735.0,11007,8250.0,"[5, 9, 6, 11, 10, 14, 6]","[10, 6, 6, 9, 12, 4, 6]","[0.03800224278039731, 0.2050739393428233, 0.087654534729256, 0.08866178990043858, 0.13517593125609936, 0.03130387376221276, 0.1516234590946967]","[63, 66, 60, 79, 136, 109, 65]","[101.19339752197266, 97.75939178466797, 79.7651138305664, 135.30984497070312, 145.95362854003906, 110.90863800048828, 73.94066619873047]"
2014-02-26,2014-03-04,2924.0,10093,6310.0,"[7, 6, 6, 10, 9, 3, 1]","[5, 4, 8, 11, 7, 5, 5]","[0.13451246583507193, 0.16385775899001687, 0.11862824973323566, 0.03606525171703834, 0.08785672565522656, 0.05328921964098128, 0.08798209490987013]","[66, 60, 79, 136, 109, 65, 63]","[28.134408950805664, 58.54441833496094, 93.77161407470703, 139.4877471923828, 102.69942474365234, 51.88106918334961, 41.13248062133789]"
2014-02-27,2014-03-05,2997.0,10433,6415.0,"[5, 6, 12, 8, 9, 3, 6]","[5, 9, 9, 9, 2, 5, 2]","[0.03856637160878881, 0.038879460963235975, 0.08911323422140943, 0.13268975427698323, 0.12119729848971297, 0.16607414158522502, 0.1909494142582682]","[60, 79, 136, 109, 65, 63, 67]","[67.93305206298828, 100.12476348876953, 140.75767517089844, 110.30625915527344, 71.66353607177734, 51.558326721191406, 50.359092712402344]"
2014-02-28,2014-03-06,3229.0,10558,6100.0,"[0, 18, 18, 11, 3, 8, 10]","[14, 4, 0, 0, 5, 0, 0]","[0.3, 0.01533902810743484, 0.023697327066082335, 0.0, 0.15840150869337485, 0.3, 0.03119476260752052]","[79, 136, 109, 65, 63, 67, 73]","[100.5026626586914, 134.24600219726562, 108.43017578125, 68.5376205444336, 54.009132385253906, 46.82832336425781, 63.46683883666992]"
2014-03-01,2014-03-07,3191.0,10161,5690.0,"[20, 15, 9, 0, 0, 10, 13]","[1, 2, 2, 7, 6, 0, 0]","[0.03508923897881574, 0.1591846407259221, 0.027636023142721226, 0.3, 8.283490587216119e-05, 0.3, 0.026406177739470574]","[136, 109, 65, 63, 67, 73, 86]","[130.68826293945312, 104.92018127441406, 65.18872833251953, 54.064292907714844, 43.2972297668457, 63.157508850097656, 80.11187744140625]"
2014-03-02,2014-03-08,3085.0,10303,6030.0,"[10, 9, 6, 7, 7, 7, 8]","[6, 2, 3, 0, 3, 5, 11]","[0.17674853111669173, 0.123608357760023, 0.08920292422560715, 0.038226275205284405, 0.08896847838681711, 0.2058536987310397, 0.08983544433585273]","[109, 65, 63, 67, 73, 86, 154]","[104.30232238769531, 70.4237289428711, 57.405662536621094, 42.32679748535156, 62.51121139526367, 76.81788635253906, 125.81263732910156]"
2014-03-03,2014-03-09,2500.0,10602,6580.0,"[0, 0, 5, 11, 14, 20, 20]","[10, 8, 2, 0, 0, 1, 3]","[0.3, 0.0, 0.0, 0.019236727171971238, 0.0, 0.3, 0.0]","[65, 63, 67, 73, 86, 154, 110]","[71.80306243896484, 58.75995635986328, 45.69606399536133, 65.27424621582031, 83.15475463867188, 131.6881103515625, 140.54359436035156]"
2014-03-04,2014-03-10,2565.0,10110,6415.0,"[9, 0, 10, 14, 20, 0, 0]","[0, 6, 0, 0, 0, 20, 9]","[0.28343585428107704, 0.0, 0.3, 0.0, 0.023474609578857997, 0.03454165436881086, 0.1712636442021501]","[63, 67, 73, 86, 154, 110, 70]","[55.92240905761719, 41.394744873046875, 63.08793640136719, 84.25935363769531, 130.507080078125, 141.91070556640625, 63.70341491699219]"
2014-03-05,2014-03-11,2906.0,11209,6460.0,"[4, 5, 7, 11, 11, 6, 9]","[5, 6, 6, 5, 10, 5, 1]","[0.17645934944116454, 0.1353602483918479, 0.1697717450514863, 0.21226179082542243, 0.21310608644413537, 0.08884134099845604, 0.17655442621180634]","[67, 73, 86, 154, 110, 70, 62]","[54.1767578125, 69.37590789794922, 85.2618637084961, 131.2751922607422, 135.89797973632812, 70.05683135986328, 62.86492919921875]"
2014-03-06,2014-03-12,3201.0,10732,6710.0,"[12, 14, 0, 0, 9, 10, 9]","[0, 0, 20, 20, 1, 0, 0]","[0.038049052365985006, 0.15580831562405273, 0.0, 0.016138979551517774, 0.029480660399025343, 0.3, 0.0]","[73, 86, 154, 110, 70, 62, 70]","[72.93032836914062, 85.06572723388672, 127.4379653930664, 142.50106811523438, 62.387691497802734, 58.21812438964844, 56.056766510009766]"
2014-03-07,2014-03-13,3326.0,10923,6840.0,"[13, 7, 0, 11, 7, 12, 12]","[1, 12, 20, 0, 3, 0, 0]","[0.20681424241382726, 0.021516438692655127, 0.0, 0.0, 0.08920300072484363, 0.03576563685617881, 0.16803482619772736]","[86, 154, 110, 70, 62, 70, 75]","[85.56608581542969, 129.2083740234375, 138.93243408203125, 66.44084167480469, 65.25159454345703, 70.67080688476562, 70.91234588623047]"
2014-03-08,2014-03-14,3443.0,10506,6760.0,"[13, 9, 0, 0, 12, 11, 13]","[7, 12, 10, 9, 0, 0, 0]","[0.02911442559813013, 0.022277266194301072, 0.016607468164888166, 0.03461255425767723, 0.027241810755309806, 0.0033214512499217925, 0.11465771783637617]","[154, 110, 70, 62, 70, 75, 126]","[126.38449096679688, 136.15049743652344, 68.02449798583984, 61.746280670166016, 69.23661804199219, 69.6612548828125, 79.34796142578125]"
2014-03-09,2014-03-15,3079.0,12139,7560.0,"[11, 2, 5, 7, 8, 6, 17]","[10, 9, 6, 4, 4, 7, 7]","[0.16391945987810583, 0.20675622649255154, 0.1742338232224666, 0.08878639752257857, 0.15982271059415865, 0.028837491693580793, 0.12975215191792222]","[110, 70, 62, 70, 75, 126, 187]","[135.9447021484375, 71.3463363647461, 63.970741271972656, 72.52979278564453, 74.40088653564453, 86.96732330322266, 157.4442138671875]"
2014-03-10,2014-03-16,3557.0,11623,7185.0,"[6, 10, 8, 9, 12, 14, 11]","[5, 2, 3, 2, 2, 10, 7]","[0.12053753056579322, 0.07414603406888048, 0.1579921454843288, 0.12747463005569828, 0.023275136123284437, 0.03779484724743459, 0.13303189835606194]","[70, 62, 70, 75, 126, 187, 139]","[73.70939636230469, 63.1025276184082, 68.43509674072266, 71.67757415771484, 84.85136413574219, 155.17733764648438, 119.44084930419922]"
2014-03-11,2014-03-17,3696.0,11052,6620.0,"[10, 10, 10, 12, 11, 11, 0]","[0, 0, 0, 0, 12, 7, 11]","[0.3, 0.17189108442376105, 0.0, 0.02721220802654184, 0.030335156987696916, 0.03690336171975772, 0.018910992597093723]","[62, 70, 75, 126, 187, 139, 83]","[58.84531021118164, 57.71390151977539, 61.507869720458984, 76.37484741210938, 148.76821899414062, 114.59525299072266, 79.47108459472656]"
2014-03-12,2014-03-18,3840.0,11222,6390.0,"[0, 11, 13, 17, 18, 13, 9]","[8, 0, 0, 6, 0, 0, 2]","[0.3, 0.0, 0.027658335064305786, 0.025746259070360492, 0.015406621285041763, 0.29108796135046794, 0.0]","[70, 75, 126, 187, 139, 83, 72]","[60.860042572021484, 65.44007110595703, 76.93400573730469, 141.29266357421875, 107.14635467529297, 77.36695098876953, 71.82836151123047]"
2014-03-13,2014-03-19,4009.0,12568,7480.0,"[8, 12, 12, 7, 8, 12, 6]","[4, 2, 9, 12, 6, 1, 7]","[0.15204090873712958, 0.10928494516229077, 0.08735730467814296, 0.12174710743396322, 0.08894123745346628, 0.1151998336204117, 0.03851867236047273]","[75, 126, 187, 139, 83, 72, 91]","[70.85694122314453, 84.77823638916016, 140.92605590820312, 126.66159057617188, 89.60802459716797, 77.3858642578125, 85.76950073242188]"
2014-03-14,2014-03-20,3950.0,12774,7205.0,"[6, 12, 8, 7, 4, 12, 9]","[6, 11, 9, 5, 7, 1, 4]","[0.12354758322513965, 0.08860324983307605, 0.2125254852319579, 0.20956550548141833, 0.014976067616881148, 0.2067279217759085, 0.13845343590160275]","[126, 187, 139, 83, 72, 91, 85]","[82.18326568603516, 150.47967529296875, 111.23348999023438, 78.37429809570312, 72.58214569091797, 79.65808868408203, 80.3105697631836]"
2014-03-15,2014-03-21,3844.0,13324,8400.0,"[11, 20, 14, 0, 4, 15, 2]","[13, 0, 0, 11, 8, 0, 18]","[0.037814152184811094, 0.0004171494333205802, 0.00498786359961266, 0.3, 0.3, 0.0, 0.038147881575212365]","[187, 139, 83, 72, 91, 85, 117]","[158.87557983398438, 125.48396301269531, 85.04065704345703, 80.20557403564453, 83.69487762451172, 90.61032104492188, 135.9122314453125]"
2014-03-16,2014-03-22,4346.0,14128,9035.0,"[12, 11, 9, 5, 9, 12, 16]","[8, 3, 4, 8, 6, 9, 12]","[0.03199677608061047, 0.0893512231494783, 0.1812139309017862, 0.12099357808668457, 0.03887570894909705, 0.08923371013113149, 0.0891343285437429]","[139, 83, 72, 91, 85, 117, 183]","[126.32129669189453, 88.72251892089844, 85.15573120117188, 88.80632781982422, 96.9118423461914, 138.5012664794922, 180.04359436035156]"
2014-03-17,2014-03-23,3783.0,13858,8860.0,"[11, 9, 7, 13, 16, 16, 8]","[4, 5, 7, 2, 6, 6, 14]","[0.15277691033612978, 0.164651591398114, 0.038949480458372, 0.08994923205031985, 0.08863065517061411, 0.08959753271289002, 0.15493283106562855]","[83, 72, 91, 85, 117, 183, 133]","[94.63294219970703, 88.38015747070312, 88.61400604248047, 96.26513671875, 136.14952087402344, 182.0109405517578, 149.41387939453125]"
2014-03-18,2014-03-24,4211.0,14279,8730.0,"[5, 9, 6, 13, 16, 17, 6]","[7, 4, 8, 7, 12, 6, 6]","[0.1635746109489131, 0.11858086318581633, 0.13684830422109723, 0.03339901594841533, 0.08864679452231215, 0.16096004510533418, 0.15106313904654625]","[72, 91, 85, 117, 183, 133, 74]","[79.87235260009766, 86.81623077392578, 91.40989685058594, 130.6354217529297, 179.53274536132812, 147.90362548828125, 80.49746704101562]"
2014-03-19,2014-03-25,4117.0,11993,7650.0,"[14, 15, 20, 19, 1, 0, 0]","[0, 0, 2, 10, 20, 0, 10]","[0.13500907645951424, 0.03154695563049135, 0.0053900634403074655, 0.022595604669464926, 0.035034711908193635, 3.9173817321730836e-05, 0.0]","[91, 85, 117, 183, 133, 74, 90]","[84.03837585449219, 92.36527252197266, 136.86827087402344, 185.94168090820312, 148.9197998046875, 77.75411987304688, 72.17338562011719]"
2014-03-20,2014-03-26,4267.0,13736,8900.0,"[8, 1, 19, 11, 0, 4, 11]","[6, 18, 9, 12, 12, 7, 3]","[0.015807462303106423, 0.25575085074851694, 0.020843114298608984, 0.024568119565140427, 0.033886022664130815, 0.0, 0.0]","[85, 117, 183, 133, 74, 90, 92]","[90.98867797851562, 135.09156799316406, 178.65017700195312, 149.8142547607422, 79.13081359863281, 74.33700561523438, 92.26116180419922]"
2014-03-21,2014-03-27,4304.0,12898,8610.0,"[9, 20, 20, 2, 12, 8, 0]","[11, 8, 3, 10, 0, 5, 13]","[0.0, 0.0, 0.016994591470690962, 0.0, 0.0, 0.029572064865332714, 0.0]","[117, 183, 133, 74, 90, 92, 105]","[131.0854949951172, 175.137939453125, 142.08346557617188, 80.30123901367188, 74.00184631347656, 87.74266052246094, 92.30999755859375]"
2014-03-22,2014-03-28,4441.0,15098,8970.0,"[15, 11, 6, 3, 5, 7, 11]","[12, 11, 6, 8, 8, 7, 11]","[0.2181938604404977, 0.08861491779433915, 0.15807078596089383, 0.1517500900333803, 0.08871822357096716, 0.21062703667633578, 0.0357283579110591]","[183, 133, 74, 90, 92, 105, 134]","[174.24029541015625, 143.4095001220703, 80.7521743774414, 74.62675476074219, 88.19105529785156, 97.13475799560547, 142.2915802001953]"
2014-03-23,2014-03-29,4539.0,14536,8815.0,"[13, 5, 7, 4, 9, 11, 13]","[7, 5, 4, 9, 6, 11, 14]","[0.17243201326349464, 0.08909447246774, 0.02843812553379163, 0.089906136636405, 0.08739452003710609, 0.17513168860491782, 0.08932812826694086]","[133, 74, 90, 92, 105, 134, 192]","[132.92604064941406, 66.13815307617188, 73.06632995605469, 88.51897430419922, 97.49211883544922, 145.408935546875, 175.61737060546875]"
2014-03-24,2014-03-30,4592.0,14808,8675.0,"[8, 5, 10, 8, 9, 17, 13]","[4, 6, 4, 7, 11, 10, 7]","[0.13180919146713865, 0.15499406800567606, 0.21126734912429967, 0.16894742760735082, 0.16481890689076706, 0.08825238817346323, 0.035628360235916194]","[74, 90, 92, 105, 134, 192, 134]","[74.08430480957031, 73.57772827148438, 86.66661071777344, 95.33479309082031, 139.81320190429688, 171.9272918701172, 130.66683959960938]"
2014-03-25,2014-03-31,5004.0,13396,7900.0,"[12, 14, 16, 20, 20, 20, 10]","[0, 0, 0, 3, 8, 0, 0]","[0.3, 0.0, 0.03540588608849726, 0.015128177684490103, 0.0, 0.020517312580083526, 0.0]","[90, 92, 105, 134, 192, 134, 97]","[74.5254135131836, 86.14730834960938, 94.86189270019531, 141.92642211914062, 177.09828186035156, 135.26370239257812, 61.91694641113281]"
2014-03-26,2014-04-01,4688.0,14312,8360.0,"[4, 12, 8, 11, 14, 6, 1]","[9, 4, 12, 13, 7, 4, 10]","[0.08875183811492558, 0.09726498270142507, 0.12094849628083892, 0.16060103412510007, 0.08883666748782579, 0.13185287259405665, 0.032382771620900155]","[92, 105, 134, 192, 134, 97, 76]","[87.05752563476562, 97.56907653808594, 136.1999969482422, 180.78515625, 135.66970825195312, 64.97357177734375, 79.21475219726562]"
2014-03-27,2014-04-02,4703.0,13719,8545.0,"[14, 9, 19, 12, 0, 7, 0]","[2, 12, 9, 9, 8, 5, 12]","[0.08829719864224472, 0.14995464810358805, 0.0, 0.030544760879641107, 0.0, 0.0, 0.018059474327162008]","[105, 134, 192, 134, 97, 76, 89]","[97.38922119140625, 140.67396545410156, 176.55929565429688, 137.0480194091797, 58.72941589355469, 78.97795104980469, 85.01897430419922]"
2014-03-28,2014-04-03,4201.0,14958,8670.0,"[10, 16, 13, 4, 3, 12, 9]","[12, 11, 9, 5, 9, 2, 6]","[0.20482173532911166, 0.08861107896755584, 0.21265349500628905, 0.12460573483515605, 0.15755585417415757, 0.2065549461607981, 0.12198002848212931]","[134, 192, 134, 97, 76, 89, 84]","[146.2584686279297, 170.91542053222656, 140.3771209716797, 61.18889236450195, 81.59626007080078, 88.26253509521484, 96.89922332763672]"
2014-03-29,2014-04-04,4226.0,12595,8370.0,"[20, 0, 7, 13, 0, 15, 20]","[9, 20, 3, 0, 12, 0, 0]","[0.0, 0.0, 0.0, 0.0030053418387026246, 0.038455664860833974, 0.015803350916099038, 0.0]","[192, 134, 97, 76, 89, 84, 107]","[180.87033081054688, 143.28843688964844, 66.31253051757812, 80.31745147705078, 85.58767700195312, 92.50643920898438, 119.02017211914062]"
2014-03-30,2014-04-05,3806.0,13490,8535.0,"[9, 6, 3, 7, 6, 9, 11]","[13, 4, 9, 7, 8, 9, 12]","[0.16607931474578863, 0.15576833352478428, 0.08780873753337216, 0.08992883280804737, 0.0365406966169685, 0.09525979393599347, 0.08973287206104233]","[134, 97, 76, 89, 84, 107, 182]","[143.97975158691406, 64.58037567138672, 81.19198608398438, 87.57209777832031, 97.43484497070312, 118.5792236328125, 197.50341796875]"
2014-03-31,2014-04-06,4137.0,13514,8825.0,"[10, 4, 8, 14, 13, 19, 18]","[0, 8, 6, 1, 6, 12, 5]","[0.29598187202548804, 0.0009636603986186368, 0.02968552699160603, 0.0, 0.0, 0.019029398455278557, 0.08899386446889654]","[97, 76, 89, 84, 107, 182, 146]","[60.16677474975586, 81.3416748046875, 88.91181182861328, 95.6426773071289, 119.52761840820312, 199.33470153808594, 139.6616973876953]"
2014-04-01,2014-04-07,4184.0,14489,9000.0,"[9, 7, 5, 13, 14, 9, 6]","[4, 7, 10, 6, 15, 13, 5]","[0.08880635970487127, 0.07486430673885937, 0.08934097739310737, 0.17191073703067308, 0.08809950478384923, 0.1779646331741211, 0.1350813935013077]","[76, 89, 84, 107, 182, 146, 76]","[81.0468521118164, 90.4275131225586, 97.31160736083984, 122.20204162597656, 201.43418884277344, 146.0362548828125, 76.05783081054688]"
2014-04-02,2014-04-08,4428.0,13521,8530.0,"[8, 16, 20, 20, 16, 12, 15]","[6, 0, 0, 11, 6, 0, 0]","[0.0, 0.3, 0.0, 0.02162084716160905, 0.0, 0.0, 0.0]","[89, 84, 107, 182, 146, 76, 83]","[90.12413787841797, 98.74390411376953, 123.03599548339844, 197.8985595703125, 141.09385681152344, 73.6438217163086, 89.46305084228516]"
2014-04-03,2014-04-09,4380.0,13458,8745.0,"[0, 20, 20, 20, 12, 15, 11]","[14, 0, 11, 4, 0, 0, 3]","[0.0, 0.0, 0.0, 0.03776784122864386, 0.25534244144563667, 0.02258044768430189, 0.0]","[84, 107, 182, 146, 76, 83, 83]","[99.24272155761719, 125.71694946289062, 200.78102111816406, 146.44822692871094, 73.88154602050781, 88.55220031738281, 85.66287994384766]"
2014-04-04,2014-04-10,4309.0,14227,8600.0,"[11, 20, 19, 9, 5, 14, 0]","[8, 11, 4, 2, 8, 0, 12]","[0.3, 0.02442476744647125, 0.0, 0.0, 0.030506340979051107, 0.024016604414893034, 0.3]","[107, 182, 146, 76, 83, 83, 85]","[121.75051879882812, 200.48977661132812, 146.46829223632812, 71.8261489868164, 85.29830169677734, 82.05059814453125, 86.59617614746094]"
2014-04-05,2014-04-11,4492.0,14313,8700.0,"[20, 0, 0, 15, 13, 0, 20]","[11, 20, 10, 0, 0, 12, 0]","[0.030816635862567714, 0.212914603757924, 0.0, 0.0, 0.01924386680801434, 0.3, 0.03316432383980536]","[182, 146, 76, 83, 83, 85, 124]","[194.3592071533203, 140.8307342529297, 71.30195617675781, 87.36518859863281, 80.98667907714844, 84.38536834716797, 135.4311981201172]"
2014-04-06,2014-04-12,4286.0,14588,8815.0,"[7, 6, 8, 9, 12, 8, 11]","[14, 5, 5, 4, 2, 13, 14]","[0.08883677254353095, 0.15684373453498968, 0.13883131518777556, 0.1776783474013777, 0.08860784045659233, 0.03723205921034322, 0.2086445052875415]","[146, 76, 83, 83, 85, 124, 192]","[134.7913055419922, 73.74390411376953, 88.22164916992188, 78.46515655517578, 85.5835189819336, 137.63247680664062, 169.30393981933594]"
2014-04-07,2014-04-13,4300.0,14245,8865.0,"[13, 1, 14, 14, 14, 20, 8]","[0, 10, 0, 0, 7, 9, 14]","[0.0, 0.3, 0.3, 0.0, 0.0, 0.020201510761133003, 0.025020360850942967]","[76, 83, 83, 85, 124, 192, 137]","[75.57913970947266, 80.11373901367188, 82.34204864501953, 86.56476593017578, 133.75901794433594, 184.55340576171875, 146.11404418945312]"
2014-04-08,2014-04-14,4548.0,15091,9040.0,"[12, 8, 5, 13, 17, 17, 4]","[2, 5, 8, 7, 10, 8, 10]","[0.1684520507195869, 0.11509078748041415, 0.25398251904404284, 0.08989690494578972, 0.08836465983769587, 0.16560218086905457, 0.03108667418920552]","[83, 83, 85, 124, 192, 137, 90]","[84.50482940673828, 81.17679595947266, 83.6875991821289, 129.31141662597656, 183.69583129882812, 158.46971130371094, 94.0058364868164]"
2014-04-09,2014-04-15,4891.0,14505,8905.0,"[3, 8, 12, 14, 9, 8, 5]","[9, 5, 9, 14, 13, 5, 8]","[0.13122797592334842, 0.0391306674216391, 0.01556245144794853, 0.08853111356450702, 0.16830929084218543, 0.03726856281025446, 0.03001311951829483]","[83, 85, 124, 192, 137, 90, 108]","[81.45735168457031, 86.24569702148438, 134.1812744140625, 184.4156951904297, 160.074951171875, 93.47205352783203, 88.84207916259766]"
2014-04-10,2014-04-16,4849.0,14256,8875.0,"[7, 7, 20, 10, 15, 14, 14]","[6, 13, 8, 14, 0, 0, 1]","[0.0, 0.02989342046198649, 0.03170702506663559, 0.0, 0.02447279050248488, 0.3, 0.0]","[85, 124, 192, 137, 90, 108, 101]","[81.80072784423828, 134.561767578125, 179.07498168945312, 157.77401733398438, 89.17731475830078, 85.42848205566406, 94.41450500488281]"
2014-04-11,2014-04-17,4966.0,15880,9100.0,"[10, 12, 12, 6, 9, 11, 7]","[10, 15, 10, 7, 5, 4, 8]","[0.2170153720710105, 0.1518151115279207, 0.08802691870322005, 0.15452496461005352, 0.08759453031982492, 0.15024924816824586, 0.0879566726197485]","[124, 192, 137, 90, 108, 101, 123]","[130.28640747070312, 179.2965850830078, 154.76425170898438, 88.32144165039062, 86.9298324584961, 99.4785385131836, 100.47969055175781]"
2014-04-12,2014-04-18,4725.0,14881,8610.0,"[16, 19, 4, 6, 13, 12, 15]","[10, 5, 9, 6, 1, 3, 5]","[0.08723991962995972, 0.037623857119378795, 0.03419307089456248, 0.3, 0.0, 0.0, 0.3]","[192, 137, 90, 108, 101, 123, 187]","[163.9567413330078, 147.3494415283203, 83.01764678955078, 81.80290985107422, 90.80500793457031, 93.84078979492188, 122.18193054199219]"
2014-04-13,2014-04-19,4937.0,15012,10030.0,"[18, 16, 8, 17, 4, 20, 19]","[8, 0, 6, 0, 11, 1, 15]","[0.0, 0.1359987541091144, 0.0, 0.0, 0.0, 0.01596056164240118, 0.0]","[137, 90, 108, 101, 123, 187, 221]","[164.9873046875, 94.3176040649414, 91.34835052490234, 101.12646484375, 105.08441925048828, 128.39797973632812, 219.55825805664062]"
2014-04-14,2014-04-20,3042.0,10956,7670.0,"[0, 14, 16, 16, 14, 20, 11]","[13, 0, 0, 0, 6, 0, 4]","[0.0, 0.033220077500319266, 5.58936604778865e-06, 0.0155783977639873, 0.08944144650945667, 0.033372401776281015, 0.030594874525303413]","[90, 108, 101, 123, 187, 221, 0]","[92.60735321044922, 85.94624328613281, 100.04032135009766, 96.82813262939453, 123.97173309326172, 223.7116241455078, 91.95454406738281]"
2014-04-15,2014-04-21,3338.0,14067,9335.0,"[11, 0, 14, 15, 20, 15, 9]","[3, 14, 3, 6, 14, 0, 9]","[0.015879319137967886, 0.0, 0.0, 0.3, 0.01509447013050704, 0.0, 0.2546698047234018]","[108, 101, 123, 187, 221, 0, 95]","[88.16143798828125, 99.51174926757812, 100.9705810546875, 128.9969940185547, 215.88731384277344, 86.36160278320312, 118.58565521240234]"
2014-04-16,2014-04-22,3448.0,13321,9210.0,"[17, 17, 20, 12, 0, 4, 17]","[0, 0, 1, 20, 12, 12, 0]","[0.0, 0.0, 0.0, 0.03583001613947292, 0.017534291668374235, 0.2991734107612698, 0.017467259221296855]","[101, 123, 187, 221, 0, 95, 95]","[100.25659942626953, 103.87686920166016, 127.0638656616211, 211.02235412597656, 87.24723052978516, 110.31017303466797, 102.09143829345703]"
2014-04-17,2014-04-23,3380.0,13776,9010.0,"[9, 13, 13, 7, 8, 16, 8]","[7, 8, 17, 6, 9, 0, 6]","[0.11047935026653369, 0.1738754303640591, 0.08973376146213675, 0.1659451443125677, 0.12647680133504474, 0.15430144197767798, 0.08732945942207221]","[123, 187, 221, 0, 95, 95, 89]","[106.71629333496094, 132.22317504882812, 217.8816680908203, 88.41259002685547, 109.11727905273438, 98.77548217773438, 92.90809631347656]"
2014-04-18,2014-04-24,3041.0,13849,9195.0,"[13, 17, 7, 9, 9, 9, 10]","[7, 15, 6, 9, 7, 6, 5]","[0.08904671490393679, 0.16819947951761743, 0.08917631161432571, 0.1734876872665703, 0.15624165560135395, 0.13064102426606616, 0.0887200050198506]","[187, 221, 0, 95, 95, 89, 117]","[129.95272827148438, 218.1246795654297, 83.79569244384766, 114.54570770263672, 101.881591796875, 94.3755111694336, 97.35369110107422]"
2014-04-19,2014-04-25,3058.0,12709,9650.0,"[20, 15, 20, 1, 16, 17, 0]","[15, 0, 0, 13, 0, 0, 20]","[0.020501240673551347, 0.029203268413161013, 0.020514222988951728, 0.0, 0.0, 0.0, 0.0]","[221, 0, 95, 95, 89, 117, 127]","[223.78135681152344, 87.84957885742188, 114.4913558959961, 99.93498229980469, 97.7516860961914, 103.82302856445312, 159.32208251953125]"
2014-04-20,2014-04-26,2268.0,13103,9510.0,"[0, 20, 19, 16, 0, 20, 20]","[12, 0, 0, 0, 14, 0, 14]","[0.0, 0.0, 0.3, 0.3, 0.02139530671013603, 0.021214542835067643, 0.0]","[0, 95, 95, 89, 117, 127, 196]","[82.90724182128906, 116.66053009033203, 103.12220001220703, 96.33383178710938, 99.99137878417969, 163.42654418945312, 218.85763549804688]"
2014-04-21,2014-04-27,4558.0,15175,9440.0,"[11, 2, 8, 7, 17, 14, 7]","[5, 10, 6, 8, 6, 17, 9]","[0.1270429975761286, 0.08882755740676447, 0.08928594544858975, 0.21606788910168778, 0.16993458821367657, 0.029058372214757176, 0.08948802655212094]","[95, 95, 89, 117, 127, 196, 127]","[103.6915512084961, 79.4471664428711, 87.92032623291016, 98.51306915283203, 144.0309600830078, 216.3839569091797, 107.3453369140625]"
2014-04-22,2014-04-28,4154.0,14836,9800.0,"[11, 11, 19, 4, 20, 15, 0]","[5, 5, 0, 20, 14, 2, 12]","[0.028525417909630875, 0.0, 0.3, 0.019345360457062283, 0.0, 0.032517290264535, 0.11319831099328392]","[95, 89, 117, 127, 196, 127, 79]","[100.74820709228516, 97.54177856445312, 103.43177032470703, 162.53611755371094, 215.740234375, 110.78987121582031, 87.43768310546875]"
2014-04-23,2014-04-29,3610.0,14643,9020.0,"[8, 16, 18, 20, 13, 9, 12]","[6, 0, 8, 13, 4, 5, 1]","[0.2993593439217108, 0.3, 0.0, 0.0, 0.3, 0.024509492695833912, 0.0]","[89, 117, 127, 196, 127, 79, 61]","[93.39862060546875, 97.7920913696289, 161.8579559326172, 214.16693115234375, 110.31733703613281, 88.23326110839844, 78.04291534423828]"
2014-04-24,2014-04-30,3900.0,14609,8940.0,"[7, 12, 13, 8, 4, 8, 6]","[8, 12, 18, 10, 9, 4, 4]","[0.16786213724810875, 0.2114827471587637, 0.0877497854434941, 0.13163109195300654, 0.16380108243358404, 0.16751239540694157, 0.12496166269422072]","[117, 127, 196, 127, 79, 61, 83]","[99.03509521484375, 161.07205200195312, 215.19664001464844, 113.73872375488281, 87.80936431884766, 78.27742767333984, 63.0758056640625]"
2014-04-25,2014-05-01,3619.0,12850,9240.0,"[17, 15, 17, 0, 7, 7, 0]","[7, 19, 2, 12, 6, 5, 13]","[0.029547080724328004, 0.0, 0.0, 0.0, 0.0, 0.015135693516277055, 0.021771819871840452]","[127, 196, 127, 79, 61, 83, 83]","[149.53382873535156, 220.4333038330078, 115.92263793945312, 87.30670928955078, 84.3874282836914, 76.48120880126953, 103.03577423095703]"
2014-04-26,2014-05-02,3699.0,13703,8620.0,"[13, 7, 0, 13, 6, 16, 20]","[20, 10, 13, 0, 4, 0, 0]","[0.024547891914282336, 0.03564013889775157, 0.2853105010483307, 0.3, 0.0, 0.023802020948143186, 0.2177291963507835]","[196, 127, 79, 61, 83, 83, 116]","[213.55203247070312, 113.02680206298828, 89.4546890258789, 80.5989990234375, 64.28895568847656, 96.48336029052734, 131.86209106445312]"
2014-04-27,2014-05-03,3560.0,12319,8350.0,"[19, 5, 13, 10, 19, 20, 20]","[0, 8, 0, 0, 0, 0, 10]","[0.00025408291207677867, 0.08982582380443627, 2.0470008024693335e-06, 0.0, 0.11724355670677952, 0.08790577149135297, 0.03064471963471381]","[127, 79, 61, 83, 83, 116, 169]","[109.37703704833984, 86.94194030761719, 75.9056625366211, 60.84067153930664, 100.3325424194336, 132.5546417236328, 199.34329223632812]"
2014-04-28,2014-05-04,3184.0,12176,8530.0,"[15, 13, 10, 7, 8, 20, 20]","[0, 0, 0, 8, 12, 10, 0]","[0.0, 0.0, 0.3, 0.0, 0.0, 0.0, 0.02193715765698176]","[79, 61, 83, 83, 116, 169, 121]","[88.70000457763672, 79.22962951660156, 62.39554214477539, 98.06744384765625, 134.69308471679688, 191.4149169921875, 128.4805450439453]"
2014-04-29,2014-05-05,3030.0,12269,8735.0,"[0, 12, 17, 17, 20, 20, 16]","[11, 0, 0, 4, 12, 1, 0]","[0.03248141493030823, 0.0, 0.0, 0.024994998326861875, 0.0, 0.0, 0.3]","[61, 83, 83, 116, 169, 121, 66]","[77.40259552001953, 70.33914947509766, 102.73306274414062, 131.53387451171875, 208.6323699951172, 128.53964233398438, 96.05584716796875]"
2014-04-30,2014-05-06,3413.0,12812,8445.0,"[6, 9, 12, 16, 9, 6, 4]","[3, 6, 9, 12, 10, 7, 8]","[0.08841448341394643, 0.08796600251054389, 0.1753229075470924, 0.08780812991956816, 0.11925638539260233, 0.018527392163611073, 0.030594600834375832]","[83, 83, 116, 169, 121, 66, 63]","[58.491004943847656, 97.41305541992188, 133.26480102539062, 197.97642517089844, 127.7398910522461, 89.33008575439453, 79.4942855834961]"
2014-05-01,2014-05-07,3170.0,12588,8470.0,"[16, 17, 20, 20, 0, 13, 8]","[0, 3, 12, 0, 13, 0, 4]","[0.0, 0.0, 0.03816398549408258, 0.0, 0.3, 0.3, 0.0]","[83, 116, 169, 121, 66, 63, 68]","[98.2317886352539, 126.45507049560547, 205.67889404296875, 128.32066345214844, 91.33331298828125, 78.32630920410156, 78.20541381835938]"
2014-05-02,2014-05-08,3527.0,12998,8375.0,"[8, 16, 12, 11, 9, 8, 6]","[11, 9, 8, 3, 4, 4, 9]","[0.0888698920992105, 0.08897384973809544, 0.16175260104207737, 0.11476343788461527, 0.15960839925664033, 0.03643347880533801, 0.08886591277680317]","[116, 169, 121, 66, 63, 68, 85]","[124.62415313720703, 192.34121704101562, 125.50792694091797, 88.94979858398438, 82.68223571777344, 79.45606994628906, 100.19257354736328]"
2014-05-03,2014-05-09,2591.0,13160,9075.0,"[13, 16, 4, 10, 14, 8, 14]","[18, 5, 10, 3, 0, 7, 6]","[0.038585042848849484, 0.0, 0.0, 0.28994492580979814, 0.3, 0.3, 0.024526699652241076]","[169, 121, 66, 63, 68, 85, 113]","[202.6743927001953, 131.79681396484375, 93.69210052490234, 81.43608093261719, 83.85411071777344, 98.93302917480469, 127.61921691894531]"
2014-05-04,2014-05-10,2931.0,13091,8480.0,"[10, 8, 7, 6, 10, 12, 13]","[9, 6, 6, 6, 5, 8, 10]","[0.08764835709096452, 0.16326152591371462, 0.1694193659224397, 0.0894793122581069, 0.16558726251118444, 0.14967990467172906, 0.16999198795519987]","[121, 66, 63, 68, 85, 113, 173]","[121.8462142944336, 89.6614761352539, 83.46149444580078, 79.65682220458984, 95.38130950927734, 130.3329315185547, 174.3974609375]"
2014-05-05,2014-05-11,3024.0,11914,8220.0,"[0, 13, 13, 0, 20, 0, 20]","[13, 0, 0, 14, 0, 20, 0]","[0.028101559733497265, 0.019807934544477487, 0.0, 0.3, 0.0, 0.016801341519753443, 0.0]","[66, 63, 68, 85, 113, 173, 142]","[91.20264434814453, 76.60968780517578, 77.15943145751953, 98.15668487548828, 125.78997802734375, 173.42710876464844, 126.26017761230469]"
2014-05-06,2014-05-12,3895.0,11815,7880.0,"[12, 13, 15, 20, 20, 20, 16]","[0, 0, 0, 0, 7, 0, 0]","[0.0, 0.0, 0.028605385590617795, 0.0, 0.0, 0.0, 0.0]","[63, 68, 85, 113, 173, 142, 72]","[73.6755599975586, 76.28245544433594, 92.84892272949219, 118.89934539794922, 170.51226806640625, 124.54249572753906, 96.46531677246094]"
2014-05-07,2014-05-13,3824.0,12172,8330.0,"[0, 4, 16, 9, 0, 16, 13]","[10, 9, 3, 17, 18, 0, 0]","[0.028760190218139206, 0.0, 0.0, 0.0, 0.0, 0.0, 0.0]","[68, 85, 113, 173, 142, 72, 75]","[69.33192443847656, 87.89925384521484, 120.31390380859375, 172.01585388183594, 124.79896545410156, 95.29090118408203, 79.98584747314453]"
2014-05-08,2014-05-14,3614.0,13862,8970.0,"[5, 9, 12, 10, 10, 7, 11]","[9, 10, 14, 10, 7, 6, 4]","[0.12806801500719148, 0.08896090107046047, 0.12457617848831871, 0.08876767323894011, 0.21327451514870027, 0.08801469712771015, 0.10757393496791418]","[85, 113, 173, 142, 72, 75, 77]","[90.54243469238281, 125.55359649658203, 176.271240234375, 129.18179321289062, 97.17601776123047, 89.21935272216797, 96.17244720458984]"
2014-05-09,2014-05-15,4029.0,14144,8605.0,"[9, 14, 10, 4, 9, 14, 7]","[9, 12, 9, 10, 4, 1, 8]","[0.16487107309809138, 0.16961285881799532, 0.09000680686284321, 0.20596821307445543, 0.031399528727483646, 0.09235849976961924, 0.08946247377763324]","[113, 173, 142, 72, 75, 77, 100]","[119.632568359375, 169.00950622558594, 123.92207336425781, 92.57301330566406, 79.92066955566406, 88.57119750976562, 100.56307983398438]"
2014-05-10,2014-05-16,3880.0,14224,8800.0,"[16, 19, 0, 7, 11, 6, 18]","[11, 1, 13, 6, 4, 9, 3]","[0.021425036337839796, 0.02492050668321206, 0.3, 0.02261249587393104, 0.0, 0.3, 0.15707497037147353]","[173, 142, 72, 75, 77, 100, 117]","[174.2422332763672, 125.50700378417969, 94.40375518798828, 84.32215118408203, 93.45439910888672, 101.27913665771484, 130.13548278808594]"
2014-05-11,2014-05-17,3512.0,12393,8880.0,"[15, 5, 13, 8, 8, 15, 20]","[5, 9, 0, 6, 7, 5, 9]","[0.0004735064278369275, 0.0, 0.0, 0.0, 0.0, 0.0, 0.0]","[142, 72, 75, 77, 100, 117, 166]","[124.34823608398438, 93.05783081054688, 79.83543395996094, 89.11842346191406, 96.12297821044922, 126.50718688964844, 183.08395385742188]"
2014-05-12,2014-05-18,3237.0,13785,9300.0,"[0, 6, 14, 10, 13, 20, 19]","[14, 8, 2, 6, 8, 10, 0]","[0.02458788784833245, 0.028397219966529382, 0.08888275998532254, 8.406953027274471e-05, 0.030337421361693404, 0.3, 0.032078134069303745]","[72, 75, 77, 100, 117, 166, 131]","[101.16283416748047, 91.49591064453125, 97.68209838867188, 103.13801574707031, 137.37710571289062, 188.59934997558594, 146.31295776367188]"
2014-05-13,2014-05-19,4183.0,12644,8465.0,"[14, 0, 16, 20, 17, 20, 12]","[0, 12, 0, 0, 12, 3, 0]","[0.0, 0.0, 0.0, 0.0, 0.03145133408840789, 0.0, 0.0]","[75, 77, 100, 117, 166, 131, 87]","[85.20063781738281, 88.19144439697266, 96.5736312866211, 132.40025329589844, 186.2987518310547, 146.2222442626953, 73.93940734863281]"
2014-05-14,2014-05-20,4327.0,14662,8785.0,"[5, 6, 14, 15, 13, 6, 5]","[8, 9, 6, 13, 9, 6, 7]","[0.09622106987255796, 0.0898524581932775, 0.21065247919174207, 0.08881999746633427, 0.08726194622318928, 0.2142693390402896, 0.1765101710566319]","[77, 100, 117, 166, 131, 87, 86]","[86.79743957519531, 97.78473663330078, 126.76030731201172, 182.54974365234375, 142.1062469482422, 79.79270935058594, 80.44842529296875]"
2014-05-15,2014-05-21,4483.0,13893,8605.0,"[12, 14, 6, 10, 1, 14, 0]","[3, 5, 20, 12, 10, 0, 11]","[0.02560095231484806, 0.3, 0.016137344574356456, 0.017705053994958517, 0.03179714359051563, 0.0, 0.031941140807765264]","[100, 117, 166, 131, 87, 86, 97]","[93.12162017822266, 119.37773895263672, 179.52813720703125, 142.88453674316406, 76.24701690673828, 85.51577758789062, 84.80615997314453]"
2014-05-16,2014-05-22,4169.0,14573,8815.0,"[10, 14, 11, 5, 8, 7, 6]","[9, 14, 11, 7, 4, 6, 9]","[0.17336032042914185, 0.10876814713577887, 0.13594668500379126, 0.08850343244712923, 0.12293457425180124, 0.21185716359559947, 0.08908819732858571]","[117, 166, 131, 87, 86, 97, 99]","[125.90830993652344, 181.123291015625, 144.1384735107422, 79.32096099853516, 80.96329498291016, 83.88217163085938, 99.04930114746094]"
2014-05-17,2014-05-23,4261.0,13499,9045.0,"[20, 7, 7, 0, 14, 0, 15]","[8, 14, 5, 12, 0, 14, 7]","[0.0, 0.0, 0.16586313273806932, 0.01832872200166563, 0.0, 0.0, 0.03124470337089027]","[166, 131, 87, 86, 97, 99, 128]","[180.40858459472656, 142.13327026367188, 79.41397857666016, 85.70284271240234, 85.78021240234375, 99.15641784667969, 138.8887939453125]"
2014-05-18,2014-05-24,4937.0,16398,10270.0,"[9, 6, 0, 15, 17, 6, 20]","[12, 7, 11, 0, 0, 15, 19]","[0.0, 0.2542683239091001, 0.3, 0.21225522841121175, 0.03129993187641179, 0.022391649862518112, 0.01982010839618981]","[131, 87, 86, 97, 99, 128, 691]","[139.16432189941406, 87.85023498535156, 88.6051254272461, 88.91363525390625, 100.41114044189453, 140.3353271484375, 545.166259765625]"
2014-05-19,2014-05-25,5286.0,17320,12300.0,"[11, 20, 0, 0, 0, 20, 20]","[2, 0, 12, 14, 20, 20, 20]","[0.0, 0.0, 0.0, 0.0, 0.038179635857328545, 0.0, 0.023398360789077706]","[87, 86, 97, 99, 128, 691, 563]","[78.67306518554688, 79.80101013183594, 82.43057250976562, 96.28455352783203, 136.84010314941406, 520.5322265625, 508.77752685546875]"
2014-05-20,2014-05-26,6930.0,21828,13520.0,"[14, 0, 16, 20, 20, 20, 20]","[0, 12, 0, 2, 20, 20, 20]","[0.0, 0.03774844499630101, 0.0, 0.0, 0.3, 0.03416303852233676, 0.0]","[86, 97, 99, 128, 691, 563, 530]","[84.20697021484375, 84.57292938232422, 96.19915008544922, 137.3446044921875, 519.0224609375, 502.0382995605469, 486.5388488769531]"
2014-05-21,2014-05-27,6588.0,20877,13820.0,"[0, 16, 0, 20, 20, 20, 20]","[12, 0, 20, 20, 20, 20, 0]","[0.025555380570404105, 0.019359774202319664, 0.3, 0.0, 0.027137421474987905, 0.0, 0.0]","[97, 99, 128, 691, 563, 530, 69]","[84.75184631347656, 96.95117950439453, 137.45213317871094, 516.2301635742188, 506.8270568847656, 490.8018493652344, 112.48444366455078]"
2014-05-22,2014-05-28,6922.0,21300,12970.0,"[17, 8, 20, 20, 20, 18, 11]","[0, 13, 20, 20, 20, 0, 0]","[0.0, 0.0, 0.3, 0.0, 0.03421202589275812, 0.0, 0.024099881876526175]","[99, 128, 691, 563, 530, 69, 91]","[100.16766357421875, 137.94741821289062, 512.7962036132812, 503.93939208984375, 494.15118408203125, 111.67886352539062, 66.79337310791016]"
2014-05-23,2014-05-29,7660.0,20049,12370.0,"[20, 20, 20, 20, 10, 11, 12]","[0, 20, 20, 20, 7, 0, 0]","[0.02662133336604526, 0.0191124327881872, 0.03624858223185548, 0.02594058504025927, 0.0, 0.2619572523581071, 0.0]","[128, 691, 563, 530, 69, 91, 76]","[136.53797912597656, 520.8546142578125, 500.96112060546875, 498.5350341796875, 107.85950469970703, 67.03597259521484, 73.51333618164062]"
2014-05-24,2014-05-30,5373.0,17407,10890.0,"[20, 20, 20, 20, 10, 11, 0]","[20, 0, 20, 0, 0, 1, 15]","[0.029813475870336052, 0.3, 0.0, 0.0, 0.017937353458686862, 0.3, 0.0]","[691, 563, 530, 69, 91, 76, 95]","[503.36566162109375, 504.5906982421875, 516.44873046875, 98.18274688720703, 61.80677795410156, 74.25983428955078, 103.97767639160156]"
2014-05-25,2014-05-31,6010.0,17000,10950.0,"[20, 20, 18, 0, 0, 17, 20]","[20, 20, 0, 10, 11, 0, 0]","[0.08825782784623581, 0.03628136151247391, 0.0, 0.022855180157870116, 0.0, 0.0, 0.0]","[563, 530, 69, 91, 76, 95, 154]","[558.6118774414062, 545.97314453125, 107.05619812011719, 67.23848724365234, 75.13848876953125, 104.00949096679688, 169.10202026367188]"
2014-05-26,2014-06-01,4472.0,15197,10380.0,"[20, 5, 13, 0, 12, 19, 11]","[20, 10, 0, 12, 5, 6, 10]","[0.018168044651118577, 0.0, 0.0, 0.02460392039053201, 0.0, 0.1655081337625033, 0.0]","[530, 69, 91, 76, 95, 154, 115]","[578.6106567382812, 99.1164321899414, 77.25115203857422, 82.95556640625, 109.46675872802734, 155.21324157714844, 137.91326904296875]"
2014-05-27,2014-06-02,2478.0,12665,8515.0,"[2, 0, 1, 17, 19, 16, 17]","[13, 9, 10, 0, 8, 7, 0]","[0.02148704646051641, 0.026680685668362403, 0.020067023554756206, 0.3, 0.1658770350584769, 0.21192532092548205, 0.0]","[69, 91, 76, 95, 154, 115, 73]","[105.80934143066406, 66.82666015625, 76.94110107421875, 105.20750427246094, 168.47779846191406, 147.09127807617188, 104.88819122314453]"
2014-05-28,2014-06-03,2669.0,11592,8330.0,"[10, 6, 0, 20, 2, 0, 11]","[0, 5, 15, 7, 20, 16, 0]","[0.0, 0.3, 0.030129675368975414, 0.02588478557092167, 0.0, 0.03050237188093387, 0.028283368668475542]","[91, 76, 95, 154, 115, 73, 88]","[58.289031982421875, 69.81694030761719, 102.49315643310547, 170.5493927001953, 150.6730499267578, 112.14585876464844, 66.97219848632812]"
2014-05-29,2014-06-04,3294.0,11947,8050.0,"[14, 0, 11, 20, 0, 12, 13]","[0, 16, 12, 2, 15, 0, 0]","[0.3, 0.019527292723388115, 0.0, 0.03499085464082706, 0.0, 0.0, 0.035827541098844146]","[76, 95, 154, 115, 73, 88, 85]","[84.81163024902344, 112.9195327758789, 149.50814819335938, 132.56968688964844, 103.6373519897461, 73.38436126708984, 80.55165100097656]"
2014-05-30,2014-06-05,3329.0,13097,8140.0,"[8, 10, 8, 9, 10, 4, 11]","[9, 13, 12, 7, 2, 8, 2]","[0.0335067608842261, 0.15807719443538254, 0.17919323115689711, 0.12099493671846517, 0.15055646734783068, 0.08842563144728594, 0.21460050609090212]","[95, 154, 115, 73, 88, 85, 83]","[110.46743774414062, 153.66879272460938, 131.66526794433594, 102.33767700195312, 74.24445343017578, 82.88888549804688, 82.7292251586914]"
2014-05-31,2014-06-06,3478.0,12354,8225.0,"[20, 20, 18, 12, 14, 0, 18]","[7, 4, 0, 0, 0, 11, 0]","[0.021321646756275042, 0.037719628034347946, 0.019257117766307015, 0.0, 0.3, 0.03447041511519802, 0.03231713542819785]","[154, 115, 73, 88, 85, 83, 92]","[169.97381591796875, 147.20257568359375, 108.36183166503906, 71.00193786621094, 83.57294464111328, 80.896240234375, 103.02934265136719]"
2014-06-01,2014-06-07,2486.0,13008,8790.0,"[10, 7, 6, 6, 9, 10, 14]","[14, 10, 5, 6, 4, 7, 11]","[0.0293246998896447, 0.0878646794013335, 0.2074722738020797, 0.1737885716108288, 0.08959485280188857, 0.15352962462196812, 0.25448668049077505]","[115, 73, 88, 85, 83, 92, 141]","[155.23072814941406, 110.91827392578125, 70.90966033935547, 83.39747619628906, 82.33501434326172, 107.34119415283203, 162.91165161132812]"
2014-06-02,2014-06-08,3310.0,11393,7920.0,"[4, 12, 13, 0, 20, 19, 8]","[11, 0, 0, 11, 0, 5, 9]","[0.0, 0.02934490232915208, 0.028833339719760324, 0.08795758932712447, 0.0, 0.026637906842928022, 0.0]","[73, 88, 85, 83, 92, 141, 116]","[101.01371765136719, 72.65432739257812, 80.0317611694336, 77.92860412597656, 102.5278091430664, 148.22557067871094, 111.88804626464844]"
2014-06-03,2014-06-09,3351.0,11917,7315.0,"[0, 3, 3, 11, 12, 18, 8]","[10, 8, 8, 5, 10, 0, 5]","[0.0393777089702302, 0.02808014108150421, 0.0363247903284488, 0.0, 0.0, 0.29480482030943944, 0.3]","[88, 85, 83, 92, 141, 116, 72]","[69.63273620605469, 75.29537963867188, 75.20337677001953, 97.43408203125, 141.6711883544922, 116.48130798339844, 82.7628402709961]"
2014-06-04,2014-06-10,3577.0,12713,8025.0,"[7, 10, 13, 13, 10, 10, 5]","[6, 3, 4, 11, 8, 5, 8]","[0.08843403534094825, 0.08748278487123504, 0.08916204707866279, 0.08873939493027988, 0.16181019331429405, 0.11248928332405297, 0.13509542060425164]","[85, 83, 92, 141, 116, 72, 77]","[85.80609130859375, 84.10533142089844, 108.7291259765625, 153.17584228515625, 117.30172729492188, 94.89911651611328, 84.02362060546875]"
2014-06-05,2014-06-11,3386.0,12455,8195.0,"[8, 12, 16, 14, 11, 6, 8]","[5, 5, 9, 6, 4, 7, 6]","[0.1380298800142611, 0.10840257364322847, 0.03614555289833343, 0.029024965213517252, 0.0948404036282121, 0.15742793855430853, 0.0899258688225129]","[83, 92, 141, 116, 72, 77, 84]","[84.6341552734375, 109.0141372680664, 160.18609619140625, 123.47574615478516, 95.59226989746094, 87.56481170654297, 91.19117736816406]"
2014-06-06,2014-06-12,3572.0,12514,7785.0,"[10, 12, 8, 6, 7, 11, 5]","[6, 11, 10, 6, 5, 3, 8]","[0.13474056046507044, 0.08727707191673843, 0.13196536703914016, 0.1143352346943026, 0.16388541187935032, 0.03231744313495782, 0.09565888599292112]","[92, 141, 116, 72, 77, 84, 77]","[105.69795227050781, 149.62527465820312, 120.90003967285156, 81.42724609375, 79.18310546875, 86.45262145996094, 87.90887451171875]"
2014-06-07,2014-06-13,3478.0,12929,7990.0,"[18, 15, 5, 4, 6, 10, 16]","[6, 4, 8, 9, 7, 4, 2]","[0.10216322847962275, 0.12472280277219093, 0.1581127607750572, 0.2077468730759488, 0.026645782930555438, 0.1327555541792403, 0.12858348263245858]","[141, 116, 72, 77, 84, 77, 106]","[150.7639923095703, 119.77063751220703, 86.09075927734375, 85.40060424804688, 88.54446411132812, 88.64542388916016, 109.6702651977539]"
2014-06-08,2014-06-14,3214.0,13437,8380.0,"[7, 12, 8, 5, 6, 7, 13]","[11, 3, 5, 8, 8, 9, 11]","[0.16692243620798308, 0.12040896709530596, 0.16543853890302326, 0.03743032714390955, 0.2056435474094594, 0.15058753848388187, 0.1515894541811425]","[116, 72, 77, 84, 77, 106, 149]","[119.33638763427734, 92.96551513671875, 85.08073425292969, 88.53460693359375, 88.46548461914062, 105.37454986572266, 158.0711212158203]"
