start_date,end_date,lucro_otimo,unidades,hr_cost,J,X,PR,clientes_reais,clientes_previstos
2013-07-01,2013-07-07,4802.0,16708,10730.0,"[9, 0, 3, 20, 20, 10, 20]","[5, 13, 12, 4, 4, 20, 6]","[0.0, 0.0, 0.0, 0.0, 0.0, 0.3, 0.0]","[105, 120, 129, 153, 168, 202, 146]","[87.6766586303711, 90.27943420410156, 101.28187561035156, 149.755126953125, 145.4429931640625, 201.59666442871094, 165.23147583007812]"
2013-07-02,2013-07-08,5186.0,16617,10140.0,"[13, 18, 9, 20, 15, 13, 17]","[0, 0, 11, 3, 16, 12, 0]","[0.0, 0.3, 0.08914617076862669, 0.0, 0.0, 0.0, 0.2982971325110559]","[120, 129, 153, 168, 202, 146, 105]","[81.10140228271484, 108.32205963134766, 133.90631103515625, 142.7476043701172, 206.24534606933594, 163.70196533203125, 105.6200180053711]"
2013-07-03,2013-07-09,5654.0,17050,10780.0,"[19, 20, 20, 15, 15, 17, 11]","[0, 2, 5, 17, 10, 0, 8]","[0.0, 0.00022425609735469135, 0.0, 0.0, 0.2985615337304155, 0.004723182595740696, 0.0]","[129, 153, 168, 202, 146, 105, 107]","[111.02803039550781, 131.75897216796875, 153.4730987548828, 208.08677673339844, 163.14764404296875, 105.47509765625, 121.76490020751953]"
2013-07-04,2013-07-10,5328.0,16862,11165.0,"[0, 20, 13, 0, 18, 5, 20]","[20, 5, 19, 20, 0, 13, 0]","[0.0, 0.0, 0.0, 0.0, 0.2975774096043344, 0.0, 0.0]","[153, 168, 202, 146, 105, 107, 112]","[139.2329559326172, 157.80926513671875, 209.16226196289062, 149.727294921875, 106.82044219970703, 121.1393814086914, 118.89590454101562]"
2013-07-05,2013-07-11,5166.0,15674,10730.0,"[0, 20, 19, 18, 20, 20, 20]","[20, 13, 6, 0, 0, 0, 2]","[0.02480265116879958, 0.0, 0.0019663436956101846, 0.0, 0.0, 0.0, 0.0]","[168, 202, 146, 105, 107, 112, 110]","[158.2037811279297, 208.89149475097656, 154.4700469970703, 108.85167694091797, 118.62051391601562, 119.17022705078125, 135.520263671875]"
2013-07-06,2013-07-12,4584.0,16497,10710.0,"[20, 20, 11, 10, 19, 20, 19]","[12, 6, 6, 10, 1, 0, 4]","[0.3, 0.0, 0.0, 0.0, 0.0, 0.0, 0.003753590323725401]","[202, 146, 105, 107, 112, 110, 129]","[207.19189453125, 164.60287475585938, 107.09272766113281, 127.81015014648438, 121.5999526977539, 137.02040100097656, 142.24929809570312]"
2013-07-07,2013-07-13,4170.0,15226,9910.0,"[17, 11, 20, 10, 8, 20, 20]","[10, 6, 0, 9, 12, 0, 2]","[0.0, 0.0, 0.0, 0.24917437016826513, 0.0, 0.29491647020659567, 0.0]","[146, 105, 107, 112, 110, 129, 172]","[169.33934020996094, 110.7723617553711, 121.61093139648438, 121.40088653564453, 133.98095703125, 142.009521484375, 190.97938537597656]"
2013-07-08,2013-07-14,4369.0,14756,10555.0,"[6, 14, 20, 20, 0, 20, 0]","[10, 4, 0, 1, 20, 9, 20]","[0.0, 0.0, 0.0, 0.0, 0.0, 0.0, 0.0]","[105, 107, 112, 110, 129, 172, 133]","[106.54876708984375, 111.75923156738281, 118.05255889892578, 131.1144256591797, 141.73683166503906, 182.22171020507812, 148.15101623535156]"
2013-07-09,2013-07-15,3614.0,15465,10580.0,"[20, 0, 0, 20, 8, 20, 16]","[0, 20, 20, 0, 20, 4, 0]","[0.3, 0.0, 0.0, 0.0, 0.0, 0.0, 0.3]","[107, 112, 110, 129, 172, 133, 112]","[118.78658294677734, 119.10701751708984, 134.06814575195312, 142.98403930664062, 189.27310180664062, 148.43582153320312, 100.26713562011719]"
2013-07-10,2013-07-16,4750.0,14998,9730.0,"[18, 20, 7, 20, 20, 16, 17]","[1, 0, 14, 10, 4, 0, 0]","[0.0, 0.0, 0.0, 0.0, 0.0, 0.3, 0.0]","[112, 110, 129, 172, 133, 112, 131]","[116.5692367553711, 131.18846130371094, 137.87362670898438, 188.8620147705078, 148.77976989746094, 97.70268249511719, 101.7200698852539]"
2013-07-11,2013-07-17,4498.0,14992,10100.0,"[0, 16, 19, 6, 16, 17, 19]","[19, 6, 11, 16, 0, 0, 0]","[0.2583858359501688, 0.0, 0.0, 0.002010669291414361, 0.0, 0.0, 0.0]","[110, 129, 172, 133, 112, 131, 116]","[131.4296112060547, 138.5845184326172, 191.00413513183594, 149.947265625, 96.96043395996094, 99.95636749267578, 108.3391342163086]"
2013-07-12,2013-07-18,4838.0,14957,9660.0,"[20, 8, 20, 6, 17, 16, 20]","[2, 20, 5, 9, 0, 0, 0]","[0.0, 0.0, 0.0, 0.08380624580858193, 0.2575375850111105, 0.0, 0.0]","[129, 172, 133, 112, 131, 116, 119]","[137.05328369140625, 189.8778076171875, 153.48109436035156, 98.55895233154297, 102.48622131347656, 96.36573791503906, 119.6740951538086]"
2013-07-13,2013-07-19,5208.0,15368,9620.0,"[20, 0, 17, 20, 18, 20, 20]","[9, 20, 0, 0, 0, 0, 0]","[0.0, 0.0, 0.3, 0.0, 0.0, 0.0, 0.0]","[172, 133, 112, 131, 116, 119, 123]","[186.49264526367188, 144.1022186279297, 100.74169921875, 101.29271697998047, 106.37138366699219, 126.07950592041016, 142.23866271972656]"
2013-07-14,2013-07-20,4462.0,14982,9950.0,"[11, 16, 5, 16, 0, 20, 19]","[11, 0, 10, 1, 18, 3, 9]","[0.0, 0.03748171642175825, 6.874289314062491e-05, 0.3, 0.0, 0.014310142856776788, 0.0]","[133, 112, 131, 116, 119, 123, 179]","[143.86781311035156, 97.93568420410156, 101.62313079833984, 104.15518188476562, 126.18711853027344, 140.37286376953125, 183.0013885498047]"
2013-07-15,2013-07-21,4611.0,14729,9555.0,"[0, 12, 0, 20, 13, 20, 20]","[14, 4, 14, 0, 8, 9, 0]","[0.00027514958232490393, 0.3, 0.0007899804888740941, 0.0, 0.0, 0.0, 0.0]","[112, 131, 116, 119, 123, 179, 140]","[97.40825653076172, 99.13776397705078, 101.51148223876953, 124.6290512084961, 135.3714599609375, 181.78968811035156, 132.93780517578125]"
2013-07-16,2013-07-22,4986.0,15556,10035.0,"[0, 17, 0, 20, 20, 5, 20]","[15, 0, 19, 0, 9, 15, 0]","[0.0, 0.0, 0.253942753599997, 0.0, 0.0, 0.0, 0.08438218889142828]","[131, 116, 119, 123, 179, 140, 121]","[104.61763763427734, 104.47767639160156, 132.06407165527344, 140.17678833007812, 182.62109375, 137.2315216064453, 118.4546890258789]"
2013-07-17,2013-07-23,5145.0,16462,10365.0,"[19, 20, 20, 18, 20, 20, 11]","[0, 2, 3, 11, 3, 1, 8]","[0.0, 0.0, 0.0, 0.07827751651003896, 0.07962488150654073, 0.3, 0.0]","[116, 119, 123, 179, 140, 121, 118]","[115.4532241821289, 135.86871337890625, 144.7790069580078, 184.55201721191406, 138.98013305664062, 125.70582580566406, 120.34825134277344]"
2013-07-18,2013-07-24,5282.0,15453,10380.0,"[20, 20, 20, 20, 2, 20, 0]","[0, 0, 9, 2, 16, 0, 20]","[0.0, 0.0, 0.0, 0.0, 0.0, 0.0026589680653665987, 0.0]","[119, 123, 179, 140, 121, 118, 118]","[134.81341552734375, 142.84764099121094, 181.24508666992188, 137.6493682861328, 125.69104766845703, 124.56642150878906, 132.33628845214844]"
2013-07-19,2013-07-25,4767.0,15590,10245.0,"[17, 7, 20, 7, 19, 10, 13]","[5, 19, 3, 12, 1, 7, 6]","[0.0, 0.0, 0.0, 0.022824690216367374, 0.0, 0.3, 0.0]","[123, 179, 140, 121, 118, 118, 99]","[137.28665161132812, 179.2747344970703, 140.2685546875, 127.21322631835938, 121.63394165039062, 128.0732879638672, 123.76276397705078]"
2013-07-20,2013-07-26,4687.0,16347,10290.0,"[15, 11, 10, 8, 10, 12, 11]","[11, 11, 8, 10, 9, 7, 9]","[0.08883485101911445, 0.08185514807845906, 0.08835071551527728, 0.13838261498858098, 0.19972070902220257, 0.1541487759962232, 0.08049090601883822]","[179, 140, 121, 118, 118, 99, 125]","[175.7111053466797, 141.86767578125, 118.53036499023438, 118.09408569335938, 124.75880432128906, 120.89159393310547, 132.82725524902344]"
2013-07-21,2013-07-27,4654.0,15096,10630.0,"[10, 20, 20, 14, 0, 20, 6]","[11, 0, 0, 7, 18, 2, 20]","[0.0, 0.0, 0.0, 0.0, 0.0, 0.0, 0.0]","[140, 121, 118, 118, 99, 125, 171]","[137.05126953125, 125.80110931396484, 121.85867309570312, 130.98675537109375, 124.8802490234375, 135.9479522705078, 179.3357696533203]"
2013-07-22,2013-07-28,4027.0,14433,10555.0,"[5, 17, 19, 6, 16, 20, 11]","[13, 2, 2, 13, 5, 8, 11]","[0.0, 0.0, 0.0, 0.0, 0.0, 0.01947407682888562, 0.0]","[121, 118, 118, 99, 125, 171, 99]","[123.81085968017578, 117.59054565429688, 129.52857971191406, 124.67823791503906, 134.0928192138672, 180.5422821044922, 141.70968627929688]"
2013-07-23,2013-07-29,3796.0,14513,10010.0,"[19, 19, 17, 20, 15, 6, 11]","[1, 2, 3, 0, 13, 16, 4]","[0.0, 0.3, 0.0, 0.0, 0.0, 0.0, 0.00018143476024345886]","[118, 118, 99, 125, 171, 99, 98]","[119.0881118774414, 126.23503112792969, 122.51025390625, 130.5541229248047, 180.385498046875, 146.4752655029297, 94.73844909667969]"
2013-07-24,2013-07-30,3598.0,14100,9850.0,"[13, 8, 9, 20, 20, 15, 20]","[7, 11, 11, 8, 3, 0, 0]","[0.08266239998771223, 0.0, 0.0, 0.0, 0.0024076615679507543, 0.3, 0.0]","[118, 99, 125, 171, 99, 98, 94]","[127.89451599121094, 124.93743133544922, 132.40234375, 178.62294006347656, 145.7103271484375, 92.33827209472656, 106.68082427978516]"
2013-07-25,2013-07-31,3574.0,14163,9910.0,"[10, 0, 8, 9, 0, 17, 18]","[8, 19, 19, 13, 14, 0, 0]","[0.0, 0.08189542134763769, 0.0, 0.0, 0.0, 0.0, 0.2976531731499839]","[99, 125, 171, 99, 98, 94, 108]","[119.03343963623047, 131.72567749023438, 179.5038604736328, 143.81488037109375, 96.2437744140625, 105.4122543334961, 109.02559661865234]"
2013-07-26,2013-08-01,3912.0,13804,9260.0,"[5, 19, 16, 0, 13, 17, 6]","[13, 9, 7, 13, 2, 0, 10]","[0.0, 0.0003635874272710117, 0.0, 0.004712551589282051, 0.0, 0.3, 0.0]","[125, 171, 99, 98, 94, 108, 127]","[123.67615509033203, 179.05223083496094, 145.3809051513672, 93.46988677978516, 94.96546173095703, 101.2856674194336, 108.57945251464844]"
2013-07-27,2013-08-02,3828.0,14331,9890.0,"[16, 11, 11, 7, 6, 4, 15]","[12, 11, 4, 8, 10, 13, 7]","[0.0778035453765204, 0.02837699130217956, 0.030298949858491214, 0.08529055393250018, 0.13816523404886774, 0.0732152561415011, 0.07460853739644158]","[171, 99, 98, 94, 108, 127, 122]","[181.92547607421875, 143.4569854736328, 97.2002182006836, 98.67781066894531, 106.23174285888672, 114.34909057617188, 141.35411071777344]"
2013-07-28,2013-08-03,3654.0,13311,9740.0,"[12, 0, 17, 11, 18, 8, 6]","[9, 13, 0, 6, 0, 12, 20]","[0.0, 0.0, 0.0, 0.0, 0.0, 0.0, 0.0]","[99, 98, 94, 108, 127, 122, 161]","[136.81082153320312, 90.84590911865234, 100.92057800292969, 107.58251953125, 110.68070220947266, 136.9547882080078, 179.18792724609375]"
2013-07-29,2013-08-04,3925.0,14425,9120.0,"[12, 16, 0, 7, 13, 20, 9]","[3, 0, 15, 10, 8, 8, 6]","[0.0, 0.3, 0.0, 0.0, 0.0, 0.25366008143395435, 0.0]","[98, 94, 108, 127, 122, 161, 144]","[93.10527801513672, 95.41312408447266, 104.05122375488281, 113.39445495605469, 135.65740966796875, 180.5566864013672, 101.64056396484375]"
2013-07-30,2013-08-05,4138.0,14154,9340.0,"[12, 7, 0, 0, 20, 19, 12]","[4, 9, 16, 20, 9, 0, 2]","[0.0, 0.0, 0.0, 0.0, 0.0, 0.2964420703991195, 0.09007945944647681]","[94, 108, 127, 122, 161, 144, 96]","[98.85453033447266, 104.6941146850586, 111.47602081298828, 140.4433135986328, 184.4109344482422, 106.4683837890625, 87.57689666748047]"
2013-07-31,2013-08-06,3948.0,13693,8450.0,"[0, 18, 14, 20, 0, 14, 13]","[14, 0, 7, 8, 14, 0, 0]","[0.0, 0.3, 0.0, 0.0, 0.0, 0.3, 0.0]","[108, 127, 122, 161, 144, 96, 89]","[100.75468444824219, 108.71759033203125, 135.37783813476562, 179.1753692626953, 101.36679077148438, 82.538330078125, 76.39643859863281]"
2013-08-01,2013-08-07,3827.0,13671,8555.0,"[5, 16, 13, 18, 4, 11, 8]","[11, 5, 15, 0, 9, 2, 5]","[0.0, 0.0, 0.0, 0.3, 0.0, 0.0, 0.3]","[127, 122, 161, 144, 96, 89, 96]","[111.4317398071289, 134.14186096191406, 181.29998779296875, 107.99089050292969, 87.53236389160156, 82.46218872070312, 88.7459487915039]"
2013-08-02,2013-08-08,4206.0,13561,8840.0,"[20, 20, 20, 14, 3, 15, 19]","[4, 9, 0, 0, 10, 0, 0]","[0.0, 0.0, 0.008121974674720017, 0.3, 0.0, 0.011855971907857374, 0.0]","[122, 161, 144, 96, 89, 96, 108]","[145.8426513671875, 186.5192413330078, 116.6794662475586, 84.88982391357422, 87.56561279296875, 92.08307647705078, 114.39163208007812]"
2013-08-03,2013-08-09,4518.0,13511,8300.0,"[20, 16, 0, 14, 16, 18, 20]","[7, 2, 12, 0, 0, 0, 0]","[0.0, 0.0, 0.0037041963478140405, 0.0, 0.0, 0.3, 0.0]","[161, 144, 96, 89, 96, 108, 124]","[172.6342315673828, 108.30007934570312, 87.76219177246094, 84.63887786865234, 94.62022399902344, 110.96853637695312, 128.8795928955078]"
2013-08-04,2013-08-10,3759.0,13656,8505.0,"[19, 0, 13, 0, 0, 20, 20]","[0, 10, 0, 13, 16, 0, 7]","[0.3, 0.021911425412869417, 0.0, 0.3, 0.0, 0.0, 0.0]","[144, 96, 89, 96, 108, 124, 162]","[111.69487762451172, 74.20292663574219, 79.98566436767578, 90.58100128173828, 112.88087463378906, 131.10662841796875, 169.26966857910156]"
2013-08-05,2013-08-11,3828.0,13744,9120.0,"[3, 7, 11, 17, 13, 14, 13]","[9, 6, 3, 1, 7, 13, 9]","[0.0, 0.0, 0.0, 0.0006498876726714661, 0.3, 0.0, 0.0]","[96, 89, 96, 108, 124, 162, 126]","[83.6392822265625, 87.24172973632812, 88.84751892089844, 110.15027618408203, 128.19337463378906, 176.2783966064453, 139.8670196533203]"
2013-08-06,2013-08-12,4212.0,13417,9200.0,"[0, 0, 0, 19, 6, 20, 18]","[13, 13, 15, 2, 20, 0, 0]","[0.07972688325587733, 0.0, 0.0, 0.0, 0.0, 0.0, 0.0]","[89, 96, 108, 124, 162, 126, 93]","[88.54248809814453, 94.44580078125, 108.3413314819336, 131.32769775390625, 174.84683227539062, 138.35069274902344, 106.80843353271484]"
2013-08-07,2013-08-13,4120.0,14651,9110.0,"[9, 7, 20, 20, 13, 16, 13]","[5, 9, 1, 8, 9, 1, 3]","[0.0, 0.00944683892573921, 0.3, 0.0, 0.0, 0.3, 0.0]","[96, 108, 124, 162, 126, 93, 108]","[87.68341064453125, 108.17156982421875, 130.89877319335938, 173.26226806640625, 139.48387145996094, 101.34127044677734, 96.2166748046875]"
2013-08-08,2013-08-14,3932.0,14199,9240.0,"[11, 20, 20, 0, 0, 14, 0]","[6, 0, 7, 18, 15, 0, 16]","[0.21755179395944305, 0.0, 0.0, 0.0, 0.08161037025291103, 0.3, 0.0]","[108, 124, 162, 126, 93, 108, 93]","[110.92664337158203, 130.39385986328125, 171.51390075683594, 128.24386596679688, 103.91387176513672, 93.16155242919922, 115.11158752441406]"
2013-08-09,2013-08-15,3730.0,13989,9625.0,"[20, 20, 9, 19, 7, 20, 9]","[1, 7, 12, 0, 8, 0, 9]","[0.0, 0.07384051878634672, 0.0, 0.298872743010959, 0.0, 0.0, 0.0]","[124, 162, 126, 93, 108, 93, 90]","[130.1591339111328, 172.1361846923828, 136.20266723632812, 104.09039306640625, 96.3125, 114.31654357910156, 118.01615142822266]"
2013-08-10,2013-08-16,3349.0,13141,9865.0,"[10, 15, 7, 15, 20, 20, 0]","[16, 7, 9, 1, 0, 0, 19]","[0.0, 0.0062562707182686065, 0.022219675623828095, 0.0, 0.0, 0.0, 0.0]","[162, 126, 93, 108, 93, 90, 112]","[173.68333435058594, 138.14236450195312, 103.88338470458984, 95.71709442138672, 113.99547576904297, 119.05154418945312, 127.09414672851562]"
2013-08-11,2013-08-17,3472.0,13830,9580.0,"[5, 12, 5, 2, 16, 8, 16]","[15, 4, 9, 14, 3, 10, 10]","[0.2978216662612078, 0.0, 0.09105483367255082, 0.0, 0.0, 0.0, 0.0]","[126, 93, 108, 93, 90, 112, 164]","[137.5929412841797, 98.85213470458984, 93.87764739990234, 111.06185913085938, 116.12029266357422, 123.02328491210938, 168.78836059570312]"
2013-08-12,2013-08-18,3645.0,12835,9245.0,"[4, 16, 18, 0, 13, 13, 20]","[10, 0, 0, 16, 7, 13, 0]","[0.0, 0.0, 0.0, 0.0, 0.0, 0.0, 0.0]","[93, 108, 93, 90, 112, 164, 107]","[97.34809875488281, 93.97696685791016, 110.50785827636719, 115.97241973876953, 126.85319519042969, 171.89527893066406, 124.71394348144531]"
2013-08-13,2013-08-19,3638.0,13205,8980.0,"[0, 16, 20, 17, 20, 20, 16]","[13, 2, 0, 4, 7, 0, 0]","[0.3, 0.0, 0.0, 0.0, 0.0, 0.0022072012185589776, 0.0]","[108, 93, 90, 112, 164, 107, 93]","[91.52764892578125, 111.91695404052734, 115.33267974853516, 128.36419677734375, 172.67526245117188, 124.81727600097656, 96.2931137084961]"
2013-08-14,2013-08-20,2475.0,12580,10145.0,"[0, 1, 18, 20, 0, 11, 0]","[16, 16, 3, 8, 20, 5, 16]","[0.0, 0.0, 0.0, 0.0, 0.0, 0.02695797186563967, 0.0]","[93, 90, 112, 164, 107, 93, 81]","[112.52306365966797, 117.36991119384766, 130.07040405273438, 173.72982788085938, 131.82601928710938, 100.07060241699219, 110.51374816894531]"
2013-08-15,2013-08-21,3599.0,12631,9075.0,"[6, 20, 6, 19, 12, 16, 16]","[11, 0, 20, 2, 4, 1, 0]","[0.00011340431796797666, 0.0, 0.0, 0.0, 0.0, 0.0, 0.0]","[90, 112, 164, 107, 93, 81, 100]","[114.50276184082031, 124.22016906738281, 173.73397827148438, 126.3880386352539, 93.6639175415039, 107.67023468017578, 95.9007797241211]"
2013-08-16,2013-08-22,3809.0,13520,8640.0,"[0, 20, 0, 15, 17, 16, 16]","[17, 7, 17, 0, 0, 0, 0]","[0.0, 0.0, 0.0, 0.3, 0.29650969749456124, 0.0, 0.0]","[112, 164, 107, 93, 81, 100, 95]","[121.42224884033203, 169.36073303222656, 120.55628967285156, 93.33817291259766, 101.16731262207031, 94.0307388305664, 97.57843780517578]"
2013-08-17,2013-08-23,3672.0,13059,8430.0,"[12, 4, 15, 9, 4, 11, 14]","[13, 13, 0, 6, 9, 4, 4]","[0.0, 0.0, 0.007853051683672875, 0.3, 0.0015537677176945667, 0.02445798219710337, 0.2245550310639164]","[164, 107, 93, 81, 100, 95, 104]","[163.58242797851562, 117.14619445800781, 90.16766357421875, 96.25639343261719, 91.43302154541016, 95.75128936767578, 112.96727752685547]"
2013-08-18,2013-08-24,3486.0,12450,8900.0,"[9, 0, 16, 8, 3, 10, 20]","[9, 13, 0, 6, 11, 8, 8]","[0.0, 0.07748952678758847, 0.0, 0.0, 0.0, 0.0, 0.0]","[107, 93, 81, 100, 95, 104, 159]","[118.6197509765625, 90.72283172607422, 96.83496856689453, 92.89083862304688, 98.58429718017578, 115.40713500976562, 177.9595184326172]"
2013-08-19,2013-08-25,3508.0,12767,9310.0,"[15, 0, 16, 20, 11, 6, 20]","[0, 14, 0, 0, 7, 20, 2]","[0.0, 0.0, 0.0, 0.0, 0.0, 0.0, 0.0]","[93, 81, 100, 95, 104, 159, 126]","[89.85258483886719, 95.5655746459961, 94.35363006591797, 96.79589080810547, 115.83226776123047, 174.1733856201172, 133.71481323242188]"
2013-08-20,2013-08-26,3543.0,13570,9070.0,"[10, 9, 10, 12, 12, 9, 10]","[5, 6, 6, 6, 15, 11, 5]","[0.11622284377017639, 0.08268974808800958, 0.08606562345014271, 0.08174123424804153, 0.08481107697536236, 0.07463401977660925, 0.18026972898750832]","[81, 100, 95, 104, 159, 126, 88]","[96.66585540771484, 93.77391052246094, 101.76868438720703, 113.45968627929688, 178.4469451904297, 135.90435791015625, 95.37162017822266]"
2013-08-21,2013-08-27,3951.0,13393,8195.0,"[15, 16, 18, 20, 20, 0, 14]","[0, 0, 0, 8, 0, 13, 0]","[0.0, 0.3, 0.0, 0.0, 0.0, 0.3, 0.0005103842662755951]","[100, 95, 104, 159, 126, 88, 78]","[92.30115509033203, 95.97763061523438, 110.71903991699219, 175.58921813964844, 133.82644653320312, 91.31755828857422, 82.60302734375]"
2013-08-22,2013-08-28,3556.0,13297,8570.0,"[9, 19, 13, 10, 15, 7, 11]","[6, 0, 14, 10, 0, 5, 5]","[0.1537544784157561, 0.0, 0.0, 0.0, 0.2956317875785645, 0.26068899989887434, 0.0]","[95, 104, 159, 126, 88, 78, 78]","[98.84490203857422, 112.60308837890625, 175.23289489746094, 129.48794555664062, 92.78250122070312, 85.52776336669922, 100.1202392578125]"
2013-08-23,2013-08-29,3390.0,12336,8410.0,"[19, 0, 20, 20, 0, 17, 16]","[0, 20, 1, 0, 11, 0, 0]","[0.0, 0.0, 0.0, 0.0, 0.3, 0.0, 0.0]","[104, 159, 126, 88, 78, 78, 90]","[110.12144470214844, 175.81065368652344, 130.31419372558594, 93.4395751953125, 81.45515441894531, 100.01152038574219, 96.59840393066406]"
2013-08-24,2013-08-30,3779.0,12660,8465.0,"[20, 20, 4, 14, 14, 16, 0]","[7, 1, 10, 0, 2, 0, 15]","[0.0, 0.0, 0.2567647384484098, 0.0, 0.0, 0.0, 0.0]","[159, 126, 88, 78, 78, 90, 111]","[169.55686950683594, 129.30772399902344, 92.96484375, 83.8962631225586, 102.21695709228516, 96.13603210449219, 107.67729187011719]"
2013-08-25,2013-08-31,3408.0,12504,8480.0,"[17, 12, 13, 17, 19, 18, 0]","[4, 3, 1, 0, 0, 0, 20]","[0.0, 0.0008833339496611146, 0.08287894305169101, 0.3, 0.02100903007279334, 0.0, 0.0]","[126, 88, 78, 78, 90, 111, 177]","[129.9040985107422, 92.15017700195312, 82.72463989257812, 101.77894592285156, 97.29890441894531, 107.19618225097656, 166.6920623779297]"
2013-08-26,2013-09-01,3522.0,12811,7840.0,"[15, 12, 16, 16, 19, 20, 12]","[0, 2, 0, 0, 0, 0, 8]","[0.0, 0.3, 0.0, 0.0, 0.0, 0.0, 0.3]","[88, 78, 78, 90, 111, 177, 141]","[91.50481414794922, 83.80575561523438, 99.16606140136719, 96.92040252685547, 108.11015319824219, 165.21420288085938, 131.96142578125]"
2013-08-27,2013-09-02,4343.0,13132,8295.0,"[14, 0, 16, 18, 20, 20, 16]","[0, 13, 0, 0, 7, 1, 0]","[0.0, 0.0, 0.29291021626111924, 0.0, 0.0, 0.0, 0.0]","[78, 78, 90, 111, 177, 141, 158]","[82.85505676269531, 95.2342529296875, 97.57035827636719, 105.59564208984375, 168.1327667236328, 129.80831909179688, 94.49046325683594]"
2013-08-28,2013-09-03,3855.0,12580,8765.0,"[1, 15, 19, 9, 20, 8, 0]","[13, 0, 0, 16, 3, 6, 13]","[0.0, 0.0, 0.0012791923920361498, 0.00047442389645816266, 0.0, 0.0, 0.0]","[78, 90, 111, 177, 141, 158, 64]","[97.58248138427734, 90.63652801513672, 101.32752227783203, 163.53433227539062, 142.53549194335938, 91.78276824951172, 91.8884048461914]"
2013-08-29,2013-09-04,2850.0,12483,7840.0,"[7, 6, 16, 8, 9, 9, 5]","[6, 9, 9, 10, 3, 5, 7]","[0.16772941206962846, 0.08910342057700193, 0.14802260618931184, 0.19879887289835385, 0.13817720400961553, 0.13815695002804676, 0.14817430873454893]","[90, 111, 177, 141, 158, 64, 57]","[85.04717254638672, 97.40420532226562, 161.6143035888672, 124.8962631225586, 79.22010040283203, 88.12612915039062, 80.47966003417969]"
2013-08-30,2013-09-05,3122.0,11763,7690.0,"[17, 20, 19, 15, 16, 9, 14]","[0, 6, 0, 0, 0, 4, 0]","[0.0, 0.0, 0.22252141510650764, 0.0, 0.3, 0.0, 0.0]","[111, 177, 141, 158, 64, 57, 64]","[103.0208969116211, 161.98568725585938, 126.00193786621094, 92.6174545288086, 95.65233612060547, 83.9305648803711, 85.77169799804688]"
2013-08-31,2013-09-06,2527.0,11640,8370.0,"[20, 6, 9, 5, 13, 0, 19]","[6, 14, 5, 9, 0, 12, 0]","[0.006880334508067167, 0.0, 0.0, 0.0, 0.26128734592051056, 0.0, 0.25082368523800447]","[177, 141, 158, 64, 57, 64, 82]","[165.3216552734375, 132.38284301757812, 91.65164184570312, 94.39674377441406, 80.48916625976562, 83.9532699584961, 99.01922607421875]"
2013-09-01,2013-09-07,2066.0,11162,8170.0,"[9, 9, 16, 14, 14, 16, 20]","[11, 6, 0, 0, 0, 0, 6]","[0.0, 0.0, 0.3, 0.3, 0.0, 0.0, 0.002380264810148582]","[141, 158, 64, 57, 64, 82, 127]","[128.7083740234375, 93.88743591308594, 95.7782211303711, 84.83981323242188, 81.92745208740234, 99.90210723876953, 162.5777587890625]"
2013-09-02,2013-09-08,1532.0,9928,8280.0,"[16, 1, 14, 8, 20, 0, 20]","[0, 13, 0, 5, 0, 20, 0]","[0.0, 0.0, 0.0, 0.0, 0.0, 0.0, 0.0]","[158, 64, 57, 64, 82, 127, 94]","[94.03228759765625, 96.01593780517578, 86.30472564697266, 81.5779800415039, 97.50130462646484, 155.00973510742188, 119.68891143798828]"
2013-09-03,2013-09-09,193.0,9580,9115.0,"[20, 0, 15, 4, 4, 0, 3]","[1, 15, 0, 11, 20, 17, 10]","[0.08404259505583515, 0.0, 0.08612830009776593, 0.0, 0.0, 0.01546012702823318, 0.0]","[64, 57, 64, 82, 127, 94, 68]","[130.25537109375, 103.62010192871094, 87.91815948486328, 102.97582244873047, 161.98326110839844, 119.92045593261719, 86.95703125]"
2013-09-04,2013-09-10,1378.0,9525,7740.0,"[0, 11, 17, 12, 19, 15, 13]","[11, 4, 0, 13, 0, 0, 0]","[0.0, 0.22236625208711058, 0.0, 0.0, 0.0, 0.0013583309525924331, 0.0]","[57, 64, 82, 127, 94, 68, 57]","[78.63460540771484, 93.43692779541016, 105.13775634765625, 163.77760314941406, 125.92289733886719, 88.79146575927734, 76.82816314697266]"
2013-09-05,2013-09-11,2732.0,13069,9990.0,"[13, 9, 2, 6, 15, 0, 20]","[0, 6, 20, 12, 0, 10, 20]","[0.0, 0.0, 0.0, 0.0, 0.0, 0.3, 0.0]","[64, 82, 127, 94, 68, 57, 261]","[78.2614974975586, 94.31201171875, 154.5339813232422, 117.80982208251953, 89.3473892211914, 74.07075500488281, 362.40313720703125]"
2013-09-06,2013-09-12,4321.0,17091,11780.0,"[14, 20, 20, 7, 12, 20, 20]","[0, 4, 0, 6, 0, 20, 20]","[0.0, 0.2979666325058334, 0.0, 0.3, 0.02009447130608501, 0.0, 0.0]","[82, 127, 94, 68, 57, 261, 286]","[87.32099151611328, 150.67567443847656, 116.48759460449219, 84.9677505493164, 70.45137023925781, 366.5201110839844, 412.8708801269531]"
2013-09-07,2013-09-13,5874.0,19295,13500.0,"[20, 19, 0, 0, 20, 20, 20]","[0, 0, 12, 10, 20, 20, 20]","[0.0, 0.0, 0.25764250722854987, 0.0, 0.0, 0.0, 0.0]","[127, 94, 68, 57, 261, 286, 380]","[156.96868896484375, 114.28146362304688, 83.05673217773438, 71.7142105102539, 375.3506774902344, 412.6734924316406, 545.2556762695312]"
2013-09-08,2013-09-14,4794.0,19176,14810.0,"[19, 20, 14, 20, 20, 20, 20]","[0, 0, 0, 20, 20, 20, 14]","[0.0, 0.0, 0.0006286969174657125, 0.0, 0.0, 0.0, 0.0]","[94, 68, 57, 261, 286, 380, 129]","[110.54474639892578, 85.61347961425781, 83.76480102539062, 394.6753845214844, 421.2566223144531, 530.2559814453125, 221.40365600585938]"
2013-09-09,2013-09-15,5926.0,19665,13780.0,"[12, 12, 20, 20, 20, 20, 20]","[0, 0, 20, 20, 20, 12, 0]","[0.0, 0.3, 0.0, 0.0, 0.0, 0.0, 0.0]","[68, 57, 261, 286, 380, 129, 106]","[71.69041442871094, 71.24321746826172, 362.5921936035156, 408.5378112792969, 544.8703002929688, 207.27252197265625, 118.55878448486328]"
2013-09-10,2013-09-16,7096.0,19159,12490.0,"[12, 20, 20, 20, 20, 0, 12]","[0, 20, 20, 20, 0, 14, 0]","[0.0, 0.0, 0.0, 0.0, 0.0, 0.0, 0.0]","[57, 261, 286, 380, 129, 106, 84]","[74.59326934814453, 372.5047912597656, 413.44781494140625, 570.4364624023438, 211.37718200683594, 101.80188751220703, 73.42801666259766]"
2013-09-11,2013-09-17,6260.0,19635,13830.0,"[20, 20, 20, 5, 0, 0, 14]","[20, 20, 20, 20, 20, 10, 0]","[0.0, 0.0, 0.0, 0.0, 0.01973426475998326, 0.0, 0.0]","[261, 286, 380, 129, 106, 84, 70]","[321.5968933105469, 376.3668518066406, 555.4574584960938, 170.1096954345703, 102.80946350097656, 71.91513061523438, 85.87535095214844]"
2013-09-12,2013-09-18,4799.0,17716,11160.0,"[20, 20, 16, 17, 12, 0, 12]","[20, 20, 11, 0, 0, 12, 0]","[0.0016973041964387162, 0.3, 0.0, 0.0, 0.0, 0.0, 0.1754709495070958]","[286, 380, 129, 106, 84, 70, 65]","[348.0773620605469, 534.2158203125, 173.23260498046875, 102.465576171875, 71.3866958618164, 83.69918060302734, 75.64237213134766]"
2013-09-13,2013-09-19,3596.0,13209,9690.0,"[20, 7, 0, 13, 0, 0, 0]","[20, 18, 15, 0, 12, 11, 11]","[0.0, 0.0, 0.006282143550615113, 0.0, 0.0, 0.0, 0.0]","[380, 129, 106, 84, 70, 65, 70]","[532.4620361328125, 169.34791564941406, 106.4148941040039, 75.60205841064453, 84.81439971923828, 80.36790466308594, 81.8718490600586]"
2013-09-14,2013-09-20,2722.0,10594,7270.0,"[20, 19, 5, 14, 2, 8, 15]","[6, 0, 6, 0, 9, 4, 0]","[0.0, 0.0, 0.3, 0.0, 0.0, 0.0, 0.0]","[129, 106, 84, 70, 65, 70, 110]","[163.4320068359375, 104.41069030761719, 73.19430541992188, 83.55400085449219, 75.2003173828125, 79.13585662841797, 90.24977111816406]"
2013-09-15,2013-09-21,2531.0,10658,6965.0,"[5, 0, 9, 0, 13, 5, 14]","[9, 8, 3, 10, 0, 8, 9]","[0.0, 0.0, 0.0, 0.007371361015845361, 0.25341127889745846, 0.0025710937588616914, 0.2614243472405788]","[106, 84, 70, 65, 70, 110, 138]","[91.26424407958984, 57.769561767578125, 75.17759704589844, 72.15372467041016, 78.4770278930664, 88.18126678466797, 148.6806182861328]"
2013-09-16,2013-09-22,2795.0,10774,7340.0,"[0, 0, 12, 13, 0, 20, 18]","[10, 12, 0, 0, 13, 4, 0]","[0.0, 0.0, 0.0, 0.0, 0.2976254559649182, 0.0, 0.0]","[84, 70, 65, 70, 110, 138, 103]","[67.78359985351562, 88.34202575683594, 70.9147720336914, 77.88292694091797, 90.616455078125, 152.21507263183594, 107.89473724365234]"
2013-09-17,2013-09-23,2679.0,11621,7090.0,"[13, 12, 13, 0, 12, 18, 13]","[0, 0, 0, 13, 11, 0, 0]","[0.0, 0.3, 0.0, 0.07879522743211859, 0.2953728067781286, 0.0, 0.2947858025344046]","[70, 65, 70, 110, 138, 103, 63]","[78.85841369628906, 74.13105773925781, 75.58541107177734, 88.61237335205078, 149.71250915527344, 108.69583129882812, 81.00537109375]"
2013-09-18,2013-09-24,2673.0,10478,7145.0,"[0, 8, 10, 8, 12, 0, 10]","[11, 5, 4, 14, 5, 10, 1]","[0.0, 0.0, 0.0, 0.21819727124199506, 0.0, 0.0, 0.0]","[65, 70, 110, 138, 103, 63, 65]","[79.24920654296875, 80.90119171142578, 90.1415023803711, 149.08372497558594, 106.79009246826172, 75.50264739990234, 70.520751953125]"
2013-09-19,2013-09-25,2699.0,10730,7075.0,"[4, 8, 13, 11, 7, 9, 8]","[7, 5, 10, 6, 5, 3, 4]","[0.0904072339583758, 0.09058301341009872, 0.08071823632875252, 0.08677754058738621, 0.15144188221381144, 0.1745490208661302, 0.08633059215534367]","[70, 110, 138, 103, 63, 65, 67]","[74.89669036865234, 83.67022705078125, 153.15350341796875, 109.1049575805664, 78.98649597167969, 74.54361724853516, 77.6898422241211]"
2013-09-20,2013-09-26,2527.0,10840,7290.0,"[13, 3, 13, 13, 0, 14, 13]","[1, 20, 5, 0, 10, 0, 0]","[0.08741482553654871, 0.0, 0.0, 0.29776546346725336, 0.3, 0.0, 0.0]","[110, 138, 103, 63, 65, 67, 74]","[84.94207763671875, 158.12786865234375, 110.95092010498047, 80.4809341430664, 72.29460906982422, 82.60452270507812, 78.82892608642578]"
2013-09-21,2013-09-27,2735.0,10415,7390.0,"[10, 20, 14, 5, 10, 15, 16]","[11, 0, 0, 6, 4, 0, 0]","[0.0, 0.0, 0.0, 0.16415871945627936, 0.011420091588531285, 0.0, 0.0]","[138, 103, 63, 65, 67, 74, 98]","[140.23068237304688, 116.7010498046875, 88.38978576660156, 72.58515167236328, 88.63823699951172, 90.05767059326172, 95.49365997314453]"
2013-09-22,2013-09-28,2385.0,9887,5860.0,"[18, 13, 11, 0, 13, 4, 20]","[0, 0, 0, 11, 0, 0, 0]","[0.29800091683627294, 0.0002770953011089871, 0.0, 0.0, 0.0013628334803126186, 0.0, 0.3]","[103, 63, 65, 67, 74, 98, 151]","[108.34149932861328, 76.0634765625, 69.15878295898438, 80.17987060546875, 79.30864715576172, 26.034841537475586, 147.6721649169922]"
2013-09-23,2013-09-29,2554.0,9211,6430.0,"[12, 11, 13, 4, 5, 17, 19]","[0, 0, 0, 8, 0, 6, 0]","[0.0, 0.07258930852575042, 0.0, 0.0, 0.0, 0.0, 0.0]","[63, 65, 67, 74, 98, 151, 95]","[73.21903991699219, 68.25084686279297, 79.3067626953125, 77.65538024902344, 30.709177017211914, 144.87660217285156, 99.90254211425781]"
2013-09-24,2013-09-30,2203.0,11032,6420.0,"[6, 11, 6, 13, 0, 0, 11]","[3, 0, 5, 0, 19, 14, 0]","[0.0, 0.0, 0.2959661314598061, 0.3, 0.3, 0.0, 0.3]","[65, 67, 74, 98, 151, 95, 51]","[54.52796936035156, 68.12097930908203, 71.6020278930664, 81.0794906616211, 135.5997772216797, 97.86625671386719, 66.23149871826172]"
2013-09-25,2013-10-01,2321.0,10596,6420.0,"[11, 5, 14, 14, 16, 7, 13]","[0, 6, 0, 7, 0, 4, 0]","[0.3, 0.3, 0.3, 0.0, 0.0, 0.0, 0.18542283636234147]","[67, 74, 98, 151, 95, 51, 51]","[67.91646575927734, 70.70640563964844, 87.84036254882812, 133.65029907226562, 98.0490951538086, 71.15599060058594, 81.37669372558594]"
2013-09-26,2013-10-02,2018.0,6817,4500.0,"[12, 0, 20, 17, 0, 0, 12]","[0, 0, 0, 0, 9, 0, 0]","[0.0, 0.28627643247308976, 0.0, 0.009493352516856714, 0.0, 0.3, 0.0]","[74, 98, 151, 95, 51, 51, 63]","[72.12281799316406, 21.151765823364258, 145.95730590820312, 102.56800842285156, 66.50880432128906, 66.466064453125, 74.20164489746094]"
2013-09-27,2013-10-03,2525.0,9435,6765.0,"[0, 20, 16, 0, 12, 0, 0]","[12, 4, 0, 10, 0, 10, 9]","[0.0, 0.0, 0.0, 0.0, 0.0, 0.0, 0.0]","[98, 151, 95, 51, 51, 63, 79]","[87.83638000488281, 145.80918884277344, 94.25892639160156, 69.40672302246094, 72.20214080810547, 73.06622314453125, 67.99610900878906]"
2013-09-28,2013-10-04,2161.0,10637,7180.0,"[19, 0, 13, 13, 0, 13, 14]","[3, 16, 0, 0, 11, 0, 2]","[0.29730369459808026, 0.0, 0.0, 0.3, 0.0, 0.0, 0.0]","[151, 95, 51, 51, 63, 79, 107]","[139.98724365234375, 112.63275146484375, 78.1982192993164, 79.83349609375, 80.80347442626953, 79.84395599365234, 96.99657440185547]"
2013-09-29,2013-10-05,2037.0,10132,7670.0,"[1, 13, 3, 9, 5, 4, 20]","[15, 0, 9, 4, 7, 10, 4]","[0.0, 0.2969012254800467, 0.0, 0.0, 0.0, 0.0, 0.0]","[95, 51, 51, 63, 79, 107, 176]","[113.64221954345703, 78.03569793701172, 80.70121002197266, 81.61001586914062, 80.59537506103516, 97.70912170410156, 158.55564880371094]"
2013-09-30,2013-10-06,2497.0,10910,7365.0,"[7, 8, 6, 5, 8, 10, 9]","[3, 4, 5, 6, 7, 14, 7]","[0.13286243766107173, 0.08680385691117928, 0.08127390162510033, 0.08025540325763457, 0.18355486905871518, 0.08350134737249154, 0.13834499622853216]","[51, 51, 63, 79, 107, 176, 114]","[65.35456848144531, 75.31317138671875, 71.50049591064453, 69.36489868164062, 100.25789642333984, 161.1951446533203, 105.81024932861328]"
2013-10-01,2013-10-07,2900.0,10865,7430.0,"[11, 6, 13, 15, 4, 17, 0]","[1, 6, 0, 1, 19, 1, 11]","[0.0, 0.0, 0.0, 0.0, 0.002129131398632927, 0.013993173625665909, 0.3]","[51, 63, 79, 107, 176, 114, 65]","[78.70516204833984, 80.1384048461914, 79.4477767944336, 96.40567779541016, 157.95718383789062, 110.59095764160156, 78.91325378417969]"
2013-10-02,2013-10-08,3070.0,11388,7215.0,"[0, 8, 0, 20, 18, 0, 11]","[11, 4, 13, 5, 0, 11, 0]","[0.0, 0.017867402209312058, 0.3, 0.0, 0.0, 0.2959499065438835, 0.0]","[63, 79, 107, 176, 114, 65, 70]","[76.83589935302734, 77.32366943359375, 95.74969482421875, 157.2623748779297, 110.72074127197266, 78.6723861694336, 65.48189544677734]"
2013-10-03,2013-10-09,3768.0,11495,7250.0,"[13, 19, 20, 0, 6, 11, 12]","[0, 0, 5, 16, 6, 0, 0]","[0.010644415649402288, 0.0, 0.0, 0.0, 0.0, 0.0, 0.29430295369260884]","[79, 107, 176, 114, 65, 70, 74]","[76.51046752929688, 96.16754913330078, 156.8484344482422, 110.96871185302734, 78.7313461303711, 66.27705383300781, 73.50338745117188]"
2013-10-04,2013-10-10,3453.0,11561,7120.0,"[15, 20, 0, 13, 0, 12, 5]","[1, 5, 16, 0, 9, 0, 6]","[0.0, 0.0, 0.29833441313624887, 0.0, 0.2237306066374661, 0.018049910661754296, 0.0]","[107, 176, 114, 65, 70, 74, 90]","[95.2198486328125, 156.82766723632812, 109.7822265625, 77.70545196533203, 64.8099365234375, 72.64035034179688, 74.45718383789062]"
2013-10-05,2013-10-11,3206.0,10489,7200.0,"[20, 1, 0, 0, 9, 12, 0]","[0, 15, 11, 9, 3, 0, 16]","[0.0, 0.0, 0.0, 0.0, 0.0, 0.0, 0.0]","[176, 114, 65, 70, 74, 90, 118]","[157.2932586669922, 110.57331085205078, 77.92523193359375, 64.87932586669922, 73.19239807128906, 74.73782348632812, 111.4664306640625]"
2013-10-06,2013-10-12,4228.0,13300,8680.0,"[19, 13, 5, 12, 13, 18, 20]","[0, 0, 5, 0, 0, 0, 20]","[0.0, 0.07323094242831898, 0.08630501067029406, 0.0, 0.0, 0.18661657634722106, 0.0]","[114, 65, 70, 74, 90, 118, 660]","[111.42168426513672, 78.63512420654297, 65.89166259765625, 73.69705200195312, 75.33528137207031, 111.95340728759766, 505.5403137207031]"
2013-10-07,2013-10-13,4038.0,14263,9620.0,"[0, 7, 3, 8, 19, 20, 20]","[0, 0, 6, 3, 1, 20, 20]","[0.0, 0.3, 0.3, 0.0, 0.0, 0.0, 0.0]","[65, 70, 74, 90, 118, 660, 514]","[64.95210266113281, 45.265625, 62.6475830078125, 68.03299713134766, 122.76836395263672, 521.3283081054688, 485.0500183105469]"
2013-10-08,2013-10-14,5204.0,17080,11320.0,"[0, 0, 12, 20, 20, 20, 20]","[0, 0, 0, 0, 20, 20, 20]","[0.2618667568678259, 0.0, 0.0, 0.3, 0.0, 0.0, 0.0]","[70, 74, 90, 118, 660, 514, 300]","[44.524532318115234, 65.76760864257812, 70.89704132080078, 125.36095428466797, 518.912353515625, 480.0954284667969, 369.51531982421875]"
2013-10-09,2013-10-15,6358.0,20632,12470.0,"[12, 8, 19, 20, 20, 20, 13]","[0, 4, 0, 20, 20, 20, 0]","[0.295827292602789, 0.0, 0.0, 0.0, 0.0, 0.25272076643128355, 0.3]","[74, 90, 118, 660, 514, 300, 69]","[73.73030853271484, 75.22683715820312, 111.70514678955078, 504.93096923828125, 480.73760986328125, 383.19970703125, 76.71078491210938]"
2013-10-10,2013-10-16,6866.0,18206,11220.0,"[13, 20, 20, 20, 20, 0, 12]","[0, 0, 20, 20, 20, 0, 0]","[0.29801210358187363, 0.0, 0.0, 0.0, 0.0, 0.3, 0.0]","[90, 118, 660, 514, 300, 69, 74]","[77.02645874023438, 124.92176818847656, 530.7036743164062, 497.8984069824219, 366.6739501953125, 52.6805305480957, 73.08419799804688]"
2013-10-11,2013-10-17,6035.0,17591,11540.0,"[20, 20, 20, 20, 9, 0, 20]","[0, 20, 20, 20, 0, 0, 0]","[0.0, 0.0, 0.0, 0.0, 0.0, 0.3, 0.2564847088780258]","[118, 660, 514, 300, 69, 74, 67]","[127.36044311523438, 533.3734130859375, 496.81402587890625, 365.88006591796875, 51.730350494384766, 75.97274780273438, 89.2252426147461]"
2013-10-12,2013-10-18,5944.0,18304,12315.0,"[20, 20, 20, 8, 0, 0, 20]","[20, 20, 20, 0, 10, 13, 0]","[0.0, 0.0, 0.0, 0.0, 0.0, 0.29325013847154013, 0.0]","[660, 514, 300, 69, 74, 67, 92]","[532.2059326171875, 496.00640869140625, 373.37445068359375, 51.25125503540039, 73.6253662109375, 90.87824249267578, 103.87960815429688]"
2013-10-13,2013-10-19,5154.0,15861,10940.0,"[20, 20, 0, 12, 14, 20, 0]","[20, 20, 6, 0, 0, 0, 20]","[0.0, 0.0, 0.0, 0.0, 0.0, 0.0, 0.0]","[514, 300, 69, 74, 67, 92, 140]","[477.6962585449219, 358.71673583984375, 45.8248176574707, 72.67766571044922, 81.7563705444336, 101.20249938964844, 159.256591796875]"
2013-10-14,2013-10-20,4117.0,13413,9385.0,"[20, 9, 7, 0, 16, 16, 19]","[20, 0, 4, 13, 0, 9, 0]","[0.0, 0.0, 0.0, 0.0, 0.0, 0.025928474844515884, 0.0]","[300, 69, 74, 67, 92, 140, 106]","[398.51513671875, 53.765235900878906, 69.79100799560547, 88.75959014892578, 98.42607116699219, 160.63980102539062, 113.6479721069336]"
2013-10-15,2013-10-21,2390.0,10424,7280.0,"[4, 12, 3, 8, 3, 17, 9]","[4, 0, 10, 7, 20, 1, 3]","[0.0, 0.0, 0.0, 0.015504797202791612, 0.0, 0.29755250952101686, 0.0]","[69, 74, 67, 92, 140, 106, 53]","[55.26616668701172, 72.29064178466797, 87.1434326171875, 98.53562927246094, 159.1005401611328, 112.61493682861328, 77.57132720947266]"
2013-10-16,2013-10-22,2107.0,10314,7625.0,"[13, 0, 17, 10, 0, 12, 11]","[0, 13, 0, 14, 17, 0, 1]","[0.0, 0.3, 0.0, 0.0, 0.0, 0.0, 0.0]","[74, 67, 92, 140, 106, 53, 55]","[80.22270965576172, 89.66905975341797, 101.2203598022461, 157.29734802246094, 118.50428009033203, 74.08940887451172, 73.85613250732422]"
2013-10-17,2013-10-23,1958.0,10740,7730.0,"[5, 12, 14, 11, 8, 7, 12]","[8, 4, 11, 7, 3, 5, 3]","[0.13836444020464653, 0.07444514590713504, 0.027252207832941137, 0.1384543397958088, 0.16164934123854852, 0.07769766563837566, 0.21821489823273915]","[67, 92, 140, 106, 53, 55, 71]","[87.02029418945312, 99.53543853759766, 160.0482635498047, 114.6744384765625, 65.85267639160156, 77.12236022949219, 79.21897888183594]"
2013-10-18,2013-10-24,2624.0,8466,5640.0,"[17, 20, 20, 12, 11, 0, 12]","[0, 0, 0, 0, 0, 0, 0]","[0.0, 0.0, 0.0, 0.0, 0.0, 0.3, 0.0]","[92, 140, 106, 53, 55, 71, 73]","[99.67617797851562, 152.77752685546875, 116.9322509765625, 75.26144409179688, 65.39804077148438, 70.29972839355469, 75.16974639892578]"
2013-10-19,2013-10-25,2591.0,10958,7635.0,"[20, 14, 16, 12, 12, 13, 16]","[5, 6, 0, 0, 0, 0, 3]","[0.0, 0.0, 0.0, 0.005974201639954859, 0.26528549310524097, 0.2233777536761954, 0.023990130478675896]","[140, 106, 53, 55, 71, 73, 119]","[153.12132263183594, 127.86820983886719, 95.04510498046875, 72.58365631103516, 74.5875244140625, 77.37464904785156, 120.20997619628906]"
2013-10-20,2013-10-26,2599.0,11279,7810.0,"[13, 4, 12, 12, 5, 1, 11]","[4, 6, 0, 0, 7, 18, 12]","[0.0, 0.3, 0.010774174596997487, 0.2953272402008069, 0.0027782314950825088, 0.0, 0.0]","[106, 53, 55, 71, 73, 119, 151]","[107.63225555419922, 67.54308319091797, 69.1937484741211, 67.85443115234375, 77.7790298461914, 134.33401489257812, 150.36630249023438]"
2013-10-21,2013-10-27,3188.0,10302,7020.0,"[11, 11, 11, 13, 15, 18, 15]","[0, 0, 0, 0, 6, 6, 0]","[0.0, 0.011334029978610214, 0.0, 0.0, 0.0, 0.0, 0.0]","[53, 55, 71, 73, 119, 151, 108]","[68.22923278808594, 65.42402648925781, 68.8238754272461, 77.8892593383789, 132.97869873046875, 149.85089111328125, 92.35692596435547]"
2013-10-22,2013-10-28,3538.0,10472,6850.0,"[2, 11, 12, 19, 19, 4, 6]","[7, 0, 0, 0, 6, 9, 5]","[0.0026162356998288318, 0.0, 0.0, 0.0, 0.0, 0.0, 0.0]","[55, 71, 73, 119, 151, 108, 76]","[64.50332641601562, 67.11060333251953, 75.62176513671875, 112.58781433105469, 156.35438537597656, 89.8331069946289, 71.10456848144531]"
2013-10-23,2013-10-29,3571.0,10404,6745.0,"[0, 12, 18, 0, 14, 12, 4]","[9, 0, 0, 20, 0, 0, 7]","[0.0, 0.0, 0.0, 0.0, 0.0, 0.0, 0.0]","[71, 73, 119, 151, 108, 76, 76]","[64.01090240478516, 72.31192779541016, 110.05330657958984, 156.37718200683594, 86.3345718383789, 74.18000793457031, 74.78905487060547]"
2013-10-24,2013-10-30,3502.0,11059,7000.0,"[11, 9, 19, 13, 7, 10, 12]","[2, 11, 4, 3, 4, 0, 0]","[0.0, 0.0, 0.0, 0.017631992994597497, 0.0, 0.3, 0.07442052139472213]","[73, 119, 151, 108, 76, 76, 66]","[76.14820861816406, 130.61517333984375, 144.11688232421875, 98.5836181640625, 73.72118377685547, 58.436744689941406, 74.85472869873047]"
2013-10-25,2013-10-31,3049.0,10955,7285.0,"[20, 20, 20, 0, 0, 11, 14]","[0, 5, 0, 11, 7, 1, 0]","[0.0, 0.0, 0.25122593163784296, 0.0, 0.0, 0.0, 0.0]","[119, 151, 108, 76, 76, 66, 50]","[125.29855346679688, 153.951904296875, 96.2652587890625, 76.5315933227539, 52.396968841552734, 73.23242950439453, 86.1256332397461]"
2013-10-26,2013-11-01,2277.0,10291,6865.0,"[20, 15, 0, 12, 12, 0, 20]","[0, 0, 11, 0, 0, 11, 0]","[0.0, 0.3, 0.2495953312445828, 0.0, 0.0, 0.0, 0.0]","[151, 108, 76, 76, 66, 50, 87]","[157.29757690429688, 89.2475357055664, 75.04163360595703, 74.87010192871094, 73.73680877685547, 79.10772705078125, 121.08313751220703]"
2013-10-27,2013-11-02,1691.0,10062,7745.0,"[15, 6, 0, 6, 11, 0, 19]","[0, 5, 10, 5, 2, 17, 8]","[0.02259048816221273, 0.3, 0.0, 0.0, 0.0, 0.0, 0.0]","[108, 76, 76, 66, 50, 87, 137]","[88.06044006347656, 72.47781372070312, 73.39925384521484, 73.247314453125, 77.63728332519531, 120.7053451538086, 172.265869140625]"
2013-10-28,2013-11-03,1753.0,10269,8155.0,"[9, 0, 0, 3, 20, 18, 6]","[4, 8, 11, 9, 0, 8, 13]","[0.0, 0.0808322242377389, 0.16724640923912398, 0.0, 0.0, 0.00856897583018382, 0.0]","[76, 76, 66, 50, 87, 137, 121]","[83.19364166259766, 55.450687408447266, 76.90817260742188, 82.05101776123047, 115.29537200927734, 166.51473999023438, 129.322265625]"
2013-10-29,2013-11-04,1632.0,10159,7790.0,"[9, 1, 13, 19, 20, 19, 0]","[0, 10, 1, 0, 9, 3, 9]","[0.002821686394722824, 0.0, 0.01474685779868007, 0.3, 0.0, 0.0, 0.0]","[76, 66, 50, 87, 137, 121, 57]","[53.97051239013672, 75.77812957763672, 84.79291534423828, 110.1644287109375, 181.7859649658203, 134.88491821289062, 64.87681579589844]"
2013-10-30,2013-11-05,2174.0,10161,7520.0,"[0, 13, 0, 20, 20, 11, 11]","[11, 0, 17, 7, 0, 0, 0]","[0.0, 0.3, 0.007051358784378294, 0.007637772465832202, 0.0, 0.0, 0.0]","[66, 50, 87, 137, 121, 57, 69]","[76.07079315185547, 79.93123626708984, 120.18695831298828, 172.4461669921875, 128.33897399902344, 68.4431381225586, 66.09688568115234]"
2013-10-31,2013-11-06,2090.0,10243,7710.0,"[3, 15, 13, 6, 13, 12, 13]","[9, 3, 12, 13, 0, 0, 0]","[0.0, 0.0, 0.0, 0.0, 0.020742682244852692, 0.007492669489396941, 0.25222943293986866]","[50, 87, 137, 121, 57, 69, 66]","[81.27803039550781, 114.22824096679688, 165.42991638183594, 127.35787200927734, 76.02677154541016, 71.39261627197266, 75.4459457397461]"
2013-11-01,2013-11-07,2460.0,10799,7440.0,"[20, 17, 20, 0, 3, 12, 12]","[0, 9, 0, 11, 7, 0, 0]","[0.0, 0.0, 0.0, 0.0, 0.3, 0.2607574164503306, 0.0]","[87, 137, 121, 57, 69, 66, 66]","[113.43229675292969, 164.92111206054688, 127.94279479980469, 76.02066040039062, 70.70040893554688, 75.28318786621094, 75.57632446289062]"
2013-11-02,2013-11-08,2715.0,11185,7280.0,"[18, 13, 6, 6, 5, 7, 8]","[8, 7, 5, 4, 6, 4, 6]","[0.08335216299749956, 0.13833391428887196, 0.21538246811693124, 0.08199972843848556, 0.13814815249589293, 0.18128926077587992, 0.0863481066822305]","[137, 121, 57, 69, 66, 66, 116]","[172.16868591308594, 126.28347778320312, 73.66934204101562, 61.85981750488281, 70.3003921508789, 70.44800567626953, 89.02162170410156]"
2013-11-03,2013-11-09,3647.0,12829,8475.0,"[20, 12, 11, 0, 11, 4, 20]","[0, 0, 0, 10, 0, 9, 20]","[0.0824117666933921, 0.0, 0.0006425639081942539, 0.0, 0.0, 0.3, 0.0]","[121, 57, 69, 66, 66, 116, 670]","[121.5505142211914, 69.68601989746094, 63.385406494140625, 70.55013275146484, 68.76634216308594, 86.1553955078125, 694.4910888671875]"
2013-11-04,2013-11-10,3897.0,15513,10840.0,"[0, 12, 0, 12, 0, 20, 20]","[11, 0, 11, 0, 13, 20, 20]","[0.3, 0.0, 0.0, 0.0, 0.29729261751451175, 0.0, 0.0]","[57, 69, 66, 66, 116, 670, 513]","[77.65975189208984, 70.2061767578125, 74.64866638183594, 74.23361206054688, 89.54655456542969, 664.2516479492188, 554.18505859375]"
2013-11-05,2013-11-11,4876.0,16278,11200.0,"[0, 12, 0, 0, 20, 20, 0]","[9, 0, 10, 12, 20, 20, 20]","[0.3, 0.0, 0.0, 0.0, 0.0, 0.0, 0.0]","[69, 66, 66, 116, 670, 513, 463]","[66.0753173828125, 72.2950439453125, 71.71589660644531, 88.16674041748047, 667.0589599609375, 551.3491821289062, 359.2735290527344]"
2013-11-06,2013-11-12,6254.0,19982,12190.0,"[12, 11, 14, 20, 20, 20, 13]","[0, 0, 2, 20, 20, 20, 0]","[0.0, 0.0, 0.0, 0.29638677633958543, 0.0, 0.0, 0.2611177843885625]","[66, 66, 116, 670, 513, 463, 72]","[75.32732391357422, 68.05821990966797, 96.26992797851562, 658.032470703125, 557.637939453125, 340.8638000488281, 80.90576171875]"
2013-11-07,2013-11-13,6580.0,18275,12070.0,"[0, 0, 20, 20, 20, 14, 11]","[11, 13, 20, 20, 20, 0, 0]","[0.0, 0.030106488990954597, 0.0, 0.0, 0.0, 0.0, 0.02286740500669292]","[66, 116, 670, 513, 463, 72, 68]","[75.4880599975586, 94.08096313476562, 652.5711059570312, 555.1817016601562, 356.6317443847656, 82.54324340820312, 68.11784362792969]"
2013-11-08,2013-11-14,6953.0,19066,12075.0,"[20, 20, 20, 20, 13, 0, 12]","[0, 20, 20, 20, 0, 9, 0]","[0.0, 0.0, 0.0, 0.0, 0.0, 0.3, 0.0]","[116, 670, 513, 463, 72, 68, 79]","[88.4614028930664, 659.9173583984375, 556.5621948242188, 357.0684509277344, 81.0001220703125, 68.78685760498047, 74.4997787475586]"
2013-11-09,2013-11-15,6082.0,17636,11410.0,"[20, 20, 20, 0, 11, 0, 20]","[20, 20, 20, 0, 0, 10, 0]","[0.0, 0.0, 0.0, 0.0, 0.3, 0.0, 0.0]","[670, 513, 463, 72, 68, 79, 102]","[666.7843627929688, 551.8612060546875, 361.2969665527344, 77.42045593261719, 68.35066223144531, 71.54266357421875, 101.07463073730469]"
2013-11-10,2013-11-16,4628.0,17977,11810.0,"[20, 20, 0, 15, 0, 19, 0]","[20, 20, 13, 0, 13, 0, 20]","[0.0, 0.3, 0.0, 0.0, 0.0, 0.0, 0.0]","[513, 463, 72, 68, 79, 102, 188]","[536.4231567382812, 319.5615234375, 92.80905151367188, 89.038330078125, 92.03614044189453, 107.82757568359375, 165.08944702148438]"
2013-11-11,2013-11-17,4651.0,14437,9235.0,"[20, 13, 0, 0, 16, 20, 12]","[20, 0, 10, 10, 0, 0, 9]","[0.0, 0.0, 0.0, 0.0, 0.3, 0.0, 0.0]","[463, 72, 68, 79, 102, 188, 140]","[341.8973388671875, 80.3744888305664, 69.91499328613281, 73.77532958984375, 95.1492691040039, 140.95530700683594, 135.39901733398438]"
2013-11-12,2013-11-18,3638.0,11067,7380.0,"[0, 0, 9, 16, 20, 20, 16]","[11, 10, 3, 0, 3, 0, 0]","[0.00017031828895812547, 0.0, 0.0, 0.0, 0.0, 0.0, 0.0]","[72, 68, 79, 102, 188, 140, 79]","[81.07389068603516, 70.3838119506836, 75.31830596923828, 97.19983673095703, 140.31414794921875, 133.7767791748047, 93.95498657226562]"
2013-11-13,2013-11-19,3315.0,11458,8045.0,"[2, 14, 15, 19, 17, 11, 18]","[9, 0, 1, 6, 3, 5, 0]","[0.0, 0.0, 0.0, 0.0, 0.0, 0.011528025323384039, 0.08739094227925161]","[68, 79, 102, 188, 140, 79, 68]","[78.28466033935547, 82.58660125732422, 100.18109893798828, 155.1721649169922, 126.17990112304688, 103.38548278808594, 111.05787658691406]"
2013-11-14,2013-11-20,3046.0,11746,8200.0,"[6, 0, 13, 20, 12, 0, 14]","[6, 14, 11, 0, 2, 16, 0]","[0.2986131994853414, 0.0, 0.0, 0.0, 0.0, 0.0, 0.005040820287497675]","[79, 102, 188, 140, 79, 68, 70]","[76.80379486083984, 102.05028533935547, 154.0767364501953, 122.8636474609375, 85.01778411865234, 111.76683044433594, 82.31832885742188]"
2013-11-15,2013-11-21,3039.0,12734,8205.0,"[15, 9, 9, 8, 8, 7, 6]","[3, 12, 11, 5, 8, 6, 7]","[0.07805602281775235, 0.13869128193368596, 0.13854369526340776, 0.13884785857393406, 0.2129447158915121, 0.13862116048352724, 0.1576804931204831]","[102, 188, 140, 79, 68, 70, 84]","[108.63374328613281, 146.46861267089844, 131.3662567138672, 86.18524932861328, 102.27619171142578, 86.08641815185547, 87.4621353149414]"
2013-11-16,2013-11-22,3551.0,11918,7795.0,"[7, 17, 13, 10, 11, 0, 17]","[14, 5, 2, 4, 1, 11, 0]","[0.0, 0.08887986749450065, 0.0007788839746849414, 0.2979322791306977, 0.0, 0.0, 0.0]","[188, 140, 79, 68, 70, 84, 108]","[141.56039428710938, 138.37521362304688, 90.95258331298828, 88.54583740234375, 75.35598754882812, 78.47797393798828, 103.26265716552734]"
2013-11-17,2013-11-23,3085.0,12580,9535.0,"[5, 13, 0, 19, 8, 15, 20]","[15, 2, 15, 0, 5, 4, 11]","[0.0, 0.0, 0.004384564181926667, 0.0, 0.0009157162085526884, 0.0, 0.028990455010678526]","[140, 79, 68, 70, 84, 108, 230]","[136.75912475585938, 94.40400695800781, 103.91535949707031, 86.85618591308594, 86.7921371459961, 118.22671508789062, 195.2570343017578]"
2013-11-18,2013-11-24,2267.0,13655,10915.0,"[14, 20, 14, 15, 20, 20, 20]","[0, 0, 0, 0, 0, 13, 20]","[0.3, 0.0, 0.0, 0.0, 0.0, 0.0, 0.0]","[79, 68, 70, 84, 108, 230, 160]","[87.25218963623047, 104.00169372558594, 86.02873229980469, 89.49309539794922, 122.46268463134766, 212.7552947998047, 288.2822265625]"
2013-11-19,2013-11-25,2599.0,13609,9965.0,"[0, 11, 0, 17, 14, 20, 16]","[13, 1, 11, 0, 14, 19, 0]","[0.0, 0.0, 0.0, 0.0, 0.29771351808323876, 0.0, 0.0]","[68, 70, 84, 108, 230, 160, 88]","[88.8517837524414, 74.70088195800781, 77.53358459472656, 103.99850463867188, 185.47589111328125, 294.7287292480469, 97.27664947509766]"
2013-11-20,2013-11-26,2720.0,13806,9360.0,"[12, 3, 18, 7, 20, 0, 3]","[0, 8, 0, 20, 20, 10, 8]","[0.3, 0.3, 0.3, 0.0, 0.0, 0.0, 0.0]","[70, 84, 108, 230, 160, 88, 85]","[71.2771224975586, 74.42833709716797, 108.55844116210938, 183.37533569335938, 310.6001892089844, 72.36473083496094, 73.90945434570312]"
2013-11-21,2013-11-27,3247.0,13678,10025.0,"[0, 20, 10, 20, 0, 13, 0]","[10, 0, 20, 20, 11, 0, 13]","[0.3, 0.0, 0.0, 0.0, 0.0, 0.0, 0.0]","[84, 108, 230, 160, 88, 85, 175]","[71.10674285888672, 109.31886291503906, 197.40309143066406, 291.0523376464844, 80.7509765625, 77.86087036132812, 96.20499420166016]"
2013-11-22,2013-11-28,4660.0,17913,12250.0,"[19, 20, 20, 15, 14, 17, 20]","[0, 11, 20, 0, 0, 0, 20]","[0.0, 0.0, 0.0, 0.0, 0.3, 0.3, 0.0]","[108, 230, 160, 88, 85, 175, 393]","[116.28206634521484, 198.06314086914062, 286.8272705078125, 87.9883041381836, 82.6278305053711, 103.80913543701172, 273.8536376953125]"
2013-11-23,2013-11-29,5104.0,20816,14600.0,"[7, 20, 20, 13, 20, 20, 20]","[20, 20, 0, 0, 0, 20, 20]","[0.0, 0.0, 0.0, 0.0, 0.03556909982031037, 0.0, 0.296636164779474]","[230, 160, 88, 85, 175, 393, 818]","[181.14541625976562, 293.9903259277344, 96.2705307006836, 77.13800811767578, 115.76374816894531, 263.7096252441406, 594.3477783203125]"
2013-11-24,2013-11-30,5456.0,19754,14760.0,"[20, 0, 0, 0, 20, 20, 12]","[20, 13, 11, 15, 20, 20, 20]","[0.0, 0.0, 0.0, 0.0, 0.01754563087928232, 0.0, 0.0]","[160, 88, 85, 175, 393, 818, 265]","[295.9137268066406, 89.91667938232422, 81.15726470947266, 102.78524017333984, 275.87994384765625, 658.9546508789062, 209.91639709472656]"
2013-11-25,2013-12-01,5153.0,17102,12255.0,"[0, 13, 0, 13, 0, 11, 20]","[12, 0, 13, 20, 20, 20, 15]","[0.0, 0.0, 0.0, 0.0, 0.0, 0.0, 0.0]","[88, 85, 175, 393, 818, 265, 189]","[85.83167266845703, 75.80789184570312, 93.7578125, 218.7577667236328, 652.0286865234375, 205.44776916503906, 225.3731689453125]"
2013-11-26,2013-12-02,7079.0,20536,13965.0,"[0, 20, 20, 20, 12, 20, 0]","[11, 0, 20, 20, 20, 12, 15]","[0.0, 0.0, 0.0, 0.0, 0.0, 0.006905737728975313, 0.0]","[85, 175, 393, 818, 265, 189, 90]","[75.30166625976562, 102.82708740234375, 268.18304443359375, 552.0104370117188, 211.24473571777344, 206.834716796875, 103.44107818603516]"
2013-11-27,2013-12-03,5832.0,19754,13640.0,"[17, 20, 20, 11, 20, 20, 0]","[0, 14, 20, 20, 14, 0, 16]","[0.3, 0.0, 0.0, 0.0, 0.0, 0.0, 0.0]","[175, 393, 818, 265, 189, 90, 67]","[102.29872131347656, 217.18008422851562, 656.468505859375, 205.21609497070312, 221.77450561523438, 121.53963470458984, 112.48710632324219]"
2013-11-28,2013-12-04,5695.0,20927,14275.0,"[20, 20, 20, 19, 20, 19, 0]","[20, 20, 12, 13, 0, 0, 19]","[0.0, 0.0, 0.3, 0.0, 0.0, 0.0, 0.0]","[393, 818, 265, 189, 90, 67, 101]","[249.34678649902344, 670.6458740234375, 204.2523193359375, 207.70448303222656, 113.62981414794922, 110.5707778930664, 132.24090576171875]"
2013-11-29,2013-12-05,4472.0,17493,13350.0,"[20, 20, 20, 9, 0, 20, 18]","[20, 16, 12, 8, 14, 0, 10]","[0.008461416011441479, 0.0, 0.0, 0.0, 0.03467001946312636, 0.0, 0.0]","[818, 265, 189, 90, 67, 101, 90]","[586.2474365234375, 234.6004638671875, 207.55630493164062, 112.89826202392578, 100.27529907226562, 119.582763671875, 176.96762084960938]"
2013-11-30,2013-12-06,2044.0,15465,12995.0,"[13, 14, 20, 3, 17, 13, 15]","[20, 20, 0, 13, 5, 15, 10]","[0.0, 0.0, 0.0, 0.0, 0.29785103606776986, 0.0, 0.0]","[265, 189, 90, 67, 101, 90, 125]","[216.03456115722656, 222.24676513671875, 119.72980499267578, 108.19843292236328, 136.81405639648438, 184.83651733398438, 162.21009826660156]"
2013-12-01,2013-12-07,2431.0,14399,12115.0,"[15, 20, 20, 0, 20, 20, 20]","[20, 0, 0, 20, 0, 0, 17]","[0.0, 0.0, 0.0, 0.0, 0.0, 0.0, 0.0]","[189, 90, 67, 101, 90, 125, 190]","[232.68960571289062, 116.93720245361328, 111.09663391113281, 142.68246459960938, 193.1736297607422, 170.6787872314453, 240.52297973632812]"
2013-12-02,2013-12-08,1602.0,14348,12890.0,"[19, 17, 0, 8, 20, 20, 9]","[0, 0, 19, 20, 6, 16, 20]","[0.0, 0.0, 0.0, 0.0, 0.0, 0.0, 0.0]","[90, 67, 101, 90, 125, 190, 181]","[112.6115493774414, 101.26628112792969, 135.1457977294922, 191.06048583984375, 164.65673828125, 236.6212615966797, 193.78932189941406]"
2013-12-03,2013-12-09,2014.0,15256,12315.0,"[8, 10, 7, 7, 17, 20, 14]","[6, 10, 20, 17, 19, 10, 3]","[0.3, 0.2980764260743756, 0.0, 0.0, 0.0, 0.0, 0.0]","[67, 101, 90, 125, 190, 181, 94]","[93.53760528564453, 130.31614685058594, 184.61720275878906, 163.59072875976562, 236.42599487304688, 189.9950714111328, 103.61918640136719]"
2013-12-04,2013-12-10,3702.0,15393,11240.0,"[20, 19, 17, 20, 12, 0, 20]","[0, 0, 6, 15, 17, 14, 2]","[0.0, 0.3, 0.0, 0.0, 0.0, 0.0, 0.0]","[101, 90, 125, 190, 181, 94, 98]","[119.82069396972656, 165.26649475097656, 145.26747131347656, 228.49424743652344, 192.1776123046875, 100.51665496826172, 134.91737365722656]"
2013-12-05,2013-12-11,3586.0,15164,11770.0,"[14, 6, 20, 12, 17, 20, 20]","[10, 15, 16, 17, 0, 1, 1]","[0.0, 0.0, 0.0, 0.0, 0.0, 0.0, 0.0]","[90, 125, 190, 181, 94, 98, 114]","[154.1356658935547, 141.51687622070312, 226.08680725097656, 190.59349060058594, 104.48469543457031, 130.51165771484375, 131.39869689941406]"
2013-12-06,2013-12-12,5456.0,15674,10440.0,"[15, 11, 20, 16, 20, 20, 20]","[5, 20, 9, 0, 0, 0, 0]","[0.0, 0.0, 0.0, 0.0, 0.0, 0.0, 0.0]","[125, 190, 181, 94, 98, 114, 123]","[123.29402160644531, 205.99900817871094, 185.2440185546875, 95.294189453125, 118.72734832763672, 122.92772674560547, 117.31874084472656]"
2013-12-07,2013-12-13,5122.0,16048,11170.0,"[20, 19, 0, 20, 3, 20, 20]","[12, 10, 14, 0, 15, 0, 6]","[0.0, 0.02468688732058743, 0.0, 0.0, 0.0, 0.0, 0.0]","[190, 181, 94, 98, 114, 123, 147]","[206.03163146972656, 183.6332550048828, 95.92756652832031, 122.72154998779297, 123.85749816894531, 118.87554931640625, 166.6688690185547]"
2013-12-08,2013-12-14,5114.0,17708,12250.0,"[18, 0, 6, 7, 20, 20, 20]","[11, 14, 12, 12, 0, 6, 20]","[0.0, 0.3, 0.0, 0.0, 0.0, 0.0, 0.0]","[181, 94, 98, 114, 123, 147, 310]","[186.56227111816406, 96.2586441040039, 120.5246810913086, 126.58908081054688, 118.0240478515625, 164.82781982421875, 435.5392761230469]"
2013-12-09,2013-12-15,5302.0,17980,12350.0,"[17, 15, 0, 4, 0, 20, 13]","[0, 3, 16, 12, 20, 20, 20]","[0.3, 0.0, 0.0, 0.0, 0.0, 0.0, 0.0]","[94, 98, 114, 123, 147, 310, 227]","[103.77859497070312, 111.83717346191406, 115.77186584472656, 107.70523834228516, 155.4262237548828, 425.263427734375, 216.3113555908203]"
2013-12-10,2013-12-16,5051.0,19874,13505.0,"[13, 0, 0, 20, 20, 19, 18]","[6, 19, 16, 6, 20, 16, 9]","[0.3, 0.0, 0.0, 0.3, 0.0, 0.0, 0.0]","[98, 114, 123, 147, 310, 227, 140]","[120.77277374267578, 130.74627685546875, 115.2500228881836, 163.6925048828125, 437.4424743652344, 225.67933654785156, 174.90447998046875]"
2013-12-11,2013-12-17,6648.0,19367,12530.0,"[20, 20, 20, 20, 20, 20, 0]","[0, 0, 5, 20, 13, 5, 17]","[0.0, 0.2563872004521076, 0.0, 0.0, 0.0, 0.0, 0.0]","[114, 123, 147, 310, 227, 140, 140]","[114.64452362060547, 106.70499420166016, 155.68038940429688, 412.3131103515625, 208.55477905273438, 157.1369171142578, 123.75883483886719]"
2013-12-12,2013-12-18,6695.0,21234,13760.0,"[0, 20, 20, 20, 9, 0, 19]","[15, 5, 20, 13, 15, 20, 10]","[0.0, 0.0, 0.0, 0.2928893777698177, 0.0, 0.0, 0.0]","[123, 147, 310, 227, 140, 140, 189]","[104.9007797241211, 152.60997009277344, 427.1775207519531, 208.92074584960938, 159.98609924316406, 131.19297790527344, 187.7779083251953]"
2013-12-13,2013-12-19,6618.0,21733,14850.0,"[20, 20, 20, 20, 6, 20, 20]","[0, 20, 20, 6, 14, 10, 12]","[0.0, 0.0, 0.0, 0.0, 0.29887461372066304, 0.0, 0.0]","[147, 310, 227, 140, 140, 189, 169]","[149.8802947998047, 430.04022216796875, 209.7526092529297, 166.32420349121094, 134.8870391845703, 189.6434783935547, 203.16966247558594]"
2013-12-14,2013-12-20,6703.0,23996,15025.0,"[20, 20, 14, 20, 15, 20, 10]","[20, 13, 11, 0, 14, 11, 20]","[0.0, 0.0, 0.24883461084845884, 0.3, 0.3, 0.0, 0.0]","[310, 227, 140, 140, 189, 169, 238]","[423.09735107421875, 211.46240234375, 163.70957946777344, 131.82470703125, 190.3006591796875, 201.98231506347656, 201.92550659179688]"
2013-12-15,2013-12-21,7098.0,22542,16070.0,"[14, 4, 0, 9, 19, 20, 20]","[20, 19, 18, 20, 14, 14, 20]","[0.0, 0.0, 0.0, 0.0, 0.0, 0.0, 0.0]","[227, 140, 140, 189, 169, 238, 344]","[221.68931579589844, 155.90740966796875, 126.00067901611328, 193.3855438232422, 210.8108367919922, 218.27491760253906, 272.19708251953125]"
2013-12-16,2013-12-22,7250.0,24335,15920.0,"[20, 20, 20, 20, 14, 20, 20]","[5, 0, 10, 12, 19, 20, 20]","[0.0, 0.0, 0.0, 0.0, 0.0, 0.0, 0.3]","[140, 140, 189, 169, 238, 344, 357]","[153.2057647705078, 124.44947052001953, 187.94374084472656, 204.4464874267578, 214.4099884033203, 276.1209411621094, 274.4088134765625]"
2013-12-17,2013-12-23,8032.0,24311,16810.0,"[2, 8, 11, 14, 20, 20, 9]","[16, 20, 20, 20, 20, 20, 20]","[0.0, 0.08233110216467796, 0.0, 0.0, 0.0, 0.0, 0.0]","[140, 189, 169, 238, 344, 357, 319]","[126.55467224121094, 188.38890075683594, 205.04090881347656, 222.39642333984375, 271.52874755859375, 270.87786865234375, 194.17002868652344]"
2013-12-18,2013-12-24,7921.0,25891,17305.0,"[8, 10, 14, 20, 20, 20, 20]","[20, 20, 20, 20, 20, 12, 11]","[0.0, 0.0, 0.0, 0.0, 0.0, 0.3, 0.0]","[189, 169, 238, 344, 357, 319, 158]","[190.79925537109375, 198.83628845214844, 227.1632080078125, 278.1683349609375, 277.2774963378906, 203.39205932617188, 199.11402893066406]"
2013-12-19,2013-12-25,5681.0,21180,13770.0,"[14, 14, 16, 18, 15, 14, 5]","[11, 13, 16, 18, 16, 12, 8]","[0.1389397264753886, 0.16762588362478717, 0.07894463071855425, 0.08425966479748674, 0.1384073010712606, 0.15817796284926589, 0.16642932114890335]","[169, 238, 344, 357, 319, 158, 0]","[216.23666381835938, 223.82684326171875, 284.43218994140625, 289.8142395019531, 205.58177185058594, 201.1058807373047, 86.00025939941406]"
2013-12-20,2013-12-26,7234.0,22406,14550.0,"[20, 20, 20, 15, 10, 0, 5]","[14, 20, 20, 16, 20, 0, 20]","[0.0, 0.0, 0.0, 0.0, 0.0, 0.3, 0.3]","[238, 344, 357, 319, 158, 0, 319]","[220.0916290283203, 278.47369384765625, 279.326416015625, 203.7879180908203, 200.56761169433594, 87.24073028564453, 173.95127868652344]"
2013-12-21,2013-12-27,5258.0,23004,17090.0,"[20, 20, 12, 13, 0, 9, 20]","[20, 20, 20, 20, 12, 20, 20]","[0.0, 0.0, 0.0, 0.0, 0.0, 0.0, 0.29746179457119776]","[344, 357, 319, 158, 0, 319, 208]","[276.43280029296875, 278.7018127441406, 211.68479919433594, 215.38311767578125, 83.2314224243164, 196.7524871826172, 286.8028564453125]"
2013-12-22,2013-12-28,5636.0,22134,17100.0,"[20, 12, 19, 16, 20, 20, 20]","[20, 20, 14, 0, 12, 20, 20]","[0.0, 0.0, 0.0, 0.3, 0.0, 0.0, 0.0]","[357, 319, 158, 0, 319, 208, 272]","[320.6449890136719, 212.00645446777344, 215.8858184814453, 96.67144775390625, 205.3509063720703, 309.6361389160156, 259.03460693359375]"
2013-12-23,2013-12-29,4028.0,22822,17800.0,"[12, 20, 0, 20, 20, 20, 20]","[20, 13, 20, 13, 20, 20, 20]","[0.0, 0.0, 0.0, 0.0, 0.0, 0.2987706249251945, 0.0]","[319, 158, 0, 319, 208, 272, 217]","[212.02987670898438, 211.28858947753906, 94.5677490234375, 215.15911865234375, 314.1943664550781, 258.17938232421875, 278.4451599121094]"
2013-12-24,2013-12-30,5572.0,21743,16750.0,"[20, 0, 20, 20, 20, 20, 20]","[20, 0, 14, 20, 20, 20, 14]","[0.0, 0.0, 0.0, 0.0, 0.0, 0.0, 0.0]","[158, 0, 319, 208, 272, 217, 259]","[285.1591491699219, 108.08843231201172, 217.33938598632812, 340.76324462890625, 253.4199981689453, 308.2828063964844, 218.95274353027344]"
2013-12-25,2013-12-31,5214.0,20536,15830.0,"[20, 11, 20, 20, 20, 13, 20]","[0, 20, 20, 17, 20, 20, 0]","[0.0, 0.0, 0.0, 0.0, 0.0, 0.0, 0.0]","[0, 319, 208, 272, 217, 259, 203]","[99.75897216796875, 205.93003845214844, 303.3083801269531, 238.87062072753906, 263.6034851074219, 218.1807098388672, 220.71817016601562]"
2013-12-26,2014-01-01,7028.0,24358,16480.0,"[20, 20, 13, 20, 10, 11, 0]","[12, 20, 20, 17, 20, 20, 18]","[0.0, 0.0, 0.0, 0.3, 0.0, 0.0, 0.0]","[319, 208, 272, 217, 259, 203, 119]","[202.63723754882812, 276.328369140625, 219.4700469970703, 240.2259521484375, 202.53016662597656, 204.55914306640625, 127.3209228515625]"
2013-12-27,2014-01-02,7002.0,23714,15660.0,"[20, 16, 20, 11, 18, 0, 17]","[20, 20, 16, 20, 15, 17, 5]","[0.3, 0.0, 0.08480718261413735, 0.002302533563197656, 0.0, 0.0, 0.0]","[208, 272, 217, 259, 203, 119, 132]","[295.08465576171875, 234.0921630859375, 234.1761932373047, 208.87977600097656, 215.49209594726562, 121.72367095947266, 135.37059020996094]"
2013-12-28,2014-01-03,7640.0,20852,13080.0,"[20, 20, 10, 12, 20, 20, 20]","[13, 14, 20, 20, 0, 0, 0]","[0.1390574824094195, 0.0, 0.08639009741484863, 0.0, 0.0, 0.0, 0.0]","[272, 217, 259, 203, 119, 132, 135]","[212.54953002929688, 218.9500274658203, 201.06649780273438, 214.89833068847656, 118.6583480834961, 134.3418426513672, 140.48013305664062]"
2013-12-29,2014-01-04,5760.0,20820,14600.0,"[17, 13, 20, 11, 0, 0, 20]","[20, 20, 20, 7, 19, 20, 8]","[0.0, 0.0, 0.0, 0.0, 0.0, 0.3, 0.0]","[217, 259, 203, 119, 132, 135, 165]","[239.56004333496094, 218.1314697265625, 247.6560821533203, 118.09070587158203, 131.74472045898438, 141.56698608398438, 178.5457305908203]"
2013-12-30,2014-01-05,5294.0,18673,12310.0,"[15, 13, 11, 7, 10, 16, 15]","[16, 15, 7, 12, 11, 10, 10]","[0.0187285273768205, 0.07308124414241278, 0.1876705001716662, 0.08465843415823196, 0.13896111517672866, 0.08694820283716354, 0.18755495900069474]","[259, 203, 119, 132, 135, 165, 103]","[203.90220642089844, 240.7949981689453, 115.87690734863281, 128.49989318847656, 138.61685180664062, 176.9611053466797, 161.26795959472656]"
2013-12-31,2014-01-06,3957.0,15815,11440.0,"[19, 17, 20, 20, 0, 18, 13]","[20, 3, 1, 3, 20, 7, 3]","[0.0, 0.0, 0.006130942627343571, 0.0, 0.0, 0.2937859798526975, 0.0]","[203, 119, 132, 135, 165, 103, 73]","[269.077880859375, 126.04314422607422, 134.81301879882812, 140.85914611816406, 178.5426788330078, 158.01014709472656, 99.33792114257812]"
2014-01-01,2014-01-07,2940.0,13345,10490.0,"[20, 20, 9, 8, 20, 11, 0]","[0, 0, 13, 20, 7, 8, 12]","[0.0, 0.0, 0.0, 0.0, 0.0, 0.0, 0.0]","[119, 132, 135, 165, 103, 73, 70]","[129.5441436767578, 119.75916290283203, 145.1782989501953, 189.16522216796875, 172.11367797851562, 122.01691436767578, 85.25775909423828]"
2014-01-02,2014-01-08,3172.0,13249,9230.0,"[20, 9, 20, 14, 3, 8, 15]","[1, 11, 8, 9, 12, 4, 0]","[0.3, 0.0, 0.0, 0.0, 0.0, 0.0, 0.0005688593256130927]","[132, 135, 165, 103, 73, 70, 73]","[131.65472412109375, 134.04476928710938, 173.49073791503906, 148.74603271484375, 100.56615447998047, 79.58047485351562, 90.40997314453125]"
2014-01-03,2014-01-09,2492.0,12547,9050.0,"[20, 20, 1, 16, 13, 16, 19]","[3, 7, 20, 0, 0, 0, 0]","[0.0, 0.0, 0.0, 0.3, 0.3, 0.0, 0.0]","[135, 165, 103, 73, 70, 73, 77]","[141.91220092773438, 172.09097290039062, 147.63839721679688, 94.56505584716797, 78.8700942993164, 93.9050521850586, 110.07850646972656]"
2014-01-04,2014-01-10,2371.0,11084,8665.0,"[20, 19, 7, 4, 15, 18, 19]","[7, 5, 8, 6, 0, 0, 1]","[0.0, 0.0, 0.0, 0.021033183980457504, 0.0, 0.0, 0.0]","[165, 103, 73, 70, 73, 77, 95]","[169.8041534423828, 148.3871612548828, 97.01920318603516, 68.8436050415039, 87.33583068847656, 106.29456329345703, 119.65721893310547]"
2014-01-05,2014-01-11,1693.0,11247,8580.0,"[16, 15, 0, 14, 17, 20, 4]","[7, 0, 9, 0, 0, 0, 20]","[0.0, 0.0, 0.0, 0.3, 0.25092643294217837, 0.0, 0.0]","[103, 73, 70, 73, 77, 95, 138]","[146.91001892089844, 92.73037719726562, 64.54638671875, 87.35633087158203, 103.78722381591797, 123.6296615600586, 162.9115753173828]"
2014-01-06,2014-01-12,2679.0,10761,8015.0,"[15, 10, 0, 17, 16, 20, 17]","[0, 1, 12, 0, 3, 5, 2]","[0.0, 0.0, 0.015495094907885927, 0.03568877618655224, 0.0, 0.0, 0.02071756298892656]","[73, 70, 73, 77, 95, 138, 110]","[89.76126861572266, 66.44103240966797, 87.11884307861328, 103.47594451904297, 117.1032485961914, 158.89126586914062, 118.03482055664062]"
2014-01-07,2014-01-13,2396.0,10508,7680.0,"[8, 14, 17, 20, 7, 0, 12]","[0, 0, 0, 0, 17, 16, 0]","[0.3, 0.0, 0.0, 0.0, 0.0, 0.0, 0.0]","[70, 73, 77, 95, 138, 110, 63]","[50.10581970214844, 84.19185638427734, 103.29853820800781, 118.32185363769531, 158.37673950195312, 114.96139526367188, 76.65394592285156]"
2014-01-08,2014-01-14,2290.0,11439,8190.0,"[7, 13, 12, 15, 10, 8, 5]","[6, 4, 7, 10, 7, 5, 7]","[0.08917045656395071, 0.08732277226874012, 0.13837898109605434, 0.08332148753870394, 0.0, 0.1383845884939642, 0.20917386597490087]","[73, 77, 95, 138, 110, 63, 70]","[81.96887969970703, 106.51539611816406, 124.00912475585938, 160.55763244628906, 114.81339263916016, 82.96219635009766, 81.43731689453125]"
2014-01-09,2014-01-15,2569.0,11291,7665.0,"[16, 20, 14, 20, 13, 12, 0]","[0, 0, 10, 0, 0, 0, 11]","[0.0, 0.0, 0.0, 0.0, 0.0, 0.3, 0.3]","[77, 95, 138, 110, 63, 70, 70]","[96.24478149414062, 118.12260437011719, 155.37588500976562, 114.21830749511719, 79.62110900878906, 75.38732147216797, 82.34567260742188]"
2014-01-10,2014-01-16,2418.0,11297,7640.0,"[10, 20, 0, 13, 13, 13, 15]","[7, 5, 17, 0, 0, 0, 0]","[0.3, 0.0, 0.0, 0.0, 0.0, 0.012589190205087988, 0.3]","[95, 138, 110, 63, 70, 70, 70]","[108.57316589355469, 155.54122924804688, 121.27224731445312, 78.69367980957031, 77.252685546875, 82.67555236816406, 91.35211944580078]"
2014-01-11,2014-01-17,2373.0,10626,7220.0,"[20, 20, 0, 12, 14, 15, 19]","[0, 0, 11, 0, 0, 0, 0]","[0.26083647895204326, 0.0, 0.24818172064850996, 0.020827369538812906, 0.0, 0.0, 0.0]","[138, 110, 63, 70, 70, 70, 79]","[154.1290283203125, 119.55835723876953, 77.68685913085938, 74.32396697998047, 83.70873260498047, 92.57099151611328, 105.70413208007812]"
2014-01-12,2014-01-18,3374.0,12206,8850.0,"[0, 13, 11, 13, 13, 17, 20]","[16, 0, 0, 0, 1, 0, 20]","[0.0, 0.0, 0.0018474081550403218, 0.0, 0.0, 0.0, 0.0]","[110, 63, 70, 70, 70, 79, 527]","[113.29806518554688, 78.53834533691406, 68.79401397705078, 77.02413177490234, 86.6859130859375, 100.74496459960938, 454.0690612792969]"
2014-01-13,2014-01-19,4090.0,15139,10780.0,"[12, 12, 8, 14, 17, 20, 20]","[0, 0, 5, 0, 0, 20, 20]","[0.3, 0.029735599913858646, 0.034614573629160095, 0.0, 0.0, 0.0, 0.0]","[63, 70, 70, 70, 79, 527, 354]","[73.7485580444336, 72.24076843261719, 82.33014678955078, 83.78629302978516, 103.45182037353516, 432.8783874511719, 405.48089599609375]"
2014-01-14,2014-01-20,5310.0,18105,13160.0,"[11, 0, 20, 17, 20, 20, 20]","[0, 11, 0, 0, 20, 20, 20]","[0.0, 0.0, 0.0, 0.0046075060868949035, 0.0, 0.020804349651621333, 0.0]","[70, 70, 70, 79, 527, 354, 317]","[65.49694061279297, 76.9000473022461, 83.27758026123047, 99.89706420898438, 434.0617370605469, 401.9000244140625, 331.49017333984375]"
2014-01-15,2014-01-21,5166.0,18296,12930.0,"[13, 0, 17, 20, 20, 20, 9]","[0, 20, 0, 20, 20, 20, 0]","[0.0, 0.0, 0.3, 0.0, 0.0, 0.0, 0.0]","[70, 70, 79, 527, 354, 317, 57]","[77.92877960205078, 81.05064392089844, 99.803955078125, 430.4521484375, 401.8622131347656, 332.6455078125, 53.17033767700195]"
2014-01-16,2014-01-22,5512.0,16053,10510.0,"[0, 16, 0, 20, 20, 9, 12]","[11, 0, 20, 20, 20, 0, 0]","[0.0, 0.0, 0.0, 0.0, 0.085529245617671, 0.0, 0.0]","[70, 79, 527, 354, 317, 57, 66]","[78.46675872802734, 96.23741912841797, 429.4200744628906, 401.3829345703125, 340.4928283691406, 52.83063888549805, 70.36783599853516]"
2014-01-17,2014-01-23,6112.0,16728,10900.0,"[16, 20, 20, 20, 0, 11, 11]","[0, 20, 20, 20, 0, 0, 0]","[0.0, 0.0, 0.0, 0.0, 0.3, 0.0, 0.0]","[79, 527, 354, 317, 57, 66, 59]","[94.87483215332031, 433.7003479003906, 401.7742919921875, 330.0961608886719, 51.98499298095703, 67.86602783203125, 65.2537612915039]"
2014-01-18,2014-01-24,5083.0,14950,9565.0,"[20, 20, 0, 10, 12, 0, 0]","[20, 20, 20, 0, 0, 0, 11]","[0.0, 0.0, 0.0, 0.0, 0.3, 0.0, 0.0]","[527, 354, 317, 57, 66, 59, 94]","[442.6486511230469, 414.83978271484375, 331.06097412109375, 58.25342559814453, 70.87065124511719, 68.132080078125, 75.65886688232422]"
2014-01-19,2014-01-25,5132.0,15681,10290.0,"[20, 20, 9, 11, 11, 0, 16]","[20, 20, 0, 0, 0, 11, 7]","[0.0, 0.0, 0.0, 0.3, 0.0, 0.0, 0.0]","[354, 317, 57, 66, 59, 94, 127]","[421.29107666015625, 363.41815185546875, 51.6159782409668, 67.2914810180664, 65.1310806274414, 75.57042694091797, 144.4749298095703]"
2014-01-20,2014-01-26,3174.0,13458,8920.0,"[20, 0, 0, 11, 0, 1, 0]","[20, 7, 10, 0, 10, 20, 14]","[0.003669304801235619, 0.3, 0.3, 0.019433858389288884, 0.0, 0.0, 0.2949347907809427]","[317, 57, 66, 59, 94, 127, 115]","[359.4855041503906, 48.164852142333984, 68.84049224853516, 64.55694580078125, 73.15668487548828, 144.81234741210938, 99.12593078613281]"
2014-01-21,2014-01-27,2343.0,9152,6425.0,"[5, 0, 0, 0, 8, 12, 12]","[3, 9, 9, 11, 14, 3, 0]","[0.0, 0.0, 0.0, 0.1383990617399373, 0.0, 0.0, 0.07550010892236977]","[57, 66, 59, 94, 127, 115, 56]","[52.77501678466797, 67.01988983154297, 66.49776458740234, 78.04734802246094, 147.53575134277344, 101.85066986083984, 73.06796264648438]"
2014-01-22,2014-01-28,2829.0,9662,6330.0,"[0, 8, 13, 15, 17, 10, 11]","[10, 3, 0, 8, 0, 0, 0]","[0.0, 0.2952913904437874, 0.0010854594140471728, 0.0, 0.0, 0.018523640074680853, 0.0]","[66, 59, 94, 127, 115, 56, 63]","[70.6235122680664, 70.05034637451172, 79.2994613647461, 148.317626953125, 100.76868438720703, 63.68727111816406, 64.44832611083984]"
2014-01-23,2014-01-29,2536.0,9966,6515.0,"[10, 4, 12, 8, 8, 5, 4]","[1, 8, 10, 7, 3, 5, 6]","[0.15580192958618883, 0.08181348054503074, 0.08483578446597938, 0.13878253917320374, 0.08703260223582457, 0.07998681089709586, 0.09002589799494541]","[59, 94, 127, 115, 56, 63, 63]","[65.17059326171875, 77.8766860961914, 146.1011962890625, 94.9029769897461, 69.71359252929688, 66.54220581054688, 71.0768051147461]"
2014-01-24,2014-01-30,2178.0,9844,6525.0,"[4, 17, 8, 3, 9, 3, 7]","[7, 5, 7, 7, 3, 7, 4]","[0.12203633453689736, 0.10339464943577034, 0.08823476273521685, 0.1148665091452448, 0.07317443985474209, 0.1390728392741093, 0.16035349915727865]","[94, 127, 115, 56, 63, 63, 61]","[74.72237396240234, 141.85147094726562, 100.37358093261719, 71.23104858398438, 65.87156677246094, 69.76066589355469, 71.00934600830078]"
2014-01-25,2014-01-31,2410.0,9736,6090.0,"[20, 16, 10, 8, 12, 12, 15]","[0, 0, 0, 3, 0, 0, 0]","[0.0, 0.3, 0.3, 0.0, 0.037572525418990886, 0.0, 0.0]","[127, 115, 56, 63, 63, 61, 69]","[147.76812744140625, 96.60950469970703, 60.62351608276367, 69.50169372558594, 70.62632751464844, 70.5653305053711, 88.36982727050781]"
2014-01-26,2014-02-01,1972.0,9222,6740.0,"[1, 9, 11, 11, 3, 0, 7]","[12, 1, 0, 1, 7, 12, 14]","[0.0, 0.29775515673853536, 0.02291076961635787, 0.0, 0.0, 0.012099763148328387, 0.0]","[115, 56, 63, 63, 61, 69, 124]","[91.2809829711914, 61.46698760986328, 64.94752502441406, 72.78736877441406, 69.37200164794922, 88.31906127929688, 140.15499877929688]"
2014-01-27,2014-02-02,1108.0,9516,7095.0,"[13, 8, 10, 0, 15, 7, 12]","[0, 3, 2, 10, 0, 13, 6]","[0.0, 0.21224577400777833, 0.0, 0.1390188443045387, 0.0, 0.29773852532879225, 0.0]","[56, 63, 63, 61, 69, 124, 69]","[75.90235137939453, 70.12937927246094, 73.14368438720703, 72.25065612792969, 93.25565338134766, 134.4610137939453, 119.09717559814453]"
2014-01-28,2014-02-03,1195.0,9484,7000.0,"[4, 6, 3, 9, 10, 3, 9]","[6, 5, 8, 4, 11, 13, 3]","[0.0982579136855843, 0.14433302446676302, 0.08875953160233892, 0.13907398542238786, 0.13847117101676673, 0.22558098725399514, 0.07773338150230759]","[63, 63, 61, 69, 124, 69, 56]","[65.39521026611328, 70.42194366455078, 68.51117706298828, 86.59391784667969, 136.61184692382812, 118.88822174072266, 71.75186157226562]"
2014-01-29,2014-02-04,1068.0,8652,6700.0,"[0, 11, 0, 17, 20, 0, 9]","[10, 0, 13, 5, 0, 10, 0]","[0.0, 0.005838024155271172, 0.0, 0.0, 0.0, 0.3, 0.3]","[63, 61, 69, 124, 69, 56, 39]","[70.96025085449219, 68.3124008178711, 89.98495483398438, 138.7772674560547, 122.5615463256836, 70.83906555175781, 54.17658615112305]"
2014-01-30,2014-02-05,878.0,8401,6580.0,"[4, 0, 12, 20, 12, 9, 13]","[6, 12, 9, 0, 0, 0, 0]","[0.0, 0.3, 0.0, 0.0, 0.20817036112229867, 0.0, 0.0]","[61, 69, 124, 69, 56, 39, 46]","[66.60982513427734, 84.41217041015625, 135.91200256347656, 125.17908477783203, 69.75446319580078, 54.50737762451172, 81.3033218383789]"
2014-01-31,2014-02-06,342.0,8338,7010.0,"[12, 10, 5, 7, 6, 8, 5]","[1, 11, 14, 3, 3, 4, 8]","[0.09042894393195133, 0.07096116681076037, 0.13871632470141784, 0.20320393708278933, 0.03533232950795569, 0.20928601910583816, 0.026589097992759925]","[69, 124, 69, 56, 39, 46, 50]","[82.94293212890625, 134.61309814453125, 125.41451263427734, 66.2100601196289, 54.20183563232422, 84.49800872802734, 83.98812103271484]"
2014-02-01,2014-02-07,674.0,8084,6850.0,"[20, 20, 11, 9, 0, 0, 13]","[3, 0, 0, 0, 12, 12, 0]","[0.0, 0.0, 0.0, 0.0, 0.3, 0.0, 0.0]","[124, 69, 56, 39, 46, 50, 80]","[138.65371704101562, 128.97769165039062, 68.27145385742188, 53.63025665283203, 84.89569091796875, 86.78755187988281, 78.20915222167969]"
2014-02-02,2014-02-08,863.0,8573,7080.0,"[20, 0, 0, 14, 0, 13, 15]","[0, 9, 8, 0, 12, 0, 8]","[0.29414061007213604, 0.0, 0.0033726495033354472, 0.0, 0.0, 0.0, 0.0]","[69, 56, 39, 46, 50, 80, 149]","[117.2562026977539, 63.54928970336914, 55.372520446777344, 82.7166519165039, 87.09821319580078, 76.20597076416016, 147.14068603515625]"
2014-02-03,2014-02-09,1338.0,9218,6970.0,"[11, 0, 4, 7, 0, 14, 3]","[0, 7, 8, 6, 11, 9, 11]","[0.0, 0.0, 0.0, 0.08031301253064838, 0.26494542584919994, 0.0, 0.17416611328985968]","[56, 39, 46, 50, 80, 149, 106]","[63.75957107543945, 51.3835563659668, 84.95594024658203, 87.45645141601562, 79.12397766113281, 148.75352478027344, 94.38851928710938]"
2014-02-04,2014-02-10,1626.0,8576,6470.0,"[8, 0, 0, 13, 20, 20, 11]","[0, 11, 12, 0, 0, 0, 0]","[0.3, 0.0, 0.0, 0.0, 0.0, 0.0, 0.0]","[39, 46, 50, 80, 149, 106, 54]","[46.236942291259766, 80.84806823730469, 81.91464233398438, 79.22483825683594, 142.78652954101562, 90.38640594482422, 66.90725708007812]"
2014-02-05,2014-02-11,1729.0,9340,6485.0,"[7, 9, 8, 14, 6, 6, 4]","[6, 5, 4, 8, 8, 4, 3]","[0.08410808253738308, 0.08136992109290084, 0.08739317285959255, 0.1664001424711648, 0.13879540119868178, 0.13851108746824115, 0.07652213253216869]","[46, 50, 80, 149, 106, 54, 69]","[85.04082489013672, 88.89060974121094, 77.50703430175781, 142.49380493164062, 93.50494384765625, 67.78849029541016, 48.271881103515625]"
2014-02-06,2014-02-12,2310.0,9155,5985.0,"[9, 0, 0, 10, 0, 4, 0]","[0, 10, 20, 5, 9, 3, 8]","[0.0, 0.3, 0.0, 0.0, 0.0, 0.20481406306126193, 0.0]","[50, 80, 149, 106, 54, 69, 73]","[56.20818328857422, 71.31171417236328, 140.81402587890625, 93.18450164794922, 67.07855987548828, 45.51865768432617, 60.78813934326172]"
2014-02-07,2014-02-13,2530.0,10055,5520.0,"[11, 20, 15, 11, 5, 10, 10]","[0, 3, 0, 0, 2, 0, 0]","[0.3, 0.0, 0.3, 0.0, 0.2998502210053553, 0.0, 0.3]","[80, 149, 106, 54, 69, 73, 97]","[69.72344970703125, 139.91860961914062, 92.85257720947266, 64.08126831054688, 42.14576721191406, 58.80096435546875, 64.030029296875]"
2014-02-08,2014-02-14,2713.0,10648,6345.0,"[18, 0, 11, 0, 7, 8, 13]","[5, 13, 0, 7, 3, 2, 3]","[0.3, 0.0, 0.29850104685344064, 2.0544067226591547e-05, 0.13861263971115032, 0.0, 0.0]","[149, 106, 54, 69, 73, 97, 129]","[141.72434997558594, 87.06957244873047, 64.44563293457031, 52.70514678955078, 62.95545959472656, 61.883296966552734, 98.17173767089844]"
2014-02-09,2014-02-15,3391.0,11722,8095.0,"[0, 10, 9, 0, 0, 10, 20]","[13, 0, 0, 9, 9, 5, 20]","[0.0, 0.0, 0.21493801812468663, 0.0, 0.0, 0.0, 0.0]","[106, 54, 69, 73, 97, 129, 480]","[90.19795227050781, 61.24409103393555, 53.71359634399414, 63.74032211303711, 63.123748779296875, 98.56156921386719, 565.2780151367188]"
2014-02-10,2014-02-16,4414.0,15147,10180.0,"[11, 9, 11, 5, 17, 20, 20]","[0, 0, 0, 5, 0, 20, 20]","[0.0, 0.0, 0.0, 0.0, 0.3, 0.0, 0.0]","[54, 69, 73, 97, 129, 480, 424]","[67.0118179321289, 54.94853591918945, 65.93418884277344, 65.63426971435547, 101.90666198730469, 557.05126953125, 455.49224853515625]"
2014-02-11,2014-02-17,4896.0,17824,11380.0,"[0, 10, 0, 15, 20, 20, 20]","[6, 0, 0, 0, 20, 20, 20]","[0.0, 0.0, 0.0, 0.0, 0.0, 0.0, 0.3]","[69, 73, 97, 129, 480, 424, 327]","[43.14872741699219, 57.56717300415039, 66.46585845947266, 89.78268432617188, 605.8310546875, 441.5367126464844, 299.15692138671875]"
2014-02-12,2014-02-18,5906.0,18316,12430.0,"[11, 0, 0, 20, 20, 20, 0]","[0, 10, 14, 20, 20, 20, 10]","[0.0, 0.01802433655351217, 0.0, 0.0, 0.0, 0.0, 0.3]","[73, 97, 129, 480, 424, 327, 49]","[68.87039947509766, 68.903564453125, 96.20183563232422, 606.1489868164062, 441.5340270996094, 306.7447509765625, 73.16786193847656]"
2014-02-13,2014-02-19,6200.0,18203,11710.0,"[0, 0, 20, 20, 20, 12, 9]","[10, 13, 20, 20, 20, 0, 0]","[0.0, 0.3, 0.0, 0.0, 0.0, 0.0, 0.0]","[97, 129, 480, 424, 327, 49, 65]","[67.5715560913086, 91.2912368774414, 589.8882446289062, 447.9604187011719, 281.548828125, 71.21759033203125, 55.614524841308594]"
2014-02-14,2014-02-20,5732.0,18133,12330.0,"[18, 20, 20, 20, 20, 10, 0]","[0, 20, 20, 20, 0, 0, 10]","[0.0, 0.0, 0.0, 0.0, 0.0, 0.3, 0.0]","[129, 480, 424, 327, 49, 65, 52]","[107.88748931884766, 564.411865234375, 454.2604675292969, 298.2042236328125, 63.06540298461914, 59.03361129760742, 73.00968933105469]"
2014-02-15,2014-02-21,5416.0,16410,10880.0,"[20, 20, 20, 11, 0, 12, 14]","[20, 20, 20, 0, 0, 0, 0]","[0.0, 0.0, 0.0, 0.0, 0.3, 0.3, 0.0]","[480, 424, 327, 49, 65, 52, 69]","[566.4482421875, 457.57232666015625, 302.2255859375, 66.29743957519531, 54.408912658691406, 73.77371215820312, 83.07571411132812]"
2014-02-16,2014-02-22,4089.0,15018,10755.0,"[20, 20, 0, 9, 20, 7, 10]","[20, 20, 10, 0, 0, 5, 10]","[0.0, 0.0, 0.3, 0.0, 0.0, 0.0, 0.012684766050938275]","[424, 327, 49, 65, 52, 69, 125]","[439.7635498046875, 284.2888488769531, 69.46941375732422, 52.61631393432617, 68.03858947753906, 78.14867401123047, 128.811279296875]"
2014-02-17,2014-02-23,2862.0,12515,8600.0,"[20, 20, 0, 0, 13, 20, 14]","[20, 0, 8, 10, 0, 0, 0]","[0.0, 0.3, 0.29738737286974587, 0.3, 0.0, 0.0, 0.0]","[327, 49, 65, 52, 69, 125, 84]","[299.63116455078125, 68.45130157470703, 58.621334075927734, 70.7120132446289, 78.2126235961914, 128.7330322265625, 83.54825592041016]"
2014-02-18,2014-02-24,1581.0,8279,6485.0,"[0, 0, 5, 14, 10, 0, 9]","[11, 9, 6, 0, 10, 13, 0]","[0.0, 0.013212789647645912, 0.007688066187963114, 0.0103564813851465, 0.0, 0.0, 0.0]","[49, 65, 52, 69, 125, 84, 45]","[80.7290267944336, 62.89567947387695, 72.94889831542969, 86.3028564453125, 131.20578002929688, 93.11766052246094, 52.64718246459961]"
2014-02-19,2014-02-25,1704.0,8840,5960.0,"[4, 5, 10, 13, 6, 7, 7]","[5, 6, 3, 8, 7, 2, 2]","[0.11438385723534286, 0.1746959121081053, 0.08386006501145646, 0.10881364692693365, 0.0788577270063234, 0.14731997513003173, 0.152370111173783]","[65, 52, 69, 125, 84, 45, 49]","[57.528358459472656, 72.90019989013672, 84.83710479736328, 136.92088317871094, 85.41727447509766, 55.54344177246094, 55.536109924316406]"
2014-02-20,2014-02-26,1340.0,8933,6340.0,"[4, 5, 10, 9, 4, 4, 6]","[7, 9, 11, 5, 5, 5, 3]","[0.16436820803328012, 0.08007651709248645, 0.13877035815524852, 0.16137979661829924, 0.0839995448284306, 0.08931765870175153, 0.22119681135975489]","[52, 69, 125, 84, 45, 49, 52]","[73.00177001953125, 88.53993225097656, 137.30052185058594, 87.3460922241211, 56.978660583496094, 57.84098434448242, 59.566829681396484]"
2014-02-21,2014-02-27,1596.0,8115,5680.0,"[0, 2, 7, 8, 10, 0, 11]","[12, 17, 5, 0, 0, 5, 1]","[0.0, 0.13819726774631536, 0.08412852197634796, 0.0, 0.08135744025305983, 0.2923300536259646, 0.005656291983775721]","[69, 125, 84, 45, 49, 52, 47]","[79.36282348632812, 128.92098999023438, 78.65508270263672, 47.80246353149414, 58.3889045715332, 52.49822998046875, 71.33868408203125]"
2014-02-22,2014-02-28,1412.0,8313,5965.0,"[10, 9, 6, 5, 6, 6, 6]","[9, 4, 4, 4, 3, 5, 6]","[0.03536816606083972, 0.07900388422014641, 0.17872205082190484, 0.14904561741790218, 0.09079846000172251, 0.09873314581426758, 0.17685673221738377]","[125, 84, 45, 49, 52, 47, 62]","[126.52078247070312, 81.61782836914062, 51.097564697265625, 58.858280181884766, 54.54928207397461, 71.66338348388672, 75.46797943115234]"
2014-02-23,2014-03-01,1355.0,8137,5800.0,"[4, 2, 7, 9, 7, 3, 12]","[9, 6, 2, 0, 4, 7, 7]","[0.0, 0.0, 0.2953816484005391, 0.004045875966316895, 0.0, 0.3, 0.019462899218029416]","[84, 45, 49, 52, 47, 62, 107]","[89.13451385498047, 55.26378631591797, 54.7636833190918, 56.64794158935547, 70.21420288085938, 76.61058807373047, 122.45671844482422]"
2014-02-24,2014-03-02,1134.0,7616,6230.0,"[9, 9, 10, 4, 12, 0, 20]","[0, 0, 0, 6, 0, 18, 0]","[0.0, 0.0, 0.0, 0.0, 0.0, 0.0, 0.0]","[45, 49, 52, 47, 62, 107, 86]","[55.624656677246094, 56.63175964355469, 60.639488220214844, 69.00373077392578, 74.32479858398438, 125.9342041015625, 100.00847625732422]"
2014-02-25,2014-03-03,1495.0,8339,5810.0,"[9, 0, 0, 13, 14, 14, 13]","[0, 8, 9, 0, 5, 0, 0]","[0.0, 0.0, 0.2969559116756645, 0.0, 0.0, 0.299032979157512, 0.0]","[49, 52, 47, 62, 107, 86, 51]","[52.04701614379883, 55.50434494018555, 66.23405456542969, 76.09210968017578, 119.88240051269531, 87.10027313232422, 78.30900573730469]"
2014-02-26,2014-03-04,1510.0,8523,5640.0,"[9, 12, 12, 20, 16, 7, 9]","[0, 0, 0, 0, 0, 4, 0]","[0.3, 0.3, 0.3, 0.0, 0.0, 0.0, 0.0]","[52, 47, 62, 107, 86, 51, 49]","[54.419097900390625, 70.11023712158203, 75.54476165771484, 125.0916976928711, 97.31526947021484, 70.66152954101562, 57.076438903808594]"
2014-02-27,2014-03-05,1100.0,8215,6245.0,"[11, 13, 0, 16, 0, 10, 5]","[0, 0, 18, 0, 11, 0, 5]","[0.298542890108866, 0.0, 0.0, 0.0, 0.0043085643610530485, 0.3, 0.0]","[47, 62, 107, 86, 51, 49, 53]","[65.66439056396484, 76.22074890136719, 125.6260757446289, 95.76949310302734, 74.48997497558594, 61.418373107910156, 65.24523162841797]"
2014-02-28,2014-03-06,1473.0,8423,5965.0,"[10, 20, 0, 12, 10, 0, 0]","[0, 0, 13, 0, 0, 9, 10]","[0.0, 0.3, 0.0, 0.0, 0.0, 0.0, 0.0]","[62, 107, 86, 51, 49, 53, 58]","[62.48994064331055, 116.85791778564453, 90.70806121826172, 72.96923065185547, 62.728607177734375, 64.7063980102539, 72.41537475585938]"
2014-03-01,2014-03-07,1531.0,8024,6265.0,"[20, 16, 13, 11, 11, 11, 0]","[0, 0, 0, 0, 0, 1, 12]","[0.00022371655231194493, 0.0, 0.021135604173244976, 0.008717280964749653, 0.0, 0.0, 0.0]","[107, 86, 51, 49, 53, 58, 68]","[123.64395141601562, 93.1072769165039, 83.29752349853516, 63.80718994140625, 64.65557098388672, 73.46826171875, 89.05339813232422]"
2014-03-02,2014-03-08,1355.0,8613,5545.0,"[12, 12, 10, 10, 12, 14, 0]","[2, 0, 0, 0, 0, 0, 11]","[0.015620064187983815, 0.25021600300313496, 0.3, 0.29533074377925156, 0.0, 0.0, 0.3]","[86, 51, 49, 53, 58, 68, 121]","[85.77487182617188, 72.2880859375, 60.58283233642578, 62.01716995239258, 71.00373840332031, 85.80414581298828, 110.22392272949219]"
2014-03-03,2014-03-09,1474.0,8938,6090.0,"[11, 3, 10, 12, 14, 4, 17]","[1, 5, 0, 0, 0, 12, 0]","[0.3, 0.3, 0.0, 0.0, 0.2534361632858976, 0.08795985651181366, 0.0]","[51, 49, 53, 58, 68, 121, 87]","[72.21055603027344, 56.27230453491211, 60.85980224609375, 69.23173522949219, 83.67877197265625, 107.95674896240234, 102.42909240722656]"
2014-03-04,2014-03-10,1899.0,7956,5825.0,"[9, 2, 12, 11, 0, 11, 3]","[0, 6, 0, 2, 14, 5, 6]","[0.0, 0.0, 0.0, 0.0, 0.0, 0.0, 0.0]","[49, 53, 58, 68, 121, 87, 55]","[53.93984603881836, 55.64757537841797, 68.44575500488281, 77.94986724853516, 99.33937072753906, 100.46492004394531, 62.618595123291016]"
2014-03-05,2014-03-11,2128.0,8255,5450.0,"[9, 0, 13, 16, 7, 0, 9]","[0, 9, 0, 0, 8, 8, 0]","[0.0, 0.09121245764206955, 0.0, 0.01223490064056088, 0.0, 0.3, 0.0]","[53, 58, 68, 121, 87, 55, 49]","[52.57901382446289, 60.78067398071289, 77.53717041015625, 100.05366516113281, 101.14283752441406, 56.797142028808594, 56.174339294433594]"
2014-03-06,2014-03-12,2058.0,8296,5530.0,"[8, 13, 6, 17, 0, 9, 4]","[2, 0, 9, 0, 9, 0, 4]","[0.0, 0.3, 0.0, 0.012937789442429225, 0.0, 0.0, 0.0]","[58, 68, 121, 87, 55, 49, 55]","[61.80870819091797, 82.28828430175781, 101.15006256103516, 101.4182357788086, 60.5263671875, 54.43586349487305, 52.16007995605469]"
2014-03-07,2014-03-13,1458.0,7707,5135.0,"[0, 0, 17, 0, 9, 0, 0]","[11, 14, 0, 9, 0, 0, 9]","[0.3, 0.0, 0.0, 0.0, 0.0, 0.3, 0.29760739138989406]","[68, 121, 87, 55, 49, 55, 59]","[75.24456787109375, 98.24346160888672, 103.98480224609375, 61.27350997924805, 56.73692321777344, 52.93935012817383, 61.91383743286133]"
2014-03-08,2014-03-14,1767.0,8824,5745.0,"[4, 11, 7, 3, 8, 6, 9]","[11, 6, 2, 6, 3, 3, 2]","[0.1383513063670946, 0.08679000237420507, 0.20540038919077347, 0.15888349288145104, 0.10735871819346966, 0.12905802994970297, 0.1486859939831174]","[121, 87, 55, 49, 55, 59, 100]","[105.58421325683594, 98.89327239990234, 58.75373840332031, 53.04732131958008, 51.929908752441406, 57.40458679199219, 66.70234680175781]"
2014-03-09,2014-03-15,2520.0,8945,5850.0,"[5, 10, 8, 0, 10, 12, 20]","[10, 0, 0, 8, 0, 0, 2]","[0.0, 0.3, 0.0, 0.0, 0.0, 0.0, 0.0]","[87, 55, 49, 55, 59, 100, 149]","[102.1360855102539, 60.72114181518555, 50.57014846801758, 53.89487838745117, 59.342041015625, 73.69742584228516, 137.81289672851562]"
2014-03-10,2014-03-16,2203.0,9217,6510.0,"[0, 9, 0, 3, 0, 0, 0]","[8, 0, 8, 6, 10, 20, 14]","[0.0, 0.0, 0.29465577652660874, 0.0, 0.0, 0.0, 0.0]","[55, 49, 55, 59, 100, 149, 110]","[56.27534484863281, 53.114933013916016, 56.56264114379883, 60.86423110961914, 74.403076171875, 137.66029357910156, 99.96204376220703]"
2014-03-11,2014-03-17,1945.0,9143,6115.0,"[7, 9, 20, 12, 0, 15, 0]","[0, 0, 0, 0, 19, 0, 7]","[0.29481327949538266, 0.0, 0.0, 0.0, 0.0, 0.3, 0.0]","[49, 55, 59, 100, 149, 110, 66]","[44.17344665527344, 52.680633544921875, 58.764190673828125, 72.59259033203125, 134.93492126464844, 94.31532287597656, 48.57589340209961]"
2014-03-12,2014-03-18,2674.0,9237,5740.0,"[9, 9, 11, 0, 13, 10, 12]","[0, 0, 0, 19, 2, 0, 0]","[0.0, 0.0, 0.0, 0.0, 0.0, 0.2248552856568497, 0.3]","[55, 59, 100, 149, 110, 66, 57]","[52.45870590209961, 57.0381965637207, 68.62823486328125, 131.79234313964844, 94.56250762939453, 59.98468017578125, 72.72093200683594]"
2014-03-13,2014-03-19,2344.0,9767,6285.0,"[2, 3, 11, 7, 5, 10, 11]","[6, 7, 9, 7, 9, 1, 0]","[0.2143588114444907, 0.08727317272778566, 0.031267575577649726, 0.222233528496545, 0.1862865462168602, 0.0885382794315541, 0.08808589934416569]","[59, 100, 149, 110, 66, 57, 72]","[55.26343536376953, 71.67232513427734, 129.55728149414062, 92.50926971435547, 58.82990646362305, 68.16881561279297, 70.19366455078125]"
2014-03-14,2014-03-20,2578.0,9918,6055.0,"[12, 20, 6, 8, 0, 0, 5]","[0, 2, 8, 0, 9, 9, 6]","[0.0, 0.0, 0.0, 0.3, 0.29747984783842496, 0.3, 0.0]","[100, 149, 110, 66, 57, 72, 68]","[71.52288818359375, 137.6754150390625, 93.5645523071289, 47.00701141357422, 66.25635528564453, 65.87288665771484, 73.92410278320312]"
2014-03-15,2014-03-21,2567.0,9843,7155.0,"[0, 10, 0, 0, 0, 0, 10]","[20, 5, 8, 10, 10, 11, 6]","[0.0, 0.009390668321527781, 0.0, 0.00023677847512298955, 0.0, 0.0, 0.0]","[149, 110, 66, 57, 72, 68, 93]","[139.57864379882812, 95.12037658691406, 54.34514617919922, 69.63080596923828, 69.41825866699219, 80.9382553100586, 103.49559020996094]"
2014-03-16,2014-03-22,2342.0,10519,7680.0,"[0, 2, 12, 10, 14, 0, 16]","[15, 7, 0, 2, 1, 15, 9]","[0.0, 0.0, 0.3, 0.0, 0.0, 0.0, 0.0]","[110, 66, 57, 72, 68, 93, 146]","[104.12860870361328, 61.577110290527344, 72.19573211669922, 73.98023986816406, 88.83296203613281, 106.16143035888672, 158.5485382080078]"
2014-03-17,2014-03-23,2586.0,10234,7550.0,"[10, 7, 1, 14, 17, 20, 0]","[0, 4, 10, 0, 0, 6, 16]","[0.019257057128728466, 0.0, 0.0, 0.0, 0.0, 0.0, 0.0]","[66, 57, 72, 68, 93, 146, 106]","[61.978336334228516, 71.46794128417969, 74.8299789428711, 83.98113250732422, 99.71784210205078, 160.43357849121094, 114.39382934570312]"
2014-03-18,2014-03-24,2520.0,10115,7490.0,"[13, 12, 14, 20, 0, 20, 0]","[0, 0, 0, 0, 20, 0, 10]","[0.01283917143980404, 0.0, 0.0, 0.0, 0.0, 0.0, 0.0]","[57, 72, 68, 93, 146, 106, 59]","[76.9800796508789, 73.91600799560547, 83.51727294921875, 105.70216369628906, 160.72454833984375, 117.28873443603516, 71.54733276367188]"
2014-03-19,2014-03-25,2968.0,11135,7330.0,"[8, 7, 10, 15, 10, 2, 7]","[3, 5, 7, 9, 8, 8, 4]","[0.07400116797487596, 0.0, 0.08833444925670841, 0.13886409136964278, 0.0878682521658731, 0.13913068098880346, 0.09118650627039711]","[72, 68, 93, 146, 106, 59, 72]","[67.34232330322266, 80.60809326171875, 106.55243682861328, 153.8822021484375, 115.25482177734375, 66.52107238769531, 68.98484802246094]"
2014-03-20,2014-03-26,2663.0,10716,7305.0,"[1, 3, 0, 15, 12, 0, 13]","[11, 11, 20, 4, 0, 9, 0]","[0.0, 0.3, 0.0, 0.0, 0.0, 0.0, 0.0]","[68, 93, 146, 106, 59, 72, 74]","[81.05599212646484, 97.42919921875, 154.9125518798828, 115.7288818359375, 69.48667907714844, 65.94734191894531, 79.7633285522461]"
2014-03-21,2014-03-27,3058.0,11626,7260.0,"[10, 11, 11, 7, 5, 9, 10]","[5, 13, 7, 4, 5, 3, 3]","[0.07921625626029047, 0.07956528492653997, 0.13845035399551212, 0.16746487672924207, 0.08671608634579558, 0.19674706519412316, 0.16029061235487668]","[93, 146, 106, 59, 72, 74, 84]","[95.5652084350586, 155.23582458496094, 112.75530242919922, 68.10575103759766, 63.4050407409668, 75.33843994140625, 81.40147399902344]"
2014-03-22,2014-03-28,3281.0,10971,7205.0,"[3, 18, 11, 10, 12, 13, 14]","[20, 0, 0, 0, 0, 0, 5]","[0.0, 0.0, 0.3, 0.0, 0.0, 0.0, 0.002546322869983801]","[146, 106, 59, 72, 74, 84, 107]","[155.49981689453125, 113.1395034790039, 64.7144775390625, 62.958984375, 73.14952087402344, 81.25594329833984, 120.6089096069336]"
2014-03-23,2014-03-29,3264.0,10564,6740.0,"[9, 11, 11, 12, 12, 20, 20]","[8, 0, 0, 0, 0, 0, 0]","[0.0, 0.0, 0.3, 0.0, 0.0, 0.0, 0.0]","[106, 59, 72, 74, 84, 107, 154]","[108.42640686035156, 67.98004150390625, 67.04460906982422, 70.50050354003906, 73.16265869140625, 115.41384887695312, 161.5623016357422]"
2014-03-24,2014-03-30,2961.0,10834,6935.0,"[0, 10, 12, 0, 1, 20, 18]","[9, 0, 0, 11, 15, 0, 1]","[0.0, 0.0, 0.028659598666525822, 0.0, 0.0, 0.3, 0.0]","[59, 72, 74, 84, 107, 154, 107]","[66.83988952636719, 62.96310806274414, 72.30896759033203, 77.38871765136719, 114.13236236572266, 161.46542358398438, 118.84973907470703]"
2014-03-25,2014-03-31,3487.0,11110,7495.0,"[11, 12, 0, 20, 4, 19, 11]","[0, 0, 11, 0, 20, 1, 0]","[0.005602112443600807, 0.0, 0.07347833198198997, 0.0, 0.02056707352179546, 0.0, 0.0]","[72, 74, 84, 107, 154, 107, 78]","[64.828857421875, 73.09388732910156, 77.13888549804688, 117.73633575439453, 163.00070190429688, 121.53035736083984, 64.5975570678711]"
2014-03-26,2014-04-01,3587.0,11102,7305.0,"[12, 7, 11, 20, 20, 11, 6]","[0, 5, 7, 6, 0, 0, 5]","[0.0, 0.0, 0.0, 0.08585388451901668, 0.0, 0.0, 0.0]","[74, 84, 107, 154, 107, 78, 61]","[70.51325225830078, 74.73353576660156, 117.8110580444336, 160.13873291015625, 119.41494750976562, 64.14156341552734, 73.262939453125]"
2014-03-27,2014-04-02,3209.0,12090,7155.0,"[13, 20, 20, 15, 11, 12, 0]","[0, 0, 5, 4, 0, 0, 9]","[0.0, 0.3, 0.0, 0.25047907755414484, 0.0, 0.0, 0.2968209495562776]","[84, 107, 154, 107, 78, 61, 71]","[76.16523742675781, 111.90785217285156, 159.23338317871094, 118.40811157226562, 65.46955871582031, 74.63434600830078, 68.37779998779297]"
2014-03-28,2014-04-03,3110.0,10952,7425.0,"[20, 6, 20, 7, 0, 8, 12]","[0, 19, 0, 3, 10, 3, 0]","[0.0, 0.0, 0.0326034033577837, 0.0, 0.034407979568391096, 0.24982033904839232, 0.0]","[107, 154, 107, 78, 61, 71, 67]","[116.1627197265625, 166.89553833007812, 118.58348083496094, 63.39384078979492, 71.04963684082031, 68.38751983642578, 72.23173522949219]"
2014-03-29,2014-04-04,2850.0,10659,7190.0,"[3, 8, 0, 0, 4, 12, 15]","[20, 10, 9, 10, 6, 0, 0]","[0.0, 0.0, 0.0, 0.07612762451006977, 0.3, 0.0, 0.0]","[154, 107, 78, 61, 71, 67, 86]","[161.32330322265625, 117.55949401855469, 64.76327514648438, 72.1688232421875, 68.75989532470703, 74.4078598022461, 89.69905090332031]"
2014-03-30,2014-04-05,2766.0,10747,6770.0,"[20, 0, 12, 2, 10, 7, 19]","[0, 8, 0, 7, 2, 6, 4]","[0.2940818442836301, 0.0, 0.2569750373358173, 0.0, 0.0, 0.0, 0.0875287220181557]","[107, 78, 61, 71, 67, 86, 147]","[119.2590103149414, 60.42566680908203, 70.30230712890625, 67.7625503540039, 73.00669860839844, 87.34815216064453, 142.57371520996094]"
2014-03-31,2014-04-06,2904.0,10267,6910.0,"[11, 12, 0, 9, 12, 7, 7]","[0, 0, 10, 3, 2, 14, 8]","[0.0003329666663817058, 0.08180087580041594, 0.22776833476368882, 0.0, 0.0, 0.0, 0.0]","[78, 61, 71, 67, 86, 147, 117]","[67.3632583618164, 71.89639282226562, 69.45777893066406, 74.76362609863281, 89.92882537841797, 141.4879150390625, 100.39351654052734]"
2014-04-01,2014-04-07,2627.0,10838,7005.0,"[13, 12, 13, 6, 8, 0, 3]","[0, 0, 0, 8, 13, 15, 6]","[0.0, 0.01980702899191538, 0.0, 0.0, 0.0, 0.3, 0.2947345692931753]","[61, 71, 67, 86, 147, 117, 61]","[75.60283660888672, 69.34371185302734, 76.32058715820312, 91.18126678466797, 143.1375274658203, 104.69554138183594, 59.837066650390625]"
2014-04-02,2014-04-08,3180.0,11009,6520.0,"[11, 12, 0, 20, 20, 10, 0]","[0, 0, 13, 3, 0, 0, 8]","[0.3, 0.0, 0.29821370548837073, 0.0, 0.0008283569409068521, 0.0, 0.20275626060173402]","[71, 67, 86, 147, 117, 61, 67]","[67.68583679199219, 70.7925796508789, 92.9056396484375, 144.58123779296875, 106.16504669189453, 60.377540588378906, 56.50878143310547]"
2014-04-03,2014-04-09,3165.0,10879,6385.0,"[9, 11, 15, 8, 8, 8, 8]","[2, 4, 8, 8, 2, 1, 2]","[0.1388327571210525, 0.08572612981069333, 0.20750060533167272, 0.08267163420594058, 0.07817693054678078, 0.09068625765106367, 0.16715783625280622]","[67, 86, 147, 117, 61, 67, 67]","[71.039306640625, 95.5117416381836, 145.85708618164062, 111.04663848876953, 60.792415618896484, 57.70778274536133, 63.620887756347656]"
2014-04-04,2014-04-10,3221.0,11028,6750.0,"[8, 13, 11, 5, 8, 6, 4]","[6, 10, 7, 5, 2, 4, 6]","[0.15959261234995287, 0.08408555708600471, 0.07101824843891998, 0.2136804067569565, 0.07623741922310859, 0.02391564849250432, 0.13863631509894264]","[86, 147, 117, 61, 67, 67, 69]","[92.52450561523438, 147.41680908203125, 105.7313232421875, 62.511207580566406, 59.385711669921875, 64.48475646972656, 68.64163970947266]"
2014-04-05,2014-04-11,3249.0,9911,6545.0,"[0, 7, 10, 9, 6, 0, 15]","[20, 9, 0, 1, 4, 9, 0]","[0.0, 0.0, 0.010871695211536928, 0.02165713524353277, 0.017133693529244244, 0.0031122056283750944, 0.0]","[147, 117, 61, 67, 67, 69, 100]","[141.84869384765625, 102.778076171875, 59.61110305786133, 62.2462272644043, 65.16585540771484, 66.18144226074219, 91.96502685546875]"
2014-04-06,2014-04-12,2706.0,10681,6615.0,"[11, 6, 4, 9, 4, 5, 11]","[5, 3, 6, 3, 6, 8, 9]","[0.13856693495038838, 0.10865902514170386, 0.14049943246713814, 0.08897160532864974, 0.2102179078580535, 0.17459348260137805, 0.08228819648190103]","[117, 61, 67, 67, 69, 100, 155]","[99.5214614868164, 56.70398712158203, 62.41131591796875, 65.30440521240234, 65.66226196289062, 89.5855941772461, 153.0039825439453]"
2014-04-07,2014-04-13,3142.0,10803,6940.0,"[11, 0, 11, 0, 15, 20, 16]","[0, 9, 0, 9, 0, 5, 3]","[0.0, 0.0011874000081203658, 0.0, 0.0027653532698966856, 0.3, 0.0, 0.0]","[61, 67, 67, 69, 100, 155, 111]","[64.97469329833984, 63.3527946472168, 65.42830657958984, 67.14043426513672, 92.0857925415039, 156.27781677246094, 118.217529296875]"
2014-04-08,2014-04-14,3352.0,9843,6370.0,"[10, 11, 11, 8, 20, 0, 11]","[0, 0, 0, 6, 0, 16, 0]","[0.0, 0.0, 0.0, 0.0, 0.0, 0.0, 0.0]","[67, 67, 69, 100, 155, 111, 73]","[58.30723571777344, 65.34564971923828, 66.60559844970703, 90.75929260253906, 156.59039306640625, 116.8999252319336, 67.3244400024414]"
2014-04-09,2014-04-15,3437.0,11617,7060.0,"[8, 10, 14, 11, 12, 8, 9]","[3, 1, 1, 13, 7, 3, 3]","[0.13841136342223398, 0.19997252047577194, 0.18174043203103865, 0.08234516873196596, 0.010544648359849008, 0.033521933126756755, 0.15584305139571045]","[67, 69, 100, 155, 111, 73, 88]","[67.36265563964844, 69.4383544921875, 95.01814270019531, 160.5341339111328, 121.93500518798828, 70.64286804199219, 74.21576690673828]"
2014-04-10,2014-04-16,3390.0,11569,7280.0,"[2, 20, 19, 12, 11, 5, 12]","[8, 0, 6, 7, 0, 6, 0]","[0.0, 0.0, 0.0, 0.3, 0.07705400331646595, 0.0, 0.0]","[69, 100, 155, 111, 73, 88, 82]","[66.58013153076172, 96.32798767089844, 155.51840209960938, 121.63722229003906, 67.76107025146484, 72.04557800292969, 75.67682647705078]"
2014-04-11,2014-04-17,3733.0,11067,7285.0,"[9, 20, 7, 2, 12, 12, 7]","[6, 6, 11, 8, 0, 0, 5]","[0.007177940852763801, 0.0, 0.0, 0.0, 0.0, 0.0, 0.0]","[100, 155, 111, 73, 88, 82, 100]","[97.67768096923828, 161.88185119628906, 119.03384399414062, 68.56299591064453, 72.0269546508789, 74.45835876464844, 82.04590606689453]"
2014-04-12,2014-04-18,3846.0,11906,7490.0,"[2, 20, 11, 12, 0, 14, 19]","[20, 0, 0, 0, 11, 0, 0]","[0.0, 0.0, 0.2991270384532097, 0.0, 0.0, 0.09012322248057755, 0.0]","[155, 111, 73, 88, 82, 100, 152]","[159.0916748046875, 119.99039459228516, 69.2765121459961, 70.96937561035156, 75.72557067871094, 83.11546325683594, 112.26628875732422]"
2014-04-13,2014-04-19,3358.0,12477,7860.0,"[7, 5, 4, 8, 8, 8, 10]","[11, 5, 6, 4, 4, 8, 16]","[0.08653303401291201, 0.13880195685438557, 0.11214518210343769, 0.14754503930677004, 0.08798696452186452, 0.13894401006871876, 0.1387818396244845]","[111, 73, 88, 82, 100, 152, 179]","[116.4263916015625, 65.60478210449219, 69.49162292480469, 75.2677001953125, 78.74590301513672, 116.89433288574219, 177.84986877441406]"
2014-04-14,2014-04-20,1895.0,9971,6620.0,"[4, 6, 5, 10, 16, 13, 5]","[6, 5, 6, 3, 2, 8, 4]","[0.07481542691404863, 0.08724260959362182, 0.21894249953899309, 0.15412087501139743, 0.12227682556477701, 0.1723764131361803, 0.1384979298162886]","[73, 88, 82, 100, 152, 179, 0]","[67.9017105102539, 71.4486312866211, 71.84514617919922, 80.69390106201172, 108.56565856933594, 179.51651000976562, 60.78415298461914]"
2014-04-15,2014-04-21,2504.0,10348,7140.0,"[12, 5, 0, 2, 20, 9, 15]","[0, 6, 12, 14, 7, 0, 0]","[0.0, 0.0, 0.3, 0.0, 0.0, 0.0, 0.0]","[88, 82, 100, 152, 179, 0, 77]","[72.56210327148438, 74.98148345947266, 82.54312133789062, 108.55657196044922, 171.51585388183594, 54.36922836303711, 91.30516052246094]"
2014-04-16,2014-04-22,2454.0,11343,7530.0,"[5, 12, 12, 12, 7, 6, 6]","[7, 2, 6, 14, 2, 8, 6]","[0.1387003124073004, 0.1389586104375485, 0.08184965141761422, 0.16030242044280318, 0.14941067201297425, 0.13831343095853607, 0.13917224237994075]","[82, 100, 152, 179, 0, 77, 77]","[78.32980346679688, 85.22050476074219, 113.55168914794922, 171.9302215576172, 58.93355941772461, 91.74248504638672, 78.14181518554688]"
2014-04-17,2014-04-23,2481.0,9624,6935.0,"[14, 19, 0, 10, 14, 7, 0]","[0, 0, 20, 0, 0, 5, 10]","[0.0, 0.0, 0.0, 0.0010019065954798203, 0.0, 0.00100391930674578, 0.09057732664720952]","[100, 152, 179, 0, 77, 77, 73]","[87.19029235839844, 113.03077697753906, 179.07635498046875, 59.92022705078125, 86.87513732910156, 76.93041229248047, 71.81470489501953]"
2014-04-18,2014-04-24,2676.0,10319,7550.0,"[20, 20, 0, 15, 0, 0, 14]","[0, 9, 9, 0, 11, 10, 0]","[0.0, 0.0, 0.0, 0.005184058901463414, 0.0, 0.0, 0.0]","[152, 179, 0, 77, 77, 73, 96]","[117.10313415527344, 186.5330352783203, 62.15935516357422, 88.07231903076172, 80.43988037109375, 73.79635620117188, 85.94252014160156]"
2014-04-19,2014-04-25,2063.0,10217,8055.0,"[9, 0, 15, 0, 13, 0, 20]","[20, 8, 0, 12, 0, 13, 0]","[0.0, 0.035306974514751246, 0.0, 0.0, 0.0, 0.0, 0.0]","[179, 0, 77, 77, 73, 96, 104]","[192.73147583007812, 56.861087799072266, 90.87662506103516, 84.95771026611328, 80.0853271484375, 91.81858825683594, 123.51600646972656]"
2014-04-20,2014-04-26,1623.0,10033,7240.0,"[10, 13, 0, 0, 7, 6, 20]","[0, 2, 11, 11, 7, 12, 0]","[0.0, 0.0, 0.0, 0.2130605403182326, 0.0, 0.0, 0.2981022128784202]","[0, 77, 77, 73, 96, 104, 160]","[62.36852264404297, 92.4291000366211, 79.18282318115234, 75.8891830444336, 90.31428527832031, 122.06942749023438, 168.3461456298828]"
2014-04-21,2014-04-27,3285.0,11842,7795.0,"[0, 12, 12, 0, 14, 20, 8]","[13, 0, 0, 12, 4, 6, 7]","[0.0, 0.0, 0.0, 0.0, 0.3, 0.0, 0.0]","[77, 77, 73, 96, 104, 160, 104]","[95.19210815429688, 73.56566619873047, 71.74607849121094, 83.83250427246094, 114.5655517578125, 163.66195678710938, 96.37897491455078]"
2014-04-22,2014-04-28,3347.0,12366,7670.0,"[7, 6, 8, 13, 11, 6, 6]","[5, 6, 5, 5, 14, 9, 5]","[0.07780066757510788, 0.09047721055998764, 0.07323485737440419, 0.08499289446761601, 0.1388653459352751, 0.19928840650022073, 0.20297853935626634]","[77, 73, 96, 104, 160, 104, 64]","[76.24492645263672, 76.02912139892578, 82.68187713623047, 116.5600357055664, 164.35235595703125, 101.68496704101562, 70.59500122070312]"
2014-04-23,2014-04-29,2932.0,11608,7230.0,"[0, 5, 19, 8, 15, 11, 12]","[10, 8, 0, 17, 0, 0, 0]","[0.3, 0.0, 0.0, 0.0, 0.3, 0.0, 0.25108397970518276]","[73, 96, 104, 160, 104, 64, 50]","[74.99623107910156, 86.8238754272461, 112.07138061523438, 167.09938049316406, 90.67374420166016, 69.54235076904297, 70.78347778320312]"
2014-04-24,2014-04-30,2824.0,11542,7450.0,"[0, 19, 7, 0, 1, 9, 11]","[12, 0, 18, 14, 9, 2, 0]","[0.0, 0.0, 0.0, 0.0, 0.3, 0.3, 0.29730390064944995]","[96, 104, 160, 104, 64, 50, 68]","[86.82372283935547, 112.96379852294922, 168.2753143310547, 98.75157928466797, 72.70440673828125, 71.24756622314453, 66.80682373046875]"
2014-04-25,2014-05-01,2772.0,10214,6940.0,"[20, 0, 16, 8, 1, 10, 14]","[0, 20, 0, 3, 9, 0, 0]","[0.0, 0.0, 0.0, 0.29584279455105483, 0.0, 0.0, 0.0015436230741446922]","[104, 160, 104, 64, 50, 68, 68]","[118.88973999023438, 167.16859436035156, 95.5438232421875, 70.78661346435547, 69.95421600341797, 62.89604949951172, 86.65705871582031]"
2014-04-26,2014-05-02,2683.0,10646,7285.0,"[19, 9, 9, 5, 11, 8, 4]","[8, 6, 3, 6, 0, 5, 10]","[0.0, 0.2977372652117892, 0.0, 0.0, 0.0, 0.0, 0.0]","[160, 104, 64, 50, 68, 68, 95]","[165.44967651367188, 97.91688537597656, 72.97442626953125, 73.0059585571289, 63.75099182128906, 86.3125991821289, 92.57862854003906]"
2014-04-27,2014-05-03,1983.0,10157,7415.0,"[15, 12, 7, 20, 5, 6, 18]","[0, 0, 4, 0, 8, 8, 5]","[0.3, 0.0, 0.0, 0.0, 0.0, 0.0, 0.0]","[104, 64, 50, 68, 68, 95, 139]","[89.5093765258789, 71.55772399902344, 69.13837432861328, 62.6550407409668, 89.10135650634766, 95.87018585205078, 143.40164184570312]"
2014-04-28,2014-05-04,2220.0,10190,7230.0,"[12, 12, 10, 5, 0, 16, 0]","[0, 0, 0, 8, 13, 6, 16]","[0.0, 0.25904579881793854, 0.29474941204475275, 0.0, 0.0, 0.0044033505884412865, 0.0]","[64, 50, 68, 68, 95, 139, 99]","[73.13294982910156, 69.79051971435547, 60.82402420043945, 86.14368438720703, 92.50067138671875, 139.43983459472656, 116.51074981689453]"
2014-04-29,2014-05-05,2190.0,9502,6050.0,"[11, 10, 8, 0, 20, 17, 0]","[0, 0, 6, 14, 4, 0, 0]","[0.0, 0.0, 0.2977915846226923, 0.3, 0.0, 0.0, 0.0]","[50, 68, 68, 95, 139, 99, 53]","[66.8807373046875, 61.876312255859375, 88.61849975585938, 101.2596435546875, 150.65646362304688, 104.279296875, 54.66082763671875]"
2014-04-30,2014-05-06,2526.0,10353,6620.0,"[5, 14, 0, 18, 18, 11, 9]","[4, 0, 14, 6, 0, 0, 0]","[0.3, 0.0, 0.3, 0.0, 0.0, 0.0, 0.0]","[68, 68, 95, 139, 99, 53, 52]","[56.5918083190918, 86.30093383789062, 99.18576049804688, 148.5302276611328, 107.02252197265625, 64.32975006103516, 55.16592025756836]"
2014-05-01,2014-05-07,2329.0,9486,7015.0,"[0, 0, 0, 7, 5, 9, 11]","[12, 13, 20, 10, 5, 1, 0]","[0.0, 0.0, 0.0, 0.0, 0.0, 0.0, 0.0]","[68, 95, 139, 99, 53, 52, 56]","[84.47120666503906, 95.3125, 145.16748046875, 114.524658203125, 63.99059295654297, 63.93267059326172, 64.5811996459961]"
2014-05-02,2014-05-08,2462.0,10791,6675.0,"[16, 17, 19, 11, 0, 11, 1]","[0, 6, 0, 0, 9, 0, 9]","[0.0, 0.29881839682162264, 0.0, 0.3, 0.2928994827125105, 0.007125783503849616, 0.0]","[95, 139, 99, 53, 52, 56, 70]","[93.58043670654297, 145.04502868652344, 115.13117218017578, 64.39462280273438, 64.09782409667969, 67.94896697998047, 73.72564697265625]"
2014-05-03,2014-05-09,2436.0,10243,6630.0,"[8, 9, 9, 0, 9, 11, 7]","[14, 7, 0, 7, 1, 1, 9]","[0.0, 0.3, 0.00013879957194399997, 0.3, 0.0, 0.0, 0.0002433168165706583]","[139, 99, 53, 52, 56, 70, 93]","[145.6478271484375, 103.415771484375, 55.745967864990234, 52.324127197265625, 63.17182159423828, 74.89117431640625, 104.75093078613281]"
2014-05-04,2014-05-10,2618.0,10148,6630.0,"[17, 10, 9, 11, 12, 17, 0]","[0, 0, 0, 0, 0, 0, 20]","[0.0, 0.0, 0.0, 0.13919573798645327, 0.007546226198315497, 0.3, 0.011606353981500662]","[99, 53, 52, 56, 70, 93, 142]","[104.5954360961914, 58.614593505859375, 54.91523361206055, 64.18672180175781, 72.83228302001953, 104.87422943115234, 156.89476013183594]"
2014-05-05,2014-05-11,2202.0,10744,7035.0,"[4, 4, 6, 7, 9, 13, 9]","[5, 5, 4, 5, 7, 10, 7]","[0.13894772810489167, 0.029046031810026268, 0.07235794203046522, 0.18393035580320924, 0.20184209538539555, 0.1478405691848296, 0.13813932212900076]","[53, 52, 56, 70, 93, 142, 117]","[59.97873306274414, 59.24234390258789, 64.07999420166016, 76.76062774658203, 101.59142303466797, 150.6318817138672, 104.68598175048828]"
2014-05-06,2014-05-12,2410.0,10089,7220.0,"[10, 10, 0, 0, 5, 0, 0]","[0, 0, 10, 15, 18, 15, 9]","[0.0, 0.29809856744879054, 0.0, 0.03134451265728362, 0.0, 0.0, 0.0]","[52, 56, 70, 93, 142, 117, 59]","[57.835899353027344, 59.88397979736328, 73.70015716552734, 103.0896987915039, 155.58058166503906, 105.29920959472656, 67.64768981933594]"
2014-05-07,2014-05-13,2386.0,10927,7200.0,"[8, 11, 0, 18, 4, 1, 0]","[2, 1, 15, 7, 12, 9, 9]","[0.0, 0.0, 0.0, 0.0, 0.3, 0.3, 0.07424807979602056]","[56, 70, 93, 142, 117, 59, 62]","[61.683589935302734, 73.42839813232422, 105.41205596923828, 157.06887817382812, 109.00707244873047, 74.63316345214844, 64.07097625732422]"
2014-05-08,2014-05-14,3138.0,10132,6890.0,"[0, 18, 9, 18, 0, 10, 11]","[10, 0, 14, 0, 10, 0, 0]","[0.0, 0.0, 0.0, 0.0, 0.0, 0.0, 0.0]","[70, 93, 142, 117, 59, 62, 64]","[73.47681427001953, 106.37935638427734, 152.3251190185547, 108.82442474365234, 71.89913177490234, 62.97737121582031, 67.19343566894531]"
2014-05-09,2014-05-15,2877.0,10655,7025.0,"[11, 6, 18, 9, 3, 0, 0]","[5, 17, 0, 2, 6, 9, 10]","[0.0, 0.0, 0.2940858619544851, 0.0, 0.0, 0.0, 0.0]","[93, 142, 117, 59, 62, 64, 82]","[102.87364959716797, 157.40634155273438, 104.47737884521484, 66.45161437988281, 63.15766525268555, 66.33234405517578, 73.42781829833984]"
2014-05-10,2014-05-16,2763.0,10947,6900.0,"[11, 17, 0, 0, 11, 9, 18]","[12, 0, 10, 9, 0, 2, 0]","[0.016318544358833086, 0.0, 0.24843656759938776, 0.3, 0.29993906148707505, 0.0, 0.00011884273516691579]","[142, 117, 59, 62, 64, 82, 96]","[148.64920043945312, 104.48271179199219, 69.24527740478516, 64.14002227783203, 64.41886901855469, 69.75584411621094, 106.56947326660156]"
2014-05-11,2014-05-17,2429.0,11507,7440.0,"[8, 2, 2, 9, 10, 15, 13]","[8, 8, 7, 2, 6, 2, 10]","[0.138655053014949, 0.08696941061379251, 0.15591353325535723, 0.22382758595717167, 0.2580167444457022, 0.17324725714815942, 0.08678349447121061]","[117, 59, 62, 64, 82, 96, 138]","[109.3792495727539, 69.9841079711914, 63.907100677490234, 67.81501007080078, 73.52779388427734, 106.0340576171875, 152.29222106933594]"
2014-05-12,2014-05-18,2579.0,10092,7305.0,"[0, 11, 0, 13, 13, 20, 1]","[10, 0, 10, 0, 5, 0, 17]","[0.0, 0.0003464974852510155, 0.0, 0.0, 0.07419870740927699, 0.0036830032147346916, 0.0]","[59, 62, 64, 82, 96, 138, 109]","[72.509521484375, 64.95535278320312, 67.67092895507812, 75.4728012084961, 111.47221374511719, 150.8744354248047, 123.87068939208984]"
2014-05-13,2014-05-19,3091.0,10149,6955.0,"[0, 0, 11, 18, 20, 20, 0]","[9, 9, 0, 0, 4, 0, 9]","[0.0, 0.0, 0.0, 0.0, 0.0, 0.0, 0.0]","[62, 64, 82, 96, 138, 109, 72]","[64.16930389404297, 63.313316345214844, 68.99109649658203, 108.86768341064453, 151.3207550048828, 119.33968353271484, 67.05775451660156]"
2014-05-14,2014-05-20,2999.0,10815,6915.0,"[0, 6, 16, 10, 12, 10, 0]","[9, 5, 1, 13, 6, 0, 9]","[0.0, 0.0, 0.0, 0.0, 0.0, 0.29896632971348636, 0.3]","[64, 82, 96, 138, 109, 72, 71]","[64.89081573486328, 70.517333984375, 104.66970825195312, 149.71548461914062, 116.33119201660156, 64.143798828125, 66.78606414794922]"
2014-05-15,2014-05-21,2920.0,10565,7200.0,"[0, 19, 13, 14, 0, 11, 0]","[10, 0, 11, 5, 8, 0, 10]","[0.0, 0.003288043233516134, 0.0, 0.0, 0.0, 0.0, 0.25872157416344227]","[82, 96, 138, 109, 72, 71, 80]","[73.58614349365234, 112.34432983398438, 152.92681884765625, 121.5086669921875, 60.038169860839844, 66.50172424316406, 73.55320739746094]"
2014-05-16,2014-05-22,3336.0,11458,7340.0,"[13, 20, 3, 12, 0, 12, 14]","[4, 4, 14, 0, 11, 0, 0]","[0.0, 0.033122832777406644, 0.13845600040672987, 0.0, 0.0, 0.3, 0.02111427358368621]","[96, 138, 109, 72, 71, 80, 82]","[108.0988998413086, 151.05145263671875, 115.8798828125, 70.65338134765625, 74.3301010131836, 76.8885498046875, 87.08673095703125]"
2014-05-17,2014-05-23,2902.0,11875,7580.0,"[9, 11, 4, 5, 7, 9, 6]","[13, 6, 6, 5, 8, 5, 9]","[0.18169424989578167, 0.1383272690162215, 0.09094683680847074, 0.1483528808433674, 0.1385677554208094, 0.08599831222234565, 0.1204946513677293]","[138, 109, 72, 71, 80, 82, 106]","[147.5570831298828, 113.72364807128906, 64.94779205322266, 69.20501708984375, 76.78763580322266, 91.10759735107422, 116.00880432128906]"
2014-05-18,2014-05-24,3297.0,12360,8295.0,"[0, 0, 11, 12, 14, 8, 20]","[17, 0, 0, 0, 0, 9, 20]","[0.3, 0.0, 0.0, 0.0, 0.0, 0.0, 0.0]","[109, 72, 71, 80, 82, 106, 574]","[117.8790283203125, 68.31047058105469, 67.85577392578125, 73.6544418334961, 86.25553894042969, 113.8795394897461, 507.7997741699219]"
2014-05-19,2014-05-25,4234.0,16951,10680.0,"[10, 0, 12, 14, 20, 20, 20]","[0, 9, 0, 0, 0, 20, 20]","[0.3, 0.0, 0.01331550674490211, 0.023877991160922936, 0.0, 0.0, 0.3]","[72, 71, 80, 82, 106, 574, 467]","[62.157501220703125, 66.54241180419922, 70.485107421875, 83.90971374511719, 115.33499908447266, 513.4298706054688, 485.48895263671875]"
2014-05-20,2014-05-26,6110.0,19657,12880.0,"[12, 12, 14, 20, 20, 20, 20]","[0, 0, 0, 0, 20, 20, 20]","[0.0, 0.3, 0.3, 0.0, 0.0, 0.0, 0.0]","[71, 80, 82, 106, 574, 467, 441]","[73.71013641357422, 75.1682357788086, 87.56611633300781, 114.09192657470703, 490.2909851074219, 475.8031005859375, 423.7726135253906]"
2014-05-21,2014-05-27,5760.0,20195,12660.0,"[0, 14, 0, 20, 20, 20, 12]","[10, 0, 16, 20, 20, 20, 0]","[0.2553728994804928, 0.0, 0.0, 0.0, 0.3, 0.003858541209170091, 0.0]","[80, 82, 106, 574, 467, 441, 57]","[73.08320617675781, 86.3886489868164, 113.86907958984375, 493.19415283203125, 470.5335388183594, 430.0317687988281, 70.59034729003906]"
2014-05-22,2014-05-28,5729.0,19255,11395.0,"[15, 2, 20, 20, 20, 0, 0]","[0, 14, 20, 20, 20, 9, 0]","[0.0, 0.2978454547020815, 0.0, 0.3, 0.0, 0.0, 0.0]","[82, 106, 574, 467, 441, 57, 75]","[88.68316650390625, 113.37908172607422, 502.6901550292969, 475.1380615234375, 392.6465759277344, 64.43301391601562, 69.15026092529297]"
2014-05-23,2014-05-29,6520.0,18686,12040.0,"[20, 20, 20, 20, 2, 12, 12]","[0, 20, 20, 20, 8, 0, 0]","[0.0, 0.0, 0.0, 0.0, 0.0037346052265428533, 0.3, 0.0]","[106, 574, 467, 441, 57, 75, 63]","[114.2435073852539, 554.9647216796875, 510.45751953125, 401.20367431640625, 70.1994857788086, 70.4613265991211, 72.65635681152344]"
2014-05-24,2014-05-30,6075.0,16674,10550.0,"[20, 20, 20, 8, 11, 11, 0]","[20, 20, 20, 3, 0, 0, 0]","[0.0, 0.0, 0.0, 0.0, 0.0, 0.26191835788920476, 0.092494562931294]","[574, 467, 441, 57, 75, 63, 80]","[488.1900939941406, 467.50274658203125, 426.16845703125, 69.23077392578125, 66.47613525390625, 69.55996704101562, 82.66864776611328]"
2014-05-25,2014-05-31,5132.0,16264,10280.0,"[20, 20, 0, 12, 1, 14, 20]","[20, 20, 10, 0, 9, 0, 0]","[0.0, 0.0, 0.0, 0.3, 0.0, 0.3, 0.0]","[467, 441, 57, 75, 63, 80, 128]","[495.6591491699219, 429.6463928222656, 68.0061264038086, 72.65898895263672, 71.5696792602539, 83.88396453857422, 127.97419738769531]"
2014-05-26,2014-06-01,3956.0,12699,8790.0,"[20, 8, 5, 6, 14, 20, 5]","[20, 3, 6, 5, 0, 0, 12]","[0.0, 0.0, 0.0, 0.0, 0.0, 0.0, 0.0]","[441, 57, 75, 63, 80, 128, 95]","[433.07806396484375, 70.01024627685547, 71.90766143798828, 72.53203582763672, 85.76139831542969, 133.7687530517578, 112.52650451660156]"
2014-05-27,2014-06-02,2314.0,9812,6850.0,"[12, 12, 12, 0, 16, 19, 11]","[0, 0, 0, 12, 6, 0, 2]","[0.0, 0.3, 0.0, 0.0, 0.0, 0.0, 0.0]","[57, 75, 63, 80, 128, 95, 61]","[72.02362060546875, 71.63284301757812, 72.34732818603516, 84.38423156738281, 138.326416015625, 108.59296417236328, 83.26020812988281]"
2014-05-28,2014-06-03,2193.0,9895,6665.0,"[0, 8, 15, 20, 9, 9, 0]","[9, 3, 0, 0, 9, 4, 9]","[0.3, 0.0, 0.0, 0.0, 0.0, 0.0, 0.3]","[75, 63, 80, 128, 95, 61, 73]","[63.42715072631836, 68.09283447265625, 88.08076477050781, 134.5465087890625, 117.58985137939453, 85.81592559814453, 67.0887680053711]"
2014-05-29,2014-06-04,2614.0,9832,6320.0,"[10, 2, 13, 12, 12, 7, 8]","[2, 8, 6, 5, 1, 3, 3]","[0.0727262576819159, 0.21971090053424036, 0.08195242519596221, 0.07810933614485063, 0.08336619630598935, 0.13844774124795037, 0.03750170795384707]","[63, 80, 128, 95, 61, 73, 71]","[76.06121826171875, 81.38449096679688, 135.67868041992188, 114.02912902832031, 79.0814437866211, 63.70365905761719, 74.33724975585938]"
2014-05-30,2014-06-05,2506.0,10114,6905.0,"[0, 20, 20, 0, 0, 12, 11]","[12, 2, 0, 12, 9, 0, 1]","[0.0, 0.0, 0.2954418145771694, 0.0, 0.0, 0.0, 0.012183428776044765]","[80, 128, 95, 61, 73, 71, 69]","[85.66609954833984, 132.06785583496094, 115.84356689453125, 87.14288330078125, 66.3581314086914, 75.04337310791016, 74.58991241455078]"
2014-05-31,2014-06-06,2552.0,10403,6805.0,"[10, 13, 9, 7, 5, 7, 4]","[10, 4, 3, 3, 7, 4, 9]","[0.08734208023226456, 0.20508873367098293, 0.13822470519420899, 0.0865858190678212, 0.08583194247765713, 0.08987320333002834, 0.09071628690750277]","[128, 95, 61, 73, 71, 69, 77]","[132.72750854492188, 111.74740600585938, 76.13562774658203, 62.449256896972656, 72.23037719726562, 74.0727310180664, 90.25035858154297]"
2014-06-01,2014-06-07,2404.0,9607,6805.0,"[18, 0, 0, 12, 0, 14, 18]","[0, 12, 9, 0, 10, 0, 3]","[0.0, 0.0, 0.2262284971292829, 0.0, 0.0, 0.0, 0.0]","[95, 61, 73, 71, 69, 77, 118]","[113.034912109375, 82.39595794677734, 65.81896209716797, 74.63091278076172, 72.20831298828125, 87.4453125, 128.9679718017578]"
2014-06-02,2014-06-08,2277.0,10409,6425.0,"[0, 8, 12, 12, 0, 20, 9]","[11, 2, 0, 0, 12, 0, 5]","[0.0, 0.3, 0.3, 0.0, 0.0007244898579845252, 0.0, 0.3]","[61, 73, 71, 69, 77, 118, 97]","[75.5912094116211, 61.96892547607422, 72.17481231689453, 70.90304565429688, 88.25575256347656, 124.6955795288086, 93.0322494506836]"
2014-06-03,2014-06-09,2626.0,10076,6325.0,"[9, 12, 10, 0, 18, 7, 7]","[1, 0, 2, 12, 2, 7, 4]","[0.3, 0.0, 0.0, 0.0028652342698227335, 0.0, 0.29661292698492797, 0.0]","[73, 71, 69, 77, 118, 97, 61]","[61.537353515625, 70.88033294677734, 71.87599182128906, 86.02206420898438, 124.54573059082031, 95.95381164550781, 70.19964599609375]"
2014-06-04,2014-06-10,2362.0,10214,6820.0,"[6, 3, 9, 12, 8, 2, 5]","[6, 8, 5, 8, 7, 9, 5]","[0.0830350096535379, 0.13826237284809717, 0.08347393623176186, 0.08854176921928066, 0.1473564213574065, 0.028958585562076006, 0.1571968080871252]","[71, 69, 77, 118, 97, 61, 65]","[75.95046997070312, 73.81021118164062, 90.26637268066406, 125.71467590332031, 93.07254791259766, 67.09648132324219, 65.52800750732422]"
2014-06-05,2014-06-11,2827.0,9418,6445.0,"[12, 0, 20, 16, 0, 0, 0]","[0, 13, 0, 0, 9, 9, 10]","[0.0, 0.0, 0.0, 0.0007921388320919617, 0.0, 0.001872209425152011, 0.012423619290824327]","[69, 77, 118, 97, 61, 65, 71]","[74.25273895263672, 90.55791473388672, 125.66507720947266, 94.78219604492188, 63.32034683227539, 65.0209732055664, 68.77070617675781]"
2014-06-06,2014-06-12,2417.0,10076,6685.0,"[10, 12, 8, 6, 7, 6, 10]","[4, 8, 7, 7, 3, 5, 2]","[0.1383089839930483, 0.09069349576094737, 0.08474155768826923, 0.08130156495333428, 0.1535394563334453, 0.13189033509541082, 0.08681409567120635]","[77, 118, 97, 61, 65, 71, 65]","[89.1343994140625, 128.73764038085938, 95.51848602294922, 68.32626342773438, 65.677978515625, 70.66419219970703, 75.92652893066406]"
2014-06-07,2014-06-13,2362.0,10787,6220.0,"[20, 0, 7, 11, 8, 0, 13]","[0, 13, 4, 0, 3, 10, 0]","[0.0, 0.3, 0.3, 0.3, 0.0, 0.3, 0.08432551677922684]","[118, 97, 61, 65, 71, 65, 89]","[121.21974182128906, 93.00167083740234, 69.11929321289062, 66.99565887451172, 68.61888122558594, 72.54936981201172, 79.91268920898438]"
2014-06-08,2014-06-14,3038.0,9692,6050.0,"[16, 11, 11, 11, 0, 13, 20]","[0, 0, 0, 0, 10, 0, 0]","[0.0, 0.0, 0.3, 0.0, 0.0, 0.0, 0.0]","[97, 61, 65, 71, 65, 89, 125]","[93.97454833984375, 69.04032135009766, 63.772308349609375, 68.54286193847656, 72.23745727539062, 80.14891815185547, 131.41293334960938]"
