start_date,end_date,lucro_otimo,unidades,hr_cost,J,X,PR,clientes_reais,clientes_previstos
2013-07-01,2013-07-07,4822.0,16950,10605.0,"[0, 15, 15, 7, 11, 19, 9]","[12, 0, 2, 15, 11, 12, 15]","[0.0, 0.0, 0.0, 0.08934693322332392, 0.2986327697776248, 0.0, 0.2633042258382203]","[105, 120, 129, 153, 168, 202, 146]","[87.6766586303711, 90.27943420410156, 101.28187561035156, 149.755126953125, 145.4429931640625, 201.59666442871094, 165.23147583007812]"
2013-07-02,2013-07-08,5106.0,15334,10430.0,"[8, 0, 20, 20, 11, 14, 0]","[5, 15, 0, 3, 20, 11, 15]","[0.0, 0.0, 0.0, 0.0, 0.0, 0.0, 0.0]","[120, 129, 153, 168, 202, 146, 105]","[81.10140228271484, 108.32205963134766, 133.90631103515625, 142.7476043701172, 206.24534606933594, 163.70196533203125, 105.6200180053711]"
2013-07-03,2013-07-09,4773.0,16830,10880.0,"[11, 11, 8, 16, 11, 6, 11]","[6, 9, 12, 16, 14, 10, 8]","[0.15599454709056168, 0.11306715554332791, 0.11221060202929584, 0.0887224304750506, 0.08513582476875273, 0.07563421445920282, 0.09052964551824753]","[129, 153, 168, 202, 146, 105, 107]","[111.02803039550781, 131.75897216796875, 153.4730987548828, 208.08677673339844, 163.14764404296875, 105.47509765625, 121.76490020751953]"
2013-07-04,2013-07-10,5218.0,17745,11040.0,"[20, 11, 20, 1, 0, 20, 20]","[3, 13, 13, 20, 15, 0, 0]","[0.0, 0.0, 0.0, 0.3, 0.3, 0.0, 0.0]","[153, 168, 202, 146, 105, 107, 112]","[139.2329559326172, 157.80926513671875, 209.16226196289062, 149.727294921875, 106.82044219970703, 121.1393814086914, 118.89590454101562]"
2013-07-05,2013-07-11,5181.0,16540,10815.0,"[3, 20, 12, 18, 20, 11, 20]","[20, 13, 12, 0, 0, 7, 0]","[0.0, 0.0, 0.0, 0.0, 0.0, 0.3, 0.0]","[168, 202, 146, 105, 107, 112, 110]","[158.2037811279297, 208.89149475097656, 154.4700469970703, 108.85167694091797, 118.62051391601562, 119.17022705078125, 135.520263671875]"
2013-07-06,2013-07-12,4208.0,15487,11490.0,"[11, 19, 19, 0, 0, 10, 6]","[20, 7, 0, 18, 17, 11, 15]","[0.0, 0.0, 0.0, 0.0, 0.0, 0.0, 0.0]","[202, 146, 105, 107, 112, 110, 129]","[207.19189453125, 164.60287475585938, 107.09272766113281, 127.81015014648438, 121.5999526977539, 137.02040100097656, 142.24929809570312]"
2013-07-07,2013-07-13,3735.0,16364,11170.0,"[13, 10, 10, 16, 9, 12, 15]","[13, 7, 9, 4, 11, 10, 14]","[0.1990359017930029, 0.08850436836945268, 0.21203913717603812, 0.07558216699385112, 0.07356511389475599, 0.08476525233237281, 0.08913804018278415]","[146, 105, 107, 112, 110, 129, 172]","[169.33934020996094, 110.7723617553711, 121.61093139648438, 121.40088653564453, 133.98095703125, 142.009521484375, 190.97938537597656]"
2013-07-08,2013-07-14,3990.0,15866,10490.0,"[12, 9, 20, 20, 13, 7, 0]","[5, 8, 0, 0, 9, 20, 20]","[0.0014395599218040688, 0.0, 0.3, 0.3, 0.0, 0.0, 0.0]","[105, 107, 112, 110, 129, 172, 133]","[106.54876708984375, 111.75923156738281, 118.05255889892578, 131.1144256591797, 141.73683166503906, 182.22171020507812, 148.15101623535156]"
2013-07-09,2013-07-15,4368.0,15153,10390.0,"[20, 20, 20, 4, 9, 20, 17]","[0, 0, 2, 17, 19, 4, 0]","[0.0, 0.2544069211181203, 0.0, 0.026203920292064184, 0.0, 0.0, 0.0]","[107, 112, 110, 129, 172, 133, 112]","[118.78658294677734, 119.10701751708984, 134.06814575195312, 142.98403930664062, 189.27310180664062, 148.43582153320312, 100.26713562011719]"
2013-07-10,2013-07-16,4148.0,15358,10210.0,"[11, 3, 0, 9, 14, 16, 17]","[7, 16, 20, 19, 9, 0, 0]","[0.0, 0.20497960896175055, 0.0, 0.0, 0.0, 0.0, 0.3]","[112, 110, 129, 172, 133, 112, 131]","[116.5692367553711, 131.18846130371094, 137.87362670898438, 188.8620147705078, 148.77976989746094, 97.70268249511719, 101.7200698852539]"
2013-07-11,2013-07-17,4218.0,14738,9980.0,"[15, 14, 14, 10, 8, 2, 16]","[6, 8, 15, 13, 7, 12, 0]","[0.0, 0.0, 0.0, 0.0010370602174990928, 0.0726557100945455, 0.0, 0.2981575358131973]","[110, 129, 172, 133, 112, 131, 116]","[131.4296112060547, 138.5845184326172, 191.00413513183594, 149.947265625, 96.96043395996094, 99.95636749267578, 108.3391342163086]"
2013-07-12,2013-07-18,4613.0,14788,9915.0,"[20, 9, 16, 16, 4, 0, 16]","[2, 20, 8, 0, 11, 14, 3]","[0.0, 0.0760480029714852, 0.0, 0.0, 0.0, 0.0, 0.13911771994786415]","[129, 172, 133, 112, 131, 116, 119]","[137.05328369140625, 189.8778076171875, 153.48109436035156, 98.55895233154297, 102.48622131347656, 96.36573791503906, 119.6740951538086]"
2013-07-13,2013-07-19,4750.0,14977,9540.0,"[20, 20, 17, 17, 18, 20, 0]","[9, 0, 0, 0, 0, 0, 20]","[0.0, 0.0, 0.0, 0.0, 0.0, 0.3, 0.0]","[172, 133, 112, 131, 116, 119, 123]","[186.49264526367188, 144.1022186279297, 100.74169921875, 101.29271697998047, 106.37138366699219, 126.07950592041016, 142.23866271972656]"
2013-07-14,2013-07-20,4649.0,14756,10275.0,"[20, 9, 17, 20, 0, 0, 20]","[3, 6, 0, 0, 18, 20, 9]","[0.0, 0.0, 0.0, 0.0, 0.0, 0.0, 0.0]","[133, 112, 131, 116, 119, 123, 179]","[143.86781311035156, 97.93568420410156, 101.62313079833984, 104.15518188476562, 126.18711853027344, 140.37286376953125, 183.0013885498047]"
2013-07-15,2013-07-21,4633.0,14580,9895.0,"[0, 16, 6, 20, 12, 11, 0]","[14, 0, 9, 0, 9, 16, 19]","[0.0, 0.009830548180673174, 0.13873176694772907, 0.0, 6.867345748711695e-05, 0.0, 0.004724814896116474]","[112, 131, 116, 119, 123, 179, 140]","[97.40825653076172, 99.13776397705078, 101.51148223876953, 124.6290512084961, 135.3714599609375, 181.78968811035156, 132.93780517578125]"
2013-07-16,2013-07-22,5360.0,15045,9870.0,"[18, 17, 9, 20, 20, 20, 20]","[0, 0, 11, 3, 9, 2, 0]","[0.0, 0.0, 0.0, 0.0, 0.0, 0.0, 0.0]","[131, 116, 119, 123, 179, 140, 121]","[104.61763763427734, 104.47767639160156, 132.06407165527344, 140.17678833007812, 182.62109375, 137.2315216064453, 118.4546890258789]"
2013-07-17,2013-07-23,5129.0,15925,10245.0,"[18, 0, 20, 20, 0, 20, 15]","[0, 19, 0, 9, 20, 1, 4]","[0.3, 0.0, 0.0, 0.0, 0.0, 0.0, 0.0]","[116, 119, 123, 179, 140, 121, 118]","[115.4532241821289, 135.86871337890625, 144.7790069580078, 184.55201721191406, 138.98013305664062, 125.70582580566406, 120.34825134277344]"
2013-07-18,2013-07-24,4783.0,15572,11005.0,"[20, 19, 20, 16, 0, 9, 0]","[2, 4, 9, 6, 18, 10, 19]","[0.0, 0.027661989396558378, 0.0, 0.0, 0.0, 0.0, 0.0]","[119, 123, 179, 140, 121, 118, 118]","[134.81341552734375, 142.84764099121094, 181.24508666992188, 137.6493682861328, 125.69104766845703, 124.56642150878906, 132.33628845214844]"
2013-07-19,2013-07-25,4986.0,15940,10130.0,"[20, 6, 20, 20, 20, 20, 10]","[0, 20, 3, 1, 0, 1, 9]","[0.3, 0.07684595841448559, 0.0, 0.0, 0.0, 0.0, 0.0]","[123, 179, 140, 121, 118, 118, 99]","[137.28665161132812, 179.2747344970703, 140.2685546875, 127.21322631835938, 121.63394165039062, 128.0732879638672, 123.76276397705078]"
2013-07-20,2013-07-26,4745.0,15840,10540.0,"[6, 20, 0, 20, 20, 20, 0]","[20, 3, 17, 0, 1, 0, 20]","[0.0, 0.0, 0.0, 0.0, 0.0, 0.0, 0.2970120270418478]","[179, 140, 121, 118, 118, 99, 125]","[175.7111053466797, 141.86767578125, 118.53036499023438, 118.09408569335938, 124.75880432128906, 120.89159393310547, 132.82725524902344]"
2013-07-21,2013-07-27,4184.0,16452,10655.0,"[10, 11, 14, 13, 13, 12, 16]","[11, 8, 5, 7, 7, 9, 12]","[0.0, 0.2536280321035323, 0.0005006056130277938, 0.0, 0.0, 0.0, 0.3]","[140, 121, 118, 118, 99, 125, 171]","[137.05126953125, 125.80110931396484, 121.85867309570312, 130.98675537109375, 124.8802490234375, 135.9479522705078, 179.3357696533203]"
2013-07-22,2013-07-28,4192.0,14945,10210.0,"[20, 20, 6, 20, 13, 7, 20]","[0, 0, 13, 0, 8, 20, 0]","[0.0, 0.0, 0.0, 0.0, 0.0, 0.0, 0.3]","[121, 118, 118, 99, 125, 171, 99]","[123.81085968017578, 117.59054565429688, 129.52857971191406, 124.67823791503906, 134.0928192138672, 180.5422821044922, 141.70968627929688]"
2013-07-23,2013-07-29,3882.0,14471,10040.0,"[18, 20, 9, 7, 9, 20, 16]","[1, 0, 10, 13, 18, 4, 0]","[0.0145743574319351, 0.0, 0.0, 0.0, 0.0, 0.0, 0.3]","[118, 118, 99, 125, 171, 99, 98]","[119.0881118774414, 126.23503112792969, 122.51025390625, 130.5541229248047, 180.385498046875, 146.4752655029297, 94.73844909667969]"
2013-07-24,2013-07-30,3482.0,13916,10005.0,"[10, 13, 15, 20, 10, 4, 3]","[10, 7, 6, 8, 12, 9, 12]","[0.0, 0.0, 0.0, 0.0, 0.0, 0.2980618851759176, 0.0]","[118, 99, 125, 171, 99, 98, 94]","[127.89451599121094, 124.93743133544922, 132.40234375, 178.62294006347656, 145.7103271484375, 92.33827209472656, 106.68082427978516]"
2013-07-25,2013-07-31,3712.0,13852,9540.0,"[20, 20, 20, 20, 0, 12, 0]","[0, 0, 8, 3, 14, 5, 15]","[0.0, 0.0, 0.0, 0.0, 0.3, 0.0, 0.0]","[99, 125, 171, 99, 98, 94, 108]","[119.03343963623047, 131.72567749023438, 179.5038604736328, 143.81488037109375, 96.2437744140625, 105.4122543334961, 109.02559661865234]"
2013-07-26,2013-08-01,3969.0,14360,9470.0,"[9, 6, 9, 0, 16, 17, 20]","[10, 20, 13, 13, 0, 0, 0]","[0.014550092092171221, 0.0, 0.002535957097742728, 0.20340037973574335, 0.3, 0.0, 0.0]","[125, 171, 99, 98, 94, 108, 127]","[123.67615509033203, 179.05223083496094, 145.3809051513672, 93.46988677978516, 94.96546173095703, 101.2856674194336, 108.57945251464844]"
2013-07-27,2013-08-02,3862.0,14634,9725.0,"[18, 10, 7, 9, 9, 6, 4]","[9, 11, 8, 6, 7, 11, 16]","[0.09064253642401465, 0.03377377719420255, 0.13901144244402958, 0.07741157747131247, 0.07891108210963449, 0.15225228447677996, 0.13839820095274727]","[171, 99, 98, 94, 108, 127, 122]","[181.92547607421875, 143.4569854736328, 97.2002182006836, 98.67781066894531, 106.23174285888672, 114.34909057617188, 141.35411071777344]"
2013-07-28,2013-08-03,3922.0,12648,8770.0,"[20, 9, 12, 18, 0, 13, 20]","[2, 5, 4, 0, 16, 8, 0]","[0.0, 0.0, 0.0, 0.0, 0.0, 0.0, 0.0]","[99, 98, 94, 108, 127, 122, 161]","[136.81082153320312, 90.84590911865234, 100.92057800292969, 107.58251953125, 110.68070220947266, 136.9547882080078, 179.18792724609375]"
2013-07-29,2013-08-04,4215.0,13891,9170.0,"[12, 16, 10, 15, 12, 17, 6]","[3, 0, 7, 3, 9, 11, 9]","[0.0, 0.0, 0.0, 0.0, 0.0, 0.011614932691325661, 0.29703489703592534]","[98, 94, 108, 127, 122, 161, 144]","[93.10527801513672, 95.41312408447266, 104.05122375488281, 113.39445495605469, 135.65740966796875, 180.5566864013672, 101.64056396484375]"
2013-07-30,2013-08-05,4002.0,14524,9085.0,"[8, 8, 9, 10, 14, 7, 11]","[7, 8, 8, 11, 14, 8, 3]","[0.17247267629085222, 0.13811835991711655, 0.13885055002785596, 0.0877968963902152, 0.13852878476043354, 0.08812768220375175, 0.16693795898690864]","[94, 108, 127, 122, 161, 144, 96]","[98.85453033447266, 104.6941146850586, 111.47602081298828, 140.4433135986328, 184.4109344482422, 106.4683837890625, 87.57689666748047]"
2013-07-31,2013-08-06,3961.0,13914,8635.0,"[6, 9, 15, 16, 5, 7, 9]","[9, 8, 6, 12, 10, 6, 3]","[0.13847262659849063, 0.08399281590841412, 0.18405950777825622, 0.0853365491610951, 0.18394595289698157, 0.08881672128961915, 0.1383598434475089]","[108, 127, 122, 161, 144, 96, 89]","[100.75468444824219, 108.71759033203125, 135.37783813476562, 179.1753692626953, 101.36679077148438, 82.538330078125, 76.39643859863281]"
2013-08-01,2013-08-07,4376.0,14135,8490.0,"[18, 20, 20, 20, 15, 14, 15]","[0, 2, 9, 0, 0, 0, 0]","[0.3, 0.0, 0.010461522748652871, 0.01294383688083889, 0.0, 0.3, 0.0]","[127, 122, 161, 144, 96, 89, 96]","[111.4317398071289, 134.14186096191406, 181.29998779296875, 107.99089050292969, 87.53236389160156, 82.46218872070312, 88.7459487915039]"
2013-08-02,2013-08-08,3803.0,14175,9035.0,"[15, 13, 12, 9, 9, 11, 10]","[8, 15, 6, 4, 5, 3, 8]","[0.08435707800403887, 0.13917019941811587, 0.16313535639841936, 0.22769854150174465, 0.13861267959336573, 0.02581362807962786, 0.0789870091158003]","[122, 161, 144, 96, 89, 96, 108]","[145.8426513671875, 186.5192413330078, 116.6794662475586, 84.88982391357422, 87.56561279296875, 92.08307647705078, 114.39163208007812]"
2013-08-03,2013-08-09,3850.0,13450,8960.0,"[9, 0, 13, 3, 16, 15, 0]","[17, 15, 1, 9, 0, 3, 19]","[0.0, 0.08948319069526366, 0.3, 0.0, 0.0, 0.0, 0.0]","[161, 144, 96, 89, 96, 108, 124]","[172.6342315673828, 108.30007934570312, 87.76219177246094, 84.63887786865234, 94.62022399902344, 110.96853637695312, 128.8795928955078]"
2013-08-04,2013-08-10,4251.0,12699,8495.0,"[19, 7, 13, 14, 0, 18, 19]","[0, 4, 0, 1, 16, 3, 8]","[0.0, 0.0, 0.0, 0.0, 0.0, 0.0, 0.0]","[144, 96, 89, 96, 108, 124, 162]","[111.69487762451172, 74.20292663574219, 79.98566436767578, 90.58100128173828, 112.88087463378906, 131.10662841796875, 169.26966857910156]"
2013-08-05,2013-08-11,4042.0,14061,8845.0,"[8, 3, 5, 12, 15, 14, 12]","[5, 10, 8, 5, 5, 10, 9]","[0.18697723003635983, 0.08526259613095795, 0.0852662366936333, 0.07944437395937708, 0.08507835870123741, 0.1445123383121879, 0.07836950159605748]","[96, 89, 96, 108, 124, 162, 126]","[83.6392822265625, 87.24172973632812, 88.84751892089844, 110.15027618408203, 128.19337463378906, 176.2783966064453, 139.8670196533203]"
2013-08-06,2013-08-12,4256.0,13720,9210.0,"[12, 14, 12, 8, 20, 16, 15]","[2, 2, 5, 12, 8, 5, 3]","[0.0, 0.0882452908797807, 0.0, 0.0, 0.0, 0.1086646116469309, 0.009344208575225965]","[89, 96, 108, 124, 162, 126, 93]","[88.54248809814453, 94.44580078125, 108.3413314819336, 131.32769775390625, 174.84683227539062, 138.35069274902344, 106.80843353271484]"
2013-08-07,2013-08-13,4194.0,14242,9070.0,"[8, 10, 10, 12, 9, 9, 14]","[4, 7, 10, 14, 12, 7, 1]","[0.1730660128825312, 0.07919704357442899, 0.08921313731980571, 0.08315367472269394, 0.13834948478202153, 0.08021852726517975, 0.08641991515806467]","[96, 108, 124, 162, 126, 93, 108]","[87.68341064453125, 108.17156982421875, 130.89877319335938, 173.26226806640625, 139.48387145996094, 101.34127044677734, 96.2166748046875]"
2013-08-08,2013-08-14,4368.0,13982,9080.0,"[9, 0, 19, 20, 17, 15, 19]","[8, 18, 8, 1, 0, 0, 0]","[0.0, 0.0, 0.0, 0.0, 0.0, 0.3, 0.0]","[108, 124, 162, 126, 93, 108, 93]","[110.92664337158203, 130.39385986328125, 171.51390075683594, 128.24386596679688, 103.91387176513672, 93.16155242919922, 115.11158752441406]"
2013-08-09,2013-08-15,3594.0,13793,9725.0,"[0, 20, 0, 17, 16, 19, 0]","[18, 7, 20, 0, 0, 0, 17]","[0.0, 0.011474891704218495, 0.0, 0.0, 0.0, 0.2984401480021665, 0.0]","[124, 162, 126, 93, 108, 93, 90]","[130.1591339111328, 172.1361846923828, 136.20266723632812, 104.09039306640625, 96.3125, 114.31654357910156, 118.01615142822266]"
2013-08-10,2013-08-16,3033.0,14251,9750.0,"[6, 15, 9, 9, 9, 7, 20]","[20, 7, 7, 6, 8, 11, 1]","[0.0, 0.0, 0.20691430443392791, 0.1994884392050143, 8.772722058673701e-05, 0.034617970779331146, 0.29988662050374465]","[162, 126, 93, 108, 93, 90, 112]","[173.68333435058594, 138.14236450195312, 103.88338470458984, 95.71709442138672, 113.99547576904297, 119.05154418945312, 127.09414672851562]"
2013-08-11,2013-08-17,3631.0,14146,9505.0,"[11, 8, 9, 7, 9, 13, 14]","[10, 7, 6, 10, 9, 5, 12]","[0.0781767336863957, 0.026666823649669255, 0.20583119384726742, 0.13885271492829548, 0.03550859915950624, 0.138993999755258, 0.08146156522016859]","[126, 93, 108, 93, 90, 112, 164]","[137.5929412841797, 98.85213470458984, 93.87764739990234, 111.06185913085938, 116.12029266357422, 123.02328491210938, 168.78836059570312]"
2013-08-12,2013-08-18,3551.0,12784,9285.0,"[14, 12, 18, 8, 14, 20, 9]","[2, 3, 0, 10, 6, 7, 10]","[0.0, 0.0, 0.0, 0.002284355605961682, 0.0, 0.0, 0.0]","[93, 108, 93, 90, 112, 164, 107]","[97.34809875488281, 93.97696685791016, 110.50785827636719, 115.97241973876953, 126.85319519042969, 171.89527893066406, 124.71394348144531]"
2013-08-13,2013-08-19,3557.0,13575,9135.0,"[8, 8, 11, 14, 17, 12, 5]","[6, 9, 7, 6, 10, 6, 9]","[0.18409210506726253, 0.08838592808185992, 0.019944526285631668, 0.08154643579228321, 0.07258906891155062, 0.07523855472125046, 0.13830281256935395]","[108, 93, 90, 112, 164, 107, 93]","[91.52764892578125, 111.91695404052734, 115.33267974853516, 128.36419677734375, 172.67526245117188, 124.81727600097656, 96.2931137084961]"
2013-08-14,2013-08-20,2370.0,12580,10250.0,"[12, 20, 0, 8, 0, 0, 20]","[6, 0, 20, 18, 20, 14, 0]","[0.0, 0.0, 0.0, 0.0, 0.0, 0.0, 0.0]","[93, 90, 112, 164, 107, 93, 81]","[112.52306365966797, 117.36991119384766, 130.07040405273438, 173.72982788085938, 131.82601928710938, 100.07060241699219, 110.51374816894531]"
2013-08-15,2013-08-21,3646.0,13451,8700.0,"[20, 20, 20, 20, 16, 18, 16]","[0, 0, 7, 0, 0, 0, 0]","[0.0, 0.0, 0.3, 0.0, 0.0, 0.0052044743348095565, 0.0]","[90, 112, 164, 107, 93, 81, 100]","[114.50276184082031, 124.22016906738281, 173.73397827148438, 126.3880386352539, 93.6639175415039, 107.67023468017578, 95.9007797241211]"
2013-08-16,2013-08-22,3629.0,13629,8895.0,"[11, 11, 7, 6, 11, 10, 9]","[8, 15, 11, 8, 5, 5, 6]","[0.17485143685741583, 0.08726999378704975, 0.08368155658139315, 0.20032462057648642, 0.08373030974854848, 0.035118612681650084, 0.08533777026997763]","[112, 164, 107, 93, 81, 100, 95]","[121.42224884033203, 169.36073303222656, 120.55628967285156, 93.33817291259766, 101.16731262207031, 94.0307388305664, 97.57843780517578]"
2013-08-17,2013-08-23,3520.0,13376,8700.0,"[11, 20, 6, 16, 0, 4, 5]","[14, 0, 8, 0, 13, 10, 12]","[8.36935439748809e-05, 0.0, 0.2977885123503228, 0.0, 0.3, 0.0, 0.0]","[164, 107, 93, 81, 100, 95, 104]","[163.58242797851562, 117.14619445800781, 90.16766357421875, 96.25639343261719, 91.43302154541016, 95.75128936767578, 112.96727752685547]"
2013-08-18,2013-08-24,3463.0,12865,8795.0,"[20, 12, 16, 0, 16, 4, 20]","[0, 3, 0, 13, 0, 13, 8]","[0.0, 0.0, 0.0, 0.3, 0.00043992375227289176, 0.0, 0.0]","[107, 93, 81, 100, 95, 104, 159]","[118.6197509765625, 90.72283172607422, 96.83496856689453, 92.89083862304688, 98.58429718017578, 115.40713500976562, 177.9595184326172]"
2013-08-19,2013-08-25,3337.0,13515,9155.0,"[11, 9, 9, 9, 9, 13, 12]","[3, 6, 6, 6, 9, 14, 9]","[0.0716611517419809, 0.16012243113456176, 0.15519291530399143, 0.1294933737195693, 0.08894496519279714, 0.08625920034901588, 0.03285259504073873]","[93, 81, 100, 95, 104, 159, 126]","[89.85258483886719, 95.5655746459961, 94.35363006591797, 96.79589080810547, 115.83226776123047, 174.1733856201172, 133.71481323242188]"
2013-08-20,2013-08-26,3429.0,12801,9425.0,"[0, 20, 20, 19, 20, 0, 16]","[14, 0, 0, 0, 8, 19, 0]","[0.0, 0.0, 0.0, 0.0, 0.0, 0.0, 0.0]","[81, 100, 95, 104, 159, 126, 88]","[96.66585540771484, 93.77391052246094, 101.76868438720703, 113.45968627929688, 178.4469451904297, 135.90435791015625, 95.37162017822266]"
2013-08-21,2013-08-27,4290.0,12580,8330.0,"[15, 16, 18, 20, 0, 15, 14]","[0, 0, 0, 8, 19, 0, 0]","[0.0, 0.0, 0.0, 0.0, 0.0, 0.0, 0.0]","[100, 95, 104, 159, 126, 88, 78]","[92.30115509033203, 95.97763061523438, 110.71903991699219, 175.58921813964844, 133.82644653320312, 91.31755828857422, 82.60302734375]"
2013-08-22,2013-08-28,4026.0,12274,8270.0,"[16, 19, 20, 20, 12, 14, 17]","[0, 0, 8, 0, 3, 0, 0]","[0.0, 0.0, 0.0, 0.0, 0.0, 0.0, 0.0]","[95, 104, 159, 126, 88, 78, 78]","[98.84490203857422, 112.60308837890625, 175.23289489746094, 129.48794555664062, 92.78250122070312, 85.52776336669922, 100.1202392578125]"
2013-08-23,2013-08-29,3669.0,12659,8550.0,"[9, 20, 20, 3, 0, 17, 16]","[8, 8, 1, 11, 11, 0, 0]","[0.0, 0.00312221381466579, 0.0, 0.0, 0.29706536974008113, 0.0, 0.0005412855660579762]","[104, 159, 126, 88, 78, 78, 90]","[110.12144470214844, 175.81065368652344, 130.31419372558594, 93.4395751953125, 81.45515441894531, 100.01152038574219, 96.59840393066406]"
2013-08-24,2013-08-30,3668.0,12086,7860.0,"[20, 12, 3, 14, 13, 16, 18]","[0, 8, 11, 0, 3, 0, 0]","[0.0, 0.0, 0.0, 0.3, 0.0, 0.0, 0.0]","[159, 126, 88, 78, 78, 90, 111]","[169.55686950683594, 129.30772399902344, 92.96484375, 83.8962631225586, 102.21695709228516, 96.13603210449219, 107.67729187011719]"
2013-08-25,2013-08-31,3596.0,12444,8880.0,"[18, 0, 14, 16, 4, 4, 4]","[3, 13, 0, 1, 10, 12, 20]","[0.0, 0.0, 0.0, 0.0, 0.0, 0.001541980844121702, 0.0]","[126, 88, 78, 78, 90, 111, 177]","[129.9040985107422, 92.15017700195312, 82.72463989257812, 101.77894592285156, 97.29890441894531, 107.19618225097656, 166.6920623779297]"
2013-08-26,2013-09-01,3376.0,13915,8975.0,"[6, 7, 11, 8, 12, 10, 3]","[8, 6, 5, 7, 5, 15, 16]","[0.13887447666752362, 0.08232177609637541, 0.13900613391755973, 0.21590048419487023, 0.2519928470901977, 0.073656421840487, 0.09056981133901958]","[88, 78, 78, 90, 111, 177, 141]","[91.50481414794922, 83.80575561523438, 99.16606140136719, 96.92040252685547, 108.11015319824219, 165.21420288085938, 131.96142578125]"
2013-08-27,2013-09-02,4322.0,12653,8280.0,"[14, 16, 0, 18, 20, 20, 16]","[0, 0, 14, 0, 7, 0, 0]","[0.0, 0.0, 0.07861585972118093, 0.0, 0.0, 0.0, 0.0]","[78, 78, 90, 111, 177, 141, 158]","[82.85505676269531, 95.2342529296875, 97.57035827636719, 105.59564208984375, 168.1327667236328, 129.80831909179688, 94.49046325683594]"
2013-08-28,2013-09-03,3533.0,13481,8520.0,"[9, 5, 10, 15, 12, 9, 7]","[6, 9, 5, 10, 10, 5, 7]","[0.13808506923088978, 0.08554453088959389, 0.13853605695992008, 0.13834518299164622, 0.0845695009464654, 0.2198303714708731, 0.1457968549065627]","[78, 90, 111, 177, 141, 158, 64]","[97.58248138427734, 90.63652801513672, 101.32752227783203, 163.53433227539062, 142.53549194335938, 91.78276824951172, 91.8884048461914]"
2013-08-29,2013-09-04,3056.0,12560,8095.0,"[5, 10, 13, 9, 7, 2, 6]","[8, 5, 12, 10, 6, 11, 6]","[0.17842412475625147, 0.19928061256912022, 0.08421530602826141, 0.13849578061207346, 0.07735672832950478, 0.1575219904797898, 0.07694925649284062]","[90, 111, 177, 141, 158, 64, 57]","[85.04717254638672, 97.40420532226562, 161.6143035888672, 124.8962631225586, 79.22010040283203, 88.12612915039062, 80.47966003417969]"
2013-08-30,2013-09-05,2504.0,12805,8085.0,"[17, 18, 0, 0, 16, 14, 13]","[0, 7, 18, 13, 0, 0, 1]","[0.3, 0.3, 0.00817217732852713, 0.2078271587592642, 0.0, 0.0, 0.0]","[111, 177, 141, 158, 64, 57, 64]","[103.0208969116211, 161.98568725585938, 126.00193786621094, 92.6174545288086, 95.65233612060547, 83.9305648803711, 85.77169799804688]"
2013-08-31,2013-09-06,2495.0,12253,8100.0,"[20, 0, 15, 5, 13, 14, 12]","[6, 19, 0, 9, 0, 0, 4]","[0.0, 0.2036251344954469, 0.3, 0.0, 0.0, 0.3, 0.0]","[177, 141, 158, 64, 57, 64, 82]","[165.3216552734375, 132.38284301757812, 91.65164184570312, 94.39674377441406, 80.48916625976562, 83.9532699584961, 99.01922607421875]"
2013-09-01,2013-09-07,2405.0,11051,7525.0,"[20, 16, 0, 14, 5, 8, 20]","[0, 0, 13, 0, 7, 7, 0]","[0.0, 0.29674020406679646, 0.3, 0.0, 0.0, 0.0, 0.0]","[141, 158, 64, 57, 64, 82, 127]","[128.7083740234375, 93.88743591308594, 95.7782211303711, 84.83981323242188, 81.92745208740234, 99.90210723876953, 162.5777587890625]"
2013-09-02,2013-09-08,1379.0,10684,8175.0,"[11, 19, 0, 13, 16, 13, 20]","[4, 0, 12, 0, 0, 11, 0]","[0.009163461416966195, 0.0, 0.0, 0.3, 0.0, 0.008879635154305371, 0.29836016665079307]","[158, 64, 57, 64, 82, 127, 94]","[94.03228759765625, 96.01593780517578, 86.30472564697266, 81.5779800415039, 97.50130462646484, 155.00973510742188, 119.68891143798828]"
2013-09-03,2013-09-09,733.0,9452,8575.0,"[19, 17, 9, 0, 0, 7, 14]","[2, 0, 5, 15, 20, 11, 0]","[0.0, 0.0, 0.0, 0.0014324102626680024, 0.0, 0.0, 0.0]","[64, 57, 64, 82, 127, 94, 68]","[130.25537109375, 103.62010192871094, 87.91815948486328, 102.97582244873047, 161.98326110839844, 119.92045593261719, 86.95703125]"
2013-09-04,2013-09-10,1148.0,9710,7970.0,"[13, 0, 19, 20, 20, 0, 13]","[0, 13, 0, 6, 1, 12, 0]","[0.0736329792972309, 0.29625796660551795, 0.0, 0.0, 0.0, 0.0, 0.0]","[57, 64, 82, 127, 94, 68, 57]","[78.63460540771484, 93.43692779541016, 105.13775634765625, 163.77760314941406, 125.92289733886719, 88.79146575927734, 76.82816314697266]"
2013-09-05,2013-09-11,2720.0,14024,9620.0,"[13, 11, 19, 20, 15, 12, 20]","[0, 4, 6, 0, 0, 0, 20]","[0.3, 0.0, 0.3, 0.009665471950704068, 0.0, 0.3, 0.0]","[64, 82, 127, 94, 68, 57, 261]","[78.2614974975586, 94.31201171875, 154.5339813232422, 117.80982208251953, 89.3473892211914, 74.07075500488281, 362.40313720703125]"
2013-09-06,2013-09-12,4308.0,16456,11920.0,"[7, 5, 20, 14, 8, 20, 20]","[6, 17, 0, 0, 3, 20, 20]","[0.01868693356010087, 0.0, 0.0, 0.3, 0.0, 0.0, 0.0]","[82, 127, 94, 68, 57, 261, 286]","[87.32099151611328, 150.67567443847656, 116.48759460449219, 84.9677505493164, 70.45137023925781, 366.5201110839844, 412.8708801269531]"
2013-09-07,2013-09-13,4708.0,20442,14340.0,"[3, 0, 14, 12, 20, 20, 20]","[20, 20, 0, 0, 20, 20, 20]","[0.0, 0.0, 0.0, 0.0, 0.0, 0.3, 0.0]","[127, 94, 68, 57, 261, 286, 380]","[156.96868896484375, 114.28146362304688, 83.05673217773438, 71.7142105102539, 375.3506774902344, 412.6734924316406, 545.2556762695312]"
2013-09-08,2013-09-14,6028.0,19908,13060.0,"[18, 14, 14, 20, 20, 20, 20]","[0, 0, 0, 20, 20, 20, 0]","[0.0, 0.0, 0.3, 0.0, 0.0, 0.0, 0.3]","[94, 68, 57, 261, 286, 380, 129]","[110.54474639892578, 85.61347961425781, 83.76480102539062, 394.6753845214844, 421.2566223144531, 530.2559814453125, 221.40365600585938]"
2013-09-09,2013-09-15,4584.0,18380,12660.0,"[12, 0, 20, 0, 20, 20, 20]","[0, 10, 20, 20, 20, 12, 0]","[0.3, 0.0, 0.0, 0.3, 0.0, 0.0, 0.0]","[68, 57, 261, 286, 380, 129, 106]","[71.69041442871094, 71.24321746826172, 362.5921936035156, 408.5378112792969, 544.8703002929688, 207.27252197265625, 118.55878448486328]"
2013-09-10,2013-09-16,5494.0,18156,13030.0,"[12, 20, 20, 20, 20, 17, 0]","[0, 20, 20, 20, 19, 0, 0]","[0.0, 0.0, 0.0, 0.0, 0.0, 7.46473659823995e-05, 0.0]","[57, 261, 286, 380, 129, 106, 84]","[74.59326934814453, 372.5047912597656, 413.44781494140625, 570.4364624023438, 211.37718200683594, 101.80188751220703, 73.42801666259766]"
2013-09-11,2013-09-17,6370.0,21180,12730.0,"[20, 20, 20, 20, 12, 0, 0]","[20, 20, 20, 0, 4, 10, 12]","[0.0, 0.0, 0.3, 0.0, 0.3, 0.0, 0.0]","[261, 286, 380, 129, 106, 84, 70]","[321.5968933105469, 376.3668518066406, 555.4574584960938, 170.1096954345703, 102.80946350097656, 71.91513061523438, 85.87535095214844]"
2013-09-12,2013-09-18,5508.0,16252,11000.0,"[20, 20, 20, 17, 0, 14, 12]","[20, 20, 7, 0, 10, 0, 0]","[0.0, 0.0, 0.0, 0.0, 0.0, 0.0, 0.0]","[286, 380, 129, 106, 84, 70, 65]","[348.0773620605469, 534.2158203125, 173.23260498046875, 102.465576171875, 71.3866958618164, 83.69918060302734, 75.64237213134766]"
2013-09-13,2013-09-19,3834.0,13901,9200.0,"[20, 20, 20, 13, 14, 13, 13]","[20, 7, 0, 0, 0, 0, 0]","[0.0, 0.0, 0.0, 0.0, 0.3, 0.3, 0.0]","[380, 129, 106, 84, 70, 65, 70]","[532.4620361328125, 169.34791564941406, 106.4148941040039, 75.60205841064453, 84.81439971923828, 80.36790466308594, 81.8718490600586]"
2013-09-14,2013-09-20,2537.0,10467,7545.0,"[7, 0, 12, 15, 7, 0, 10]","[17, 15, 0, 0, 5, 11, 4]","[0.0015923340466910995, 0.0, 0.13838099752130084, 0.13860693797042892, 0.0, 0.0, 0.0]","[129, 106, 84, 70, 65, 70, 110]","[163.4320068359375, 104.41069030761719, 73.19430541992188, 83.55400085449219, 75.2003173828125, 79.13585662841797, 90.24977111816406]"
2013-09-15,2013-09-21,2873.0,10287,6910.0,"[12, 10, 3, 0, 13, 15, 0]","[3, 0, 8, 10, 0, 0, 20]","[0.0, 0.0, 0.0, 0.29848838501490865, 0.0, 0.0, 0.0]","[106, 84, 70, 65, 70, 110, 138]","[91.26424407958984, 57.769561767578125, 75.17759704589844, 72.15372467041016, 78.4770278930664, 88.18126678466797, 148.6806182861328]"
2013-09-16,2013-09-22,2578.0,10752,7450.0,"[0, 5, 12, 4, 15, 0, 16]","[10, 8, 0, 8, 0, 20, 2]","[0.0, 0.0, 0.0, 0.0, 0.3, 0.0, 0.0]","[84, 70, 65, 70, 110, 138, 103]","[67.78359985351562, 88.34202575683594, 70.9147720336914, 77.88292694091797, 90.616455078125, 152.21507263183594, 107.89473724365234]"
2013-09-17,2013-09-23,2276.0,11514,7405.0,"[8, 9, 8, 1, 9, 11, 8]","[6, 3, 4, 12, 14, 6, 3]","[0.07544826523300029, 0.08806112533298605, 0.16705971214235235, 0.1980751782327762, 0.20293298615313501, 0.2004689892574146, 0.09115894448246856]","[70, 65, 70, 110, 138, 103, 63]","[78.85841369628906, 74.13105773925781, 75.58541107177734, 88.61237335205078, 149.71250915527344, 108.69583129882812, 81.00537109375]"
2013-09-18,2013-09-24,2784.0,10938,7040.0,"[0, 0, 15, 11, 18, 12, 12]","[11, 11, 0, 12, 0, 0, 0]","[0.2958212631197979, 0.0, 0.0, 0.0, 0.29527889779870625, 0.0, 0.0]","[65, 70, 110, 138, 103, 63, 65]","[79.24920654296875, 80.90119171142578, 90.1415023803711, 149.08372497558594, 106.79009246826172, 75.50264739990234, 70.520751953125]"
2013-09-19,2013-09-25,2511.0,11018,7205.0,"[4, 12, 16, 10, 4, 5, 7]","[7, 2, 8, 7, 8, 6, 5]","[0.18568905367682995, 0.13865574361851316, 0.08398873972240346, 0.210591471808129, 0.08159528072454884, 0.0873048644319773, 0.13414020344170485]","[70, 110, 138, 103, 63, 65, 67]","[74.89669036865234, 83.67022705078125, 153.15350341796875, 109.1049575805664, 78.98649597167969, 74.54361724853516, 77.6898422241211]"
2013-09-20,2013-09-26,2632.0,10497,7230.0,"[14, 15, 3, 13, 0, 14, 13]","[0, 10, 13, 0, 10, 0, 0]","[0.02552089770935463, 0.0, 0.0, 0.0, 0.3, 0.0, 0.07638645885683423]","[110, 138, 103, 63, 65, 67, 74]","[84.94207763671875, 158.12786865234375, 110.95092010498047, 80.4809341430664, 72.29460906982422, 82.60452270507812, 78.82892608642578]"
2013-09-21,2013-09-27,2240.0,11444,7655.0,"[14, 9, 5, 3, 10, 6, 11]","[8, 9, 8, 8, 4, 7, 4]","[0.19977194824227545, 0.07975775056333986, 0.138896537778801, 0.17780494446266676, 0.0909988932620245, 0.17671414983740247, 0.13833404211380027]","[138, 103, 63, 65, 67, 74, 98]","[140.23068237304688, 116.7010498046875, 88.38978576660156, 72.58515167236328, 88.63823699951172, 90.05767059326172, 95.49365997314453]"
2013-09-22,2013-09-28,2362.0,9427,6460.0,"[18, 13, 11, 0, 0, 4, 0]","[0, 0, 0, 11, 11, 0, 20]","[0.0, 0.3, 0.0, 0.0, 0.0, 0.0009926656322006796, 0.0]","[103, 63, 65, 67, 74, 98, 151]","[108.34149932861328, 76.0634765625, 69.15878295898438, 80.17987060546875, 79.30864715576172, 26.034841537475586, 147.6721649169922]"
2013-09-23,2013-09-29,2260.0,9169,6070.0,"[12, 0, 13, 1, 0, 20, 17]","[0, 10, 0, 10, 4, 0, 0]","[0.0, 0.3, 0.03327305244823089, 0.0, 0.3, 0.0, 0.0]","[63, 65, 67, 74, 98, 151, 95]","[73.21903991699219, 68.25084686279297, 79.3067626953125, 77.65538024902344, 30.709177017211914, 144.87660217285156, 99.90254211425781]"
2013-09-24,2013-09-30,2924.0,9688,6240.0,"[9, 11, 12, 13, 16, 0, 11]","[0, 0, 0, 0, 6, 14, 0]","[0.3, 0.0, 0.0, 0.00020533691703614925, 0.0, 0.0, 0.0]","[65, 67, 74, 98, 151, 95, 51]","[54.52796936035156, 68.12097930908203, 71.6020278930664, 81.0794906616211, 135.5997772216797, 97.86625671386719, 66.23149871826172]"
2013-09-25,2013-10-01,2205.0,10312,6850.0,"[4, 4, 7, 11, 7, 6, 5]","[6, 7, 6, 10, 8, 5, 7]","[0.14485101189632874, 0.08611798840629688, 0.08716965260758386, 0.17644551324774702, 0.08152028035870779, 0.1985475685793337, 0.08087180288760355]","[67, 74, 98, 151, 95, 51, 51]","[67.91646575927734, 70.70640563964844, 87.84036254882812, 133.65029907226562, 98.0490951538086, 71.15599060058594, 81.37669372558594]"
2013-09-26,2013-10-02,2042.0,9195,5610.0,"[12, 3, 20, 17, 0, 11, 12]","[0, 0, 2, 0, 9, 0, 0]","[0.0, 0.3, 0.21926993980103357, 0.3, 0.0, 0.0, 0.0]","[74, 98, 151, 95, 51, 51, 63]","[72.12281799316406, 21.151765823364258, 145.95730590820312, 102.56800842285156, 66.50880432128906, 66.466064453125, 74.20164489746094]"
2013-09-27,2013-10-03,2818.0,9867,6520.0,"[15, 20, 16, 0, 0, 11, 11]","[0, 4, 0, 10, 10, 0, 0]","[0.0, 0.0, 0.0, 0.0, 0.20772049370619328, 0.1723359387598043, 0.0]","[98, 151, 95, 51, 51, 63, 79]","[87.83638000488281, 145.80918884277344, 94.25892639160156, 69.40672302246094, 72.20214080810547, 73.06622314453125, 67.99610900878906]"
2013-09-28,2013-10-04,2277.0,10047,7340.0,"[13, 19, 6, 3, 13, 7, 16]","[9, 0, 6, 9, 0, 6, 0]","[0.0, 0.0, 0.0, 0.2948285476470359, 0.007209172650364009, 0.0, 0.0]","[151, 95, 51, 51, 63, 79, 107]","[139.98724365234375, 112.63275146484375, 78.1982192993164, 79.83349609375, 80.80347442626953, 79.84395599365234, 96.99657440185547]"
2013-09-29,2013-10-05,1990.0,11043,7770.0,"[12, 6, 6, 7, 5, 8, 15]","[6, 6, 6, 6, 7, 7, 9]","[0.13861981188183026, 0.1384231772894824, 0.0875702564583995, 0.17506793014709796, 0.1629015297969474, 0.07807297495031959, 0.13904659637372713]","[95, 51, 51, 63, 79, 107, 176]","[113.64221954345703, 78.03569793701172, 80.70121002197266, 81.61001586914062, 80.59537506103516, 97.70912170410156, 158.55564880371094]"
2013-09-30,2013-10-06,2486.0,11261,7380.0,"[6, 3, 5, 6, 6, 13, 13]","[4, 8, 6, 5, 8, 12, 4]","[0.13838705907527735, 0.1391781421603168, 0.07239927834972709, 0.13821119066983575, 0.13907189878909607, 0.15106089177600251, 0.13890798248877545]","[51, 51, 63, 79, 107, 176, 114]","[65.35456848144531, 75.31317138671875, 71.50049591064453, 69.36489868164062, 100.25789642333984, 161.1951446533203, 105.81024932861328]"
2013-10-01,2013-10-07,2956.0,10896,7390.0,"[13, 13, 13, 0, 20, 4, 13]","[0, 0, 0, 14, 5, 12, 0]","[0.0, 0.0, 0.2977522557167931, 0.001728033757549255, 0.0, 0.0, 0.0]","[51, 63, 79, 107, 176, 114, 65]","[78.70516204833984, 80.1384048461914, 79.4477767944336, 96.40567779541016, 157.95718383789062, 110.59095764160156, 78.91325378417969]"
2013-10-02,2013-10-08,3153.0,9622,6335.0,"[0, 13, 3, 20, 14, 0, 0]","[11, 0, 11, 5, 4, 0, 9]","[0.0, 0.0, 0.0, 0.0, 0.0, 0.3, 0.0]","[63, 79, 107, 176, 114, 65, 70]","[76.83589935302734, 77.32366943359375, 95.74969482421875, 157.2623748779297, 110.72074127197266, 78.6723861694336, 65.48189544677734]"
2013-10-03,2013-10-09,3364.0,11564,7150.0,"[7, 9, 13, 11, 6, 8, 5]","[5, 6, 9, 8, 6, 2, 6]","[0.08732569084263421, 0.08545009388287321, 0.1383627871842285, 0.08159744727094681, 0.13895016836620974, 0.08778018130646645, 0.17556380060942534]","[79, 107, 176, 114, 65, 70, 74]","[76.51046752929688, 96.16754913330078, 156.8484344482422, 110.96871185302734, 78.7313461303711, 66.27705383300781, 73.50338745117188]"
2013-10-04,2013-10-10,3658.0,10897,7180.0,"[8, 11, 0, 7, 11, 12, 12]","[7, 13, 16, 5, 0, 0, 0]","[0.0, 0.0, 0.0, 0.0, 0.0, 0.0, 0.0]","[107, 176, 114, 65, 70, 74, 90]","[95.2198486328125, 156.82766723632812, 109.7822265625, 77.70545196533203, 64.8099365234375, 72.64035034179688, 74.45718383789062]"
2013-10-05,2013-10-11,3450.0,11441,7370.0,"[3, 17, 7, 11, 12, 0, 11]","[20, 1, 5, 0, 0, 10, 6]","[0.0, 0.0, 0.07928702416378437, 0.0, 0.3, 0.0, 0.0]","[176, 114, 65, 70, 74, 90, 118]","[157.2932586669922, 110.57331085205078, 77.92523193359375, 64.87932586669922, 73.19239807128906, 74.73782348632812, 111.4664306640625]"
2013-10-06,2013-10-12,3269.0,12320,8215.0,"[10, 13, 2, 0, 0, 15, 20]","[7, 0, 8, 10, 1, 3, 20]","[0.0, 0.0, 0.0, 0.0, 0.3, 0.3, 0.0015051024147298578]","[114, 65, 70, 74, 90, 118, 660]","[111.42168426513672, 78.63512420654297, 65.89166259765625, 73.69705200195312, 75.33528137207031, 111.95340728759766, 505.5403137207031]"
2013-10-07,2013-10-13,3782.0,12973,8845.0,"[5, 7, 10, 11, 0, 0, 20]","[5, 0, 0, 0, 17, 19, 20]","[0.29857894387929274, 0.0, 0.0, 0.0, 0.0, 0.0, 0.0]","[65, 70, 74, 90, 118, 660, 514]","[64.95210266113281, 45.265625, 62.6475830078125, 68.03299713134766, 122.76836395263672, 521.3283081054688, 485.0500183105469]"
2013-10-08,2013-10-14,5424.0,17972,12380.0,"[0, 11, 12, 0, 20, 20, 20]","[0, 0, 0, 20, 20, 20, 20]","[0.3, 0.0, 0.3, 0.0, 0.0, 0.0, 0.0]","[70, 74, 90, 118, 660, 514, 300]","[44.524532318115234, 65.76760864257812, 70.89704132080078, 125.36095428466797, 518.912353515625, 480.0954284667969, 369.51531982421875]"
2013-10-09,2013-10-15,6516.0,17714,11540.0,"[12, 12, 20, 20, 20, 20, 0]","[0, 0, 0, 20, 20, 20, 0]","[4.352250505129985e-06, 0.0012333950254207918, 0.0017665141681595324, 0.0, 0.0, 0.0, 0.3]","[74, 90, 118, 660, 514, 300, 69]","[73.73030853271484, 75.22683715820312, 111.70514678955078, 504.93096923828125, 480.73760986328125, 383.19970703125, 76.71078491210938]"
2013-10-10,2013-10-16,6774.0,19303,12060.0,"[0, 20, 20, 20, 20, 9, 0]","[11, 0, 20, 20, 20, 0, 10]","[0.0, 0.0, 0.016785263626822734, 0.0, 0.0, 0.3, 0.3]","[90, 118, 660, 514, 300, 69, 74]","[77.02645874023438, 124.92176818847656, 530.7036743164062, 497.8984069824219, 366.6739501953125, 52.6805305480957, 73.08419799804688]"
2013-10-11,2013-10-17,6620.0,19045,11970.0,"[20, 20, 20, 20, 8, 12, 15]","[0, 20, 20, 20, 0, 0, 0]","[0.0, 0.0, 0.0, 0.0, 0.3, 0.3, 0.0]","[118, 660, 514, 300, 69, 74, 67]","[127.36044311523438, 533.3734130859375, 496.81402587890625, 365.88006591796875, 51.730350494384766, 75.97274780273438, 89.2252426147461]"
2013-10-12,2013-10-18,6210.0,18321,12000.0,"[20, 20, 20, 0, 0, 15, 17]","[20, 20, 20, 7, 10, 0, 0]","[0.0, 0.0, 0.0, 0.0, 0.0, 0.3, 0.0]","[660, 514, 300, 69, 74, 67, 92]","[532.2059326171875, 496.00640869140625, 373.37445068359375, 51.25125503540039, 73.6253662109375, 90.87824249267578, 103.87960815429688]"
2013-10-13,2013-10-19,4236.0,13483,8990.0,"[20, 20, 8, 12, 20, 17, 20]","[20, 0, 0, 0, 0, 0, 0]","[0.0, 0.0, 0.3, 0.0, 0.0, 0.0, 0.0]","[514, 300, 69, 74, 67, 92, 140]","[477.6962585449219, 358.71673583984375, 45.8248176574707, 72.67766571044922, 81.7563705444336, 101.20249938964844, 159.256591796875]"
2013-10-14,2013-10-20,3857.0,14516,9510.0,"[20, 0, 12, 15, 16, 20, 0]","[20, 8, 0, 0, 0, 6, 16]","[0.0, 0.031370808896223186, 0.0, 0.2936395994618696, 0.0, 0.2936700226291276, 0.0]","[300, 69, 74, 67, 92, 140, 106]","[398.51513671875, 53.765235900878906, 69.79100799560547, 88.75959014892578, 98.42607116699219, 160.63980102539062, 113.6479721069336]"
2013-10-15,2013-10-21,2456.0,10242,7280.0,"[0, 12, 13, 0, 19, 12, 13]","[8, 0, 1, 14, 6, 6, 0]","[0.3, 0.0, 0.0, 0.0, 0.0, 0.0, 0.0038117589397650385]","[69, 74, 67, 92, 140, 106, 53]","[55.26616668701172, 72.29064178466797, 87.1434326171875, 98.53562927246094, 159.1005401611328, 112.61493682861328, 77.57132720947266]"
2013-10-16,2013-10-22,2596.0,10053,7270.0,"[11, 9, 17, 16, 20, 12, 11]","[2, 5, 0, 9, 0, 0, 0]","[0.07899046227416004, 0.0, 0.0028926980803686067, 0.0, 0.0, 0.0, 0.0]","[74, 67, 92, 140, 106, 53, 55]","[80.22270965576172, 89.66905975341797, 101.2203598022461, 157.29734802246094, 118.50428009033203, 74.08940887451172, 73.85613250732422]"
2013-10-17,2013-10-23,2089.0,10657,7560.0,"[11, 8, 10, 8, 4, 5, 7]","[3, 7, 14, 9, 6, 7, 5]","[0.07515723819759247, 0.17753529045751099, 0.08240409197530751, 0.13841290446240156, 0.023706035900452976, 0.088838337103496, 0.13503402059788136]","[67, 92, 140, 106, 53, 55, 71]","[87.02029418945312, 99.53543853759766, 160.0482635498047, 114.6744384765625, 65.85267639160156, 77.12236022949219, 79.21897888183594]"
2013-10-18,2013-10-24,2471.0,11345,7005.0,"[4, 20, 12, 12, 11, 12, 4]","[11, 4, 6, 0, 0, 0, 7]","[0.0, 0.0, 0.3, 0.3, 0.22515502392975706, 0.29712290438622324, 0.0]","[92, 140, 106, 53, 55, 71, 73]","[99.67617797851562, 152.77752685546875, 116.9322509765625, 75.26144409179688, 65.39804077148438, 70.29972839355469, 75.16974639892578]"
2013-10-19,2013-10-25,2655.0,10754,7645.0,"[20, 20, 16, 12, 12, 0, 20]","[5, 0, 0, 0, 0, 11, 0]","[0.0, 0.0, 0.3, 0.0, 0.0, 0.03456543849912826, 0.0]","[140, 106, 53, 55, 71, 73, 119]","[153.12132263183594, 127.86820983886719, 95.04510498046875, 72.58365631103516, 74.5875244140625, 77.37464904785156, 120.20997619628906]"
2013-10-20,2013-10-26,2702.0,11267,7615.0,"[13, 5, 7, 7, 7, 8, 11]","[4, 5, 4, 4, 5, 12, 11]","[0.08262317125821712, 0.08466894374433959, 0.1482957760456745, 0.17966200618681083, 0.07097987351168679, 0.08911775090100552, 0.07821669400680038]","[106, 53, 55, 71, 73, 119, 151]","[107.63225555419922, 67.54308319091797, 69.1937484741211, 67.85443115234375, 77.7790298461914, 134.33401489257812, 150.36630249023438]"
2013-10-21,2013-10-27,2982.0,10268,7190.0,"[0, 7, 11, 0, 20, 12, 9]","[10, 3, 0, 11, 0, 11, 5]","[0.0, 0.0, 0.0, 0.0, 0.0, 0.0, 0.0010357378982409232]","[53, 55, 71, 73, 119, 151, 108]","[68.22923278808594, 65.42402648925781, 68.8238754272461, 77.8892593383789, 132.97869873046875, 149.85089111328125, 92.35692596435547]"
2013-10-22,2013-10-28,3449.0,10616,6975.0,"[6, 5, 12, 10, 17, 9, 7]","[4, 5, 0, 8, 8, 5, 4]","[0.13884374454490436, 0.0, 0.0, 0.0, 0.0, 0.0, 0.03204063518688129]","[55, 71, 73, 119, 151, 108, 76]","[64.50332641601562, 67.11060333251953, 75.62176513671875, 112.58781433105469, 156.35438537597656, 89.8331069946289, 71.10456848144531]"
2013-10-23,2013-10-29,3186.0,11835,6960.0,"[7, 6, 9, 11, 8, 4, 9]","[3, 5, 8, 12, 5, 7, 3]","[0.16861543990085753, 0.13849615118718023, 0.20639525505166756, 0.0864495308878098, 0.15908561867453422, 0.17911276250428534, 0.1812699834320003]","[71, 73, 119, 151, 108, 76, 76]","[64.01090240478516, 72.31192779541016, 110.05330657958984, 156.37718200683594, 86.3345718383789, 74.18000793457031, 74.78905487060547]"
2013-10-24,2013-10-30,3434.0,11919,6900.0,"[13, 20, 0, 16, 11, 10, 12]","[0, 1, 20, 0, 1, 0, 0]","[0.2985454084603215, 0.29701116327112526, 0.0, 0.0, 0.0, 0.2985632175530424, 0.0]","[73, 119, 151, 108, 76, 76, 66]","[76.14820861816406, 130.61517333984375, 144.11688232421875, 98.5836181640625, 73.72118377685547, 58.436744689941406, 74.85472869873047]"
2013-10-25,2013-10-31,2815.0,10761,7130.0,"[10, 0, 5, 13, 9, 12, 12]","[9, 20, 9, 0, 0, 0, 2]","[0.2947686900619198, 0.0, 0.0, 0.0, 0.0, 0.0, 0.0]","[119, 151, 108, 76, 76, 66, 50]","[125.29855346679688, 153.951904296875, 96.2652587890625, 76.5315933227539, 52.396968841552734, 73.23242950439453, 86.1256332397461]"
2013-10-26,2013-11-01,2247.0,11162,7245.0,"[4, 15, 12, 2, 12, 0, 18]","[19, 0, 0, 9, 0, 11, 0]","[0.3, 0.0, 0.3, 0.0, 0.00015586310537507177, 0.0, 0.0]","[151, 108, 76, 76, 66, 50, 87]","[157.29757690429688, 89.2475357055664, 75.04163360595703, 74.87010192871094, 73.73680877685547, 79.10772705078125, 121.08313751220703]"
2013-10-27,2013-11-02,1542.0,10312,7670.0,"[0, 0, 12, 5, 10, 7, 18]","[12, 10, 0, 6, 2, 11, 9]","[0.0005820742086164489, 0.0, 0.3, 0.3, 0.0, 0.0, 0.0]","[108, 76, 76, 66, 50, 87, 137]","[88.06044006347656, 72.47781372070312, 73.39925384521484, 73.247314453125, 77.63728332519531, 120.7053451538086, 172.265869140625]"
2013-10-28,2013-11-03,1598.0,11049,8270.0,"[9, 5, 5, 2, 12, 12, 6]","[4, 4, 7, 11, 6, 13, 13]","[0.22633572248059847, 0.07236051585074113, 0.14716838609513008, 0.08808816726013384, 0.09106820293659001, 0.09098099080201907, 0.13848146844239173]","[76, 76, 66, 50, 87, 137, 121]","[83.19364166259766, 55.450687408447266, 76.90817260742188, 82.05101776123047, 115.29537200927734, 166.51473999023438, 129.322265625]"
2013-10-29,2013-11-04,1900.0,10785,7660.0,"[5, 4, 10, 10, 16, 14, 4]","[4, 8, 4, 7, 9, 6, 6]","[0.22628845138118195, 0.0894263367735979, 0.19953995005220276, 0.08499271950600054, 0.1384755696090622, 0.1391293578598713, 0.03555965319083846]","[76, 66, 50, 87, 137, 121, 57]","[53.97051239013672, 75.77812957763672, 84.79291534423828, 110.1644287109375, 181.7859649658203, 134.88491821289062, 64.87681579589844]"
2013-10-30,2013-11-05,2017.0,10596,7525.0,"[11, 6, 17, 11, 11, 4, 4]","[1, 6, 2, 15, 8, 6, 5]","[0.08603607148268969, 0.07937551042620292, 0.20402059567216874, 0.024112614900526335, 0.08197706617117455, 0.20343941101132623, 0.13842976662917073]","[66, 50, 87, 137, 121, 57, 69]","[76.07079315185547, 79.93123626708984, 120.18695831298828, 172.4461669921875, 128.33897399902344, 68.4431381225586, 66.09688568115234]"
2013-10-31,2013-11-06,1854.0,10759,7700.0,"[14, 6, 19, 7, 10, 12, 8]","[0, 11, 7, 12, 2, 0, 4]","[0.032042300117149626, 0.3, 0.019625564775108118, 0.0, 0.0, 0.3, 0.0]","[50, 87, 137, 121, 57, 69, 66]","[81.27803039550781, 114.22824096679688, 165.42991638183594, 127.35787200927734, 76.02677154541016, 71.39261627197266, 75.4459457397461]"
2013-11-01,2013-11-07,2350.0,11339,7565.0,"[8, 19, 13, 1, 2, 12, 11]","[9, 7, 7, 10, 8, 0, 1]","[0.2962978712481589, 0.0, 0.030407760169146848, 0.0, 0.29845424649103264, 0.2964087603901364, 0.0]","[87, 137, 121, 57, 69, 66, 66]","[113.43229675292969, 164.92111206054688, 127.94279479980469, 76.02066040039062, 70.70040893554688, 75.28318786621094, 75.57632446289062]"
2013-11-02,2013-11-08,2714.0,10799,7170.0,"[15, 10, 8, 9, 6, 4, 4]","[11, 9, 4, 1, 5, 5, 9]","[0.08450326360860096, 0.1382074932234712, 0.08466782769719694, 0.08026952335788433, 0.13858844390278105, 0.03308173490708431, 0.13857775330624975]","[137, 121, 57, 69, 66, 66, 116]","[172.16868591308594, 126.28347778320312, 73.66934204101562, 61.85981750488281, 70.3003921508789, 70.44800567626953, 89.02162170410156]"
2013-11-03,2013-11-09,3431.0,12834,8580.0,"[18, 0, 0, 12, 11, 0, 20]","[2, 10, 9, 0, 0, 12, 20]","[0.012474124085274886, 0.0, 0.2983739632083163, 0.0, 0.3, 0.0, 0.0]","[121, 57, 69, 66, 66, 116, 670]","[121.5505142211914, 69.68601989746094, 63.385406494140625, 70.55013275146484, 68.76634216308594, 86.1553955078125, 694.4910888671875]"
2013-11-04,2013-11-10,3585.0,13393,8540.0,"[13, 12, 12, 12, 15, 20, 20]","[0, 0, 0, 0, 0, 20, 0]","[0.21852357213302598, 0.0, 0.08909454486369692, 0.3, 0.2965232783330569, 0.0, 0.0]","[57, 69, 66, 66, 116, 670, 513]","[77.65975189208984, 70.2061767578125, 74.64866638183594, 74.23361206054688, 89.54655456542969, 664.2516479492188, 554.18505859375]"
2013-11-05,2013-11-11,5486.0,17460,11760.0,"[11, 0, 0, 15, 20, 20, 20]","[0, 0, 10, 0, 20, 20, 20]","[0.0, 0.3, 0.08023599404326591, 0.26089233575432647, 0.0, 0.0, 0.0]","[69, 66, 66, 116, 670, 513, 463]","[66.0753173828125, 72.2950439453125, 71.71589660644531, 88.16674041748047, 667.0589599609375, 551.3491821289062, 359.2735290527344]"
2013-11-06,2013-11-12,5714.0,20054,12470.0,"[0, 11, 0, 20, 20, 20, 13]","[11, 0, 14, 20, 20, 20, 0]","[0.0, 0.0, 0.0, 0.3, 0.0, 0.0, 0.29646690500909173]","[66, 66, 116, 670, 513, 463, 72]","[75.32732391357422, 68.05821990966797, 96.26992797851562, 658.032470703125, 557.637939453125, 340.8638000488281, 80.90576171875]"
2013-11-07,2013-11-13,6850.0,18360,11890.0,"[13, 16, 20, 20, 20, 14, 11]","[0, 0, 20, 20, 20, 0, 0]","[0.0, 0.0, 0.0, 0.0, 0.0, 0.0, 0.0]","[66, 116, 670, 513, 463, 72, 68]","[75.4880599975586, 94.08096313476562, 652.5711059570312, 555.1817016601562, 356.6317443847656, 82.54324340820312, 68.11784362792969]"
2013-11-08,2013-11-14,5936.0,16464,10140.0,"[15, 20, 20, 20, 0, 0, 12]","[0, 20, 20, 20, 0, 0, 0]","[0.3, 0.0, 0.0, 0.0, 0.19693677732725012, 0.3, 0.0]","[116, 670, 513, 463, 72, 68, 79]","[88.4614028930664, 659.9173583984375, 556.5621948242188, 357.0684509277344, 81.0001220703125, 68.78685760498047, 74.4997787475586]"
2013-11-09,2013-11-15,6842.0,18924,11970.0,"[20, 20, 20, 0, 11, 12, 17]","[20, 20, 20, 11, 0, 0, 0]","[0.0, 0.0, 0.0, 0.3, 0.0, 0.0, 0.0]","[670, 513, 463, 72, 68, 79, 102]","[666.7843627929688, 551.8612060546875, 361.2969665527344, 77.42045593261719, 68.35066223144531, 71.54266357421875, 101.07463073730469]"
2013-11-10,2013-11-16,4874.0,17187,11880.0,"[20, 20, 0, 15, 0, 20, 0]","[20, 20, 13, 0, 13, 0, 20]","[0.0, 0.0, 0.0, 0.0, 0.0, 0.3, 0.0]","[513, 463, 72, 68, 79, 102, 188]","[536.4231567382812, 319.5615234375, 92.80905151367188, 89.038330078125, 92.03614044189453, 107.82757568359375, 165.08944702148438]"
2013-11-11,2013-11-17,4782.0,15308,9090.0,"[20, 5, 12, 10, 16, 20, 20]","[20, 7, 0, 2, 0, 2, 0]","[0.29471096050181594, 0.012420916855014504, 0.0, 0.023296208006861528, 0.0, 0.0, 0.032773254404462465]","[463, 72, 68, 79, 102, 188, 140]","[341.8973388671875, 80.3744888305664, 69.91499328613281, 73.77532958984375, 95.1492691040039, 140.95530700683594, 135.39901733398438]"
2013-11-12,2013-11-18,3358.0,11976,7270.0,"[0, 2, 12, 16, 13, 20, 15]","[11, 8, 0, 0, 9, 0, 0]","[0.0, 0.0, 0.3, 0.3, 0.0, 0.07450315193623883, 0.0]","[72, 68, 79, 102, 188, 140, 79]","[81.07389068603516, 70.3838119506836, 75.31830596923828, 97.19983673095703, 140.31414794921875, 133.7767791748047, 93.95498657226562]"
2013-11-13,2013-11-19,3227.0,11662,8065.0,"[13, 14, 16, 20, 15, 11, 11]","[0, 0, 0, 5, 5, 5, 6]","[0.0, 0.0, 0.0, 0.0, 0.0, 0.0, 0.26064245190707436]","[68, 79, 102, 188, 140, 79, 68]","[78.28466033935547, 82.58660125732422, 100.18109893798828, 155.1721649169922, 126.17990112304688, 103.38548278808594, 111.05787658691406]"
2013-11-14,2013-11-20,3026.0,11339,8280.0,"[9, 5, 2, 10, 0, 18, 0]","[3, 10, 20, 9, 12, 0, 12]","[0.0, 0.0, 0.0, 0.0, 0.0, 0.0, 0.0]","[79, 102, 188, 140, 79, 68, 70]","[76.80379486083984, 102.05028533935547, 154.0767364501953, 122.8636474609375, 85.01778411865234, 111.76683044433594, 82.31832885742188]"
2013-11-15,2013-11-21,3368.0,12048,8160.0,"[20, 20, 0, 14, 0, 14, 14]","[0, 4, 19, 0, 14, 0, 0]","[0.0, 0.0, 0.0, 0.0, 0.0, 0.0, 0.29548817552377454]","[102, 188, 140, 79, 68, 70, 84]","[108.63374328613281, 146.46861267089844, 131.3662567138672, 86.18524932861328, 102.27619171142578, 86.08641815185547, 87.4621353149414]"
2013-11-16,2013-11-22,3504.0,12102,7735.0,"[8, 13, 14, 15, 2, 12, 16]","[13, 9, 1, 0, 9, 0, 1]","[0.29753000147227215, 0.0, 0.0, 0.0, 0.0, 0.0, 0.0]","[188, 140, 79, 68, 70, 84, 108]","[141.56039428710938, 138.37521362304688, 90.95258331298828, 88.54583740234375, 75.35598754882812, 78.47797393798828, 103.26265716552734]"
2013-11-17,2013-11-23,3144.0,12835,9250.0,"[20, 0, 8, 14, 7, 8, 11]","[2, 13, 8, 0, 6, 10, 18]","[0.0, 0.0, 0.3, 0.01573271974074684, 0.0, 0.0, 0.0]","[140, 79, 68, 70, 84, 108, 230]","[136.75912475585938, 94.40400695800781, 103.91535949707031, 86.85618591308594, 86.7921371459961, 118.22671508789062, 195.2570343017578]"
2013-11-18,2013-11-24,1682.0,12063,9880.0,"[14, 9, 3, 15, 4, 20, 20]","[0, 7, 10, 0, 14, 0, 20]","[0.0, 0.0, 0.3, 0.0, 0.0, 0.0, 0.0]","[79, 68, 70, 84, 108, 230, 160]","[87.25218963623047, 104.00169372558594, 86.02873229980469, 89.49309539794922, 122.46268463134766, 212.7552947998047, 288.2822265625]"
2013-11-19,2013-11-25,2210.0,13224,10450.0,"[0, 0, 13, 0, 20, 20, 0]","[13, 11, 0, 15, 9, 20, 14]","[0.0, 0.0, 0.0, 0.0, 0.0, 0.0, 0.3]","[68, 70, 84, 108, 230, 160, 88]","[88.8517837524414, 74.70088195800781, 77.53358459472656, 103.99850463867188, 185.47589111328125, 294.7287292480469, 97.27664947509766]"
2013-11-20,2013-11-26,3266.0,12855,9120.0,"[0, 12, 9, 15, 20, 12, 12]","[10, 0, 8, 13, 20, 0, 0]","[0.0, 0.0, 0.0012078467379342084, 0.0, 0.0, 0.3, 0.0]","[70, 84, 108, 230, 160, 88, 85]","[71.2771224975586, 74.42833709716797, 108.55844116210938, 183.37533569335938, 310.6001892089844, 72.36473083496094, 73.90945434570312]"
2013-11-21,2013-11-27,3648.0,14347,9530.0,"[12, 18, 18, 20, 13, 13, 16]","[0, 0, 13, 20, 0, 0, 0]","[0.3, 0.3, 0.0, 0.0, 0.0, 0.0, 0.0]","[84, 108, 230, 160, 88, 85, 175]","[71.10674285888672, 109.31886291503906, 197.40309143066406, 291.0523376464844, 80.7509765625, 77.86087036132812, 96.20499420166016]"
2013-11-22,2013-11-28,4031.0,14994,11145.0,"[20, 20, 20, 15, 14, 0, 0]","[0, 11, 20, 0, 0, 15, 20]","[0.0, 0.0, 0.0, 0.0, 0.0, 0.0, 0.0]","[108, 230, 160, 88, 85, 175, 393]","[116.28206634521484, 198.06314086914062, 286.8272705078125, 87.9883041381836, 82.6278305053711, 103.80913543701172, 273.8536376953125]"
2013-11-23,2013-11-29,4994.0,20638,14500.0,"[14, 20, 0, 13, 10, 20, 20]","[14, 20, 14, 0, 8, 20, 20]","[0.0, 0.3, 0.0, 0.2989540119067574, 0.0, 0.0, 0.0]","[230, 160, 88, 85, 175, 393, 818]","[181.14541625976562, 293.9903259277344, 96.2705307006836, 77.13800811767578, 115.76374816894531, 263.7096252441406, 594.3477783203125]"
2013-11-24,2013-11-30,5404.0,20277,14620.0,"[20, 11, 0, 0, 20, 20, 12]","[20, 3, 11, 15, 20, 20, 20]","[0.0, 0.3, 0.0, 0.09122563059935772, 0.0, 0.0, 0.0]","[160, 88, 85, 175, 393, 818, 265]","[295.9137268066406, 89.91667938232422, 81.15726470947266, 102.78524017333984, 275.87994384765625, 658.9546508789062, 209.91639709472656]"
2013-11-25,2013-12-01,6131.0,19336,13325.0,"[6, 1, 0, 19, 20, 20, 20]","[7, 10, 13, 15, 20, 12, 15]","[0.0, 0.21616116503937832, 0.0, 0.0, 0.0, 0.0, 0.0]","[88, 85, 175, 393, 818, 265, 189]","[85.83167266845703, 75.80789184570312, 93.7578125, 218.7577667236328, 652.0286865234375, 205.44776916503906, 225.3731689453125]"
2013-11-26,2013-12-02,6793.0,20723,13705.0,"[0, 17, 20, 20, 20, 20, 0]","[11, 0, 20, 20, 13, 12, 15]","[0.0, 0.3, 0.0, 0.0, 0.0, 0.0, 0.0]","[85, 175, 393, 818, 265, 189, 90]","[75.30166625976562, 102.82708740234375, 268.18304443359375, 552.0104370117188, 211.24473571777344, 206.834716796875, 103.44107818603516]"
2013-11-27,2013-12-03,6106.0,19244,13570.0,"[1, 13, 20, 20, 20, 20, 19]","[14, 20, 20, 12, 14, 0, 0]","[0.0020654120100423116, 0.0, 0.0, 0.0, 0.010285755658742152, 0.0, 0.0030692780729821663]","[175, 393, 818, 265, 189, 90, 67]","[102.29872131347656, 217.18008422851562, 656.468505859375, 205.21609497070312, 221.77450561523438, 121.53963470458984, 112.48710632324219]"
2013-11-28,2013-12-04,6288.0,19822,14000.0,"[20, 20, 11, 20, 19, 0, 20]","[19, 20, 20, 12, 0, 16, 0]","[0.0, 0.0, 0.0, 0.0, 0.0, 0.0, 0.0]","[393, 818, 265, 189, 90, 67, 101]","[249.34678649902344, 670.6458740234375, 204.2523193359375, 207.70448303222656, 113.62981414794922, 110.5707778930664, 132.24090576171875]"
2013-11-29,2013-12-05,4439.0,17561,13455.0,"[20, 16, 20, 19, 17, 0, 20]","[20, 20, 12, 0, 0, 17, 8]","[0.0, 0.0, 0.0, 0.0, 0.0, 0.0, 0.0]","[818, 265, 189, 90, 67, 101, 90]","[586.2474365234375, 234.6004638671875, 207.55630493164062, 112.89826202392578, 100.27529907226562, 119.582763671875, 176.96762084960938]"
2013-11-30,2013-12-06,2585.0,16300,11895.0,"[20, 14, 20, 18, 20, 20, 20]","[14, 20, 0, 0, 0, 9, 0]","[0.3, 0.0, 0.0, 0.3, 0.0, 0.0, 0.0]","[265, 189, 90, 67, 101, 90, 125]","[216.03456115722656, 222.24676513671875, 119.72980499267578, 108.19843292236328, 136.81405639648438, 184.83651733398438, 162.21009826660156]"
2013-12-01,2013-12-07,719.0,14989,13715.0,"[20, 20, 0, 19, 9, 20, 17]","[16, 0, 16, 4, 20, 7, 20]","[0.0, 0.0, 0.0, 0.3, 0.0, 0.0, 0.0]","[189, 90, 67, 101, 90, 125, 190]","[232.68960571289062, 116.93720245361328, 111.09663391113281, 142.68246459960938, 193.1736297607422, 170.6787872314453, 240.52297973632812]"
2013-12-02,2013-12-08,938.0,15043,13330.0,"[0, 0, 0, 8, 15, 16, 9]","[16, 14, 19, 20, 11, 20, 20]","[0.25487984430528765, 0.3, 0.0, 0.0, 0.0, 0.0, 0.0]","[90, 67, 101, 90, 125, 190, 181]","[112.6115493774414, 101.26628112792969, 135.1457977294922, 191.06048583984375, 164.65673828125, 236.6212615966797, 193.78932189941406]"
2013-12-03,2013-12-09,2024.0,15041,12415.0,"[0, 0, 20, 20, 20, 20, 0]","[13, 19, 9, 6, 16, 10, 15]","[0.0, 0.0, 0.0, 0.29279333325633883, 0.0, 0.0, 0.0]","[67, 101, 90, 125, 190, 181, 94]","[93.53760528564453, 130.31614685058594, 184.61720275878906, 163.59072875976562, 236.42599487304688, 189.9950714111328, 103.61918640136719]"
2013-12-04,2013-12-10,2401.0,15433,12525.0,"[20, 4, 1, 15, 10, 20, 0]","[0, 20, 20, 20, 19, 0, 19]","[0.0, 0.0, 0.0, 0.0, 0.0, 0.0, 0.3]","[101, 90, 125, 190, 181, 94, 98]","[119.82069396972656, 165.26649475097656, 145.26747131347656, 228.49424743652344, 192.1776123046875, 100.51665496826172, 134.91737365722656]"
2013-12-05,2013-12-11,3747.0,15446,11515.0,"[20, 20, 18, 20, 15, 13, 20]","[5, 3, 17, 10, 2, 7, 0]","[0.0, 0.0, 0.0, 0.0, 0.2146279060019214, 0.0, 0.0]","[90, 125, 190, 181, 94, 98, 114]","[154.1356658935547, 141.51687622070312, 226.08680725097656, 190.59349060058594, 104.48469543457031, 130.51165771484375, 131.39869689941406]"
2013-12-06,2013-12-12,5124.0,16494,10320.0,"[20, 12, 20, 16, 20, 20, 20]","[0, 19, 9, 0, 0, 0, 0]","[0.0, 0.0, 0.3, 0.0, 0.0, 0.0, 0.0]","[125, 190, 181, 94, 98, 114, 123]","[123.29402160644531, 205.99900817871094, 185.2440185546875, 95.294189453125, 118.72734832763672, 122.92772674560547, 117.31874084472656]"
2013-12-07,2013-12-13,4774.0,16618,11290.0,"[11, 7, 16, 10, 0, 20, 20]","[20, 20, 0, 9, 17, 0, 6]","[0.0, 0.0, 0.0, 0.0, 0.3, 0.0, 0.0]","[190, 181, 94, 98, 114, 123, 147]","[206.03163146972656, 183.6332550048828, 95.92756652832031, 122.72154998779297, 123.85749816894531, 118.87554931640625, 166.6688690185547]"
2013-12-08,2013-12-14,5642.0,17238,11910.0,"[20, 0, 20, 20, 20, 20, 20]","[9, 14, 0, 0, 0, 6, 20]","[0.0, 0.0, 0.0, 0.0, 0.0, 0.0, 0.0]","[181, 94, 98, 114, 123, 147, 310]","[186.56227111816406, 96.2586441040039, 120.5246810913086, 126.58908081054688, 118.0240478515625, 164.82781982421875, 435.5392761230469]"
2013-12-09,2013-12-15,5580.0,17765,12530.0,"[3, 7, 19, 19, 3, 20, 13]","[12, 10, 0, 0, 20, 20, 20]","[0.0, 0.0, 0.0, 0.0, 0.0, 0.006662515881796462, 0.0]","[94, 98, 114, 123, 147, 310, 227]","[103.77859497070312, 111.83717346191406, 115.77186584472656, 107.70523834228516, 155.4262237548828, 425.263427734375, 216.3113555908203]"
2013-12-10,2013-12-16,6107.0,18768,13065.0,"[20, 20, 20, 20, 20, 20, 20]","[0, 0, 0, 6, 20, 15, 8]","[0.0, 0.0, 0.0, 0.0, 0.0, 0.0, 0.0]","[98, 114, 123, 147, 310, 227, 140]","[120.77277374267578, 130.74627685546875, 115.2500228881836, 163.6925048828125, 437.4424743652344, 225.67933654785156, 174.90447998046875]"
2013-12-11,2013-12-17,6247.0,18513,12655.0,"[0, 0, 20, 20, 11, 0, 0]","[16, 15, 5, 20, 20, 20, 17]","[0.0, 0.0, 0.0, 0.0, 0.0, 0.0, 0.01292978329449759]","[114, 123, 147, 310, 227, 140, 140]","[114.64452362060547, 106.70499420166016, 155.68038940429688, 412.3131103515625, 208.55477905273438, 157.1369171142578, 123.75883483886719]"
2013-12-12,2013-12-18,6739.0,20384,13225.0,"[17, 0, 20, 20, 0, 0, 20]","[0, 20, 20, 13, 20, 18, 9]","[0.0, 0.02868228822818065, 0.0, 0.0, 0.0, 0.3, 0.0]","[123, 147, 310, 227, 140, 140, 189]","[104.9007797241211, 152.60997009277344, 427.1775207519531, 208.92074584960938, 159.98609924316406, 131.19297790527344, 187.7779083251953]"
2013-12-13,2013-12-19,7098.0,18547,11840.0,"[0, 20, 20, 20, 20, 20, 20]","[20, 20, 13, 0, 0, 0, 0]","[0.0, 0.0, 0.0, 0.0, 0.0, 0.0, 0.0]","[147, 310, 227, 140, 140, 189, 169]","[149.8802947998047, 430.04022216796875, 209.7526092529297, 166.32420349121094, 134.8870391845703, 189.6434783935547, 203.16966247558594]"
2013-12-14,2013-12-20,7291.0,20094,13285.0,"[20, 20, 4, 20, 20, 20, 20]","[20, 13, 20, 2, 0, 0, 11]","[0.0, 0.0, 0.0, 0.0, 0.0, 0.0, 0.0]","[310, 227, 140, 140, 189, 169, 238]","[423.09735107421875, 211.46240234375, 163.70957946777344, 131.82470703125, 190.3006591796875, 201.98231506347656, 201.92550659179688]"
2013-12-15,2013-12-21,7390.0,22440,15670.0,"[14, 20, 20, 20, 12, 13, 20]","[20, 5, 0, 10, 20, 20, 20]","[0.0, 0.0, 0.0, 0.0, 0.0, 0.0, 0.0]","[227, 140, 140, 189, 169, 238, 344]","[221.68931579589844, 155.90740966796875, 126.00067901611328, 193.3855438232422, 210.8108367919922, 218.27491760253906, 272.19708251953125]"
2013-12-16,2013-12-22,7508.0,23752,16060.0,"[0, 0, 20, 20, 19, 20, 20]","[20, 18, 10, 12, 14, 20, 20]","[0.29899487617413634, 0.0, 0.0, 0.0, 0.0, 0.0, 0.0]","[140, 140, 189, 169, 238, 344, 357]","[153.2057647705078, 124.44947052001953, 187.94374084472656, 204.4464874267578, 214.4099884033203, 276.1209411621094, 274.4088134765625]"
2013-12-17,2013-12-23,8446.0,24004,16270.0,"[20, 20, 19, 14, 20, 20, 20]","[0, 10, 13, 20, 20, 20, 10]","[0.0, 0.0, 0.0, 0.0, 0.0, 0.0, 0.0]","[140, 189, 169, 238, 344, 357, 319]","[126.55467224121094, 188.38890075683594, 205.04090881347656, 222.39642333984375, 271.52874755859375, 270.87786865234375, 194.17002868652344]"
2013-12-18,2013-12-24,8260.0,24820,17320.0,"[20, 20, 14, 20, 20, 10, 10]","[10, 11, 20, 20, 20, 20, 20]","[0.0, 0.01668098469155184, 0.0, 0.0, 0.0, 0.0, 0.0]","[189, 169, 238, 344, 357, 319, 158]","[190.79925537109375, 198.83628845214844, 227.1632080078125, 278.1683349609375, 277.2774963378906, 203.39205932617188, 199.11402893066406]"
2013-12-19,2013-12-25,5300.0,21675,16950.0,"[13, 14, 20, 20, 20, 19, 0]","[20, 20, 20, 20, 12, 20, 12]","[0.0, 0.0, 0.0, 0.0, 0.0, 0.0, 0.0]","[169, 238, 344, 357, 319, 158, 0]","[216.23666381835938, 223.82684326171875, 284.43218994140625, 289.8142395019531, 205.58177185058594, 201.1058807373047, 86.00025939941406]"
2013-12-20,2013-12-26,6447.0,22472,15385.0,"[13, 20, 20, 15, 20, 14, 16]","[20, 20, 20, 16, 11, 0, 11]","[0.0, 0.0, 0.0, 0.0, 0.0, 0.0, 0.3]","[238, 344, 357, 319, 158, 0, 319]","[220.0916290283203, 278.47369384765625, 279.326416015625, 203.7879180908203, 200.56761169433594, 87.24073028564453, 173.95127868652344]"
2013-12-21,2013-12-27,6034.0,21216,15730.0,"[20, 20, 12, 19, 14, 9, 20]","[20, 20, 20, 0, 0, 20, 20]","[0.0, 0.0, 0.0, 0.0, 0.0, 0.0, 0.00040742006075421316]","[344, 357, 319, 158, 0, 319, 208]","[276.43280029296875, 278.7018127441406, 211.68479919433594, 215.38311767578125, 83.2314224243164, 196.7524871826172, 286.8028564453125]"
2013-12-22,2013-12-28,5252.0,23468,17260.0,"[20, 12, 20, 16, 11, 20, 20]","[20, 20, 14, 0, 20, 20, 20]","[0.0, 0.0, 0.0, 0.26241546639940944, 0.0, 0.0, 0.2947014395886159]","[357, 319, 158, 0, 319, 208, 272]","[320.6449890136719, 212.00645446777344, 215.8858184814453, 96.67144775390625, 205.3509063720703, 309.6361389160156, 259.03460693359375]"
2013-12-23,2013-12-29,3570.0,20315,17240.0,"[0, 12, 0, 12, 20, 20, 20]","[20, 20, 20, 20, 20, 20, 20]","[0.0, 0.0, 0.3, 0.0, 0.0, 0.0, 0.0]","[319, 158, 0, 319, 208, 272, 217]","[212.02987670898438, 211.28858947753906, 94.5677490234375, 215.15911865234375, 314.1943664550781, 258.17938232421875, 278.4451599121094]"
2013-12-24,2013-12-30,3008.0,21117,17630.0,"[20, 0, 0, 20, 20, 20, 13]","[20, 19, 20, 20, 20, 20, 20]","[0.0, 0.0, 0.3, 0.0, 0.0, 0.0, 0.0]","[158, 0, 319, 208, 272, 217, 259]","[285.1591491699219, 108.08843231201172, 217.33938598632812, 340.76324462890625, 253.4199981689453, 308.2828063964844, 218.95274353027344]"
2013-12-25,2013-12-31,4617.0,20905,15540.0,"[0, 20, 20, 20, 20, 20, 20]","[14, 12, 20, 0, 20, 14, 14]","[0.0, 0.0, 0.0, 0.0, 0.0, 0.0, 0.29480852184525796]","[0, 319, 208, 272, 217, 259, 203]","[99.75897216796875, 205.93003845214844, 303.3083801269531, 238.87062072753906, 263.6034851074219, 218.1807098388672, 220.71817016601562]"
2013-12-26,2014-01-01,7702.0,23868,16870.0,"[20, 20, 20, 19, 10, 20, 0]","[12, 20, 19, 20, 20, 12, 18]","[0.0, 0.0, 0.0, 0.0, 0.0, 0.0, 0.0]","[319, 208, 272, 217, 259, 203, 119]","[202.63723754882812, 276.328369140625, 219.4700469970703, 240.2259521484375, 202.53016662597656, 204.55914306640625, 127.3209228515625]"
2013-12-27,2014-01-02,7510.0,22185,15280.0,"[20, 20, 16, 11, 13, 20, 20]","[20, 16, 20, 20, 20, 0, 0]","[0.0, 0.0, 0.0, 0.0, 0.0, 0.0, 0.0]","[208, 272, 217, 259, 203, 119, 132]","[295.08465576171875, 234.0921630859375, 234.1761932373047, 208.87977600097656, 215.49209594726562, 121.72367095947266, 135.37059020996094]"
2013-12-28,2014-01-03,6905.0,20465,12410.0,"[15, 15, 14, 14, 12, 13, 16]","[15, 14, 16, 12, 6, 7, 5]","[0.08837081398500929, 0.07511105956084, 0.1383174075656921, 0.0861087339710097, 0.07705026362415167, 0.16527287366072527, 0.0759001832543407]","[272, 217, 259, 203, 119, 132, 135]","[212.54953002929688, 218.9500274658203, 201.06649780273438, 214.89833068847656, 118.6583480834961, 134.3418426513672, 140.48013305664062]"
2013-12-29,2014-01-04,6181.0,20009,14305.0,"[20, 20, 20, 0, 20, 17, 20]","[17, 14, 20, 20, 0, 5, 8]","[0.0, 0.0, 0.0, 0.0, 0.0, 0.0, 0.0]","[217, 259, 203, 119, 132, 135, 165]","[239.56004333496094, 218.1314697265625, 247.6560821533203, 118.09070587158203, 131.74472045898438, 141.56698608398438, 178.5457305908203]"
2013-12-30,2014-01-05,5138.0,17272,12450.0,"[20, 20, 19, 0, 20, 0, 20]","[12, 17, 0, 19, 0, 20, 6]","[0.0, 0.0, 0.0, 0.0, 0.0, 0.0, 0.0]","[259, 203, 119, 132, 135, 165, 103]","[203.90220642089844, 240.7949981689453, 115.87690734863281, 128.49989318847656, 138.61685180664062, 176.9611053466797, 161.26795959472656]"
2013-12-31,2014-01-06,3927.0,16405,11875.0,"[20, 20, 20, 14, 6, 20, 16]","[20, 1, 2, 8, 20, 5, 0]","[0.0, 0.3, 0.0, 0.0, 0.0, 0.0, 0.0]","[203, 119, 132, 135, 165, 103, 73]","[269.077880859375, 126.04314422607422, 134.81301879882812, 140.85914611816406, 178.5426788330078, 158.01014709472656, 99.33792114257812]"
2014-01-01,2014-01-07,2588.0,14882,10485.0,"[13, 12, 12, 14, 17, 13, 13]","[7, 7, 10, 15, 10, 6, 1]","[0.2617517938607195, 0.21778254443659825, 0.1576262100585873, 0.08378653048729845, 0.07668021923215093, 0.07637443247138061, 0.07970194969424126]","[119, 132, 135, 165, 103, 73, 70]","[129.5441436767578, 119.75916290283203, 145.1782989501953, 189.16522216796875, 172.11367797851562, 122.01691436767578, 85.25775909423828]"
2014-01-02,2014-01-08,3138.0,13503,9500.0,"[11, 12, 13, 10, 6, 8, 9]","[8, 9, 14, 13, 9, 5, 5]","[0.08025423295126163, 0.07600408356217092, 0.13845637305316158, 0.07665923103537003, 0.08765801112074942, 0.08936418338629123, 0.09050620957093741]","[132, 135, 165, 103, 73, 70, 73]","[131.65472412109375, 134.04476928710938, 173.49073791503906, 148.74603271484375, 100.56615447998047, 79.58047485351562, 90.40997314453125]"
2014-01-03,2014-01-09,2603.0,11650,8955.0,"[20, 17, 1, 0, 13, 16, 15]","[0, 10, 20, 13, 0, 0, 3]","[0.0, 0.0, 0.0008780162670308051, 0.07525762948745059, 0.0, 0.0, 0.0]","[135, 165, 103, 73, 70, 73, 77]","[141.91220092773438, 172.09097290039062, 147.63839721679688, 94.56505584716797, 78.8700942993164, 93.9050521850586, 110.07850646972656]"
2014-01-04,2014-01-10,1809.0,12345,8790.0,"[14, 11, 11, 10, 5, 13, 13]","[12, 12, 4, 1, 8, 4, 6]","[0.17293142454406485, 0.036234155634863915, 0.09713519254575352, 0.2069491211593566, 0.21492799830089648, 0.2202388098832339, 0.139184635094704]","[165, 103, 73, 70, 73, 77, 95]","[169.8041534423828, 148.3871612548828, 97.01920318603516, 68.8436050415039, 87.33583068847656, 106.29456329345703, 119.65721893310547]"
2014-01-05,2014-01-11,1860.0,10625,8690.0,"[5, 15, 11, 15, 20, 20, 20]","[17, 0, 0, 0, 0, 0, 6]","[0.0, 0.0, 0.0, 0.0, 0.0, 0.0, 0.0]","[103, 73, 70, 73, 77, 95, 138]","[146.91001892089844, 92.73037719726562, 64.54638671875, 87.35633087158203, 103.78722381591797, 123.6296615600586, 162.9115753173828]"
2014-01-06,2014-01-12,2446.0,10744,8230.0,"[15, 11, 12, 9, 0, 0, 15]","[0, 0, 2, 7, 17, 20, 4]","[0.0, 0.0, 0.0, 0.0, 0.0, 0.0, 0.0]","[73, 70, 73, 77, 95, 138, 110]","[89.76126861572266, 66.44103240966797, 87.11884307861328, 103.47594451904297, 117.1032485961914, 158.89126586914062, 118.03482055664062]"
2014-01-07,2014-01-13,2288.0,10634,7725.0,"[8, 2, 4, 15, 18, 17, 7]","[0, 10, 11, 4, 7, 2, 5]","[0.3, 0.0, 0.0, 0.0, 0.0, 0.0, 0.1873367038703188]","[70, 73, 77, 95, 138, 110, 63]","[50.10581970214844, 84.19185638427734, 103.29853820800781, 118.32185363769531, 158.37673950195312, 114.96139526367188, 76.65394592285156]"
2014-01-08,2014-01-14,2238.0,10972,8220.0,"[4, 8, 7, 16, 10, 14, 8]","[8, 8, 12, 9, 8, 0, 4]","[0.002603593201603034, 0.0, 0.002237446856301317, 3.652310828690569e-05, 0.2198198259703112, 0.0009193962952888087, 0.0]","[73, 77, 95, 138, 110, 63, 70]","[81.96887969970703, 106.51539611816406, 124.00912475585938, 160.55763244628906, 114.81339263916016, 82.96219635009766, 81.43731689453125]"
2014-01-09,2014-01-15,2478.0,11046,7910.0,"[16, 12, 20, 0, 13, 0, 0]","[0, 6, 5, 16, 0, 10, 12]","[0.0, 0.0, 0.0, 0.0, 0.3, 0.0, 0.139035507292882]","[77, 95, 138, 110, 63, 70, 70]","[96.24478149414062, 118.12260437011719, 155.37588500976562, 114.21830749511719, 79.62110900878906, 75.38732147216797, 82.34567260742188]"
2014-01-10,2014-01-16,2328.0,10472,8060.0,"[20, 13, 19, 13, 7, 14, 20]","[0, 11, 1, 0, 5, 0, 0]","[0.0, 0.0, 0.0, 0.03389177901572327, 0.0, 0.0, 0.0]","[95, 138, 110, 63, 70, 70, 70]","[108.57316589355469, 155.54122924804688, 121.27224731445312, 78.69367980957031, 77.252685546875, 82.67555236816406, 91.35211944580078]"
2014-01-11,2014-01-17,1948.0,11299,7940.0,"[13, 9, 9, 7, 6, 7, 7]","[11, 9, 3, 5, 7, 7, 9]","[0.13856874639000583, 0.08308219271210045, 0.14898789424935013, 0.15537265277393614, 0.08858314638344925, 0.13914876527856684, 0.21380967377635146]","[138, 110, 63, 70, 70, 70, 79]","[154.1290283203125, 119.55835723876953, 77.68685913085938, 74.32396697998047, 83.70873260498047, 92.57099151611328, 105.70413208007812]"
2014-01-12,2014-01-18,2954.0,12756,9050.0,"[0, 5, 11, 13, 14, 0, 20]","[16, 7, 0, 0, 0, 14, 20]","[0.3, 0.0, 0.0, 0.0, 0.0, 0.0, 0.0]","[110, 63, 70, 70, 70, 79, 527]","[113.29806518554688, 78.53834533691406, 68.79401397705078, 77.02413177490234, 86.6859130859375, 100.74496459960938, 454.0690612792969]"
2014-01-13,2014-01-19,3997.0,15219,10920.0,"[9, 0, 14, 8, 17, 20, 20]","[3, 10, 0, 5, 0, 20, 20]","[0.0, 0.0, 0.0, 0.0, 0.29764955870546733, 0.0, 0.0]","[63, 70, 70, 70, 79, 527, 354]","[73.7485580444336, 72.24076843261719, 82.33014678955078, 83.78629302978516, 103.45182037353516, 432.8783874511719, 405.48089599609375]"
2014-01-14,2014-01-20,5530.0,18455,12800.0,"[11, 13, 14, 0, 20, 20, 20]","[0, 0, 0, 14, 20, 20, 20]","[0.0, 0.0, 0.3, 0.0, 0.0, 0.0, 0.0]","[70, 70, 70, 79, 527, 354, 317]","[65.49694061279297, 76.9000473022461, 83.27758026123047, 99.89706420898438, 434.0617370605469, 401.9000244140625, 331.49017333984375]"
2014-01-15,2014-01-21,4024.0,13831,9410.0,"[0, 13, 17, 20, 0, 20, 9]","[11, 0, 0, 20, 0, 20, 0]","[0.0, 0.3, 0.0, 0.0, 0.3, 0.005017370425554798, 0.0]","[70, 70, 79, 527, 354, 317, 57]","[77.92877960205078, 81.05064392089844, 99.803955078125, 430.4521484375, 401.8622131347656, 332.6455078125, 53.17033767700195]"
2014-01-16,2014-01-22,5550.0,16123,10340.0,"[13, 16, 20, 0, 20, 9, 11]","[0, 0, 20, 20, 20, 0, 0]","[0.0, 0.0, 0.0, 0.0, 0.0, 0.0, 0.3]","[70, 79, 527, 354, 317, 57, 66]","[78.46675872802734, 96.23741912841797, 429.4200744628906, 401.3829345703125, 340.4928283691406, 52.83063888549805, 70.36783599853516]"
2014-01-17,2014-01-23,5504.0,15606,10320.0,"[0, 20, 20, 0, 9, 11, 11]","[13, 20, 20, 20, 0, 0, 0]","[0.0, 0.0, 0.0, 0.0, 0.0, 0.0, 0.0]","[79, 527, 354, 317, 57, 66, 59]","[94.87483215332031, 433.7003479003906, 401.7742919921875, 330.0961608886719, 51.98499298095703, 67.86602783203125, 65.2537612915039]"
2014-01-18,2014-01-24,6582.0,17578,11330.0,"[20, 20, 20, 10, 12, 11, 12]","[20, 20, 20, 0, 0, 0, 0]","[0.0, 0.0, 0.0, 0.0, 0.0, 0.0, 0.019269010245162418]","[527, 354, 317, 57, 66, 59, 94]","[442.6486511230469, 414.83978271484375, 331.06097412109375, 58.25342559814453, 70.87065124511719, 68.132080078125, 75.65886688232422]"
2014-01-19,2014-01-25,5191.0,15476,10065.0,"[20, 20, 0, 11, 0, 12, 20]","[20, 20, 7, 0, 9, 0, 3]","[0.0, 0.0, 0.0, 0.0, 0.3, 0.0, 0.0]","[354, 317, 57, 66, 59, 94, 127]","[421.29107666015625, 363.41815185546875, 51.6159782409668, 67.2914810180664, 65.1310806274414, 75.57042694091797, 144.4749298095703]"
2014-01-20,2014-01-26,4050.0,12826,8050.0,"[20, 8, 11, 11, 12, 20, 0]","[20, 0, 0, 0, 0, 0, 14]","[0.0, 0.3, 0.0, 0.3, 0.0, 0.010453294763182349, 0.0]","[317, 57, 66, 59, 94, 127, 115]","[359.4855041503906, 48.164852142333984, 68.84049224853516, 64.55694580078125, 73.15668487548828, 144.81234741210938, 99.12593078613281]"
2014-01-21,2014-01-27,2289.0,10573,6520.0,"[0, 6, 11, 13, 10, 19, 0]","[7, 4, 0, 0, 12, 0, 10]","[0.3, 0.0, 0.0, 0.0, 0.2952081600700316, 0.08440090843490844, 0.3]","[57, 66, 59, 94, 127, 115, 56]","[52.77501678466797, 67.01988983154297, 66.49776458740234, 78.04734802246094, 147.53575134277344, 101.85066986083984, 73.06796264648438]"
2014-01-22,2014-01-28,2799.0,9694,6265.0,"[12, 12, 13, 20, 17, 10, 2]","[0, 0, 0, 4, 0, 0, 7]","[0.08518184664437659, 0.3, 0.0, 0.0, 0.0, 0.0, 0.016977039399572826]","[66, 59, 94, 127, 115, 56, 63]","[70.6235122680664, 70.05034637451172, 79.2994613647461, 148.317626953125, 100.76868438720703, 63.68727111816406, 64.44832611083984]"
2014-01-23,2014-01-29,2236.0,9815,6530.0,"[1, 13, 1, 11, 0, 11, 12]","[8, 0, 20, 4, 10, 0, 0]","[0.0, 0.0, 0.3, 0.0, 0.0, 0.0, 0.0]","[59, 94, 127, 115, 56, 63, 63]","[65.17059326171875, 77.8766860961914, 146.1011962890625, 94.9029769897461, 69.71359252929688, 66.54220581054688, 71.0768051147461]"
2014-01-24,2014-01-30,2528.0,9485,6370.0,"[12, 11, 7, 12, 0, 11, 12]","[0, 11, 8, 0, 9, 0, 0]","[0.0, 0.0, 0.0, 0.0, 0.0011493062919916614, 0.0, 0.3]","[94, 127, 115, 56, 63, 63, 61]","[74.72237396240234, 141.85147094726562, 100.37358093261719, 71.23104858398438, 65.87156677246094, 69.76066589355469, 71.00934600830078]"
2014-01-25,2014-01-31,2252.0,9231,6640.0,"[16, 1, 10, 7, 0, 2, 14]","[7, 13, 0, 4, 10, 8, 0]","[0.0, 0.0, 0.09252213172449884, 0.0, 0.08250973772116392, 0.0, 0.0006565014892775446]","[127, 115, 56, 63, 63, 61, 69]","[147.76812744140625, 96.60950469970703, 60.62351608276367, 69.50169372558594, 70.62632751464844, 70.5653305053711, 88.36982727050781]"
2014-01-26,2014-02-01,2075.0,9920,6545.0,"[11, 10, 11, 14, 12, 14, 13]","[4, 0, 0, 0, 0, 0, 9]","[0.2977399374767554, 0.08963833339177683, 0.007656437089517612, 0.3, 0.008222514214746107, 0.07855380135459789, 0.007866397397903652]","[115, 56, 63, 63, 61, 69, 124]","[91.2809829711914, 61.46698760986328, 64.94752502441406, 72.78736877441406, 69.37200164794922, 88.31906127929688, 140.15499877929688]"
2014-01-27,2014-02-02,1658.0,8517,6660.0,"[8, 12, 12, 12, 15, 20, 20]","[4, 0, 0, 0, 0, 0, 0]","[0.0, 0.0, 0.0, 0.0, 0.0, 0.0, 0.0]","[56, 63, 63, 61, 69, 124, 69]","[75.90235137939453, 70.12937927246094, 73.14368438720703, 72.25065612792969, 93.25565338134766, 134.4610137939453, 119.09717559814453]"
2014-01-28,2014-02-03,1502.0,8930,6750.0,"[11, 0, 3, 14, 20, 20, 0]","[0, 10, 7, 0, 2, 0, 10]","[0.0, 0.0, 0.0, 0.0, 0.0, 0.3, 0.0]","[63, 63, 61, 69, 124, 69, 56]","[65.39521026611328, 70.42194366455078, 68.51117706298828, 86.59391784667969, 136.61184692382812, 118.88822174072266, 71.75186157226562]"
2014-01-29,2014-02-04,1186.0,7514,6070.0,"[0, 11, 1, 20, 20, 0, 0]","[10, 0, 12, 3, 0, 10, 0]","[0.0, 0.0, 0.0, 0.0, 0.0, 0.0, 0.3]","[63, 61, 69, 124, 69, 56, 39]","[70.96025085449219, 68.3124008178711, 89.98495483398438, 138.7772674560547, 122.5615463256836, 70.83906555175781, 54.17658615112305]"
2014-01-30,2014-02-05,788.0,8356,6600.0,"[11, 0, 11, 20, 0, 0, 0]","[0, 12, 10, 0, 10, 5, 11]","[0.3, 0.0, 0.0, 0.0, 0.09103980757006361, 0.3, 0.0]","[61, 69, 124, 69, 56, 39, 46]","[66.60982513427734, 84.41217041015625, 135.91200256347656, 125.17908477783203, 69.75446319580078, 54.50737762451172, 81.3033218383789]"
2014-01-31,2014-02-06,329.0,7770,7125.0,"[3, 12, 6, 0, 9, 9, 1]","[9, 9, 13, 9, 0, 4, 11]","[0.07147654716570574, 0.0, 0.005722370934904638, 0.0, 0.0, 0.0, 0.0006451676704119628]","[69, 124, 69, 56, 39, 46, 50]","[82.94293212890625, 134.61309814453125, 125.41451263427734, 66.2100601196289, 54.20183563232422, 84.49800872802734, 83.98812103271484]"
2014-02-01,2014-02-07,682.0,8066,6750.0,"[20, 20, 0, 9, 0, 0, 13]","[0, 0, 10, 0, 12, 12, 0]","[0.0008786453031712827, 0.0, 0.3, 0.0, 0.0, 0.0, 0.0]","[124, 69, 56, 39, 46, 50, 80]","[138.65371704101562, 128.97769165039062, 68.27145385742188, 53.63025665283203, 84.89569091796875, 86.78755187988281, 78.20915222167969]"
2014-02-02,2014-02-08,935.0,8495,7045.0,"[20, 11, 0, 4, 14, 0, 20]","[0, 0, 8, 8, 0, 11, 4]","[0.0, 0.0, 0.0, 0.0, 0.29816622501698686, 0.0, 0.0]","[69, 56, 39, 46, 50, 80, 149]","[117.2562026977539, 63.54928970336914, 55.372520446777344, 82.7166519165039, 87.09821319580078, 76.20597076416016, 147.14068603515625]"
2014-02-03,2014-02-09,1342.0,9251,6980.0,"[11, 9, 11, 20, 13, 20, 16]","[0, 0, 3, 0, 0, 4, 0]","[0.3, 0.0, 0.02276507167511037, 0.3, 0.0, 0.0, 0.0]","[56, 39, 46, 50, 80, 149, 106]","[63.75957107543945, 51.3835563659668, 84.95594024658203, 87.45645141601562, 79.12397766113281, 148.75352478027344, 94.38851928710938]"
2014-02-04,2014-02-10,1652.0,9247,6360.0,"[8, 6, 14, 13, 0, 15, 11]","[0, 6, 0, 0, 20, 0, 0]","[0.0, 0.0, 0.0, 0.07525046098062406, 0.0, 0.3, 0.2990379293740769]","[39, 46, 50, 80, 149, 106, 54]","[46.236942291259766, 80.84806823730469, 81.91464233398438, 79.22483825683594, 142.78652954101562, 90.38640594482422, 66.90725708007812]"
2014-02-05,2014-02-11,1937.0,9452,6615.0,"[6, 10, 5, 16, 12, 5, 6]","[7, 4, 7, 7, 3, 5, 2]","[0.13812548130238197, 0.13887304536201436, 0.0790171885469988, 0.08356771010702521, 0.08611114666131253, 0.12254665433356934, 0.13826481351206557]","[46, 50, 80, 149, 106, 54, 69]","[85.04082489013672, 88.89060974121094, 77.50703430175781, 142.49380493164062, 93.50494384765625, 67.78849029541016, 48.271881103515625]"
2014-02-06,2014-02-12,2587.0,9572,6005.0,"[4, 5, 10, 8, 9, 3, 7]","[4, 6, 13, 6, 2, 4, 3]","[0.16943088273711926, 0.08580893524179775, 0.08796823015945678, 0.16131370540268247, 0.0736640051997571, 0.08656734214864106, 0.08447747926012172]","[50, 80, 149, 106, 54, 69, 73]","[56.20818328857422, 71.31171417236328, 140.81402587890625, 93.18450164794922, 67.07855987548828, 45.51865768432617, 60.78813934326172]"
2014-02-07,2014-02-13,2170.0,10214,5920.0,"[0, 7, 0, 11, 0, 10, 10]","[10, 14, 13, 0, 6, 0, 0]","[0.25409926172009284, 0.0, 0.3, 0.0, 0.3, 0.3, 0.22463121795002075]","[80, 149, 106, 54, 69, 73, 97]","[69.72344970703125, 139.91860961914062, 92.85257720947266, 64.08126831054688, 42.14576721191406, 58.80096435546875, 64.030029296875]"
2014-02-08,2014-02-14,2954.0,10529,6010.0,"[20, 14, 11, 9, 11, 8, 16]","[3, 0, 0, 0, 0, 2, 0]","[0.0, 0.0, 0.3, 0.0, 0.0, 0.29725648208491307, 0.3]","[149, 106, 54, 69, 73, 97, 129]","[141.72434997558594, 87.06957244873047, 64.44563293457031, 52.70514678955078, 62.95545959472656, 61.883296966552734, 98.17173767089844]"
2014-02-09,2014-02-15,3568.0,11832,8260.0,"[19, 0, 9, 0, 0, 16, 20]","[0, 9, 0, 9, 9, 0, 20]","[0.0, 0.0, 0.0, 0.0, 0.0, 0.0, 0.0]","[106, 54, 69, 73, 97, 129, 480]","[90.19795227050781, 61.24409103393555, 53.71359634399414, 63.74032211303711, 63.123748779296875, 98.56156921386719, 565.2780151367188]"
2014-02-10,2014-02-16,3980.0,13697,9540.0,"[11, 9, 0, 0, 17, 20, 20]","[0, 0, 9, 0, 0, 20, 20]","[0.0, 0.25749570299444513, 0.0, 0.0, 0.0, 0.0, 0.0]","[54, 69, 73, 97, 129, 480, 424]","[67.0118179321289, 54.94853591918945, 65.93418884277344, 65.63426971435547, 101.90666198730469, 557.05126953125, 455.49224853515625]"
2014-02-11,2014-02-17,5750.0,18107,12000.0,"[7, 6, 10, 15, 20, 20, 20]","[0, 3, 1, 0, 20, 20, 20]","[0.3, 0.3, 0.0, 0.0, 0.0, 0.0, 0.0]","[69, 73, 97, 129, 480, 424, 327]","[43.14872741699219, 57.56717300415039, 66.46585845947266, 89.78268432617188, 605.8310546875, 441.5367126464844, 299.15692138671875]"
2014-02-12,2014-02-18,5746.0,18869,12410.0,"[11, 0, 1, 20, 20, 20, 0]","[0, 10, 13, 20, 20, 20, 10]","[0.29771203591416345, 0.0, 0.3, 0.0, 0.0, 0.0, 0.0]","[73, 97, 129, 480, 424, 327, 49]","[68.87039947509766, 68.903564453125, 96.20183563232422, 606.1489868164062, 441.5340270996094, 306.7447509765625, 73.16786193847656]"
2014-02-13,2014-02-19,6342.0,18049,11580.0,"[10, 15, 20, 20, 20, 12, 0]","[1, 0, 20, 20, 20, 0, 8]","[0.3, 0.0, 0.0, 0.0, 0.0, 0.0020222956450322263, 0.004473643730837164]","[97, 129, 480, 424, 327, 49, 65]","[67.5715560913086, 91.2912368774414, 589.8882446289062, 447.9604187011719, 281.548828125, 71.21759033203125, 55.614524841308594]"
2014-02-14,2014-02-20,6526.0,17969,11800.0,"[20, 20, 20, 20, 10, 0, 12]","[0, 20, 20, 20, 0, 8, 0]","[0.0, 0.0, 0.0, 0.0, 0.0, 0.0, 0.0]","[129, 480, 424, 327, 49, 65, 52]","[107.88748931884766, 564.411865234375, 454.2604675292969, 298.2042236328125, 63.06540298461914, 59.03361129760742, 73.00968933105469]"
2014-02-15,2014-02-21,5074.0,15237,9980.0,"[20, 20, 20, 11, 0, 5, 0]","[20, 20, 20, 0, 0, 6, 0]","[0.0, 0.0, 0.0, 0.0, 0.0, 0.3, 0.3]","[480, 424, 327, 49, 65, 52, 69]","[566.4482421875, 457.57232666015625, 302.2255859375, 66.29743957519531, 54.408912658691406, 73.77371215820312, 83.07571411132812]"
2014-02-16,2014-02-22,4757.0,14391,9040.0,"[20, 20, 0, 9, 11, 12, 20]","[20, 20, 0, 0, 0, 0, 0]","[0.0, 0.0, 0.3, 0.0, 0.3, 0.26473267642638487, 0.0]","[424, 327, 49, 65, 52, 69, 125]","[439.7635498046875, 284.2888488769531, 69.46941375732422, 52.61631393432617, 68.03858947753906, 78.14867401123047, 128.811279296875]"
2014-02-17,2014-02-23,3490.0,11815,8320.0,"[20, 0, 0, 12, 13, 20, 6]","[20, 10, 8, 0, 0, 1, 7]","[0.0, 0.0, 0.0, 0.0, 0.0, 0.0, 0.0]","[327, 49, 65, 52, 69, 125, 84]","[299.63116455078125, 68.45130157470703, 58.621334075927734, 70.7120132446289, 78.2126235961914, 128.7330322265625, 83.54825592041016]"
2014-02-18,2014-02-24,1707.0,8453,6215.0,"[0, 10, 0, 14, 20, 11, 0]","[11, 0, 10, 0, 1, 4, 7]","[0.0, 0.0, 0.0, 0.0, 0.0, 0.0, 0.3]","[49, 65, 52, 69, 125, 84, 45]","[80.7290267944336, 62.89567947387695, 72.94889831542969, 86.3028564453125, 131.20578002929688, 93.11766052246094, 52.64718246459961]"
2014-02-19,2014-02-25,1754.0,8885,5940.0,"[7, 6, 8, 12, 5, 3, 8]","[2, 7, 5, 7, 8, 5, 1]","[0.14487288618206956, 0.07964771246928325, 0.17609062321947022, 0.08142593657131711, 0.08283036400669848, 0.1387436066894035, 0.2582455320759034]","[65, 52, 69, 125, 84, 45, 49]","[57.528358459472656, 72.90019989013672, 84.83710479736328, 136.92088317871094, 85.41727447509766, 55.54344177246094, 55.536109924316406]"
2014-02-20,2014-02-26,1561.0,8907,6050.0,"[0, 15, 1, 15, 9, 9, 10]","[10, 0, 19, 0, 0, 0, 0]","[0.023087385605472296, 0.29895511445316814, 0.0, 0.0, 0.3, 0.3, 0.0]","[52, 69, 125, 84, 45, 49, 52]","[73.00177001953125, 88.53993225097656, 137.30052185058594, 87.3460922241211, 56.978660583496094, 57.84098434448242, 59.566829681396484]"
2014-02-21,2014-02-27,1913.0,7927,5640.0,"[13, 0, 13, 8, 10, 8, 12]","[0, 20, 0, 0, 0, 0, 0]","[0.0, 0.0, 0.0, 0.16138735436918858, 0.0, 0.0, 7.013802569413995e-06]","[69, 125, 84, 45, 49, 52, 47]","[79.36282348632812, 128.92098999023438, 78.65508270263672, 47.80246353149414, 58.3889045715332, 52.49822998046875, 71.33868408203125]"
2014-02-22,2014-02-28,1540.0,8612,5965.0,"[10, 7, 4, 2, 5, 4, 8]","[9, 6, 4, 7, 4, 7, 4]","[0.13891486936101713, 0.07354727935541507, 0.0783408208576176, 0.1724662677754124, 0.07984232683013325, 0.0882441243075106, 0.22014796984524346]","[125, 84, 45, 49, 52, 47, 62]","[126.52078247070312, 81.61782836914062, 51.097564697265625, 58.858280181884766, 54.54928207397461, 71.66338348388672, 75.46797943115234]"
2014-02-23,2014-03-01,1205.0,8223,5905.0,"[4, 0, 7, 9, 2, 1, 16]","[9, 8, 2, 0, 8, 9, 4]","[0.0, 0.22215837753143372, 0.2548537624597665, 0.0, 0.0, 0.3, 0.0]","[84, 45, 49, 52, 47, 62, 107]","[89.13451385498047, 55.26378631591797, 54.7636833190918, 56.64794158935547, 70.21420288085938, 76.61058807373047, 122.45671844482422]"
2014-02-24,2014-03-02,1245.0,8111,6020.0,"[9, 9, 10, 11, 0, 14, 0]","[0, 0, 0, 0, 10, 6, 14]","[0.0, 0.0, 0.29534586111052324, 0.2987893391794799, 0.0, 0.0, 0.0]","[45, 49, 52, 47, 62, 107, 86]","[55.624656677246094, 56.63175964355469, 60.639488220214844, 69.00373077392578, 74.32479858398438, 125.9342041015625, 100.00847625732422]"
2014-02-25,2014-03-03,1646.0,7684,5790.0,"[0, 9, 0, 0, 16, 14, 13]","[7, 0, 9, 11, 3, 0, 0]","[0.0, 0.0, 0.0, 0.0, 0.0, 0.0, 0.0]","[49, 52, 47, 62, 107, 86, 51]","[52.04701614379883, 55.50434494018555, 66.23405456542969, 76.09210968017578, 119.88240051269531, 87.10027313232422, 78.30900573730469]"
2014-02-26,2014-03-04,1559.0,8198,5770.0,"[0, 12, 13, 20, 16, 12, 9]","[8, 0, 0, 0, 0, 0, 0]","[0.0, 0.3, 0.0, 0.0, 0.000436398032648707, 0.0, 0.2931535526358293]","[52, 47, 62, 107, 86, 51, 49]","[54.419097900390625, 70.11023712158203, 75.54476165771484, 125.0916976928711, 97.31526947021484, 70.66152954101562, 57.076438903808594]"
2014-02-27,2014-03-05,1500.0,7735,5990.0,"[0, 0, 20, 16, 10, 10, 11]","[9, 11, 0, 0, 2, 0, 0]","[0.0, 0.0, 0.0, 0.0, 0.01262466202491581, 0.0, 0.0]","[47, 62, 107, 86, 51, 49, 53]","[65.66439056396484, 76.22074890136719, 125.6260757446289, 95.76949310302734, 74.48997497558594, 61.418373107910156, 65.24523162841797]"
2014-02-28,2014-03-06,1264.0,8927,6180.0,"[5, 10, 8, 4, 7, 6, 8]","[5, 7, 6, 7, 5, 4, 4]","[0.07102987242051348, 0.09082561449568191, 0.2103241433314031, 0.16557129823729086, 0.263238989422106, 0.1384458160905785, 0.20378104667974375]","[62, 107, 86, 51, 49, 53, 58]","[62.48994064331055, 116.85791778564453, 90.70806121826172, 72.96923065185547, 62.728607177734375, 64.7063980102539, 72.41537475585938]"
2014-03-01,2014-03-07,993.0,8695,6580.0,"[1, 9, 12, 6, 7, 4, 4]","[17, 5, 1, 4, 3, 7, 9]","[0.0, 0.0013031766550931788, 0.3, 0.0, 0.24793103184824383, 0.0, 0.2014412931174509]","[107, 86, 51, 49, 53, 58, 68]","[123.64395141601562, 93.1072769165039, 83.29752349853516, 63.80718994140625, 64.65557098388672, 73.46826171875, 89.05339813232422]"
2014-03-02,2014-03-08,1546.0,8109,6340.0,"[14, 12, 10, 0, 0, 19, 19]","[0, 0, 0, 9, 10, 0, 0]","[0.0, 0.0, 0.0, 0.0, 0.0, 0.0, 0.0]","[86, 51, 49, 53, 58, 68, 121]","[85.77487182617188, 72.2880859375, 60.58283233642578, 62.01716995239258, 71.00373840332031, 85.80414581298828, 110.22392272949219]"
2014-03-03,2014-03-09,950.0,8527,6815.0,"[4, 5, 12, 6, 11, 5, 5]","[7, 4, 5, 5, 2, 11, 10]","[0.1389350712737196, 0.15619799284407102, 0.08407226386154384, 0.08890032296551587, 0.07323228600606427, 0.08557555098557859, 0.028309176889694886]","[51, 49, 53, 58, 68, 121, 87]","[72.21055603027344, 56.27230453491211, 60.85980224609375, 69.23173522949219, 83.67877197265625, 107.95674896240234, 102.42909240722656]"
2014-03-04,2014-03-10,1851.0,8546,5685.0,"[9, 9, 0, 5, 12, 6, 9]","[0, 0, 10, 7, 4, 9, 0]","[0.3, 0.0, 0.07554277722471438, 0.0, 0.0, 0.0, 0.3]","[49, 53, 58, 68, 121, 87, 55]","[53.93984603881836, 55.64757537841797, 68.44575500488281, 77.94986724853516, 99.33937072753906, 100.46492004394531, 62.618595123291016]"
2014-03-05,2014-03-11,2120.0,8168,5420.0,"[0, 0, 9, 4, 11, 9, 9]","[7, 8, 3, 11, 5, 0, 0]","[0.02251209573263767, 0.3, 0.0, 0.0, 0.0, 0.0, 0.0]","[53, 58, 68, 121, 87, 55, 49]","[52.57901382446289, 60.78067398071289, 77.53717041015625, 100.05366516113281, 101.14283752441406, 56.797142028808594, 56.174339294433594]"
2014-03-06,2014-03-12,1490.0,9146,5845.0,"[0, 0, 17, 8, 10, 0, 0]","[9, 12, 0, 8, 0, 8, 7]","[0.0, 0.0, 0.3, 0.2980787656771224, 0.0, 0.0, 0.3]","[58, 68, 121, 87, 55, 49, 55]","[61.80870819091797, 82.28828430175781, 101.15006256103516, 101.4182357788086, 60.5263671875, 54.43586349487305, 52.16007995605469]"
2014-03-07,2014-03-13,1878.0,7388,4610.0,"[6, 16, 17, 10, 0, 9, 0]","[5, 0, 0, 0, 8, 0, 0]","[0.0, 0.0, 0.3, 0.0, 0.0051099935417070474, 0.0, 0.3]","[68, 121, 87, 55, 49, 55, 59]","[75.24456787109375, 98.24346160888672, 103.98480224609375, 61.27350997924805, 56.73692321777344, 52.93935012817383, 61.91383743286133]"
2014-03-08,2014-03-14,2355.0,8233,5235.0,"[9, 16, 10, 9, 0, 6, 11]","[7, 0, 0, 0, 7, 3, 0]","[0.0, 0.0, 0.022666262148441252, 0.3, 0.0, 0.0, 0.07712120038123892]","[121, 87, 55, 49, 55, 59, 100]","[105.58421325683594, 98.89327239990234, 58.75373840332031, 53.04732131958008, 51.929908752441406, 57.40458679199219, 66.70234680175781]"
2014-03-09,2014-03-15,2064.0,9102,6290.0,"[8, 0, 8, 0, 0, 12, 2]","[8, 9, 0, 8, 8, 0, 18]","[0.0, 0.09079870282806948, 0.0, 0.0, 0.0, 0.3, 0.0]","[87, 55, 49, 55, 59, 100, 149]","[102.1360855102539, 60.72114181518555, 50.57014846801758, 53.89487838745117, 59.342041015625, 73.69742584228516, 137.81289672851562]"
2014-03-10,2014-03-16,2361.0,9447,6175.0,"[9, 0, 0, 0, 12, 17, 0]","[0, 7, 8, 9, 0, 5, 14]","[0.0, 0.3, 0.010669184662167477, 0.0, 0.0, 0.0, 0.21169371127484554]","[55, 49, 55, 59, 100, 149, 110]","[56.27534484863281, 53.114933013916016, 56.56264114379883, 60.86423110961914, 74.403076171875, 137.66029357910156, 99.96204376220703]"
2014-03-11,2014-03-17,2692.0,8725,5530.0,"[7, 0, 10, 12, 20, 5, 0]","[0, 7, 0, 0, 2, 9, 7]","[0.29861609663050187, 0.029925962488556213, 0.0, 0.0, 0.0, 0.0, 0.08042898781681967]","[49, 55, 59, 100, 149, 110, 66]","[44.17344665527344, 52.680633544921875, 58.764190673828125, 72.59259033203125, 134.93492126464844, 94.31532287597656, 48.57589340209961]"
2014-03-12,2014-03-18,2404.0,8875,5865.0,"[0, 9, 0, 15, 11, 1, 0]","[7, 0, 9, 6, 4, 7, 10]","[0.2525127579373953, 0.10281545403545478, 0.0, 0.0, 0.0, 0.0, 0.07763581523279234]","[55, 59, 100, 149, 110, 66, 57]","[52.45870590209961, 57.0381965637207, 68.62823486328125, 131.79234313964844, 94.56250762939453, 59.98468017578125, 72.72093200683594]"
2014-03-13,2014-03-19,3104.0,9361,5670.0,"[8, 12, 20, 15, 10, 11, 12]","[1, 0, 1, 0, 0, 0, 0]","[0.0, 0.0123628842979921, 0.0, 0.0, 0.3, 0.0, 0.0]","[59, 100, 149, 110, 66, 57, 72]","[55.26343536376953, 71.67232513427734, 129.55728149414062, 92.50926971435547, 58.82990646362305, 68.16881561279297, 70.19366455078125]"
2014-03-14,2014-03-20,2587.0,9703,6200.0,"[0, 20, 0, 8, 0, 4, 0]","[10, 2, 13, 0, 9, 6, 10]","[0.0, 0.0, 0.0, 0.0, 0.2957631459853513, 0.0, 0.29664901589371157]","[100, 149, 110, 66, 57, 72, 68]","[71.52288818359375, 137.6754150390625, 93.5645523071289, 47.00701141357422, 66.25635528564453, 65.87288665771484, 73.92410278320312]"
2014-03-15,2014-03-21,2652.0,10345,6955.0,"[0, 16, 0, 12, 12, 0, 10]","[20, 0, 8, 0, 0, 11, 6]","[0.0, 0.0, 0.3, 0.2108733060129081, 0.0, 0.0015229909033194749, 0.0]","[149, 110, 66, 57, 72, 68, 93]","[139.57864379882812, 95.12037658691406, 54.34514617919922, 69.63080596923828, 69.41825866699219, 80.9382553100586, 103.49559020996094]"
2014-03-16,2014-03-22,2548.0,10166,7020.0,"[7, 0, 5, 7, 15, 18, 20]","[9, 9, 6, 5, 0, 0, 0]","[0.0, 9.479380291043895e-06, 0.0, 0.0, 0.3, 0.0, 0.0]","[110, 66, 57, 72, 68, 93, 146]","[104.12860870361328, 61.577110290527344, 72.19573211669922, 73.98023986816406, 88.83296203613281, 106.16143035888672, 158.5485382080078]"
2014-03-17,2014-03-23,2416.0,10234,7720.0,"[10, 12, 0, 0, 0, 3, 19]","[0, 0, 11, 12, 14, 20, 0]","[0.0271122281056298, 0.0, 0.0, 0.003960811735496848, 0.002188605281076094, 0.0, 0.0]","[66, 57, 72, 68, 93, 146, 106]","[61.978336334228516, 71.46794128417969, 74.8299789428711, 83.98113250732422, 99.71784210205078, 160.43357849121094, 114.39382934570312]"
2014-03-18,2014-03-24,2243.0,10468,7725.0,"[9, 0, 14, 6, 17, 7, 0]","[3, 10, 0, 10, 8, 11, 10]","[0.3, 0.0, 0.0, 0.023597931290290725, 0.0, 0.0, 0.006996293356946442]","[57, 72, 68, 93, 146, 106, 59]","[76.9800796508789, 73.91600799560547, 83.51727294921875, 105.70216369628906, 160.72454833984375, 117.28873443603516, 71.54733276367188]"
2014-03-19,2014-03-25,2749.0,11328,7195.0,"[7, 3, 10, 13, 12, 4, 8]","[3, 9, 7, 10, 6, 6, 3]","[0.2021926388549815, 0.07374803314647801, 0.07571798979346767, 0.076015572347799, 0.2233439608742633, 0.2001988611350582, 0.09107449114640304]","[72, 68, 93, 146, 106, 59, 72]","[67.34232330322266, 80.60809326171875, 106.55243682861328, 153.8822021484375, 115.25482177734375, 66.52107238769531, 68.98484802246094]"
2014-03-20,2014-03-26,2960.0,11256,7300.0,"[6, 8, 11, 8, 7, 10, 3]","[5, 7, 12, 10, 4, 1, 9]","[0.07356770265933663, 0.07938580720808597, 0.08314153688435873, 0.08626093025655884, 0.0907743208911096, 0.07936349255139002, 0.2646255112894593]","[68, 93, 146, 106, 59, 72, 74]","[81.05599212646484, 97.42919921875, 154.9125518798828, 115.7288818359375, 69.48667907714844, 65.94734191894531, 79.7633285522461]"
2014-03-21,2014-03-27,3064.0,10900,7260.0,"[0, 20, 0, 0, 9, 13, 2]","[13, 5, 16, 9, 1, 0, 10]","[0.0, 0.0, 0.0, 0.3, 0.0, 0.0, 0.08902121271961765]","[93, 146, 106, 59, 72, 74, 84]","[95.5652084350586, 155.23582458496094, 112.75530242919922, 68.10575103759766, 63.4050407409668, 75.33843994140625, 81.40147399902344]"
2014-03-22,2014-03-28,3347.0,10952,7215.0,"[15, 19, 11, 10, 5, 5, 20]","[9, 0, 0, 0, 6, 7, 0]","[0.0, 0.0, 0.0, 0.22164244761635454, 0.0, 0.08252128041850669, 0.0]","[146, 106, 59, 72, 74, 84, 107]","[155.49981689453125, 113.1395034790039, 64.7144775390625, 62.958984375, 73.14952087402344, 81.25594329833984, 120.6089096069336]"
2014-03-23,2014-03-29,3244.0,11591,7540.0,"[11, 6, 8, 5, 6, 12, 13]","[6, 4, 3, 6, 5, 6, 12]","[0.08548555372657221, 0.08551446845448743, 0.08456908208117574, 0.08435232107725074, 0.08118538719565649, 0.13879394350016455, 0.08591900193516842]","[106, 59, 72, 74, 84, 107, 154]","[108.42640686035156, 67.98004150390625, 67.04460906982422, 70.50050354003906, 73.16265869140625, 115.41384887695312, 161.5623016357422]"
2014-03-24,2014-03-30,2849.0,10890,6975.0,"[11, 10, 1, 13, 15, 20, 0]","[0, 0, 9, 0, 3, 0, 17]","[0.0, 0.3, 0.0, 0.3, 0.0, 0.0, 0.0]","[59, 72, 74, 84, 107, 154, 107]","[66.83988952636719, 62.96310806274414, 72.30896759033203, 77.38871765136719, 114.13236236572266, 161.46542358398438, 118.84973907470703]"
2014-03-25,2014-03-31,3404.0,11355,7350.0,"[0, 0, 13, 20, 20, 20, 11]","[9, 10, 0, 0, 6, 0, 0]","[0.0, 0.0, 0.3, 0.0, 0.0, 0.0, 0.0]","[72, 74, 84, 107, 154, 107, 78]","[64.828857421875, 73.09388732910156, 77.13888549804688, 117.73633575439453, 163.00070190429688, 121.53035736083984, 64.5975570678711]"
2014-03-26,2014-04-01,3164.0,11775,7355.0,"[9, 5, 10, 12, 10, 6, 9]","[2, 6, 8, 12, 8, 4, 3]","[0.18161950268724275, 0.029214418715730113, 0.1388376281080687, 0.08808186833215705, 0.20069062170572666, 0.13863298023226256, 0.07336219242289833]","[74, 84, 107, 154, 107, 78, 61]","[70.51325225830078, 74.73353576660156, 117.8110580444336, 160.13873291015625, 119.41494750976562, 64.14156341552734, 73.262939453125]"
2014-03-27,2014-04-02,3272.0,11176,7380.0,"[0, 19, 3, 20, 11, 0, 11]","[11, 0, 20, 0, 0, 10, 0]","[0.0, 0.0, 0.0, 0.0, 0.3, 0.0, 0.0]","[84, 107, 154, 107, 78, 61, 71]","[76.16523742675781, 111.90785217285156, 159.23338317871094, 118.40811157226562, 65.46955871582031, 74.63434600830078, 68.37779998779297]"
2014-03-28,2014-04-03,2822.0,11198,7600.0,"[20, 10, 0, 0, 0, 11, 0]","[0, 15, 17, 9, 10, 0, 10]","[0.0, 0.0, 0.0, 0.0, 0.29868690660299396, 0.0, 0.2595455348982011]","[107, 154, 107, 78, 61, 71, 67]","[116.1627197265625, 166.89553833007812, 118.58348083496094, 63.39384078979492, 71.04963684082031, 68.38751983642578, 72.23173522949219]"
2014-03-29,2014-04-04,3017.0,11227,6945.0,"[20, 19, 11, 8, 0, 12, 9]","[6, 0, 0, 3, 10, 0, 5]","[0.0, 0.3, 0.0, 0.3, 0.0, 0.0, 0.0]","[154, 107, 78, 61, 71, 67, 86]","[161.32330322265625, 117.55949401855469, 64.76327514648438, 72.1688232421875, 68.75989532470703, 74.4078598022461, 89.69905090332031]"
2014-03-30,2014-04-05,2930.0,9665,6540.0,"[14, 10, 12, 11, 5, 0, 20]","[5, 0, 0, 0, 6, 12, 0]","[0.0, 0.08530829537613589, 0.0, 0.0, 0.006272899515308651, 0.0, 0.0]","[107, 78, 61, 71, 67, 86, 147]","[119.2590103149414, 60.42566680908203, 70.30230712890625, 67.7625503540039, 73.00669860839844, 87.34815216064453, 142.57371520996094]"
2014-03-31,2014-04-06,2676.0,10909,7020.0,"[6, 11, 8, 9, 2, 13, 3]","[5, 1, 3, 3, 11, 8, 12]","[0.21882873003695136, 0.13878121002007898, 0.08963557921780105, 0.2229694981297699, 0.18713712624999868, 0.032599258711926905, 0.08964889080976171]","[78, 61, 71, 67, 86, 147, 117]","[67.3632583618164, 71.89639282226562, 69.45777893066406, 74.76362609863281, 89.92882537841797, 141.4879150390625, 100.39351654052734]"
2014-04-01,2014-04-07,3050.0,10409,6730.0,"[13, 0, 7, 6, 20, 17, 10]","[0, 10, 5, 8, 3, 0, 0]","[0.0, 0.0, 0.01621861249931837, 0.2972202015769996, 0.0, 0.0, 0.0]","[61, 71, 67, 86, 147, 117, 61]","[75.60283660888672, 69.34371185302734, 76.32058715820312, 91.18126678466797, 143.1375274658203, 104.69554138183594, 59.837066650390625]"
2014-04-02,2014-04-08,2984.0,10850,6640.0,"[4, 9, 7, 9, 8, 8, 2]","[6, 3, 7, 13, 8, 2, 6]","[0.25146765550031075, 0.07624438461188965, 0.08532827670547656, 0.0838865753413975, 0.1596350160773428, 0.08703475822966626, 0.13828699305894537]","[71, 67, 86, 147, 117, 61, 67]","[67.68583679199219, 70.7925796508789, 92.9056396484375, 144.58123779296875, 106.16504669189453, 60.377540588378906, 56.50878143310547]"
2014-04-03,2014-04-09,3308.0,9877,6450.0,"[12, 3, 0, 19, 10, 9, 10]","[0, 11, 20, 0, 0, 0, 0]","[0.0, 0.0, 0.00044202282006508423, 0.0, 0.03037443326460866, 0.0, 0.0]","[67, 86, 147, 117, 61, 67, 67]","[71.039306640625, 95.5117416381836, 145.85708618164062, 111.04663848876953, 60.792415618896484, 57.70778274536133, 63.620887756347656]"
2014-04-04,2014-04-10,3180.0,10380,6500.0,"[15, 0, 7, 0, 10, 11, 11]","[0, 20, 9, 9, 0, 0, 0]","[0.0, 0.0, 0.0016667954149774049, 0.13809101072510882, 0.0, 0.3, 0.0]","[86, 147, 117, 61, 67, 67, 69]","[92.52450561523438, 147.41680908203125, 105.7313232421875, 62.511207580566406, 59.385711669921875, 64.48475646972656, 68.64163970947266]"
2014-04-05,2014-04-11,3177.0,10713,6585.0,"[0, 9, 10, 0, 4, 10, 15]","[20, 7, 0, 9, 6, 1, 0]","[0.29697625676788086, 0.0, 0.0, 0.019347835146157656, 0.0, 0.0, 0.0]","[147, 117, 61, 67, 67, 69, 100]","[141.84869384765625, 102.778076171875, 59.61110305786133, 62.2462272644043, 65.16585540771484, 66.18144226074219, 91.96502685546875]"
2014-04-06,2014-04-12,3628.0,10217,6490.0,"[20, 9, 10, 11, 11, 15, 20]","[0, 0, 0, 0, 0, 0, 4]","[0.0, 0.0, 0.0, 0.0, 0.0, 0.0, 0.0]","[117, 61, 67, 67, 69, 100, 155]","[99.5214614868164, 56.70398712158203, 62.41131591796875, 65.30440521240234, 65.66226196289062, 89.5855941772461, 153.0039825439453]"
2014-04-07,2014-04-13,2844.0,10786,7220.0,"[11, 6, 0, 11, 15, 8, 0]","[0, 4, 9, 0, 0, 15, 17]","[0.0, 0.0, 0.0, 0.0, 0.3, 0.0, 0.0]","[61, 67, 67, 69, 100, 155, 111]","[64.97469329833984, 63.3527946472168, 65.42830657958984, 67.14043426513672, 92.0857925415039, 156.27781677246094, 118.217529296875]"
2014-04-08,2014-04-14,3110.0,10455,7260.0,"[0, 11, 19, 15, 19, 20, 2]","[8, 0, 0, 0, 6, 0, 8]","[0.0, 0.02888776238392378, 0.0, 0.0, 0.0, 0.0, 0.0]","[67, 67, 69, 100, 155, 111, 73]","[58.30723571777344, 65.34564971923828, 66.60559844970703, 90.75929260253906, 156.59039306640625, 116.8999252319336, 67.3244400024414]"
2014-04-09,2014-04-15,3112.0,11628,6910.0,"[6, 7, 7, 11, 8, 7, 9]","[5, 4, 7, 13, 7, 4, 2]","[0.13811524119029508, 0.13913466739400182, 0.167437006693824, 0.17361085575075574, 0.08962369622119123, 0.2203785962052936, 0.13080885732411074]","[67, 69, 100, 155, 111, 73, 88]","[67.36265563964844, 69.4383544921875, 95.01814270019531, 160.5341339111328, 121.93500518798828, 70.64286804199219, 74.21576690673828]"
2014-04-10,2014-04-16,3708.0,11378,7040.0,"[2, 16, 18, 20, 0, 12, 12]","[8, 0, 7, 0, 10, 0, 0]","[0.0, 0.0, 0.0, 0.0, 0.08463028907523103, 0.0, 0.3]","[69, 100, 155, 111, 73, 88, 82]","[66.58013153076172, 96.32798767089844, 155.51840209960938, 121.63722229003906, 67.76107025146484, 72.04557800292969, 75.67682647705078]"
2014-04-11,2014-04-17,3373.0,12140,7290.0,"[9, 14, 7, 5, 6, 9, 8]","[6, 8, 11, 6, 5, 3, 5]","[0.13916674450845928, 0.08788578158914787, 0.0881776719828224, 0.1525388547909253, 0.1991361340832324, 0.12654736675259087, 0.21725985532865355]","[100, 155, 111, 73, 88, 82, 100]","[97.67768096923828, 161.88185119628906, 119.03384399414062, 68.56299591064453, 72.0269546508789, 74.45835876464844, 82.04590606689453]"
2014-04-12,2014-04-18,3806.0,11509,7680.0,"[20, 20, 9, 0, 0, 14, 0]","[5, 0, 2, 10, 11, 0, 16]","[0.0, 0.0, 0.0, 0.0, 0.0, 0.0, 0.0]","[155, 111, 73, 88, 82, 100, 152]","[159.0916748046875, 119.99039459228516, 69.2765121459961, 70.96937561035156, 75.72557067871094, 83.11546325683594, 112.26628875732422]"
2014-04-13,2014-04-19,3718.0,12086,7810.0,"[0, 11, 0, 4, 13, 19, 20]","[16, 0, 10, 7, 0, 0, 8]","[0.0, 0.0, 0.0, 0.0, 0.3, 0.02122097535455562, 0.0]","[111, 73, 88, 82, 100, 152, 179]","[116.4263916015625, 65.60478210449219, 69.49162292480469, 75.2677001953125, 78.74590301513672, 116.89433288574219, 177.84986877441406]"
2014-04-14,2014-04-20,2183.0,10250,7345.0,"[0, 4, 6, 0, 11, 19, 3]","[10, 7, 5, 11, 6, 9, 6]","[0.3, 0.006046998565626417, 0.0, 0.0, 0.08764604283047248, 0.0, 0.0]","[73, 88, 82, 100, 152, 179, 0]","[67.9017105102539, 71.4486312866211, 71.84514617919922, 80.69390106201172, 108.56565856933594, 179.51651000976562, 60.78415298461914]"
2014-04-15,2014-04-21,2426.0,10645,6970.0,"[1, 10, 10, 18, 14, 9, 10]","[9, 2, 3, 0, 12, 0, 4]","[0.035795939581183475, 0.2580211230827228, 0.0, 0.3, 0.0, 0.13903308178831528, 0.0]","[88, 82, 100, 152, 179, 0, 77]","[72.56210327148438, 74.98148345947266, 82.54312133789062, 108.55657196044922, 171.51585388183594, 54.36922836303711, 91.30516052246094]"
2014-04-16,2014-04-22,2726.0,10149,7320.0,"[13, 14, 8, 5, 0, 15, 13]","[0, 0, 9, 20, 8, 0, 0]","[0.0, 0.0, 0.0, 0.0, 0.3, 0.0, 0.0]","[82, 100, 152, 179, 0, 77, 77]","[78.32980346679688, 85.22050476074219, 113.55168914794922, 171.9302215576172, 58.93355941772461, 91.74248504638672, 78.14181518554688]"
2014-04-17,2014-04-23,3132.0,10353,7130.0,"[14, 20, 17, 10, 14, 13, 12]","[0, 0, 11, 0, 0, 0, 0]","[0.0, 0.0, 0.0, 0.0, 0.0, 0.0, 0.0]","[100, 152, 179, 0, 77, 77, 73]","[87.19029235839844, 113.03077697753906, 179.07635498046875, 59.92022705078125, 86.87513732910156, 76.93041229248047, 71.81470489501953]"
2014-04-18,2014-04-24,2734.0,10251,7420.0,"[19, 8, 10, 15, 0, 12, 14]","[0, 20, 0, 0, 11, 0, 0]","[0.0, 0.0, 0.3, 0.0, 0.0, 0.0, 0.0]","[152, 179, 0, 77, 77, 73, 96]","[117.10313415527344, 186.5330352783203, 62.15935516357422, 88.07231903076172, 80.43988037109375, 73.79635620117188, 85.94252014160156]"
2014-04-19,2014-04-25,2270.0,10200,7830.0,"[19, 9, 15, 3, 5, 15, 6]","[11, 0, 0, 9, 7, 0, 12]","[0.0, 0.3, 0.0, 0.0, 0.0, 0.0, 0.0]","[179, 0, 77, 77, 73, 96, 104]","[192.73147583007812, 56.861087799072266, 90.87662506103516, 84.95771026611328, 80.0853271484375, 91.81858825683594, 123.51600646972656]"
2014-04-20,2014-04-26,1879.0,10466,7665.0,"[0, 13, 13, 1, 11, 20, 20]","[9, 2, 0, 10, 3, 0, 7]","[0.0, 0.0, 0.0, 0.0, 0.0, 0.0, 0.26499570474026307]","[0, 77, 77, 73, 96, 104, 160]","[62.36852264404297, 92.4291000366211, 79.18282318115234, 75.8891830444336, 90.31428527832031, 122.06942749023438, 168.3461456298828]"
2014-04-21,2014-04-27,3356.0,11793,7810.0,"[16, 12, 12, 0, 20, 13, 9]","[0, 0, 0, 12, 0, 12, 6]","[0.0, 0.07765221821858442, 0.005817017283083219, 0.0, 0.24766414162391007, 0.0, 0.0]","[77, 77, 73, 96, 104, 160, 104]","[95.19210815429688, 73.56566619873047, 71.74607849121094, 83.83250427246094, 114.5655517578125, 163.66195678710938, 96.37897491455078]"
2014-04-22,2014-04-28,3588.0,11973,7390.0,"[13, 4, 14, 19, 10, 17, 12]","[0, 7, 0, 0, 15, 0, 0]","[0.0, 0.3, 0.0, 0.0, 0.0, 0.0, 0.3]","[77, 73, 96, 104, 160, 104, 64]","[76.24492645263672, 76.02912139892578, 82.68187713623047, 116.5600357055664, 164.35235595703125, 101.68496704101562, 70.59500122070312]"
2014-04-23,2014-04-29,2935.0,11646,7255.0,"[7, 9, 7, 14, 9, 4, 8]","[5, 5, 10, 11, 4, 6, 3]","[0.033621641681814786, 0.1388401139268537, 0.07449633330297567, 0.2069934735400608, 0.10351810152066138, 0.17661385221200804, 0.13905466754127177]","[73, 96, 104, 160, 104, 64, 50]","[74.99623107910156, 86.8238754272461, 112.07138061523438, 167.09938049316406, 90.67374420166016, 69.54235076904297, 70.78347778320312]"
2014-04-24,2014-04-30,2971.0,11281,7515.0,"[7, 7, 16, 20, 0, 12, 10]","[6, 10, 10, 0, 10, 0, 1]","[0.0, 0.003721725159174419, 0.0, 0.3, 0.0012297239793289628, 0.0, 0.0]","[96, 104, 160, 104, 64, 50, 68]","[86.82372283935547, 112.96379852294922, 168.2753143310547, 98.75157928466797, 72.70440673828125, 71.24756622314453, 66.80682373046875]"
2014-04-25,2014-05-01,2658.0,10701,7260.0,"[20, 20, 0, 1, 0, 10, 14]","[0, 7, 13, 9, 10, 0, 0]","[0.003654701725179556, 0.0, 0.1385009030011146, 0.3, 0.09023464124917957, 0.0, 0.0]","[104, 160, 104, 64, 50, 68, 68]","[118.88973999023438, 167.16859436035156, 95.5438232421875, 70.78661346435547, 69.95421600341797, 62.89604949951172, 86.65705871582031]"
2014-04-26,2014-05-02,2701.0,10520,7160.0,"[17, 10, 12, 12, 0, 11, 5]","[9, 5, 0, 0, 9, 3, 9]","[0.0, 0.0, 0.031439696519720166, 0.2988946327669606, 0.2214394970837933, 0.0, 0.0]","[160, 104, 64, 50, 68, 68, 95]","[165.44967651367188, 97.91688537597656, 72.97442626953125, 73.0059585571289, 63.75099182128906, 86.3125991821289, 92.57862854003906]"
2014-04-27,2014-05-03,2588.0,9376,6440.0,"[11, 12, 11, 10, 0, 16, 20]","[3, 0, 0, 0, 13, 0, 0]","[0.0, 0.15793292485146826, 0.0, 0.0, 0.0, 0.0, 0.0]","[104, 64, 50, 68, 68, 95, 139]","[89.5093765258789, 71.55772399902344, 69.13837432861328, 62.6550407409668, 89.10135650634766, 95.87018585205078, 143.40164184570312]"
2014-04-28,2014-05-04,2093.0,10593,7205.0,"[12, 12, 10, 0, 11, 20, 3]","[0, 0, 0, 12, 4, 3, 14]","[0.0, 0.0017213990669031184, 0.0, 0.3, 0.0, 0.0, 0.3]","[64, 50, 68, 68, 95, 139, 99]","[73.13294982910156, 69.79051971435547, 60.82402420043945, 86.14368438720703, 92.50067138671875, 139.43983459472656, 116.51074981689453]"
2014-04-29,2014-05-05,2372.0,10366,6790.0,"[11, 10, 15, 0, 15, 18, 9]","[0, 0, 0, 14, 9, 0, 0]","[0.3, 0.0, 0.0, 0.3, 0.0, 0.0, 0.08883562718392454]","[50, 68, 68, 95, 139, 99, 53]","[66.8807373046875, 61.876312255859375, 88.61849975585938, 101.2596435546875, 150.65646362304688, 104.279296875, 54.66082763671875]"
2014-04-30,2014-05-06,2945.0,9683,6435.0,"[9, 14, 16, 20, 16, 11, 3]","[0, 0, 1, 4, 1, 0, 5]","[0.0, 0.08009793128997186, 0.08491631957314587, 0.0, 0.0, 0.0, 0.0]","[68, 68, 95, 139, 99, 53, 52]","[56.5918083190918, 86.30093383789062, 99.18576049804688, 148.5302276611328, 107.02252197265625, 64.32975006103516, 55.16592025756836]"
2014-05-01,2014-05-07,2204.0,10369,6500.0,"[8, 14, 15, 9, 8, 7, 9]","[5, 2, 4, 9, 2, 3, 1]","[0.19884860540259577, 0.20118662603645598, 0.2639184552868958, 0.03018715526940008, 0.22494290104426043, 0.07300862699959637, 0.019600759945727242]","[68, 95, 139, 99, 53, 52, 56]","[84.47120666503906, 95.3125, 145.16748046875, 114.524658203125, 63.99059295654297, 63.93267059326172, 64.5811996459961]"
2014-05-02,2014-05-08,2480.0,9868,6860.0,"[16, 0, 20, 11, 0, 11, 0]","[0, 20, 0, 0, 9, 0, 10]","[0.003181829625896573, 0.0, 0.0, 0.0, 0.0, 0.3, 0.0]","[95, 139, 99, 53, 52, 56, 70]","[93.58043670654297, 145.04502868652344, 115.13117218017578, 64.39462280273438, 64.09782409667969, 67.94896697998047, 73.72564697265625]"
2014-05-03,2014-05-09,2645.0,9783,6605.0,"[20, 17, 0, 0, 10, 12, 0]","[4, 0, 8, 7, 0, 0, 15]","[0.0, 0.0, 0.030431547451539323, 0.0, 0.3, 0.005252299881722235, 0.0]","[139, 99, 53, 52, 56, 70, 93]","[145.6478271484375, 103.415771484375, 55.745967864990234, 52.324127197265625, 63.17182159423828, 74.89117431640625, 104.75093078613281]"
2014-05-04,2014-05-10,2349.0,9829,7065.0,"[4, 5, 9, 2, 0, 3, 13]","[11, 4, 0, 7, 10, 12, 11]","[0.0, 0.0, 0.0, 0.24960370430663117, 0.0, 0.0, 0.0]","[99, 53, 52, 56, 70, 93, 142]","[104.5954360961914, 58.614593505859375, 54.91523361206055, 64.18672180175781, 72.83228302001953, 104.87422943115234, 156.89476013183594]"
2014-05-05,2014-05-11,2573.0,9707,7005.0,"[10, 10, 11, 0, 15, 20, 0]","[0, 0, 0, 11, 2, 4, 15]","[0.0, 0.0, 0.0, 0.0, 0.0, 0.0, 0.0]","[53, 52, 56, 70, 93, 142, 117]","[59.97873306274414, 59.24234390258789, 64.07999420166016, 76.76062774658203, 101.59142303466797, 150.6318817138672, 104.68598175048828]"
2014-05-06,2014-05-12,2557.0,10271,6930.0,"[8, 5, 0, 0, 20, 9, 0]","[1, 4, 10, 15, 5, 7, 9]","[0.3, 0.0, 0.0, 0.0, 0.0, 0.0, 0.2646766920921714]","[52, 56, 70, 93, 142, 117, 59]","[57.835899353027344, 59.88397979736328, 73.70015716552734, 103.0896987915039, 155.58058166503906, 105.29920959472656, 67.64768981933594]"
2014-05-07,2014-05-13,3024.0,10041,6470.0,"[10, 12, 0, 20, 18, 10, 10]","[0, 0, 15, 1, 0, 2, 0]","[0.0, 0.0005058899402953505, 0.0, 0.0, 0.0, 0.0, 0.3]","[56, 70, 93, 142, 117, 59, 62]","[61.683589935302734, 73.42839813232422, 105.41205596923828, 157.06887817382812, 109.00707244873047, 74.63316345214844, 64.07097625732422]"
2014-05-08,2014-05-14,2604.0,10934,7290.0,"[5, 6, 9, 4, 8, 7, 9]","[7, 10, 14, 12, 3, 3, 3]","[0.08608549884691662, 0.08214110008869374, 0.08289633880701454, 0.16518442101587277, 0.07913321142711464, 0.168447729216248, 0.07793465167261862]","[70, 93, 142, 117, 59, 62, 64]","[73.47681427001953, 106.37935638427734, 152.3251190185547, 108.82442474365234, 71.89913177490234, 62.97737121582031, 67.19343566894531]"
2014-05-09,2014-05-15,2832.0,11107,6985.0,"[5, 18, 7, 1, 11, 5, 5]","[10, 7, 9, 8, 0, 5, 6]","[0.0, 0.0, 0.2985498105242758, 0.0785180246767503, 0.3, 0.08769752156715799, 0.0]","[93, 142, 117, 59, 62, 64, 82]","[102.87364959716797, 157.40634155273438, 104.47737884521484, 66.45161437988281, 63.15766525268555, 66.33234405517578, 73.42781829833984]"
2014-05-10,2014-05-16,3142.0,10661,6970.0,"[20, 19, 11, 0, 11, 0, 8]","[4, 0, 0, 9, 0, 10, 8]","[0.028002756808152684, 0.2109591323029879, 0.0, 0.0, 0.0003391721582801376, 0.0, 0.0]","[142, 117, 59, 62, 64, 82, 96]","[148.64920043945312, 104.48271179199219, 69.24527740478516, 64.14002227783203, 64.41886901855469, 69.75584411621094, 106.56947326660156]"
2014-05-11,2014-05-17,2556.0,10510,7420.0,"[17, 0, 5, 0, 12, 11, 9]","[1, 10, 5, 10, 0, 6, 14]","[0.0, 0.0, 0.3, 0.009870259555917783, 0.0, 0.0, 0.0]","[117, 59, 62, 64, 82, 96, 138]","[109.3792495727539, 69.9841079711914, 63.907100677490234, 67.81501007080078, 73.52779388427734, 106.0340576171875, 152.29222106933594]"
2014-05-12,2014-05-18,2417.0,10615,7455.0,"[0, 5, 0, 0, 12, 14, 20]","[10, 5, 8, 11, 6, 9, 0]","[1.2407523303316012e-07, 0.2205663809959597, 0.3, 0.024913900818999545, 0.0, 0.0, 0.0]","[59, 62, 64, 82, 96, 138, 109]","[72.509521484375, 64.95535278320312, 67.67092895507812, 75.4728012084961, 111.47221374511719, 150.8744354248047, 123.87068939208984]"
2014-05-13,2014-05-19,2910.0,10767,7035.0,"[8, 3, 5, 5, 12, 15, 5]","[2, 6, 5, 11, 11, 4, 5]","[0.0820348853566872, 0.09015427886924035, 0.20394768559097193, 0.08645774520297989, 0.035742991243599524, 0.08464915711135809, 0.13860050195140658]","[62, 64, 82, 96, 138, 109, 72]","[64.16930389404297, 63.313316345214844, 68.99109649658203, 108.86768341064453, 151.3207550048828, 119.33968353271484, 67.05775451660156]"
2014-05-14,2014-05-20,2713.0,11378,7245.0,"[0, 12, 0, 4, 3, 11, 0]","[9, 0, 15, 18, 14, 0, 9]","[0.25393372123619257, 0.0, 0.2973753127977392, 0.0, 0.22399836956664657, 0.0, 0.0]","[64, 82, 96, 138, 109, 72, 71]","[64.89081573486328, 70.517333984375, 104.66970825195312, 149.71548461914062, 116.33119201660156, 64.143798828125, 66.78606414794922]"
2014-05-15,2014-05-21,2972.0,11268,7295.0,"[2, 9, 17, 10, 6, 4, 8]","[9, 8, 7, 9, 4, 6, 3]","[0.1301251785758413, 0.13851779962407146, 0.09095111343939412, 0.08904003896463901, 0.1024391586685243, 0.13854782680574557, 0.08323625802084295]","[82, 96, 138, 109, 72, 71, 80]","[73.58614349365234, 112.34432983398438, 152.92681884765625, 121.5086669921875, 60.038169860839844, 66.50172424316406, 73.55320739746094]"
2014-05-16,2014-05-22,3156.0,11657,7460.0,"[13, 20, 15, 0, 0, 8, 10]","[4, 4, 4, 10, 10, 4, 4]","[0.0, 0.0, 0.0, 0.3, 0.00489956687463463, 0.0, 0.2941760549671411]","[96, 138, 109, 72, 71, 80, 82]","[108.0988998413086, 151.05145263671875, 115.8798828125, 70.65338134765625, 74.3301010131836, 76.8885498046875, 87.08673095703125]"
2014-05-17,2014-05-23,3208.0,11893,7595.0,"[16, 8, 3, 8, 7, 10, 11]","[7, 9, 7, 3, 6, 4, 7]","[0.07321712106988612, 0.11851181968590678, 0.08539852907192459, 0.13830851144823805, 0.08952020261411084, 0.08292720928273407, 0.1838692646235665]","[138, 109, 72, 71, 80, 82, 106]","[147.5570831298828, 113.72364807128906, 64.94779205322266, 69.20501708984375, 76.78763580322266, 91.10759735107422, 116.00880432128906]"
2014-05-18,2014-05-24,3938.0,13313,8860.0,"[20, 11, 11, 0, 14, 20, 20]","[0, 0, 0, 10, 0, 0, 20]","[0.0, 0.0, 0.01746324616381356, 0.0, 0.3, 0.0, 0.0]","[109, 72, 71, 80, 82, 106, 574]","[117.8790283203125, 68.31047058105469, 67.85577392578125, 73.6544418334961, 86.25553894042969, 113.8795394897461, 507.7997741699219]"
2014-05-19,2014-05-25,4694.0,15651,10740.0,"[10, 0, 12, 0, 19, 20, 20]","[0, 9, 0, 12, 0, 20, 20]","[0.3, 0.0, 0.0, 0.0, 0.0, 0.0, 0.0]","[72, 71, 80, 82, 106, 574, 467]","[62.157501220703125, 66.54241180419922, 70.485107421875, 83.90971374511719, 115.33499908447266, 513.4298706054688, 485.48895263671875]"
2014-05-20,2014-05-26,5791.0,19778,13420.0,"[12, 20, 15, 20, 20, 20, 20]","[0, 0, 0, 0, 20, 20, 20]","[0.2954957811387191, 0.3, 0.008946481658969213, 0.0, 0.0, 0.0, 0.0]","[71, 80, 82, 106, 574, 467, 441]","[73.71013641357422, 75.1682357788086, 87.56611633300781, 114.09192657470703, 490.2909851074219, 475.8031005859375, 423.7726135253906]"
2014-05-21,2014-05-27,6240.0,18615,12770.0,"[0, 14, 0, 20, 20, 20, 0]","[10, 0, 16, 20, 20, 20, 10]","[0.0, 0.0, 0.0, 0.0, 0.0, 0.0, 0.0]","[80, 82, 106, 574, 467, 441, 57]","[73.08320617675781, 86.3886489868164, 113.86907958984375, 493.19415283203125, 470.5335388183594, 430.0317687988281, 70.59034729003906]"
2014-05-22,2014-05-28,6340.0,17425,11410.0,"[0, 20, 20, 20, 20, 11, 0]","[13, 0, 20, 20, 20, 0, 0]","[0.0, 0.0, 0.00427261695674741, 0.0, 0.01738321997495336, 0.0, 0.3]","[82, 106, 574, 467, 441, 57, 75]","[88.68316650390625, 113.37908172607422, 502.6901550292969, 475.1380615234375, 392.6465759277344, 64.43301391601562, 69.15026092529297]"
2014-05-23,2014-05-29,5892.0,20156,12080.0,"[20, 20, 20, 20, 0, 12, 12]","[0, 20, 20, 20, 10, 0, 0]","[0.3, 0.3, 0.0, 0.0, 0.0, 0.0, 0.0]","[106, 574, 467, 441, 57, 75, 63]","[114.2435073852539, 554.9647216796875, 510.45751953125, 401.20367431640625, 70.1994857788086, 70.4613265991211, 72.65635681152344]"
2014-05-24,2014-05-30,6044.0,18897,11770.0,"[20, 20, 20, 7, 0, 11, 0]","[20, 20, 20, 4, 9, 0, 12]","[0.25887715225302577, 0.0, 0.0, 0.0, 0.0, 0.1387683627783675, 0.0]","[574, 467, 441, 57, 75, 63, 80]","[488.1900939941406, 467.50274658203125, 426.16845703125, 69.23077392578125, 66.47613525390625, 69.55996704101562, 82.66864776611328]"
2014-05-25,2014-05-31,4218.0,14613,8665.0,"[20, 20, 12, 12, 12, 14, 15]","[0, 20, 0, 0, 0, 0, 5]","[0.0, 0.0, 0.00475814820133668, 0.14956026332692665, 0.3, 0.25137866057861036, 0.29869628426072276]","[467, 441, 57, 75, 63, 80, 128]","[495.6591491699219, 429.6463928222656, 68.0061264038086, 72.65898895263672, 71.5696792602539, 83.88396453857422, 127.97419738769531]"
2014-05-26,2014-06-01,3220.0,13086,9520.0,"[20, 12, 0, 20, 14, 0, 18]","[20, 0, 10, 0, 0, 20, 0]","[0.0, 0.3, 0.0, 0.0, 0.0, 0.0, 0.0]","[441, 57, 75, 63, 80, 128, 95]","[433.07806396484375, 70.01024627685547, 71.90766143798828, 72.53203582763672, 85.76139831542969, 133.7687530517578, 112.52650451660156]"
2014-05-27,2014-06-02,1909.0,10527,7130.0,"[6, 5, 9, 8, 5, 4, 9]","[5, 6, 3, 5, 15, 12, 4]","[0.07576514289860563, 0.07546838445740973, 0.082880481002023, 0.1771903418631465, 0.2038111670620838, 0.08277579965300516, 0.2601406908957662]","[57, 75, 63, 80, 128, 95, 61]","[72.02362060546875, 71.63284301757812, 72.34732818603516, 84.38423156738281, 138.326416015625, 108.59296417236328, 83.26020812988281]"
2014-05-28,2014-06-03,2356.0,9782,6820.0,"[0, 5, 15, 14, 6, 9, 11]","[9, 5, 0, 7, 12, 4, 0]","[0.0, 0.03689741633373494, 9.668830338652647e-05, 0.0, 0.0, 0.0, 0.3]","[75, 63, 80, 128, 95, 61, 73]","[63.42715072631836, 68.09283447265625, 88.08076477050781, 134.5465087890625, 117.58985137939453, 85.81592559814453, 67.0887680053711]"
2014-05-29,2014-06-04,2363.0,10031,6860.0,"[0, 9, 0, 20, 13, 10, 12]","[11, 4, 20, 0, 0, 0, 0]","[0.0, 0.0, 0.0, 0.012818863901301854, 0.2946737408275539, 0.26359193032964373, 0.0]","[63, 80, 128, 95, 61, 73, 71]","[76.06121826171875, 81.38449096679688, 135.67868041992188, 114.02912902832031, 79.0814437866211, 63.70365905761719, 74.33724975585938]"
2014-05-30,2014-06-05,2305.0,10809,6950.0,"[0, 11, 19, 3, 9, 12, 0]","[12, 9, 0, 10, 2, 0, 10]","[0.08867722030220797, 0.0, 0.0, 0.2972640844108574, 0.0, 0.3, 0.3]","[80, 128, 95, 61, 73, 71, 69]","[85.66609954833984, 132.06785583496094, 115.84356689453125, 87.14288330078125, 66.3581314086914, 75.04337310791016, 74.58991241455078]"
2014-05-31,2014-06-06,2347.0,10004,6965.0,"[7, 0, 0, 8, 10, 6, 15]","[13, 16, 11, 2, 2, 5, 0]","[0.08651766855209098, 0.0, 0.3, 0.0, 0.0, 0.0, 0.0]","[128, 95, 61, 73, 71, 69, 77]","[132.72750854492188, 111.74740600585938, 76.13562774658203, 62.449256896972656, 72.23037719726562, 74.0727310180664, 90.25035858154297]"
2014-06-01,2014-06-07,2023.0,10581,7085.0,"[9, 6, 6, 8, 4, 4, 10]","[8, 6, 4, 4, 7, 9, 10]","[0.13835227212612042, 0.13860802175016082, 0.20146791913173281, 0.13874407601764957, 0.09000645702330004, 0.08390551609321514, 0.217071162261525]","[95, 61, 73, 71, 69, 77, 118]","[113.034912109375, 82.39595794677734, 65.81896209716797, 74.63091278076172, 72.20831298828125, 87.4453125, 128.9679718017578]"
2014-06-02,2014-06-08,2523.0,10239,6380.0,"[12, 10, 0, 12, 8, 11, 15]","[0, 0, 10, 0, 6, 8, 0]","[0.26396218749727346, 0.0, 0.0, 0.2952656851236276, 0.29853794133937706, 0.0038383565806440678, 0.0]","[61, 73, 71, 69, 77, 118, 97]","[75.5912094116211, 61.96892547607422, 72.17481231689453, 70.90304565429688, 88.25575256347656, 124.6955795288086, 93.0322494506836]"
2014-06-03,2014-06-09,2443.0,10484,6260.0,"[6, 8, 9, 6, 11, 10, 8]","[3, 3, 2, 7, 8, 5, 3]","[0.1682096361226308, 0.25294925324045064, 0.21422186065332105, 0.07753305518995302, 0.17364625950454815, 0.15604401425441944, 0.13868510895459057]","[73, 71, 69, 77, 118, 97, 61]","[61.537353515625, 70.88033294677734, 71.87599182128906, 86.02206420898438, 124.54573059082031, 95.95381164550781, 70.19964599609375]"
2014-06-04,2014-06-10,2408.0,10058,6290.0,"[5, 9, 10, 13, 7, 2, 8]","[4, 3, 4, 7, 7, 8, 2]","[0.18236838429893604, 0.20867462027071831, 0.08742064514946656, 0.07428592314480328, 0.1385871007728647, 0.17901214137372784, 0.1563619292284611]","[71, 69, 77, 118, 97, 61, 65]","[75.95046997070312, 73.81021118164062, 90.26637268066406, 125.71467590332031, 93.07254791259766, 67.09648132324219, 65.52800750732422]"
2014-06-05,2014-06-11,2704.0,9797,6535.0,"[0, 15, 15, 0, 8, 11, 1]","[11, 0, 5, 14, 2, 0, 9]","[0.0, 0.0, 0.0, 0.0, 0.0, 0.00221796050751505, 0.2960741142044171]","[69, 77, 118, 97, 61, 65, 71]","[74.25273895263672, 90.55791473388672, 125.66507720947266, 94.78219604492188, 63.32034683227539, 65.0209732055664, 68.77070617675781]"
2014-06-06,2014-06-12,2601.0,9709,6570.0,"[6, 12, 9, 11, 3, 7, 5]","[8, 8, 6, 0, 7, 4, 6]","[0.0, 0.0, 0.0, 0.0, 0.0, 0.0, 0.2980908132194316]","[77, 118, 97, 61, 65, 71, 65]","[89.1343994140625, 128.73764038085938, 95.51848602294922, 68.32626342773438, 65.677978515625, 70.66419219970703, 75.92652893066406]"
2014-06-07,2014-06-13,2758.0,10190,6265.0,"[15, 6, 4, 6, 3, 6, 9]","[4, 8, 6, 4, 7, 5, 4]","[0.0890226609355445, 0.18606429067338576, 0.08182972472414278, 0.08501406067201364, 0.19915527443361677, 0.07834423445115868, 0.13871917654007385]","[118, 97, 61, 65, 71, 65, 89]","[121.21974182128906, 93.00167083740234, 69.11929321289062, 66.99565887451172, 68.61888122558594, 72.54936981201172, 79.91268920898438]"
2014-06-08,2014-06-14,2500.0,9944,6520.0,"[6, 0, 0, 0, 12, 13, 10]","[8, 10, 9, 9, 0, 0, 10]","[0.0, 0.07595073847114889, 0.20262516721136412, 0.2542419617379485, 0.08931866189726399, 0.08238126059354604, 0.0]","[97, 61, 65, 71, 65, 89, 125]","[93.97454833984375, 69.04032135009766, 63.772308349609375, 68.54286193847656, 72.23745727539062, 80.14891815185547, 131.41293334960938]"
