start_date,end_date,lucro_otimo,unidades,hr_cost,J,X,PR,clientes_reais,clientes_previstos
2013-07-01,2013-07-07,2542.0,8740,4645.0,"[3, 0, 0, 7, 14, 17, 0]","[0, 8, 9, 7, 0, 1, 0]","[0.3, 0.0011108305685887834, 0.17059137929852627, 0.16563663222844396, 0.3, 0.0352403897027315, 0.0]","[62, 70, 76, 90, 99, 119, 86]","[20.318403244018555, 55.4985237121582, 62.476322174072266, 92.60774230957031, 85.26797485351562, 110.01748657226562, 91.24520874023438]"
2013-07-02,2013-07-08,3653.0,11964,6585.0,"[5, 5, 11, 9, 11, 7, 5]","[6, 6, 3, 6, 7, 7, 4]","[0.10488230985107376, 0.17209127575458916, 0.17545302135504912, 0.16584285200026427, 0.06796019201598795, 0.16254093008566536, 0.1867952771196115]","[70, 76, 90, 99, 119, 86, 62]","[72.27051544189453, 74.95191955566406, 85.7484130859375, 95.14242553710938, 116.12265014648438, 90.86981964111328, 59.6943359375]"
2013-07-03,2013-07-09,3574.0,11176,6130.0,"[0, 13, 16, 7, 14, 6, 5]","[10, 0, 0, 10, 0, 4, 4]","[0.2140135989786627, 0.3, 0.0, 0.0, 0.0, 0.0, 0.3]","[76, 90, 99, 119, 86, 62, 63]","[67.72535705566406, 77.94231414794922, 93.44490051269531, 111.77340698242188, 87.14701843261719, 62.694217681884766, 57.331241607666016]"
2013-07-04,2013-07-10,3466.0,11052,6070.0,"[5, 5, 10, 10, 4, 7, 7]","[9, 8, 7, 2, 5, 3, 3]","[0.11803595796473772, 0.11814653836323741, 0.1711862958562927, 0.10711296424625437, 0.10384881823710762, 0.17009177348379612, 0.124137805493934]","[90, 99, 119, 86, 62, 63, 66]","[93.191162109375, 85.57943725585938, 110.45403289794922, 87.81136322021484, 60.91722869873047, 62.449989318847656, 65.80046081542969]"
2013-07-05,2013-07-11,3356.0,9696,5990.0,"[0, 10, 15, 7, 5, 11, 12]","[12, 7, 0, 3, 5, 0, 0]","[0.085188003522149, 0.0, 0.0, 0.0, 0.0, 0.0, 0.0]","[99, 119, 86, 62, 63, 66, 64]","[86.64826965332031, 109.28217315673828, 87.63789367675781, 62.0900764465332, 62.3477897644043, 65.29430389404297, 75.19901275634766]"
2013-07-06,2013-07-12,3065.0,9678,6110.0,"[9, 0, 11, 5, 10, 12, 2]","[8, 12, 0, 5, 1, 0, 10]","[0.0, 0.0, 0.0, 0.0, 0.0, 0.0, 0.17437872368414778]","[119, 86, 62, 63, 66, 64, 76]","[111.22454071044922, 86.96092987060547, 65.02031707763672, 62.32533645629883, 64.56453704833984, 71.7725601196289, 83.77397918701172]"
2013-07-07,2013-07-13,3155.0,9469,5970.0,"[15, 0, 11, 11, 12, 14, 19]","[0, 9, 0, 0, 0, 0, 0]","[0.0, 0.0, 0.0768786679122538, 0.0, 0.03989180902142331, 0.0, 0.0]","[86, 62, 63, 66, 64, 76, 102]","[90.05902862548828, 62.1650505065918, 63.451881408691406, 65.56797790527344, 71.85931396484375, 84.8621597290039, 109.47354125976562]"
2013-07-08,2013-07-14,2754.0,9536,6065.0,"[10, 10, 8, 12, 5, 0, 0]","[0, 0, 2, 0, 8, 15, 12]","[0.03497393164313034, 0.3, 0.0388312041719022, 0.0, 0.0, 0.0, 0.0]","[62, 63, 66, 64, 76, 102, 79]","[61.786624908447266, 62.852718353271484, 64.59915924072266, 73.83389282226562, 85.03343200683594, 108.8797607421875, 87.19878387451172]"
2013-07-09,2013-07-15,2729.0,10554,6180.0,"[8, 10, 7, 7, 7, 9, 8]","[2, 5, 4, 6, 9, 4, 2]","[0.13177359297867375, 0.13378044371191533, 0.07487966574577935, 0.17053006408380045, 0.16073243604710083, 0.21232887637103942, 0.17045447436635108]","[63, 66, 64, 76, 102, 79, 66]","[59.52096176147461, 62.29331588745117, 70.29792785644531, 83.22662353515625, 105.71088409423828, 86.94426727294922, 61.89071273803711]"
2013-07-10,2013-07-16,3007.0,10074,5690.0,"[9, 12, 14, 18, 4, 10, 11]","[1, 0, 0, 0, 9, 0, 0]","[0.0, 0.0, 0.3, 0.0, 0.3, 0.0, 0.0036769531846606723]","[66, 64, 76, 102, 79, 66, 77]","[63.42645263671875, 72.59130859375, 85.92431640625, 105.96812438964844, 87.73666381835938, 61.29334259033203, 65.43421936035156]"
2013-07-11,2013-07-17,2738.0,10550,5795.0,"[12, 0, 12, 14, 0, 11, 0]","[0, 12, 5, 0, 9, 0, 7]","[0.00528742277657507, 0.0, 0.3, 0.21378670475058464, 0.3, 0.034993034401092096, 0.22100734177722575]","[64, 76, 102, 79, 66, 77, 69]","[72.9414291381836, 84.62376403808594, 108.01044464111328, 85.15555572509766, 60.73249435424805, 63.91064453125, 49.80616760253906]"
2013-07-12,2013-07-18,2881.0,9872,5800.0,"[0, 10, 0, 10, 0, 8, 12]","[12, 7, 12, 0, 9, 0, 0]","[0.037605310557297975, 0.0, 0.3, 0.0, 0.0, 0.3, 0.03819659525027594]","[76, 102, 79, 66, 77, 69, 70]","[82.39889526367188, 107.71310424804688, 86.19872283935547, 61.334556579589844, 64.27936553955078, 50.45226287841797, 75.1146469116211]"
2013-07-13,2013-07-19,2799.0,10670,5440.0,"[8, 14, 1, 10, 7, 11, 13]","[8, 0, 8, 0, 1, 0, 0]","[0.3, 0.08771530990923959, 0.07729741323950251, 0.0, 0.2886500190485444, 0.3, 0.3]","[102, 79, 66, 77, 69, 70, 73]","[105.11536407470703, 84.7093734741211, 62.10063171386719, 62.50113296508789, 48.34915542602539, 74.56302642822266, 80.71620178222656]"
2013-07-14,2013-07-20,2543.0,10161,6185.0,"[9, 9, 7, 1, 9, 6, 8]","[5, 4, 3, 6, 3, 7, 8]","[0.034904961457284694, 0.03983235148464116, 0.08159695750564015, 0.12369640659357056, 0.19476769318665718, 0.08737156476148383, 0.27750418102332775]","[79, 66, 77, 69, 70, 73, 105]","[86.39982604980469, 65.56070709228516, 63.04872512817383, 48.022464752197266, 73.99162292480469, 81.89801025390625, 104.39905548095703]"
2013-07-15,2013-07-21,3067.0,10007,5500.0,"[10, 0, 8, 12, 0, 17, 13]","[0, 9, 0, 0, 11, 0, 0]","[0.3, 0.0, 5.925992230139791e-06, 0.036148276163298666, 0.03731675565677565, 0.3, 0.0]","[66, 77, 69, 70, 73, 105, 83]","[60.33195495605469, 63.51422882080078, 46.40114974975586, 74.30213928222656, 80.99172973632812, 104.64246368408203, 79.40392303466797]"
2013-07-16,2013-07-22,2874.0,9593,5960.0,"[11, 3, 0, 4, 20, 0, 10]","[0, 4, 11, 8, 0, 12, 0]","[0.3, 0.0, 0.0, 0.0, 0.0, 0.040433612589745656, 0.03558761697578238]","[77, 69, 70, 73, 105, 83, 72]","[64.25178527832031, 46.56914138793945, 74.62110137939453, 79.30774688720703, 104.65576934814453, 82.49220275878906, 60.96058654785156]"
2013-07-17,2013-07-23,3162.0,10506,5950.0,"[5, 12, 9, 8, 5, 6, 10]","[4, 1, 4, 8, 7, 4, 2]","[0.11086388185434462, 0.16824941529103596, 0.2137447628355649, 0.13246586518917064, 0.11844583991131342, 0.13206863925892753, 0.03931872359004447]","[69, 70, 73, 105, 83, 72, 70]","[57.15031433105469, 77.15984344482422, 83.21749877929688, 104.9793930053711, 82.96852111816406, 62.76436996459961, 72.85696411132812]"
2013-07-18,2013-07-24,2735.0,10939,6500.0,"[8, 2, 8, 7, 8, 8, 1]","[5, 11, 8, 6, 2, 4, 10]","[0.129275704895534, 0.2318256219697803, 0.13378441823747306, 0.1632613942712415, 0.13467640048562443, 0.16050281680735404, 0.10521611901592536]","[70, 73, 105, 83, 72, 70, 70]","[80.44963836669922, 87.3116226196289, 107.75145721435547, 83.93104553222656, 63.321468353271484, 72.8888931274414, 77.02810668945312]"
2013-07-19,2013-07-25,3153.0,10072,6130.0,"[13, 12, 0, 0, 0, 13, 12]","[0, 5, 12, 9, 10, 0, 0]","[0.3, 0.035615257951227074, 0.0019439069496683112, 0.03917564219676969, 0.006039007790341144, 0.0371743808499054, 0.0]","[73, 105, 83, 72, 70, 70, 58]","[79.38578033447266, 104.19937896728516, 82.69630432128906, 65.7352066040039, 73.4629898071289, 76.3179702758789, 75.47337341308594]"
2013-07-20,2013-07-26,3037.0,10244,5980.0,"[12, 5, 8, 5, 7, 7, 3]","[4, 7, 2, 6, 5, 4, 8]","[0.10340060810794463, 0.10827558445748668, 0.12946221770430327, 0.17268763823843608, 0.04040250172666913, 0.16695166318147142, 0.0753556571519969]","[105, 83, 72, 70, 70, 58, 74]","[102.6307144165039, 78.42632293701172, 63.9519157409668, 72.21997833251953, 76.45110321044922, 74.05650329589844, 77.02359771728516]"
2013-07-21,2013-07-27,2747.0,10190,6245.0,"[0, 11, 0, 13, 10, 7, 20]","[11, 0, 10, 0, 2, 5, 0]","[0.011931892127343625, 0.2692943288405991, 0.04060603943324826, 0.0, 0.03962699027935405, 0.3, 0.0]","[83, 72, 70, 70, 58, 74, 101]","[79.33233642578125, 64.0782699584961, 71.74605560302734, 76.61038208007812, 74.3108901977539, 76.66077423095703, 108.26263427734375]"
2013-07-22,2013-07-28,2457.0,9387,6180.0,"[11, 10, 12, 8, 2, 6, 5]","[0, 1, 0, 4, 9, 10, 8]","[0.0, 0.03758599481333835, 0.0, 0.0, 0.26699024858624604, 0.007614098228574376, 0.03675166542348341]","[72, 70, 70, 58, 74, 101, 58]","[64.43009948730469, 68.32367706298828, 75.30145263671875, 71.62557983398438, 76.80207824707031, 107.35657501220703, 87.01416015625]"
2013-07-23,2013-07-29,2831.0,9453,5905.0,"[12, 13, 12, 13, 0, 13, 10]","[0, 0, 0, 0, 15, 1, 0]","[0.03484273545132344, 0.0, 0.035066169724266974, 0.03986986493349121, 0.037968013048950554, 0.3, 0.0]","[70, 70, 58, 74, 101, 58, 58]","[75.22340393066406, 76.52481079101562, 75.14703369140625, 77.1160888671875, 106.56736755371094, 87.57024383544922, 61.53200912475586]"
2013-07-24,2013-07-30,2405.0,9089,5840.0,"[13, 2, 0, 17, 14, 10, 10]","[0, 9, 11, 1, 0, 0, 0]","[0.0, 0.0, 0.3, 0.003845850105487037, 0.040236477538714184, 0.0, 0.03942939810621239]","[70, 58, 74, 101, 58, 58, 55]","[77.4137191772461, 74.99844360351562, 78.44290161132812, 108.06314849853516, 86.16584777832031, 57.36854934692383, 63.966552734375]"
2013-07-25,2013-07-31,2274.0,9432,5625.0,"[12, 8, 16, 15, 9, 0, 11]","[0, 4, 1, 0, 0, 9, 0]","[0.29818881090070776, 0.0, 0.0, 0.3, 0.040444441924384913, 0.3, 0.0]","[58, 74, 101, 58, 58, 55, 64]","[70.43696594238281, 75.07145690917969, 103.02976989746094, 86.5846176147461, 55.5662727355957, 63.01475143432617, 65.54717254638672]"
2013-07-26,2013-08-01,2334.0,8568,5910.0,"[12, 0, 20, 9, 8, 11, 12]","[0, 15, 0, 0, 2, 0, 0]","[0.0, 0.0, 0.0, 0.0, 0.0, 0.0, 0.0]","[74, 101, 58, 58, 55, 64, 75]","[72.89539337158203, 106.97846984863281, 84.83363342285156, 56.947967529296875, 63.74589538574219, 65.40071868896484, 73.525634765625]"
2013-07-27,2013-08-02,2560.0,8781,5900.0,"[0, 15, 10, 11, 0, 12, 14]","[15, 0, 0, 0, 9, 0, 0]","[0.04036921056601287, 0.002544482334451988, 0.03848206670094708, 0.0, 0.0, 0.0, 0.00410372231831649]","[101, 58, 58, 55, 64, 75, 72]","[104.47703552246094, 87.29743194580078, 60.013126373291016, 65.80047607421875, 64.30348205566406, 73.06243896484375, 83.86003875732422]"
2013-07-28,2013-08-03,2124.0,9196,6010.0,"[14, 10, 10, 11, 12, 3, 3]","[0, 0, 1, 0, 0, 9, 13]","[0.21311804457318667, 0.0, 0.0, 0.0, 0.3, 0.0, 0.00020472337371949548]","[58, 58, 55, 64, 75, 72, 95]","[86.69390869140625, 60.36567306518555, 64.74199676513672, 64.64791107177734, 71.56036376953125, 84.53462982177734, 109.32294464111328]"
2013-07-29,2013-08-04,3108.0,9141,5590.0,"[10, 4, 11, 9, 0, 18, 11]","[0, 5, 0, 3, 11, 0, 0]","[0.036892407610331274, 0.037491720121259606, 0.11106236838337606, 0.038008903584137194, 0.0, 0.03795044012223681, 0.0]","[58, 55, 64, 75, 72, 95, 85]","[58.60928726196289, 61.30292510986328, 66.43742370605469, 72.20854187011719, 81.9149169921875, 106.41582489013672, 66.99980926513672]"
2013-07-30,2013-08-05,2505.0,9897,5510.0,"[10, 0, 0, 14, 17, 11, 0]","[0, 8, 10, 0, 1, 0, 8]","[0.3, 0.0, 0.3, 0.0, 0.1698506452432296, 0.03524466948820554, 0.3]","[55, 64, 75, 72, 95, 85, 57]","[62.02640151977539, 65.09107971191406, 72.29629516601562, 82.31387329101562, 110.30167388916016, 66.19916534423828, 58.98843002319336]"
2013-07-31,2013-08-06,2329.0,9779,5750.0,"[7, 7, 4, 0, 0, 0, 9]","[3, 4, 9, 16, 9, 8, 0]","[0.03559181491729722, 0.3, 0.3, 0.0, 0.2625608493539458, 0.0, 0.03563564823087285]","[64, 75, 72, 95, 85, 57, 53]","[60.48849105834961, 70.55084991455078, 84.98821258544922, 111.84741973876953, 66.7446517944336, 59.63063049316406, 55.732303619384766]"
2013-08-01,2013-08-07,2592.0,9323,5500.0,"[6, 4, 16, 10, 10, 0, 10]","[5, 8, 2, 1, 0, 8, 0]","[0.0, 0.3, 0.0, 0.0, 0.0, 0.03862224573119247, 0.3]","[75, 72, 95, 85, 57, 53, 57]","[71.54590606689453, 84.11601257324219, 108.31397247314453, 68.28235626220703, 58.85536575317383, 55.629764556884766, 61.93795394897461]"
2013-08-02,2013-08-08,2353.0,8226,5530.0,"[7, 10, 2, 0, 9, 11, 0]","[6, 7, 8, 8, 0, 0, 8]","[0.0, 0.0, 0.0, 0.0, 0.0, 0.0, 0.0]","[72, 95, 85, 57, 53, 57, 64]","[83.8131103515625, 108.75433349609375, 66.60856628417969, 60.65179443359375, 56.006011962890625, 64.11725616455078, 60.32068634033203]"
2013-08-03,2013-08-09,2687.0,9002,5585.0,"[11, 0, 0, 10, 0, 7, 13]","[5, 10, 9, 0, 9, 3, 0]","[0.038424599505761145, 0.03897308268732297, 0.0, 0.039323099725908826, 0.3, 0.0, 0.0]","[95, 85, 57, 53, 57, 64, 74]","[102.56155395507812, 67.9486083984375, 60.531829833984375, 58.74916458129883, 67.50297546386719, 64.25887298583984, 79.61748504638672]"
2013-08-04,2013-08-10,2386.0,8835,5615.0,"[0, 10, 9, 11, 0, 0, 19]","[9, 0, 0, 0, 9, 11, 0]","[0.0054384384344733265, 0.0, 0.3, 0.04012740096180295, 0.12516931770734258, 0.0, 0.0]","[85, 57, 53, 57, 64, 74, 96]","[63.91131591796875, 59.97620391845703, 57.00804901123047, 65.34345245361328, 63.5655403137207, 75.85726165771484, 105.79705810546875]"
2013-08-05,2013-08-11,2426.0,9111,5840.0,"[7, 10, 11, 2, 14, 18, 0]","[3, 0, 0, 7, 0, 0, 12]","[0.03821663850055175, 0.0, 0.0, 0.0, 0.3, 0.0361942752974199, 0.0007598664309387507]","[57, 53, 57, 64, 74, 96, 75]","[63.40829086303711, 57.591487884521484, 65.77704620361328, 61.42789077758789, 82.6566162109375, 105.72777557373047, 83.07430267333984]"
2013-08-06,2013-08-12,2400.0,10374,5395.0,"[9, 10, 10, 13, 12, 2, 0]","[0, 0, 0, 0, 5, 9, 8]","[0.3, 0.3, 0.0, 0.3, 0.27561388845869383, 0.0, 0.3]","[53, 57, 64, 74, 96, 75, 55]","[53.07798767089844, 63.08617401123047, 61.46515655517578, 80.82136535644531, 107.37408447265625, 77.40802001953125, 57.246524810791016]"
2013-08-07,2013-08-13,2705.0,9455,5555.0,"[1, 3, 8, 12, 4, 8, 4]","[9, 6, 5, 4, 8, 1, 4]","[0.17654361937287683, 0.17086555207257653, 0.03924810721496063, 0.1259472090380051, 0.04030193630798622, 0.16317068162183895, 0.16486381796469904]","[57, 64, 74, 96, 75, 55, 64]","[64.46683502197266, 61.1137809753418, 82.63440704345703, 108.54093933105469, 82.8544692993164, 55.58958053588867, 53.91325759887695]"
2013-08-08,2013-08-14,2509.0,8138,4570.0,"[10, 13, 0, 7, 9, 9, 0]","[0, 0, 15, 5, 0, 0, 0]","[0.0, 0.035835657844924255, 0.3, 0.0, 0.03845351778521926, 0.0, 0.3]","[64, 74, 96, 75, 55, 64, 55]","[59.66298294067383, 78.12857055664062, 106.37528991699219, 77.19654846191406, 52.080509185791016, 52.21146011352539, 64.54119873046875]"
2013-08-09,2013-08-15,2155.0,9742,5880.0,"[10, 8, 3, 3, 7, 10, 5]","[4, 9, 9, 6, 2, 1, 5]","[0.2128794787606678, 0.12207400093941781, 0.1698626905664603, 0.1653019687028202, 0.12306985239562158, 0.21349291093301215, 0.1706888661685657]","[74, 96, 75, 55, 64, 55, 54]","[81.66548156738281, 108.3565902709961, 83.48543548583984, 55.719905853271484, 55.42080307006836, 63.08991622924805, 63.86469650268555]"
2013-08-10,2013-08-16,2499.0,8730,5360.0,"[0, 0, 9, 9, 11, 11, 11]","[15, 11, 0, 0, 0, 0, 0]","[0.0, 0.29925639462318326, 0.03914482108872272, 0.0, 0.00017109563705467194, 0.03515604045035746, 0.0]","[96, 75, 55, 64, 55, 54, 67]","[105.84904479980469, 80.52960968017578, 56.615753173828125, 54.667396545410156, 63.05403518676758, 64.50056457519531, 67.36939239501953]"
2013-08-11,2013-08-17,2399.0,9468,5510.0,"[9, 5, 7, 7, 4, 8, 8]","[4, 4, 2, 3, 6, 3, 7]","[0.1303796344129763, 0.10279144598681633, 0.2136982363375849, 0.2636934660749285, 0.2240173264985655, 0.12515736422017526, 0.03723421334499918]","[75, 55, 64, 55, 54, 67, 98]","[77.42434692382812, 54.503570556640625, 52.646541595458984, 62.34428024291992, 64.69075775146484, 67.31704711914062, 96.70497131347656]"
2013-08-12,2013-08-18,2486.0,8473,5135.0,"[9, 9, 10, 6, 0, 16, 0]","[0, 0, 0, 4, 10, 0, 9]","[0.042389981470363956, 0.0, 0.0, 0.0, 0.03899556410883836, 0.00511333024188507, 0.3]","[55, 64, 55, 54, 67, 98, 64]","[54.49216079711914, 52.707759857177734, 61.65503692626953, 61.9996337890625, 67.1942138671875, 97.9236831665039, 67.13285064697266]"
2013-08-13,2013-08-19,1992.0,8793,5715.0,"[4, 7, 7, 2, 7, 6, 6]","[4, 6, 4, 8, 8, 5, 4]","[0.03984722012155057, 0.08270394700052139, 0.11670285500655667, 0.12011973572113753, 0.12541554992105372, 0.12283468259178476, 0.12595893637184516]","[64, 55, 54, 67, 98, 64, 55]","[54.86626434326172, 62.44384765625, 66.34449768066406, 69.55098724365234, 97.61970520019531, 68.51602935791016, 51.77475357055664]"
2013-08-14,2013-08-20,1997.0,9014,5515.0,"[3, 8, 5, 6, 5, 7, 6]","[6, 3, 6, 9, 5, 3, 4]","[0.11065007207951787, 0.11545093133783514, 0.26955088371940894, 0.10594219484847422, 0.13503234572503575, 0.08686375215244424, 0.16444427224507402]","[55, 54, 67, 98, 64, 55, 48]","[62.79365158081055, 69.98873901367188, 72.03640747070312, 97.93426513671875, 66.4122314453125, 55.62519073486328, 61.903045654296875]"
2013-08-15,2013-08-21,2592.0,8136,5060.0,"[10, 0, 0, 10, 0, 10, 7]","[0, 9, 14, 0, 8, 0, 2]","[0.0, 0.041156913202870564, 0.03640733659540694, 0.03882541621099139, 0.07050169787153131, 0.03997444340192725, 0.0]","[54, 67, 98, 64, 55, 48, 60]","[62.19115447998047, 67.59162902832031, 97.43827056884766, 68.01163482666016, 53.0517463684082, 57.917240142822266, 57.13626480102539]"
2013-08-16,2013-08-22,2543.0,9038,5080.0,"[11, 0, 11, 9, 0, 0, 10]","[0, 14, 0, 0, 8, 8, 0]","[0.03602300998742243, 0.03767753757417239, 0.0, 0.3, 0.26434008139328774, 0.3, 0.0]","[67, 98, 64, 55, 48, 60, 57]","[65.623779296875, 97.00989532470703, 69.5034408569336, 54.60152053833008, 56.77190017700195, 57.06611251831055, 62.204933166503906]"
2013-08-17,2013-08-23,2432.0,9213,4875.0,"[16, 0, 9, 9, 9, 10, 10]","[0, 10, 0, 0, 0, 0, 1]","[0.3, 0.0, 0.03880425963706099, 0.0, 0.3, 0.07667963835809977, 0.3]","[98, 64, 55, 48, 60, 57, 62]","[98.77924346923828, 68.59955596923828, 53.033321380615234, 56.65584182739258, 54.68832778930664, 61.57757568359375, 66.96110534667969]"
2013-08-18,2013-08-24,2383.0,8208,5060.0,"[3, 9, 9, 9, 6, 11, 0]","[7, 0, 0, 0, 3, 0, 14]","[0.0, 0.04008680434900261, 0.0, 6.680706111986606e-05, 0.3, 0.0, 0.0]","[64, 55, 48, 60, 57, 62, 95]","[69.03135681152344, 52.27283477783203, 54.63167953491211, 55.89381790161133, 58.18952560424805, 66.88111877441406, 98.18939208984375]"
2013-08-19,2013-08-25,2313.0,8897,5305.0,"[9, 4, 9, 10, 11, 0, 2]","[0, 5, 0, 0, 0, 14, 9]","[0.0, 0.0, 0.0, 0.3, 0.0, 0.03785593798553731, 0.3]","[55, 48, 60, 57, 62, 95, 75]","[52.7460823059082, 55.64496612548828, 56.213504791259766, 60.44254684448242, 65.55780029296875, 101.5176773071289, 77.58463287353516]"
2013-08-20,2013-08-26,2161.0,8664,5385.0,"[10, 0, 10, 5, 0, 7, 0]","[0, 8, 0, 5, 14, 5, 8]","[0.0, 0.0, 0.3, 0.0, 0.0, 0.0, 0.3]","[48, 60, 57, 62, 95, 75, 52]","[58.43465042114258, 55.425315856933594, 60.86294174194336, 67.45939636230469, 98.99614715576172, 75.76441955566406, 56.95542526245117]"
2013-08-21,2013-08-27,2298.0,8853,5380.0,"[6, 0, 7, 12, 0, 1, 0]","[3, 9, 3, 5, 11, 7, 7]","[0.06393137360828911, 0.03667923214976067, 0.3, 0.0, 0.03792593469692209, 0.0, 0.3]","[60, 57, 62, 95, 75, 52, 47]","[58.31245040893555, 61.32756423950195, 64.91988372802734, 104.99559020996094, 78.37467193603516, 57.322486877441406, 50.76164245605469]"
2013-08-22,2013-08-28,1905.0,7197,4500.0,"[10, 0, 0, 12, 0, 8, 10]","[0, 9, 15, 0, 0, 0, 0]","[0.0, 0.26743413002268224, 0.0, 0.0, 0.0, 0.03725409581541634, 0.0]","[57, 62, 95, 75, 52, 47, 47]","[61.75545883178711, 66.66387176513672, 102.24514770507812, 73.53189086914062, 58.47632598876953, 47.28240203857422, 63.3477897644043]"
2013-08-23,2013-08-29,1909.0,8682,5480.0,"[5, 8, 3, 6, 6, 7, 6]","[5, 8, 8, 3, 5, 3, 3]","[0.17152301127604508, 0.127262059238684, 0.11753407868165158, 0.10322989181206843, 0.08727459843518469, 0.17030888377115858, 0.12389261960528267]","[62, 95, 75, 52, 47, 47, 54]","[64.76705932617188, 101.31087493896484, 72.30821228027344, 56.31035232543945, 49.06248092651367, 62.75102615356445, 56.824485778808594]"
2013-08-24,2013-08-30,1974.0,8911,5350.0,"[0, 2, 0, 7, 0, 0, 11]","[14, 9, 8, 1, 9, 8, 0]","[0.0, 0.10406099108189357, 0.0, 0.28675459573230405, 0.3, 0.0, 0.3]","[95, 75, 52, 47, 47, 54, 66]","[99.71749114990234, 75.77041625976562, 55.3734130859375, 47.69548034667969, 63.97036361694336, 57.507755279541016, 63.96806716918945]"
2013-08-25,2013-08-31,2042.0,8758,5460.0,"[13, 0, 7, 7, 10, 0, 0]","[0, 8, 1, 3, 0, 9, 15]","[0.0, 0.3, 0.11875480630970563, 0.008242282193789453, 0.0, 0.3, 0.002290803904149909]","[75, 52, 47, 47, 54, 66, 106]","[76.20057678222656, 58.19324493408203, 48.889610290527344, 65.10162353515625, 59.920223236083984, 62.22382354736328, 108.54795837402344]"
2013-08-26,2013-09-01,2287.0,8214,5335.0,"[10, 0, 10, 4, 10, 13, 0]","[0, 7, 0, 5, 0, 4, 11]","[0.03669376895025839, 0.24854253810476878, 0.0, 0.0, 0.0, 0.0, 0.0]","[52, 47, 47, 54, 66, 106, 85]","[58.46468734741211, 47.457427978515625, 60.517215728759766, 56.5196647644043, 63.32242965698242, 107.57860565185547, 78.42572784423828]"
2013-08-27,2013-09-02,2532.0,9727,5655.0,"[7, 7, 5, 6, 10, 5, 8]","[2, 3, 4, 4, 7, 6, 5]","[0.16818895473309817, 0.10423405807137015, 0.16317843695108122, 0.11659772559268182, 0.12533276672242233, 0.10919587826647886, 0.2137455334702204]","[47, 47, 54, 66, 106, 85, 95]","[48.61054611206055, 63.757076263427734, 56.28519821166992, 63.257972717285156, 106.55461883544922, 73.11235046386719, 58.00127410888672]"
2013-08-28,2013-09-03,2239.0,8553,5360.0,"[0, 10, 11, 0, 13, 9, 11]","[9, 0, 0, 15, 0, 0, 0]","[0.0, 0.0, 0.2530147638215595, 0.03717818987913862, 0.0, 0.0, 0.3]","[47, 54, 66, 106, 85, 95, 38]","[62.94175338745117, 59.48466873168945, 64.88011932373047, 107.62263488769531, 80.10894012451172, 56.04705810546875, 69.46419525146484]"
2013-08-29,2013-09-04,1761.0,8472,5355.0,"[0, 0, 16, 13, 0, 7, 0]","[7, 9, 2, 0, 8, 4, 7]","[0.0, 0.0016953857893697954, 0.3, 0.0, 0.0, 0.0, 0.3]","[54, 66, 106, 85, 95, 38, 34]","[51.84206008911133, 62.90082931518555, 110.44393920898438, 77.44200134277344, 55.620574951171875, 69.09878540039062, 47.269493103027344]"
2013-08-30,2013-09-05,1805.0,6894,4320.0,"[10, 18, 0, 8, 0, 0, 8]","[0, 0, 11, 0, 9, 0, 0]","[0.0, 0.0, 0.0, 0.3, 0.0, 0.0, 0.0]","[66, 106, 85, 95, 38, 34, 38]","[61.58335494995117, 107.16730499267578, 76.60577392578125, 50.98598098754883, 61.63496398925781, 47.57978820800781, 49.08791732788086]"
2013-08-31,2013-09-06,1764.0,7681,5055.0,"[18, 0, 5, 10, 8, 5, 0]","[0, 11, 4, 0, 0, 3, 8]","[0.0, 0.270583913816711, 0.03951345968220024, 0.039403028206302315, 0.0, 0.0, 0.0]","[106, 85, 95, 38, 34, 38, 49]","[108.33226013183594, 77.23341369628906, 56.283973693847656, 58.112998962402344, 50.40153503417969, 52.84279251098633, 58.770599365234375]"
2013-09-01,2013-09-07,1334.0,7607,4920.0,"[13, 10, 10, 0, 8, 0, 0]","[0, 0, 0, 7, 0, 8, 12]","[0.3, 0.0, 0.1714779862481442, 0.03981083238424841, 0.3, 0.03759233266817115, 0.0]","[85, 95, 38, 34, 38, 49, 76]","[75.06550598144531, 57.3538818359375, 62.97115707397461, 50.11528396606445, 48.80351257324219, 59.41699981689453, 88.63436126708984]"
2013-09-02,2013-09-08,498.0,6897,5250.0,"[0, 5, 6, 6, 0, 2, 0]","[8, 5, 2, 2, 8, 11, 11]","[0.0012028040315262035, 0.08215431790311122, 0.0, 0.3, 0.03683097825191982, 0.0, 0.3]","[95, 38, 34, 38, 49, 76, 56]","[53.337337493896484, 65.57283782958984, 48.580562591552734, 52.037681579589844, 59.496036529541016, 88.56144714355469, 76.09056854248047]"
2013-09-03,2013-09-09,338.0,6557,5170.0,"[0, 8, 0, 2, 4, 4, 0]","[11, 1, 7, 6, 9, 7, 7]","[0.3, 0.0, 0.3, 0.08935780575045921, 0.03845067421109451, 0.0, 0.0]","[38, 34, 38, 49, 76, 56, 41]","[78.7917251586914, 53.85039520263672, 51.29446029663086, 57.173683166503906, 88.41997528076172, 74.42747497558594, 52.19306182861328]"
2013-09-04,2013-09-10,512.0,6640,4845.0,"[4, 8, 5, 10, 8, 3, 5]","[3, 2, 4, 6, 4, 5, 2]","[0.1984476060347223, 0.10214177309743196, 0.06393979481913557, 0.16919326460832404, 0.08146479216228275, 0.2008053775589115, 0.16025073418679164]","[34, 38, 49, 76, 56, 41, 34]","[45.35991668701172, 53.25038146972656, 57.35987091064453, 90.0401840209961, 75.15013122558594, 54.5806999206543, 42.38601303100586]"
2013-09-05,2013-09-11,2064.0,8566,5645.0,"[8, 0, 15, 12, 9, 7, 20]","[0, 8, 0, 0, 0, 0, 5]","[0.1644888718452345, 0.0, 0.0, 0.3, 0.0, 0.04010868936202623, 0.0]","[38, 49, 76, 56, 41, 34, 156]","[45.94536209106445, 54.60424041748047, 87.84941101074219, 71.14321899414062, 54.11829376220703, 42.14714431762695, 154.65518188476562]"
2013-09-06,2013-09-12,1195.0,11452,8935.0,"[0, 13, 12, 0, 0, 20, 19]","[8, 1, 0, 7, 6, 11, 20]","[0.0, 0.3, 0.2695632949705188, 0.0, 0.3, 0.0, 0.0]","[49, 76, 56, 41, 34, 156, 172]","[53.39888381958008, 86.90168762207031, 71.70794677734375, 51.743019104003906, 45.646995544433594, 199.4329071044922, 250.89205932617188]"
2013-09-07,2013-09-13,1855.0,13734,10170.0,"[0, 12, 8, 0, 20, 20, 20]","[0, 0, 0, 6, 11, 20, 18]","[0.3, 0.0, 0.0, 0.0, 0.0, 0.0, 0.3]","[76, 56, 41, 34, 156, 172, 228]","[81.60952758789062, 71.44050598144531, 49.84714126586914, 40.79288864135742, 195.0423583984375, 255.96653747558594, 250.7037353515625]"
2013-09-08,2013-09-14,2562.0,14474,10515.0,"[12, 9, 0, 14, 0, 20, 2]","[0, 0, 6, 16, 20, 20, 17]","[0.0, 0.0, 0.3, 0.3, 0.03991256618705992, 0.0, 0.0]","[56, 41, 34, 156, 172, 228, 78]","[72.36967468261719, 52.34401321411133, 40.66855239868164, 194.561767578125, 246.1937255859375, 248.9083251953125, 129.7615509033203]"
2013-09-09,2013-09-15,2880.0,12533,9240.0,"[0, 0, 20, 20, 20, 20, 0]","[8, 0, 5, 20, 20, 0, 0]","[0.3, 0.0, 0.04009611056716354, 0.0, 0.0, 0.0, 0.0]","[41, 34, 156, 172, 228, 78, 63]","[53.815757751464844, 38.95937728881836, 153.2254180908203, 259.1199645996094, 268.24652099609375, 117.54339599609375, 60.38907241821289]"
2013-09-10,2013-09-16,2914.0,15270,10730.0,"[8, 11, 20, 20, 20, 10, 7]","[0, 20, 20, 20, 0, 0, 0]","[0.0, 0.0, 0.0, 0.3, 0.0, 0.0, 0.03544635303853724]","[34, 156, 172, 228, 78, 63, 51]","[49.245445251464844, 203.9119873046875, 263.1944885253906, 269.880615234375, 127.64900970458984, 63.30082321166992, 45.21730041503906]"
2013-09-11,2013-09-17,2866.0,15453,10090.0,"[20, 20, 20, 20, 0, 0, 0]","[11, 20, 19, 0, 9, 0, 6]","[0.0, 0.0, 0.3, 0.3, 0.03580769619267824, 0.0, 0.3]","[156, 172, 228, 78, 63, 51, 42]","[197.21177673339844, 257.0860900878906, 251.6181182861328, 119.73582458496094, 61.61052703857422, 41.0078010559082, 45.351463317871094]"
2013-09-12,2013-09-18,3859.0,13445,8095.0,"[15, 17, 9, 6, 6, 4, 3]","[14, 17, 10, 4, 2, 3, 4]","[0.16435300305486292, 0.03929514800908481, 0.11357087868084079, 0.1911343243432221, 0.1678706641124161, 0.16703417162490594, 0.20313854380639698]","[172, 228, 78, 63, 51, 42, 39]","[233.4661865234375, 267.8325500488281, 122.26404571533203, 63.30906677246094, 39.39638137817383, 45.03330993652344, 44.24924087524414]"
2013-09-13,2013-09-19,2309.0,9336,6425.0,"[20, 20, 0, 0, 8, 2, 6]","[19, 0, 9, 0, 1, 5, 2]","[0.037243272133829254, 0.0, 0.0, 0.17543773207667507, 0.3, 0.0, 0.0]","[228, 78, 63, 51, 42, 39, 42]","[254.53184509277344, 114.42735290527344, 66.65831756591797, 45.24546813964844, 56.48182678222656, 46.50839614868164, 52.1276741027832]"
2013-09-14,2013-09-20,1237.0,7623,4470.0,"[20, 11, 6, 0, 7, 1, 9]","[0, 0, 0, 7, 0, 6, 0]","[0.3, 0.2875910326454129, 0.3, 0.3, 0.0, 2.3453704768346903e-05, 0.0]","[78, 63, 51, 42, 39, 42, 66]","[127.31817626953125, 67.60552215576172, 38.56715774536133, 47.944644927978516, 44.52381134033203, 49.62009048461914, 52.31658935546875]"
2013-09-15,2013-09-21,1392.0,6606,4165.0,"[9, 5, 0, 0, 0, 0, 0]","[0, 0, 6, 6, 7, 7, 12]","[0.3, 0.3, 0.0, 0.0, 0.0, 0.0, 0.0]","[63, 51, 42, 39, 42, 66, 83]","[54.96820831298828, 32.74066162109375, 44.8869743347168, 44.21147537231445, 47.38198471069336, 50.22591781616211, 87.26116180419922]"
2013-09-16,2013-09-22,799.0,7062,5545.0,"[7, 8, 0, 0, 0, 0, 11]","[0, 0, 6, 7, 20, 13, 0]","[0.03954361951906373, 0.3, 0.0, 0.0, 0.0, 0.0, 0.0]","[51, 42, 39, 42, 66, 83, 62]","[39.931243896484375, 50.58342361450195, 46.06631088256836, 50.428627014160156, 53.02373123168945, 89.18231201171875, 69.1708755493164]"
2013-09-17,2013-09-23,951.0,7369,5095.0,"[0, 4, 1, 2, 11, 3, 4]","[8, 7, 7, 6, 3, 7, 4]","[0.12420484414269864, 0.228792141970944, 0.08733495456451114, 0.16659039920104862, 0.03904557232479658, 0.2117305995837695, 0.19740696145931025]","[42, 39, 42, 66, 83, 62, 38]","[53.87778091430664, 48.247276306152344, 54.552268981933594, 54.65937423706055, 88.1757583618164, 65.9747543334961, 51.485618591308594]"
2013-09-18,2013-09-24,1614.0,6454,4160.0,"[5, 9, 8, 0, 11, 8, 6]","[2, 0, 0, 13, 0, 0, 0]","[0.010087715217538618, 0.0, 0.0, 0.0, 0.0, 0.2575283799661355, 0.0]","[39, 42, 66, 83, 62, 38, 39]","[44.39274215698242, 51.5264778137207, 51.03173828125, 90.99468231201172, 65.95439910888672, 46.445037841796875, 39.615966796875]"
2013-09-19,2013-09-25,1704.0,7179,4285.0,"[0, 9, 8, 5, 8, 0, 0]","[7, 0, 6, 5, 0, 5, 6]","[0.3, 0.0001384551607880981, 0.036501327574974714, 0.1286317168930127, 0.035017370782905184, 0.3, 0.1153849971685712]","[42, 66, 83, 62, 38, 39, 41]","[50.08220291137695, 53.002769470214844, 91.9161605834961, 65.43289947509766, 47.61841583251953, 43.168434143066406, 46.30329132080078]"
2013-09-20,2013-09-26,1454.0,6588,3710.0,"[4, 0, 0, 7, 0, 7, 8]","[4, 12, 9, 0, 0, 0, 0]","[0.3, 0.3, 0.0, 0.0, 0.3, 0.0, 0.0]","[66, 83, 62, 38, 39, 41, 45]","[49.48484420776367, 86.43144226074219, 62.03007125854492, 41.184017181396484, 35.1769905090332, 40.665470123291016, 46.74052429199219]"
2013-09-21,2013-09-27,1760.0,7075,3950.0,"[0, 1, 7, 0, 7, 8, 7]","[12, 8, 0, 5, 0, 0, 0]","[0.0, 0.3, 0.24218910092593135, 0.037800535479700505, 0.3, 0.0005746662258714781, 0.038962533733374084]","[83, 62, 38, 39, 41, 45, 59]","[88.13648986816406, 65.42543029785156, 44.14949035644531, 38.5443115234375, 42.499053955078125, 48.232486724853516, 43.66506576538086]"
2013-09-22,2013-09-28,1191.0,5315,2980.0,"[11, 5, 0, 0, 8, 0, 14]","[0, 2, 5, 0, 0, 0, 0]","[0.1674915498772252, 0.21280687180294577, 0.0, 0.0, 0.2735723281955266, 0.2806812052228841, 0.0]","[62, 38, 39, 41, 45, 59, 91]","[65.66619110107422, 44.35539245605469, 36.233612060546875, 42.81725311279297, 48.53874969482422, 43.500675201416016, 84.4123306274414]"
2013-09-23,2013-09-29,1470.0,6480,4570.0,"[8, 7, 8, 9, 8, 20, 11]","[0, 0, 0, 0, 0, 0, 0]","[0.01737074757358935, 0.0, 0.0, 0.0, 0.0, 0.0, 0.0]","[38, 39, 41, 45, 59, 91, 58]","[46.09782791137695, 44.08054733276367, 48.4129753112793, 52.42711639404297, 45.3763427734375, 85.81320190429688, 64.87151336669922]"
2013-09-24,2013-09-30,1399.0,7361,4190.0,"[6, 0, 9, 0, 0, 10, 3]","[0, 6, 0, 7, 12, 0, 4]","[0.3, 0.03857016671926776, 0.3, 0.3, 0.0, 0.3, 0.0]","[39, 41, 45, 59, 91, 58, 31]","[37.226112365722656, 43.58528137207031, 51.48318099975586, 46.7835578918457, 87.1628189086914, 63.688316345214844, 45.853981018066406]"
2013-09-25,2013-10-01,1434.0,7392,3970.0,"[0, 9, 8, 14, 0, 7, 6]","[6, 0, 0, 0, 9, 0, 0]","[0.3, 0.3, 0.3, 0.3, 0.0, 0.0, 0.0]","[41, 45, 59, 91, 58, 31, 31]","[42.831233978271484, 52.519012451171875, 49.44740676879883, 85.76890563964844, 62.831153869628906, 44.92293930053711, 37.56852722167969]"
2013-09-26,2013-10-02,1172.0,5616,3690.0,"[0, 0, 0, 0, 0, 0, 7]","[7, 6, 12, 9, 6, 0, 0]","[0.0, 0.0, 0.1755211895212574, 0.0, 0.0, 0.1784408057838892, 0.0]","[45, 59, 91, 58, 31, 31, 38]","[49.27662658691406, 45.688907623291016, 86.2400894165039, 61.968990325927734, 42.848228454589844, 36.14431381225586, 40.955631256103516]"
2013-09-27,2013-10-03,1428.0,6359,3790.0,"[0, 0, 11, 7, 6, 7, 6]","[6, 12, 0, 0, 0, 0, 0]","[0.0, 0.11639251789102367, 0.0, 0.3, 0.18445543177915788, 0.21382930726075633, 0.0]","[59, 91, 58, 31, 31, 38, 48]","[43.914161682128906, 85.39523315429688, 65.84571075439453, 40.41896057128906, 37.96485900878906, 41.20468521118164, 38.027706146240234]"
2013-09-28,2013-10-04,1426.0,7494,4115.0,"[14, 11, 7, 7, 0, 7, 2]","[0, 0, 0, 0, 6, 0, 7]","[0.3, 0.0, 0.0, 0.3, 0.3, 0.0, 0.3]","[91, 58, 31, 31, 38, 48, 64]","[87.08551025390625, 67.10115051269531, 39.45716094970703, 40.31916809082031, 39.778778076171875, 40.558555603027344, 60.05485534667969]"
2013-09-29,2013-10-05,1726.0,6396,4220.0,"[11, 8, 0, 7, 6, 10, 16]","[0, 0, 6, 0, 0, 0, 0]","[0.0, 0.0, 0.0, 0.0, 0.0, 0.0, 0.03926141530483672]","[58, 31, 31, 38, 48, 64, 106]","[67.44326782226562, 49.14177322387695, 41.603336334228516, 39.78736114501953, 37.18984603881836, 61.930606842041016, 96.19334411621094]"
2013-09-30,2013-10-06,1702.0,7474,4425.0,"[8, 6, 0, 7, 6, 9, 2]","[0, 0, 6, 0, 4, 6, 7]","[0.3, 0.0, 0.3, 0.0, 0.03674290349077005, 0.03860056803918999, 0.3]","[31, 31, 38, 48, 64, 106, 69]","[45.63209915161133, 39.14236831665039, 42.48708724975586, 39.908363342285156, 65.25392150878906, 98.08507537841797, 64.31624603271484]"
2013-10-01,2013-10-07,1573.0,5974,3220.0,"[6, 0, 7, 0, 15, 0, 6]","[0, 5, 0, 8, 1, 0, 0]","[0.0, 0.1277790358583928, 0.04018328418791687, 0.3, 0.0, 0.0, 0.2867309343072195]","[31, 38, 48, 64, 106, 69, 39]","[37.31443786621094, 39.72431945800781, 40.019569396972656, 62.12785720825195, 96.18417358398438, 68.17132568359375, 38.70546340942383]"
2013-10-02,2013-10-08,1680.0,6636,3300.0,"[0, 0, 10, 16, 8, 6, 4]","[5, 0, 0, 0, 2, 0, 0]","[0.3, 0.0, 0.0, 0.3, 0.0, 0.3, 0.0]","[38, 48, 64, 106, 69, 39, 42]","[38.32790756225586, 37.31602478027344, 61.22563552856445, 95.12398529052734, 62.35103988647461, 38.925235748291016, 22.77412223815918]"
2013-10-03,2013-10-09,2145.0,7812,4270.0,"[0, 10, 0, 11, 3, 6, 7]","[6, 0, 14, 0, 4, 0, 0]","[0.3, 0.0, 0.3, 0.0, 0.0, 0.04075201490283103, 0.038567662458393076]","[48, 64, 106, 69, 39, 42, 45]","[43.87790298461914, 61.89155578613281, 95.83826446533203, 67.02030181884766, 48.675254821777344, 36.12021255493164, 43.61220169067383]"
2013-10-04,2013-10-10,2196.0,7402,4095.0,"[11, 17, 0, 7, 4, 0, 8]","[0, 0, 9, 0, 0, 5, 0]","[0.03875282282765332, 0.0, 0.3, 0.0, 0.0, 0.3, 0.0]","[64, 106, 69, 39, 42, 45, 54]","[64.21259307861328, 101.55232238769531, 64.52910614013672, 39.60272979736328, 21.74568748474121, 37.135955810546875, 48.11436462402344]"
2013-10-05,2013-10-11,2339.0,7928,4230.0,"[16, 10, 8, 6, 7, 8, 11]","[0, 1, 0, 0, 0, 0, 0]","[0.0, 0.11397014074562144, 0.3, 0.3, 0.3, 0.007291061580799219, 0.0]","[106, 69, 39, 42, 45, 54, 71]","[95.24813079833984, 66.80280303955078, 48.53422164916992, 37.10561752319336, 43.642791748046875, 46.25148010253906, 67.74420928955078]"
2013-10-06,2013-10-12,2459.0,9372,6630.0,"[20, 8, 0, 0, 8, 11, 20]","[0, 0, 5, 0, 0, 0, 20]","[0.0, 0.0, 0.0, 0.3, 0.0, 0.03744938114671046, 0.0]","[69, 39, 42, 45, 54, 71, 400]","[67.46685028076172, 48.783660888671875, 37.545799255371094, 43.65525436401367, 46.50141143798828, 67.38215637207031, 410.6295166015625]"
2013-10-07,2013-10-13,4448.0,12976,8420.0,"[7, 4, 0, 0, 10, 20, 20]","[0, 0, 0, 6, 1, 20, 20]","[0.0, 0.0005014420975483983, 0.0, 0.0, 0.0, 0.03493269374958074, 0.03712474573474492]","[39, 42, 45, 54, 71, 400, 312]","[40.830055236816406, 27.021413803100586, 37.68617248535156, 44.1090087890625, 67.2486343383789, 427.125, 294.827880859375]"
2013-10-08,2013-10-14,4343.0,16650,11860.0,"[6, 7, 8, 20, 20, 20, 20]","[0, 0, 0, 0, 20, 20, 20]","[0.3, 0.3, 0.0, 0.0, 0.0, 0.0, 0.0]","[42, 45, 54, 71, 400, 312, 182]","[37.083648681640625, 43.51027297973633, 46.16455078125, 67.17086029052734, 412.8136901855469, 296.3174743652344, 262.5313720703125]"
2013-10-09,2013-10-15,5410.0,17594,11010.0,"[0, 8, 11, 20, 20, 20, 7]","[6, 0, 0, 20, 20, 20, 0]","[0.0, 0.0, 0.0, 0.0, 0.04015417231038292, 0.3, 0.03636510813462181]","[45, 54, 71, 400, 312, 182, 42]","[43.4995002746582, 46.30222702026367, 67.16069030761719, 412.1992492675781, 295.9974060058594, 261.9327392578125, 41.35381317138672]"
2013-10-10,2013-10-16,5856.0,16706,10660.0,"[8, 0, 20, 20, 20, 7, 7]","[0, 10, 20, 20, 20, 0, 0]","[0.0, 0.0, 0.0, 0.0, 0.03768216872428966, 0.0, 0.3]","[54, 71, 400, 312, 182, 42, 45]","[48.90266799926758, 71.50659942626953, 431.724853515625, 306.1672668457031, 263.1412353515625, 40.49095153808594, 45.15575408935547]"
2013-10-11,2013-10-17,5642.0,14614,8735.0,"[0, 20, 20, 0, 5, 0, 0]","[0, 20, 20, 20, 0, 6, 7]","[0.00014463566267148954, 0.03747815131266255, 0.038769626396019614, 0.0, 0.3, 0.0, 0.0]","[71, 400, 312, 182, 42, 45, 41]","[72.02537536621094, 418.4299621582031, 311.9165344238281, 278.9780578613281, 28.641521453857422, 41.45292663574219, 50.82501983642578]"
2013-10-12,2013-10-18,5292.0,13500,7850.0,"[20, 20, 20, 0, 7, 0, 9]","[20, 20, 0, 0, 0, 0, 0]","[0.0, 0.0, 0.0, 0.3, 0.3, 0.3, 0.0]","[400, 312, 182, 42, 45, 41, 56]","[411.8726501464844, 299.5027160644531, 259.939697265625, 41.1285285949707, 40.67299270629883, 47.523746490478516, 57.61167907714844]"
2013-10-13,2013-10-19,3562.0,12852,8940.0,"[20, 20, 6, 0, 1, 0, 9]","[20, 20, 0, 6, 6, 8, 6]","[0.0, 0.0, 0.3, 0.0, 0.0029765780867096257, 0.0, 0.0]","[312, 182, 42, 45, 41, 56, 85]","[302.7430419921875, 262.6127014160156, 38.93134689331055, 40.78672790527344, 47.81513977050781, 58.408897399902344, 96.3707504272461]"
2013-10-14,2013-10-20,1464.0,9734,7590.0,"[20, 7, 0, 18, 0, 19, 12]","[20, 0, 6, 0, 8, 0, 0]","[0.037070959445846124, 0.0, 0.015479516075151968, 0.0068208081229614165, 0.3, 0.0, 0.0]","[182, 42, 45, 41, 56, 85, 64]","[265.4379577636719, 40.26219940185547, 41.599205017089844, 47.90167999267578, 58.584415435791016, 97.30303955078125, 73.02392578125]"
2013-10-15,2013-10-21,1209.0,6714,4330.0,"[4, 5, 3, 0, 14, 5, 0]","[0, 1, 4, 8, 3, 6, 6]","[0.3, 0.3, 0.3, 0.0, 0.0, 0.0, 0.0]","[42, 45, 41, 56, 85, 64, 32]","[26.02988052368164, 38.90440368652344, 50.44320297241211, 56.91139602661133, 104.5882339477539, 73.22247314453125, 42.23037338256836]"
2013-10-16,2013-10-22,1432.0,6699,4460.0,"[7, 0, 7, 8, 12, 0, 0]","[0, 7, 2, 7, 0, 7, 5]","[0.0, 0.16764061957764068, 0.0, 0.0, 0.0, 0.0, 0.3]","[45, 41, 56, 85, 64, 32, 34]","[40.35063171386719, 47.737972259521484, 57.76883316040039, 97.32779693603516, 74.48043823242188, 50.327938079833984, 39.199363708496094]"
2013-10-17,2013-10-23,1317.0,6976,3810.0,"[8, 0, 3, 12, 0, 6, 7]","[0, 8, 11, 0, 0, 0, 0]","[0.0, 0.0, 0.3, 0.3, 0.0, 0.08707398161885391, 0.3]","[41, 56, 85, 64, 32, 34, 43]","[47.97850036621094, 58.02006530761719, 97.63421630859375, 74.83152770996094, 50.06459426879883, 39.19358444213867, 42.53807830810547]"
2013-10-18,2013-10-24,1567.0,7150,4180.0,"[0, 0, 7, 7, 6, 6, 8]","[8, 13, 4, 0, 0, 0, 0]","[0.0, 0.0, 0.3, 0.2885770913916097, 0.0, 0.0, 0.3]","[56, 85, 64, 32, 34, 43, 45]","[57.070091247558594, 94.42308044433594, 71.116455078125, 43.07206344604492, 37.19883728027344, 41.17277526855469, 49.40529251098633]"
2013-10-19,2013-10-25,655.0,6620,4685.0,"[0, 0, 7, 0, 7, 0, 10]","[20, 10, 1, 0, 0, 7, 0]","[0.0, 0.3, 0.03484275821443639, 0.0, 0.0, 0.0, 0.26881319971634077]","[85, 64, 32, 34, 43, 45, 72]","[97.48167419433594, 74.40760040283203, 49.885963439941406, 39.737064361572266, 42.962989807128906, 51.71058654785156, 62.00050735473633]"
2013-10-20,2013-10-26,1696.0,7530,4435.0,"[12, 7, 7, 0, 9, 9, 15]","[0, 1, 0, 6, 0, 1, 0]","[0.3, 0.0, 0.0, 0.29826432686711163, 0.2544051388387155, 0.0, 0.040463336983591176]","[64, 32, 34, 43, 45, 72, 92]","[74.17354583740234, 49.526954650878906, 39.65053939819336, 42.95720291137695, 51.46064376831055, 61.73600387573242, 91.49420166015625]"
2013-10-21,2013-10-27,1424.0,7368,4530.0,"[8, 4, 7, 8, 0, 20, 9]","[0, 2, 0, 0, 9, 0, 0]","[0.3, 0.0, 0.0, 0.0, 0.011121163215714753, 0.3, 0.12606591535398864]","[32, 34, 43, 45, 72, 92, 66]","[45.72533416748047, 38.638641357421875, 41.21886444091797, 48.432918548583984, 60.93274688720703, 91.03106689453125, 56.28346633911133]"
2013-10-22,2013-10-28,1900.0,7020,4270.0,"[6, 0, 0, 0, 0, 10, 7]","[0, 6, 7, 8, 13, 0, 0]","[0.0, 0.0, 0.0, 0.0, 0.0, 0.3, 0.0]","[34, 43, 45, 72, 92, 66, 46]","[37.17221450805664, 41.39004135131836, 48.82929229736328, 59.083518981933594, 92.90061950683594, 60.263206481933594, 45.217811584472656]"
2013-10-23,2013-10-29,1610.0,7644,3440.0,"[0, 8, 9, 11, 9, 6, 0]","[6, 0, 0, 4, 0, 0, 0]","[0.3, 0.3, 0.3, 0.3, 0.3, 0.16534171735137526, 0.0]","[43, 45, 72, 92, 66, 46, 46]","[41.0254020690918, 47.76767349243164, 56.833003997802734, 95.70233917236328, 57.0563850402832, 35.904300689697266, 40.22937774658203]"
2013-10-24,2013-10-30,2169.0,7286,3930.0,"[8, 10, 16, 9, 6, 6, 0]","[0, 0, 0, 0, 0, 0, 6]","[0.0, 0.0, 0.03562913704795576, 0.3, 0.0, 0.3, 0.16840653303426326]","[45, 72, 92, 66, 46, 46, 40]","[50.70059585571289, 62.68914794921875, 96.38338470458984, 53.81929016113281, 36.23285675048828, 37.65800094604492, 46.50636672973633]"
2013-10-25,2013-10-31,1781.0,7034,4070.0,"[10, 6, 0, 6, 7, 8, 7]","[0, 8, 8, 0, 0, 0, 0]","[0.0, 0.24640006740715925, 0.0, 0.008089584340009094, 0.0, 0.3, 0.0]","[72, 92, 66, 46, 46, 40, 31]","[59.95351791381836, 91.80363464355469, 56.1685676574707, 35.185482025146484, 39.30228805541992, 45.97203063964844, 44.9886589050293]"
2013-10-26,2013-11-01,1680.0,6908,4265.0,"[0, 0, 7, 7, 0, 3, 11]","[13, 8, 0, 0, 6, 3, 0]","[0.0, 0.21358677264429948, 0.035710304556558915, 0.3, 0.0, 0.0, 0.007421173937053237]","[92, 66, 46, 46, 40, 31, 53]","[92.42301940917969, 59.31449890136719, 45.11650848388672, 40.87351608276367, 45.3338508605957, 44.157371520996094, 67.46826171875]"
2013-10-27,2013-11-02,615.0,7321,5215.0,"[6, 3, 7, 10, 6, 1, 7]","[3, 4, 0, 1, 6, 9, 8]","[0.21192481716072054, 0.23180828327989386, 0.17577312766325748, 0.08789751547782232, 0.15705809328312967, 0.16539192828547994, 0.12773303305828948]","[66, 46, 46, 40, 31, 53, 84]","[61.08000946044922, 45.46027755737305, 40.82773208618164, 45.25457763671875, 44.179115295410156, 67.65607452392578, 99.12258911132812]"
2013-10-28,2013-11-03,1540.0,6900,4650.0,"[4, 7, 0, 6, 0, 16, 13]","[4, 0, 6, 1, 9, 0, 0]","[0.0, 0.0, 0.3, 0.0, 0.0, 0.0, 0.0]","[46, 46, 40, 31, 53, 84, 74]","[53.19010543823242, 42.69462585449219, 45.79838943481445, 44.3258171081543, 65.69078063964844, 96.19064331054688, 77.52983856201172]"
2013-10-29,2013-11-04,1458.0,6790,4540.0,"[6, 7, 8, 8, 16, 0, 0]","[0, 0, 0, 3, 1, 11, 5]","[0.3, 0.009626821079238696, 0.17599334503050731, 0.03565470367509362, 0.013652597941488574, 0.0397357884567319, 0.0]","[46, 40, 31, 53, 84, 74, 35]","[39.25758361816406, 44.875919342041016, 46.47209930419922, 69.97513580322266, 99.93930053710938, 76.34737396240234, 38.45673751831055]"
2013-10-30,2013-11-05,1339.0,5978,4070.0,"[0, 7, 0, 17, 5, 0, 7]","[6, 0, 10, 0, 7, 0, 0]","[0.0, 0.16143997788779063, 0.04041600901343232, 0.0, 0.0, 0.0, 0.0]","[40, 31, 53, 84, 74, 35, 42]","[45.32290267944336, 43.826744079589844, 67.5235366821289, 99.06200408935547, 78.61876678466797, 42.76190948486328, 40.619075775146484]"
2013-10-31,2013-11-06,1203.0,6504,4860.0,"[0, 11, 0, 20, 7, 7, 7]","[6, 0, 14, 0, 0, 0, 0]","[0.0, 0.0, 0.0, 0.0, 0.0, 0.040054470600576174, 0.0]","[31, 53, 84, 74, 35, 42, 40]","[44.080909729003906, 68.1180648803711, 99.30809020996094, 78.68544006347656, 42.683082580566406, 40.73183059692383, 43.68552780151367]"
2013-11-01,2013-11-07,1651.0,6908,4580.0,"[0, 20, 14, 7, 7, 7, 7]","[9, 0, 0, 0, 0, 0, 0]","[0.0, 0.0, 0.0375601807032412, 0.3, 0.0, 0.0, 0.0]","[53, 84, 74, 35, 42, 40, 40]","[62.632110595703125, 105.5086669921875, 81.24636840820312, 39.4807243347168, 39.8956413269043, 44.947418212890625, 44.57860565185547]"
2013-11-02,2013-11-08,1575.0,7372,4410.0,"[16, 0, 7, 0, 7, 0, 0]","[0, 11, 0, 5, 0, 6, 8]","[0.0, 0.06726307102167267, 0.3, 0.0, 0.28701698369520495, 0.0, 0.3]","[84, 74, 35, 42, 40, 40, 71]","[96.01717376708984, 76.63159942626953, 41.46944808959961, 38.15148162841797, 44.20772933959961, 44.457366943359375, 58.88734436035156]"
2013-11-03,2013-11-09,3044.0,11173,6540.0,"[0, 7, 6, 0, 7, 7, 20]","[11, 0, 0, 6, 0, 2, 20]","[0.3, 0.040703008195732145, 0.3, 0.3, 0.3, 0.0, 0.03965289981906073]","[74, 35, 42, 40, 40, 71, 410]","[77.89582061767578, 42.28303527832031, 39.95207214355469, 42.97116470336914, 43.76338577270508, 57.31353759765625, 395.4129638671875]"
2013-11-04,2013-11-10,4187.0,13177,8920.0,"[0, 5, 7, 7, 5, 20, 20]","[6, 1, 0, 0, 4, 20, 20]","[0.0, 0.03948527838070378, 0.0, 0.0, 0.0, 0.0, 0.0]","[35, 42, 40, 40, 71, 410, 314]","[42.12213897705078, 39.61317825317383, 42.92365646362305, 44.061553955078125, 57.82400131225586, 396.1385498046875, 327.26873779296875]"
2013-11-05,2013-11-11,4985.0,17250,12420.0,"[0, 0, 7, 10, 20, 20, 20]","[5, 20, 0, 0, 20, 20, 20]","[0.0, 0.0, 0.0, 0.038709280585346936, 0.0, 0.0, 0.0]","[42, 40, 40, 71, 410, 314, 283]","[37.540863037109375, 42.482933044433594, 44.44093704223633, 58.48298645019531, 404.0029296875, 312.173583984375, 255.9674072265625]"
2013-11-06,2013-11-12,6650.0,18110,11065.0,"[7, 0, 10, 20, 20, 20, 0]","[0, 6, 0, 20, 20, 20, 7]","[0.3, 0.3, 0.0, 0.0, 0.0, 0.038644709092869114, 0.00015565591411196]","[40, 40, 71, 410, 314, 283, 45]","[41.61344909667969, 44.35408020019531, 57.64008331298828, 409.47149658203125, 339.7427673339844, 252.087158203125, 49.214176177978516]"
2013-11-07,2013-11-13,7183.0,17936,10605.0,"[0, 10, 20, 20, 20, 5, 7]","[6, 0, 20, 20, 20, 3, 0]","[0.0, 0.0, 0.0, 0.038312884351493194, 0.0, 0.3, 0.0]","[40, 71, 410, 314, 283, 45, 42]","[43.764549255371094, 58.437355041503906, 404.58929443359375, 330.36602783203125, 253.81959533691406, 51.8111686706543, 42.04511642456055]"
2013-11-08,2013-11-14,5914.0,16388,10240.0,"[0, 20, 20, 20, 20, 0, 0]","[8, 20, 20, 20, 0, 0, 0]","[0.0, 0.03830418755301116, 0.0, 0.0, 0.3, 0.0, 0.0]","[71, 410, 314, 283, 45, 42, 49]","[56.639373779296875, 396.2919921875, 327.659912109375, 261.3133544921875, 48.33981704711914, 42.51612091064453, 46.186424255371094]"
2013-11-09,2013-11-15,6438.0,16920,9940.0,"[20, 20, 19, 8, 0, 8, 0]","[20, 20, 20, 0, 7, 0, 0]","[0.0, 0.0, 0.0, 0.3, 0.0, 0.3, 0.0442205001822203]","[410, 314, 283, 45, 42, 49, 62]","[409.40423583984375, 335.478271484375, 252.5097198486328, 49.3303337097168, 47.03614807128906, 50.68463134765625, 71.03451538085938]"
2013-11-10,2013-11-16,5398.0,17388,8955.0,"[20, 20, 4, 7, 7, 0, 13]","[20, 20, 4, 0, 0, 9, 2]","[0.03532316075684329, 0.3, 0.21240245857033335, 0.3, 0.1654866462516198, 0.3, 0.11682859275076518]","[314, 283, 45, 42, 49, 62, 115]","[325.3465270996094, 251.07275390625, 50.582279205322266, 40.91472244262695, 42.52974319458008, 65.33380126953125, 92.42584228515625]"
2013-11-11,2013-11-17,3807.0,11217,6540.0,"[20, 9, 0, 0, 11, 13, 4]","[19, 0, 6, 0, 0, 2, 8]","[0.037852094687076135, 0.017476929302002224, 0.0, 0.14802904187251195, 0.0, 0.3, 0.04073536088507809]","[283, 45, 42, 49, 62, 115, 86]","[254.4669647216797, 51.826229095458984, 41.4391975402832, 42.26995849609375, 65.8379135131836, 93.36348724365234, 80.92660522460938]"
2013-11-12,2013-11-18,1857.0,8500,4965.0,"[9, 0, 0, 0, 3, 1, 0]","[0, 6, 6, 9, 11, 10, 7]","[0.0, 0.07013907376998435, 0.0, 0.26798779037741277, 0.0, 0.3, 0.3]","[45, 42, 49, 62, 115, 86, 49]","[53.49101638793945, 42.96271896362305, 44.142555236816406, 66.46076202392578, 93.3966064453125, 80.64088439941406, 49.2471923828125]"
2013-11-13,2013-11-19,1903.0,8496,4935.0,"[0, 0, 0, 16, 0, 8, 0]","[6, 6, 9, 0, 11, 0, 9]","[0.3, 0.0, 0.3, 0.0, 0.3, 0.03776454863280777, 0.0]","[42, 49, 62, 115, 86, 49, 42]","[42.16867446899414, 44.67634963989258, 65.97748565673828, 96.23765563964844, 80.47047424316406, 48.056793212890625, 62.36388397216797]"
2013-11-14,2013-11-20,1831.0,8629,5330.0,"[7, 0, 17, 7, 9, 0, 10]","[0, 10, 0, 6, 0, 10, 0]","[0.0, 0.0, 0.3, 0.08426049878935753, 0.03812013429670813, 0.3, 0.0]","[49, 62, 115, 86, 49, 42, 43]","[45.447261810302734, 70.17017364501953, 103.11426544189453, 87.3896484375, 57.549888610839844, 72.14187622070312, 62.106407165527344]"
2013-11-15,2013-11-21,2265.0,8142,4840.0,"[11, 4, 14, 8, 5, 8, 1]","[0, 10, 0, 0, 4, 0, 6]","[0.0, 0.3, 0.0, 0.0, 0.0, 0.0, 0.0]","[62, 115, 86, 49, 42, 43, 51]","[65.37464904785156, 93.85255432128906, 81.33590698242188, 49.26503372192383, 57.2625846862793, 48.68880081176758, 53.35136032104492]"
2013-11-16,2013-11-22,2048.0,8662,5115.0,"[10, 5, 9, 1, 7, 1, 3]","[5, 7, 0, 8, 1, 6, 7]","[0.03751114701638829, 0.2368708804483753, 0.1308977803025904, 0.15229653740850477, 0.1657434612736932, 0.23133679243667138, 0.10987649293609868]","[115, 86, 49, 42, 43, 51, 67]","[94.17586517333984, 81.34089660644531, 49.631072998046875, 56.794151306152344, 48.31063461303711, 52.60392379760742, 67.53331756591797]"
2013-11-17,2013-11-23,2555.0,8730,5370.0,"[5, 8, 0, 8, 9, 11, 0]","[8, 0, 8, 0, 0, 0, 16]","[0.03674969481141785, 0.12629810818452777, 0.0, 0.020562227221867714, 0.3, 0.037119036804525066, 0.038649918951080144]","[86, 49, 42, 43, 51, 67, 141]","[83.38723754882812, 50.18680191040039, 56.844337463378906, 47.93891143798828, 52.46451187133789, 68.32002258300781, 115.06764221191406]"
2013-11-18,2013-11-24,2471.0,9049,5840.0,"[4, 7, 0, 4, 5, 10, 11]","[4, 2, 7, 4, 6, 8, 6]","[0.035327068528605496, 0.11896054599377781, 0.03564748371217367, 0.21280844346388939, 0.03927853866060782, 0.08491879328999552, 0.03594325817821441]","[49, 42, 43, 51, 67, 141, 98]","[50.33474349975586, 56.36761474609375, 48.81966018676758, 53.65937042236328, 69.87460327148438, 115.8909912109375, 106.60216522216797]"
2013-11-19,2013-11-25,2173.0,8080,5035.0,"[9, 3, 9, 0, 14, 0, 1]","[0, 4, 0, 10, 4, 15, 0]","[0.0, 0.0036508745177898693, 0.3, 0.127116656973931, 0.0, 0.03988096569602611, 0.0]","[42, 43, 51, 67, 141, 98, 54]","[56.50892639160156, 47.36989974975586, 52.29499435424805, 68.8371810913086, 115.1710205078125, 105.80658721923828, 61.648197174072266]"
2013-11-20,2013-11-26,2400.0,8726,4915.0,"[8, 0, 11, 4, 14, 0, 0]","[0, 7, 0, 13, 3, 9, 0]","[0.3, 0.04430679416555551, 0.03890781386107048, 0.04055304727308626, 0.3, 0.01086155305756181, 0.0]","[43, 51, 67, 141, 98, 54, 53]","[47.108741760253906, 50.896583557128906, 67.68367767333984, 114.55817413330078, 104.80207061767578, 60.242252349853516, 49.4581184387207]"
2013-11-21,2013-11-27,3103.0,10110,5390.0,"[0, 11, 20, 4, 8, 8, 10]","[6, 0, 1, 10, 0, 0, 2]","[0.0, 0.3, 0.0, 0.0, 0.003571295962558676, 0.3, 0.3]","[51, 67, 141, 98, 54, 53, 108]","[44.026527404785156, 64.66585540771484, 127.38176727294922, 94.75879669189453, 50.28568649291992, 47.39666748046875, 72.31787109375]"
2013-11-22,2013-11-28,3588.0,10520,5880.0,"[11, 17, 11, 7, 8, 8, 14]","[0, 4, 4, 1, 0, 4, 0]","[0.0, 0.0028402240926967454, 0.0, 0.3, 0.0, 0.2604135502854894, 0.0]","[67, 141, 98, 54, 53, 108, 242]","[67.23180389404297, 128.6026153564453, 91.57933044433594, 49.35540771484375, 50.16304397583008, 77.3772964477539, 85.80145263671875]"
2013-11-23,2013-11-29,4781.0,15452,8920.0,"[13, 8, 10, 0, 11, 11, 20]","[5, 8, 0, 7, 2, 6, 20]","[0.0, 0.0, 0.07873098301225545, 0.3, 0.3, 0.3, 0.03759696456983368]","[141, 98, 54, 53, 108, 242, 504]","[113.52580261230469, 104.60218048095703, 59.07924270629883, 48.38002395629883, 81.18395233154297, 108.11277770996094, 438.7885437011719]"
2013-11-24,2013-11-30,4486.0,15250,9215.0,"[0, 2, 9, 10, 0, 20, 0]","[14, 6, 0, 4, 14, 20, 17]","[0.0, 0.0, 0.0, 0.03508861501949607, 0.3, 0.0, 0.3]","[98, 54, 53, 108, 242, 504, 163]","[96.44366455078125, 55.71795654296875, 53.436622619628906, 89.94074249267578, 96.40371704101562, 438.0085144042969, 118.04385375976562]"
2013-11-25,2013-12-01,5044.0,14946,9075.0,"[10, 0, 0, 3, 20, 20, 0]","[0, 7, 13, 11, 20, 0, 17]","[0.0, 0.0, 0.0034896120920059545, 0.0, 0.0, 0.039016621191523486, 0.3]","[54, 53, 108, 242, 504, 163, 116]","[59.11422348022461, 51.12123489379883, 89.09919738769531, 95.90562438964844, 433.59954833984375, 128.98643493652344, 127.31832122802734]"
2013-11-26,2013-12-02,5478.0,14401,8260.0,"[8, 13, 15, 20, 20, 20, 10]","[0, 0, 0, 20, 0, 0, 0]","[0.0, 0.0, 0.3, 0.0, 0.0, 0.0, 0.03727322514705539]","[53, 108, 242, 504, 163, 116, 55]","[50.89164352416992, 79.97456359863281, 88.14852905273438, 444.6397705078125, 117.45781707763672, 127.81819915771484, 59.39499282836914]"
2013-11-27,2013-12-03,4787.0,16086,8760.0,"[14, 6, 20, 0, 20, 9, 11]","[0, 9, 20, 17, 1, 0, 0]","[0.0, 0.3, 0.3, 0.0, 0.0, 0.0, 0.0]","[108, 242, 504, 163, 116, 55, 42]","[84.66177368164062, 99.55706787109375, 439.7724609375, 120.99713134765625, 127.94557189941406, 56.38191604614258, 69.201904296875]"
2013-11-28,2013-12-04,5099.0,13518,8370.0,"[16, 20, 20, 20, 10, 12, 11]","[0, 20, 0, 0, 0, 0, 0]","[0.0, 0.0, 0.0, 0.0, 0.0, 0.005874241031250263, 0.0]","[242, 504, 163, 116, 55, 42, 62]","[94.36268615722656, 444.63531494140625, 122.20901489257812, 127.59757232666016, 57.84534454345703, 69.74321746826172, 68.44114685058594]"
2013-11-29,2013-12-05,4039.0,14023,9200.0,"[20, 20, 13, 10, 7, 0, 0]","[20, 3, 8, 0, 3, 10, 14]","[0.03721603973215715, 0.0, 0.0, 0.3, 0.0, 0.0, 0.28143889092886715]","[504, 163, 116, 55, 42, 62, 55]","[468.6578369140625, 142.17710876464844, 134.50718688964844, 62.980377197265625, 64.27998352050781, 74.37820434570312, 106.6135025024414]"
2013-11-30,2013-12-06,2247.0,10986,7920.0,"[15, 11, 10, 7, 8, 14, 8]","[10, 10, 3, 3, 6, 3, 5]","[0.07871306427662829, 0.1100194443280342, 0.03971507541505116, 0.13521510041309062, 0.03918159949056423, 0.11186524421732003, 0.03942215995874332]","[163, 116, 55, 42, 62, 55, 77]","[162.19285583496094, 131.856689453125, 63.097660064697266, 61.289329528808594, 75.75251007080078, 105.64724731445312, 90.07548522949219]"
2013-12-01,2013-12-07,1475.0,10944,7700.0,"[10, 9, 3, 8, 5, 9, 17]","[11, 1, 7, 3, 11, 5, 7]","[0.13499534520972942, 0.21346992775513984, 0.13354077882501403, 0.16296278058406, 0.13540873025735695, 0.21187603188766865, 0.1693794831826966]","[116, 55, 42, 62, 55, 77, 118]","[138.2139129638672, 64.09049987792969, 64.35967254638672, 70.94905090332031, 110.68804931640625, 92.44148254394531, 149.06454467773438]"
2013-12-02,2013-12-08,2077.0,10710,6800.0,"[0, 10, 11, 4, 15, 20, 20]","[9, 0, 0, 11, 0, 0, 0]","[0.0, 0.3, 0.3, 0.0, 0.0, 0.3, 0.0]","[55, 42, 62, 55, 77, 118, 112]","[62.16761779785156, 62.745216369628906, 68.18411254882812, 102.68623352050781, 89.5845718383789, 151.18624877929688, 121.51605987548828]"
2013-12-03,2013-12-09,1796.0,10332,7210.0,"[10, 10, 0, 9, 16, 15, 12]","[0, 0, 15, 5, 8, 4, 0]","[0.0, 0.0, 0.13027398513306468, 0.12594734744771818, 0.0, 0.3, 0.0]","[42, 62, 55, 77, 118, 112, 58]","[59.78140640258789, 62.716670989990234, 103.59864044189453, 88.43052673339844, 154.4249267578125, 122.71581268310547, 75.48616790771484]"
2013-12-04,2013-12-10,1957.0,11385,7560.0,"[4, 12, 9, 13, 12, 11, 11]","[6, 4, 5, 11, 7, 1, 3]","[0.21178044193793955, 0.17505263533122511, 0.10652198985954466, 0.17587372558212952, 0.16309583394486513, 0.2125592317964741, 0.12391271988413985]","[62, 55, 77, 118, 112, 58, 61]","[62.56406021118164, 102.99085235595703, 89.65885925292969, 153.3705291748047, 122.38944244384766, 71.23152160644531, 86.94100189208984]"
2013-12-05,2013-12-11,1813.0,10908,7875.0,"[17, 15, 16, 8, 12, 0, 16]","[0, 0, 8, 10, 0, 13, 0]","[0.11692276674155647, 0.08196534070140163, 0.0, 0.3, 0.0008308148647379071, 0.037531738139373626, 0.038994440324371576]","[55, 77, 118, 112, 58, 61, 70]","[102.81556701660156, 90.45612335205078, 149.9965057373047, 115.57526397705078, 73.00750732421875, 89.1826400756836, 99.09333038330078]"
2013-12-06,2013-12-12,2309.0,11923,7680.0,"[8, 10, 12, 10, 8, 4, 14]","[4, 12, 6, 2, 6, 10, 2]","[0.16609702916154662, 0.268840882248547, 0.13223245161278463, 0.0403051820635848, 0.1741578205903897, 0.16591724438284305, 0.11878405152380811]","[77, 118, 112, 58, 61, 70, 76]","[78.85137176513672, 147.84310913085938, 116.97177124023438, 70.0924301147461, 88.82766723632812, 96.4180908203125, 96.66394805908203]"
2013-12-07,2013-12-13,2129.0,12142,8190.0,"[11, 8, 7, 8, 9, 6, 16]","[11, 10, 5, 6, 7, 8, 2]","[0.12680642920204516, 0.17242028337290582, 0.17267935557124922, 0.039433615834846725, 0.16850974755178352, 0.2383514469259241, 0.16793446823192215]","[118, 112, 58, 61, 70, 76, 91]","[144.24835205078125, 115.68464660644531, 75.96329498291016, 88.4524917602539, 98.9971694946289, 100.50931549072266, 109.6240005493164]"
2013-12-08,2013-12-14,2917.0,13428,8455.0,"[12, 11, 15, 16, 16, 18, 9]","[6, 1, 0, 0, 0, 0, 19]","[0.3, 0.0, 0.0, 0.3, 0.0, 0.3, 0.0]","[112, 58, 61, 70, 76, 91, 192]","[114.32037353515625, 73.12515258789062, 91.27972412109375, 96.46833801269531, 97.30673217773438, 111.07274627685547, 186.0833282470703]"
2013-12-09,2013-12-15,2764.0,13561,9185.0,"[6, 7, 10, 11, 5, 15, 10]","[6, 7, 5, 5, 11, 12, 13]","[0.1251791575755592, 0.12295025041606615, 0.10991159464817526, 0.1181433935212074, 0.11932112099005485, 0.11911335852079843, 0.1734225524941548]","[58, 61, 70, 76, 91, 192, 141]","[75.54058837890625, 91.41615295410156, 93.32549285888672, 99.091064453125, 107.05643463134766, 183.46005249023438, 154.4497528076172]"
2013-12-10,2013-12-16,3615.0,13395,9070.0,"[14, 15, 16, 0, 20, 14, 20]","[0, 0, 0, 15, 8, 10, 0]","[0.13528534472033008, 0.3, 0.03931053326192847, 0.0, 0.0, 0.035335708567482735, 0.0]","[61, 70, 76, 91, 192, 141, 87]","[86.47447204589844, 91.21186065673828, 94.53068542480469, 105.59410095214844, 180.4950408935547, 152.50082397460938, 119.39804077148438]"
2013-12-11,2013-12-17,4235.0,12813,8485.0,"[13, 8, 17, 20, 11, 5, 17]","[0, 6, 0, 5, 11, 11, 0]","[0.0, 0.0, 0.0, 0.0, 0.0, 0.035303333271651874, 0.0]","[70, 76, 91, 192, 141, 87, 87]","[80.21359252929688, 91.35697937011719, 106.02593231201172, 155.9330596923828, 142.8159942626953, 109.97132110595703, 104.83960723876953]"
2013-12-12,2013-12-18,4819.0,14807,8805.0,"[5, 11, 14, 15, 8, 10, 12]","[7, 3, 10, 9, 9, 4, 7]","[0.0367360260243847, 0.21281425585908909, 0.08428703671756688, 0.12446133452758776, 0.12144191375084787, 0.10349334229202678, 0.040575047210250514]","[76, 91, 192, 141, 87, 87, 117]","[86.1269302368164, 98.40510559082031, 159.59739685058594, 154.12142944335938, 108.5550308227539, 89.88530731201172, 126.97703552246094]"
2013-12-13,2013-12-19,4229.0,15102,9905.0,"[5, 15, 13, 12, 8, 12, 13]","[9, 8, 10, 7, 8, 8, 9]","[0.0852358836005641, 0.0688476396061423, 0.03542067469640953, 0.16441479429158334, 0.03980681773307738, 0.13078603395359956, 0.1238898486323133]","[91, 192, 141, 87, 87, 117, 105]","[92.77597045898438, 151.53314208984375, 145.55029296875, 118.29269409179688, 105.42127990722656, 128.9376220703125, 142.47601318359375]"
2013-12-14,2013-12-20,5336.0,16725,10105.0,"[17, 14, 9, 6, 9, 12, 13]","[10, 9, 8, 8, 8, 7, 10]","[0.07998471135144376, 0.12771260654780633, 0.1674908663520942, 0.16118675746147934, 0.03811303467229318, 0.10855776635121779, 0.06466758771973666]","[192, 141, 87, 87, 117, 105, 147]","[170.68966674804688, 152.70449829101562, 109.80304718017578, 92.61490631103516, 112.2452163696289, 123.29607391357422, 148.05763244628906]"
2013-12-15,2013-12-21,5099.0,17232,10975.0,"[2, 0, 0, 6, 18, 10, 17]","[20, 15, 13, 11, 3, 12, 15]","[0.03812378785282293, 0.0, 0.0, 0.0, 0.0, 0.0382620901686187, 0.26376734734029644]","[141, 87, 87, 117, 105, 147, 213]","[153.48927307128906, 106.04553985595703, 92.789306640625, 112.54798889160156, 127.92081451416016, 145.3938751220703, 208.6587371826172]"
2013-12-16,2013-12-22,5828.0,18655,11090.0,"[10, 5, 15, 13, 16, 16, 15]","[7, 9, 4, 7, 7, 15, 13]","[0.11115685874778927, 0.08154566452387521, 0.16521258577275394, 0.10405583554652749, 0.17415980802509295, 0.1732221898133355, 0.038420270917595895]","[87, 87, 117, 105, 147, 213, 222]","[107.31228637695312, 91.58966064453125, 115.48213958740234, 125.43741607666016, 142.95657348632812, 202.68002319335938, 192.52024841308594]"
2013-12-17,2013-12-23,6747.0,17716,10930.0,"[1, 20, 16, 12, 20, 20, 20]","[12, 0, 4, 10, 12, 10, 0]","[0.0, 0.0, 0.0, 0.038947705474129124, 0.08385275441610836, 0.0, 0.0]","[87, 117, 105, 147, 213, 222, 198]","[89.8604507446289, 111.37701416015625, 121.37081146240234, 142.19383239746094, 203.88729858398438, 194.21070861816406, 123.33658599853516]"
2013-12-18,2013-12-24,6771.0,18054,11470.0,"[3, 20, 20, 12, 20, 0, 9]","[13, 0, 4, 19, 10, 19, 9]","[0.0, 0.0, 0.0, 0.0, 0.03549098615682071, 0.0023091720247545616, 0.04040034875061007]","[117, 105, 147, 213, 222, 198, 98]","[106.8427505493164, 118.33931732177734, 144.9161834716797, 205.52401733398438, 193.48960876464844, 130.24964904785156, 120.47802734375]"
2013-12-19,2013-12-25,4967.0,17469,10870.0,"[0, 20, 20, 9, 12, 20, 11]","[18, 4, 13, 20, 8, 0, 0]","[0.03467919302071822, 0.3, 0.0, 0.0, 0.0, 0.3, 0.3]","[105, 147, 213, 222, 198, 98, 0]","[125.4176025390625, 148.72972106933594, 209.44383239746094, 195.43971252441406, 127.91665649414062, 118.98802185058594, 64.50751495361328]"
2013-12-20,2013-12-26,5563.0,16709,10855.0,"[14, 11, 20, 7, 18, 0, 20]","[9, 20, 11, 13, 2, 9, 0]","[0.0, 0.0, 0.03842818765565292, 0.0, 0.19922097026905106, 0.0, 0.0]","[147, 213, 222, 198, 98, 0, 198]","[146.2161407470703, 207.3112335205078, 194.52560424804688, 132.95223999023438, 125.09037017822266, 62.6124267578125, 118.62904357910156]"
2013-12-21,2013-12-27,4347.0,16118,11855.0,"[11, 20, 3, 10, 11, 16, 11]","[20, 11, 16, 9, 0, 4, 19]","[0.03687233706033894, 0.0008588992074232645, 0.008163661805371453, 0.0, 0.0, 0.0, 0.0]","[213, 222, 198, 98, 0, 198, 129]","[205.89373779296875, 197.62246704101562, 128.62094116210938, 125.8115005493164, 65.81394958496094, 123.7684097290039, 198.35470581054688]"
2013-12-22,2013-12-28,4031.0,15133,11120.0,"[7, 19, 7, 0, 0, 9, 20]","[20, 1, 11, 8, 18, 20, 6]","[0.03654611484864448, 0.0, 0.040433207236448686, 0.3, 0.0, 0.03758009486377499, 0.0]","[222, 198, 98, 0, 198, 129, 169]","[198.56207275390625, 122.29485321044922, 116.57540893554688, 53.53361511230469, 124.61956787109375, 201.81552124023438, 165.97727966308594]"
2013-12-23,2013-12-29,2916.0,13593,10625.0,"[0, 20, 11, 20, 20, 0, 20]","[18, 0, 1, 0, 11, 20, 7]","[0.0, 0.0, 0.0, 0.0, 0.03734756761227356, 0.0, 0.0]","[198, 98, 0, 198, 129, 169, 135]","[128.92210388183594, 125.35737609863281, 71.90447235107422, 122.12870025634766, 196.2275848388672, 148.1865234375, 167.05946350097656]"
2013-12-24,2013-12-30,3112.0,14801,10875.0,"[15, 7, 10, 14, 12, 15, 15]","[10, 5, 10, 9, 12, 13, 4]","[0.03891710820380535, 0.24654856757573973, 0.06294664684118353, 0.11153688148880939, 0.08476206749669477, 0.03974963968409469, 0.10438014201357543]","[98, 0, 198, 129, 169, 135, 161]","[162.9012908935547, 78.61854553222656, 129.52874755859375, 206.25624084472656, 153.97621154785156, 183.4263458251953, 121.20980072021484]"
2013-12-25,2013-12-31,3522.0,15371,10230.0,"[3, 7, 14, 8, 14, 11, 10]","[6, 10, 14, 14, 12, 7, 9]","[0.123029798884644, 0.03907606821334268, 0.16701912763834, 0.16577948023887112, 0.13295179587441983, 0.08129888753050708, 0.1641154223987213]","[0, 198, 129, 169, 135, 161, 126]","[61.40281677246094, 114.9926528930664, 195.55323791503906, 144.51515197753906, 171.29978942871094, 116.16925048828125, 125.07222747802734]"
2013-12-26,2014-01-01,4203.0,17530,11295.0,"[10, 19, 13, 17, 7, 15, 5]","[8, 12, 10, 11, 13, 7, 10]","[0.12761663549946597, 0.16416041881334476, 0.0833975996625404, 0.233778495713601, 0.17134208368224468, 0.11091560678200066, 0.03495243988214712]","[198, 129, 169, 135, 161, 126, 74]","[126.67835235595703, 198.1563720703125, 160.04928588867188, 177.9177703857422, 132.73944091796875, 143.0161895751953, 103.45051574707031]"
2013-12-27,2014-01-02,5157.0,13981,8745.0,"[8, 20, 20, 20, 19, 0, 12]","[19, 6, 5, 0, 0, 1, 2]","[0.0, 0.03493758635291996, 0.0, 0.037811501668821274, 0.037199010597025156, 0.19171943513538295, 0.039929038056755156]","[129, 169, 135, 161, 126, 74, 82]","[181.87335205078125, 159.5832061767578, 159.97702026367188, 128.21156311035156, 143.88278198242188, 87.31819152832031, 83.09375]"
2013-12-28,2014-01-03,4759.0,14629,8235.0,"[13, 14, 11, 7, 6, 7, 9]","[8, 8, 6, 14, 4, 5, 4]","[0.12223578215387004, 0.16602295675188403, 0.08307546303307785, 0.1171178334307166, 0.12322291021105602, 0.12409192766392356, 0.16100889424423287]","[169, 135, 161, 126, 74, 82, 84]","[135.65802001953125, 147.5090789794922, 112.16360473632812, 139.9878387451172, 67.97073364257812, 75.08390808105469, 82.1451187133789]"
2013-12-29,2014-01-04,4474.0,13911,8650.0,"[9, 5, 9, 8, 13, 14, 10]","[15, 14, 14, 4, 0, 0, 6]","[0.034676557660751714, 0.013816619460020692, 0.0, 0.0, 0.040692059163630084, 0.0, 0.3]","[135, 161, 126, 74, 82, 84, 103]","[156.2738800048828, 125.80177307128906, 150.30300903320312, 77.40180969238281, 77.91990661621094, 84.15575408935547, 101.32220458984375]"
2013-12-30,2014-01-05,3917.0,13710,7550.0,"[9, 13, 7, 6, 8, 10, 7]","[10, 7, 5, 6, 5, 6, 6]","[0.21362861004568845, 0.2115648957540746, 0.11631711563025243, 0.08581684173191931, 0.11262092739092347, 0.22244403085315148, 0.1671259312631247]","[161, 126, 74, 82, 84, 103, 64]","[124.21344757080078, 145.36102294921875, 73.62703704833984, 76.3490982055664, 80.36028289794922, 103.31665802001953, 83.63597106933594]"
2013-12-31,2014-01-06,2901.0,11864,7110.0,"[15, 9, 7, 4, 10, 5, 4]","[10, 3, 5, 8, 7, 8, 4]","[0.1266210078890268, 0.1621237288738942, 0.16842845483050045, 0.21205626726485208, 0.1149708381225118, 0.2137417897171346, 0.16305600432150413]","[126, 74, 82, 84, 103, 64, 45]","[161.50616455078125, 75.54450988769531, 76.45013427734375, 85.8470230102539, 106.08563232421875, 85.03728485107422, 53.459136962890625]"
2014-01-01,2014-01-07,2380.0,9871,5970.0,"[12, 0, 0, 20, 1, 9, 8]","[0, 11, 12, 0, 12, 0, 0]","[0.0, 0.3, 0.0, 0.0, 0.3, 0.16858792520670604, 0.11799946169511517]","[74, 82, 84, 103, 64, 45, 44]","[70.60614013671875, 80.08779907226562, 84.56851959228516, 109.55997467041016, 92.05538940429688, 53.93626022338867, 48.955963134765625]"
2014-01-02,2014-01-08,2620.0,7899,4580.0,"[14, 14, 16, 10, 5, 0, 8]","[0, 0, 0, 3, 3, 0, 0]","[0.0, 0.0, 0.038903890344256835, 0.0, 0.3, 0.3, 0.037685630348395165]","[82, 84, 103, 64, 45, 44, 45]","[82.88456726074219, 84.42036437988281, 97.34296417236328, 78.89952850341797, 53.25482940673828, 53.67909622192383, 45.9996452331543]"
2014-01-03,2014-01-09,2005.0,9014,5270.0,"[14, 20, 13, 1, 4, 8, 9]","[0, 0, 0, 8, 4, 0, 0]","[0.0, 0.3, 0.0, 0.0, 0.035259724880225156, 0.3, 0.3]","[84, 103, 64, 45, 44, 45, 48]","[86.73121643066406, 107.6905288696289, 75.27249908447266, 62.26123809814453, 49.08195495605469, 47.53791046142578, 50.65421676635742]"
2014-01-04,2014-01-10,1909.0,7757,5140.0,"[3, 1, 7, 0, 2, 9, 4]","[12, 10, 2, 7, 5, 0, 6]","[0.0400350996820649, 0.0, 0.3, 0.0, 0.00018882506049546855, 0.0, 0.03865726101975811]","[103, 64, 45, 44, 45, 48, 59]","[104.9539794921875, 74.6758041381836, 58.15987014770508, 55.298099517822266, 46.61563491821289, 53.166114807128906, 69.83980560302734]"
2014-01-05,2014-01-11,1446.0,7596,5090.0,"[13, 9, 9, 0, 0, 12, 17]","[0, 0, 0, 7, 8, 0, 0]","[0.0, 0.0, 0.0, 0.3, 0.3, 0.0, 0.0]","[64, 45, 44, 45, 48, 59, 86]","[76.25220489501953, 55.16952133178711, 53.46897888183594, 47.43058395385742, 58.66798400878906, 70.70216369628906, 101.5953598022461]"
2014-01-06,2014-01-12,1815.0,8174,4720.0,"[8, 9, 0, 9, 12, 16, 12]","[0, 0, 6, 0, 0, 0, 0]","[0.0, 0.040135840868587076, 0.3, 0.3, 0.0, 0.3, 0.0]","[45, 44, 45, 48, 59, 86, 69]","[50.60988998413086, 51.823822021484375, 39.946929931640625, 55.75553512573242, 69.2125244140625, 99.8766098022461, 70.02627563476562]"
2014-01-07,2014-01-13,1866.0,7338,4405.0,"[4, 7, 9, 2, 3, 11, 4]","[3, 0, 0, 8, 11, 0, 1]","[0.0, 0.3, 0.0, 0.0, 0.0, 0.11465550809245098, 0.3]","[44, 45, 48, 59, 86, 69, 40]","[46.21189880371094, 39.54692077636719, 52.970436096191406, 69.91730499267578, 97.82640838623047, 68.6576156616211, 35.478450775146484]"
2014-01-08,2014-01-14,1667.0,8707,4560.0,"[0, 4, 11, 17, 0, 7, 4]","[7, 4, 0, 0, 10, 0, 2]","[0.3, 0.3, 0.10423816800958907, 0.3, 0.2721965288340641, 0.3, 0.0]","[45, 48, 59, 86, 69, 40, 44]","[47.522987365722656, 54.2056770324707, 67.64701080322266, 101.05626678466797, 73.33902740478516, 40.15645217895508, 39.33406066894531]"
2014-01-09,2014-01-15,1630.0,7791,4620.0,"[0, 5, 16, 12, 1, 0, 0]","[8, 6, 0, 0, 4, 6, 6]","[0.0, 0.3, 0.0, 0.27823746567414454, 0.0, 0.3, 0.0]","[48, 59, 86, 69, 40, 44, 44]","[54.76267623901367, 75.0260009765625, 98.40811157226562, 72.44094848632812, 36.81531524658203, 41.54430389404297, 45.33732986450195]"
2014-01-10,2014-01-16,1725.0,7648,4470.0,"[11, 17, 11, 1, 7, 0, 0]","[0, 0, 0, 4, 0, 7, 7]","[0.12890378419834211, 0.3, 0.0, 0.0, 0.0, 0.0, 0.3]","[59, 86, 69, 40, 44, 44, 44]","[67.86613464355469, 100.83755493164062, 66.45719146728516, 33.269309997558594, 39.23643112182617, 47.66503143310547, 48.208560943603516]"
2014-01-11,2014-01-17,1728.0,7030,4180.0,"[16, 2, 6, 6, 0, 0, 11]","[0, 8, 0, 0, 5, 6, 0]","[0.08746213511198751, 0.039906166022284764, 0.0023558839596761593, 0.039236002359486634, 0.3, 0.0, 0.3]","[86, 69, 40, 44, 44, 44, 49]","[95.99103546142578, 66.57384490966797, 36.2964973449707, 38.07986831665039, 46.61497497558594, 47.50421905517578, 68.30734252929688]"
2014-01-12,2014-01-18,2520.0,9654,6005.0,"[0, 6, 6, 8, 8, 11, 19]","[10, 0, 0, 0, 0, 0, 15]","[0.3, 0.0, 0.006496462434508082, 0.0, 0.0, 0.3, 0.0]","[69, 40, 44, 44, 44, 49, 330]","[68.08076477050781, 38.83514404296875, 37.65080261230469, 46.864959716796875, 46.96417236328125, 67.70592498779297, 223.6085662841797]"
2014-01-13,2014-01-19,3087.0,12150,8490.0,"[6, 7, 8, 8, 8, 20, 20]","[0, 0, 0, 0, 3, 14, 20]","[0.0, 0.11011305222491809, 0.0, 0.0, 0.3, 0.0, 0.0]","[40, 44, 44, 44, 49, 330, 221]","[37.44504165649414, 39.806636810302734, 46.78520584106445, 48.49935531616211, 68.32000732421875, 220.94686889648438, 264.33172607421875]"
2014-01-14,2014-01-20,4263.0,16476,10055.0,"[7, 7, 0, 11, 14, 20, 8]","[0, 1, 7, 0, 20, 17, 20]","[0.3, 0.0, 0.3, 0.0, 0.3, 0.0, 0.0]","[44, 44, 44, 49, 330, 221, 198]","[42.57048416137695, 46.61366271972656, 48.43739700317383, 63.31364440917969, 221.696044921875, 241.0467529296875, 189.81236267089844]"
2014-01-15,2014-01-21,4184.0,14904,9230.0,"[8, 8, 0, 6, 20, 8, 7]","[0, 0, 9, 20, 18, 20, 0]","[0.0, 0.17384623097747892, 0.0, 0.0, 0.0, 0.3, 0.0]","[44, 44, 49, 330, 221, 198, 36]","[48.46695327758789, 50.13299560546875, 65.63277435302734, 177.80567932128906, 247.47711181640625, 187.44482421875, 43.80418014526367]"
2014-01-16,2014-01-22,4492.0,13005,8090.0,"[8, 0, 0, 20, 20, 0, 7]","[0, 9, 20, 20, 10, 0, 0]","[0.3, 0.0, 0.0, 0.034996178790460374, 0.03787365767157363, 0.0, 0.0]","[44, 49, 330, 221, 198, 36, 41]","[49.68049240112305, 64.72589111328125, 179.36390686035156, 253.12684631347656, 187.95030212402344, 41.80773162841797, 40.108123779296875]"
2014-01-17,2014-01-23,4986.0,13980,8670.0,"[4, 14, 20, 18, 7, 7, 0]","[6, 20, 17, 12, 0, 0, 0]","[0.0, 0.0, 0.0, 0.0, 0.0, 0.3, 0.2658826283247177]","[49, 330, 221, 198, 36, 41, 37]","[63.82855987548828, 221.53091430664062, 240.1351776123047, 190.40745544433594, 41.703407287597656, 42.97800064086914, 37.29688262939453]"
2014-01-18,2014-01-24,5237.0,14967,8820.0,"[20, 20, 9, 7, 7, 4, 0]","[13, 17, 20, 0, 0, 2, 6]","[0.1706863696031118, 0.0, 0.0, 0.03972590573918163, 0.0, 0.3, 0.01310604125644781]","[330, 221, 198, 36, 41, 37, 59]","[217.12940979003906, 240.27540588378906, 190.41265869140625, 43.17007064819336, 42.0775260925293, 38.48564147949219, 43.0341911315918]"
2014-01-19,2014-01-25,3745.0,11790,7900.0,"[20, 9, 7, 0, 6, 8, 0]","[20, 20, 0, 6, 0, 0, 12]","[0.0, 0.0, 0.0, 0.0, 0.0, 0.0, 0.0]","[221, 198, 36, 41, 37, 59, 79]","[268.0734558105469, 192.37025451660156, 41.02655792236328, 40.15236282348633, 36.728370666503906, 45.71445846557617, 87.95999145507812]"
2014-01-20,2014-01-26,2660.0,9576,5540.0,"[8, 0, 7, 0, 0, 14, 10]","[20, 6, 0, 5, 6, 0, 0]","[0.0, 0.0, 0.0, 0.0, 0.13005898715982958, 0.3, 0.3]","[198, 36, 41, 37, 59, 79, 72]","[188.54910278320312, 40.71581268310547, 42.95008850097656, 37.50817108154297, 45.344329833984375, 86.93916320800781, 62.31368637084961]"
2014-01-21,2014-01-27,1547.0,7077,3670.0,"[0, 7, 0, 7, 14, 10, 7]","[5, 0, 5, 0, 0, 0, 0]","[0.0, 0.24876826522629955, 0.2801612754860062, 0.0, 0.3, 0.3, 0.0]","[36, 41, 37, 59, 79, 72, 36]","[37.78996658325195, 43.12788772583008, 36.15514373779297, 39.36902618408203, 85.65092468261719, 60.91743469238281, 43.69425964355469]"
2014-01-22,2014-01-28,1386.0,4812,2890.0,"[0, 0, 8, 14, 10, 7, 0]","[6, 0, 0, 0, 0, 0, 0]","[0.0, 0.25900240564370436, 0.0, 0.0, 0.03490650452394687, 0.0, 0.0]","[41, 37, 59, 79, 72, 36, 40]","[41.16326141357422, 36.63046646118164, 46.344932556152344, 87.05721282958984, 60.80622100830078, 40.677818298339844, 34.767799377441406]"
2014-01-23,2014-01-29,1295.0,6747,4175.0,"[7, 4, 5, 8, 4, 3, 3]","[3, 3, 10, 2, 2, 2, 3]","[0.1318317657234681, 0.10988694148279796, 0.16300649891359603, 0.13492477685900833, 0.17542778119818908, 0.17002099169959997, 0.13481424664443484]","[37, 59, 79, 72, 36, 40, 40]","[36.43881607055664, 43.16555404663086, 85.84329986572266, 58.82526397705078, 39.39558410644531, 34.34603500366211, 42.405860900878906]"
2014-01-24,2014-01-30,1656.0,6175,3575.0,"[6, 10, 10, 8, 0, 0, 6]","[0, 3, 0, 0, 5, 5, 0]","[0.28355475588603335, 0.03839938681793613, 0.0, 0.0, 0.0, 0.29997532398084276, 0.0]","[59, 79, 72, 36, 40, 40, 38]","[38.36894607543945, 80.80170440673828, 57.594783782958984, 45.22665786743164, 35.39521789550781, 32.096656799316406, 37.850730895996094]"
2014-01-25,2014-01-31,1502.0,6330,3840.0,"[14, 10, 0, 0, 0, 7, 9]","[0, 0, 6, 5, 5, 0, 0]","[0.0, 0.0, 0.3, 0.0, 0.22927631270602572, 0.0, 0.11662699332704055]","[79, 72, 36, 40, 40, 38, 44]","[85.39306640625, 60.047607421875, 44.824668884277344, 38.18981170654297, 32.508453369140625, 40.4069709777832, 55.2327880859375]"
2014-01-26,2014-02-01,906.0,5708,3720.0,"[1, 0, 0, 5, 7, 0, 14]","[8, 7, 0, 0, 0, 8, 0]","[0.0376633481550561, 0.0, 0.0, 0.2772514764924917, 0.0, 0.007680557371986033, 0.25616948208808765]","[72, 36, 40, 40, 38, 44, 78]","[59.33710479736328, 47.65620422363281, 36.79057693481445, 33.14785385131836, 39.96278381347656, 55.930965423583984, 86.45223999023438]"
2014-01-27,2014-02-02,826.0,6108,4220.0,"[7, 6, 6, 0, 9, 0, 5]","[0, 0, 0, 6, 0, 12, 6]","[0.0, 0.0, 0.0, 0.3, 0.3, 0.0, 0.0]","[36, 40, 40, 38, 44, 78, 44]","[44.26668930053711, 35.01210021972656, 37.14579391479492, 40.51253128051758, 53.897579193115234, 84.28812408447266, 72.59715270996094]"
2014-01-28,2014-02-03,712.0,5304,3500.0,"[6, 5, 0, 0, 5, 12, 6]","[0, 0, 0, 8, 8, 0, 0]","[0.0, 0.0, 0.0, 0.3, 0.0, 0.0, 0.3]","[40, 40, 38, 44, 78, 44, 36]","[34.863807678222656, 32.024322509765625, 37.36947250366211, 56.423011779785156, 84.48602294921875, 71.79884338378906, 38.21142578125]"
2014-01-29,2014-02-04,750.0,5802,3300.0,"[6, 7, 9, 14, 0, 0, 6]","[0, 0, 0, 0, 9, 0, 0]","[0.0, 0.29919428527346087, 0.0, 0.2823694031480555, 0.3, 0.3, 0.3]","[40, 38, 44, 78, 44, 36, 25]","[34.06401443481445, 40.489051818847656, 54.27073669433594, 83.7503662109375, 66.60203552246094, 37.23544692993164, 39.17474365234375]"
2014-01-30,2014-02-05,974.0,4964,3280.0,"[7, 9, 12, 11, 6, 6, 0]","[0, 0, 2, 0, 0, 0, 0]","[0.02315380581817322, 0.0, 0.0, 0.04000777269842815, 0.0, 0.3, 0.036553762428396044]","[38, 44, 78, 44, 36, 25, 28]","[41.35963439941406, 55.6268196105957, 86.33099365234375, 66.66199493408203, 38.944793701171875, 37.309837341308594, 48.513912200927734]"
2014-01-31,2014-02-06,594.0,5766,3915.0,"[0, 14, 12, 0, 6, 8, 0]","[7, 0, 0, 5, 0, 0, 5]","[0.0, 0.3, 0.0, 0.0, 0.0, 0.3, 0.0]","[44, 78, 44, 36, 25, 28, 31]","[52.156612396240234, 86.7132339477539, 73.66602325439453, 36.625885009765625, 35.898258209228516, 50.73265838623047, 38.77498245239258]"
2014-02-01,2014-02-07,478.0,5156,3880.0,"[0, 0, 0, 0, 8, 3, 0]","[12, 9, 2, 5, 0, 3, 7]","[0.03734333513698049, 0.0, 0.023688242737158034, 0.13150977000731157, 0.0, 0.3, 0.0]","[78, 44, 36, 25, 28, 31, 50]","[82.7700424194336, 66.03616333007812, 37.55042266845703, 36.824790954589844, 49.33808517456055, 38.641719818115234, 47.239341735839844]"
2014-02-02,2014-02-08,788.0,5922,4115.0,"[12, 6, 6, 9, 7, 8, 7]","[0, 0, 0, 0, 0, 0, 7]","[0.0, 0.0019742278059541518, 0.03738572833093229, 0.0, 0.2597216864429366, 0.3, 0.0]","[44, 36, 25, 28, 31, 50, 94]","[69.65206909179688, 37.23100280761719, 36.11240768432617, 51.21784973144531, 42.31276321411133, 48.69488525390625, 91.904052734375]"
2014-02-03,2014-02-09,1057.0,6126,3810.0,"[6, 6, 8, 0, 7, 12, 0]","[0, 0, 0, 5, 0, 2, 8]","[0.3, 0.0, 0.0, 0.3, 0.3, 0.0, 0.0]","[36, 25, 28, 31, 50, 94, 67]","[36.08305740356445, 35.825260162353516, 47.47252655029297, 37.94611740112305, 45.27472686767578, 83.86571502685547, 60.811012268066406]"
2014-02-04,2014-02-10,1133.0,6401,4095.0,"[6, 0, 6, 2, 15, 5, 0]","[0, 7, 0, 5, 0, 5, 6]","[0.0, 0.0, 0.0, 0.037068623070254596, 0.0, 0.3, 0.3]","[25, 28, 31, 50, 94, 67, 34]","[34.8608512878418, 47.51640701293945, 36.725276947021484, 45.67872619628906, 90.56623840332031, 65.74496459960938, 43.6669807434082]"
2014-02-05,2014-02-11,1348.0,5800,3835.0,"[0, 6, 0, 3, 0, 1, 5]","[6, 0, 6, 9, 9, 5, 0]","[0.0, 0.03989034127062519, 0.0, 0.04064034255880189, 0.131343118195729, 0.0, 0.0]","[28, 31, 50, 94, 67, 34, 44]","[43.14102554321289, 34.27449035644531, 43.88055419921875, 83.87678527832031, 61.85007858276367, 41.188602447509766, 32.73619842529297]"
2014-02-06,2014-02-12,1598.0,6492,3560.0,"[5, 7, 12, 0, 0, 6, 6]","[0, 0, 2, 8, 6, 0, 0]","[0.3, 0.0, 0.0, 0.3, 0.0, 0.0, 0.3]","[31, 50, 94, 67, 34, 44, 46]","[31.120040893554688, 43.52967071533203, 88.04524230957031, 57.14250183105469, 40.221858978271484, 35.462154388427734, 38.102867126464844]"
2014-02-07,2014-02-13,1654.0,6289,3520.0,"[8, 0, 5, 7, 0, 0, 8]","[0, 13, 4, 0, 5, 0, 0]","[0.048910446583521915, 0.035337943893979464, 0.0, 0.0, 0.3, 0.06791961415276318, 0.3]","[50, 94, 67, 34, 44, 46, 61]","[45.30897903442383, 89.49175262451172, 58.82301712036133, 42.4051628112793, 35.96347427368164, 39.18204879760742, 47.63261032104492]"
2014-02-08,2014-02-14,1600.0,5976,3380.0,"[15, 7, 7, 6, 6, 0, 0]","[0, 2, 0, 0, 0, 0, 8]","[0.0, 0.0, 0.0, 0.3, 0.3, 0.018577652704513392, 0.0]","[94, 67, 34, 44, 46, 61, 82]","[91.12083435058594, 55.7099723815918, 42.37024688720703, 35.212615966796875, 37.124977111816406, 46.02952575683594, 55.873233795166016]"
2014-02-09,2014-02-15,2333.0,10534,7560.0,"[11, 7, 0, 0, 8, 10, 20]","[0, 0, 5, 20, 0, 0, 20]","[0.0, 0.11788531276271104, 0.0, 0.3, 0.037159141002805984, 0.0, 0.037219353899051816]","[67, 34, 44, 46, 61, 82, 303]","[62.55192565917969, 41.715789794921875, 36.231204986572266, 38.15595245361328, 48.234779357910156, 60.63407897949219, 315.11187744140625]"
2014-02-10,2014-02-16,4280.0,13904,9120.0,"[0, 6, 0, 0, 0, 20, 20]","[6, 0, 5, 7, 9, 20, 20]","[0.0, 0.0, 0.0, 0.0, 0.3, 0.0375811257822104, 0.0]","[34, 44, 46, 61, 82, 303, 268]","[42.435401916503906, 37.172523498535156, 39.17564010620117, 48.019203186035156, 61.57974624633789, 323.3074951171875, 285.60723876953125]"
2014-02-11,2014-02-17,5938.0,17054,10155.0,"[6, 6, 8, 10, 20, 20, 20]","[0, 0, 0, 0, 20, 20, 9]","[0.11295666254486292, 0.26244030055471307, 0.3, 0.3, 0.03816255429094706, 0.0, 0.00017692516516314047]","[44, 46, 61, 82, 303, 268, 206]","[35.09761428833008, 38.56760787963867, 46.833553314208984, 62.709190368652344, 317.8174743652344, 282.8972473144531, 187.63088989257812]"
2014-02-12,2014-02-18,6456.0,17268,9990.0,"[7, 8, 0, 20, 20, 19, 0]","[0, 0, 8, 20, 20, 11, 5]","[0.3, 0.3, 0.22995136073254974, 0.037585306875155794, 0.036597718951483185, 0.0, 1.5228736410180435e-05]","[46, 61, 82, 303, 268, 206, 31]","[41.413536071777344, 47.546939849853516, 60.32954406738281, 326.6414794921875, 283.9705505371094, 189.3487548828125, 38.70161437988281]"
2014-02-13,2014-02-19,5784.0,14749,8620.0,"[1, 0, 20, 20, 9, 0, 6]","[6, 0, 20, 20, 19, 0, 0]","[0.3, 0.3, 0.0, 0.0, 0.0375033745004589, 0.15852075310943592, 0.03930365365540826]","[61, 82, 303, 268, 206, 31, 41]","[46.20731735229492, 60.9739875793457, 324.2418518066406, 283.2896728515625, 186.42161560058594, 36.080535888671875, 36.17652893066406]"
2014-02-14,2014-02-20,6444.0,16036,9170.0,"[11, 20, 20, 20, 7, 0, 7]","[0, 20, 20, 10, 0, 0, 0]","[0.3, 0.0379487529260187, 0.037753768303734093, 0.0, 0.0, 0.0, 0.0]","[82, 303, 268, 206, 31, 41, 33]","[66.3358383178711, 326.2607421875, 282.4757995605469, 191.20513916015625, 41.16008377075195, 36.19767379760742, 42.98577880859375]"
2014-02-15,2014-02-21,5342.0,14004,8640.0,"[20, 20, 20, 7, 0, 0, 10]","[20, 20, 9, 0, 0, 0, 0]","[0.0, 0.0, 0.0, 0.0, 0.0, 0.0, 0.0]","[303, 268, 206, 31, 41, 33, 44]","[300.96710205078125, 279.8616027832031, 185.13644409179688, 41.304080963134766, 33.780826568603516, 44.74074935913086, 59.281280517578125]"
2014-02-16,2014-02-22,4313.0,12536,7660.0,"[20, 18, 0, 0, 7, 10, 0]","[20, 10, 5, 4, 0, 0, 12]","[0.038458353560779174, 0.0379584316202481, 0.0, 0.3, 0.0, 0.24228332834597868, 0.0]","[268, 206, 31, 41, 33, 44, 79]","[277.8114013671875, 175.4305877685547, 39.126739501953125, 32.85158920288086, 43.60093688964844, 60.833431243896484, 82.20072174072266]"
2014-02-17,2014-02-23,1926.0,9221,5900.0,"[14, 2, 7, 2, 7, 7, 7]","[13, 4, 0, 8, 3, 5, 3]","[0.1316229884272071, 0.11445255052377933, 0.11563793092649123, 0.06393746661046922, 0.17353568542112177, 0.16849908475759773, 0.1699910863994198]","[206, 31, 41, 33, 44, 79, 53]","[176.43505859375, 39.442901611328125, 36.059608459472656, 47.676143646240234, 58.136993408203125, 79.75861358642578, 64.0675277709961]"
2014-02-18,2014-02-24,605.0,6129,4175.0,"[2, 2, 7, 5, 10, 3, 2]","[7, 4, 4, 3, 2, 4, 3]","[0.10489418915550752, 0.13378178514861946, 0.17050415564461638, 0.14800445144846752, 0.21188222529460546, 0.11266321468571414, 0.17399181011124482]","[31, 41, 33, 44, 79, 53, 28]","[46.23065948486328, 35.0020751953125, 42.85926818847656, 55.22001266479492, 74.19278717041016, 57.66218948364258, 34.494937896728516]"
2014-02-19,2014-02-25,872.0,6540,3675.0,"[5, 0, 4, 2, 0, 0, 0]","[0, 6, 4, 9, 8, 5, 4]","[0.3, 0.2781811433104857, 0.3, 0.3, 0.16869026057883965, 0.1616166853316509, 0.009525518653368658]","[41, 33, 44, 79, 53, 28, 31]","[31.59764289855957, 41.32785415649414, 52.953678131103516, 76.1740951538086, 59.327362060546875, 33.672576904296875, 31.824384689331055]"
2014-02-20,2014-02-26,1201.0,5934,3500.0,"[0, 9, 0, 10, 5, 5, 5]","[6, 0, 11, 0, 0, 0, 0]","[0.0, 0.3, 0.0, 0.0, 0.0, 0.3, 0.3]","[33, 44, 79, 53, 28, 31, 33]","[43.30368423461914, 54.874717712402344, 78.02668762207031, 59.44160079956055, 32.832313537597656, 31.7431640625, 32.89133071899414]"
2014-02-21,2014-02-27,856.0,5112,3300.0,"[0, 0, 0, 0, 5, 5, 0]","[7, 11, 8, 0, 0, 0, 6]","[0.0, 0.0, 0.0, 0.3, 0.3, 0.0, 0.3]","[44, 79, 53, 28, 31, 33, 30]","[51.58243942260742, 77.3899154663086, 58.874855041503906, 37.565006256103516, 31.45187759399414, 31.00815200805664, 42.774593353271484]"
2014-02-22,2014-02-28,969.0,6030,3355.0,"[12, 10, 6, 0, 0, 0, 8]","[0, 0, 0, 4, 4, 5, 0]","[0.3, 0.10823818076883639, 0.0, 0.28666383647723437, 0.3, 0.3, 0.0]","[79, 53, 28, 31, 33, 30, 39]","[70.68607330322266, 57.80574035644531, 35.92394256591797, 30.135530471801758, 30.932884216308594, 38.867191314697266, 46.89242172241211]"
2014-02-23,2014-03-01,302.0,4638,2965.0,"[10, 0, 0, 5, 7, 0, 14]","[0, 0, 0, 0, 0, 7, 0]","[0.3, 0.0, 0.3, 0.3, 0.3, 0.0, 0.0]","[53, 28, 31, 33, 30, 39, 68]","[57.553470611572266, 35.30827713012695, 31.97060203552246, 31.710742950439453, 44.46638107299805, 47.75764846801758, 81.80455780029297]"
2014-02-24,2014-03-02,791.0,5508,3695.0,"[5, 5, 6, 0, 6, 8, 10]","[0, 0, 0, 6, 2, 5, 0]","[0.0014545779992548805, 0.008597811292651684, 0.3, 0.0, 0.3, 0.0, 0.0]","[28, 31, 33, 30, 39, 68, 54]","[33.02256774902344, 31.975446701049805, 33.55613708496094, 42.68108367919922, 48.8647346496582, 81.31285858154297, 60.38917541503906]"
2014-02-25,2014-03-03,742.0,5843,3930.0,"[3, 2, 5, 6, 7, 7, 3]","[2, 5, 2, 2, 5, 3, 3]","[0.11418902652164183, 0.12046078417207495, 0.10782037126574218, 0.05350774098675946, 0.1727580358601033, 0.1717761176538911, 0.10910475968585179]","[31, 33, 30, 39, 68, 54, 33]","[32.229923248291016, 31.833938598632812, 43.81935119628906, 50.66769027709961, 80.38410186767578, 61.97377014160156, 40.11369705200195]"
2014-02-26,2014-03-04,777.0,5802,3660.0,"[0, 0, 0, 13, 10, 0, 5]","[4, 6, 7, 0, 0, 6, 0]","[0.3, 0.0, 0.3, 0.0, 0.3, 0.0, 0.0]","[33, 30, 39, 68, 54, 33, 31]","[31.460737228393555, 40.329776763916016, 50.51030349731445, 80.58834075927734, 60.46493148803711, 41.94524002075195, 31.8946533203125]"
2014-02-27,2014-03-05,822.0,4968,3300.0,"[7, 8, 14, 8, 3, 0, 6]","[0, 0, 0, 2, 4, 0, 0]","[0.0, 0.0, 0.0, 0.03468518653410168, 0.11744091137036716, 0.0, 0.3]","[30, 39, 68, 54, 33, 31, 34]","[43.86891174316406, 46.13750076293945, 82.3329849243164, 64.714111328125, 45.76362991333008, 28.185195922851562, 36.723114013671875]"
2014-02-28,2014-03-06,715.0,5466,3250.0,"[8, 0, 10, 0, 0, 0, 7]","[0, 11, 0, 6, 4, 0, 0]","[0.0, 0.3, 0.0, 0.3, 0.0, 0.0, 0.3]","[39, 68, 54, 33, 31, 34, 36]","[45.431495666503906, 78.3163833618164, 57.38129806518555, 41.958927154541016, 29.243101119995117, 37.190242767333984, 40.099151611328125]"
2014-03-01,2014-03-07,1045.0,5784,3725.0,"[0, 10, 8, 5, 6, 0, 9]","[11, 0, 0, 0, 0, 5, 0]","[0.0, 0.010204467204953268, 0.0, 0.3, 0.0, 0.0, 0.3]","[68, 54, 33, 31, 34, 36, 43]","[78.08391571044922, 60.76075744628906, 46.012535095214844, 28.401615142822266, 37.074398040771484, 36.999534606933594, 56.41327667236328]"
2014-03-02,2014-03-08,1408.0,5776,3485.0,"[9, 7, 4, 6, 6, 9, 12]","[0, 0, 0, 0, 0, 0, 1]","[0.0, 0.0, 0.3, 0.03744117959014753, 0.2633910640437423, 0.0, 0.0]","[54, 33, 31, 34, 36, 43, 77]","[53.4376220703125, 45.362701416015625, 26.274141311645508, 35.46980667114258, 34.403438568115234, 51.9786376953125, 77.19261169433594]"
2014-03-03,2014-03-09,1070.0,6265,3780.0,"[0, 0, 0, 6, 5, 12, 0]","[7, 4, 5, 0, 3, 0, 8]","[0.03858580389130027, 0.3, 0.03679620564475839, 0.27919424167042756, 0.0, 0.3, 0.0]","[33, 31, 34, 36, 43, 77, 55]","[48.569400787353516, 30.582618713378906, 37.64934539794922, 37.833011627197266, 54.04053497314453, 75.51815032958984, 59.7315559387207]"
2014-03-04,2014-03-10,1169.0,5453,3015.0,"[4, 5, 0, 0, 12, 10, 0]","[0, 0, 5, 7, 0, 0, 1]","[0.0, 0.0004978256826645264, 0.03836752238333449, 0.3, 0.009566381507134925, 0.3, 0.3]","[31, 34, 36, 43, 77, 55, 35]","[21.91457176208496, 29.559709548950195, 34.94878005981445, 50.43585205078125, 74.1316909790039, 58.43972396850586, 35.99429702758789]"
2014-03-05,2014-03-11,1189.0,6820,3590.0,"[5, 0, 0, 0, 10, 6, 5]","[0, 6, 7, 11, 0, 0, 0]","[0.3, 0.0, 0.27279981816344345, 0.3, 0.2617110052669861, 0.0, 0.3]","[34, 36, 43, 77, 55, 35, 31]","[32.38761901855469, 39.42097473144531, 52.28091812133789, 77.69905090332031, 58.0740966796875, 35.290191650390625, 32.27482986450195]"
2014-03-06,2014-03-12,844.0,4975,3605.0,"[0, 0, 20, 9, 0, 5, 0]","[0, 8, 0, 0, 5, 0, 5]","[0.3, 0.040180432479679486, 0.0, 0.0, 0.004584406723830085, 0.0, 0.0010133722440013627]","[36, 43, 77, 55, 35, 31, 35]","[39.0047492980957, 53.770442962646484, 74.89495849609375, 56.92020797729492, 33.06032180786133, 31.020835876464844, 35.99923324584961]"
2014-03-07,2014-03-13,1110.0,5807,3235.0,"[5, 0, 9, 0, 5, 0, 6]","[3, 11, 1, 0, 0, 5, 0]","[0.3, 0.0, 0.3, 0.3, 0.0, 0.038224560765635705, 0.3]","[43, 77, 55, 35, 31, 35, 38]","[51.81184005737305, 79.09432983398438, 59.3845329284668, 35.34699630737305, 32.82828903198242, 35.462890625, 37.929847717285156]"
2014-03-08,2014-03-14,690.0,6340,4170.0,"[4, 10, 19, 0, 0, 5, 8]","[7, 0, 0, 4, 5, 0, 0]","[0.2845049245527974, 0.0, 0.017015317109441163, 0.0, 0.03956673212589377, 0.3, 0.29904928596543323]","[77, 55, 35, 31, 35, 38, 63]","[73.33448791503906, 59.47260284423828, 33.59278106689453, 31.30721664428711, 34.48478317260742, 34.60219192504883, 46.23174285888672]"
2014-03-09,2014-03-15,986.0,5364,2600.0,"[10, 6, 5, 0, 6, 0, 14]","[0, 0, 0, 0, 0, 0, 0]","[0.3, 0.3, 0.0, 0.0, 0.0, 0.29992177385051716, 0.3]","[55, 35, 31, 35, 38, 63, 94]","[62.0199089050293, 33.56538772583008, 28.349266052246094, 34.77278137207031, 34.41366958618164, 48.49717330932617, 85.82816314697266]"
2014-03-10,2014-03-16,1430.0,6714,4075.0,"[6, 0, 0, 6, 0, 0, 0]","[0, 5, 5, 0, 7, 12, 9]","[0.3, 0.0, 0.3, 0.3, 0.0, 0.036654679497498316, 0.0]","[35, 31, 35, 38, 63, 94, 70]","[34.4652099609375, 32.28608322143555, 36.422386169433594, 37.22990036010742, 47.25554656982422, 84.73503112792969, 63.92591094970703]"
2014-03-11,2014-03-17,1890.0,6327,3765.0,"[5, 6, 6, 8, 14, 0, 0]","[0, 0, 0, 0, 0, 9, 6]","[0.3, 0.0, 0.0, 0.0, 0.0, 0.03560286223432342, 0.0]","[31, 35, 38, 63, 94, 70, 42]","[30.30943489074707, 34.27192306518555, 35.2947998046875, 47.33769607543945, 85.21868896484375, 63.37147521972656, 40.02690887451172]"
2014-03-12,2014-03-18,1329.0,5701,3405.0,"[0, 0, 0, 14, 0, 0, 7]","[5, 0, 6, 0, 9, 5, 0]","[0.0, 0.0, 0.0, 0.0, 0.00033501124911333426, 0.28562911498974614, 0.3]","[35, 38, 63, 94, 70, 42, 36]","[36.66566467285156, 33.95884323120117, 45.51179885864258, 86.56167602539062, 65.72261810302734, 39.11886215209961, 42.08784103393555]"
2014-03-13,2014-03-19,1786.0,7068,3930.0,"[3, 8, 0, 3, 6, 7, 8]","[2, 0, 12, 7, 0, 0, 0]","[0.16788475630359506, 0.3, 0.0, 0.3, 0.0, 0.0, 0.0]","[38, 63, 94, 70, 42, 36, 46]","[34.746036529541016, 48.131797790527344, 87.3714599609375, 66.74653625488281, 37.6436882019043, 42.50627899169922, 46.66620635986328]"
2014-03-14,2014-03-20,1646.0,5754,3625.0,"[8, 0, 10, 6, 0, 8, 0]","[0, 12, 0, 0, 0, 0, 7]","[0.039596944478980295, 0.0, 0.0, 0.0, 0.0, 0.0, 0.013704448531407306]","[63, 94, 70, 42, 36, 46, 43]","[46.682464599609375, 83.25248718261719, 62.715965270996094, 38.25768280029297, 42.86310577392578, 47.113529205322266, 50.38931655883789]"
2014-03-15,2014-03-21,1911.0,7881,4480.0,"[15, 12, 2, 7, 8, 0, 0]","[0, 0, 4, 0, 0, 7, 9]","[0.0, 0.1758404690619155, 0.0, 0.0, 0.3, 0.16260657237208842, 0.3]","[94, 70, 42, 36, 46, 43, 59]","[88.62985229492188, 70.51171112060547, 40.418670654296875, 42.059669494628906, 48.02460861206055, 50.53386688232422, 65.31243896484375]"
2014-03-16,2014-03-22,1669.0,7648,4770.0,"[4, 3, 6, 8, 4, 5, 6]","[8, 4, 1, 0, 4, 5, 7]","[0.16686485935134104, 0.07352365818510115, 0.12878771531227454, 0.12338373708863075, 0.12590659432544515, 0.13295511501697144, 0.10811110500378229]","[70, 42, 36, 46, 43, 59, 93]","[69.28192138671875, 37.658111572265625, 41.74903106689453, 47.01772689819336, 50.53444290161133, 64.38118743896484, 95.65742492675781]"
2014-03-17,2014-03-23,2013.0,7325,4300.0,"[6, 0, 6, 0, 11, 16, 12]","[0, 6, 0, 6, 0, 0, 0]","[0.060463272027339886, 0.0, 0.3, 0.3, 0.0, 0.04035775743144603, 0.035737415458767775]","[42, 36, 46, 43, 59, 93, 68]","[36.86532974243164, 42.710845947265625, 45.32319641113281, 51.0230827331543, 63.49185562133789, 98.12837982177734, 73.1512680053711]"
2014-03-18,2014-03-24,1779.0,7848,4515.0,"[0, 8, 1, 11, 16, 12, 0]","[6, 0, 7, 0, 0, 0, 5]","[0.035813059493617704, 0.0, 0.0, 0.3, 0.0, 0.3, 0.3]","[36, 46, 43, 59, 93, 68, 38]","[44.368221282958984, 45.68219757080078, 53.937713623046875, 65.81956481933594, 96.87750244140625, 73.8025894165039, 37.450103759765625]"
2014-03-19,2014-03-25,1679.0,6436,4190.0,"[8, 0, 11, 0, 0, 0, 0]","[0, 7, 0, 14, 10, 0, 6]","[0.0, 0.0, 0.11724802046195174, 0.0, 0.0, 0.0, 0.0013295234023688429]","[46, 43, 59, 93, 68, 38, 46]","[45.773048400878906, 51.834693908691406, 63.82168960571289, 99.65496063232422, 73.34591674804688, 38.14230728149414, 40.749725341796875]"
2014-03-20,2014-03-26,1620.0,6916,4095.0,"[8, 7, 0, 10, 1, 0, 2]","[0, 3, 14, 2, 5, 5, 0]","[0.0, 0.3, 0.0, 0.0, 0.3, 0.11766645824301022, 0.0]","[43, 59, 93, 68, 38, 46, 47]","[50.33428955078125, 64.58943176269531, 98.80569458007812, 71.4590072631836, 40.31356430053711, 38.52810287475586, 49.05784606933594]"
2014-03-21,2014-03-27,2122.0,8016,4300.0,"[0, 16, 12, 3, 6, 8, 8]","[9, 0, 0, 3, 0, 0, 0]","[0.0, 0.0, 0.0, 0.3, 0.3, 0.3, 0.3]","[59, 93, 68, 38, 46, 47, 54]","[60.85184860229492, 94.996337890625, 70.3617935180664, 36.62752151489258, 37.54163360595703, 46.301761627197266, 49.29208755493164]"
2014-03-22,2014-03-28,2300.0,7429,4255.0,"[16, 11, 6, 6, 0, 0, 11]","[0, 0, 0, 0, 6, 7, 0]","[0.0, 0.0, 0.0, 0.0, 0.0, 0.04015251104822911, 0.3]","[93, 68, 38, 46, 47, 54, 69]","[96.15867614746094, 68.0173568725586, 35.63945007324219, 36.21217727661133, 45.949913024902344, 48.798728942871094, 69.42337799072266]"
2014-03-23,2014-03-29,1684.0,7588,3985.0,"[7, 3, 0, 6, 7, 7, 10]","[4, 2, 0, 1, 0, 4, 5]","[0.3, 0.21275270990802433, 0.3, 0.037475021869026265, 0.3, 0.0, 0.283284235015584]","[68, 38, 46, 47, 54, 69, 98]","[70.52706146240234, 36.97895431518555, 36.821685791015625, 45.8006477355957, 46.29446792602539, 70.28514099121094, 97.9376220703125]"
2014-03-24,2014-03-30,1957.0,7205,4110.0,"[7, 0, 8, 7, 12, 16, 0]","[0, 0, 0, 0, 0, 0, 10]","[0.0, 0.0, 0.07127457891762788, 0.21185059703015935, 0.3, 0.0361076007681727, 0.0]","[38, 46, 47, 54, 69, 98, 68]","[39.771820068359375, 36.35710144042969, 45.36695098876953, 44.6508674621582, 71.93660736083984, 96.36843872070312, 70.80071258544922]"
2014-03-25,2014-03-31,2017.0,7266,4080.0,"[6, 8, 8, 0, 0, 12, 0]","[0, 0, 0, 10, 14, 0, 0]","[0.3, 0.0, 0.03881059814179776, 0.3, 0.0, 0.0, 0.0]","[46, 47, 54, 69, 98, 68, 50]","[36.37596893310547, 47.394264221191406, 46.504638671875, 68.64307403564453, 95.71369171142578, 70.09002685546875, 43.02010726928711]"
2014-03-26,2014-04-01,2130.0,8373,4590.0,"[0, 0, 4, 16, 0, 6, 7]","[7, 7, 7, 0, 10, 0, 0]","[0.12909644229576947, 0.3, 0.1732859977391812, 0.0, 0.2565547650889679, 0.0, 0.3]","[47, 54, 69, 98, 68, 50, 39]","[47.103214263916016, 49.461021423339844, 72.21527862548828, 98.9788818359375, 71.97626495361328, 39.3699836730957, 44.77935028076172]"
2014-03-27,2014-04-02,2334.0,7872,4530.0,"[0, 9, 16, 9, 0, 0, 8]","[7, 2, 0, 2, 6, 6, 0]","[0.3, 0.0, 0.0, 0.00584339037226773, 0.0, 0.29999859527511386, 0.0]","[54, 69, 98, 68, 50, 39, 46]","[48.0380973815918, 69.59771728515625, 97.87872314453125, 67.75638580322266, 40.31968307495117, 43.69112014770508, 46.37114334106445]"
2014-03-28,2014-04-03,2040.0,7614,3860.0,"[0, 14, 11, 7, 7, 8, 0]","[10, 2, 0, 0, 0, 0, 0]","[0.10759093362471728, 0.3, 0.0, 0.3, 0.21182142582102065, 0.0, 0.3]","[69, 98, 68, 50, 39, 46, 43]","[72.14218139648438, 98.32157897949219, 66.7939682006836, 40.66243362426758, 43.79001235961914, 49.51935577392578, 52.439247131347656]"
2014-03-29,2014-04-04,1846.0,8026,4650.0,"[19, 11, 7, 0, 8, 9, 0]","[0, 0, 0, 7, 0, 0, 8]","[0.3, 0.1232715315959465, 0.003924875968905962, 0.0, 0.03681302132036924, 0.3, 0.0]","[98, 68, 50, 39, 46, 43, 55]","[100.0869369506836, 67.56958770751953, 41.09345626831055, 46.21078109741211, 49.92485046386719, 54.3162956237793, 60.84001159667969]"
2014-03-30,2014-04-05,1477.0,6882,3990.0,"[0, 7, 0, 0, 5, 10, 15]","[10, 0, 6, 0, 3, 0, 0]","[0.0, 0.3, 0.3, 0.0, 0.0, 0.2991681662521009, 0.0]","[68, 50, 39, 46, 43, 55, 94]","[68.47352600097656, 42.250999450683594, 43.20338439941406, 48.197784423828125, 52.06550598144531, 61.223228454589844, 90.42487335205078]"
2014-03-31,2014-04-06,2020.0,7566,4455.0,"[7, 7, 0, 9, 10, 14, 12]","[0, 0, 7, 0, 0, 1, 0]","[0.3, 0.0, 0.0, 0.0, 0.3, 0.0, 0.0]","[50, 39, 46, 43, 55, 94, 75]","[40.387474060058594, 44.515472412109375, 49.402339935302734, 53.00383377075195, 59.39659118652344, 89.89533233642578, 72.58284759521484]"
2014-04-01,2014-04-07,1766.0,8244,4530.0,"[7, 8, 9, 0, 0, 12, 7]","[0, 0, 0, 9, 13, 0, 0]","[0.3, 0.3, 0.3, 0.0, 0.3, 0.0, 0.0]","[39, 46, 43, 55, 94, 75, 39]","[44.4848747253418, 49.27580642700195, 53.844303131103516, 61.51637649536133, 90.24551391601562, 69.88468933105469, 43.26346206665039]"
2014-04-02,2014-04-08,1667.0,6282,3900.0,"[0, 0, 0, 3, 3, 0, 6]","[6, 7, 8, 11, 7, 0, 0]","[0.0, 0.0, 0.0, 0.0, 0.0, 0.3, 0.3]","[46, 43, 55, 94, 75, 39, 43]","[45.52777099609375, 51.46561050415039, 59.12329864501953, 92.28723907470703, 69.85981750488281, 40.863380432128906, 37.917266845703125]"
2014-04-03,2014-04-09,1858.0,8082,4190.0,"[0, 0, 6, 11, 7, 6, 7]","[7, 8, 8, 0, 0, 0, 0]","[0.01969002765874352, 0.0, 0.3, 0.2821902344301678, 0.3, 0.0, 0.3]","[43, 55, 94, 75, 39, 43, 43]","[52.50647735595703, 59.189998626708984, 90.2992935180664, 67.80712890625, 43.28630065917969, 38.539329528808594, 41.962284088134766]"
2014-04-04,2014-04-10,1308.0,7609,5055.0,"[5, 8, 7, 7, 6, 5, 7]","[8, 6, 4, 4, 0, 2, 3]","[0.0696508444968319, 0.17064359869007306, 0.17369004565929091, 0.13026783432316152, 0.046996253645560905, 0.12202946533278289, 0.10663082667788099]","[55, 94, 75, 39, 43, 43, 44]","[55.817108154296875, 89.84884643554688, 69.03021240234375, 42.86091232299805, 37.41787338256836, 42.42019271850586, 43.465118408203125]"
2014-04-05,2014-04-11,1864.0,7758,4535.0,"[0, 12, 0, 0, 0, 8, 0]","[13, 0, 6, 5, 6, 0, 9]","[0.003356668081877373, 0.3, 0.0, 0.005221514420818053, 0.0, 0.0, 0.3]","[94, 75, 39, 43, 43, 44, 64]","[91.2997055053711, 70.85137939453125, 45.67190170288086, 38.49266052246094, 42.784873962402344, 46.14077377319336, 63.17213821411133]"
2014-04-06,2014-04-12,1936.0,7956,4165.0,"[11, 7, 4, 0, 7, 5, 16]","[0, 0, 0, 6, 0, 5, 0]","[0.3, 0.0, 0.3, 0.0, 0.1641819688448144, 0.017128634676145473, 0.3]","[75, 39, 43, 43, 44, 64, 99]","[66.74259185791016, 41.965972900390625, 39.29334259033203, 41.78136444091797, 43.46538162231445, 63.01927947998047, 98.72488403320312]"
2014-04-07,2014-04-13,2001.0,7644,4570.0,"[0, 0, 7, 0, 2, 17, 12]","[6, 5, 0, 6, 8, 0, 0]","[0.0, 0.3, 0.16413140382761604, 0.3, 0.0, 0.0, 0.0]","[39, 43, 43, 44, 64, 99, 71]","[44.30493927001953, 39.388580322265625, 41.599300384521484, 46.06539535522461, 65.54769897460938, 99.77434539794922, 72.85555267333984]"
2014-04-08,2014-04-14,2292.0,7674,4390.0,"[5, 0, 7, 11, 0, 12, 7]","[1, 6, 0, 0, 14, 0, 0]","[0.0, 0.3, 0.00016744771395145295, 0.0, 0.17389513330334838, 0.003624677199067997, 0.0]","[43, 43, 44, 64, 99, 71, 47]","[37.42579650878906, 41.34624481201172, 43.75777816772461, 65.3316421508789, 101.9555435180664, 72.4825668334961, 40.21926498413086]"
2014-04-09,2014-04-15,2189.0,6714,3790.0,"[7, 7, 0, 17, 12, 0, 7]","[0, 0, 9, 0, 0, 0, 0]","[0.3, 0.0, 0.0, 0.0, 0.0, 0.3, 0.0]","[43, 44, 64, 99, 71, 47, 56]","[44.13193893432617, 45.00717544555664, 65.60185241699219, 101.76332092285156, 74.22315216064453, 46.23298263549805, 43.80497741699219]"
2014-04-10,2014-04-16,2149.0,8814,4580.0,"[8, 10, 0, 10, 7, 0, 9]","[0, 0, 14, 2, 0, 6, 0]","[0.0, 0.3, 0.3, 0.0, 0.3, 0.3, 4.085435971546586e-06]","[44, 64, 99, 71, 47, 56, 52]","[45.69664764404297, 62.26926803588867, 100.00142669677734, 73.61909484863281, 41.83548355102539, 43.21510314941406, 54.02943420410156]"
2014-04-11,2014-04-17,2620.0,8405,4700.0,"[0, 9, 12, 7, 8, 9, 9]","[9, 7, 0, 0, 0, 0, 0]","[0.0, 0.0, 0.03560111237185658, 0.0, 0.3, 0.0, 0.3]","[64, 99, 71, 47, 56, 52, 64]","[66.69448852539062, 101.36817932128906, 71.51514434814453, 43.29396438598633, 46.636619567871094, 52.141910552978516, 54.21351623535156]"
2014-04-12,2014-04-18,2573.0,8786,4735.0,"[15, 0, 7, 8, 9, 0, 4]","[1, 10, 0, 0, 0, 7, 6]","[0.03838554365735335, 0.2851407892517294, 0.3, 0.3, 0.07740626511229004, 0.040717217188069414, 0.03544840961237323]","[99, 71, 47, 56, 52, 64, 98]","[100.59161376953125, 71.80890655517578, 44.51591873168945, 46.02371597290039, 52.6186637878418, 55.13589859008789, 69.58845520019531]"
2014-04-13,2014-04-19,2321.0,9600,4780.0,"[3, 7, 7, 9, 9, 11, 10]","[8, 0, 0, 0, 0, 0, 6]","[0.0, 0.3, 0.3, 0.3, 0.03512137681598219, 0.3, 0.3]","[71, 47, 56, 52, 64, 98, 115]","[76.27513122558594, 41.32767868041992, 43.85580825805664, 52.841163635253906, 53.33491516113281, 66.54154968261719, 103.67110443115234]"
2014-04-14,2014-04-20,911.0,6852,4060.0,"[0, 7, 9, 0, 7, 17, 6]","[0, 0, 0, 7, 4, 0, 2]","[0.0, 0.3, 0.0, 0.0, 0.3, 0.2782926408824653, 0.3]","[47, 56, 52, 64, 98, 115, 0]","[41.67353057861328, 43.99884796142578, 53.50994873046875, 52.53969955444336, 70.06795501708984, 104.36419677734375, 51.83679962158203]"
2014-04-15,2014-04-21,1465.0,7608,4255.0,"[7, 8, 5, 11, 14, 7, 0]","[0, 0, 3, 0, 2, 0, 7]","[0.3, 0.0, 0.0, 0.3, 0.3, 0.0, 0.0]","[56, 52, 64, 98, 115, 0, 50]","[43.57583999633789, 50.622562408447266, 50.35138702392578, 69.09944152832031, 100.42529296875, 40.773189544677734, 53.018829345703125]"
2014-04-16,2014-04-22,1790.0,7392,4530.0,"[9, 10, 0, 12, 6, 9, 8]","[0, 0, 10, 4, 0, 0, 0]","[0.3, 0.0, 0.0, 0.0, 0.3, 0.0, 0.2835720640926289]","[52, 64, 98, 115, 0, 50, 50]","[55.16884994506836, 55.80036544799805, 68.4831314086914, 102.68397521972656, 38.8597297668457, 50.300262451171875, 47.549129486083984]"
2014-04-17,2014-04-23,1549.0,7446,4430.0,"[9, 11, 0, 6, 0, 8, 9]","[0, 0, 14, 0, 7, 0, 0]","[0.0, 0.0, 0.3, 0.3, 0.3, 0.039780715302988365, 0.0]","[64, 98, 115, 0, 50, 50, 47]","[55.0921745300293, 68.37102508544922, 101.56185150146484, 39.1672248840332, 47.65706253051758, 47.853294372558594, 52.017635345458984]"
2014-04-18,2014-04-24,1518.0,7696,4845.0,"[7, 13, 8, 5, 3, 3, 8]","[4, 4, 1, 4, 5, 4, 1]","[0.11735762704465659, 0.17246865400298175, 0.12756735942845326, 0.16299699974903364, 0.13380618446559017, 0.10738953469191027, 0.12895377649062767]","[98, 115, 0, 50, 50, 47, 61]","[70.41651916503906, 108.27102661132812, 53.40479278564453, 54.8720817565918, 47.60541534423828, 48.07673645019531, 59.30229187011719]"
2014-04-19,2014-04-25,1952.0,6864,4490.0,"[0, 0, 9, 0, 9, 10, 0]","[15, 0, 0, 7, 0, 0, 10]","[0.0, 0.08422432944602165, 0.0, 0.0, 0.0, 0.04063288412245771, 0.0]","[115, 0, 50, 50, 47, 61, 67]","[104.21479034423828, 38.12809371948242, 52.16371536254883, 47.74699401855469, 52.541019439697266, 62.594547271728516, 73.03146362304688]"
2014-04-20,2014-04-26,1320.0,7026,4805.0,"[0, 9, 8, 9, 10, 0, 9]","[5, 0, 0, 0, 0, 11, 6]","[0.3, 0.0, 0.0, 0.0, 0.0, 0.3, 0.0]","[0, 50, 50, 47, 61, 67, 103]","[36.57102584838867, 52.660736083984375, 47.71420669555664, 52.39012145996094, 61.926124572753906, 75.56549072265625, 97.18777465820312]"
2014-04-21,2014-04-27,2324.0,8450,4665.0,"[9, 0, 8, 1, 12, 12, 10]","[0, 6, 0, 7, 0, 3, 0]","[0.03471429105744964, 0.0, 0.0, 0.0, 0.3, 0.12363512024450657, 0.3]","[50, 50, 47, 61, 67, 103, 67]","[54.85538101196289, 45.92564392089844, 50.76218795776367, 57.38705825805664, 72.02919006347656, 95.29158782958984, 59.22318649291992]"
2014-04-22,2014-04-28,2016.0,7482,4275.0,"[8, 8, 0, 1, 12, 0, 0]","[0, 0, 9, 9, 3, 9, 0]","[0.0, 0.3, 0.0, 0.0, 0.0, 0.3, 0.0]","[50, 47, 61, 67, 103, 67, 42]","[46.833133697509766, 47.90119171142578, 61.45927047729492, 71.26116180419922, 94.2896957397461, 62.35233688354492, 41.30535888671875]"
2014-04-23,2014-04-29,2291.0,7542,4430.0,"[8, 1, 13, 16, 10, 6, 7]","[0, 8, 0, 0, 0, 0, 0]","[0.003915673239783091, 0.0, 0.0, 0.0, 0.3, 0.0, 0.0]","[47, 61, 67, 103, 67, 42, 32]","[50.290122985839844, 60.17941665649414, 76.13386535644531, 97.10306549072266, 62.907005310058594, 38.42892074584961, 41.83578109741211]"
2014-04-24,2014-04-30,2218.0,8381,4390.0,"[10, 12, 10, 3, 7, 0, 6]","[0, 0, 5, 6, 0, 6, 0]","[0.3, 0.3, 0.03511696680853951, 0.03825696324049347, 0.0, 0.3, 0.3]","[61, 67, 103, 67, 42, 32, 44]","[61.41571807861328, 71.64620208740234, 94.79025268554688, 60.871891021728516, 41.74753952026367, 41.278221130371094, 37.961387634277344]"
2014-04-25,2014-05-01,1561.0,6923,4200.0,"[0, 20, 10, 7, 7, 0, 0]","[10, 0, 0, 0, 0, 0, 8]","[0.2881737493234627, 0.0, 0.03608351571349662, 0.0, 0.0, 0.2987745444075094, 0.3]","[67, 103, 67, 42, 32, 44, 44]","[71.94132995605469, 97.82698822021484, 60.66444778442383, 40.49571228027344, 41.53351974487305, 38.14724349975586, 55.98044967651367]"
2014-04-26,2014-05-02,1703.0,8397,4280.0,"[16, 10, 0, 0, 6, 9, 11]","[0, 0, 6, 6, 0, 0, 0]","[0.3, 0.28090140206044206, 0.3, 0.3, 0.3, 0.0, 0.16796266013926728]","[103, 67, 42, 32, 44, 44, 61]","[97.50164794921875, 59.07041549682617, 41.43299102783203, 42.22962188720703, 39.1512451171875, 55.23324203491211, 64.87818908691406]"
2014-04-27,2014-05-03,1513.0,7702,4805.0,"[5, 3, 3, 2, 3, 7, 11]","[5, 3, 4, 7, 5, 3, 4]","[0.13486903595526925, 0.21051489499588766, 0.03984347135388726, 0.1694920569247396, 0.13032479570430547, 0.16449700458754163, 0.17163255195123725]","[67, 42, 32, 44, 44, 61, 90]","[63.087921142578125, 42.68701934814453, 41.98215866088867, 40.135189056396484, 53.53630065917969, 63.10700607299805, 96.3679428100586]"
2014-04-28,2014-05-04,1639.0,7050,4635.0,"[0, 7, 0, 0, 8, 16, 0]","[6, 0, 6, 8, 2, 0, 9]","[0.17602074720041253, 0.3, 0.0, 0.0, 0.0, 0.0, 0.0]","[42, 32, 44, 44, 61, 90, 64]","[42.0179443359375, 41.70935821533203, 39.79084014892578, 53.89165496826172, 61.82545852661133, 96.69519805908203, 64.94154357910156]"
2014-04-29,2014-05-05,1424.0,7740,4450.0,"[0, 6, 0, 11, 0, 11, 6]","[6, 0, 8, 0, 14, 0, 0]","[0.0, 0.0, 0.3, 0.3, 0.0, 0.3, 0.3]","[32, 44, 44, 61, 90, 64, 35]","[40.86640548706055, 38.64055252075195, 56.348323822021484, 63.74513626098633, 95.94657897949219, 64.00241088867188, 39.624122619628906]"
2014-04-30,2014-05-06,1863.0,7356,4300.0,"[7, 9, 0, 0, 11, 6, 6]","[0, 0, 9, 14, 0, 0, 0]","[0.03898208313113956, 0.16379344239985277, 0.005241204107073932, 0.3, 0.0, 0.0044810431724831064, 0.0]","[44, 44, 61, 90, 64, 35, 33]","[38.373043060302734, 55.519588470458984, 63.9280891418457, 95.73226928710938, 64.72747039794922, 39.72840881347656, 35.30577850341797]"
2014-05-01,2014-05-07,1558.0,5676,3360.0,"[9, 0, 16, 0, 0, 0, 6]","[0, 9, 0, 9, 0, 0, 0]","[0.03498952960713926, 0.04000516429052422, 0.0003167506392559973, 0.0374587564574118, 0.29165840502856827, 0.3, 0.2996609340685475]","[44, 61, 90, 64, 35, 33, 36]","[52.54631423950195, 64.7069320678711, 96.59979248046875, 64.54096984863281, 39.78270721435547, 38.317298889160156, 38.433082580566406]"
2014-05-02,2014-05-08,1787.0,6174,3490.0,"[10, 16, 0, 6, 6, 0, 7]","[0, 0, 9, 0, 0, 0, 0]","[0.3, 0.0, 0.0, 0.0, 0.0, 0.0, 0.0]","[61, 90, 64, 35, 33, 36, 45]","[59.937625885009766, 96.9819564819336, 65.1549072265625, 36.18100357055664, 35.7096061706543, 39.64350891113281, 43.750484466552734]"
2014-05-03,2014-05-09,1796.0,7083,4300.0,"[4, 0, 0, 6, 6, 0, 11]","[10, 9, 6, 0, 0, 6, 0]","[0.03491748303125201, 0.03786786035823614, 0.0, 0.0, 0.3, 0.3, 0.0]","[90, 64, 35, 33, 36, 45, 60]","[95.76990509033203, 66.5289535522461, 39.60352325439453, 36.56512451171875, 36.71268081665039, 45.07268142700195, 67.6525650024414]"
2014-05-04,2014-05-10,1322.0,7173,4905.0,"[3, 5, 4, 3, 3, 9, 14]","[7, 1, 2, 3, 4, 6, 3]","[0.11358082899234109, 0.08611986436941235, 0.1323333638259311, 0.1333602536608588, 0.11563140409763226, 0.12564145891632922, 0.036000679229791034]","[64, 35, 33, 36, 45, 60, 92]","[64.74431610107422, 39.190834045410156, 35.86000061035156, 36.359127044677734, 44.7462158203125, 65.10089874267578, 95.56146240234375]"
2014-05-05,2014-05-11,1718.0,7425,4445.0,"[6, 6, 0, 0, 0, 5, 12]","[0, 0, 5, 7, 9, 9, 0]","[0.0, 0.0034670063435622775, 0.0, 0.27572853363276173, 0.3, 0.0, 0.10639438493718001]","[35, 33, 36, 45, 60, 92, 76]","[38.75413131713867, 36.62262725830078, 38.4024772644043, 45.960784912109375, 64.9942398071289, 96.0479736328125, 69.8666000366211]"
2014-05-06,2014-05-12,1264.0,7827,4965.0,"[6, 0, 7, 0, 10, 20, 0]","[0, 5, 0, 9, 5, 0, 7]","[0.21311868768792094, 0.17290485901973918, 0.3, 0.008982227898691256, 0.3, 0.0, 0.0]","[33, 36, 45, 60, 92, 76, 39]","[34.67522430419922, 36.344078063964844, 44.978416442871094, 64.7606201171875, 94.81088256835938, 70.81974792480469, 47.37390899658203]"
2014-05-07,2014-05-13,2277.0,7009,4270.0,"[0, 7, 0, 16, 12, 8, 7]","[5, 0, 9, 0, 0, 0, 0]","[0.04021093908378734, 0.08137773637371419, 0.0, 0.0375705671331778, 0.009662715284540968, 0.0, 0.0]","[36, 45, 60, 92, 76, 39, 40]","[35.336090087890625, 45.203739166259766, 67.23107147216797, 95.53046417236328, 71.10384368896484, 47.00249481201172, 43.969120025634766]"
2014-05-08,2014-05-14,1999.0,7145,4440.0,"[0, 11, 16, 4, 8, 0, 0]","[6, 0, 0, 6, 0, 6, 6]","[0.0, 0.04016366947208257, 0.0, 0.0, 0.0, 0.08533627864587592, 0.28492373894144957]","[45, 60, 92, 76, 39, 40, 41]","[43.92205047607422, 64.84020233154297, 95.37708282470703, 68.9486083984375, 46.838321685791016, 45.415584564208984, 46.70758819580078]"
2014-05-09,2014-05-15,2078.0,7434,4520.0,"[11, 16, 0, 0, 8, 7, 0]","[0, 0, 10, 7, 0, 0, 6]","[0.3, 0.03885236464150314, 0.03823821000505067, 0.0, 0.0, 0.0, 0.0]","[60, 92, 76, 39, 40, 41, 53]","[63.430137634277344, 93.69207763671875, 68.03300476074219, 46.515926361083984, 45.673927307128906, 44.85818862915039, 46.025577545166016]"
2014-05-10,2014-05-16,1385.0,8052,4085.0,"[0, 0, 8, 0, 7, 7, 0]","[13, 10, 0, 0, 0, 0, 9]","[0.3, 0.3, 0.3, 0.0, 0.3, 0.0, 0.3]","[92, 76, 39, 40, 41, 53, 63]","[94.1180419921875, 71.04273223876953, 47.052799224853516, 43.996089935302734, 45.310672760009766, 45.54536056518555, 67.83699035644531]"
2014-05-11,2014-05-17,1244.0,8138,5315.0,"[7, 6, 6, 3, 7, 9, 8]","[4, 2, 1, 4, 1, 7, 8]","[0.23247538475370094, 0.1144409679415312, 0.16642439681995708, 0.1308223924620574, 0.1740747582672809, 0.13046657551735966, 0.16476281650579722]","[76, 39, 40, 41, 53, 63, 89]","[69.37108612060547, 44.370670318603516, 44.69450378417969, 45.11569595336914, 46.20110321044922, 69.64497375488281, 103.80184936523438]"
2014-05-12,2014-05-18,1571.0,7857,5105.0,"[2, 6, 6, 5, 8, 10, 5]","[5, 1, 1, 3, 5, 6, 7]","[0.22221460916188013, 0.07111870886615757, 0.19253777146164908, 0.10675741927595869, 0.085507913020989, 0.038319479394939515, 0.166618363135351]","[39, 40, 41, 53, 63, 89, 70]","[48.55573654174805, 43.121124267578125, 44.4667854309082, 45.04429244995117, 69.28548431396484, 102.97765350341797, 78.25579833984375]"
2014-05-13,2014-05-19,1741.0,8610,4780.0,"[7, 7, 8, 12, 0, 13, 9]","[0, 0, 0, 0, 15, 0, 0]","[0.0, 0.3, 0.3, 0.3, 0.3, 0.0, 0.0]","[40, 41, 53, 63, 89, 70, 47]","[44.967960357666016, 44.76085662841797, 45.958404541015625, 70.04580688476562, 105.26620483398438, 78.83654022216797, 53.8856315612793]"
2014-05-14,2014-05-20,1763.0,8270,4955.0,"[4, 8, 12, 0, 13, 0, 9]","[3, 0, 0, 15, 0, 7, 0]","[0.29961292865269185, 0.1743396567055633, 0.0016154531906938444, 0.0, 0.3, 0.24840089500377813, 0.0003755102806540214]","[41, 53, 63, 89, 70, 47, 46]","[42.37363052368164, 47.17913055419922, 70.27094268798828, 102.4925537109375, 78.3497085571289, 51.65947723388672, 55.05698776245117]"
2014-05-15,2014-05-21,2064.0,8350,4890.0,"[8, 10, 15, 13, 0, 0, 0]","[0, 1, 2, 0, 7, 7, 7]","[0.3, 0.0010977825284163635, 0.0, 0.036727094770530475, 0.3, 0.0, 0.3]","[53, 63, 89, 70, 47, 46, 52]","[46.995994567871094, 69.36123657226562, 105.49481201171875, 80.71388244628906, 49.28419494628906, 50.67106246948242, 50.08517837524414]"
2014-05-16,2014-05-22,1966.0,8301,5230.0,"[8, 7, 7, 6, 6, 6, 9]","[3, 8, 5, 3, 3, 3, 1]","[0.03655113905502935, 0.06460577732626135, 0.11900455766134901, 0.2173882347971577, 0.015496557279540949, 0.2135502464604081, 0.06013469473332308]","[63, 89, 70, 47, 46, 52, 53]","[69.4760971069336, 103.53562927246094, 79.14949035644531, 53.68674850463867, 54.32854461669922, 54.55446243286133, 63.528621673583984]"
2014-05-17,2014-05-23,1843.0,8038,5450.0,"[16, 19, 0, 0, 9, 10, 13]","[1, 0, 7, 7, 0, 0, 0]","[0.002838298182505474, 0.0, 0.0, 0.0, 0.03851382865755344, 0.3, 0.0]","[89, 70, 47, 46, 52, 53, 69]","[102.23242950439453, 74.92158508300781, 51.93673324584961, 52.242332458496094, 50.403907775878906, 60.017669677734375, 79.95693969726562]"
2014-05-18,2014-05-24,3448.0,10961,7160.0,"[12, 8, 9, 0, 0, 12, 20]","[0, 0, 0, 7, 9, 0, 20]","[0.0, 0.0, 0.0, 0.16466463126902858, 0.03539604504004466, 0.0356613764248347, 0.0]","[70, 47, 46, 52, 53, 69, 373]","[71.03427124023438, 49.60525131225586, 52.332252502441406, 49.208831787109375, 60.196041107177734, 73.33228302001953, 400.22930908203125]"
2014-05-19,2014-05-25,4106.0,15072,10260.0,"[20, 8, 9, 0, 0, 20, 20]","[0, 0, 0, 8, 10, 20, 20]","[0.0, 0.3, 0.03891639234621942, 0.29849063222728295, 0.0, 0.0, 0.039903554198012184]","[47, 46, 52, 53, 69, 373, 304]","[50.155521392822266, 50.320335388183594, 51.11855697631836, 60.29232406616211, 72.43658447265625, 413.7586975097656, 312.3823547363281]"
2014-05-20,2014-05-26,6012.0,17064,11200.0,"[8, 0, 10, 12, 20, 20, 20]","[0, 0, 0, 0, 20, 20, 20]","[0.0, 0.27505635806671963, 0.0, 0.0, 0.0, 0.0, 0.0]","[46, 52, 53, 69, 373, 304, 287]","[51.039146423339844, 50.28883743286133, 60.58073425292969, 71.7315444946289, 385.756591796875, 301.5610656738281, 277.070556640625]"
2014-05-21,2014-05-27,6010.0,16544,9370.0,"[8, 10, 0, 20, 20, 20, 7]","[0, 0, 10, 20, 20, 0, 0]","[0.00048652818009667993, 0.3, 0.0, 0.03813580064018945, 0.0, 0.3, 0.0]","[52, 53, 69, 373, 304, 287, 37]","[45.24210739135742, 58.80006790161133, 74.05901336669922, 400.28778076171875, 303.6678466796875, 276.2771301269531, 41.0087890625]"
2014-05-22,2014-05-28,5838.0,15200,9010.0,"[10, 12, 0, 20, 20, 7, 0]","[0, 0, 20, 20, 20, 0, 0]","[0.3, 0.0, 0.03532076053552496, 0.0, 0.0, 0.0, 0.3]","[53, 69, 373, 304, 287, 37, 49]","[59.65789794921875, 70.1640853881836, 380.0535888671875, 290.3458557128906, 272.9211730957031, 45.29708480834961, 43.52791976928711]"
2014-05-23,2014-05-29,6946.0,18088,10240.0,"[0, 20, 20, 20, 0, 0, 8]","[10, 20, 20, 20, 6, 0, 0]","[0.3, 0.036067410763301576, 0.0, 0.03855410128625691, 0.3, 0.07946853447353425, 0.3]","[69, 373, 304, 287, 37, 49, 41]","[72.72689056396484, 397.4079895019531, 308.8110656738281, 266.9608459472656, 41.61857986450195, 45.79877471923828, 49.696170806884766]"
2014-05-24,2014-05-30,6466.0,19178,10785.0,"[20, 20, 20, 0, 0, 0, 0]","[20, 20, 20, 6, 6, 7, 8]","[0.035266205709405814, 0.3, 0.0, 0.3, 0.0, 0.0, 0.0]","[373, 304, 287, 37, 49, 41, 52]","[382.896728515625, 289.5403747558594, 273.6646728515625, 45.16510772705078, 43.708152770996094, 49.315460205078125, 57.47980880737305]"
2014-05-25,2014-05-31,3916.0,14820,8720.0,"[20, 20, 7, 7, 19, 0, 0]","[20, 20, 0, 0, 0, 0, 12]","[0.0, 0.3, 0.0, 0.0, 0.3, 0.3, 0.0010310211395706754]","[304, 287, 37, 49, 41, 52, 83]","[307.0119934082031, 277.2193603515625, 43.0586051940918, 44.02173614501953, 49.1840705871582, 59.02754211425781, 85.88553619384766]"
2014-05-26,2014-06-01,3087.0,11595,7270.0,"[20, 20, 7, 7, 9, 14, 13]","[20, 0, 0, 0, 0, 0, 0]","[0.03783666756324956, 0.038362252425826956, 0.037408562295511996, 0.0, 0.0, 0.3, 0.3]","[287, 37, 49, 41, 52, 83, 62]","[280.95526123046875, 42.094696044921875, 45.20160675048828, 43.319644927978516, 56.76200866699219, 87.51361083984375, 77.14733123779297]"
2014-05-27,2014-06-02,1355.0,7286,4595.0,"[6, 7, 8, 9, 4, 0, 9]","[1, 0, 0, 1, 9, 11, 0]","[0.0, 0.3, 0.3, 0.270524592132151, 0.0, 0.03481693089542555, 0.035665113821477565]","[37, 49, 41, 52, 83, 62, 40]","[44.75089645385742, 44.01335525512695, 49.034297943115234, 58.015045166015625, 85.79002380371094, 78.98509979248047, 53.89773178100586]"
2014-05-28,2014-06-03,1518.0,7161,4445.0,"[7, 8, 10, 0, 0, 9, 0]","[0, 0, 0, 12, 11, 0, 5]","[0.000156634421479905, 0.03912153365272658, 0.0379363343197967, 0.12277901831711888, 0.060949687841481665, 0.3, 0.3]","[49, 41, 52, 83, 62, 40, 48]","[42.459129333496094, 48.54825973510742, 58.0756950378418, 85.31564331054688, 77.38863372802734, 53.440940856933594, 38.38604736328125]"
2014-05-29,2014-06-04,1375.0,7678,4500.0,"[6, 0, 14, 0, 0, 6, 8]","[2, 8, 0, 11, 8, 0, 0]","[0.0, 0.21173720344463665, 0.3, 0.0, 0.0, 0.3, 0.3]","[41, 52, 83, 62, 40, 48, 46]","[49.57937240600586, 59.911006927490234, 84.57634735107422, 75.87177276611328, 54.08354949951172, 38.40279769897461, 49.19287109375]"
2014-05-30,2014-06-05,1591.0,6918,4530.0,"[10, 2, 13, 9, 2, 0, 7]","[0, 10, 0, 0, 4, 7, 1]","[0.3, 0.0, 0.0, 0.0, 0.0, 0.0, 0.0]","[52, 83, 62, 40, 48, 46, 45]","[59.21669006347656, 85.00541687011719, 79.65428924560547, 55.88584518432617, 40.53218078613281, 50.31416320800781, 48.205936431884766]"
2014-05-31,2014-06-06,1395.0,7952,4725.0,"[14, 0, 10, 0, 0, 0, 10]","[0, 11, 0, 6, 7, 7, 0]","[0.03664206793681826, 0.3, 0.012745325974092392, 0.3, 0.3, 0.03864079291715804, 0.3]","[83, 62, 40, 48, 46, 45, 50]","[82.4198226928711, 78.7308578491211, 58.17728805541992, 40.2525634765625, 50.64015579223633, 48.135353088378906, 60.161128997802734]"
2014-06-01,2014-06-07,1156.0,6522,3975.0,"[13, 0, 0, 6, 8, 0, 14]","[0, 8, 6, 2, 0, 1, 0]","[0.0, 0.0, 0.0, 0.3, 0.0, 0.3, 0.3]","[62, 40, 48, 46, 45, 50, 77]","[75.97997283935547, 55.10591125488281, 39.79709243774414, 49.64934158325195, 47.59759521484375, 59.75105667114258, 86.28223419189453]"
2014-06-02,2014-06-08,1218.0,7653,4540.0,"[0, 6, 3, 0, 0, 0, 10]","[8, 0, 4, 7, 8, 12, 0]","[0.0, 0.3, 0.0, 0.3, 0.03466850903632869, 0.260983286835781, 0.3]","[40, 48, 46, 45, 50, 77, 64]","[53.41132354736328, 39.160892486572266, 49.1308479309082, 46.91101837158203, 58.3292350769043, 86.3784408569336, 62.188194274902344]"
2014-06-03,2014-06-09,1821.0,6932,4070.0,"[6, 0, 8, 10, 8, 10, 7]","[0, 7, 0, 0, 5, 0, 0]","[0.004634321191532851, 0.0, 0.3, 0.035500648129337384, 0.0, 0.0, 0.3]","[48, 46, 45, 50, 77, 64, 40]","[38.482967376708984, 48.322723388671875, 47.34589767456055, 58.37913131713867, 86.08289337158203, 61.1772346496582, 43.5916633605957]"
2014-06-04,2014-06-10,1652.0,8250,4160.0,"[8, 8, 0, 7, 10, 0, 7]","[0, 0, 8, 6, 0, 6, 0]","[0.03562849456962406, 0.3, 0.3, 0.3, 0.3, 0.12404899217173575, 0.3]","[46, 45, 50, 77, 64, 40, 42]","[50.68586349487305, 48.65104293823242, 60.247894287109375, 86.67236328125, 62.18914031982422, 46.491485595703125, 40.790863037109375]"
2014-06-05,2014-06-11,1198.0,6241,3765.0,"[0, 9, 0, 0, 7, 0, 0]","[0, 1, 12, 9, 0, 5, 6]","[0.03015929887101844, 0.08153277691271954, 0.0, 0.3, 0.0, 0.039825339508149676, 0.3]","[45, 50, 77, 64, 40, 42, 46]","[47.60135269165039, 59.86328125, 85.49057006835938, 63.20668411254883, 45.193359375, 39.509788513183594, 43.14179611206055]"
2014-06-06,2014-06-12,1743.0,6699,4130.0,"[0, 14, 0, 8, 0, 7, 8]","[8, 0, 9, 0, 5, 0, 0]","[0.06314861549990085, 0.03794756921293573, 0.0, 0.13326508099738485, 0.3, 0.00263196152649505, 0.0]","[50, 77, 64, 40, 42, 46, 42]","[58.9013786315918, 87.1717300415039, 61.386634826660156, 45.491390228271484, 40.148170471191406, 43.80488967895508, 45.945823669433594]"
2014-06-07,2014-06-13,1908.0,7073,4150.0,"[11, 10, 0, 7, 7, 0, 0]","[3, 0, 6, 0, 0, 6, 8]","[0.037326810555190895, 0.0, 0.3, 0.3, 0.0, 0.040680497353589216, 0.0]","[77, 64, 40, 42, 46, 42, 58]","[85.65345001220703, 61.3047981262207, 45.6444091796875, 39.502166748046875, 43.631736755371094, 45.99135971069336, 54.886478424072266]"
2014-06-08,2014-06-14,1956.0,6876,4120.0,"[10, 0, 0, 7, 0, 7, 14]","[0, 6, 6, 0, 6, 2, 0]","[0.0, 0.3, 0.12789309901897544, 0.0, 0.0, 0.0, 0.0]","[64, 40, 42, 46, 42, 58, 82]","[58.75343322753906, 44.39291000366211, 39.59661102294922, 43.00511932373047, 46.04655838012695, 54.540828704833984, 86.86280059814453]"
