start_date,end_date,lucro_otimo,unidades,hr_cost,J,X,PR,clientes_reais,clientes_previstos
2013-07-01,2013-07-07,3236.0,9495,5705.0,"[3, 9, 2, 5, 7, 15, 15]","[0, 0, 7, 9, 6, 3, 0]","[0.0, 0.03566090841975012, 0.0, 0.0, 0.0, 0.039024145583724475, 0.16969450181917328]","[62, 70, 76, 90, 99, 119, 86]","[20.318403244018555, 55.4985237121582, 62.476322174072266, 92.60774230957031, 85.26797485351562, 110.01748657226562, 91.24520874023438]"
2013-07-02,2013-07-08,3693.0,11911,6575.0,"[10, 6, 13, 8, 3, 10, 7]","[2, 5, 1, 7, 14, 4, 3]","[0.12142575287784035, 0.10367298096215888, 0.19765678459793257, 0.1258275687245154, 0.11306492305427263, 0.16742894872535313, 0.11103353924627808]","[70, 76, 90, 99, 119, 86, 62]","[72.27051544189453, 74.95191955566406, 85.7484130859375, 95.14242553710938, 116.12265014648438, 90.86981964111328, 59.6943359375]"
2013-07-03,2013-07-09,3754.0,10584,5940.0,"[4, 13, 13, 5, 14, 10, 10]","[6, 0, 2, 12, 0, 0, 0]","[0.0, 0.0, 0.3, 0.0, 0.0, 0.03474460567014452, 0.0]","[76, 90, 99, 119, 86, 62, 63]","[67.72535705566406, 77.94231414794922, 93.44490051269531, 111.77340698242188, 87.14701843261719, 62.694217681884766, 57.331241607666016]"
2013-07-04,2013-07-10,3682.0,11732,6165.0,"[15, 8, 20, 8, 10, 0, 11]","[0, 5, 0, 6, 0, 9, 0]","[0.3, 0.035257913377330835, 0.3, 0.0, 0.00023998129033910823, 0.17549319421310128, 0.0]","[90, 99, 119, 86, 62, 63, 66]","[93.191162109375, 85.57943725585938, 110.45403289794922, 87.81136322021484, 60.91722869873047, 62.449989318847656, 65.80046081542969]"
2013-07-05,2013-07-11,3178.0,10863,6225.0,"[8, 8, 8, 6, 6, 2, 8]","[6, 9, 6, 4, 4, 7, 4]","[0.06827683443105129, 0.11645653172107194, 0.16478635285052334, 0.07875916759720367, 0.10430639461024194, 0.16500233479206503, 0.21328793012133823]","[99, 119, 86, 62, 63, 66, 64]","[86.64826965332031, 109.28217315673828, 87.63789367675781, 62.0900764465332, 62.3477897644043, 65.29430389404297, 75.19901275634766]"
2013-07-06,2013-07-12,3078.0,10546,6230.0,"[8, 6, 4, 7, 4, 7, 7]","[9, 8, 6, 3, 6, 4, 6]","[0.11621760959244394, 0.1254558484037648, 0.17051033990352504, 0.11763842363120963, 0.1065738830398375, 0.10928566936427846, 0.03742307032794985]","[119, 86, 62, 63, 66, 64, 76]","[111.22454071044922, 86.96092987060547, 65.02031707763672, 62.32533645629883, 64.56453704833984, 71.7725601196289, 83.77397918701172]"
2013-07-07,2013-07-13,2800.0,9753,6160.0,"[0, 10, 0, 11, 3, 14, 11]","[13, 0, 9, 0, 8, 0, 6]","[0.0, 0.0, 0.2712833808452887, 0.11427804420165802, 0.0, 0.0, 0.0]","[86, 62, 63, 66, 64, 76, 102]","[90.05902862548828, 62.1650505065918, 63.451881408691406, 65.56797790527344, 71.85931396484375, 84.8621597290039, 109.47354125976562]"
2013-07-08,2013-07-14,2634.0,9979,6325.0,"[6, 6, 5, 8, 9, 7, 11]","[4, 3, 5, 4, 4, 12, 3]","[0.03792239337396477, 0.1727544572757507, 0.17075565186778127, 0.10399922065254191, 0.1336957172937292, 0.0363100812234794, 0.08763566047475141]","[62, 63, 66, 64, 76, 102, 79]","[61.786624908447266, 62.852718353271484, 64.59915924072266, 73.83389282226562, 85.03343200683594, 108.8797607421875, 87.19878387451172]"
2013-07-09,2013-07-15,3212.0,9148,5640.0,"[10, 0, 12, 14, 18, 14, 10]","[0, 9, 0, 0, 0, 0, 0]","[0.0, 0.0, 0.0, 0.03585593035677351, 0.0, 0.0, 0.0]","[63, 66, 64, 76, 102, 79, 66]","[59.52096176147461, 62.29331588745117, 70.29792785644531, 83.22662353515625, 105.71088409423828, 86.94426727294922, 61.89071273803711]"
2013-07-10,2013-07-16,3141.0,10264,5690.0,"[2, 12, 14, 18, 15, 10, 11]","[7, 0, 0, 0, 0, 0, 0]","[0.3, 0.0, 0.04074332140650056, 0.3, 0.00044793900915302844, 0.0, 0.039362369040631666]","[66, 64, 76, 102, 79, 66, 77]","[63.42645263671875, 72.59130859375, 85.92431640625, 105.96812438964844, 87.73666381835938, 61.29334259033203, 65.43421936035156]"
2013-07-11,2013-07-17,2912.0,10156,5540.0,"[12, 13, 3, 13, 10, 6, 8]","[0, 0, 13, 1, 0, 4, 0]","[0.3, 0.03924243065945716, 0.0, 0.3, 0.07610638412747237, 0.0, 0.3]","[64, 76, 102, 79, 66, 77, 69]","[72.9414291381836, 84.62376403808594, 108.01044464111328, 85.15555572509766, 60.73249435424805, 63.91064453125, 49.80616760253906]"
2013-07-12,2013-07-18,2919.0,9105,5885.0,"[1, 10, 0, 10, 0, 0, 12]","[11, 7, 12, 0, 9, 7, 0]","[0.0, 0.0, 0.0, 0.03589304464373762, 0.03677137177278137, 0.0, 0.0]","[76, 102, 79, 66, 77, 69, 70]","[82.39889526367188, 107.71310424804688, 86.19872283935547, 61.334556579589844, 64.27936553955078, 50.45226287841797, 75.1146469116211]"
2013-07-13,2013-07-19,3003.0,9787,5570.0,"[17, 6, 0, 10, 0, 12, 13]","[0, 7, 9, 0, 7, 0, 0]","[0.0, 0.036739472353926, 0.0, 0.3, 0.0, 0.3, 0.00024017840784279812]","[102, 79, 66, 77, 69, 70, 73]","[105.11536407470703, 84.7093734741211, 62.10063171386719, 62.50113296508789, 48.34915542602539, 74.56302642822266, 80.71620178222656]"
2013-07-14,2013-07-20,2938.0,9931,5595.0,"[9, 9, 8, 7, 9, 12, 13]","[5, 2, 2, 1, 3, 1, 2]","[0.1688673701176689, 0.23468315887478375, 0.11809793934820492, 0.08470809745370286, 0.03913829303184497, 0.07013039498099857, 0.16503703464529412]","[79, 66, 77, 69, 70, 73, 105]","[86.39982604980469, 65.56070709228516, 63.04872512817383, 48.022464752197266, 73.99162292480469, 81.89801025390625, 104.39905548095703]"
2013-07-15,2013-07-21,2539.0,8965,4800.0,"[0, 0, 8, 12, 13, 17, 13]","[0, 9, 0, 0, 0, 0, 0]","[0.3, 0.0, 0.0, 0.0, 0.03472510329194347, 0.3, 0.3]","[66, 77, 69, 70, 73, 105, 83]","[60.33195495605469, 63.51422882080078, 46.40114974975586, 74.30213928222656, 80.99172973632812, 104.64246368408203, 79.40392303466797]"
2013-07-16,2013-07-22,3126.0,10142,5510.0,"[0, 5, 12, 10, 14, 13, 10]","[9, 3, 0, 3, 3, 0, 0]","[0.0037290010210078986, 0.03968517894975476, 0.27673323187233706, 0.020954787567424943, 0.2609504759518445, 0.11530137142737693, 0.03626880489721742]","[77, 69, 70, 73, 105, 83, 72]","[64.25178527832031, 46.56914138793945, 74.62110137939453, 79.30774688720703, 104.65576934814453, 82.49220275878906, 60.96058654785156]"
2013-07-17,2013-07-23,2947.0,10445,6090.0,"[2, 6, 9, 16, 9, 6, 11]","[7, 6, 7, 1, 4, 3, 1]","[0.045713391465214734, 0.27256192277665403, 0.08717742357392808, 0.04066375203184926, 0.16575366673387937, 0.12298776551382441, 0.16655865290395408]","[69, 70, 73, 105, 83, 72, 70]","[57.15031433105469, 77.15984344482422, 83.21749877929688, 104.9793930053711, 82.96852111816406, 62.76436996459961, 72.85696411132812]"
2013-07-18,2013-07-24,2894.0,10895,6490.0,"[6, 8, 11, 5, 5, 5, 6]","[6, 6, 6, 8, 5, 6, 6]","[0.1205779964839896, 0.1245523718331604, 0.17232661347591882, 0.11801212415947321, 0.10307139209624835, 0.12066224999472096, 0.1657924809415551]","[70, 73, 105, 83, 72, 70, 70]","[80.44963836669922, 87.3116226196289, 107.75145721435547, 83.93104553222656, 63.321468353271484, 72.8888931274414, 77.02810668945312]"
2013-07-19,2013-07-25,2983.0,10726,5890.0,"[13, 17, 0, 11, 12, 13, 12]","[0, 0, 12, 0, 0, 0, 0]","[0.3, 0.3, 0.0, 0.0, 0.2418100499916569, 0.0, 0.0]","[73, 105, 83, 72, 70, 70, 58]","[79.38578033447266, 104.19937896728516, 82.69630432128906, 65.7352066040039, 73.4629898071289, 76.3179702758789, 75.47337341308594]"
2013-07-20,2013-07-26,3208.0,9684,5730.0,"[12, 13, 11, 12, 13, 12, 13]","[4, 0, 0, 0, 0, 0, 0]","[0.0, 0.0, 0.3, 0.0, 0.0, 0.0, 0.0]","[105, 83, 72, 70, 70, 58, 74]","[102.6307144165039, 78.42632293701172, 63.9519157409668, 72.21997833251953, 76.45110321044922, 74.05650329589844, 77.02359771728516]"
2013-07-21,2013-07-27,2755.0,10290,6075.0,"[9, 7, 4, 5, 4, 13, 14]","[4, 3, 6, 7, 7, 0, 3]","[0.0, 0.0, 0.3, 0.3, 0.0, 0.16761732955435873, 0.0]","[83, 72, 70, 70, 58, 74, 101]","[79.33233642578125, 64.0782699584961, 71.74605560302734, 76.61038208007812, 74.3108901977539, 76.66077423095703, 108.26263427734375]"
2013-07-22,2013-07-28,2008.0,10138,6635.0,"[4, 4, 14, 4, 6, 12, 10]","[6, 7, 3, 7, 6, 5, 4]","[0.1138571133432157, 0.11193714821956305, 0.21207096532139236, 0.17550547691249285, 0.12182326312305403, 0.11030847304764879, 0.13235484347203405]","[72, 70, 70, 58, 74, 101, 58]","[64.43009948730469, 68.32367706298828, 75.30145263671875, 71.62557983398438, 76.80207824707031, 107.35657501220703, 87.01416015625]"
2013-07-23,2013-07-29,2462.0,10293,5910.0,"[12, 13, 12, 11, 20, 15, 10]","[0, 0, 0, 1, 0, 0, 0]","[0.3, 0.0, 0.3, 0.22995966071586466, 0.036740140449208425, 0.04032523393507005, 0.2801989849080392]","[70, 70, 58, 74, 101, 58, 58]","[75.22340393066406, 76.52481079101562, 75.14703369140625, 77.1160888671875, 106.56736755371094, 87.57024383544922, 61.53200912475586]"
2013-07-24,2013-07-30,2164.0,9581,6100.0,"[11, 8, 3, 12, 8, 5, 4]","[2, 4, 9, 5, 5, 4, 6]","[0.10434019561386206, 0.11016548839323861, 0.12276754085329807, 0.17316851626660973, 0.03843723416071637, 0.16345354632623327, 0.122062733808477]","[70, 58, 74, 101, 58, 58, 55]","[77.4137191772461, 74.99844360351562, 78.44290161132812, 108.06314849853516, 86.16584777832031, 57.36854934692383, 63.966552734375]"
2013-07-25,2013-07-31,2269.0,9981,5510.0,"[0, 0, 11, 10, 9, 10, 11]","[10, 10, 5, 3, 0, 0, 0]","[0.2757207561599245, 0.03722888603517667, 0.17653197409304172, 0.0, 0.3, 0.3, 0.3]","[58, 74, 101, 58, 58, 55, 64]","[70.43696594238281, 75.07145690917969, 103.02976989746094, 86.5846176147461, 55.5662727355957, 63.01475143432617, 65.54717254638672]"
2013-07-26,2013-08-01,2123.0,9426,6150.0,"[12, 20, 14, 8, 11, 11, 20]","[0, 0, 0, 1, 0, 0, 0]","[0.03612310345532666, 0.0, 0.0, 0.0, 0.3, 0.3, 0.0]","[74, 101, 58, 58, 55, 64, 75]","[72.89539337158203, 106.97846984863281, 84.83363342285156, 56.947967529296875, 63.74589538574219, 65.40071868896484, 73.525634765625]"
2013-07-27,2013-08-02,1988.0,9885,6260.0,"[20, 14, 10, 11, 0, 12, 20]","[0, 0, 0, 0, 9, 0, 0]","[0.0, 0.3, 0.3, 0.0, 0.04035990838782132, 0.3, 0.03761243071143406]","[101, 58, 58, 55, 64, 75, 72]","[104.47703552246094, 87.29743194580078, 60.013126373291016, 65.80047607421875, 64.30348205566406, 73.06243896484375, 83.86003875732422]"
2013-07-28,2013-08-03,2099.0,8884,6050.0,"[15, 10, 0, 0, 0, 14, 19]","[0, 0, 9, 9, 10, 0, 0]","[0.03728041307344209, 0.3, 0.0, 0.0, 0.0, 0.0, 0.02132203290757928]","[58, 58, 55, 64, 75, 72, 95]","[86.69390869140625, 60.36567306518555, 64.74199676513672, 64.64791107177734, 71.56036376953125, 84.53462982177734, 109.32294464111328]"
2013-07-29,2013-08-04,2537.0,9357,5715.0,"[10, 10, 8, 12, 0, 18, 0]","[0, 0, 3, 0, 12, 0, 9]","[0.3, 0.014192732650040651, 0.010474236790023232, 0.0, 0.037891551022432385, 0.0, 0.27969153873630875]","[58, 55, 64, 75, 72, 95, 85]","[58.60928726196289, 61.30292510986328, 66.43742370605469, 72.20854187011719, 81.9149169921875, 106.41582489013672, 66.99980926513672]"
2013-07-30,2013-08-05,2683.0,9538,5530.0,"[0, 10, 6, 14, 15, 11, 10]","[9, 0, 5, 0, 3, 0, 0]","[0.03766596081560203, 0.0009282098926975808, 0.3, 0.3, 0.0, 0.0, 0.0405087014584798]","[55, 64, 75, 72, 95, 85, 57]","[62.02640151977539, 65.09107971191406, 72.29629516601562, 82.31387329101562, 110.30167388916016, 66.19916534423828, 58.98843002319336]"
2013-07-31,2013-08-06,2778.0,9306,5540.0,"[10, 0, 11, 0, 10, 5, 9]","[0, 10, 3, 15, 1, 4, 0]","[0.13018334967203615, 0.039157730954896386, 0.0, 0.03594326380735439, 0.0, 0.17285030948663746, 0.3]","[64, 75, 72, 95, 85, 57, 53]","[60.48849105834961, 70.55084991455078, 84.98821258544922, 111.84741973876953, 66.7446517944336, 59.63063049316406, 55.732303619384766]"
2013-08-01,2013-08-07,2631.0,8838,5480.0,"[5, 10, 10, 3, 10, 4, 10]","[6, 3, 7, 7, 0, 4, 0]","[0.0, 0.0, 0.0, 0.0, 0.3, 0.0, 0.0]","[75, 72, 95, 85, 57, 53, 57]","[71.54590606689453, 84.11601257324219, 108.31397247314453, 68.28235626220703, 58.85536575317383, 55.629764556884766, 61.93795394897461]"
2013-08-02,2013-08-08,1954.0,9528,5690.0,"[20, 18, 11, 10, 1, 11, 0]","[0, 0, 0, 0, 7, 0, 8]","[0.3, 0.3, 0.0, 0.0, 0.3, 0.0, 0.0]","[72, 95, 85, 57, 53, 57, 64]","[83.8131103515625, 108.75433349609375, 66.60856628417969, 60.65179443359375, 56.006011962890625, 64.11725616455078, 60.32068634033203]"
2013-08-03,2013-08-09,2241.0,9834,5440.0,"[11, 0, 10, 0, 0, 9, 13]","[5, 10, 0, 8, 10, 0, 0]","[0.3, 0.0, 0.0, 0.3, 0.3, 0.3, 0.0]","[95, 85, 57, 53, 57, 64, 74]","[102.56155395507812, 67.9486083984375, 60.531829833984375, 58.74916458129883, 67.50297546386719, 64.25887298583984, 79.61748504638672]"
2013-08-04,2013-08-10,2470.0,9273,5470.0,"[5, 8, 5, 8, 2, 7, 8]","[5, 2, 4, 2, 7, 5, 7]","[0.10926384740332916, 0.10101895367500693, 0.1261747630611364, 0.1717882808608097, 0.06319095022883889, 0.17032323861076887, 0.12590158782401928]","[85, 57, 53, 57, 64, 74, 96]","[63.91131591796875, 59.97620391845703, 57.00804901123047, 65.34345245361328, 63.5655403137207, 75.85726165771484, 105.79705810546875]"
2013-08-05,2013-08-11,2337.0,8879,5755.0,"[11, 5, 11, 4, 10, 0, 13]","[0, 4, 0, 5, 3, 15, 0]","[0.0, 0.0, 0.3, 0.07787224514557385, 0.0, 0.0, 0.0]","[57, 53, 57, 64, 74, 96, 75]","[63.40829086303711, 57.591487884521484, 65.77704620361328, 61.42789077758789, 82.6566162109375, 105.72777557373047, 83.07430267333984]"
2013-08-06,2013-08-12,2754.0,9812,5360.0,"[0, 11, 10, 13, 19, 13, 9]","[8, 0, 0, 0, 0, 0, 0]","[0.03954829908682827, 0.03592862835807836, 0.0, 0.3, 0.04056030893521483, 0.3, 0.2776565616255569]","[53, 57, 64, 74, 96, 75, 55]","[53.07798767089844, 63.08617401123047, 61.46515655517578, 80.82136535644531, 107.37408447265625, 77.40802001953125, 57.246524810791016]"
2013-08-07,2013-08-13,2444.0,7718,4890.0,"[11, 10, 14, 0, 0, 9, 0]","[0, 0, 0, 15, 12, 0, 0]","[0.0, 0.04012070646451763, 0.03490986913906215, 0.036787937759683455, 0.0, 0.0, 0.2655916988108874]","[57, 64, 74, 96, 75, 55, 64]","[64.46683502197266, 61.1137809753418, 82.63440704345703, 108.54093933105469, 82.8544692993164, 55.58958053588867, 53.91325759887695]"
2013-08-08,2013-08-14,2547.0,8945,5165.0,"[7, 6, 8, 11, 0, 6, 10]","[4, 6, 5, 1, 7, 2, 1]","[0.16177298449716526, 0.11871603340416811, 0.1043504236747857, 0.04900300920944136, 0.16406366527532867, 0.13470175793336264, 0.07184428670606541]","[64, 74, 96, 75, 55, 64, 55]","[59.66298294067383, 78.12857055664062, 106.37528991699219, 77.19654846191406, 52.080509185791016, 52.21146011352539, 64.54119873046875]"
2013-08-09,2013-08-15,2000.0,9923,6085.0,"[3, 9, 9, 3, 5, 6, 5]","[10, 8, 5, 5, 6, 4, 5]","[0.16358560889442292, 0.2131927247874112, 0.13105283877483384, 0.13103812070918114, 0.22087317994497674, 0.1736400682002794, 0.17642813311640526]","[74, 96, 75, 55, 64, 55, 54]","[81.66548156738281, 108.3565902709961, 83.48543548583984, 55.719905853271484, 55.42080307006836, 63.08991622924805, 63.86469650268555]"
2013-08-10,2013-08-16,2306.0,9297,5420.0,"[0, 0, 9, 9, 0, 11, 11]","[15, 11, 0, 0, 9, 0, 0]","[0.0, 0.036091889624527786, 0.0, 0.3, 0.3, 0.0, 0.3]","[96, 75, 55, 64, 55, 54, 67]","[105.84904479980469, 80.52960968017578, 56.615753173828125, 54.667396545410156, 63.05403518676758, 64.50056457519531, 67.36939239501953]"
2013-08-11,2013-08-17,2215.0,7110,4490.0,"[13, 9, 0, 0, 0, 11, 16]","[0, 0, 7, 9, 0, 0, 0]","[0.0, 0.0, 0.0, 0.0, 0.3, 0.0, 0.0]","[75, 55, 64, 55, 54, 67, 98]","[77.42434692382812, 54.503570556640625, 52.646541595458984, 62.34428024291992, 64.69075775146484, 67.31704711914062, 96.70497131347656]"
2013-08-12,2013-08-18,2528.0,9372,5040.0,"[9, 9, 10, 10, 11, 0, 11]","[0, 0, 0, 0, 0, 14, 0]","[0.3, 0.03909241393185509, 0.3, 0.0, 0.03697231083796059, 0.3, 0.0]","[55, 64, 55, 54, 67, 98, 64]","[54.49216079711914, 52.707759857177734, 61.65503692626953, 61.9996337890625, 67.1942138671875, 97.9236831665039, 67.13285064697266]"
2013-08-13,2013-08-19,2327.0,8836,5225.0,"[0, 9, 3, 12, 9, 9, 0]","[8, 1, 7, 0, 6, 2, 7]","[0.3, 0.002011969290282666, 0.0, 0.3, 0.038209633067606136, 0.08699460942232343, 0.0]","[64, 55, 54, 67, 98, 64, 55]","[54.86626434326172, 62.44384765625, 66.34449768066406, 69.55098724365234, 97.61970520019531, 68.51602935791016, 51.77475357055664]"
2013-08-14,2013-08-20,2065.0,9234,5440.0,"[7, 6, 9, 8, 8, 6, 7]","[3, 6, 2, 7, 3, 3, 3]","[0.08883548799754414, 0.16976422518008963, 0.16171422957171877, 0.21275717787151704, 0.17207397887066364, 0.22921842585192048, 0.12059024648077113]","[55, 54, 67, 98, 64, 55, 48]","[62.79365158081055, 69.98873901367188, 72.03640747070312, 97.93426513671875, 66.4122314453125, 55.62519073486328, 61.903045654296875]"
2013-08-15,2013-08-21,2719.0,8272,4800.0,"[10, 9, 16, 11, 8, 0, 8]","[0, 2, 0, 0, 1, 8, 0]","[0.037689860434138064, 0.0, 0.0, 0.03531169493349344, 0.3, 0.0, 0.03875137089193139]","[54, 67, 98, 64, 55, 48, 60]","[62.19115447998047, 67.59162902832031, 97.43827056884766, 68.01163482666016, 53.0517463684082, 57.917240142822266, 57.13626480102539]"
2013-08-16,2013-08-22,2520.0,8334,5005.0,"[11, 16, 12, 9, 0, 9, 0]","[0, 0, 0, 0, 8, 0, 9]","[0.0, 0.0, 0.3, 0.0, 0.0405926816966542, 0.0, 0.0]","[67, 98, 64, 55, 48, 60, 57]","[65.623779296875, 97.00989532470703, 69.5034408569336, 54.60152053833008, 56.77190017700195, 57.06611251831055, 62.204933166503906]"
2013-08-17,2013-08-23,2457.0,9424,4870.0,"[0, 11, 9, 9, 9, 10, 11]","[14, 0, 0, 0, 0, 0, 0]","[0.3, 0.3, 0.0, 0.03520797975276313, 0.0, 0.213852326619105, 0.27981166495923593]","[98, 64, 55, 48, 60, 57, 62]","[98.77924346923828, 68.59955596923828, 53.033321380615234, 56.65584182739258, 54.68832778930664, 61.57757568359375, 66.96110534667969]"
2013-08-18,2013-08-24,1822.0,6960,4370.0,"[1, 8, 9, 0, 10, 0, 0]","[9, 0, 0, 8, 0, 0, 14]","[0.0, 0.3, 0.03657242127405361, 0.0, 0.0, 0.0, 0.0]","[64, 55, 48, 60, 57, 62, 95]","[69.03135681152344, 52.27283477783203, 54.63167953491211, 55.89381790161133, 58.18952560424805, 66.88111877441406, 98.18939208984375]"
2013-08-19,2013-08-25,2199.0,9014,5580.0,"[1, 7, 6, 8, 4, 2, 7]","[7, 3, 3, 2, 6, 13, 5]","[0.12424963013922051, 0.03561161710824788, 0.1720316367314526, 0.08256271451818403, 0.16906902528256643, 0.1619968652465124, 0.05576169737768305]","[55, 48, 60, 57, 62, 95, 75]","[52.7460823059082, 55.64496612548828, 56.213504791259766, 60.44254684448242, 65.55780029296875, 101.5176773071289, 77.58463287353516]"
2013-08-20,2013-08-26,2279.0,8919,5160.0,"[10, 0, 7, 11, 11, 0, 8]","[0, 8, 1, 0, 5, 11, 1]","[0.27991086938552934, 0.0, 0.3, 0.3, 0.04034798516968338, 0.0, 0.06092998559841217]","[48, 60, 57, 62, 95, 75, 52]","[58.43465042114258, 55.425315856933594, 60.86294174194336, 67.45939636230469, 98.99614715576172, 75.76441955566406, 56.95542526245117]"
2013-08-21,2013-08-27,2251.0,9470,5220.0,"[0, 0, 11, 13, 13, 0, 8]","[8, 9, 0, 4, 0, 8, 0]","[0.0, 0.0, 0.12294518832193163, 0.3, 0.3, 0.038953872179484796, 0.3]","[60, 57, 62, 95, 75, 52, 47]","[58.31245040893555, 61.32756423950195, 64.91988372802734, 104.99559020996094, 78.37467193603516, 57.322486877441406, 50.76164245605469]"
2013-08-22,2013-08-28,1855.0,9380,5420.0,"[0, 11, 19, 12, 3, 0, 0]","[9, 0, 0, 0, 6, 7, 9]","[0.3, 0.0, 0.03890553663229489, 0.3, 0.3, 0.1671269691033423, 0.3]","[57, 62, 95, 75, 52, 47, 47]","[61.75545883178711, 66.66387176513672, 102.24514770507812, 73.53189086914062, 58.47632598876953, 47.28240203857422, 63.3477897644043]"
2013-08-23,2013-08-29,2165.0,8990,5050.0,"[10, 0, 12, 0, 0, 10, 9]","[1, 14, 0, 8, 7, 0, 0]","[0.3, 0.0, 0.03653358086629252, 0.28181914274648395, 0.3, 0.3, 0.0]","[62, 95, 75, 52, 47, 47, 54]","[64.76705932617188, 101.31087493896484, 72.30821228027344, 56.31035232543945, 49.06248092651367, 62.75102615356445, 56.824485778808594]"
2013-08-24,2013-08-30,2276.0,8736,5060.0,"[20, 13, 9, 8, 11, 9, 11]","[0, 0, 0, 0, 0, 0, 0]","[0.0, 0.0, 0.0, 0.3, 0.3, 0.3, 0.0]","[95, 75, 52, 47, 47, 54, 66]","[99.71749114990234, 75.77041625976562, 55.3734130859375, 47.69548034667969, 63.97036361694336, 57.507755279541016, 63.96806716918945]"
2013-08-25,2013-08-31,2143.0,8515,5310.0,"[10, 2, 6, 11, 10, 10, 9]","[2, 7, 2, 0, 0, 0, 8]","[0.0, 0.0, 0.0, 0.2797931487785787, 0.0, 0.3, 0.0]","[75, 52, 47, 47, 54, 66, 106]","[76.20057678222656, 58.19324493408203, 48.889610290527344, 65.10162353515625, 59.920223236083984, 62.22382354736328, 108.54795837402344]"
2013-08-26,2013-09-01,2014.0,8900,5660.0,"[3, 6, 9, 8, 4, 8, 1]","[6, 2, 4, 1, 6, 8, 10]","[0.08616166029684075, 0.13140401648858768, 0.12221287911995718, 0.07708911164584581, 0.08547523913228419, 0.13257679930938374, 0.2136436432717323]","[52, 47, 47, 54, 66, 106, 85]","[58.46468734741211, 47.457427978515625, 60.517215728759766, 56.5196647644043, 63.32242965698242, 107.57860565185547, 78.42572784423828]"
2013-08-27,2013-09-02,2050.0,9594,5315.0,"[1, 0, 1, 2, 1, 12, 1]","[6, 9, 7, 7, 14, 0, 7]","[0.29899144858698307, 0.0, 0.01189723910036197, 0.3, 0.3, 0.03773821030160382, 0.3]","[47, 47, 54, 66, 106, 85, 95]","[48.61054611206055, 63.757076263427734, 56.28519821166992, 63.257972717285156, 106.55461883544922, 73.11235046386719, 58.00127410888672]"
2013-08-28,2013-09-03,1930.0,9296,5445.0,"[11, 10, 0, 4, 13, 9, 0]","[0, 0, 9, 12, 0, 0, 9]","[0.0002680985847513255, 0.3, 0.3, 0.3, 0.0, 0.0, 0.04055422535479787]","[47, 54, 66, 106, 85, 95, 38]","[62.94175338745117, 59.48466873168945, 64.88011932373047, 107.62263488769531, 80.10894012451172, 56.04705810546875, 69.46419525146484]"
2013-08-29,2013-09-04,1916.0,8320,5190.0,"[4, 10, 20, 13, 9, 6, 2]","[4, 0, 0, 0, 0, 5, 5]","[0.08611921884002122, 0.0, 0.0, 0.3, 0.0, 0.0, 0.3]","[54, 66, 106, 85, 95, 38, 34]","[51.84206008911133, 62.90082931518555, 110.44393920898438, 77.44200134277344, 55.620574951171875, 69.09878540039062, 47.269493103027344]"
2013-08-30,2013-09-05,1807.0,8387,5395.0,"[3, 6, 9, 6, 3, 6, 3]","[6, 10, 6, 3, 6, 3, 4]","[0.03875029013709883, 0.16608048215746618, 0.11773436952940067, 0.16470717346719632, 0.07280841663724147, 0.1295824639287606, 0.04644617640872806]","[66, 106, 85, 95, 38, 34, 38]","[61.58335494995117, 107.16730499267578, 76.60577392578125, 50.98598098754883, 61.63496398925781, 47.57978820800781, 49.08791732788086]"
2013-08-31,2013-09-06,1492.0,7266,5270.0,"[10, 0, 0, 4, 0, 9, 0]","[7, 11, 8, 5, 7, 0, 8]","[0.0, 0.0, 0.0, 0.0, 0.1694351372926168, 0.0, 0.0]","[106, 85, 95, 38, 34, 38, 49]","[108.33226013183594, 77.23341369628906, 56.283973693847656, 58.112998962402344, 50.40153503417969, 52.84279251098633, 58.770599365234375]"
2013-09-01,2013-09-07,1471.0,7182,4630.0,"[12, 10, 10, 8, 8, 10, 15]","[0, 0, 0, 0, 0, 0, 0]","[0.12333492053522112, 0.0, 0.3, 0.3, 0.0, 0.0, 0.0]","[85, 95, 38, 34, 38, 49, 76]","[75.06550598144531, 57.3538818359375, 62.97115707397461, 50.11528396606445, 48.80351257324219, 59.41699981689453, 88.63436126708984]"
2013-09-02,2013-09-08,739.0,7134,4960.0,"[0, 11, 8, 8, 0, 5, 0]","[8, 0, 0, 0, 8, 8, 10]","[0.3, 0.3, 0.2117693398911188, 0.1263325900141108, 0.0, 0.0, 0.10759474068369287]","[95, 38, 34, 38, 49, 76, 56]","[53.337337493896484, 65.57283782958984, 48.580562591552734, 52.037681579589844, 59.496036529541016, 88.56144714355469, 76.09056854248047]"
2013-09-03,2013-09-09,28.0,7001,5450.0,"[13, 9, 9, 20, 14, 12, 9]","[0, 0, 0, 0, 1, 0, 0]","[0.04078655671062174, 0.3, 0.0, 0.3, 0.16217703054396387, 0.03957738640592804, 0.2730637363215327]","[38, 34, 38, 49, 76, 56, 41]","[78.7917251586914, 53.85039520263672, 51.29446029663086, 57.173683166503906, 88.41997528076172, 74.42747497558594, 52.19306182861328]"
2013-09-04,2013-09-10,838.0,7185,4405.0,"[3, 9, 10, 10, 12, 9, 3]","[4, 0, 0, 4, 0, 0, 3]","[0.0, 0.3, 0.1713863327951112, 0.3, 0.0, 0.3, 0.3]","[34, 38, 49, 76, 56, 41, 34]","[45.35991668701172, 53.25038146972656, 57.35987091064453, 90.0401840209961, 75.15013122558594, 54.5806999206543, 42.38601303100586]"
2013-09-05,2013-09-11,1913.0,9041,5895.0,"[7, 9, 9, 0, 9, 0, 4]","[0, 0, 5, 10, 0, 6, 19]","[0.0, 0.3, 0.0, 0.2821225258018427, 0.03546550946981301, 0.26718961789534057, 0.03712277996567743]","[38, 49, 76, 56, 41, 34, 156]","[45.94536209106445, 54.60424041748047, 87.84941101074219, 71.14321899414062, 54.11829376220703, 42.14714431762695, 154.65518188476562]"
2013-09-06,2013-09-12,1545.0,11325,8350.0,"[0, 10, 12, 9, 0, 0, 19]","[7, 4, 0, 0, 6, 20, 20]","[0.0, 0.0, 0.3, 0.2744034857378031, 0.0, 0.21214065648837094, 0.0]","[49, 76, 56, 41, 34, 156, 172]","[53.39888381958008, 86.90168762207031, 71.70794677734375, 51.743019104003906, 45.646995544433594, 199.4329071044922, 250.89205932617188]"
2013-09-07,2013-09-13,2403.0,15035,10825.0,"[0, 0, 8, 0, 20, 20, 20]","[12, 10, 0, 0, 11, 20, 19]","[0.3, 0.0, 0.04015608796293477, 0.0, 0.03534161732093826, 0.3, 0.035532256096636794]","[76, 56, 41, 34, 156, 172, 228]","[81.60952758789062, 71.44050598144531, 49.84714126586914, 40.79288864135742, 195.0423583984375, 255.96653747558594, 250.7037353515625]"
2013-09-08,2013-09-14,2215.0,15810,11180.0,"[0, 9, 7, 20, 20, 20, 20]","[10, 0, 0, 11, 18, 20, 0]","[0.0, 0.0, 0.3, 0.0, 0.0, 0.3, 0.3]","[56, 41, 34, 156, 172, 228, 78]","[72.36967468261719, 52.34401321411133, 40.66855239868164, 194.561767578125, 246.1937255859375, 248.9083251953125, 129.7615509033203]"
2013-09-09,2013-09-15,2818.0,14958,10455.0,"[9, 0, 0, 20, 20, 0, 10]","[0, 5, 20, 20, 20, 17, 0]","[0.0, 0.3, 0.3, 0.0, 0.0, 0.0, 0.3]","[41, 34, 156, 172, 228, 78, 63]","[53.815757751464844, 38.95937728881836, 153.2254180908203, 259.1199645996094, 268.24652099609375, 117.54339599609375, 60.38907241821289]"
2013-09-10,2013-09-16,2882.0,15058,10945.0,"[0, 20, 20, 20, 20, 0, 7]","[7, 12, 20, 20, 1, 9, 0]","[0.03830538844395211, 0.0, 0.3, 0.0, 0.03485056962253988, 0.012301251691940731, 0.0]","[34, 156, 172, 228, 78, 63, 51]","[49.245445251464844, 203.9119873046875, 263.1944885253906, 269.880615234375, 127.64900970458984, 63.30082321166992, 45.21730041503906]"
2013-09-11,2013-09-17,3163.0,13036,9775.0,"[19, 20, 20, 0, 9, 0, 0]","[12, 19, 19, 19, 1, 1, 0]","[0.0, 0.035031566698964595, 0.03504695841984517, 0.0, 0.0, 0.0, 0.3]","[156, 172, 228, 78, 63, 51, 42]","[197.21177673339844, 257.0860900878906, 251.6181182861328, 119.73582458496094, 61.61052703857422, 41.0078010559082, 45.351463317871094]"
2013-09-12,2013-09-18,3043.0,11715,8200.0,"[20, 20, 20, 11, 0, 0, 7]","[16, 20, 0, 0, 0, 6, 0]","[0.001241033359584023, 0.03647079125190501, 0.0, 0.0, 0.3, 0.3, 0.03659495569132611]","[172, 228, 78, 63, 51, 42, 39]","[233.4661865234375, 267.8325500488281, 122.26404571533203, 63.30906677246094, 39.39638137817383, 45.03330993652344, 44.24924087524414]"
2013-09-13,2013-09-19,2008.0,9765,6420.0,"[20, 0, 0, 7, 0, 8, 0]","[20, 16, 9, 0, 8, 0, 0]","[0.0, 0.3, 0.17407210969910752, 0.3, 0.0, 0.0, 0.3]","[228, 78, 63, 51, 42, 39, 42]","[254.53184509277344, 114.42735290527344, 66.65831756591797, 45.24546813964844, 56.48182678222656, 46.50839614868164, 52.1276741027832]"
2013-09-14,2013-09-20,1510.0,6811,4490.0,"[9, 11, 0, 8, 7, 8, 9]","[10, 0, 5, 0, 0, 0, 0]","[0.0, 0.0, 0.10932379875176813, 0.3, 0.03966298625912815, 0.03620282865646648, 0.0363380517294412]","[78, 63, 51, 42, 39, 42, 66]","[127.31817626953125, 67.60552215576172, 38.56715774536133, 47.944644927978516, 44.52381134033203, 49.62009048461914, 52.31658935546875]"
2013-09-15,2013-09-21,1958.0,6473,3780.0,"[9, 5, 7, 7, 0, 8, 14]","[0, 0, 0, 0, 7, 0, 0]","[0.0, 0.03467252717655063, 0.008755323857442526, 0.3, 0.03950360933274183, 0.0, 0.04008672330364918]","[63, 51, 42, 39, 42, 66, 83]","[54.96820831298828, 32.74066162109375, 44.8869743347168, 44.21147537231445, 47.38198471069336, 50.22591781616211, 87.26116180419922]"
2013-09-16,2013-09-22,1802.0,7571,4260.0,"[7, 8, 0, 8, 9, 3, 10]","[0, 0, 6, 0, 0, 10, 0]","[0.11522018743209432, 0.3, 0.3, 0.03794201934173913, 0.0, 0.03827128323868171, 0.3]","[51, 42, 39, 42, 66, 83, 62]","[39.931243896484375, 50.58342361450195, 46.06631088256836, 50.428627014160156, 53.02373123168945, 89.18231201171875, 69.1708755493164]"
2013-09-17,2013-09-23,1253.0,6522,3950.0,"[8, 0, 9, 9, 12, 11, 4]","[1, 0, 0, 0, 2, 0, 4]","[0.21386353570701894, 0.0, 0.3, 0.3, 0.0, 0.0, 0.0]","[42, 39, 42, 66, 83, 62, 38]","[53.87778091430664, 48.247276306152344, 54.552268981933594, 54.65937423706055, 88.1757583618164, 65.9747543334961, 51.485618591308594]"
2013-09-18,2013-09-24,1628.0,7011,4055.0,"[7, 0, 8, 15, 11, 8, 0]","[0, 7, 0, 0, 0, 0, 5]","[0.0, 0.0, 0.3, 0.0, 0.3, 0.0, 0.16536649495402062]","[39, 42, 66, 83, 62, 38, 39]","[44.39274215698242, 51.5264778137207, 51.03173828125, 90.99468231201172, 65.95439910888672, 46.445037841796875, 39.615966796875]"
2013-09-19,2013-09-25,1687.0,7209,4230.0,"[6, 9, 3, 11, 8, 7, 8]","[2, 0, 10, 0, 0, 0, 0]","[0.3, 0.0, 0.0, 0.3, 0.0, 0.0, 0.17620009479128684]","[42, 66, 83, 62, 38, 39, 41]","[50.08220291137695, 53.002769470214844, 91.9161605834961, 65.43289947509766, 47.61841583251953, 43.168434143066406, 46.30329132080078]"
2013-09-20,2013-09-26,1856.0,7479,3840.0,"[8, 14, 7, 7, 5, 7, 0]","[0, 0, 3, 0, 1, 0, 6]","[0.3, 0.3, 0.0, 0.0, 0.0, 0.16420968812401607, 0.3]","[66, 83, 62, 38, 39, 41, 45]","[49.48484420776367, 86.43144226074219, 62.03007125854492, 41.184017181396484, 35.1769905090332, 40.665470123291016, 46.74052429199219]"
2013-09-21,2013-09-27,1596.0,6726,4095.0,"[4, 0, 7, 0, 6, 0, 7]","[9, 9, 0, 5, 1, 7, 0]","[0.0, 0.016948404610585336, 0.3, 0.0, 0.0, 0.3, 0.010992608356370398]","[83, 62, 38, 39, 41, 45, 59]","[88.13648986816406, 65.42543029785156, 44.14949035644531, 38.5443115234375, 42.499053955078125, 48.232486724853516, 43.66506576538086]"
2013-09-22,2013-09-28,1537.0,7212,4285.0,"[2, 7, 5, 2, 3, 4, 7]","[8, 0, 3, 4, 4, 3, 6]","[0.06848968758326235, 0.11331575902216429, 0.17014307673409934, 0.20311829300624046, 0.16293476242866367, 0.23890239190846335, 0.12925502928646768]","[62, 38, 39, 41, 45, 59, 91]","[65.66619110107422, 44.35539245605469, 36.233612060546875, 42.81725311279297, 48.53874969482422, 43.500675201416016, 84.4123306274414]"
2013-09-23,2013-09-29,1503.0,6773,4250.0,"[0, 7, 8, 9, 7, 0, 11]","[6, 0, 0, 0, 0, 12, 0]","[0.0, 0.3, 0.04014718186837283, 0.0009769029949342311, 0.3, 0.0, 0.0]","[38, 39, 41, 45, 59, 91, 58]","[46.09782791137695, 44.08054733276367, 48.4129753112793, 52.42711639404297, 45.3763427734375, 85.81320190429688, 64.87151336669922]"
2013-09-24,2013-09-30,1192.0,5698,3755.0,"[6, 7, 9, 1, 0, 0, 8]","[0, 0, 0, 0, 12, 9, 0]","[0.3, 0.0, 0.0, 0.0374198319307764, 0.0, 0.039428672298385585, 0.0]","[39, 41, 45, 59, 91, 58, 31]","[37.226112365722656, 43.58528137207031, 51.48318099975586, 46.7835578918457, 87.1628189086914, 63.688316345214844, 45.853981018066406]"
2013-09-25,2013-10-01,905.0,5442,3030.0,"[0, 0, 8, 0, 10, 0, 6]","[0, 0, 0, 12, 0, 6, 0]","[0.0, 0.0, 0.3, 0.03492743453392949, 0.3, 0.0, 0.3]","[41, 45, 59, 91, 58, 31, 31]","[42.831233978271484, 52.519012451171875, 49.44740676879883, 85.76890563964844, 62.831153869628906, 44.92293930053711, 37.56852722167969]"
2013-09-26,2013-10-02,783.0,6813,4730.0,"[8, 8, 14, 10, 0, 1, 20]","[0, 0, 0, 0, 6, 4, 0]","[0.16273745412599333, 0.03858991840427666, 0.0, 0.0, 0.3, 0.3, 0.3]","[45, 59, 91, 58, 31, 31, 38]","[49.27662658691406, 45.688907623291016, 86.2400894165039, 61.968990325927734, 42.848228454589844, 36.14431381225586, 40.955631256103516]"
2013-09-27,2013-10-03,1403.0,5886,3350.0,"[0, 15, 11, 7, 0, 7, 0]","[6, 0, 0, 0, 5, 0, 0]","[0.038453625019731534, 0.03541812735605796, 0.3, 0.3, 0.0007138764399950185, 0.0, 0.0]","[59, 91, 58, 31, 31, 38, 48]","[43.914161682128906, 85.39523315429688, 65.84571075439453, 40.41896057128906, 37.96485900878906, 41.20468521118164, 38.027706146240234]"
2013-09-28,2013-10-04,1560.0,6876,4150.0,"[10, 9, 7, 7, 7, 0, 10]","[4, 2, 0, 0, 0, 6, 0]","[0.0, 0.0, 0.0, 0.0, 0.02110711500987981, 0.3, 0.3]","[91, 58, 31, 31, 38, 48, 64]","[87.08551025390625, 67.10115051269531, 39.45716094970703, 40.31916809082031, 39.778778076171875, 40.558555603027344, 60.05485534667969]"
2013-09-29,2013-10-05,1154.0,6482,4030.0,"[11, 0, 7, 1, 0, 5, 9]","[0, 7, 0, 0, 5, 4, 6]","[0.13233244968143543, 0.3, 0.3, 0.16987914795227474, 0.3, 0.0, 0.037969037607812214]","[58, 31, 31, 38, 48, 64, 106]","[67.44326782226562, 49.14177322387695, 41.603336334228516, 39.78736114501953, 37.18984603881836, 61.930606842041016, 96.19334411621094]"
2013-09-30,2013-10-06,1515.0,7055,3970.0,"[8, 0, 0, 1, 11, 16, 11]","[0, 0, 6, 5, 0, 0, 0]","[0.03541426513567196, 0.3, 0.16166600219366423, 0.11048065319192306, 0.3, 0.0, 0.3]","[31, 31, 38, 48, 64, 106, 69]","[45.63209915161133, 39.14236831665039, 42.48708724975586, 39.908363342285156, 65.25392150878906, 98.08507537841797, 64.31624603271484]"
2013-10-01,2013-10-07,1763.0,6583,3770.0,"[0, 7, 1, 10, 0, 11, 0]","[5, 0, 5, 0, 14, 0, 0]","[0.08819703773563056, 0.3, 0.3, 0.0, 0.0, 0.03879823319088922, 9.269690888721142e-05]","[31, 38, 48, 64, 106, 69, 39]","[37.31443786621094, 39.72431945800781, 40.019569396972656, 62.12785720825195, 96.18417358398438, 68.17132568359375, 38.70546340942383]"
2013-10-02,2013-10-08,1760.0,7767,4660.0,"[6, 6, 7, 6, 1, 6, 5]","[1, 1, 4, 8, 8, 1, 5]","[0.1138120621060397, 0.21383360573392277, 0.10549749705627032, 0.10425191481356341, 0.12661221970895983, 0.16766744290269472, 0.1757842376989552]","[38, 48, 64, 106, 69, 39, 42]","[38.32790756225586, 37.31602478027344, 61.22563552856445, 95.12398529052734, 62.35103988647461, 38.925235748291016, 22.77412223815918]"
2013-10-03,2013-10-09,2274.0,6960,4265.0,"[0, 10, 16, 5, 8, 0, 0]","[6, 0, 0, 5, 0, 5, 6]","[0.0378606575652843, 0.0, 0.03614093901334157, 0.0, 0.009629897374840046, 0.0, 0.0065815284308027525]","[48, 64, 106, 69, 39, 42, 45]","[43.87790298461914, 61.89155578613281, 95.83826446533203, 67.02030181884766, 48.675254821777344, 36.12021255493164, 43.61220169067383]"
2013-10-04,2013-10-10,1864.0,8043,4375.0,"[7, 10, 6, 4, 0, 4, 8]","[3, 6, 4, 2, 3, 2, 3]","[0.24385125075552977, 0.17273607868632646, 0.20155320104457863, 0.16807305425605212, 0.16483011975849585, 0.16987454570171623, 0.204696948793563]","[64, 106, 69, 39, 42, 45, 54]","[64.21259307861328, 101.55232238769531, 64.52910614013672, 39.60272979736328, 21.74568748474121, 37.135955810546875, 48.11436462402344]"
2013-10-05,2013-10-11,1937.0,6966,3870.0,"[16, 11, 8, 0, 7, 0, 0]","[0, 0, 0, 5, 0, 0, 10]","[0.03657769518030699, 0.3, 0.0, 0.3, 0.006550885521051118, 0.2795350098436348, 0.027927072103289242]","[106, 69, 39, 42, 45, 54, 71]","[95.24813079833984, 66.80280303955078, 48.53422164916992, 37.10561752319336, 43.642791748046875, 46.25148010253906, 67.74420928955078]"
2013-10-06,2013-10-12,2186.0,8481,4715.0,"[11, 8, 6, 0, 8, 0, 20]","[0, 0, 0, 6, 0, 9, 0]","[0.3, 0.1682922278226963, 0.3, 0.0009069702262203453, 0.056263942890366195, 0.25124766812925026, 0.0]","[69, 39, 42, 45, 54, 71, 400]","[67.46685028076172, 48.783660888671875, 37.545799255371094, 43.65525436401367, 46.50141143798828, 67.38215637207031, 410.6295166015625]"
2013-10-07,2013-10-13,3894.0,12716,8120.0,"[7, 0, 6, 7, 0, 20, 20]","[0, 4, 0, 0, 0, 20, 20]","[0.3, 0.00955650498077442, 0.0, 0.3, 0.0, 0.03734498473347114, 0.0]","[39, 42, 45, 54, 71, 400, 312]","[40.830055236816406, 27.021413803100586, 37.68617248535156, 44.1090087890625, 67.2486343383789, 427.125, 294.827880859375]"
2013-10-08,2013-10-14,4772.0,16778,11380.0,"[6, 0, 0, 11, 20, 20, 20]","[0, 6, 6, 0, 20, 20, 20]","[0.3, 0.0, 0.0, 0.3, 0.0, 0.0, 0.039826192066175437]","[42, 45, 54, 71, 400, 312, 182]","[37.083648681640625, 43.51027297973633, 46.16455078125, 67.17086029052734, 412.8136901855469, 296.3174743652344, 262.5313720703125]"
2013-10-09,2013-10-15,3786.0,15924,9830.0,"[7, 0, 11, 0, 20, 20, 0]","[0, 6, 0, 20, 20, 20, 6]","[0.037313856673035675, 0.2656791591672773, 0.3, 0.0, 0.0, 0.3, 0.3]","[45, 54, 71, 400, 312, 182, 42]","[43.4995002746582, 46.30222702026367, 67.16069030761719, 412.1992492675781, 295.9974060058594, 261.9327392578125, 41.35381317138672]"
2013-10-10,2013-10-16,4672.0,14966,9120.0,"[5, 0, 20, 20, 20, 7, 7]","[3, 10, 20, 0, 20, 0, 0]","[0.3, 0.3, 0.0, 0.0, 0.039008952668844875, 0.0, 0.3]","[54, 71, 400, 312, 182, 42, 45]","[48.90266799926758, 71.50659942626953, 431.724853515625, 306.1672668457031, 263.1412353515625, 40.49095153808594, 45.15575408935547]"
2013-10-11,2013-10-17,4294.0,16783,12300.0,"[0, 20, 20, 20, 20, 7, 6]","[20, 20, 20, 20, 0, 0, 2]","[0.04016434673651196, 0.0, 0.037414230538069, 0.0, 0.03698043723167986, 0.0, 0.3]","[71, 400, 312, 182, 42, 45, 41]","[72.02537536621094, 418.4299621582031, 311.9165344238281, 278.9780578613281, 28.641521453857422, 41.45292663574219, 50.82501983642578]"
2013-10-12,2013-10-18,5831.0,16718,9335.0,"[20, 20, 0, 7, 7, 0, 9]","[20, 20, 20, 0, 0, 7, 0]","[0.0373010053986601, 0.0, 0.3, 0.0, 0.0, 0.3, 0.2776837398038377]","[400, 312, 182, 42, 45, 41, 56]","[411.8726501464844, 299.5027160644531, 259.939697265625, 41.1285285949707, 40.67299270629883, 47.523746490478516, 57.61167907714844]"
2013-10-13,2013-10-19,2838.0,12012,8110.0,"[20, 20, 0, 0, 0, 10, 0]","[20, 20, 0, 6, 0, 0, 14]","[0.0, 0.0, 0.3, 0.3, 0.3, 0.0, 0.3]","[312, 182, 42, 45, 41, 56, 85]","[302.7430419921875, 262.6127014160156, 38.93134689331055, 40.78672790527344, 47.81513977050781, 58.408897399902344, 96.3707504272461]"
2013-10-14,2013-10-20,1206.0,10280,7610.0,"[20, 20, 7, 8, 0, 16, 0]","[20, 0, 0, 0, 8, 0, 10]","[0.0, 0.0, 0.3, 0.3, 0.037934451856967984, 0.3, 0.0]","[182, 42, 45, 41, 56, 85, 64]","[265.4379577636719, 40.26219940185547, 41.599205017089844, 47.90167999267578, 58.584415435791016, 97.30303955078125, 73.02392578125]"
2013-10-15,2013-10-21,1293.0,6934,4250.0,"[0, 6, 0, 9, 19, 12, 7]","[4, 0, 7, 0, 0, 0, 0]","[0.21337794012823114, 0.0, 0.0, 0.0, 0.3, 0.0, 0.3]","[42, 45, 41, 56, 85, 64, 32]","[26.02988052368164, 38.90440368652344, 50.44320297241211, 56.91139602661133, 104.5882339477539, 73.22247314453125, 42.23037338256836]"
2013-10-16,2013-10-22,1109.0,7724,4580.0,"[6, 0, 10, 0, 0, 8, 6]","[1, 7, 0, 14, 11, 0, 0]","[0.008809529384826804, 0.3, 0.0, 0.2399488861907108, 0.3, 0.2802841683123692, 0.3]","[45, 41, 56, 85, 64, 32, 34]","[40.35063171386719, 47.737972259521484, 57.76883316040039, 97.32779693603516, 74.48043823242188, 50.327938079833984, 39.199363708496094]"
2013-10-17,2013-10-23,1497.0,7066,4385.0,"[3, 8, 15, 11, 0, 4, 3]","[5, 1, 1, 1, 7, 2, 3]","[0.1316711163395597, 0.1250669541139243, 0.11961151305184606, 0.17448287654427413, 0.035151032101855606, 0.1693813606785729, 0.12427183878604116]","[41, 56, 85, 64, 32, 34, 43]","[47.97850036621094, 58.02006530761719, 97.63421630859375, 74.83152770996094, 50.06459426879883, 39.19358444213867, 42.53807830810547]"
2013-10-18,2013-10-24,1475.0,6053,3830.0,"[9, 1, 12, 7, 0, 7, 8]","[0, 13, 0, 0, 0, 0, 0]","[0.001226333043973278, 0.0, 0.0, 0.0394654036562328, 0.23498669011678477, 0.0, 0.2884826709420833]","[56, 85, 64, 32, 34, 43, 45]","[57.070091247558594, 94.42308044433594, 71.116455078125, 43.07206344604492, 37.19883728027344, 41.17277526855469, 49.40529251098633]"
2013-10-19,2013-10-25,1462.0,7038,4550.0,"[0, 12, 8, 0, 7, 9, 10]","[14, 0, 0, 6, 0, 0, 0]","[0.0, 0.0, 0.3, 0.3, 0.1637176092914241, 0.0, 0.0]","[85, 64, 32, 34, 43, 45, 72]","[97.48167419433594, 74.40760040283203, 49.885963439941406, 39.737064361572266, 42.962989807128906, 51.71058654785156, 62.00050735473633]"
2013-10-20,2013-10-26,1716.0,7228,4450.0,"[12, 0, 7, 6, 0, 10, 15]","[0, 7, 0, 1, 7, 0, 0]","[0.035610190816665464, 0.0, 0.0, 0.012656393274267808, 0.0, 0.0, 0.3]","[64, 32, 34, 43, 45, 72, 92]","[74.17354583740234, 49.526954650878906, 39.65053939819336, 42.95720291137695, 51.46064376831055, 61.73600387573242, 91.49420166015625]"
2013-10-21,2013-10-27,1201.0,6651,4115.0,"[0, 0, 0, 0, 10, 0, 0]","[6, 0, 6, 7, 0, 13, 8]","[0.3, 0.0, 0.0, 0.03815261743527006, 0.0, 0.3, 0.0]","[32, 34, 43, 45, 72, 92, 66]","[45.72533416748047, 38.638641357421875, 41.21886444091797, 48.432918548583984, 60.93274688720703, 91.03106689453125, 56.28346633911133]"
2013-10-22,2013-10-28,2054.0,7162,4230.0,"[6, 7, 0, 10, 1, 10, 0]","[0, 0, 7, 0, 12, 0, 6]","[0.21278531613439383, 0.0, 0.3, 0.0, 0.017420553716651934, 0.007030370680257243, 0.03948734094137382]","[34, 43, 45, 72, 92, 66, 46]","[37.17221450805664, 41.39004135131836, 48.82929229736328, 59.083518981933594, 92.90061950683594, 60.263206481933594, 45.217811584472656]"
2013-10-23,2013-10-29,1774.0,8340,4110.0,"[7, 0, 9, 16, 0, 6, 0]","[0, 7, 0, 0, 8, 0, 6]","[0.3, 0.3, 0.3, 0.3, 0.3, 0.0, 0.0]","[43, 45, 72, 92, 66, 46, 46]","[41.0254020690918, 47.76767349243164, 56.833003997802734, 95.70233917236328, 57.0563850402832, 35.904300689697266, 40.22937774658203]"
2013-10-24,2013-10-30,1821.0,8457,4195.0,"[6, 11, 15, 0, 6, 0, 8]","[2, 0, 1, 8, 0, 5, 0]","[0.03724365385319773, 0.16169913540904177, 0.3, 0.3, 0.3, 0.3, 0.3]","[45, 72, 92, 66, 46, 46, 40]","[50.70059585571289, 62.68914794921875, 96.38338470458984, 53.81929016113281, 36.23285675048828, 37.65800094604492, 46.50636672973633]"
2013-10-25,2013-10-31,1742.0,7569,4585.0,"[5, 11, 2, 4, 4, 4, 5]","[6, 4, 6, 2, 6, 3, 2]","[0.1627687233470466, 0.11162925364608596, 0.13278353451269057, 0.104676719192139, 0.166106239083876, 0.03715676116481642, 0.1643073174635387]","[72, 92, 66, 46, 46, 40, 31]","[59.95351791381836, 91.80363464355469, 56.1685676574707, 35.185482025146484, 39.30228805541992, 45.97203063964844, 44.9886589050293]"
2013-10-26,2013-11-01,1423.0,6938,4560.0,"[19, 0, 0, 0, 0, 0, 11]","[0, 8, 6, 6, 6, 6, 0]","[0.03676069101353088, 0.0, 0.00011832503092119967, 0.3, 0.0, 0.3, 0.0016117623593595398]","[92, 66, 46, 46, 40, 31, 53]","[92.42301940917969, 59.31449890136719, 45.11650848388672, 40.87351608276367, 45.3338508605957, 44.157371520996094, 67.46826171875]"
2013-10-27,2013-11-02,1233.0,6067,3930.0,"[10, 0, 0, 0, 0, 11, 16]","[0, 6, 0, 6, 6, 0, 0]","[0.1318432524854681, 0.3, 0.0, 0.0, 0.039290620152268696, 0.0, 0.0386349066927277]","[66, 46, 46, 40, 31, 53, 84]","[61.08000946044922, 45.46027755737305, 40.82773208618164, 45.25457763671875, 44.179115295410156, 67.65607452392578, 99.12258911132812]"
2013-10-28,2013-11-03,1106.0,7624,4935.0,"[9, 2, 1, 7, 0, 4, 0]","[0, 4, 6, 0, 9, 10, 11]","[0.3, 0.0, 0.0, 0.3, 0.0, 0.11909556901890553, 0.27255964452007786]","[46, 46, 40, 31, 53, 84, 74]","[53.19010543823242, 42.69462585449219, 45.79838943481445, 44.3258171081543, 65.69078063964844, 96.19064331054688, 77.52983856201172]"
2013-10-29,2013-11-04,1271.0,7116,4565.0,"[6, 0, 8, 12, 3, 13, 0]","[0, 6, 0, 0, 12, 0, 5]","[0.0, 0.3, 0.3, 0.0, 0.21199414234546643, 0.0, 0.0]","[46, 40, 31, 53, 84, 74, 35]","[39.25758361816406, 44.875919342041016, 46.47209930419922, 69.97513580322266, 99.93930053710938, 76.34737396240234, 38.45673751831055]"
2013-10-30,2013-11-05,1184.0,7044,4760.0,"[8, 0, 11, 20, 0, 0, 7]","[0, 6, 0, 0, 11, 6, 0]","[0.16616219819181724, 0.0, 0.0, 0.0, 0.0, 0.2995126049631567, 0.3]","[40, 31, 53, 84, 74, 35, 42]","[45.32290267944336, 43.826744079589844, 67.5235366821289, 99.06200408935547, 78.61876678466797, 42.76190948486328, 40.619075775146484]"
2013-10-31,2013-11-06,1080.0,7008,3970.0,"[0, 11, 16, 11, 0, 0, 0]","[6, 0, 0, 2, 6, 6, 0]","[0.0, 0.3, 0.3, 0.3, 0.0, 0.0, 0.0]","[31, 53, 84, 74, 35, 42, 40]","[44.080909729003906, 68.1180648803711, 99.30809020996094, 78.68544006347656, 42.683082580566406, 40.73183059692383, 43.68552780151367]"
2013-11-01,2013-11-07,1696.0,7053,4540.0,"[10, 6, 14, 0, 0, 7, 0]","[0, 10, 0, 5, 6, 0, 6]","[0.0, 0.039996976409631006, 0.0, 0.1624250816613088, 0.0, 0.3, 0.0]","[53, 84, 74, 35, 42, 40, 40]","[62.632110595703125, 105.5086669921875, 81.24636840820312, 39.4807243347168, 39.8956413269043, 44.947418212890625, 44.57860565185547]"
2013-11-02,2013-11-08,1648.0,7350,4050.0,"[16, 13, 2, 2, 0, 0, 10]","[0, 0, 4, 0, 6, 6, 0]","[0.3, 0.034855745323360054, 0.3, 0.3, 0.3, 0.036765167968277696, 0.0]","[84, 74, 35, 42, 40, 40, 71]","[96.01717376708984, 76.63159942626953, 41.46944808959961, 38.15148162841797, 44.20772933959961, 44.457366943359375, 58.88734436035156]"
2013-11-03,2013-11-09,2642.0,11098,6795.0,"[0, 7, 0, 4, 0, 4, 20]","[11, 0, 6, 3, 6, 5, 20]","[0.3, 0.0, 0.0, 0.25134349243773885, 0.3, 0.3, 0.0]","[74, 35, 42, 40, 40, 71, 410]","[77.89582061767578, 42.28303527832031, 39.95207214355469, 42.97116470336914, 43.76338577270508, 57.31353759765625, 395.4129638671875]"
2013-11-04,2013-11-10,3625.0,14130,8580.0,"[0, 0, 7, 0, 10, 20, 20]","[6, 0, 0, 6, 0, 20, 20]","[0.0, 0.009909871252205703, 0.0, 0.0, 0.03519697760192521, 0.0, 0.3]","[35, 42, 40, 40, 71, 410, 314]","[42.12213897705078, 39.61317825317383, 42.92365646362305, 44.061553955078125, 57.82400131225586, 396.1385498046875, 327.26873779296875]"
2013-11-05,2013-11-11,5780.0,16780,10960.0,"[0, 0, 0, 10, 20, 20, 20]","[0, 6, 6, 0, 20, 20, 20]","[0.3, 0.0, 0.21186036132393044, 0.0384990658100089, 0.0, 0.0, 0.0]","[42, 40, 40, 71, 410, 314, 283]","[37.540863037109375, 42.482933044433594, 44.44093704223633, 58.48298645019531, 404.0029296875, 312.173583984375, 255.9674072265625]"
2013-11-06,2013-11-12,6357.0,17384,10445.0,"[0, 0, 10, 20, 20, 20, 8]","[0, 6, 0, 20, 20, 19, 0]","[0.0, 0.3, 0.3, 0.0394829518771342, 0.0, 0.0, 0.0]","[40, 40, 71, 410, 314, 283, 45]","[41.61344909667969, 44.35408020019531, 57.64008331298828, 409.47149658203125, 339.7427673339844, 252.087158203125, 49.214176177978516]"
2013-11-07,2013-11-13,7458.0,17926,10635.0,"[0, 10, 20, 20, 20, 0, 7]","[6, 0, 20, 20, 20, 7, 0]","[0.0, 0.0, 0.0, 0.03658393507408181, 0.03814244187268062, 0.0020291151079643577, 0.0]","[40, 71, 410, 314, 283, 45, 42]","[43.764549255371094, 58.437355041503906, 404.58929443359375, 330.36602783203125, 253.81959533691406, 51.8111686706543, 42.04511642456055]"
2013-11-08,2013-11-14,7266.0,17230,10090.0,"[0, 20, 20, 20, 0, 7, 8]","[8, 20, 20, 20, 0, 0, 0]","[0.008814881892567364, 0.0, 0.03677844122906119, 0.038342138515988625, 0.0, 0.03951616591289339, 0.0]","[71, 410, 314, 283, 45, 42, 49]","[56.639373779296875, 396.2919921875, 327.659912109375, 261.3133544921875, 48.33981704711914, 42.51612091064453, 46.186424255371094]"
2013-11-09,2013-11-15,5945.0,20610,10390.0,"[20, 20, 20, 8, 0, 8, 0]","[20, 20, 20, 0, 0, 0, 10]","[0.0, 0.3, 0.3, 0.0, 0.10873846664432771, 0.3, 0.3]","[410, 314, 283, 45, 42, 49, 62]","[409.40423583984375, 335.478271484375, 252.5097198486328, 49.3303337097168, 47.03614807128906, 50.68463134765625, 71.03451538085938]"
2013-11-10,2013-11-16,5414.0,14408,8320.0,"[20, 20, 0, 0, 7, 11, 15]","[20, 20, 0, 6, 0, 0, 0]","[0.039551563194413025, 0.0, 0.053040502567877706, 0.0, 0.0, 0.0, 0.3]","[314, 283, 45, 42, 49, 62, 115]","[325.3465270996094, 251.07275390625, 50.582279205322266, 40.91472244262695, 42.52974319458008, 65.33380126953125, 92.42584228515625]"
2013-11-11,2013-11-17,3851.0,11718,7075.0,"[20, 0, 1, 0, 10, 15, 0]","[20, 7, 5, 6, 1, 0, 11]","[0.0, 0.3, 0.0, 0.3, 0.0038875905357404874, 0.038434298284925984, 0.0]","[283, 45, 42, 49, 62, 115, 86]","[254.4669647216797, 51.826229095458984, 41.4391975402832, 42.26995849609375, 65.8379135131836, 93.36348724365234, 80.92660522460938]"
2013-11-12,2013-11-18,2373.0,8052,4670.0,"[0, 7, 4, 11, 10, 13, 8]","[8, 0, 3, 0, 5, 0, 0]","[0.013791395188303598, 0.3, 0.06471051654887076, 0.0, 0.17341737104560326, 0.0, 0.0]","[45, 42, 49, 62, 115, 86, 49]","[53.49101638793945, 42.96271896362305, 44.142555236816406, 66.46076202392578, 93.3966064453125, 80.64088439941406, 49.2471923828125]"
2013-11-13,2013-11-19,2370.0,8022,4500.0,"[7, 7, 11, 16, 13, 8, 10]","[0, 0, 0, 0, 0, 0, 0]","[0.0, 0.0, 0.0, 0.0, 0.28465654104855703, 0.0017973369592006422, 0.3]","[42, 49, 62, 115, 86, 49, 42]","[42.16867446899414, 44.67634963989258, 65.97748565673828, 96.23765563964844, 80.47047424316406, 48.056793212890625, 62.36388397216797]"
2013-11-14,2013-11-20,1888.0,8150,5450.0,"[0, 0, 17, 15, 9, 0, 0]","[6, 10, 0, 0, 0, 10, 8]","[0.2691185981888933, 0.17391726522219925, 0.0, 0.03925315442614429, 0.0005587771902945774, 0.0, 0.0]","[49, 62, 115, 86, 49, 42, 43]","[45.447261810302734, 70.17017364501953, 103.11426544189453, 87.3896484375, 57.549888610839844, 72.14187622070312, 62.106407165527344]"
2013-11-15,2013-11-21,2243.0,8436,4885.0,"[11, 16, 10, 0, 0, 8, 0]","[0, 0, 3, 7, 8, 0, 7]","[0.0, 0.3, 0.0, 0.0, 0.0, 0.284851114269148, 0.03908028985860051]","[62, 115, 86, 49, 42, 43, 51]","[65.37464904785156, 93.85255432128906, 81.33590698242188, 49.26503372192383, 57.2625846862793, 48.68880081176758, 53.35136032104492]"
2013-11-16,2013-11-22,2256.0,8497,4950.0,"[16, 1, 8, 3, 7, 5, 0]","[0, 11, 0, 5, 1, 3, 9]","[0.0, 0.3, 0.3, 0.0, 0.03925379678564915, 0.0, 0.0]","[115, 86, 49, 42, 43, 51, 67]","[94.17586517333984, 81.34089660644531, 49.631072998046875, 56.794151306152344, 48.31063461303711, 52.60392379760742, 67.53331756591797]"
2013-11-17,2013-11-23,2131.0,8496,5530.0,"[14, 0, 0, 8, 9, 0, 0]","[0, 7, 8, 0, 0, 10, 16]","[0.0, 0.0, 0.1675454911362538, 0.0, 0.3, 0.0, 0.0]","[86, 49, 42, 43, 51, 67, 141]","[83.38723754882812, 50.18680191040039, 56.844337463378906, 47.93891143798828, 52.46451187133789, 68.32002258300781, 115.06764221191406]"
2013-11-18,2013-11-24,2302.0,8689,5665.0,"[0, 9, 8, 4, 12, 5, 12]","[7, 0, 0, 4, 0, 12, 5]","[0.3, 0.0, 0.0791866679013079, 0.0, 0.0, 0.0, 0.0]","[49, 42, 43, 51, 67, 141, 98]","[50.33474349975586, 56.36761474609375, 48.81966018676758, 53.65937042236328, 69.87460327148438, 115.8909912109375, 106.60216522216797]"
2013-11-19,2013-11-25,2180.0,9114,5775.0,"[7, 0, 9, 0, 0, 12, 10]","[2, 7, 0, 10, 16, 5, 0]","[0.0, 0.0, 0.3, 0.3, 0.0, 0.0, 0.0]","[42, 43, 51, 67, 141, 98, 54]","[56.50892639160156, 47.36989974975586, 52.29499435424805, 68.8371810913086, 115.1710205078125, 105.80658721923828, 61.648197174072266]"
2013-11-20,2013-11-26,2656.0,9835,5345.0,"[8, 8, 10, 0, 15, 10, 0]","[0, 0, 1, 16, 2, 0, 7]","[0.0, 0.0, 0.03854397962347016, 0.3, 0.0, 0.3, 0.3]","[43, 51, 67, 141, 98, 54, 53]","[47.108741760253906, 50.896583557128906, 67.68367767333984, 114.55817413330078, 104.80207061767578, 60.242252349853516, 49.4581184387207]"
2013-11-21,2013-11-27,3187.0,9240,5335.0,"[7, 11, 20, 16, 8, 0, 0]","[0, 0, 0, 0, 0, 7, 10]","[0.03958947264274634, 0.08844957979512635, 0.0001314690553985995, 0.0, 5.469342556256847e-06, 0.3, 0.0]","[51, 67, 141, 98, 54, 53, 108]","[44.026527404785156, 64.66585540771484, 127.38176727294922, 94.75879669189453, 50.28568649291992, 47.39666748046875, 72.31787109375]"
2013-11-22,2013-11-28,3336.0,10816,6010.0,"[9, 14, 2, 4, 6, 6, 5]","[2, 6, 11, 4, 2, 4, 8]","[0.06740146881351783, 0.1686485196285249, 0.16469146164007462, 0.16149202703512286, 0.12478224402118818, 0.08118791263561477, 0.13354490125775492]","[67, 141, 98, 54, 53, 108, 242]","[67.23180389404297, 128.6026153564453, 91.57933044433594, 49.35540771484375, 50.16304397583008, 77.3772964477539, 85.80145263671875]"
2013-11-23,2013-11-29,4577.0,14216,9045.0,"[13, 10, 5, 8, 0, 0, 20]","[5, 7, 4, 0, 11, 15, 20]","[0.16564665336166742, 0.0, 0.0, 0.0, 0.035960025301940694, 0.12973573450017478, 0.0]","[141, 98, 54, 53, 108, 242, 504]","[113.52580261230469, 104.60218048095703, 59.07924270629883, 48.38002395629883, 81.18395233154297, 108.11277770996094, 438.7885437011719]"
2013-11-24,2013-11-30,4869.0,15046,8800.0,"[16, 8, 0, 3, 16, 20, 20]","[0, 1, 8, 10, 0, 20, 0]","[0.3, 9.706406200607367e-05, 0.0, 0.038053228403276386, 0.3, 0.0, 0.0]","[98, 54, 53, 108, 242, 504, 163]","[96.44366455078125, 55.71795654296875, 53.436622619628906, 89.94074249267578, 96.40371704101562, 438.0085144042969, 118.04385375976562]"
2013-11-25,2013-12-01,5440.0,15609,9100.0,"[9, 0, 0, 0, 20, 20, 18]","[0, 7, 13, 14, 20, 1, 3]","[0.3, 0.0, 0.0, 0.3, 0.03689568034351253, 0.03495762337497523, 0.0]","[54, 53, 108, 242, 504, 163, 116]","[59.11422348022461, 51.12123489379883, 89.09919738769531, 95.90562438964844, 433.59954833984375, 128.98643493652344, 127.31832122802734]"
2013-11-26,2013-12-02,4914.0,14880,8570.0,"[9, 0, 14, 20, 9, 14, 10]","[0, 11, 0, 20, 9, 6, 0]","[0.0, 0.3, 0.0, 0.0, 0.3, 0.0, 0.0]","[53, 108, 242, 504, 163, 116, 55]","[50.89164352416992, 79.97456359863281, 88.14852905273438, 444.6397705078125, 117.45781707763672, 127.81819915771484, 59.39499282836914]"
2013-11-27,2013-12-03,5357.0,15072,8630.0,"[0, 17, 20, 20, 20, 7, 11]","[12, 0, 20, 0, 0, 2, 0]","[0.16899857311823158, 0.04072427781513909, 0.0, 0.0, 0.3, 0.0, 0.0]","[108, 242, 504, 163, 116, 55, 42]","[84.66177368164062, 99.55706787109375, 439.7724609375, 120.99713134765625, 127.94557189941406, 56.38191604614258, 69.201904296875]"
2013-11-28,2013-12-04,5248.0,14072,8330.0,"[2, 20, 20, 14, 5, 10, 11]","[11, 20, 0, 6, 3, 0, 0]","[0.028224683310233555, 0.03774407516305059, 0.036729782662470574, 0.0, 0.0, 0.0, 0.3]","[242, 504, 163, 116, 55, 42, 62]","[94.36268615722656, 444.63531494140625, 122.20901489257812, 127.59757232666016, 57.84534454345703, 69.74321746826172, 68.44114685058594]"
2013-11-29,2013-12-05,3729.0,14600,9540.0,"[20, 20, 20, 0, 11, 20, 8]","[20, 3, 0, 9, 0, 0, 8]","[0.03921868544590603, 0.3, 0.039327765001371334, 0.2411207494881507, 0.0, 0.0, 0.0]","[504, 163, 116, 55, 42, 62, 55]","[468.6578369140625, 142.17710876464844, 134.50718688964844, 62.980377197265625, 64.27998352050781, 74.37820434570312, 106.6135025024414]"
2013-11-30,2013-12-06,2448.0,11290,7360.0,"[16, 20, 0, 10, 13, 19, 15]","[9, 0, 9, 0, 0, 0, 0]","[0.2658648665277328, 0.0, 0.0010540193582397623, 0.3, 0.0, 0.036283849880992564, 0.0]","[163, 116, 55, 42, 62, 55, 77]","[162.19285583496094, 131.856689453125, 63.097660064697266, 61.289329528808594, 75.75251007080078, 105.64724731445312, 90.07548522949219]"
2013-12-01,2013-12-07,1584.0,9869,7700.0,"[16, 0, 11, 0, 9, 0, 17]","[6, 9, 0, 10, 8, 13, 5]","[0.03611911057274523, 7.95542864758898e-05, 0.0, 0.25224384017701823, 0.037227376371750394, 0.0, 0.0]","[116, 55, 42, 62, 55, 77, 118]","[138.2139129638672, 64.09049987792969, 64.35967254638672, 70.94905090332031, 110.68804931640625, 92.44148254394531, 149.06454467773438]"
2013-12-02,2013-12-08,1696.0,9440,7465.0,"[0, 11, 11, 17, 20, 20, 19]","[9, 0, 0, 0, 0, 4, 1]","[0.0, 0.0018522635693489393, 0.035813424535562015, 1.0407411203022049e-05, 0.0, 0.0, 0.0]","[55, 42, 62, 55, 77, 118, 112]","[62.16761779785156, 62.745216369628906, 68.18411254882812, 102.68623352050781, 89.5845718383789, 151.18624877929688, 121.51605987548828]"
2013-12-03,2013-12-09,2036.0,10462,7100.0,"[10, 11, 11, 12, 13, 20, 12]","[0, 0, 5, 2, 11, 0, 0]","[0.1671519304442255, 0.0, 0.3, 0.3, 0.0, 0.03797546796974684, 0.0]","[42, 62, 55, 77, 118, 112, 58]","[59.78140640258789, 62.716670989990234, 103.59864044189453, 88.43052673339844, 154.4249267578125, 122.71581268310547, 75.48616790771484]"
2013-12-04,2013-12-10,1493.0,10924,7795.0,"[0, 17, 19, 20, 5, 4, 12]","[9, 0, 0, 5, 13, 7, 2]","[0.3, 0.3, 0.0, 0.0, 0.2417508765482325, 0.0, 0.0]","[62, 55, 77, 118, 112, 58, 61]","[62.56406021118164, 102.99085235595703, 89.65885925292969, 153.3705291748047, 122.38944244384766, 71.23152160644531, 86.94100189208984]"
2013-12-05,2013-12-11,1737.0,10984,7990.0,"[9, 8, 12, 6, 6, 8, 9]","[7, 6, 11, 11, 5, 6, 6]","[0.0827667466355202, 0.1703923648616239, 0.12277393364036879, 0.11069909417204347, 0.03554476647482528, 0.1083523741940174, 0.12170967460359432]","[55, 77, 118, 112, 58, 61, 70]","[102.81556701660156, 90.45612335205078, 149.9965057373047, 115.57526397705078, 73.00750732421875, 89.1826400756836, 99.09333038330078]"
2013-12-06,2013-12-12,2366.0,11423,7695.0,"[8, 14, 10, 6, 4, 12, 7]","[4, 9, 8, 5, 9, 3, 8]","[0.1037929566717715, 0.12562018556200677, 0.12927384261634609, 0.1953243832514943, 0.08657933160090045, 0.04019504122671802, 0.17312242855410084]","[77, 118, 112, 58, 61, 70, 76]","[78.85137176513672, 147.84310913085938, 116.97177124023438, 70.0924301147461, 88.82766723632812, 96.4180908203125, 96.66394805908203]"
2013-12-07,2013-12-13,2549.0,11304,8140.0,"[10, 10, 5, 12, 3, 14, 6]","[12, 8, 7, 2, 11, 2, 10]","[0.03548067428351207, 0.10552860729381469, 0.12438027508730509, 0.0586025747431846, 0.03944764724884443, 0.03798354924056092, 0.038298702847643445]","[118, 112, 58, 61, 70, 76, 91]","[144.24835205078125, 115.68464660644531, 75.96329498291016, 88.4524917602539, 98.9971694946289, 100.50931549072266, 109.6240005493164]"
2013-12-08,2013-12-14,2985.0,12542,8890.0,"[20, 14, 16, 17, 16, 0, 7]","[0, 0, 0, 0, 0, 16, 20]","[0.0, 0.036985521176234194, 0.08581800755154824, 0.03576641951753654, 0.2711385865671193, 0.035782160221851475, 0.03552245877479674]","[112, 58, 61, 70, 76, 91, 192]","[114.32037353515625, 73.12515258789062, 91.27972412109375, 96.46833801269531, 97.30673217773438, 111.07274627685547, 186.0833282470703]"
2013-12-09,2013-12-15,2743.0,13647,9150.0,"[6, 5, 9, 6, 7, 14, 14]","[6, 9, 6, 9, 9, 12, 10]","[0.03821933550919268, 0.11600487243774155, 0.1666629242699928, 0.16172000798388, 0.1742782892376472, 0.16540567776344356, 0.1332734958002895]","[58, 61, 70, 76, 91, 192, 141]","[75.54058837890625, 91.41615295410156, 93.32549285888672, 99.091064453125, 107.05643463134766, 183.46005249023438, 154.4497528076172]"
2013-12-10,2013-12-16,3163.0,13650,9550.0,"[2, 0, 11, 3, 20, 4, 20]","[11, 13, 4, 13, 9, 18, 0]","[0.012692709892505052, 0.0, 0.0, 0.0, 0.03924652146802624, 0.28013056772440875, 0.0]","[61, 70, 76, 91, 192, 141, 87]","[86.47447204589844, 91.21186065673828, 94.53068542480469, 105.59410095214844, 180.4950408935547, 152.50082397460938, 119.39804077148438]"
2013-12-11,2013-12-17,4044.0,14224,8765.0,"[6, 11, 11, 11, 14, 14, 14]","[6, 4, 6, 13, 8, 4, 3]","[0.16515998324517256, 0.06470808920952291, 0.10649570881042011, 0.03890931437727493, 0.17354507623339296, 0.10752327941094167, 0.16769585345979407]","[70, 76, 91, 192, 141, 87, 87]","[80.21359252929688, 91.35697937011719, 106.02593231201172, 155.9330596923828, 142.8159942626953, 109.97132110595703, 104.83960723876953]"
2013-12-12,2013-12-18,4635.0,15177,9115.0,"[7, 13, 10, 12, 10, 8, 12]","[6, 3, 14, 12, 7, 6, 7]","[0.04067272134475389, 0.039671214814710504, 0.12831736660804147, 0.12728037105559128, 0.1147865959310513, 0.16425529785520443, 0.16595332667664442]","[76, 91, 192, 141, 87, 87, 117]","[86.1269302368164, 98.40510559082031, 159.59739685058594, 154.12142944335938, 108.5550308227539, 89.88530731201172, 126.97703552246094]"
2013-12-13,2013-12-19,4010.0,15727,10115.0,"[5, 9, 9, 8, 6, 12, 11]","[9, 14, 13, 10, 10, 8, 11]","[0.1694053503441084, 0.12010306469386972, 0.17366444090289196, 0.10558823166325193, 0.10712509856792904, 0.12896094580478978, 0.038405853109010735]","[91, 192, 141, 87, 87, 117, 105]","[92.77597045898438, 151.53314208984375, 145.55029296875, 118.29269409179688, 105.42127990722656, 128.9376220703125, 142.47601318359375]"
2013-12-14,2013-12-20,5139.0,16125,9625.0,"[12, 20, 18, 4, 8, 20, 9]","[14, 0, 0, 10, 9, 0, 13]","[0.0, 0.008239623460454886, 0.3, 0.03715638896456861, 0.3, 0.0, 0.0]","[192, 141, 87, 87, 117, 105, 147]","[170.68966674804688, 152.70449829101562, 109.80304718017578, 92.61490631103516, 112.2452163696289, 123.29607391357422, 148.05763244628906]"
2013-12-15,2013-12-21,5267.0,17220,10600.0,"[14, 19, 0, 19, 20, 0, 20]","[10, 0, 12, 0, 1, 20, 12]","[0.04076674814744212, 0.0, 0.00025678600305346493, 0.0, 0.040199831901539154, 0.0, 0.3]","[141, 87, 87, 117, 105, 147, 213]","[153.48927307128906, 106.04553985595703, 92.789306640625, 112.54798889160156, 127.92081451416016, 145.3938751220703, 208.6587371826172]"
2013-12-16,2013-12-22,5633.0,16791,11285.0,"[4, 19, 19, 0, 16, 18, 20]","[12, 0, 0, 18, 7, 13, 10]","[0.015162516570223624, 0.02386015416020171, 0.0, 0.03674857057404135, 0.0, 0.0, 0.0]","[87, 87, 117, 105, 147, 213, 222]","[107.31228637695312, 91.58966064453125, 115.48213958740234, 125.43741607666016, 142.95657348632812, 202.68002319335938, 192.52024841308594]"
2013-12-17,2013-12-23,6552.0,18498,10660.0,"[10, 13, 14, 14, 18, 10, 9]","[4, 5, 5, 8, 12, 16, 10]","[0.07741283062517676, 0.03831405010642466, 0.21212168403343332, 0.12265756959325974, 0.12713314030799483, 0.03976249254080082, 0.11613957999292711]","[87, 117, 105, 147, 213, 222, 198]","[89.8604507446289, 111.37701416015625, 121.37081146240234, 142.19383239746094, 203.88729858398438, 194.21070861816406, 123.33658599853516]"
2013-12-18,2013-12-24,6364.0,18603,11010.0,"[7, 8, 11, 15, 16, 10, 10]","[9, 10, 11, 16, 10, 10, 8]","[0.16714644179392502, 0.05778335550813042, 0.040427263856101764, 0.08469114160245379, 0.12205018872823635, 0.0870016080893468, 0.16479822370685274]","[117, 105, 147, 213, 222, 198, 98]","[106.8427505493164, 118.33931732177734, 144.9161834716797, 205.52401733398438, 193.48960876464844, 130.24964904785156, 120.47802734375]"
2013-12-19,2013-12-25,5279.0,17675,10780.0,"[12, 11, 17, 14, 12, 11, 5]","[7, 11, 15, 16, 8, 7, 5]","[0.16534879909792713, 0.10596796109121867, 0.12075021566231109, 0.03880918254451721, 0.16785275947974945, 0.17173888370043175, 0.049836210256109625]","[105, 147, 213, 222, 198, 98, 0]","[125.4176025390625, 148.72972106933594, 209.44383239746094, 195.43971252441406, 127.91665649414062, 118.98802185058594, 64.50751495361328]"
2013-12-20,2013-12-26,5251.0,17204,11020.0,"[14, 11, 9, 16, 0, 10, 6]","[9, 20, 20, 5, 18, 0, 12]","[0.3, 0.0, 0.03498407688962123, 0.0, 0.0, 0.16093134767431022, 0.001249454353254198]","[147, 213, 222, 198, 98, 0, 198]","[146.2161407470703, 207.3112335205078, 194.52560424804688, 132.95223999023438, 125.09037017822266, 62.6124267578125, 118.62904357910156]"
2013-12-21,2013-12-27,4155.0,16532,11610.0,"[11, 10, 20, 20, 0, 20, 12]","[20, 20, 0, 1, 9, 0, 18]","[0.0, 0.0, 0.0, 0.03520265403658063, 0.3, 0.3, 0.0]","[213, 222, 198, 98, 0, 198, 129]","[205.89373779296875, 197.62246704101562, 128.62094116210938, 125.8115005493164, 65.81394958496094, 123.7684097290039, 198.35470581054688]"
2013-12-22,2013-12-28,4007.0,16076,11205.0,"[10, 8, 10, 0, 15, 18, 20]","[20, 11, 8, 8, 5, 13, 6]","[0.03467938520349573, 0.0, 0.0, 0.0, 0.0, 0.3, 0.0]","[222, 198, 98, 0, 198, 129, 169]","[198.56207275390625, 122.29485321044922, 116.57540893554688, 53.53361511230469, 124.61956787109375, 201.81552124023438, 165.97727966308594]"
2013-12-23,2013-12-29,3326.0,14337,10275.0,"[20, 20, 12, 20, 11, 20, 19]","[0, 0, 0, 0, 19, 4, 7]","[0.0, 0.3, 0.03571803187468501, 0.03790317433285334, 0.03504421927876873, 0.0, 0.0]","[198, 98, 0, 198, 129, 169, 135]","[128.92210388183594, 125.35737609863281, 71.90447235107422, 122.12870025634766, 196.2275848388672, 148.1865234375, 167.05946350097656]"
2013-12-24,2013-12-30,2035.0,13710,11630.0,"[20, 13, 0, 11, 0, 7, 20]","[6, 0, 19, 20, 20, 20, 0]","[0.0, 0.3, 0.0, 0.0, 0.0, 0.0, 0.03893525343978744]","[98, 0, 198, 129, 169, 135, 161]","[162.9012908935547, 78.61854553222656, 129.52874755859375, 206.25624084472656, 153.97621154785156, 183.4263458251953, 121.20980072021484]"
2013-12-25,2013-12-31,3353.0,14084,10470.0,"[0, 0, 20, 20, 20, 20, 0]","[9, 16, 11, 3, 8, 0, 18]","[0.0, 0.12217436483600258, 0.0, 0.0, 0.006301446485468581, 0.0, 0.037719433852532555]","[0, 198, 129, 169, 135, 161, 126]","[61.40281677246094, 114.9926528930664, 195.55323791503906, 144.51515197753906, 171.29978942871094, 116.16925048828125, 125.07222747802734]"
2013-12-26,2014-01-01,4522.0,15967,11525.0,"[20, 13, 3, 20, 2, 11, 17]","[1, 17, 20, 8, 17, 11, 0]","[0.0373782576430748, 0.0, 0.0, 0.0, 0.0, 0.0, 0.0]","[198, 129, 169, 135, 161, 126, 74]","[126.67835235595703, 198.1563720703125, 160.04928588867188, 177.9177703857422, 132.73944091796875, 143.0161895751953, 103.45051574707031]"
2013-12-27,2014-01-02,4803.0,16582,10410.0,"[10, 13, 13, 12, 11, 7, 9]","[17, 12, 12, 8, 11, 6, 4]","[0.036144658607617244, 0.12620301637798256, 0.07275055753864618, 0.12222227516196311, 0.16973058389072507, 0.11278858024650838, 0.11961360727690543]","[129, 169, 135, 161, 126, 74, 82]","[181.87335205078125, 159.5832061767578, 159.97702026367188, 128.21156311035156, 143.88278198242188, 87.31819152832031, 83.09375]"
2013-12-28,2014-01-03,5023.0,14334,7940.0,"[20, 20, 19, 20, 11, 12, 14]","[2, 4, 0, 3, 0, 0, 0]","[0.0, 0.0, 0.3, 0.0, 0.0, 0.03615479839501094, 0.2583183327994025]","[169, 135, 161, 126, 74, 82, 84]","[135.65802001953125, 147.5090789794922, 112.16360473632812, 139.9878387451172, 67.97073364257812, 75.08390808105469, 82.1451187133789]"
2013-12-29,2014-01-04,4648.0,14015,8250.0,"[20, 20, 20, 2, 13, 14, 0]","[5, 0, 4, 9, 0, 0, 14]","[0.03699663847590602, 0.2560306628515748, 0.08565002515743463, 0.1658067387862899, 0.0019398317999002037, 0.08082827291407403, 0.03746459122625496]","[135, 161, 126, 74, 82, 84, 103]","[156.2738800048828, 125.80177307128906, 150.30300903320312, 77.40180969238281, 77.91990661621094, 84.15575408935547, 101.32220458984375]"
2013-12-30,2014-01-05,4479.0,12180,7185.0,"[20, 20, 0, 13, 14, 17, 5]","[0, 2, 10, 0, 0, 0, 7]","[0.16895940747697705, 0.03517099992921897, 0.0, 0.0, 0.0, 0.03770413297316056, 0.0]","[161, 126, 74, 82, 84, 103, 64]","[124.21344757080078, 145.36102294921875, 73.62703704833984, 76.3490982055664, 80.36028289794922, 103.31665802001953, 83.63597106933594]"
2013-12-31,2014-01-06,3030.0,10878,7105.0,"[17, 0, 12, 0, 12, 11, 9]","[8, 11, 1, 12, 5, 3, 0]","[0.0, 0.3, 0.0, 0.03798475453555441, 0.0021841901993161876, 0.0, 0.0]","[126, 74, 82, 84, 103, 64, 45]","[161.50616455078125, 75.54450988769531, 76.45013427734375, 85.8470230102539, 106.08563232421875, 85.03728485107422, 53.459136962890625]"
2014-01-01,2014-01-07,2846.0,9868,5645.0,"[12, 0, 14, 11, 10, 0, 8]","[0, 11, 0, 5, 4, 7, 0]","[0.06007124478159083, 0.03948268228341205, 0.29999910087436393, 0.21199508086342136, 0.0, 0.03711928440839333, 0.0]","[74, 82, 84, 103, 64, 45, 44]","[70.60614013671875, 80.08779907226562, 84.56851959228516, 109.55997467041016, 92.05538940429688, 53.93626022338867, 48.955963134765625]"
2014-01-02,2014-01-08,2561.0,9112,5260.0,"[14, 6, 7, 13, 9, 9, 7]","[0, 7, 8, 0, 0, 0, 0]","[0.0, 0.0, 0.3, 0.0, 0.0, 0.2649995695504338, 0.03685807215546494]","[82, 84, 103, 64, 45, 44, 45]","[82.88456726074219, 84.42036437988281, 97.34296417236328, 78.89952850341797, 53.25482940673828, 53.67909622192383, 45.9996452331543]"
2014-01-03,2014-01-09,1946.0,9000,5270.0,"[14, 0, 3, 0, 0, 0, 8]","[0, 15, 8, 9, 7, 6, 0]","[0.21186890906902048, 0.0, 0.3, 0.0, 0.0, 0.3, 0.3]","[84, 103, 64, 45, 44, 45, 48]","[86.73121643066406, 107.6905288696289, 75.27249908447266, 62.26123809814453, 49.08195495605469, 47.53791046142578, 50.65421676635742]"
2014-01-04,2014-01-10,1809.0,7962,5040.0,"[19, 0, 10, 9, 8, 9, 11]","[0, 11, 0, 0, 0, 0, 0]","[0.0, 0.0, 0.0, 0.3, 0.0, 0.0, 0.3]","[103, 64, 45, 44, 45, 48, 59]","[104.9539794921875, 74.6758041381836, 58.15987014770508, 55.298099517822266, 46.61563491821289, 53.166114807128906, 69.83980560302734]"
2014-01-05,2014-01-11,1254.0,7952,5375.0,"[7, 6, 5, 8, 8, 8, 13]","[5, 3, 4, 0, 3, 4, 3]","[0.10443959047779869, 0.1750965177690506, 0.08946347724344268, 0.16589668421457066, 0.12268432763587972, 0.10250876312102156, 0.16442738279855784]","[64, 45, 44, 45, 48, 59, 86]","[76.25220489501953, 55.16952133178711, 53.46897888183594, 47.43058395385742, 58.66798400878906, 70.70216369628906, 101.5953598022461]"
2014-01-06,2014-01-12,1691.0,7931,4970.0,"[8, 9, 1, 3, 10, 14, 9]","[2, 0, 6, 5, 1, 2, 2]","[0.08658518908857439, 0.2007794954539779, 0.10255103249713339, 0.12044532545183939, 0.2139797723092741, 0.08269601481035939, 0.13294261696815218]","[45, 44, 45, 48, 59, 86, 69]","[50.60988998413086, 51.823822021484375, 39.946929931640625, 55.75553512573242, 69.2125244140625, 99.8766098022461, 70.02627563476562]"
2014-01-07,2014-01-13,1695.0,7839,4610.0,"[8, 0, 8, 0, 1, 11, 6]","[0, 6, 1, 10, 13, 0, 0]","[0.0, 0.0028574133731008007, 0.3, 0.16894112840700495, 0.3, 0.0, 0.01785600323321827]","[44, 45, 48, 59, 86, 69, 40]","[46.21189880371094, 39.54692077636719, 52.970436096191406, 69.91730499267578, 97.82640838623047, 68.6576156616211, 35.478450775146484]"
2014-01-08,2014-01-14,1726.0,6576,3980.0,"[8, 9, 0, 17, 12, 0, 6]","[0, 0, 10, 0, 0, 0, 0]","[0.0, 0.03856864823417102, 0.3, 0.0, 0.002012853325302816, 0.3, 0.0]","[45, 48, 59, 86, 69, 40, 44]","[47.522987365722656, 54.2056770324707, 67.64701080322266, 101.05626678466797, 73.33902740478516, 40.15645217895508, 39.33406066894531]"
2014-01-09,2014-01-15,1630.0,6936,3950.0,"[9, 3, 9, 12, 6, 0, 7]","[0, 8, 6, 0, 0, 0, 0]","[0.04040908974988206, 0.3, 0.0, 0.3, 0.002076577443152214, 0.0, 0.0]","[48, 59, 86, 69, 40, 44, 44]","[54.76267623901367, 75.0260009765625, 98.40811157226562, 72.44094848632812, 36.81531524658203, 41.54430389404297, 45.33732986450195]"
2014-01-10,2014-01-16,1631.0,7700,4570.0,"[0, 17, 11, 0, 6, 0, 0]","[10, 0, 0, 5, 0, 7, 7]","[0.0, 0.03506606348587665, 0.21193687978081785, 0.3, 0.3, 0.11136548583043779, 0.2145954958437342]","[59, 86, 69, 40, 44, 44, 44]","[67.86613464355469, 100.83755493164062, 66.45719146728516, 33.269309997558594, 39.23643112182617, 47.66503143310547, 48.208560943603516]"
2014-01-11,2014-01-17,805.0,7272,5125.0,"[0, 11, 6, 6, 0, 0, 20]","[14, 0, 0, 0, 7, 7, 0]","[0.0, 0.0, 0.3, 0.0, 0.0, 0.3, 0.3]","[86, 69, 40, 44, 44, 44, 49]","[95.99103546142578, 66.57384490966797, 36.2964973449707, 38.07986831665039, 46.61497497558594, 47.50421905517578, 68.30734252929688]"
2014-01-12,2014-01-18,2547.0,9547,6140.0,"[10, 0, 6, 5, 0, 0, 20]","[1, 5, 0, 2, 7, 9, 15]","[0.0355638099427818, 0.0, 0.3, 0.3, 0.0, 0.0, 0.0]","[69, 40, 44, 44, 44, 49, 330]","[68.08076477050781, 38.83514404296875, 37.65080261230469, 46.864959716796875, 46.96417236328125, 67.70592498779297, 223.6085662841797]"
2014-01-13,2014-01-19,3537.0,12373,8490.0,"[6, 0, 0, 8, 11, 20, 20]","[0, 6, 6, 0, 0, 14, 20]","[0.11236597309802215, 0.0, 0.16619005610050477, 0.0, 0.0, 0.04020395877175721, 0.04037123949565519]","[40, 44, 44, 44, 49, 330, 221]","[37.44504165649414, 39.806636810302734, 46.78520584106445, 48.49935531616211, 68.32000732421875, 220.94686889648438, 264.33172607421875]"
2014-01-14,2014-01-20,4148.0,15652,9610.0,"[0, 8, 0, 11, 14, 17, 8]","[6, 0, 0, 0, 20, 20, 20]","[0.3, 0.03748756581957349, 0.2901646218123605, 0.0, 0.3, 0.0, 0.039410242584650396]","[44, 44, 44, 49, 330, 221, 198]","[42.57048416137695, 46.61366271972656, 48.43739700317383, 63.31364440917969, 221.696044921875, 241.0467529296875, 189.81236267089844]"
2014-01-15,2014-01-21,4674.0,14346,9200.0,"[8, 0, 11, 20, 18, 19, 10]","[0, 7, 0, 8, 20, 10, 0]","[0.11244226563981763, 0.0836806855887134, 0.27279430069646965, 0.03509756169454781, 0.03785035222318438, 0.0, 0.0]","[44, 44, 49, 330, 221, 198, 36]","[48.46695327758789, 50.13299560546875, 65.63277435302734, 177.80567932128906, 247.47711181640625, 187.44482421875, 43.80418014526367]"
2014-01-16,2014-01-22,4234.0,15935,8430.0,"[8, 0, 15, 20, 20, 7, 0]","[0, 9, 13, 20, 10, 0, 0]","[0.0, 0.3, 0.3, 0.03724944007400478, 0.3, 0.3, 0.3]","[44, 49, 330, 221, 198, 36, 41]","[49.68049240112305, 64.72589111328125, 179.36390686035156, 253.12684631347656, 187.95030212402344, 41.80773162841797, 40.108123779296875]"
2014-01-17,2014-01-23,4549.0,13687,8725.0,"[0, 20, 17, 0, 7, 0, 0]","[9, 14, 20, 20, 0, 6, 5]","[0.03527946643399726, 0.0, 0.0, 0.0, 0.17365987424096757, 0.0, 0.3]","[49, 330, 221, 198, 36, 41, 37]","[63.82855987548828, 221.53091430664062, 240.1351776123047, 190.40745544433594, 41.703407287597656, 42.97800064086914, 37.29688262939453]"
2014-01-18,2014-01-24,5367.0,15065,8850.0,"[20, 16, 19, 0, 8, 6, 0]","[14, 20, 11, 6, 0, 0, 6]","[0.01176101127815155, 0.036312590353400884, 0.0, 0.0, 0.3, 0.3, 0.3]","[330, 221, 198, 36, 41, 37, 59]","[217.12940979003906, 240.27540588378906, 190.41265869140625, 43.17007064819336, 42.0775260925293, 38.48564147949219, 43.0341911315918]"
2014-01-19,2014-01-25,4197.0,12379,7780.0,"[20, 9, 7, 6, 6, 8, 0]","[20, 20, 0, 0, 0, 0, 12]","[0.0375968826893769, 0.039190277538244, 0.0, 0.3, 0.0, 0.04007644432733398, 0.0]","[221, 198, 36, 41, 37, 59, 79]","[268.0734558105469, 192.37025451660156, 41.02655792236328, 40.15236282348633, 36.728370666503906, 45.71445846557617, 87.95999145507812]"
2014-01-20,2014-01-26,2579.0,9810,5700.0,"[8, 0, 7, 0, 8, 0, 10]","[20, 6, 0, 5, 0, 12, 0]","[0.0, 0.0, 0.0, 0.3, 0.0, 0.3, 0.3]","[198, 36, 41, 37, 59, 79, 72]","[188.54910278320312, 40.71581268310547, 42.95008850097656, 37.50817108154297, 45.344329833984375, 86.93916320800781, 62.31368637084961]"
2014-01-21,2014-01-27,1656.0,5712,3570.0,"[1, 0, 1, 6, 13, 10, 7]","[4, 5, 4, 0, 1, 0, 0]","[0.0, 0.017397410785376276, 0.0, 0.0, 0.009508397586730128, 0.039606775485380975, 0.0]","[36, 41, 37, 59, 79, 72, 36]","[37.78996658325195, 43.12788772583008, 36.15514373779297, 39.36902618408203, 85.65092468261719, 60.91743469238281, 43.69425964355469]"
2014-01-22,2014-01-28,1461.0,5745,3450.0,"[7, 0, 0, 0, 1, 7, 0]","[0, 5, 6, 12, 8, 0, 0]","[0.0, 0.3, 0.12715080150089553, 0.040064938839711364, 0.039717422707764356, 0.0, 0.08727619038276353]","[41, 37, 59, 79, 72, 36, 40]","[41.16326141357422, 36.63046646118164, 46.344932556152344, 87.05721282958984, 60.80622100830078, 40.677818298339844, 34.767799377441406]"
2014-01-23,2014-01-29,1672.0,6018,3495.0,"[0, 7, 12, 10, 7, 0, 7]","[5, 0, 2, 0, 0, 3, 0]","[0.0, 0.10597063862851633, 0.0, 0.039705682613161625, 0.0, 0.0, 0.3]","[37, 59, 79, 72, 36, 40, 40]","[36.43881607055664, 43.16555404663086, 85.84329986572266, 58.82526397705078, 39.39558410644531, 34.34603500366211, 42.405860900878906]"
2014-01-24,2014-01-30,1073.0,7016,4585.0,"[8, 3, 9, 5, 6, 3, 4]","[3, 9, 1, 6, 3, 2, 3]","[0.12000865510192023, 0.11981567444118572, 0.14987597950232207, 0.19611959128134843, 0.21307573920163903, 0.10337738192970951, 0.12422837804916566]","[59, 79, 72, 36, 40, 40, 38]","[38.36894607543945, 80.80170440673828, 57.594783782958984, 45.22665786743164, 35.39521789550781, 32.096656799316406, 37.850730895996094]"
2014-01-25,2014-01-31,1445.0,6186,3960.0,"[0, 10, 0, 0, 0, 7, 9]","[12, 0, 6, 5, 5, 0, 0]","[0.0, 0.0, 0.040792878401817174, 0.0224168501210581, 0.00673004969814743, 0.0, 0.3]","[79, 72, 36, 40, 40, 38, 44]","[85.39306640625, 60.047607421875, 44.824668884277344, 38.18981170654297, 32.508453369140625, 40.4069709777832, 55.2327880859375]"
2014-01-26,2014-02-01,1321.0,6150,4090.0,"[3, 8, 6, 0, 7, 9, 0]","[6, 0, 0, 5, 0, 0, 12]","[0.0, 0.0, 0.03478406622598204, 0.0, 0.3, 0.0, 0.0]","[72, 36, 40, 40, 38, 44, 78]","[59.33710479736328, 47.65620422363281, 36.79057693481445, 33.14785385131836, 39.96278381347656, 55.930965423583984, 86.45223999023438]"
2014-01-27,2014-02-02,176.0,5464,4460.0,"[0, 0, 20, 7, 9, 14, 12]","[6, 0, 0, 0, 0, 0, 0]","[0.0, 0.3, 0.0, 0.03682533448604773, 0.3, 0.03788068428381552, 0.03593006915279688]","[36, 40, 40, 38, 44, 78, 44]","[44.26668930053711, 35.01210021972656, 37.14579391479492, 40.51253128051758, 53.897579193115234, 84.28812408447266, 72.59715270996094]"
2014-01-28,2014-02-03,1035.0,6120,3805.0,"[0, 0, 6, 9, 14, 1, 6]","[5, 4, 0, 0, 0, 9, 0]","[0.3, 0.0, 0.10993275618463025, 0.3, 0.11417072226627, 0.0, 0.0]","[40, 40, 38, 44, 78, 44, 36]","[34.863807678222656, 32.024322509765625, 37.36947250366211, 56.423011779785156, 84.48602294921875, 71.79884338378906, 38.21142578125]"
2014-01-29,2014-02-04,263.0,6448,4580.0,"[6, 7, 0, 0, 0, 6, 6]","[0, 0, 8, 20, 9, 0, 0]","[0.3, 0.0381804674705153, 0.3, 0.3, 0.03993826422378905, 0.0, 0.0]","[40, 38, 44, 78, 44, 36, 25]","[34.06401443481445, 40.489051818847656, 54.27073669433594, 83.7503662109375, 66.60203552246094, 37.23544692993164, 39.17474365234375]"
2014-01-30,2014-02-05,441.0,4917,3480.0,"[5, 9, 1, 0, 0, 0, 0]","[2, 0, 11, 0, 5, 5, 7]","[0.0, 0.03821576584757771, 0.16492376153902558, 0.3, 0.2814915994037747, 0.0006885464434612795, 0.0]","[38, 44, 78, 44, 36, 25, 28]","[41.35963439941406, 55.6268196105957, 86.33099365234375, 66.66199493408203, 38.944793701171875, 37.309837341308594, 48.513912200927734]"
2014-01-31,2014-02-06,534.0,5015,3480.0,"[9, 0, 0, 0, 6, 0, 6]","[0, 12, 10, 5, 0, 0, 0]","[0.0, 0.0, 0.3, 0.0, 0.2878536491439531, 0.0, 0.0]","[44, 78, 44, 36, 25, 28, 31]","[52.156612396240234, 86.7132339477539, 73.66602325439453, 36.625885009765625, 35.898258209228516, 50.73265838623047, 38.77498245239258]"
2014-02-01,2014-02-07,621.0,4783,3625.0,"[0, 4, 6, 0, 0, 2, 0]","[12, 6, 0, 5, 0, 4, 7]","[0.0, 0.0, 0.007160888649645943, 0.0, 0.2778608157650651, 0.009652766209502374, 0.035718793818143434]","[78, 44, 36, 25, 28, 31, 50]","[82.7700424194336, 66.03616333007812, 37.55042266845703, 36.824790954589844, 49.33808517456055, 38.641719818115234, 47.239341735839844]"
2014-02-02,2014-02-08,396.0,5280,3490.0,"[12, 0, 6, 9, 7, 0, 15]","[0, 5, 0, 0, 0, 0, 0]","[0.0, 0.0, 0.0, 0.0013621367432426839, 0.3, 0.0, 0.3]","[44, 36, 25, 28, 31, 50, 94]","[69.65206909179688, 37.23100280761719, 36.11240768432617, 51.21784973144531, 42.31276321411133, 48.69488525390625, 91.904052734375]"
2014-02-03,2014-02-09,917.0,5546,3675.0,"[6, 0, 8, 6, 0, 0, 0]","[0, 0, 0, 0, 6, 12, 9]","[0.3, 0.0, 0.0, 0.27129723770332953, 0.0, 0.0, 0.03879415697829081]","[36, 25, 28, 31, 50, 94, 67]","[36.08305740356445, 35.825260162353516, 47.47252655029297, 37.94611740112305, 45.27472686767578, 83.86571502685547, 60.811012268066406]"
2014-02-04,2014-02-10,1016.0,6388,3605.0,"[0, 8, 6, 8, 9, 0, 7]","[0, 0, 0, 0, 5, 9, 0]","[0.3, 0.3, 0.0, 0.0, 0.3, 0.3, 0.03666935297372349]","[25, 28, 31, 50, 94, 67, 34]","[34.8608512878418, 47.51640701293945, 36.725276947021484, 45.67872619628906, 90.56623840332031, 65.74496459960938, 43.6669807434082]"
2014-02-05,2014-02-11,1312.0,5916,3700.0,"[0, 0, 7, 0, 10, 7, 5]","[6, 5, 0, 12, 0, 0, 0]","[0.2999216823030683, 0.3, 0.0, 0.0, 0.0, 0.0, 0.0]","[28, 31, 50, 94, 67, 34, 44]","[43.14102554321289, 34.27449035644531, 43.88055419921875, 83.87678527832031, 61.85007858276367, 41.188602447509766, 32.73619842529297]"
2014-02-06,2014-02-12,764.0,5898,3980.0,"[5, 7, 15, 9, 7, 0, 20]","[0, 0, 0, 0, 0, 0, 0]","[0.1711097225813929, 0.0, 0.0, 0.0, 0.3, 0.0, 0.3]","[31, 50, 94, 67, 34, 44, 46]","[31.120040893554688, 43.52967071533203, 88.04524230957031, 57.14250183105469, 40.221858978271484, 35.462154388427734, 38.102867126464844]"
2014-02-07,2014-02-13,1884.0,5688,3320.0,"[8, 15, 10, 7, 6, 0, 8]","[0, 0, 0, 0, 0, 0, 0]","[0.0, 0.0, 0.0, 0.0, 0.0, 0.0, 0.0]","[50, 94, 67, 34, 44, 46, 61]","[45.30897903442383, 89.49175262451172, 58.82301712036133, 42.4051628112793, 35.96347427368164, 39.18204879760742, 47.63261032104492]"
2014-02-08,2014-02-14,1826.0,7404,4000.0,"[15, 0, 7, 6, 6, 8, 0]","[0, 8, 0, 0, 0, 0, 8]","[0.0, 0.17359047535760713, 0.3, 0.0049661415153822025, 0.0, 0.3, 0.3]","[94, 67, 34, 44, 46, 61, 82]","[91.12083435058594, 55.7099723815918, 42.37024688720703, 35.212615966796875, 37.124977111816406, 46.02952575683594, 55.873233795166016]"
2014-02-09,2014-02-15,2784.0,10428,6360.0,"[10, 7, 6, 6, 0, 0, 20]","[0, 0, 0, 0, 7, 8, 20]","[0.3, 0.0, 0.0, 0.3, 0.3, 0.0, 0.0]","[67, 34, 44, 46, 61, 82, 303]","[62.55192565917969, 41.715789794921875, 36.231204986572266, 38.15595245361328, 48.234779357910156, 60.63407897949219, 315.11187744140625]"
2014-02-10,2014-02-16,4241.0,13202,8440.0,"[0, 6, 0, 8, 10, 20, 20]","[0, 0, 5, 0, 0, 20, 20]","[0.3, 0.0, 0.0, 0.0, 0.3, 0.0, 0.03620375667614927]","[34, 44, 46, 61, 82, 303, 268]","[42.435401916503906, 37.172523498535156, 39.17564010620117, 48.019203186035156, 61.57974624633789, 323.3074951171875, 285.60723876953125]"
2014-02-11,2014-02-17,5304.0,15990,9975.0,"[0, 6, 0, 10, 20, 20, 16]","[0, 0, 7, 0, 20, 20, 13]","[0.0, 0.0, 0.3, 0.3, 0.0, 0.0, 0.0]","[44, 46, 61, 82, 303, 268, 206]","[35.09761428833008, 38.56760787963867, 46.833553314208984, 62.709190368652344, 317.8174743652344, 282.8972473144531, 187.63088989257812]"
2014-02-12,2014-02-18,5586.0,17371,9630.0,"[0, 0, 0, 20, 20, 20, 0]","[6, 7, 8, 20, 20, 10, 0]","[0.0, 0.03547965152061722, 0.3, 0.0, 0.3, 0.0, 0.3]","[46, 61, 82, 303, 268, 206, 31]","[41.413536071777344, 47.546939849853516, 60.32954406738281, 326.6414794921875, 283.9705505371094, 189.3487548828125, 38.70161437988281]"
2014-02-13,2014-02-19,5224.0,14928,7820.0,"[0, 10, 20, 20, 20, 0, 6]","[0, 0, 20, 20, 0, 0, 0]","[0.0, 0.0, 0.3, 0.0, 0.03796538203285783, 0.2940934972461981, 0.0]","[61, 82, 303, 268, 206, 31, 41]","[46.20731735229492, 60.9739875793457, 324.2418518066406, 283.2896728515625, 186.42161560058594, 36.080535888671875, 36.17652893066406]"
2014-02-14,2014-02-20,5311.0,17970,9330.0,"[11, 20, 20, 8, 7, 0, 0]","[0, 20, 20, 20, 0, 0, 6]","[0.0, 0.0, 0.3, 0.3, 0.0, 0.3, 0.3]","[82, 303, 268, 206, 31, 41, 33]","[66.3358383178711, 326.2607421875, 282.4757995605469, 191.20513916015625, 41.16008377075195, 36.19767379760742, 42.98577880859375]"
2014-02-15,2014-02-21,5300.0,15967,10400.0,"[20, 20, 20, 7, 6, 20, 10]","[20, 20, 9, 0, 0, 0, 0]","[0.0, 0.038511786123679184, 0.03610805653135349, 0.12393133898470947, 0.3, 0.0, 0.0]","[303, 268, 206, 31, 41, 33, 44]","[300.96710205078125, 279.8616027832031, 185.13644409179688, 41.304080963134766, 33.780826568603516, 44.74074935913086, 59.281280517578125]"
2014-02-16,2014-02-22,3783.0,10746,6760.0,"[20, 20, 6, 5, 7, 10, 14]","[20, 0, 0, 0, 0, 0, 0]","[0.0, 0.0, 0.0, 0.0, 0.0, 0.0, 0.0]","[268, 206, 31, 41, 33, 44, 79]","[277.8114013671875, 175.4305877685547, 39.126739501953125, 32.85158920288086, 43.60093688964844, 60.833431243896484, 82.20072174072266]"
2014-02-17,2014-02-23,2249.0,9055,5750.0,"[15, 7, 0, 8, 0, 5, 0]","[13, 0, 5, 0, 8, 7, 9]","[0.035425899716434374, 0.01049029132590844, 0.3, 0.03951736519692199, 0.3, 0.0, 0.16942841118472762]","[206, 31, 41, 33, 44, 79, 53]","[176.43505859375, 39.442901611328125, 36.059608459472656, 47.676143646240234, 58.136993408203125, 79.75861358642578, 64.0675277709961]"
2014-02-18,2014-02-24,930.0,5430,3500.0,"[8, 6, 0, 9, 0, 0, 0]","[0, 0, 6, 0, 11, 8, 0]","[0.08723322968402247, 0.12030094876042509, 0.0, 0.0, 0.03557476430817062, 0.3, 0.3]","[31, 41, 33, 44, 79, 53, 28]","[46.23065948486328, 35.0020751953125, 42.85926818847656, 55.22001266479492, 74.19278717041016, 57.66218948364258, 34.494937896728516]"
2014-02-19,2014-02-25,1064.0,5418,3030.0,"[5, 7, 9, 9, 0, 5, 0]","[0, 0, 0, 3, 8, 0, 0]","[0.0, 0.10480635507965567, 0.0, 0.3, 0.0, 0.3, 0.0]","[41, 33, 44, 79, 53, 28, 31]","[31.59764289855957, 41.32785415649414, 52.953678131103516, 76.1740951538086, 59.327362060546875, 33.672576904296875, 31.824384689331055]"
2014-02-20,2014-02-26,1107.0,5622,3580.0,"[7, 0, 13, 0, 3, 0, 0]","[0, 8, 0, 8, 2, 4, 4]","[0.3, 0.0, 0.0, 0.0, 0.0, 0.0, 0.3]","[33, 44, 79, 53, 28, 31, 33]","[43.30368423461914, 54.874717712402344, 78.02668762207031, 59.44160079956055, 32.832313537597656, 31.7431640625, 32.89133071899414]"
2014-02-21,2014-02-27,998.0,5275,3115.0,"[0, 0, 10, 5, 0, 4, 0]","[7, 11, 0, 1, 4, 1, 0]","[0.0, 0.3, 0.0, 0.0, 0.16456814524498242, 0.03528315274430116, 0.0]","[44, 79, 53, 28, 31, 33, 30]","[51.58243942260742, 77.3899154663086, 58.874855041503906, 37.565006256103516, 31.45187759399414, 31.00815200805664, 42.774593353271484]"
2014-02-22,2014-02-28,930.0,5262,3475.0,"[0, 10, 0, 0, 0, 0, 8]","[10, 0, 5, 4, 4, 5, 0]","[0.0, 0.0, 0.0, 0.0, 0.0, 0.12423603732911377, 0.3]","[79, 53, 28, 31, 33, 30, 39]","[70.68607330322266, 57.80574035644531, 35.92394256591797, 30.135530471801758, 30.932884216308594, 38.867191314697266, 46.89242172241211]"
2014-02-23,2014-03-01,720.0,5706,3655.0,"[0, 6, 5, 5, 1, 8, 8]","[8, 0, 0, 0, 5, 0, 5]","[0.0, 0.0, 0.0, 0.0, 0.10227630865522207, 0.3, 0.3]","[53, 28, 31, 33, 30, 39, 68]","[57.553470611572266, 35.30827713012695, 31.97060203552246, 31.710742950439453, 44.46638107299805, 47.75764846801758, 81.80455780029297]"
2014-02-24,2014-03-02,-26.0,6000,4430.0,"[20, 5, 6, 7, 8, 13, 0]","[0, 0, 0, 0, 0, 0, 8]","[0.3, 0.0, 0.3, 0.0, 0.3, 0.0, 0.3]","[28, 31, 33, 30, 39, 68, 54]","[33.02256774902344, 31.975446701049805, 33.55613708496094, 42.68108367919922, 48.8647346496582, 81.31285858154297, 60.38917541503906]"
2014-02-25,2014-03-03,1019.0,5724,3475.0,"[5, 5, 7, 8, 12, 10, 0]","[0, 0, 0, 0, 1, 0, 5]","[0.3, 0.0, 0.0, 0.3, 0.0, 0.002019708902266631, 0.3]","[31, 33, 30, 39, 68, 54, 33]","[32.229923248291016, 31.833938598632812, 43.81935119628906, 50.66769027709961, 80.38410186767578, 61.97377014160156, 40.11369705200195]"
2014-02-26,2014-03-04,479.0,4770,3470.0,"[0, 1, 0, 13, 0, 0, 0]","[0, 5, 7, 0, 9, 6, 4]","[0.29599177641092606, 0.0, 0.3, 0.0, 0.0, 0.0, 0.0]","[33, 30, 39, 68, 54, 33, 31]","[31.460737228393555, 40.329776763916016, 50.51030349731445, 80.58834075927734, 60.46493148803711, 41.94524002075195, 31.8946533203125]"
2014-02-27,2014-03-05,702.0,5286,3290.0,"[0, 8, 14, 0, 0, 5, 6]","[6, 0, 0, 9, 0, 0, 0]","[0.0013908009712888026, 0.3, 0.3, 0.03920890786713809, 0.007648858304202484, 0.0, 0.0]","[30, 39, 68, 54, 33, 31, 34]","[43.86891174316406, 46.13750076293945, 82.3329849243164, 64.714111328125, 45.76362991333008, 28.185195922851562, 36.723114013671875]"
2014-02-28,2014-03-06,536.0,5534,4210.0,"[0, 0, 20, 7, 0, 6, 7]","[6, 11, 0, 0, 4, 0, 0]","[0.0, 0.0, 0.0, 0.0, 0.07990023450612764, 0.03705444298484407, 0.3]","[39, 68, 54, 33, 31, 34, 36]","[45.431495666503906, 78.3163833618164, 57.38129806518555, 41.958927154541016, 29.243101119995117, 37.190242767333984, 40.099151611328125]"
2014-03-01,2014-03-07,332.0,5970,4570.0,"[0, 10, 8, 20, 6, 6, 9]","[11, 0, 0, 0, 0, 0, 0]","[0.03537791685731314, 0.03604906809826839, 0.0, 0.3, 0.23486774325311274, 0.23516565451819454, 0.0035672232122037047]","[68, 54, 33, 31, 34, 36, 43]","[78.08391571044922, 60.76075744628906, 46.012535095214844, 28.401615142822266, 37.074398040771484, 36.999534606933594, 56.41327667236328]"
2014-03-02,2014-03-08,1331.0,6057,3520.0,"[9, 8, 4, 6, 6, 9, 13]","[0, 0, 0, 0, 0, 0, 0]","[0.0, 0.03496279968530018, 0.3, 0.0, 0.0, 0.0, 0.3]","[54, 33, 31, 34, 36, 43, 77]","[53.4376220703125, 45.362701416015625, 26.274141311645508, 35.46980667114258, 34.403438568115234, 51.9786376953125, 77.19261169433594]"
2014-03-03,2014-03-09,1088.0,6206,3880.0,"[8, 0, 0, 6, 0, 12, 0]","[0, 5, 5, 0, 8, 0, 8]","[0.0, 0.0, 0.3, 0.0, 0.03862537452619207, 0.3, 0.03603413765776618]","[33, 31, 34, 36, 43, 77, 55]","[48.569400787353516, 30.582618713378906, 37.64934539794922, 37.833011627197266, 54.04053497314453, 75.51815032958984, 59.7315559387207]"
2014-03-04,2014-03-10,1566.0,5892,3220.0,"[4, 5, 6, 8, 12, 10, 6]","[0, 0, 0, 0, 0, 0, 0]","[0.0, 0.0, 0.03695859406722139, 0.0, 0.1709666715517295, 0.3, 0.0]","[31, 34, 36, 43, 77, 55, 35]","[21.91457176208496, 29.559709548950195, 34.94878005981445, 50.43585205078125, 74.1316909790039, 58.43972396850586, 35.99429702758789]"
2014-03-05,2014-03-11,1181.0,5727,3205.0,"[0, 7, 0, 12, 10, 0, 5]","[0, 0, 7, 1, 0, 5, 0]","[0.3, 0.3, 0.03549800578949896, 0.0, 0.10279480412633703, 0.3, 0.3]","[34, 36, 43, 77, 55, 35, 31]","[32.38761901855469, 39.42097473144531, 52.28091812133789, 77.69905090332031, 58.0740966796875, 35.290191650390625, 32.27482986450195]"
2014-03-06,2014-03-12,1472.0,6258,3285.0,"[6, 9, 12, 9, 5, 5, 0]","[0, 0, 0, 0, 0, 0, 5]","[0.3, 0.0, 0.3, 0.0, 0.0, 0.0, 0.3]","[36, 43, 77, 55, 35, 31, 35]","[39.0047492980957, 53.770442962646484, 74.89495849609375, 56.92020797729492, 33.06032180786133, 31.020835876464844, 35.99923324584961]"
2014-03-07,2014-03-13,1203.0,5992,3060.0,"[0, 13, 10, 0, 5, 6, 0]","[7, 0, 0, 5, 0, 0, 0]","[0.0, 0.3, 0.3, 0.0, 0.3, 0.12404069813507428, 0.3]","[43, 77, 55, 35, 31, 35, 38]","[51.81184005737305, 79.09432983398438, 59.3845329284668, 35.34699630737305, 32.82828903198242, 35.462890625, 37.929847717285156]"
2014-03-08,2014-03-14,923.0,4506,2630.0,"[0, 10, 0, 5, 6, 0, 0]","[10, 0, 0, 0, 0, 0, 6]","[0.0, 0.3, 0.3, 0.0, 0.0, 0.3, 0.0]","[77, 55, 35, 31, 35, 38, 63]","[73.33448791503906, 59.47260284423828, 33.59278106689453, 31.30721664428711, 34.48478317260742, 34.60219192504883, 46.23174285888672]"
2014-03-09,2014-03-15,1299.0,5802,3820.0,"[0, 0, 0, 6, 0, 8, 0]","[9, 4, 4, 0, 5, 0, 12]","[0.0, 0.3, 0.0, 0.0, 0.0, 0.0, 0.0]","[55, 35, 31, 35, 38, 63, 94]","[62.0199089050293, 33.56538772583008, 28.349266052246094, 34.77278137207031, 34.41366958618164, 48.49717330932617, 85.82816314697266]"
2014-03-10,2014-03-16,1289.0,5490,3310.0,"[0, 0, 6, 0, 0, 14, 11]","[5, 5, 0, 5, 0, 0, 0]","[0.0, 0.0, 0.0, 0.3, 0.03467325683527929, 0.0, 0.11644247483942595]","[35, 31, 35, 38, 63, 94, 70]","[34.4652099609375, 32.28608322143555, 36.422386169433594, 37.22990036010742, 47.25554656982422, 84.73503112792969, 63.92591094970703]"
2014-03-11,2014-03-17,1686.0,5730,3040.0,"[5, 6, 6, 8, 14, 10, 0]","[0, 0, 0, 0, 0, 0, 0]","[0.03543243845406571, 0.3, 0.3, 0.0, 0.0, 0.0, 0.3]","[31, 35, 38, 63, 94, 70, 42]","[30.30943489074707, 34.27192306518555, 35.2947998046875, 47.33769607543945, 85.21868896484375, 63.37147521972656, 40.02690887451172]"
2014-03-12,2014-03-18,1353.0,6055,3330.0,"[0, 0, 0, 0, 11, 6, 7]","[5, 5, 0, 12, 0, 0, 0]","[0.0, 0.2885075891878594, 0.3, 0.0784423835261251, 0.3, 0.17140008312345198, 0.037228649208092]","[35, 38, 63, 94, 70, 42, 36]","[36.66566467285156, 33.95884323120117, 45.51179885864258, 86.56167602539062, 65.72261810302734, 39.11886215209961, 42.08784103393555]"
2014-03-13,2014-03-19,1751.0,7845,4030.0,"[0, 8, 2, 11, 6, 0, 8]","[5, 0, 11, 0, 0, 6, 0]","[0.1693985903039621, 0.3, 0.3, 0.16837412055792964, 0.0, 0.08215286411159549, 0.3]","[38, 63, 94, 70, 42, 36, 46]","[34.746036529541016, 48.131797790527344, 87.3714599609375, 66.74653625488281, 37.6436882019043, 42.50627899169922, 46.66620635986328]"
2014-03-14,2014-03-20,1657.0,6018,3580.0,"[8, 14, 0, 0, 7, 8, 8]","[0, 0, 9, 0, 0, 0, 0]","[0.0, 0.0, 0.0, 0.0, 0.0, 0.0, 0.3]","[63, 94, 70, 42, 36, 46, 43]","[46.682464599609375, 83.25248718261719, 62.715965270996094, 38.25768280029297, 42.86310577392578, 47.113529205322266, 50.38931655883789]"
2014-03-15,2014-03-21,2102.0,7440,4350.0,"[15, 12, 7, 7, 0, 8, 11]","[0, 0, 0, 0, 7, 0, 0]","[0.0, 0.0, 0.0, 0.29997462508090394, 0.3, 0.0, 0.0]","[94, 70, 42, 36, 46, 43, 59]","[88.62985229492188, 70.51171112060547, 40.418670654296875, 42.059669494628906, 48.02460861206055, 50.53386688232422, 65.31243896484375]"
2014-03-16,2014-03-22,1762.0,7598,4615.0,"[12, 0, 0, 0, 8, 0, 16]","[0, 5, 6, 7, 0, 9, 0]","[0.0, 0.3, 0.0, 0.3, 0.0, 0.21399985354433446, 0.0]","[70, 42, 36, 46, 43, 59, 93]","[69.28192138671875, 37.658111572265625, 41.74903106689453, 47.01772689819336, 50.53444290161133, 64.38118743896484, 95.65742492675781]"
2014-03-17,2014-03-23,1965.0,7729,4605.0,"[2, 0, 5, 8, 6, 13, 7]","[4, 6, 2, 0, 4, 3, 4]","[0.06021041104354266, 0.21370641309594218, 0.1719874406065845, 0.21212255395520693, 0.1110910312062065, 0.04030614636988982, 0.1343823120270239]","[42, 36, 46, 43, 59, 93, 68]","[36.86532974243164, 42.710845947265625, 45.32319641113281, 51.0230827331543, 63.49185562133789, 98.12837982177734, 73.1512680053711]"
2014-03-18,2014-03-24,1497.0,8176,4760.0,"[6, 5, 10, 11, 15, 10, 7]","[0, 3, 1, 2, 1, 2, 0]","[0.12438121053597825, 0.17479767765970355, 0.17176813170821864, 0.22779687207421476, 0.2669894631468134, 0.1798619064334853, 0.06129668180078614]","[36, 46, 43, 59, 93, 68, 38]","[44.368221282958984, 45.68219757080078, 53.937713623046875, 65.81956481933594, 96.87750244140625, 73.8025894165039, 37.450103759765625]"
2014-03-19,2014-03-25,2213.0,7594,4330.0,"[8, 9, 11, 17, 12, 6, 7]","[0, 0, 0, 0, 0, 0, 0]","[0.12826762947553388, 0.0, 0.0, 0.0, 0.0364235493959397, 0.3, 0.3]","[46, 43, 59, 93, 68, 38, 46]","[45.773048400878906, 51.834693908691406, 63.82168960571289, 99.65496063232422, 73.34591674804688, 38.14230728149414, 40.749725341796875]"
2014-03-20,2014-03-26,2153.0,7486,4260.0,"[8, 1, 16, 12, 7, 6, 8]","[0, 8, 0, 0, 0, 0, 0]","[0.0, 0.0, 0.0, 0.0, 0.12301239363885258, 0.3, 0.3]","[43, 59, 93, 68, 38, 46, 47]","[50.33428955078125, 64.58943176269531, 98.80569458007812, 71.4590072631836, 40.31356430053711, 38.52810287475586, 49.05784606933594]"
2014-03-21,2014-03-27,2244.0,7172,4275.0,"[4, 16, 12, 6, 6, 0, 0]","[5, 0, 0, 0, 0, 6, 7]","[0.2125469364345775, 0.0, 0.0, 0.0, 0.0, 0.03623649440190661, 0.0069113063214435765]","[59, 93, 68, 38, 46, 47, 54]","[60.85184860229492, 94.996337890625, 70.3617935180664, 36.62752151489258, 37.54163360595703, 46.301761627197266, 49.29208755493164]"
2014-03-22,2014-03-28,2284.0,7789,4355.0,"[16, 8, 6, 0, 8, 0, 11]","[0, 3, 0, 5, 0, 7, 0]","[0.174841259451056, 0.11830806776836683, 0.0, 0.0, 0.3, 0.0, 0.0]","[93, 68, 38, 46, 47, 54, 69]","[96.15867614746094, 68.0173568725586, 35.63945007324219, 36.21217727661133, 45.949913024902344, 48.798728942871094, 69.42337799072266]"
2014-03-23,2014-03-29,2077.0,7966,4570.0,"[12, 0, 0, 0, 0, 12, 14]","[0, 5, 5, 6, 7, 0, 2]","[0.08333183299627814, 0.0, 0.3, 0.23204357919088534, 0.00252939076935746, 0.0, 0.21227824544009058]","[68, 38, 46, 47, 54, 69, 98]","[70.52706146240234, 36.97895431518555, 36.821685791015625, 45.8006477355957, 46.29446792602539, 70.28514099121094, 97.9376220703125]"
2014-03-24,2014-03-30,1840.0,8014,4845.0,"[3, 1, 4, 2, 6, 5, 5]","[5, 4, 3, 5, 5, 9, 6]","[0.16962678636698206, 0.11740492881556441, 0.08828283803352774, 0.1610936260126008, 0.20316058819881985, 0.16326121007176347, 0.036737885544867004]","[38, 46, 47, 54, 69, 98, 68]","[39.771820068359375, 36.35710144042969, 45.36695098876953, 44.6508674621582, 71.93660736083984, 96.36843872070312, 70.80071258544922]"
2014-03-25,2014-03-31,2083.0,7322,3830.0,"[4, 8, 0, 11, 16, 12, 7]","[2, 0, 0, 0, 0, 0, 0]","[0.0, 0.0, 0.0, 0.0, 0.3, 0.03622478985112232, 0.3]","[46, 47, 54, 69, 98, 68, 50]","[36.37596893310547, 47.394264221191406, 46.504638671875, 68.64307403564453, 95.71369171142578, 70.09002685546875, 43.02010726928711]"
2014-03-26,2014-04-01,2297.0,7950,4510.0,"[8, 0, 9, 11, 8, 6, 7]","[0, 7, 3, 5, 3, 0, 0]","[0.0, 0.0, 0.0, 0.0, 0.3, 0.0, 0.3]","[47, 54, 69, 98, 68, 50, 39]","[47.103214263916016, 49.461021423339844, 72.21527862548828, 98.9788818359375, 71.97626495361328, 39.3699836730957, 44.77935028076172]"
2014-03-27,2014-04-02,2201.0,6693,4060.0,"[0, 12, 9, 4, 0, 0, 8]","[7, 0, 6, 6, 6, 0, 0]","[0.0, 0.03879492373702294, 0.0, 0.0, 0.0, 0.0, 0.0]","[54, 69, 98, 68, 50, 39, 46]","[48.0380973815918, 69.59771728515625, 97.87872314453125, 67.75638580322266, 40.31968307495117, 43.69112014770508, 46.37114334106445]"
2014-03-28,2014-04-03,1596.0,8286,5405.0,"[6, 6, 5, 10, 8, 9, 4]","[5, 9, 7, 0, 3, 1, 4]","[0.07082500288089741, 0.17019606909581342, 0.10967543446231628, 0.12019595394616693, 0.12947230378113952, 0.09560153183331482, 0.17663767222022395]","[69, 98, 68, 50, 39, 46, 43]","[72.14218139648438, 98.32157897949219, 66.7939682006836, 40.66243362426758, 43.79001235961914, 49.51935577392578, 52.439247131347656]"
2014-03-29,2014-04-04,1660.0,7464,4700.0,"[5, 11, 0, 2, 0, 0, 10]","[10, 0, 5, 5, 7, 8, 0]","[0.3, 0.0, 0.0, 0.0, 0.0, 0.0, 0.0007522144772435896]","[98, 68, 50, 39, 46, 43, 55]","[100.0869369506836, 67.56958770751953, 41.09345626831055, 46.21078109741211, 49.92485046386719, 54.3162956237793, 60.84001159667969]"
2014-03-30,2014-04-05,1870.0,7527,4645.0,"[0, 7, 0, 8, 0, 0, 15]","[10, 0, 6, 0, 7, 9, 0]","[0.038920169818155645, 0.0, 0.3, 0.3, 0.0, 0.036544463454554865, 0.0]","[68, 50, 39, 46, 43, 55, 94]","[68.47352600097656, 42.250999450683594, 43.20338439941406, 48.197784423828125, 52.06550598144531, 61.223228454589844, 90.42487335205078]"
2014-03-31,2014-04-06,1752.0,7858,4620.0,"[0, 7, 0, 0, 10, 15, 0]","[6, 0, 7, 7, 0, 0, 10]","[0.2988910301256829, 0.0, 0.3, 0.0, 0.3, 0.0016302105107527665, 0.07347111488043497]","[50, 39, 46, 43, 55, 94, 75]","[40.387474060058594, 44.515472412109375, 49.402339935302734, 53.00383377075195, 59.39659118652344, 89.89533233642578, 72.58284759521484]"
2014-04-01,2014-04-07,1462.0,8184,4800.0,"[0, 8, 0, 0, 0, 0, 7]","[6, 0, 8, 9, 13, 10, 0]","[0.3, 0.3, 0.0, 0.0, 0.3, 0.0, 0.3]","[39, 46, 43, 55, 94, 75, 39]","[44.4848747253418, 49.27580642700195, 53.844303131103516, 61.51637649536133, 90.24551391601562, 69.88468933105469, 43.26346206665039]"
2014-04-02,2014-04-08,1872.0,7487,3700.0,"[8, 9, 0, 15, 12, 0, 6]","[0, 0, 8, 0, 0, 0, 0]","[0.3, 0.3, 0.26064759685620636, 0.03709798076083674, 0.3, 0.012438880701892772, 0.0]","[46, 43, 55, 94, 75, 39, 43]","[45.52777099609375, 51.46561050415039, 59.12329864501953, 92.28723907470703, 69.85981750488281, 40.863380432128906, 37.917266845703125]"
2014-04-03,2014-04-09,2052.0,7855,4230.0,"[0, 0, 15, 0, 7, 6, 7]","[7, 8, 0, 10, 0, 0, 0]","[0.03643525337536891, 0.3, 0.0, 0.3, 0.3, 0.0389891495355822, 0.03746845191080813]","[43, 55, 94, 75, 39, 43, 43]","[52.50647735595703, 59.189998626708984, 90.2992935180664, 67.80712890625, 43.28630065917969, 38.539329528808594, 41.962284088134766]"
2014-04-04,2014-04-10,1901.0,6175,3550.0,"[0, 15, 11, 7, 6, 0, 0]","[8, 0, 0, 0, 0, 6, 0]","[0.03844127242385498, 0.0, 0.0, 0.0, 0.3, 0.0, 0.004069159074839008]","[55, 94, 75, 39, 43, 43, 44]","[55.817108154296875, 89.84884643554688, 69.03021240234375, 42.86091232299805, 37.41787338256836, 42.42019271850586, 43.465118408203125]"
2014-04-05,2014-04-11,2131.0,7539,4435.0,"[12, 0, 0, 6, 7, 8, 0]","[3, 10, 6, 0, 0, 0, 9]","[0.036114345534516375, 0.0, 0.0, 0.3, 0.0, 0.3, 0.0]","[94, 75, 39, 43, 43, 44, 64]","[91.2997055053711, 70.85137939453125, 45.67190170288086, 38.49266052246094, 42.784873962402344, 46.14077377319336, 63.17213821411133]"
2014-04-06,2014-04-12,1867.0,7936,4825.0,"[7, 0, 6, 5, 6, 2, 12]","[3, 7, 1, 4, 2, 7, 4]","[0.07064510634331522, 0.10897667971815418, 0.17459175613425817, 0.10404401134661796, 0.039921091193717485, 0.16277197388438341, 0.16513410944212562]","[75, 39, 43, 43, 44, 64, 99]","[66.74259185791016, 41.965972900390625, 39.29334259033203, 41.78136444091797, 43.46538162231445, 63.01927947998047, 98.72488403320312]"
2014-04-07,2014-04-13,2095.0,8282,4490.0,"[7, 7, 7, 0, 11, 7, 12]","[0, 0, 0, 6, 0, 8, 0]","[0.0, 0.0, 0.2777167970822673, 0.0, 0.3, 0.06989202456791575, 0.3]","[39, 43, 43, 44, 64, 99, 71]","[44.30493927001953, 39.388580322265625, 41.599300384521484, 46.06539535522461, 65.54769897460938, 99.77434539794922, 72.85555267333984]"
2014-04-08,2014-04-14,1999.0,8901,4360.0,"[0, 7, 7, 9, 11, 11, 3]","[5, 0, 0, 2, 5, 1, 3]","[0.2417156638810946, 0.3, 0.3, 0.06256708857735432, 0.3, 0.3, 0.16557129737659632]","[43, 43, 44, 64, 99, 71, 47]","[37.42579650878906, 41.34624481201172, 43.75777816772461, 65.3316421508789, 101.9555435180664, 72.4825668334961, 40.21926498413086]"
2014-04-09,2014-04-15,2499.0,8004,4370.0,"[7, 7, 11, 17, 12, 8, 0]","[0, 0, 0, 0, 0, 0, 6]","[0.0, 0.3, 0.3, 0.0, 0.0, 0.0, 0.03699830055754453]","[43, 44, 64, 99, 71, 47, 56]","[44.13193893432617, 45.00717544555664, 65.60185241699219, 101.76332092285156, 74.22315216064453, 46.23298263549805, 43.80497741699219]"
2014-04-10,2014-04-16,2091.0,7636,4125.0,"[7, 6, 5, 5, 0, 0, 0]","[0, 4, 10, 6, 6, 0, 7]","[0.3, 0.03894746683883461, 0.3, 0.03575649933675139, 0.0, 0.3, 0.03535565059314445]","[44, 64, 99, 71, 47, 56, 52]","[45.69664764404297, 62.26926803588867, 100.00142669677734, 73.61909484863281, 41.83548355102539, 43.21510314941406, 54.02943420410156]"
2014-04-11,2014-04-17,2310.0,8327,4935.0,"[0, 20, 11, 7, 0, 9, 0]","[9, 0, 1, 0, 7, 0, 7]","[0.0, 0.0, 0.03998103593048474, 0.0, 0.0, 0.3, 0.3]","[64, 99, 71, 47, 56, 52, 64]","[66.69448852539062, 101.36817932128906, 71.51514434814453, 43.29396438598633, 46.636619567871094, 52.141910552978516, 54.21351623535156]"
2014-04-12,2014-04-18,2048.0,7540,4030.0,"[6, 12, 7, 0, 0, 0, 11]","[9, 0, 0, 6, 7, 0, 0]","[0.0, 0.11871917100388414, 0.3, 0.2849870084108202, 0.3, 0.0, 0.01808235672851701]","[99, 71, 47, 56, 52, 64, 98]","[100.59161376953125, 71.80890655517578, 44.51591873168945, 46.02371597290039, 52.6186637878418, 55.13589859008789, 69.58845520019531]"
2014-04-13,2014-04-19,2261.0,9426,4740.0,"[13, 7, 0, 0, 9, 11, 17]","[0, 0, 6, 7, 0, 0, 0]","[0.3, 0.0, 0.0, 0.0, 0.3, 0.3, 0.3]","[71, 47, 56, 52, 64, 98, 115]","[76.27513122558594, 41.32767868041992, 43.85580825805664, 52.841163635253906, 53.33491516113281, 66.54154968261719, 103.67110443115234]"
2014-04-14,2014-04-20,1078.0,7996,4640.0,"[7, 0, 9, 9, 0, 4, 9]","[0, 6, 0, 0, 10, 10, 0]","[0.3, 0.3, 0.0, 0.3, 0.3, 0.21249459093173081, 0.0]","[47, 56, 52, 64, 98, 115, 0]","[41.67353057861328, 43.99884796142578, 53.50994873046875, 52.53969955444336, 70.06795501708984, 104.36419677734375, 51.83679962158203]"
2014-04-15,2014-04-21,1782.0,7014,4460.0,"[7, 0, 7, 11, 20, 7, 9]","[0, 7, 1, 0, 0, 0, 0]","[0.035949331215096164, 0.3, 0.0, 0.0, 3.479924468454679e-05, 0.3, 0.0]","[56, 52, 64, 98, 115, 0, 50]","[43.57583999633789, 50.622562408447266, 50.35138702392578, 69.09944152832031, 100.42529296875, 40.773189544677734, 53.018829345703125]"
2014-04-16,2014-04-22,1956.0,7108,4440.0,"[9, 9, 5, 17, 6, 8, 1]","[0, 0, 6, 0, 0, 0, 6]","[0.03891702355320853, 0.0, 0.0, 0.0, 0.3, 0.26209203573030604, 0.03634551644051116]","[52, 64, 98, 115, 0, 50, 50]","[55.16884994506836, 55.80036544799805, 68.4831314086914, 102.68397521972656, 38.8597297668457, 50.300262451171875, 47.549129486083984]"
2014-04-17,2014-04-23,1545.0,7122,4610.0,"[0, 0, 13, 0, 0, 8, 9]","[8, 10, 3, 5, 7, 0, 0]","[0.3, 0.0, 0.0, 0.3, 0.0, 0.16085484848473874, 0.0]","[64, 98, 115, 0, 50, 50, 47]","[55.0921745300293, 68.37102508544922, 101.56185150146484, 39.1672248840332, 47.65706253051758, 47.853294372558594, 52.017635345458984]"
2014-04-18,2014-04-24,1373.0,7800,4865.0,"[5, 11, 0, 3, 8, 3, 1]","[6, 6, 7, 5, 0, 4, 7]","[0.0, 0.3, 0.3, 0.0009122111501293757, 0.0, 0.004604170694042239, 0.3]","[98, 115, 0, 50, 50, 47, 61]","[70.41651916503906, 108.27102661132812, 53.40479278564453, 54.8720817565918, 47.60541534423828, 48.07673645019531, 59.30229187011719]"
2014-04-19,2014-04-25,1477.0,8600,4730.0,"[18, 0, 9, 0, 8, 10, 10]","[0, 5, 0, 7, 1, 0, 2]","[0.3, 0.0011656371552183648, 0.038848592598468075, 0.0, 0.3, 0.2998473380277597, 0.3]","[115, 0, 50, 50, 47, 61, 67]","[104.21479034423828, 38.12809371948242, 52.16371536254883, 47.74699401855469, 52.541019439697266, 62.594547271728516, 73.03146362304688]"
2014-04-20,2014-04-26,1396.0,7189,4670.0,"[6, 6, 2, 9, 0, 12, 7]","[0, 1, 5, 0, 9, 0, 8]","[0.03580574184923891, 0.0, 0.0, 0.0, 0.0017247742189148746, 0.03537372415635703, 0.3]","[0, 50, 50, 47, 61, 67, 103]","[36.57102584838867, 52.660736083984375, 47.71420669555664, 52.39012145996094, 61.926124572753906, 75.56549072265625, 97.18777465820312]"
2014-04-21,2014-04-27,1738.0,7608,4400.0,"[0, 0, 0, 3, 0, 16, 10]","[8, 0, 7, 5, 10, 0, 0]","[0.0, 0.0, 0.0, 0.3, 0.0, 0.3, 0.0]","[50, 50, 47, 61, 67, 103, 67]","[54.85538101196289, 45.92564392089844, 50.76218795776367, 57.38705825805664, 72.02919006347656, 95.29158782958984, 59.22318649291992]"
2014-04-22,2014-04-28,2098.0,7163,4110.0,"[0, 0, 10, 0, 16, 10, 7]","[0, 7, 0, 10, 0, 0, 0]","[0.29973766251595135, 0.05655474189634777, 0.08956144790857919, 0.007888757072618638, 0.0, 0.3, 0.00047301960835584647]","[50, 47, 61, 67, 103, 67, 42]","[46.833133697509766, 47.90119171142578, 61.45927047729492, 71.26116180419922, 94.2896957397461, 62.35233688354492, 41.30535888671875]"
2014-04-23,2014-04-29,2084.0,8235,4545.0,"[8, 10, 13, 0, 10, 0, 7]","[0, 0, 0, 14, 0, 5, 0]","[0.16468224891126104, 0.3, 0.0, 0.0, 0.3, 0.0012544793421194553, 0.3]","[47, 61, 67, 103, 67, 42, 32]","[50.290122985839844, 60.17941665649414, 76.13386535644531, 97.10306549072266, 62.907005310058594, 38.42892074584961, 41.83578109741211]"
2014-04-24,2014-04-30,2039.0,6624,3845.0,"[10, 12, 12, 10, 7, 1, 0]","[0, 0, 3, 0, 0, 5, 0]","[0.0, 0.0, 0.0, 0.0, 0.3, 0.0, 0.3]","[61, 67, 103, 67, 42, 32, 44]","[61.41571807861328, 71.64620208740234, 94.79025268554688, 60.871891021728516, 41.74753952026367, 41.278221130371094, 37.961387634277344]"
2014-04-25,2014-05-01,1629.0,7131,3940.0,"[12, 8, 10, 6, 0, 0, 4]","[0, 7, 0, 1, 6, 0, 4]","[0.1614687869634909, 0.3, 0.0, 0.0, 0.3, 0.3, 0.0]","[67, 103, 67, 42, 32, 44, 44]","[71.94132995605469, 97.82698822021484, 60.66444778442383, 40.49571228027344, 41.53351974487305, 38.14724349975586, 55.98044967651367]"
2014-04-26,2014-05-02,1651.0,6282,3740.0,"[16, 10, 0, 7, 6, 9, 11]","[0, 0, 0, 0, 0, 0, 0]","[0.0, 0.3, 0.0, 0.0, 0.0, 0.0, 5.311255687473284e-05]","[103, 67, 42, 32, 44, 44, 61]","[97.50164794921875, 59.07041549682617, 41.43299102783203, 42.22962188720703, 39.1512451171875, 55.23324203491211, 64.87818908691406]"
2014-04-27,2014-05-03,1698.0,7116,4490.0,"[10, 7, 7, 0, 9, 10, 19]","[0, 0, 0, 6, 0, 0, 0]","[0.12758321097682723, 0.12048468165524973, 0.011198614815499107, 0.3, 0.0, 0.02331889714321609, 0.0]","[67, 42, 32, 44, 44, 61, 90]","[63.087921142578125, 42.68701934814453, 41.98215866088867, 40.135189056396484, 53.53630065917969, 63.10700607299805, 96.3679428100586]"
2014-04-28,2014-05-04,1688.0,7134,4485.0,"[0, 7, 7, 0, 10, 16, 2]","[6, 0, 0, 8, 0, 0, 7]","[0.0, 0.3, 0.0, 0.3, 0.0, 0.0, 0.0]","[42, 32, 44, 44, 61, 90, 64]","[42.0179443359375, 41.70935821533203, 39.79084014892578, 53.89165496826172, 61.82545852661133, 96.69519805908203, 64.94154357910156]"
2014-04-29,2014-05-05,1514.0,7498,4410.0,"[7, 6, 9, 0, 0, 1, 6]","[0, 0, 0, 9, 14, 8, 0]","[0.0, 0.0383642240396613, 0.0, 0.0, 0.3, 0.3, 0.12090271626701914]","[32, 44, 44, 61, 90, 64, 35]","[40.86640548706055, 38.64055252075195, 56.348323822021484, 63.74513626098633, 95.94657897949219, 64.00241088867188, 39.624122619628906]"
2014-04-30,2014-05-06,1713.0,7347,4100.0,"[7, 9, 0, 14, 11, 0, 0]","[0, 0, 9, 2, 0, 3, 5]","[0.1826414193057519, 0.0, 0.0, 0.3, 0.17587645990820389, 0.0, 0.1719747407566177]","[44, 44, 61, 90, 64, 35, 33]","[38.373043060302734, 55.519588470458984, 63.9280891418457, 95.73226928710938, 64.72747039794922, 39.72840881347656, 35.30577850341797]"
2014-05-01,2014-05-07,1992.0,6723,4195.0,"[5, 11, 16, 11, 0, 0, 6]","[3, 0, 0, 0, 6, 5, 0]","[0.0, 0.0, 0.03712417970795686, 0.01151102687822983, 0.0, 0.1701691646422275, 0.0]","[44, 61, 90, 64, 35, 33, 36]","[52.54631423950195, 64.7069320678711, 96.59979248046875, 64.54096984863281, 39.78270721435547, 38.317298889160156, 38.433082580566406]"
2014-05-02,2014-05-08,2152.0,7138,3875.0,"[10, 16, 11, 6, 6, 6, 6]","[0, 0, 0, 0, 0, 0, 1]","[0.3, 0.0, 0.039325658451983554, 0.0, 0.0, 0.3, 0.0012222992135709216]","[61, 90, 64, 35, 33, 36, 45]","[59.937625885009766, 96.9819564819336, 65.1549072265625, 36.18100357055664, 35.7096061706543, 39.64350891113281, 43.750484466552734]"
2014-05-03,2014-05-09,1401.0,6270,3945.0,"[0, 11, 7, 0, 0, 7, 0]","[14, 0, 0, 0, 5, 0, 9]","[0.23973995589512634, 0.0, 0.0, 0.3, 0.0, 0.035550171779934, 0.0]","[90, 64, 35, 33, 36, 45, 60]","[95.76990509033203, 66.5289535522461, 39.60352325439453, 36.56512451171875, 36.71268081665039, 45.07268142700195, 67.6525650024414]"
2014-05-04,2014-05-10,1455.0,7668,4365.0,"[0, 7, 0, 6, 1, 11, 0]","[9, 0, 5, 0, 5, 0, 13]","[0.0, 0.0, 0.3, 0.3, 0.3, 0.0, 0.3]","[64, 35, 33, 36, 45, 60, 92]","[64.74431610107422, 39.190834045410156, 35.86000061035156, 36.359127044677734, 44.7462158203125, 65.10089874267578, 95.56146240234375]"
2014-05-05,2014-05-11,2009.0,6791,4350.0,"[6, 0, 7, 0, 9, 16, 0]","[0, 5, 0, 6, 1, 0, 10]","[0.0, 0.037206623464215244, 0.0, 0.038242663926344164, 6.529341502531507e-05, 0.03714551481100342, 0.0]","[35, 33, 36, 45, 60, 92, 76]","[38.75413131713867, 36.62262725830078, 38.4024772644043, 45.960784912109375, 64.9942398071289, 96.0479736328125, 69.8666000366211]"
2014-05-06,2014-05-12,2079.0,6786,4280.0,"[0, 6, 7, 11, 0, 12, 8]","[5, 0, 0, 0, 13, 0, 0]","[0.0, 0.0, 0.02078149652629571, 0.0, 0.0, 0.03485697344290967, 0.0]","[33, 36, 45, 60, 92, 76, 39]","[34.67522430419922, 36.344078063964844, 44.978416442871094, 64.7606201171875, 94.81088256835938, 70.81974792480469, 47.37390899658203]"
2014-05-07,2014-05-13,1490.0,6192,3410.0,"[0, 7, 11, 0, 12, 0, 7]","[0, 0, 0, 14, 0, 0, 0]","[0.0, 0.3, 0.0, 0.0, 0.3, 0.0, 0.0]","[36, 45, 60, 92, 76, 39, 40]","[35.336090087890625, 45.203739166259766, 67.23107147216797, 95.53046417236328, 71.10384368896484, 47.00249481201172, 43.969120025634766]"
2014-05-08,2014-05-14,2053.0,7357,4340.0,"[7, 11, 16, 11, 8, 3, 0]","[0, 0, 0, 0, 0, 4, 6]","[0.0, 0.0, 0.0, 0.3, 0.03500364298211965, 0.0, 0.13425332162963893]","[45, 60, 92, 76, 39, 40, 41]","[43.92205047607422, 64.84020233154297, 95.37708282470703, 68.9486083984375, 46.838321685791016, 45.415584564208984, 46.70758819580078]"
2014-05-09,2014-05-15,1876.0,7080,4620.0,"[0, 3, 0, 8, 7, 0, 0]","[9, 11, 10, 0, 0, 6, 6]","[0.0, 0.0, 0.0, 0.0, 0.0, 0.004727525533756151, 0.21258758260634358]","[60, 92, 76, 39, 40, 41, 53]","[63.430137634277344, 93.69207763671875, 68.03300476074219, 46.515926361083984, 45.673927307128906, 44.85818862915039, 46.025577545166016]"
2014-05-10,2014-05-16,2156.0,7567,4425.0,"[0, 12, 7, 7, 0, 7, 0]","[13, 0, 0, 0, 6, 0, 9]","[0.03756339148103783, 0.0, 0.0, 0.3, 0.0, 0.3, 0.0]","[92, 76, 39, 40, 41, 53, 63]","[94.1180419921875, 71.04273223876953, 47.052799224853516, 43.996089935302734, 45.310672760009766, 45.54536056518555, 67.83699035644531]"
2014-05-11,2014-05-17,1554.0,7894,5035.0,"[7, 1, 1, 7, 2, 10, 8]","[4, 6, 7, 1, 5, 1, 8]","[0.11113340134692412, 0.039522791005380434, 0.0882490695743425, 0.19336770173149562, 0.1275761450369026, 0.16937344120236048, 0.16804206371783817]","[76, 39, 40, 41, 53, 63, 89]","[69.37108612060547, 44.370670318603516, 44.69450378417969, 45.11569595336914, 46.20110321044922, 69.64497375488281, 103.80184936523438]"
2014-05-12,2014-05-18,1610.0,7995,4695.0,"[8, 7, 7, 0, 11, 17, 0]","[0, 0, 0, 6, 0, 0, 11]","[0.3, 0.001577885978869176, 0.0, 0.0, 0.27243400733506407, 0.3, 0.0]","[39, 40, 41, 53, 63, 89, 70]","[48.55573654174805, 43.121124267578125, 44.4667854309082, 45.04429244995117, 69.28548431396484, 102.97765350341797, 78.25579833984375]"
2014-05-13,2014-05-19,1624.0,7429,5030.0,"[0, 7, 0, 0, 19, 0, 0]","[6, 0, 6, 10, 0, 11, 7]","[0.1304682624579857, 0.3, 0.007956169560013746, 0.0, 0.0, 0.0, 0.03647937621940808]","[40, 41, 53, 63, 89, 70, 47]","[44.967960357666016, 44.76085662841797, 45.958404541015625, 70.04580688476562, 105.26620483398438, 78.83654022216797, 53.8856315612793]"
2014-05-14,2014-05-20,1749.0,8616,4925.0,"[7, 0, 7, 0, 13, 8, 0]","[0, 7, 4, 15, 0, 0, 7]","[0.3, 0.0, 0.3, 0.0, 0.3, 0.3, 0.0]","[41, 53, 63, 89, 70, 47, 46]","[42.37363052368164, 47.17913055419922, 70.27094268798828, 102.4925537109375, 78.3497085571289, 51.65947723388672, 55.05698776245117]"
2014-05-15,2014-05-21,1802.0,7528,5245.0,"[0, 6, 0, 13, 8, 8, 0]","[7, 5, 18, 0, 0, 0, 7]","[0.0, 0.0, 0.0, 0.010181031113564595, 0.12743070879251617, 0.0, 0.0]","[53, 63, 89, 70, 47, 46, 52]","[46.995994567871094, 69.36123657226562, 105.49481201171875, 80.71388244628906, 49.28419494628906, 50.67106246948242, 50.08517837524414]"
2014-05-16,2014-05-22,1843.0,8031,5290.0,"[12, 0, 7, 0, 7, 9, 10]","[0, 15, 5, 8, 2, 0, 0]","[0.1700187236797079, 0.0, 0.0, 0.3, 0.0, 0.0, 0.0]","[63, 89, 70, 47, 46, 52, 53]","[69.4760971069336, 103.53562927246094, 79.14949035644531, 53.68674850463867, 54.32854461669922, 54.55446243286133, 63.528621673583984]"
2014-05-17,2014-05-23,1846.0,9120,5140.0,"[0, 12, 5, 9, 0, 10, 11]","[14, 0, 3, 0, 7, 0, 2]","[0.3, 0.0, 0.3, 0.3, 0.0, 0.0, 0.3]","[89, 70, 47, 46, 52, 53, 69]","[102.23242950439453, 74.92158508300781, 51.93673324584961, 52.242332458496094, 50.403907775878906, 60.017669677734375, 79.95693969726562]"
2014-05-18,2014-05-24,3217.0,11106,7200.0,"[0, 0, 9, 0, 10, 12, 20]","[10, 7, 0, 7, 0, 0, 20]","[0.0, 0.0, 0.0, 0.0, 0.0, 0.3, 0.0]","[70, 47, 46, 52, 53, 69, 373]","[71.03427124023438, 49.60525131225586, 52.332252502441406, 49.208831787109375, 60.196041107177734, 73.33228302001953, 400.22930908203125]"
2014-05-19,2014-05-25,4319.0,13430,9000.0,"[8, 0, 8, 0, 12, 20, 20]","[0, 0, 0, 9, 0, 20, 20]","[0.037835756115257635, 0.13256328970804385, 0.06901706003687534, 0.0, 0.03951115370218919, 0.0, 0.0]","[47, 46, 52, 53, 69, 373, 304]","[50.155521392822266, 50.320335388183594, 51.11855697631836, 60.29232406616211, 72.43658447265625, 413.7586975097656, 312.3823547363281]"
2014-05-20,2014-05-26,5371.0,16540,10420.0,"[9, 0, 10, 12, 20, 20, 0]","[0, 7, 0, 0, 20, 20, 20]","[0.04059793911660748, 0.3, 0.0, 0.3, 0.0, 0.0, 0.0]","[46, 52, 53, 69, 373, 304, 287]","[51.039146423339844, 50.28883743286133, 60.58073425292969, 71.7315444946289, 385.756591796875, 301.5610656738281, 277.070556640625]"
2014-05-21,2014-05-27,6654.0,20192,11230.0,"[8, 0, 12, 20, 20, 20, 7]","[0, 8, 0, 20, 20, 20, 0]","[0.21321702467005021, 0.0, 0.3, 0.0, 0.035596874672853926, 0.3, 0.0]","[52, 53, 69, 373, 304, 287, 37]","[45.24210739135742, 58.80006790161133, 74.05901336669922, 400.28778076171875, 303.6678466796875, 276.2771301269531, 41.0087890625]"
2014-05-22,2014-05-28,5958.0,15320,9010.0,"[10, 12, 20, 20, 0, 7, 0]","[0, 0, 20, 20, 20, 0, 0]","[0.3, 0.0, 0.0, 0.03479832165506325, 0.0055902174127328485, 0.0, 0.007436065478228912]","[53, 69, 373, 304, 287, 37, 49]","[59.65789794921875, 70.1640853881836, 380.0535888671875, 290.3458557128906, 272.9211730957031, 45.29708480834961, 43.52791976928711]"
2014-05-23,2014-05-29,5825.0,15751,9470.0,"[12, 0, 20, 20, 7, 0, 8]","[0, 20, 20, 20, 0, 6, 0]","[0.0, 0.0, 0.0, 0.0, 0.3, 0.03569618064835721, 0.28663871605782343]","[69, 373, 304, 287, 37, 49, 41]","[72.72689056396484, 397.4079895019531, 308.8110656738281, 266.9608459472656, 41.61857986450195, 45.79877471923828, 49.696170806884766]"
2014-05-24,2014-05-30,6521.0,19166,10725.0,"[20, 20, 20, 8, 7, 0, 0]","[20, 20, 20, 0, 0, 7, 8]","[0.0, 0.3, 0.03571898416089315, 0.0, 0.28265610392781554, 0.0, 0.0]","[373, 304, 287, 37, 49, 41, 52]","[382.896728515625, 289.5403747558594, 273.6646728515625, 45.16510772705078, 43.708152770996094, 49.315460205078125, 57.47980880737305]"
2014-05-25,2014-05-31,4887.0,13305,8240.0,"[20, 20, 0, 0, 8, 10, 14]","[20, 20, 6, 0, 0, 0, 0]","[0.0, 0.0, 0.1659667530292834, 0.3, 0.0, 0.0, 0.0]","[304, 287, 37, 49, 41, 52, 83]","[307.0119934082031, 277.2193603515625, 43.0586051940918, 44.02173614501953, 49.1840705871582, 59.02754211425781, 85.88553619384766]"
2014-05-26,2014-06-01,3365.0,11586,6845.0,"[20, 7, 8, 7, 9, 0, 0]","[20, 0, 0, 0, 0, 12, 11]","[0.0, 0.03715886718708325, 0.1740091958022215, 0.03693840988781602, 0.0, 0.3, 0.3]","[287, 37, 49, 41, 52, 83, 62]","[280.95526123046875, 42.094696044921875, 45.20160675048828, 43.319644927978516, 56.76200866699219, 87.51361083984375, 77.14733123779297]"
2014-05-27,2014-06-02,1339.0,6734,4665.0,"[7, 7, 0, 0, 6, 0, 4]","[0, 0, 7, 8, 7, 11, 4]","[0.0, 0.0, 0.3, 0.0, 0.0, 0.03667932471711405, 0.0]","[37, 49, 41, 52, 83, 62, 40]","[44.75089645385742, 44.01335525512695, 49.034297943115234, 58.015045166015625, 85.79002380371094, 78.98509979248047, 53.89773178100586]"
2014-05-28,2014-06-03,1433.0,7662,4300.0,"[7, 8, 0, 14, 13, 0, 0]","[0, 0, 8, 0, 0, 7, 5]","[0.3, 0.0, 0.3, 0.3, 0.0, 0.0, 0.3]","[49, 41, 52, 83, 62, 40, 48]","[42.459129333496094, 48.54825973510742, 58.0756950378418, 85.31564331054688, 77.38863372802734, 53.440940856933594, 38.38604736328125]"
2014-05-29,2014-06-04,1385.0,7104,4555.0,"[0, 2, 13, 13, 0, 0, 8]","[7, 7, 1, 0, 8, 5, 0]","[0.0, 0.16712069199288157, 0.0, 0.0, 0.0, 0.3, 0.3]","[41, 52, 83, 62, 40, 48, 46]","[49.57937240600586, 59.911006927490234, 84.57634735107422, 75.87177276611328, 54.08354949951172, 38.40279769897461, 49.19287109375]"
2014-05-30,2014-06-05,1446.0,7423,4575.0,"[3, 6, 6, 5, 3, 8, 5]","[6, 7, 5, 4, 3, 2, 1]","[0.13418498561980197, 0.17424362099023308, 0.11972800998530973, 0.17280391056769667, 0.10584495439603475, 0.17658019384958848, 0.21306523292399715]","[52, 83, 62, 40, 48, 46, 45]","[59.21669006347656, 85.00541687011719, 79.65428924560547, 55.88584518432617, 40.53218078613281, 50.31416320800781, 48.205936431884766]"
2014-05-31,2014-06-06,281.0,7543,5905.0,"[14, 0, 0, 7, 0, 0, 0]","[0, 11, 8, 0, 7, 7, 20]","[0.12514591429049943, 0.3, 0.3, 0.0, 0.03585648884837981, 0.0701832386122231, 0.037354055420984855]","[83, 62, 40, 48, 46, 45, 50]","[82.4198226928711, 78.7308578491211, 58.17728805541992, 40.2525634765625, 50.64015579223633, 48.135353088378906, 60.161128997802734]"
2014-06-01,2014-06-07,1205.0,5918,4080.0,"[8, 9, 7, 0, 0, 10, 14]","[4, 0, 0, 8, 0, 0, 0]","[0.03844001813705069, 0.0, 0.0, 0.0004727478343086542, 0.0, 0.16977908693374416, 0.0]","[62, 40, 48, 46, 45, 50, 77]","[75.97997283935547, 55.10591125488281, 39.79709243774414, 49.64934158325195, 47.59759521484375, 59.75105667114258, 86.28223419189453]"
2014-06-02,2014-06-08,1313.0,7584,4795.0,"[8, 5, 3, 5, 3, 8, 6]","[3, 2, 4, 4, 6, 5, 4]","[0.11839377560589075, 0.11886232208155409, 0.24231137336806402, 0.16455628433753103, 0.1672979980940391, 0.16343414729881323, 0.1280072217160511]","[40, 48, 46, 45, 50, 77, 64]","[53.41132354736328, 39.160892486572266, 49.1308479309082, 46.91101837158203, 58.3292350769043, 86.3784408569336, 62.188194274902344]"
2014-06-03,2014-06-09,1669.0,7194,4190.0,"[6, 8, 0, 0, 0, 10, 7]","[0, 0, 7, 8, 12, 0, 0]","[0.0, 0.0, 0.0, 0.3, 0.3, 0.036238293977163966, 0.0]","[48, 46, 45, 50, 77, 64, 40]","[38.482967376708984, 48.322723388671875, 47.34589767456055, 58.37913131713867, 86.08289337158203, 61.1772346496582, 43.5916633605957]"
2014-06-04,2014-06-10,1112.0,7487,4850.0,"[19, 6, 0, 15, 10, 8, 7]","[0, 2, 8, 0, 0, 0, 0]","[0.014433490548553684, 0.3, 0.3, 0.037349628183800214, 0.3, 0.0, 0.0]","[46, 45, 50, 77, 64, 40, 42]","[50.68586349487305, 48.65104293823242, 60.247894287109375, 86.67236328125, 62.18914031982422, 46.491485595703125, 40.790863037109375]"
2014-06-05,2014-06-11,1113.0,6988,4890.0,"[20, 0, 0, 5, 8, 6, 7]","[0, 8, 12, 5, 0, 0, 0]","[0.0, 0.036892914237849773, 0.3, 0.040106799516333405, 0.03656421644424958, 0.0, 0.0]","[45, 50, 77, 64, 40, 42, 46]","[47.60135269165039, 59.86328125, 85.49057006835938, 63.20668411254883, 45.193359375, 39.509788513183594, 43.14179611206055]"
2014-06-06,2014-06-12,1567.0,6648,4340.0,"[0, 2, 3, 8, 7, 0, 0]","[8, 11, 6, 0, 0, 6, 6]","[0.0, 0.0, 0.0, 0.0, 0.04009587152666327, 0.3, 0.0]","[50, 77, 64, 40, 42, 46, 42]","[58.9013786315918, 87.1717300415039, 61.386634826660156, 45.491390228271484, 40.148170471191406, 43.80488967895508, 45.945823669433594]"
2014-06-07,2014-06-13,1680.0,7812,4180.0,"[14, 2, 3, 7, 7, 8, 0]","[0, 7, 4, 0, 0, 0, 8]","[0.3, 0.3, 0.0, 0.27528677582366573, 0.3, 0.039974221459854915, 0.0]","[77, 64, 40, 42, 46, 42, 58]","[85.65345001220703, 61.3047981262207, 45.6444091796875, 39.502166748046875, 43.631736755371094, 45.99135971069336, 54.886478424072266]"
2014-06-08,2014-06-14,1339.0,7330,4730.0,"[4, 2, 3, 2, 9, 9, 7]","[6, 5, 3, 5, 4, 0, 6]","[0.14596785739444307, 0.18623684487998304, 0.12580257084316523, 0.17460481127555064, 0.0741999951970722, 0.05928546329296009, 0.11244924169052922]","[64, 40, 42, 46, 42, 58, 82]","[58.75343322753906, 44.39291000366211, 39.59661102294922, 43.00511932373047, 46.04655838012695, 54.540828704833984, 86.86280059814453]"
