Date,Sales,Num_Employees,Num_Customers,Pct_On_Sale,TouristEvent,Num_Customers_Clean,Day_of_Week,Is_Weekend,Month,Quarter,Day_of_Year,Is_Black_Friday,Is_Memorial_Day,Is_Holiday,Holiday_Nearby,Is_Tourist_Event,Event_Nearby,Lag_Customers_1,Lag_Customers_7,Lag_Customers_14,Rolling_Mean_7,Rolling_Std_7,Rolling_Mean_30,DayOfWeek,DayOfMonth,WeekOfYear,DayOfYear,Year,DoW_sin,DoW_cos,Month_sin,Month_cos,DayOfYear_sin,DayOfYear_cos,lag_1,lag_2,lag_3,lag_7,lag_14,lag_30,lag_365,rolling_mean_7,rolling_std_7,rolling_mean_14,rolling_std_14,rolling_mean_30,rolling_std_30,rolling_mean_60,rolling_std_60,Days_Since_Start,Trend,is_black_friday,is_christmas,is_new_year,is_holiday,lag_7_14_avg,lag_7_21_avg
2012-07-01,40669,20,170,10.11,,170.0,7,1,7,3,183,0,0,0,0,0,0,136.37974754558206,136.90347949080623,137.4668,136.50501515457668,67.98603307705032,136.4319590643275,6,1,26,183,2012,-0.7818314824680299,0.6234898018587334,-0.4999999999999997,-0.8660254037844388,-0.008606996888688009,-0.9999629591162655,,,,,,,,40669.0,,40669.0,,40669.0,,40669.0,,0,0.0,0,0,0,0,,
2012-07-02,35360,12,152,8.78,,152.0,1,0,7,3,184,0,0,0,0,0,0,170.0,136.90347949080623,137.4668,136.50501515457668,67.98603307705032,136.4319590643275,0,2,27,184,2012,0.0,1.0,-0.4999999999999997,-0.8660254037844388,-0.02581844022713239,-0.9996666485105112,40669.0,,,,,,,38014.5,3754.0299013193808,38014.5,3754.0299013193808,38014.5,3754.0299013193808,38014.5,3754.0299013193808,1,0.0014005602240896359,0,0,0,0,,
2012-07-03,40741,10,185,9.09,,185.0,2,0,7,3,185,0,0,0,0,0,0,152.0,136.90347949080623,137.4668,136.50501515457668,67.98603307705032,136.4319590643275,1,3,27,185,2012,0.7818314824680298,0.6234898018587336,-0.4999999999999997,-0.8660254037844388,-0.04302223300453034,-0.99907411510223,35360.0,40669.0,,,,,,38923.333333333336,3086.1471665060517,38923.333333333336,3086.1471665060517,38923.333333333336,3086.1471665060517,38923.333333333336,3086.1471665060517,2,0.0028011204481792717,0,0,0,0,,
2012-07-04,33871,16,182,10.23,,182.0,3,0,7,3,186,0,0,0,0,0,0,185.0,136.90347949080623,137.4668,136.50501515457668,67.98603307705032,136.4319590643275,2,4,27,186,2012,0.9749279121818236,-0.22252093395631434,-0.4999999999999997,-0.8660254037844388,-0.060213277365792774,-0.9981855344718586,40741.0,35360.0,40669.0,,,,,37660.25,3568.060292371753,37660.25,3568.060292371753,37660.25,3568.060292371753,37660.25,3568.060292371753,3,0.004201680672268907,0,0,0,0,,
2012-07-05,36880,19,155,9.95,,155.0,4,0,7,3,187,0,0,0,0,0,0,182.0,136.90347949080623,137.4668,136.50501515457668,67.98603307705032,136.4319590643275,3,5,27,187,2012,0.43388373911755823,-0.900968867902419,-0.4999999999999997,-0.8660254037844388,-0.07738647923346322,-0.9970011699250151,33871.0,40741.0,35360.0,,,,,37504.2,3109.670191515492,37504.2,3109.670191515492,37504.2,3109.670191515492,37504.2,3109.670191515492,4,0.0056022408963585435,0,0,0,0,,
2012-07-06,43441,25,175,12.22,,175.0,5,0,7,3,188,0,0,0,0,0,0,155.0,136.90347949080623,137.4668,136.50501515457668,67.98603307705032,136.4319590643275,4,6,27,188,2012,-0.433883739117558,-0.9009688679024191,-0.4999999999999997,-0.8660254037844388,-0.09453674981719933,-0.9955213724144752,36880.0,33871.0,40741.0,,,,,38493.666666666664,3689.214640904846,38493.666666666664,3689.214640904846,38493.666666666664,3689.214640904846,38493.666666666664,3689.214640904846,5,0.0070028011204481795,0,0,0,0,,
2012-07-07,47133,24,261,8.55,,261.0,6,1,7,3,189,0,0,0,0,0,0,175.0,136.90347949080623,137.4668,136.50501515457668,67.98603307705032,136.4319590643275,5,7,27,189,2012,-0.9749279121818236,-0.2225209339563146,-0.4999999999999997,-0.8660254037844388,-0.11165900712169444,-0.9937465804361781,43441.0,36880.0,33871.0,,,,,39727.857142857145,4690.895807432787,39727.857142857145,4690.895807432787,39727.857142857145,4690.895807432787,39727.857142857145,4690.895807432787,6,0.008403361344537815,0,0,0,0,,
2012-07-08,40165,19,172,11.24,,172.0,7,1,7,3,190,0,0,0,0,0,0,261.0,170.0,137.4668,182.8571428571429,36.6670995645441,136.4319590643275,6,8,27,190,2012,-0.7818314824680299,0.6234898018587334,-0.4999999999999997,-0.8660254037844388,-0.12874817745258066,-0.99167731989929,47133.0,43441.0,36880.0,40669.0,,,,39655.857142857145,4677.892631964793,39782.5,4345.674828411086,39782.5,4345.674828411086,39782.5,4345.674828411086,7,0.00980392156862745,0,0,0,0,,
2012-07-09,37262,11,125,9.45,,125.0,1,0,7,3,191,0,0,0,0,0,0,172.0,152.0,137.4668,183.14285714285717,36.55784718054648,136.4319590643275,0,9,28,191,2012,0.0,1.0,-0.4999999999999997,-0.8660254037844388,-0.14579919691987442,-0.9893142039703664,40165.0,47133.0,43441.0,35360.0,,,,39927.57142857143,4435.753218907431,39502.444444444445,4150.922611634404,39502.444444444445,4150.922611634404,39502.444444444445,4150.922611634404,8,0.011204481792717087,0,0,0,0,,
2012-07-10,37718,13,125,7.09,,125.0,2,0,7,3,192,0,0,0,0,0,0,125.0,185.0,137.4668,179.28571428571428,41.48378914593943,136.4319590643275,1,10,28,192,2012,0.7818314824680298,0.6234898018587336,-0.4999999999999997,-0.8660254037844388,-0.16280701293851646,-0.9866579328916572,37262.0,40165.0,47133.0,40741.0,,,,39495.71428571428,4490.1832818674475,39324.0,3954.000590119667,39324.0,3954.000590119667,39324.0,3954.000590119667,9,0.012605042016806723,0,0,0,0,,
2012-07-11,35429,16,134,11.17,,134.0,3,0,7,3,193,0,0,0,0,0,0,125.0,182.0,137.4668,170.71428571428572,46.05328177127837,136.4319590643275,2,11,28,193,2012,0.9749279121818236,-0.22252093395631434,-0.4999999999999997,-0.8660254037844388,-0.17976658572556214,-0.9837092937736098,37718.0,37262.0,40165.0,33871.0,,,,39718.28571428572,4193.734680619244,38969.90909090909,3930.635151080432,38969.90909090909,3930.635151080432,38969.90909090909,3930.635151080432,10,0.014005602240896359,0,0,0,0,,
2012-07-12,36206,23,145,9.19,,145.0,4,0,7,3,194,0,0,0,0,0,0,134.0,155.0,137.4668,163.85714285714286,47.63901962127464,136.4319590643275,3,12,28,194,2012,0.43388373911755823,-0.900968867902419,-0.4999999999999997,-0.8660254037844388,-0.19667288979357622,-0.9804691603616321,35429.0,37718.0,37262.0,36880.0,,,,39622.0,4276.678072211345,38739.583333333336,3831.704117878844,38739.583333333336,3831.704117878844,38739.583333333336,3831.704117878844,11,0.015406162464985995,0,0,0,0,,
2012-07-13,37865,19,151,7.76,,151.0,5,0,7,3,195,0,0,0,0,0,0,145.0,175.0,137.4668,162.42857142857142,48.09662892849886,136.4319590643275,4,13,28,195,2012,-0.433883739117558,-0.9009688679024191,-0.4999999999999997,-0.8660254037844388,-0.2135209154397959,-0.9769384927771817,36206.0,35429.0,37718.0,43441.0,,,,38825.42857142857,3953.9106741361293,38672.307692307695,3676.587851632166,38672.307692307695,3676.587851632166,38672.307692307695,3676.587851632166,12,0.01680672268907563,0,0,0,0,,
2012-07-14,39216,20,195,9.94,,195.0,6,1,7,3,196,0,0,0,0,0,0,151.0,261.0,137.4668,159.0,47.906158268013925,136.4319590643275,5,14,28,196,2012,-0.9749279121818236,-0.2225209339563146,-0.4999999999999997,-0.8660254037844388,-0.23030567023061196,-0.973118337233262,37865.0,36206.0,35429.0,47133.0,,,,37694.42857142857,1632.1322308708964,38711.142857142855,3535.33880124104,38711.142857142855,3535.33880124104,38711.142857142855,3535.33880124104,13,0.018207282913165267,0,0,0,0,,
2012-07-15,37190,18,148,7.19,,148.0,7,1,7,3,197,0,0,0,0,0,0,195.0,172.0,170.0,149.57142857142858,25.94774969598929,136.4319590643275,6,15,28,197,2012,-0.7818314824680299,0.6234898018587334,-0.4999999999999997,-0.8660254037844388,-0.24702218048093527,-0.9690098257244063,39216.0,37865.0,36206.0,40165.0,40669.0,,,37269.42857142857,1215.831931524365,38462.642857142855,3509.30855795626,38609.73333333333,3429.3031667561563,38609.73333333333,3429.3031667561563,14,0.0196078431372549,0,0,0,0,40417.0,
2012-07-16,42122,14,127,9.76,,127.0,1,0,7,3,198,0,0,0,0,0,0,148.0,125.0,152.0,146.14285714285714,24.00297600596341,136.4319590643275,0,16,29,198,2012,0.0,1.0,-0.4999999999999997,-0.8660254037844388,-0.2636654927280072,-0.9646141756912435,37190.0,39216.0,37865.0,37262.0,35360.0,,,37963.71428571428,2200.100354853971,38945.642857142855,3514.767321484571,38829.25,3427.406201001956,38829.25,3427.406201001956,15,0.02100840336134454,0,0,0,0,36311.0,
2012-07-17,33963,10,133,7.76,,133.0,2,0,7,3,199,0,0,0,0,0,0,127.0,125.0,185.0,146.42857142857142,23.719592062660897,136.4319590643275,1,17,29,199,2012,0.7818314824680298,0.6234898018587336,-0.4999999999999997,-0.8660254037844388,-0.2802306751992161,-0.9599326896597445,42122.0,37190.0,39216.0,37718.0,40741.0,,,37427.28571428572,2676.244241113883,38461.5,3709.847223684139,38543.0,3522.198567656286,38543.0,3522.198567656286,16,0.022408963585434174,0,0,0,0,39229.5,
2012-07-18,35233,12,139,6.46,,139.0,3,0,7,3,200,0,0,0,0,0,0,133.0,134.0,182.0,147.57142857142858,22.68521649927648,136.4319590643275,2,18,29,200,2012,0.9749279121818236,-0.22252093395631434,-0.4999999999999997,-0.8660254037844388,-0.2967128192734901,-0.9549667548552553,33963.0,42122.0,37190.0,35429.0,33871.0,,,37399.28571428572,2701.5413942343894,38558.78571428572,3596.329136528211,38359.11111111111,3504.967498194339,38359.11111111111,3504.967498194339,17,0.023809523809523808,0,0,0,0,34650.0,
2012-07-19,43886,16,154,9.12,,154.0,4,0,7,3,201,0,0,0,0,0,0,139.0,145.0,155.0,148.28571428571428,22.261433659390107,136.4319590643275,3,19,29,201,2012,0.43388373911755823,-0.900968867902419,-0.4999999999999997,-0.8660254037844388,-0.3131070409358267,-0.9497178427914317,35233.0,33963.0,42122.0,36206.0,36880.0,,,38496.42857142857,3559.434171191767,39059.21428571428,3824.9330849565995,38650.0,3634.558982875363,38650.0,3634.558982875363,18,0.025210084033613446,0,0,0,0,36543.0,
2012-07-20,42240,22,154,8.61,,154.0,5,0,7,3,202,0,0,0,0,0,0,154.0,151.0,175.0,149.57142857142858,22.299903907544365,136.4319590643275,4,20,29,202,2012,-0.433883739117558,-0.9009688679024191,-0.4999999999999997,-0.8660254037844388,-0.3294084822245302,-0.9441875088341994,43886.0,35233.0,33963.0,37865.0,43441.0,,,39121.42857142857,3805.6685727627805,38973.42857142857,3731.4236654966658,38829.5,3627.5556290848613,38829.5,3627.5556290848613,19,0.02661064425770308,0,0,0,0,40653.0,
2012-07-21,39429,29,216,6.93,,216.0,6,1,7,3,203,0,0,0,0,0,0,154.0,195.0,261.0,150.0,22.360679774997852,136.4319590643275,5,21,29,203,2012,-0.9749279121818236,-0.2225209339563146,-0.4999999999999997,-0.8660254037844388,-0.3456123126707333,-0.9383773917408642,42240.0,43886.0,35233.0,39216.0,47133.0,,,39151.857142857145,3807.4018888025407,38423.142857142855,2914.0948154455423,38858.04761904762,3538.1232521803204,38858.04761904762,3538.1232521803204,20,0.028011204481792718,0,0,0,0,43174.5,
2012-07-22,43074,18,156,6.22,,156.0,7,1,7,3,204,0,0,0,0,0,0,216.0,148.0,172.0,153.0,29.63106478005807,136.4319590643275,6,22,29,204,2012,-0.7818314824680299,0.6234898018587334,-0.4999999999999997,-0.8660254037844388,-0.3617137307297674,-0.9322892131745134,39429.0,42240.0,43886.0,37190.0,40165.0,,,39992.42857142857,3948.9714634379975,38630.92857142857,3142.6016773046176,39049.681818181816,3567.9302842105835,39049.681818181816,3567.9302842105835,21,0.029411764705882353,0,0,0,0,38677.5,38929.5
2012-07-23,43286,19,129,8.17,,129.0,1,0,7,3,205,0,0,0,0,0,0,156.0,127.0,125.0,154.14285714285714,29.5602693460246,136.4319590643275,0,23,30,205,2012,0.0,1.0,-0.4999999999999997,-0.8660254037844388,-0.37770796520396466,-0.9259247771938499,43074.0,39429.0,42240.0,42122.0,37262.0,,,40158.71428571428,4076.0527357680157,39061.21428571428,3346.53635359517,39233.86956521739,3596.0759586520503,39233.86956521739,3596.0759586520503,22,0.03081232492997199,0,0,0,0,39692.0,38741.0
2012-07-24,34304,20,129,6.92,,129.0,2,0,7,3,206,0,0,0,0,0,0,129.0,133.0,125.0,154.42857142857142,29.262360025905497,136.4319590643275,1,24,30,206,2012,0.7818314824680298,0.6234898018587336,-0.4999999999999997,-0.8660254037844388,-0.39359027665646645,-0.9192859697186105,43286.0,43074.0,39429.0,33963.0,37718.0,,,40207.42857142857,3990.810855667593,38817.357142857145,3568.939803943998,39028.458333333336,3658.1637943119076,39028.458333333336,3658.1637943119076,23,0.03221288515406162,0,0,0,0,35840.5,37352.0
2012-07-25,44173,21,144,6.32,,144.0,3,0,7,3,207,0,0,0,0,0,0,129.0,139.0,134.0,153.85714285714286,29.784943463818344,136.4319590643275,2,25,30,207,2012,0.9749279121818236,-0.22252093395631434,-0.4999999999999997,-0.8660254037844388,-0.4093559588156211,-0.9123747579707274,34304.0,43286.0,43074.0,35233.0,35429.0,,,41484.57142857143,3538.4221463406993,39441.92857142857,3693.2995559377655,39234.24,3726.0199417966983,39234.24,3726.0199417966983,24,0.03361344537815126,0,0,0,0,35331.0,34552.0
2012-07-26,34838,17,147,11.09,,147.0,4,0,7,3,208,0,0,0,0,0,0,144.0,154.0,145.0,154.57142857142858,29.427068847446883,136.4319590643275,3,26,30,208,2012,0.43388373911755823,-0.900968867902419,-0.4999999999999997,-0.8660254037844388,-0.42500033996955394,-0.9051931898913975,44173.0,34304.0,43286.0,43886.0,36206.0,,,40192.0,4119.819049424381,39344.21428571428,3801.9959571574705,39065.153846153844,3751.1650104180458,39065.153846153844,3751.1650104180458,25,0.0350140056022409,0,0,0,0,40046.0,40383.0
2012-07-27,39265,31,167,8.02,,167.0,5,0,7,3,209,0,0,0,0,0,0,147.0,154.0,151.0,153.57142857142858,29.56832281827484,136.4319590643275,4,27,30,209,2012,-0.433883739117558,-0.9009688679024191,-0.4999999999999997,-0.8660254037844388,-0.4405187843504952,-0.8977433935342336,34838.0,44173.0,34304.0,42240.0,37865.0,,,39767.0,4025.7112001069663,39444.21428571428,3778.435292318997,39072.555555555555,3678.5209855355783,39072.555555555555,3678.5209855355783,26,0.036414565826330535,0,0,0,0,40052.5,42840.5
2012-07-28,50872,26,211,10.03,,211.0,6,1,7,3,210,0,0,0,0,0,0,167.0,216.0,195.0,155.42857142857142,30.004761526892896,136.4319590643275,5,28,30,210,2012,-0.9749279121818236,-0.2225209339563146,-0.4999999999999997,-0.8660254037844388,-0.455906693508459,-0.8900275764346766,39265.0,34838.0,44173.0,39429.0,39216.0,,,41401.71428571428,5798.546505067334,40276.78571428572,4855.078264101355,39493.96428571428,4242.963381639831,39493.96428571428,4242.963381639831,27,0.037815126050420166,0,0,0,0,39322.5,43281.0
2012-07-29,47784,15,149,9.97,,149.0,7,1,7,3,211,0,0,0,0,0,0,211.0,156.0,148.0,154.71428571428572,28.33557414108209,136.4319590643275,6,29,30,211,2012,-0.7818314824680299,0.6234898018587334,-0.4999999999999997,-0.8660254037844388,-0.47115950767386394,-0.8820480249558535,50872.0,39265.0,34838.0,43074.0,37190.0,,,42074.57142857143,6278.358645833663,41033.5,5153.390172423462,39779.8275862069,4441.8014690709,39779.8275862069,4441.8014690709,28,0.0392156862745098,0,0,0,0,40132.0,41619.5
2012-07-30,42671,12,126,6.04,,126.0,1,0,7,3,212,0,0,0,0,0,0,149.0,129.0,127.0,153.71428571428572,28.406069103358178,136.4319590643275,0,30,31,212,2012,0.0,1.0,-0.4999999999999997,-0.8660254037844388,-0.4862727071086902,-0.8738071036110807,47784.0,50872.0,39265.0,43286.0,42122.0,,,41986.71428571428,6262.864885292401,41072.71428571428,5164.3872140558215,39876.2,4396.350590017229,39876.2,4396.350590017229,29,0.04061624649859944,0,0,0,0,42704.0,40274.0
2012-07-31,30718,12,120,8.03,,120.0,2,0,7,3,213,0,0,0,0,0,0,126.0,129.0,133.0,153.28571428571428,28.860089429950836,158.53333333333333,1,31,31,213,2012,0.7818314824680298,0.6234898018587336,-0.4999999999999997,-0.8660254037844388,-0.5012418134457756,-0.8653072543632061,42671.0,47784.0,50872.0,34304.0,33963.0,40669.0,,41474.42857142857,7088.2958190983845,40840.92857142857,5565.2877797494475,39544.5,4699.421848152872,39580.77419354839,4624.846359319608,30,0.04201680672268908,0,0,0,0,34133.5,36011.0
2012-08-01,36406,16,153,8.06,,153.0,3,0,8,3,214,0,0,0,0,0,0,120.0,144.0,139.0,152.0,30.287511177601427,156.86666666666667,2,1,31,214,2012,0.9749279121818236,-0.22252093395631434,-0.8660254037844385,-0.5000000000000004,-0.5160623910158526,-0.8565509959010037,30718.0,42671.0,47784.0,44173.0,35233.0,35360.0,,40364.857142857145,7202.456350175995,40924.71428571428,5482.580897415309,39579.36666666667,4671.099984780469,39481.5625,4584.125244147706,31,0.04341736694677871,0,0,0,0,39703.0,39801.0
2012-08-02,36633,17,155,9.89,,155.0,4,0,8,3,215,0,0,0,0,0,0,153.0,147.0,154.0,153.28571428571428,30.08163496063271,156.9,3,2,31,215,2012,0.43388373911755823,-0.900968867902419,-0.8660254037844385,-0.5000000000000004,-0.5307300481619331,-0.8475409228928312,36406.0,30718.0,42671.0,34838.0,43886.0,40741.0,,40621.28571428572,7002.054263197476,40406.642857142855,5523.760140828579,39442.433333333334,4696.0190013371475,39395.242424242424,4539.0966614398,32,0.04481792717086835,0,0,0,0,39362.0,35522.0
2012-08-03,39509,21,161,11.75,,161.0,5,0,8,3,216,0,0,0,0,0,0,155.0,167.0,154.0,154.42857142857142,29.954727745144208,155.9,4,3,31,216,2012,-0.433883739117558,-0.9009688679024191,-0.8660254037844385,-0.5000000000000004,-0.5452404385406507,-0.8382797052177745,36633.0,36406.0,30718.0,39265.0,42240.0,33871.0,,40656.142857142855,6994.78075492891,40211.57142857143,5502.215381997517,39630.36666666667,4576.662060884574,39398.58823529412,4469.83598178947,33,0.046218487394957986,0,0,0,0,40752.5,38565.0
2012-08-04,43499,15,217,8.42,,217.0,6,1,8,3,217,0,0,0,0,0,0,161.0,211.0,216.0,153.57142857142858,29.619009340045665,155.2,5,4,31,217,2012,-0.9749279121818236,-0.2225209339563146,-0.8660254037844385,-0.5000000000000004,-0.5595892624101763,-0.828770087174504,39509.0,36633.0,36406.0,50872.0,39429.0,36880.0,,39602.857142857145,5620.1122595126035,40502.28571428572,5564.8514034839345,39851.0,4598.990398952272,39515.74285714285,4457.822954173517,34,0.047619047619047616,0,0,0,0,45150.5,45044.0
2012-08-05,42099,29,170,9.86,,170.0,7,1,8,3,218,0,0,0,0,0,0,217.0,149.0,156.0,154.42857142857142,31.579830814710075,157.26666666666668,6,5,31,218,2012,-0.7818314824680299,0.6234898018587334,-0.8660254037844385,-0.5000000000000004,-0.5737722679043243,-0.8190148866680802,43499.0,39509.0,36633.0,47784.0,43074.0,43441.0,,38790.71428571428,4549.662431224464,40432.642857142855,5536.218545696534,39806.26666666667,4569.297991303843,39587.5,4414.7226316367505,35,0.049019607843137254,0,0,0,0,45429.0,42487.0
2012-08-06,42310,13,120,10.99,,120.0,1,0,8,3,219,0,0,0,0,0,0,170.0,126.0,129.0,157.42857142857142,31.973203065781693,157.1,0,6,32,219,2012,0.0,1.0,-0.8660254037844385,-0.5000000000000004,-0.5877852522924734,-0.8090169943749472,42099.0,43499.0,39509.0,42671.0,43286.0,47133.0,,38739.142857142855,4500.124199344266,40362.92857142857,5503.572873972039,39645.5,4383.701480759588,39661.08108108108,4375.924787201358,36,0.05042016806722689,0,0,0,0,42978.5,42396.5
2012-08-07,39751,9,120,8.85,,120.0,2,0,8,3,220,0,0,0,0,0,0,120.0,120.0,129.0,156.57142857142858,33.01947477301406,152.4,1,7,32,220,2012,0.7818314824680298,0.6234898018587336,-0.8660254037844385,-0.5000000000000004,-0.6016240632249227,-0.7987793728863648,42310.0,42099.0,43499.0,30718.0,34304.0,40165.0,,40029.57142857143,2784.9412834709788,40752.0,5227.925430578775,39631.7,4382.661206587174,39663.44736842105,4316.4102684132295,37,0.05182072829131653,0,0,0,0,32511.0,32340.5
2012-08-08,34594,14,143,10.25,,143.0,3,0,8,3,221,0,0,0,0,0,0,120.0,153.0,144.0,156.57142857142858,33.01947477301406,150.66666666666666,2,8,32,221,2012,0.9749279121818236,-0.22252093395631434,-0.8660254037844385,-0.5000000000000004,-0.6152845999633277,-0.7883050558305253,39751.0,42310.0,42099.0,36406.0,44173.0,37262.0,,39770.71428571428,3227.0085587266844,40067.78571428572,5370.641634472929,39542.76666666667,4458.813540063935,39533.46153846154,4335.902903883209,38,0.05322128851540616,0,0,0,0,40289.5,35819.5
2012-08-09,38389,20,132,8.84,,132.0,4,0,8,3,222,0,0,0,0,0,0,143.0,155.0,147.0,155.14285714285714,33.41371261138439,151.26666666666668,3,9,32,222,2012,0.43388373911755823,-0.900968867902419,-0.8660254037844385,-0.5000000000000004,-0.6287628145958345,-0.7775971469736268,34594.0,39751.0,42310.0,36633.0,34838.0,37718.0,,40021.57142857143,3002.91202319476,40321.42857142857,5185.306662755171,39565.13333333333,4451.020508581835,39504.85,4283.777086960669,39,0.0546218487394958,0,0,0,0,35735.5,40259.5
2012-08-10,45335,26,175,13.99,,175.0,5,0,8,3,223,0,0,0,0,0,0,132.0,161.0,167.0,151.85714285714286,34.54190002218835,151.5,4,10,32,223,2012,-0.433883739117558,-0.9009688679024191,-0.8660254037844385,-0.5000000000000004,-0.6420547132365636,-0.7666588193001592,38389.0,34594.0,39751.0,39509.0,39265.0,35429.0,,40853.857142857145,3587.6125036283506,40755.0,5341.595454543516,39895.333333333336,4500.761332787227,39647.04878048781,4326.779136674413,40,0.056022408963585436,0,0,0,0,39387.0,40874.5
2012-08-11,49045,17,201,11.72,,201.0,6,1,8,3,224,0,0,0,0,0,0,175.0,217.0,211.0,153.85714285714286,35.55009878761973,152.86666666666667,5,11,32,224,2012,-0.9749279121818236,-0.2225209339563146,-0.8660254037844385,-0.5000000000000004,-0.655156357209085,-0.7554933140726804,45335.0,38389.0,34594.0,43499.0,50872.0,36206.0,,41646.142857142855,4706.906359403219,40624.5,5091.896529705875,40323.3,4741.81429085593,39870.80952380953,4513.0145202951535,41,0.05742296918767507,0,0,0,0,47185.5,41464.0
2012-08-12,41026,21,172,8.52,,172.0,7,1,8,3,225,0,0,0,0,0,0,201.0,170.0,149.0,151.57142857142858,31.042213961298668,154.73333333333332,6,12,32,225,2012,-0.7818314824680299,0.6234898018587334,-0.8660254037844385,-0.5000000000000004,-0.6680638642135333,-0.7441039398713608,49045.0,45335.0,38389.0,42099.0,47784.0,37865.0,,41492.857142857145,4707.172308600688,40141.78571428572,4663.251691166242,40428.666666666664,4720.376828421526,39897.67441860465,4462.443099388764,42,0.058823529411764705,0,0,0,0,44941.5,42586.5
2012-08-13,44224,11,125,10.4,,125.0,1,0,8,3,226,0,0,0,0,0,0,172.0,120.0,126.0,151.85714285714286,31.2486190171052,155.43333333333334,0,13,33,226,2012,0.0,1.0,-0.8660254037844385,-0.5000000000000004,-0.6807734094770159,-0.7324940716135792,41026.0,49045.0,45335.0,42310.0,42671.0,39216.0,,41766.28571428572,4816.861070388947,40252.71428571428,4745.785084254663,40595.6,4764.360351465945,39996.0,4458.215405815557,43,0.06022408963585434,0,0,0,0,42490.5,42798.0
2012-08-14,34561,15,119,8.58,,119.0,2,0,8,3,227,0,0,0,0,0,0,125.0,120.0,120.0,152.57142857142858,30.44589267787002,153.1,1,14,33,227,2012,0.7818314824680298,0.6234898018587336,-0.8660254037844385,-0.5000000000000004,-0.6932812268869771,-0.7206671495538615,44224.0,41026.0,49045.0,39751.0,30718.0,37190.0,,41024.857142857145,5525.993950671421,40527.21428571428,4235.582971020112,40507.96666666667,4852.523889925619,39875.22222222222,4481.11500881446,44,0.06162464985994398,0,0,0,0,35234.5,37027.5
2012-08-15,35221,18,125,9.12,,125.0,3,0,8,3,228,0,0,0,0,0,0,119.0,143.0,153.0,152.42857142857142,30.626008243850183,152.13333333333333,2,15,33,228,2012,0.9749279121818236,-0.22252093395631434,-0.8660254037844385,-0.5000000000000004,-0.7055836101071774,-0.70862667826446,34561.0,44224.0,41026.0,34594.0,36406.0,42122.0,,41114.42857142857,5408.208694726404,40442.57142857143,4334.950282995634,40277.933333333334,4936.221184429361,39774.04347826087,4483.867655676647,45,0.06302521008403361,0,0,0,0,35500.0,39383.5
2012-08-16,54077,32,174,8.38,,174.0,4,0,8,3,229,0,0,0,0,0,0,125.0,132.0,155.0,149.85714285714286,32.26157968558766,152.06666666666666,3,16,33,229,2012,0.43388373911755823,-0.900968867902419,-0.8660254037844385,-0.5000000000000004,-0.7176769136759615,-0.6963762255968726,35221.0,34561.0,44224.0,38389.0,36633.0,33963.0,,43355.57142857143,7082.06156090025,41688.57142857143,5504.843359949702,40948.4,5393.71345178811,40078.36170212766,4901.086895539787,46,0.06442577030812324,0,0,0,0,37511.0,36613.5
2012-08-17,37241,20,165,9.39,,165.0,5,0,8,3,230,0,0,0,0,0,0,174.0,175.0,161.0,155.85714285714286,32.29256143153593,153.43333333333334,4,17,33,230,2012,-0.433883739117558,-0.9009688679024191,-0.8660254037844385,-0.5000000000000004,-0.7295575540864876,-0.6839194216246105,54077.0,35221.0,34561.0,45335.0,39509.0,35233.0,,42199.28571428572,7360.3039501161375,41526.57142857143,5606.355249786898,41015.333333333336,5332.453710508199,40019.25,4865.932214812383,47,0.06582633053221289,0,0,0,0,42422.0,42300.0
2012-08-18,40656,23,198,7.01,,198.0,6,1,8,3,231,0,0,0,0,0,0,165.0,201.0,217.0,154.42857142857142,31.516435621524728,154.3,5,18,33,231,2012,-0.9749279121818236,-0.2225209339563146,-0.8660254037844385,-0.5000000000000004,-0.7412220108485957,-0.6712599575675315,37241.0,54077.0,35221.0,49045.0,43499.0,43886.0,,41000.857142857145,6714.521016140355,41323.5,5580.84593463695,40907.666666666664,5305.031589059537,40032.244897959186,4815.837810160919,48,0.06722689075630252,0,0,0,0,46272.0,49958.5
2012-08-19,44702,25,151,9.62,,151.0,7,1,8,3,232,0,0,0,0,0,0,198.0,172.0,170.0,154.0,30.789608636681283,155.76666666666668,6,19,33,232,2012,-0.7818314824680299,0.6234898018587334,-0.8660254037844385,-0.5000000000000004,-0.7526668275320083,-0.6584015846980489,40656.0,37241.0,54077.0,41026.0,42099.0,42240.0,,41526.0,6859.010570045799,41509.42857142857,5651.581313283855,40989.73333333333,5345.243615191654,40125.64,4811.976096094801,49,0.06862745098039216,0,0,0,0,41562.5,44405.0
2012-08-20,44339,21,99,8.9,,99.0,1,0,8,3,233,0,0,0,0,0,0,151.0,125.0,120.0,151.0,29.748949561287017,155.66666666666666,0,20,34,233,2012,0.0,1.0,-0.8660254037844385,-0.5000000000000004,-0.7638886127905429,-0.64534811322955,44702.0,40656.0,37241.0,44224.0,42310.0,39429.0,,41542.42857142857,6866.683232758565,41654.357142857145,5699.502861007903,41153.4,5370.915754448149,40208.25490196078,4800.010207668885,50,0.0700280112044818,0,0,0,0,43267.0,43447.5
2012-08-21,37333,9,116,10.95,,116.0,2,0,8,3,234,0,0,0,0,0,0,99.0,119.0,120.0,147.28571428571428,34.740534853464204,151.76666666666668,1,21,34,234,2012,0.7818314824680298,0.6234898018587336,-0.8660254037844385,-0.5000000000000004,-0.7748840413670406,-0.6321034111873488,44339.0,44702.0,40656.0,34561.0,39751.0,43074.0,,41938.42857142857,6465.153565001191,41481.642857142855,5797.413635634194,40962.03333333333,5402.309407085554,40152.96153846154,4769.414416974546,51,0.07142857142857142,0,0,0,0,37156.0,32639.5
2012-08-22,36936,14,116,11.22,,116.0,3,0,8,3,235,0,0,0,0,0,0,116.0,125.0,143.0,146.85714285714286,35.16356339275344,150.43333333333334,2,22,34,235,2012,0.9749279121818236,-0.22252093395631434,-0.8660254037844385,-0.5000000000000004,-0.7856498550787144,-0.6186714032625032,37333.0,44339.0,44702.0,35221.0,34594.0,43286.0,,42183.42857142857,6195.018613293069,41648.92857142857,5614.277985831991,40750.36666666667,5432.429763630784,40092.264150943396,4743.956860903481,52,0.07282913165266107,0,0,0,0,34907.5,35813.5
2012-08-23,32440,29,131,7.89,,131.0,4,0,8,3,236,0,0,0,0,0,0,116.0,174.0,132.0,145.57142857142858,36.24388289931208,150.0,3,23,34,236,2012,0.43388373911755823,-0.900968867902419,-0.8660254037844385,-0.5000000000000004,-0.7961828637826154,-0.6050560696488494,36936.0,37333.0,44339.0,54077.0,38389.0,34304.0,,39092.42857142857,4413.368436056647,41224.0,6085.359833871145,40688.23333333333,5518.677488270196,39950.555555555555,4812.992132804733,53,0.0742296918767507,0,0,0,0,46233.0,45355.0
2012-08-24,43856,26,177,12.61,,177.0,5,0,8,3,237,0,0,0,0,0,0,131.0,165.0,175.0,139.42857142857142,34.20943896479032,150.06666666666666,4,24,34,237,2012,-0.433883739117558,-0.9009688679024191,-0.8660254037844385,-0.5000000000000004,-0.8064799463209447,-0.5912614448635782,32440.0,36936.0,37333.0,37241.0,45335.0,44173.0,,40037.42857142857,4652.590241186197,41118.357142857145,6020.999873610855,40677.666666666664,5512.074622470034,40021.56363636364,4797.210843827346,54,0.07563025210084033,0,0,0,0,41288.0,38375.0
2012-08-25,41578,31,237,9.5,,237.0,6,1,8,3,238,0,0,0,0,0,0,177.0,198.0,201.0,141.14285714285714,35.960295565287794,151.16666666666666,5,25,34,238,2012,-0.9749279121818236,-0.2225209339563146,-0.8660254037844385,-0.5000000000000004,-0.8165380514459157,-0.5772916165517278,43856.0,32440.0,36936.0,40656.0,49045.0,34838.0,,40169.142857142855,4685.951786228409,40585.0,5579.348872955861,40902.333333333336,5402.109015569009,40049.357142857145,4757.947909182436,55,0.07703081232492998,0,0,0,0,44850.5,42077.5
2012-08-26,37605,21,168,14.5,,168.0,7,1,8,3,239,0,0,0,0,0,0,237.0,151.0,172.0,146.71428571428572,47.42964714786973,154.16666666666666,6,26,34,239,2012,-0.7818314824680299,0.6234898018587334,-0.8660254037844385,-0.5000000000000004,-0.8263541987239094,-0.5631507242749187,41578.0,43856.0,32440.0,44702.0,41026.0,39265.0,,39155.28571428572,4293.0477796194355,40340.642857142855,5633.203168674146,40847.0,5427.898450248209,40006.47368421053,4726.377003074128,56,0.0784313725490196,0,0,0,0,42864.0,43400.5
2012-08-27,39517,9,113,9.12,,113.0,1,0,8,3,240,0,0,0,0,0,0,168.0,99.0,125.0,149.14285714285714,48.11593142757246,154.2,0,27,35,240,2012,0.0,1.0,-0.8660254037844385,-0.5000000000000004,-0.8359254794186365,-0.5488429582847199,37605.0,41578.0,43856.0,44339.0,44224.0,50872.0,,38466.42857142857,3663.327943147838,40004.42857142857,5522.987467976783,40468.5,5090.121513013357,39998.03448275862,4685.174957752912,57,0.07983193277310924,0,0,0,0,44281.5,43324.5
2012-08-28,34096,10,113,10.45,,113.0,2,0,8,3,241,0,0,0,0,0,0,113.0,116.0,119.0,151.14285714285714,45.92540535632599,150.93333333333334,1,28,35,241,2012,0.7818314824680298,0.6234898018587336,-0.8660254037844385,-0.5000000000000004,-0.8452490573530634,-0.5343725582809785,39517.0,37605.0,41578.0,37333.0,34561.0,47784.0,,38004.0,4017.439773454421,39971.21428571428,5559.518838872681,40012.23333333333,5024.826678660142,39898.0,4707.739178460697,58,0.08123249299719888,0,0,0,0,35947.0,38542.0
2012-08-29,43255,15,96,10.64,,96.0,3,0,8,3,242,0,0,0,0,0,0,113.0,116.0,125.0,150.71428571428572,46.320313347077295,149.73333333333332,2,29,35,242,2012,0.9749279121818236,-0.22252093395631434,-0.8660254037844385,-0.5000000000000004,-0.8543221697498269,-0.5197438121555157,34096.0,39517.0,37605.0,36936.0,35221.0,42671.0,,38906.71428571428,4426.568637755663,40545.07142857143,5444.938305284242,40031.7,5036.599627074627,39953.95,4687.749087348021,59,0.08263305322128851,0,0,0,0,36078.5,35765.0
2012-08-30,39801,22,98,9.9,,98.0,4,0,8,3,243,0,0,0,0,0,0,96.0,131.0,174.0,147.85714285714286,49.3370333232842,148.73333333333332,3,30,35,243,2012,0.43388373911755823,-0.900968867902419,-0.8660254037844385,-0.5000000000000004,-0.8631421280499115,-0.5049610547215202,43255.0,34096.0,39517.0,32440.0,54077.0,30718.0,,39958.28571428572,3386.4385281238997,39525.357142857145,3805.852792479242,40334.46666666667,4720.501593258287,39939.48333333333,4686.844261900617,60,0.08403361344537816,0,0,0,0,43258.5,35414.5
2012-08-31,48063,31,150,8.99,,150.0,5,0,8,3,244,0,0,0,0,0,0,98.0,177.0,165.0,143.14285714285714,52.6796246868071,148.0,4,31,35,244,2012,-0.433883739117558,-0.9009688679024191,-0.8660254037844385,-0.5000000000000004,-0.8717063187093217,-0.4900286664290594,39801.0,43255.0,34096.0,43856.0,37241.0,36406.0,,40559.28571428572,4411.606008182122,40298.357142857145,4364.245931996163,40723.03333333333,4863.583108575713,40151.2,4762.769557476734,61,0.08543417366946779,0,0,0,0,40548.5,44595.5
2012-09-01,42480,27,236,12.55,,236.0,6,1,9,3,245,0,0,0,0,0,0,150.0,237.0,198.0,139.28571428571428,50.74023480997529,147.9,5,1,35,245,2012,-0.9749279121818236,-0.2225209339563146,-1.0,-1.8369701987210297e-16,-0.8800122039735356,-0.4749510720670502,48063.0,39801.0,43255.0,41578.0,40656.0,36633.0,,40688.142857142855,4459.236497749044,40428.642857142855,4402.799539578685,40917.933333333334,4810.89911256351,40180.183333333334,4771.702430418653,62,0.08683473389355742,0,0,0,0,41117.0,45311.5
2012-09-02,41413,27,205,10.62,,205.0,7,1,9,3,246,0,0,0,1,0,0,236.0,168.0,151.0,139.14285714285714,50.41966736446064,150.6,6,2,35,246,2012,-0.7818314824680299,0.6234898018587334,-1.0,-1.8369701987210297e-16,-0.888057322629493,-0.4597327394521046,42480.0,48063.0,39801.0,37605.0,44702.0,39509.0,,41232.142857142855,4247.682443740013,40193.71428571428,4242.051996717762,40981.4,4804.225565349594,40305.88333333333,4701.506275370122,63,0.08823529411764706,0,0,0,0,41153.5,39315.5
2012-09-03,53051,12,207,9.58,,207.0,1,0,9,3,247,0,0,1,0,0,0,205.0,113.0,99.0,144.42857142857142,55.6203114663973,152.06666666666666,0,3,36,247,2012,0.0,1.0,-1.0,-1.8369701987210297e-16,-0.8958392907349089,-0.4443781781046134,41413.0,42480.0,48063.0,39517.0,44339.0,43499.0,,43165.57142857143,6039.225719056554,40816.0,5382.593855696766,41299.8,5270.714447416679,40575.4,4958.28100748158,64,0.0896358543417367,0,0,0,0,41928.0,41870.5
2012-09-04,34523,18,81,7.91,,81.0,2,0,9,3,248,0,0,0,1,0,0,207.0,113.0,116.0,157.85714285714286,58.06154370271992,151.73333333333332,1,4,36,248,2012,0.7818314824680298,0.6234898018587336,-1.0,-1.8369701987210297e-16,-0.9033558023246842,-0.4288919379124841,53051.0,41413.0,42480.0,34096.0,37333.0,42099.0,,43226.57142857143,5933.58171363476,40615.28571428572,5571.539414789186,41047.26666666667,5410.735171753518,40426.76666666667,5004.375801733096,65,0.09103641456582633,0,0,0,0,35714.5,34328.5
2012-09-05,36234,18,75,7.92,,75.0,3,0,9,3,249,0,0,0,0,0,0,81.0,96.0,116.0,153.28571428571428,63.21316921263133,148.76666666666668,2,5,36,249,2012,0.9749279121818236,-0.22252093395631434,-1.0,-1.8369701987210297e-16,-0.9106046300942162,-0.41327860778290443,34523.0,53051.0,41413.0,43255.0,36936.0,42310.0,,42223.57142857143,6494.838151874729,40565.142857142855,5610.224112582898,40844.73333333333,5475.172949139462,40245.11666666667,4954.383055510996,66,0.09243697478991597,0,0,0,0,40095.5,39238.0
2012-09-06,44362,24,100,6.73,,100.0,4,0,9,3,250,0,0,0,0,0,0,75.0,98.0,131.0,150.28571428571428,66.78251838546343,147.26666666666668,3,6,36,250,2012,0.43388373911755823,-0.900968867902419,-1.0,-1.8369701987210297e-16,-0.9175836260593934,-0.3975428142825566,36234.0,34523.0,53051.0,39801.0,32440.0,39751.0,,42875.142857142855,6439.846567234634,41416.71428571428,5169.553863038576,40998.433333333334,5508.032527408359,40315.066666666666,4982.779677801752,67,0.0938375350140056,0,0,0,0,36120.5,46939.0
2012-09-07,37721,24,115,7.28,,115.0,5,0,9,3,251,0,0,0,0,0,0,100.0,150.0,177.0,150.57142857142858,66.52532636236403,146.6,4,7,36,251,2012,-0.433883739117558,-0.9009688679024191,-1.0,-1.8369701987210297e-16,-0.9242907221930934,-0.3816892202666586,44362.0,36234.0,34523.0,48063.0,43856.0,34594.0,,41397.71428571428,6234.333744522763,40978.5,5206.766880335031,41102.666666666664,5411.396380012206,40322.71666666667,4978.363287271883,68,0.09523809523809523,0,0,0,0,45959.5,42652.0
2012-09-08,44614,17,155,6.63,,155.0,6,1,9,3,252,0,0,0,0,0,0,115.0,236.0,237.0,145.57142857142858,67.87698957883823,145.66666666666666,5,8,36,252,2012,-0.9749279121818236,-0.2225209339563146,-1.0,-1.8369701987210297e-16,-0.9307239310379793,-0.3657225234972692,37721.0,44362.0,36234.0,42480.0,41578.0,38389.0,,41702.57142857143,6347.23154498985,41195.357142857145,5296.112937546997,41310.166666666664,5423.088890032636,40437.65,4996.77852772011,69,0.09663865546218488,0,0,0,0,42029.0,41568.0
2012-09-09,43165,22,123,6.37,,123.0,7,1,9,3,253,0,0,0,0,0,1,155.0,205.0,168.0,134.0,55.70457790882182,146.43333333333334,6,9,36,253,2012,-0.7818314824680299,0.6234898018587334,-1.0,-1.8369701987210297e-16,-0.9368813462954315,-0.34964745525122826,44614.0,37721.0,44362.0,41413.0,37605.0,45335.0,,41952.857142857145,6368.417318522482,41592.5,5213.999450444032,41237.833333333336,5381.869500098638,40566.583333333336,4965.054796125726,70,0.09803921568627451,0,0,0,0,39509.0,43057.5
2012-09-10,47905,33,281,8.01,,281.0,1,0,9,3,254,0,0,0,0,1,1,123.0,207.0,113.0,122.28571428571428,46.07499063380005,144.7,0,10,37,254,2012,0.0,1.0,-1.0,-1.8369701987210297e-16,-0.9427611433904206,-0.33346877891818705,43165.0,44614.0,37721.0,53051.0,39517.0,49045.0,,41217.71428571428,5030.1858717906125,42191.642857142855,5434.43167514948,41199.833333333336,5328.605304252301,40761.566666666666,5020.316251658522,71,0.09943977591036414,0,0,0,0,46284.0,48695.0
2012-09-11,67441,36,321,5.74,,321.0,2,0,9,3,255,0,0,0,0,1,1,281.0,81.0,113.0,132.85714285714286,70.6739663794917,147.36666666666667,1,11,37,255,2012,0.7818314824680298,0.6234898018587336,-1.0,-1.8369701987210297e-16,-0.9483615800121716,-0.31719128858910595,47905.0,43165.0,44614.0,34523.0,34096.0,41026.0,,45920.28571428572,10326.816929952889,44573.42857142857,8211.15365935762,42080.333333333336,7164.898157628998,41254.5,6072.7705806677495,72,0.10084033613445378,0,0,0,0,34309.5,35928.0
2012-09-12,52790,28,312,8.36,,312.0,3,0,9,3,256,0,0,0,0,1,1,321.0,75.0,96.0,167.14285714285714,95.26179467031642,152.33333333333334,2,12,37,256,2012,0.9749279121818236,-0.22252093395631434,-1.0,-1.8369701987210297e-16,-0.9536809966304455,-0.300819807635668,67441.0,47905.0,43165.0,36234.0,43255.0,44224.0,,48285.42857142857,9609.634277764191,45254.5,8484.281183005856,42365.86666666667,7419.436212121992,41480.73333333333,6245.914455490942,73,0.10224089635854341,0,0,0,0,39744.5,36585.0
2012-09-13,43510,23,106,8.91,,106.0,4,0,9,3,257,0,0,0,0,0,1,312.0,100.0,98.0,201.0,99.0942312481744,158.56666666666666,3,13,37,257,2012,0.43388373911755823,-0.900968867902419,-1.0,-1.8369701987210297e-16,-0.9587178169872964,-0.2843591872810036,52790.0,67441.0,47905.0,44362.0,39801.0,34561.0,,48163.71428571428,9672.798211380965,45519.42857142857,8357.858353892809,42664.166666666664,7273.277940911315,41586.066666666666,6225.585834163002,74,0.10364145658263306,0,0,0,0,42081.5,38401.0
2012-09-14,35836,24,117,8.16,,117.0,5,0,9,3,258,0,0,0,0,0,0,106.0,115.0,150.0,201.8571428571429,98.0959200161226,158.13333333333333,4,14,37,258,2012,-0.433883739117558,-0.9009688679024191,-1.0,-1.8369701987210297e-16,-0.9634705485641486,-0.26781430516217486,43510.0,52790.0,67441.0,37721.0,48063.0,35221.0,,47894.42857142857,10031.556922318383,44646.07142857143,8703.314341845102,42684.666666666664,7252.412465842843,41481.3,6269.153294274962,75,0.10504201680672269,0,0,0,0,42892.0,40788.5
2012-09-15,48921,30,169,9.23,,169.0,6,1,9,3,259,0,0,0,0,0,0,117.0,155.0,236.0,202.14285714285717,97.8032524534649,157.86666666666667,5,15,37,259,2012,-0.9749279121818236,-0.2225209339563146,-1.0,-1.8369701987210297e-16,-0.9679377830240642,-0.25119006388481957,35836.0,43510.0,52790.0,44614.0,42480.0,54077.0,,48509.71428571428,9928.371865757319,45106.142857142855,8750.119452873772,42512.8,7030.837397518509,41730.6,6262.519623975476,76,0.10644257703081232,0,0,0,0,43547.0,43096.0
2012-09-16,38582,20,123,6.91,,123.0,7,1,9,3,260,0,0,0,0,0,0,169.0,123.0,205.0,204.14285714285717,96.81671441686188,157.7,6,16,37,260,2012,-0.7818314824680299,0.6234898018587334,-1.0,-1.8369701987210297e-16,-0.9721181966290612,-0.23449138957041052,48921.0,35836.0,43510.0,43165.0,41413.0,37241.0,,47855.0,10475.59379383016,44903.92857142857,8873.869778211698,42557.5,7000.361890891662,41786.416666666664,6218.3952322222385,77,0.10784313725490197,0,0,0,0,42289.0,40385.0
2012-09-17,39150,11,83,5.67,,83.0,1,0,9,3,261,0,0,0,0,0,0,123.0,281.0,207.0,204.14285714285717,96.81671441686188,156.3,0,17,38,261,2012,0.0,1.0,-1.0,-1.8369701987210297e-16,-0.9760105506323682,-0.21772323039653224,38582.0,48921.0,35836.0,47905.0,53051.0,40656.0,,46604.28571428572,10979.169014005338,43911.0,8667.457102021579,42507.3,7019.840562832337,41707.48333333333,6221.3499692908645,78,0.1092436974789916,0,0,0,0,50478.0,43711.0
2012-09-18,37869,11,74,8.13,,74.0,2,0,9,3,262,0,0,0,0,0,0,83.0,321.0,81.0,175.85714285714286,99.50616157040824,152.46666666666667,1,18,38,262,2012,0.7818314824680298,0.6234898018587336,-1.0,-1.8369701987210297e-16,-0.9796136916454901,-0.20089055513063528,39150.0,38582.0,48921.0,67441.0,34523.0,44702.0,,42379.71428571428,6330.619261817534,44150.0,8431.598488834887,42279.53333333333,7056.929764830251,41634.63333333333,6240.570492083767,79,0.11064425770308123,0,0,0,0,50982.0,50768.5
2012-09-19,36245,17,74,5.91,,74.0,3,0,9,3,263,0,0,0,0,0,0,74.0,312.0,75.0,140.57142857142858,81.65140770955745,149.9,2,19,38,263,2012,0.9749279121818236,-0.22252093395631434,-1.0,-1.8369701987210297e-16,-0.9829265519799822,-0.18399835165767986,37869.0,39150.0,38582.0,52790.0,36234.0,44339.0,,40016.142857142855,4665.758653158551,44150.78571428572,8430.804553071288,42009.73333333333,7129.82541225207,41581.566666666666,6273.096779013537,80,0.11204481792717087,0,0,0,0,44512.0,48022.5
2012-09-20,34681,34,103,9.22,,103.0,4,0,9,3,264,0,0,0,0,0,0,74.0,106.0,100.0,106.57142857142856,34.04338968070561,149.06666666666666,3,20,38,264,2012,0.43388373911755823,-0.900968867902419,-1.0,-1.8369701987210297e-16,-0.9859481499638303,-0.1670516255021195,36245.0,37869.0,39150.0,43510.0,44362.0,37333.0,,38754.857142857145,4756.340379905961,43459.28571428572,8801.039575209017,41921.333333333336,7205.845239053874,41441.683333333334,6332.548782635885,81,0.1134453781512605,0,0,0,0,43936.0,41655.5
2012-09-21,39210,26,125,9.3,,125.0,5,0,9,3,265,0,0,0,0,0,0,103.0,117.0,115.0,106.14285714285714,34.070654877908,148.63333333333333,4,21,38,265,2012,-0.433883739117558,-0.9009688679024191,-1.0,-1.8369701987210297e-16,-0.9886775902323404,-0.15005539834465262,34681.0,36245.0,37869.0,35836.0,37721.0,36936.0,,39236.857142857145,4578.897299152998,43565.642857142855,8735.11044892649,41997.13333333333,7163.430534045259,41373.75,6334.290967036855,82,0.11484593837535013,0,0,0,0,36778.5,41949.5
2012-09-22,41146,28,200,6.58,,200.0,6,1,9,3,266,0,0,0,0,0,0,125.0,169.0,155.0,107.28571428571428,34.625204142427144,148.93333333333334,5,22,38,266,2012,-0.9749279121818236,-0.2225209339563146,-1.0,-1.8369701987210297e-16,-0.9911140639934546,-0.13301470653419636,39210.0,34681.0,36245.0,48921.0,44614.0,32440.0,,38126.142857142855,2122.2709086080445,43317.92857142857,8752.250501480123,42287.333333333336,6935.631444953652,41487.78333333333,6266.079749479423,83,0.11624649859943978,0,0,0,0,46767.5,45700.5
2012-09-23,35787,30,145,10.18,,145.0,7,1,9,3,267,0,0,0,0,0,0,200.0,123.0,123.0,111.71428571428572,44.42864798645975,151.23333333333332,6,23,38,267,2012,-0.7818314824680299,0.6234898018587334,-1.0,-1.8369701987210297e-16,-0.9932568492674143,-0.11593459959550066,41146.0,39210.0,34681.0,38582.0,43165.0,43856.0,,37726.857142857145,2279.3267594161875,42790.92857142857,8981.296149942213,42018.36666666667,7028.537516406967,41348.01666666667,6298.6116697109655,84,0.11764705882352941,0,0,0,0,40873.5,39997.5
2012-09-24,36780,13,80,9.5,,80.0,1,0,9,3,268,0,0,0,0,0,0,145.0,83.0,281.0,114.85714285714286,46.1065019689145,150.16666666666666,0,24,39,268,2012,0.0,1.0,-1.0,-1.8369701987210297e-16,-0.9951053111006974,-0.09882013873287211,35787.0,41146.0,39210.0,39150.0,47905.0,41578.0,,37388.28571428572,2207.591879121261,41996.28571428572,8986.164497360718,41858.433333333334,7093.1950180696285,41380.38333333333,6269.514121934904,85,0.11904761904761904,0,0,0,0,43527.5,46100.5
2012-09-25,38106,14,71,8.01,,71.0,2,0,9,3,269,0,0,0,0,0,0,80.0,74.0,321.0,114.42857142857144,46.46452820111675,144.93333333333334,1,25,39,269,2012,0.7818314824680298,0.6234898018587336,-1.0,-1.8369701987210297e-16,-0.99665890175417,-0.08167639533042288,36780.0,35787.0,41146.0,37869.0,67441.0,37605.0,,37422.142857142855,2217.986130748051,39900.92857142857,5233.0202849021925,41875.13333333333,7083.4185820968805,41361.066666666666,6277.922013615612,86,0.12044817927170869,0,0,0,0,52655.0,36196.0
2012-09-26,35168,20,80,11.51,,80.0,3,0,9,3,270,0,0,0,0,0,0,71.0,74.0,312.0,114.0,46.911263750475314,141.7,2,26,39,270,2012,0.9749279121818236,-0.22252093395631434,-1.0,-1.8369701987210297e-16,-0.9979171608653922,-0.06450844944931625,38106.0,36780.0,35787.0,36245.0,52790.0,39517.0,,37268.28571428572,2346.8619270766967,38642.21428571428,3823.911653681993,41730.166666666664,7177.224826675256,41099.333333333336,6201.5743563368715,87,0.12184873949579832,0,0,0,0,44517.5,36239.5
2012-09-27,33661,23,88,6.6,,88.0,4,0,9,3,271,0,0,0,0,0,0,80.0,103.0,106.0,114.85714285714286,46.1065019689145,140.6,3,27,39,271,2012,0.43388373911755823,-0.900968867902419,-1.0,-1.8369701987210297e-16,-0.9988797155850335,-0.04732138832243232,35168.0,38106.0,36780.0,34681.0,43510.0,34096.0,,37122.57142857143,2556.573218010364,37938.71428571428,3765.0037374293947,41715.666666666664,7193.600538856996,40863.95,6211.568841446887,88,0.12324929971988796,0,0,0,0,39095.5,39521.5
2012-09-28,35259,27,122,9.65,,122.0,5,0,9,3,272,0,0,0,0,0,0,88.0,125.0,117.0,112.71428571428572,47.08755775401914,139.76666666666668,4,28,39,272,2012,-0.433883739117558,-0.9009688679024191,-1.0,-1.8369701987210297e-16,-0.9995462806873573,-0.03012030484690836,33661.0,35168.0,38106.0,39210.0,35836.0,43255.0,,36558.142857142855,2452.953419082954,37897.5,3792.8472306942163,41449.13333333333,7282.185560210156,40740.416666666664,6248.614852045929,89,0.12464985994397759,0,0,0,0,37523.0,38465.5
2012-09-29,50016,27,196,8.91,,196.0,6,1,9,3,273,0,0,0,0,0,0,122.0,200.0,169.0,112.28571428571428,46.970608844660376,140.63333333333333,5,29,39,273,2012,-0.9749279121818236,-0.2225209339563146,-1.0,-1.8369701987210297e-16,-0.9999166586547379,-0.012910296075008843,35259.0,33661.0,35168.0,41146.0,48921.0,39801.0,,37825.28571428572,5551.693606888093,37975.71428571428,4040.8378496881924,41789.63333333333,7439.580130362999,41062.05,6220.587465922039,90,0.12605042016806722,0,0,0,0,45033.5,42880.0
2012-09-30,38171,22,122,10.59,,122.0,7,1,9,3,274,0,0,0,0,0,0,196.0,145.0,123.0,111.71428571428572,45.73370123411641,143.9,6,30,39,274,2012,-0.7818314824680299,0.6234898018587334,-1.0,-1.8369701987210297e-16,-0.9999907397361901,0.004303538296243821,50016.0,35259.0,33661.0,35787.0,38582.0,48063.0,,38165.857142857145,5478.454752591344,37946.357142857145,4037.585962069299,41459.9,7370.843957433066,41091.46666666667,6202.342702468962,91,0.12745098039215685,0,0,0,0,37184.5,39476.0
2012-10-01,33965,9,68,9.54,,68.0,1,0,10,4,275,0,0,0,0,0,0,122.0,80.0,83.0,108.42857142857144,43.72587770362504,142.96666666666667,0,1,40,275,2012,0.0,1.0,-0.8660254037844386,0.5000000000000001,-0.9997685019798909,0.021516097436222233,38171.0,50016.0,35259.0,36780.0,39150.0,42480.0,,37763.71428571428,5696.1297888503905,37576.0,4154.788266381541,41176.066666666666,7493.139298526779,41047.0,6244.270879258783,92,0.12885154061624648,0,0,0,0,37965.0,42342.5
2012-10-02,44245,14,82,6.89,,82.0,2,0,10,4,276,0,0,0,0,0,0,68.0,71.0,74.0,106.71428571428572,45.23536332603163,137.36666666666667,1,2,40,276,2012,0.7818314824680298,0.6234898018587336,-0.8660254037844386,0.5000000000000001,-0.9992500112396835,0.03872228089217399,33965.0,38171.0,50016.0,38106.0,37869.0,41413.0,,38640.71428571428,6207.272205896518,38031.42857142857,4522.553324332255,41270.46666666667,7514.037055948079,41125.933333333334,6254.425066361767,93,0.13025210084033614,0,0,0,0,37987.5,52773.5
2012-10-03,36227,16,77,6.98,,77.0,3,0,10,4,277,0,0,0,0,0,0,82.0,80.0,74.0,108.28571428571428,43.96102169617332,133.26666666666668,2,3,40,277,2012,0.9749279121818236,-0.22252093395631434,-0.8660254037844386,0.5000000000000001,-0.9984354211555643,0.05591699010060302,44245.0,33965.0,38171.0,35168.0,36245.0,53051.0,,38792.0,6120.830962105297,38030.142857142855,4523.102778762927,40709.666666666664,7226.823894989786,41004.73333333333,6278.074407544609,94,0.13165266106442577,0,0,0,0,35706.5,43979.0
2012-10-04,40053,21,102,11.44,,102.0,4,0,10,4,278,0,0,0,0,0,0,77.0,88.0,103.0,107.85714285714286,44.2960817357794,128.93333333333334,3,4,40,278,2012,0.43388373911755823,-0.900968867902419,-0.8660254037844386,0.5000000000000001,-0.9973249731081555,0.07309512989807776,36227.0,44245.0,33965.0,33661.0,34681.0,34523.0,,39705.142857142855,5689.369924944001,38413.857142857145,4444.303559824449,40894.0,7133.5040671371335,40970.63333333333,6277.586557103043,95,0.1330532212885154,0,0,0,0,34171.0,38585.5
2012-10-05,32449,27,124,9.54,,124.0,5,0,10,4,279,0,0,0,0,0,1,102.0,122.0,125.0,109.85714285714286,43.56002973456496,129.63333333333333,4,5,40,279,2012,-0.433883739117558,-0.9009688679024191,-0.8660254037844386,0.5000000000000001,-0.9959189961471792,0.0902516100310407,40053.0,36227.0,44245.0,35259.0,39210.0,36234.0,,39303.71428571428,6136.896466300814,37930.92857142857,4710.499246189497,40767.833333333336,7251.264841312205,40806.28333333333,6370.3246893054875,96,0.13445378151260504,0,0,0,0,37234.5,35547.5
2012-10-06,114885,62,820,8.65,,659.22,6,1,10,4,280,0,0,0,0,1,1,124.0,196.0,200.0,110.14285714285714,43.65939597776004,131.26666666666668,5,6,40,280,2012,-0.9749279121818236,-0.2225209339563146,-0.8660254037844386,0.5000000000000001,-0.994217906893952,0.10738134666416306,32449.0,40053.0,36227.0,50016.0,41146.0,44362.0,,48570.71428571428,29503.12314379776,43198.0,21143.572011006447,43118.6,15357.237600917506,42058.51666666667,11488.194753512525,97,0.13585434173669467,0,0,0,0,45581.0,49468.5
2012-10-07,78397,54,532,9.65,,532.0,7,1,10,4,281,0,0,0,1,1,1,659.22,122.0,145.0,176.31714285714287,214.04744970171808,149.90733333333336,6,7,40,281,2012,-0.7818314824680299,0.6234898018587334,-0.8660254037844386,0.5000000000000001,-0.9922222094179324,0.12447926388678869,114885.0,32449.0,40053.0,38171.0,35787.0,37721.0,,54317.28571428572,31018.535672047685,46241.57142857143,22981.628762370787,44474.46666666667,16608.865355448044,42788.566666666666,12364.195495450462,98,0.13725490196078433,0,0,0,0,36979.0,38376.5
2012-10-08,54465,33,331,11.19,,331.0,1,0,10,4,282,0,0,1,0,1,1,532.0,68.0,80.0,234.88857142857145,249.8144382956125,163.80733333333333,0,8,41,282,2012,0.0,1.0,-0.8660254037844386,0.5000000000000001,-0.989932495087353,0.141540295217043,78397.0,114885.0,32449.0,33965.0,36780.0,44614.0,,57245.857142857145,29717.188917238735,47504.78571428572,22907.47591500868,44802.833333333336,16708.798415460813,43056.5,12441.185087837512,99,0.13865546218487396,0,0,0,0,35372.5,36557.5
2012-10-09,35868,18,68,8.31,,68.0,2,0,10,4,283,0,0,0,1,0,1,331.0,82.0,71.0,272.46,240.12074990165544,169.674,1,9,41,283,2012,0.7818314824680298,0.6234898018587336,-0.8660254037844386,0.5000000000000001,-0.9873494423939864,0.15855938510313475,54465.0,78397.0,114885.0,44245.0,38106.0,43165.0,,56049.142857142855,30486.700698438817,47344.92857142857,22985.78446131864,44559.6,16786.394598828723,42898.71666666667,12471.792806157318,100,0.1400560224089636,0,0,0,0,41175.5,41057.0
2012-10-10,33957,17,70,10.69,,70.0,3,0,10,4,284,0,0,0,0,0,0,68.0,77.0,80.0,270.46,242.0222879543673,167.84066666666666,2,10,41,284,2012,0.9749279121818236,-0.22252093395631434,-0.8660254037844386,0.5000000000000001,-0.9844738167520923,0.17553149042142777,35868.0,54465.0,78397.0,36227.0,35168.0,47905.0,,55724.857142857145,30743.679070819147,47258.42857142857,23037.354324308504,44094.666666666664,16883.420556219076,42647.25,12497.847069680387,101,0.14145658263305322,0,0,0,0,35697.5,36236.0
2012-10-11,37253,20,99,7.82,,99.0,4,0,10,4,285,0,0,0,0,0,0,70.0,102.0,88.0,269.46,242.96747628712237,160.80733333333333,3,11,41,285,2012,0.43388373911755823,-0.900968867902419,-0.8660254037844386,0.5000000000000001,-0.9813064702716093,0.19245158197082995,33957.0,35868.0,54465.0,40053.0,33661.0,67441.0,,55324.857142857145,30998.723674954585,47515.0,22893.82341627069,43088.4,16334.675139207642,42584.36666666667,12515.622050897187,102,0.14285714285714285,0,0,0,0,36857.0,37367.0
2012-10-12,41685,25,155,10.59,,155.0,5,0,10,4,286,0,0,0,0,0,0,99.0,124.0,122.0,269.0314285714286,243.31448836355608,153.40733333333336,4,12,41,286,2012,-0.433883739117558,-0.9009688679024191,-0.8660254037844386,0.5000000000000001,-0.9778483415056567,0.20931464596304888,37253.0,33957.0,35868.0,32449.0,35259.0,52790.0,,56644.28571428572,30044.633013314728,47974.0,22692.73483874383,42718.23333333333,16232.751624062561,42542.05,12514.27655557132,103,0.14425770308123248,0,0,0,0,33854.0,35829.5
2012-10-13,55157,27,211,10.7,,211.0,6,1,10,4,287,0,0,0,0,0,0,155.0,659.22,196.0,273.46,240.50066084455293,148.174,5,13,41,287,2012,-0.9749279121818236,-0.2225209339563146,-0.8660254037844386,0.5000000000000001,-0.9741004551724206,0.22611568550828803,41685.0,37253.0,33957.0,114885.0,50016.0,43510.0,,48111.71428571428,15899.044150663958,48341.21428571428,22769.785419003667,43106.46666666667,16390.849845912944,42885.316666666666,12573.977586891495,104,0.14565826330532214,0,0,0,0,82450.5,78015.5
2012-10-14,45905,23,149,7.11,,149.0,7,1,10,4,288,0,0,0,0,0,0,211.0,532.0,122.0,209.42857142857144,170.01652580740216,151.674,6,14,41,288,2012,-0.7818314824680299,0.6234898018587334,-0.8660254037844386,0.5000000000000001,-0.970063921851507,0.2428497220959358,55157.0,41685.0,37253.0,78397.0,38171.0,35836.0,,43470.0,8694.156140764911,48893.642857142855,22597.225941412635,43442.1,16339.851234603255,43063.38333333333,12539.202325198356,105,0.14705882352941177,0,0,0,0,58284.0,57092.0
2012-10-15,34668,16,76,11.18,,76.0,1,0,10,4,289,0,0,0,0,0,0,149.0,331.0,68.0,154.71428571428572,93.16421753318927,152.74066666666667,0,15,42,289,2012,0.0,1.0,-0.8660254037844386,0.5000000000000001,-0.965739937654855,0.25951179706979943,45905.0,55157.0,41685.0,54465.0,33965.0,48921.0,,40641.857142857145,7682.518476571179,48943.857142857145,22562.254558160894,42967.0,16382.208913835511,42739.9,12500.554783214047,106,0.1484593837535014,0,0,0,0,44215.0,45622.5
2012-10-16,37773,20,90,7.32,,90.0,2,0,10,4,290,0,0,0,0,0,0,76.0,68.0,82.0,118.28571428571428,54.63123125622741,149.64066666666668,1,16,42,290,2012,0.7818314824680298,0.6234898018587336,-0.8660254037844386,0.5000000000000001,-0.9611297838723007,0.27609697309746883,34668.0,45905.0,55157.0,35868.0,44245.0,38582.0,,40914.0,7517.188503689421,48481.57142857143,22731.604866401252,42940.03333333333,16390.339767329588,42748.76666666667,12496.776398392203,107,0.14985994397759103,0,0,0,0,40056.5,36987.0
2012-10-17,32077,13,81,6.29,,81.0,3,0,10,4,291,0,0,0,0,0,0,90.0,70.0,77.0,121.42857142857144,51.816526137443375,148.54066666666668,2,17,42,291,2012,0.9749279121818236,-0.22252093395631434,-0.8660254037844386,0.5000000000000001,-0.9562348265919058,0.2926003356333479,37773.0,34668.0,45905.0,33957.0,36227.0,39150.0,,40645.42857142857,7834.076670911174,48185.142857142855,22929.895571090117,42704.26666666667,16497.259391901374,42605.78333333333,12569.991220810098,108,0.15126050420168066,0,0,0,0,35092.0,34562.5
2012-10-18,39300,36,96,12.7,,96.0,4,0,10,4,292,0,0,0,0,0,0,81.0,99.0,102.0,123.0,50.13648039767688,148.47400000000002,3,18,42,292,2012,0.43388373911755823,-0.900968867902419,-0.8660254037844386,0.5000000000000001,-0.9510565162951536,0.30901699437494723,32077.0,37773.0,34668.0,37253.0,40053.0,37869.0,,40937.857142857145,7723.7679584637235,48131.357142857145,22951.311270088314,42751.96666666667,16484.86079236577,42515.75,12574.067878146565,109,0.15266106442577032,0,0,0,0,38653.0,35457.0
2012-10-19,46434,38,134,14.56,,134.0,5,0,10,4,293,0,0,0,0,0,0,96.0,155.0,124.0,122.57142857142856,50.38801822807038,149.20733333333334,4,19,42,293,2012,-0.433883739117558,-0.9009688679024191,-0.8660254037844386,0.5000000000000001,-0.9455963874271428,0.3253420847119795,39300.0,32077.0,37773.0,41685.0,32449.0,36245.0,,41616.28571428572,8003.822580789897,49130.28571428572,22516.471982250503,43091.6,16451.102735494453,42550.666666666664,12582.122836526685,110,0.15406162464985995,0,0,0,0,37067.0,38472.0
2012-10-20,52463,39,253,15.15,,253.0,6,1,10,4,294,0,0,0,0,0,0,134.0,211.0,659.22,119.57142857142856,48.73348316047553,151.20733333333334,5,20,42,294,2012,-0.9749279121818236,-0.2225209339563146,-0.8660254037844386,0.5000000000000001,-0.9398560579418953,0.341570769167856,46434.0,39300.0,32077.0,55157.0,114885.0,34681.0,,41231.42857142857,7275.879302122046,44671.57142857143,12403.449605246502,43684.333333333336,16457.96067379643,42802.833333333336,12627.313759676312,111,0.15546218487394958,0,0,0,0,85021.0,52586.5
2012-10-21,50927,23,154,12.78,,154.0,7,1,10,4,295,0,0,0,0,0,0,253.0,149.0,532.0,125.57142857142856,62.505618795051966,156.20733333333334,6,21,42,295,2012,-0.7818314824680299,0.6234898018587334,-0.8660254037844386,0.5000000000000001,-0.9338372288229252,0.35769823883312546,52463.0,46434.0,39300.0,45905.0,78397.0,39210.0,,41948.857142857145,8022.774113496578,42709.42857142857,8075.690479784021,44074.9,16487.121315302964,43036.01666666667,12646.305816179192,112,0.1568627450980392,0,0,0,0,62151.0,42038.0
2012-10-22,37452,14,76,7.05,,76.0,1,0,10,4,296,0,0,0,0,0,0,154.0,76.0,331.0,126.28571428571428,62.84561582617678,157.174,0,22,43,296,2012,0.0,1.0,-0.8660254037844386,0.5000000000000001,-0.9275416835791965,0.3737197147904692,50927.0,52463.0,46434.0,34668.0,54465.0,41146.0,,42346.57142857143,7662.604362685569,41494.21428571428,7424.443788320688,43951.76666666667,16523.50405703913,43119.55,12591.56362771034,113,0.15826330532212884,0,0,0,0,44566.5,34316.5
2012-10-23,40508,19,93,9.16,,93.0,2,0,10,4,297,0,0,0,0,0,0,76.0,90.0,68.0,126.28571428571428,62.84561582617678,153.04066666666668,1,23,43,297,2012,0.7818314824680298,0.6234898018587336,-0.8660254037844386,0.5000000000000001,-0.9209712877166347,0.38963044953078774,37452.0,50927.0,52463.0,37773.0,35868.0,35787.0,,42737.28571428572,7457.515442252121,41825.642857142855,7255.614564514214,44109.13333333333,16465.441960273234,43063.75,12595.662434218362,114,0.15966386554621848,0,0,0,0,36820.5,41009.0
2012-10-24,40354,21,104,7.64,,104.0,3,0,10,4,298,0,0,0,0,0,0,93.0,81.0,70.0,126.71428571428572,62.566536012243816,151.30733333333333,2,24,43,298,2012,0.9749279121818236,-0.22252093395631434,-0.8660254037844386,0.5000000000000001,-0.9141279881853337,0.4054257283599973,40508.0,37452.0,50927.0,32077.0,33957.0,36780.0,,43919.71428571428,5999.147403709027,42282.57142857143,6915.41464037777,44228.26666666667,16423.460551240747,43043.35,12599.100277030815,115,0.16106442577030813,0,0,0,0,33017.0,34152.0
2012-10-25,53853,25,98,6.48,,98.0,4,0,10,4,299,0,0,0,0,0,0,104.0,96.0,99.0,130.0,60.329649979646334,152.10733333333334,3,25,43,299,2012,0.43388373911755823,-0.900968867902419,-0.8660254037844386,0.5000000000000001,-0.9070138128026362,0.42110087079608916,40354.0,40508.0,37452.0,39300.0,37253.0,38106.0,,45998.71428571428,6620.81736430092,43468.28571428572,7393.3121902741705,44753.166666666664,16472.60984720275,43314.15,12654.720606208042,116,0.16246498599439776,0,0,0,0,38276.5,39676.5
2012-10-26,55673,38,126,8.03,,126.0,5,0,10,4,300,0,0,0,0,0,0,98.0,134.0,155.0,130.28571428571428,60.14625032844029,153.00733333333335,4,26,43,300,2012,-0.433883739117558,-0.9009688679024191,-0.8660254037844386,0.5000000000000001,-0.8996308696522434,0.4366512319560638,53853.0,40354.0,40508.0,46434.0,41685.0,35168.0,,47318.57142857143,7574.293209207544,44467.42857142857,8049.810219590773,45436.666666666664,16486.579236443817,43583.416666666664,12744.123149802994,117,0.1638655462184874,0,0,0,0,44059.5,39441.5
2012-10-27,45241,29,154,10.82,,154.0,6,1,10,4,301,0,0,0,0,0,0,126.0,253.0,211.0,129.14285714285714,60.1399162271573,154.54066666666668,5,27,43,301,2012,-0.9749279121818236,-0.2225209339563146,-0.8660254037844386,0.5000000000000001,-0.8919813464595487,0.45207220393230374,55673.0,53853.0,40354.0,52463.0,55157.0,33661.0,,46286.857142857145,7241.312298853281,43759.142857142855,7450.86930247987,45822.666666666664,16336.244485347837,43769.166666666664,12684.579013566528,118,0.16526610644257703,0,0,0,0,53810.0,83674.0
2012-10-28,49978,32,112,8.86,,112.0,7,1,10,4,302,0,0,0,0,0,0,154.0,154.0,149.0,115.0,30.49043565885271,156.74066666666667,6,28,43,302,2012,-0.7818314824680299,0.6234898018587334,-0.8660254037844386,0.5000000000000001,-0.8840675099433637,0.46735921715800205,45241.0,55673.0,53853.0,50927.0,45905.0,35259.0,,46151.28571428572,7148.246584869275,44050.07142857143,7618.72906284024,46313.3,16228.718417010656,43881.21666666667,12709.629388363297,119,0.16666666666666666,0,0,0,0,48416.0,64662.0
2012-10-29,47304,14,70,10.15,,70.0,1,0,10,4,303,0,0,0,0,0,0,112.0,76.0,76.0,109.0,25.212430796466958,156.40733333333336,0,29,44,303,2012,0.0,1.0,-0.8660254037844386,0.5000000000000001,-0.8758917051442433,0.48250774176121763,49978.0,45241.0,55673.0,37452.0,34668.0,50016.0,,47558.71428571428,6032.8236538204155,44952.642857142855,7156.198589142994,46222.9,16214.929345492397,44006.26666666667,12705.714115386074,120,0.16806722689075632,0,0,0,0,36060.0,45958.5
2012-10-30,38894,15,81,5.84,,81.0,2,0,10,4,304,0,0,0,0,0,0,70.0,93.0,90.0,108.14285714285714,26.58588956212472,152.20733333333334,1,30,44,304,2012,0.7818314824680298,0.6234898018587336,-0.8660254037844386,0.5000000000000001,-0.8674563547295971,0.4975132889071803,47304.0,49978.0,45241.0,40508.0,37773.0,38171.0,,47328.142857142855,6368.70377781254,45032.71428571428,7075.501824318435,46247.0,16203.082224879532,43853.45,12711.233593638106,121,0.16946778711484595,0,0,0,0,39140.5,38188.0
2012-10-31,50197,17,101,6.45,,101.0,3,0,10,4,305,0,0,0,0,0,0,81.0,104.0,81.0,106.42857142857144,28.070489503255,150.84066666666666,2,31,44,305,2012,0.9749279121818236,-0.22252093395631434,-0.8660254037844386,0.5000000000000001,-0.858763958275803,0.5123714121284235,38894.0,47304.0,49978.0,40354.0,32077.0,33965.0,,48734.28571428572,5614.168615039541,46327.0,6115.442596725564,46788.066666666666,16049.093556815054,43982.066666666666,12736.118289346483,122,0.17086834733893558,0,0,0,0,36215.5,37155.5
2012-11-01,48835,17,97,10.68,,97.0,4,0,11,4,306,0,0,0,0,0,0,101.0,98.0,96.0,106.0,28.13657169355632,151.9406666666667,3,1,44,306,2012,0.43388373911755823,-0.900968867902419,-0.5000000000000004,0.8660254037844384,-0.8498170915275277,0.5270777086423724,50197.0,38894.0,47304.0,53853.0,39300.0,44245.0,,48017.42857142857,5153.074385165371,47008.07142857143,5795.220941753264,46941.066666666666,16045.892367128463,44105.76666666667,12746.781975239624,123,0.1722689075630252,0,0,0,0,46576.5,45553.0
2012-11-02,38227,32,150,5.66,,150.0,5,0,11,4,307,0,0,0,0,0,0,97.0,126.0,134.0,105.85714285714286,28.186454024516078,152.4406666666667,4,2,44,307,2012,-0.433883739117558,-0.9009688679024191,-0.5000000000000004,0.8660254037844384,-0.8406184056344783,0.5416278206559811,48835.0,50197.0,38894.0,55673.0,46434.0,36227.0,,45525.142857142855,5051.226828819962,46421.857142857145,6254.636506158866,47007.73333333333,16003.943042011684,43858.7,12714.083192818045,124,0.17366946778711484,0,0,0,0,51053.5,48679.0
2012-11-03,65925,26,212,6.61,,212.0,6,1,11,4,308,0,0,0,0,0,0,150.0,154.0,253.0,109.28571428571428,32.21652932742338,154.874,5,3,44,308,2012,-0.9749279121818236,-0.2225209339563146,-0.5000000000000004,0.8660254037844384,-0.8311706263658079,0.5560174366570446,38227.0,48835.0,50197.0,45241.0,52463.0,40053.0,,48480.0,9201.852385978224,47383.42857142857,8035.9706293666395,47870.13333333333,16310.39677255465,44382.066666666666,12967.075853825721,125,0.17507002801120447,0,0,0,0,48852.0,50199.0
2012-11-04,52522,28,158,10.07,,158.0,7,1,11,4,309,0,0,0,0,0,0,212.0,112.0,154.0,117.57142857142856,48.81549324704557,158.54066666666668,6,4,44,309,2012,-0.7818314824680299,0.6234898018587334,-0.5000000000000004,0.8660254037844384,-0.8214765533024145,0.5702422926917867,65925.0,38227.0,48835.0,49978.0,50927.0,32449.0,,48843.42857142857,9320.35158237324,47497.357142857145,8101.115845336353,48539.23333333333,16065.855751021914,44653.53333333333,12964.099183627755,126,0.17647058823529413,0,0,0,0,50452.5,47941.5
2012-11-05,47155,10,75,8.91,,75.0,1,0,11,4,310,0,0,0,0,0,0,158.0,70.0,76.0,124.14285714285714,50.98832732900244,159.674,0,5,45,310,2012,0.0,1.0,-0.5000000000000004,0.8660254037844384,-0.8115390590073611,0.5842981736283683,52522.0,65925.0,38227.0,47304.0,37452.0,114885.0,,48822.142857142855,9324.622430757732,48190.42857142857,7573.4767416321565,46281.566666666666,10055.850061577077,44700.083333333336,12968.048427187763,127,0.17787114845938376,0,0,0,0,42378.0,40986.0
2012-11-06,46734,20,75,9.92,,75.0,2,0,11,4,311,0,0,0,0,0,0,75.0,81.0,93.0,124.85714285714286,50.13125628929351,140.2,1,6,45,311,2012,0.7818314824680298,0.6234898018587336,-0.5000000000000004,0.8660254037844384,-0.801361088174677,0.5981809144059158,47155.0,52522.0,65925.0,38894.0,40508.0,78397.0,,49942.142857142855,8353.672055421104,48635.142857142855,7264.141824025718,45226.13333333333,8025.538859267291,44850.3,12938.001987706539,128,0.1792717086834734,0,0,0,0,39701.0,38333.5
2012-11-07,45575,23,86,10.95,,86.0,3,0,11,4,312,0,0,0,0,0,0,75.0,101.0,104.0,124.0,51.048996072400605,124.96666666666668,2,7,45,312,2012,0.9749279121818236,-0.22252093395631434,-0.5000000000000004,0.8660254037844384,-0.7909456567567774,0.6118864012687242,46734.0,47155.0,52522.0,50197.0,40354.0,54465.0,,49281.857142857145,8511.346983656007,49008.07142857143,6932.759029689081,44929.8,7834.494004302282,44866.316666666666,12938.299334830821,129,0.18067226890756302,0,0,0,0,45275.5,41137.0
2012-11-08,40855,29,100,6.77,,100.0,4,0,11,4,313,0,0,0,0,0,0,86.0,97.0,98.0,121.85714285714286,52.47039981878192,116.8,3,8,45,313,2012,0.43388373911755823,-0.900968867902419,-0.5000000000000004,0.8660254037844384,-0.780295851070776,0.6254105729852457,45575.0,46734.0,47155.0,48835.0,53853.0,35868.0,,48141.857142857145,9095.54107660398,48079.642857142855,7102.288077764779,45096.03333333333,7687.110490197592,44827.816666666666,12946.881725861496,130,0.18207282913165265,0,0,0,0,51344.0,44067.5
2012-11-09,59062,34,144,8.58,,144.0,5,0,11,4,314,0,0,0,0,0,1,100.0,150.0,126.0,122.28571428571428,52.24530054054049,117.86666666666666,4,9,45,314,2012,-0.433883739117558,-0.9009688679024191,-0.5000000000000004,0.8660254037844384,-0.7694148268839381,0.6387494220515268,40855.0,45575.0,46734.0,38227.0,55673.0,33957.0,,51118.28571428572,8711.146532159899,48321.71428571428,7431.146318327669,45932.86666666667,7798.363717554121,45013.76666666667,13071.350035143385,131,0.18347338935574228,0,0,0,0,46950.0,42330.5
2012-11-10,116394,79,857,10.55,,659.22,6,1,11,4,315,0,0,0,0,1,1,144.0,212.0,154.0,121.42857142857144,51.76181714628734,120.33333333333331,5,10,45,315,2012,-0.9749279121818236,-0.2225209339563146,-0.5000000000000004,0.8660254037844384,-0.7583058084785625,0.6518989958787125,59062.0,40855.0,45575.0,65925.0,45241.0,37253.0,,58328.142857142855,26245.984616245383,53404.07142857143,19573.540788383296,48570.9,14906.923238479874,45829.65,15748.536812125798,132,0.18487394957983194,0,0,0,0,55583.0,59194.0
2012-11-11,82584,80,654,8.17,,654.0,7,1,11,4,316,0,0,0,1,1,1,659.22,158.0,112.0,185.31714285714287,211.5497988429112,139.00733333333332,6,11,45,316,2012,-0.7818314824680299,0.6234898018587334,-0.5000000000000004,0.8660254037844384,-0.7469720876965551,0.6648553979642866,116394.0,59062.0,40855.0,52522.0,49978.0,41685.0,,62622.71428571428,27563.992681965126,55733.07142857143,21020.862126301243,49934.2,16079.535289647982,46326.21666666667,16426.832821499105,133,0.18627450980392157,0,0,0,0,51250.0,51724.5
2012-11-12,103290,53,576,9.44,,576.0,1,0,11,4,317,0,0,1,0,1,1,654.0,75.0,70.0,256.1742857142857,274.557873611202,155.64066666666665,0,12,46,317,2012,0.0,1.0,-0.5000000000000004,0.8660254037844384,-0.7354170229639858,0.6776147890466887,82584.0,116394.0,59062.0,47155.0,47304.0,55157.0,,70642.0,30339.90082932591,59732.07142857143,24354.9403848244,51538.63333333333,18791.349589974747,47322.55,17991.51875748258,134,0.1876750700280112,0,0,0,0,47229.5,42303.5
2012-11-13,42996,13,86,6.69,,86.0,2,0,11,4,318,0,0,0,1,0,1,576.0,75.0,81.0,327.7457142857143,284.57548376819955,167.8073333333333,1,13,46,318,2012,0.7818314824680298,0.6234898018587336,-0.5000000000000004,0.8660254037844384,-0.7236440382959124,0.690173388242972,103290.0,82584.0,116394.0,46734.0,38894.0,45905.0,,70108.0,30859.278059172593,60025.07142857143,24108.392338527065,51441.666666666664,18828.890536900337,47441.88333333333,17937.70475566516,135,0.18907563025210083,0,0,0,0,42814.0,43621.0
2012-11-14,41537,20,92,8.24,,92.0,3,0,11,4,319,0,0,0,0,0,0,86.0,86.0,101.0,329.31714285714287,282.9730683130043,165.7073333333333,2,14,46,319,2012,0.9749279121818236,-0.22252093395631434,-0.5000000000000004,0.8660254037844384,-0.711656622281775,0.7025274741691566,42996.0,103290.0,82584.0,45575.0,50197.0,34668.0,,69531.14285714286,31426.832635125487,59406.5,24488.066989548486,51670.63333333333,18658.87992625225,47318.816666666666,17952.708590780396,136,0.19047619047619047,0,0,0,0,47886.0,42964.5
2012-11-15,47359,22,111,11.08,,111.0,4,0,11,4,320,0,0,0,0,0,0,92.0,100.0,97.0,330.17428571428576,282.12101297476016,166.24066666666664,3,15,46,320,2012,0.43388373911755823,-0.900968867902419,-0.5000000000000004,0.8660254037844384,-0.6994583270516471,0.7146733860429608,41537.0,42996.0,103290.0,40855.0,48835.0,37773.0,,70460.28571428571,30520.79744870307,59301.07142857143,24540.203364038174,51990.166666666664,18494.028044644365,47465.1,17916.033307664842,137,0.19187675070028012,0,0,0,0,44845.0,47354.0
2012-11-16,43261,50,163,15.05,,163.0,5,0,11,4,321,0,0,0,0,0,0,111.0,144.0,150.0,331.7457142857143,280.6520609139333,166.94066666666666,4,16,46,321,2012,-0.433883739117558,-0.9009688679024191,-0.5000000000000004,0.8660254037844384,-0.6870527672236675,0.7266075247685652,47359.0,41537.0,42996.0,59062.0,38227.0,32077.0,,68203.0,32050.29203195084,59660.642857142855,24242.743366615076,52362.96666666667,18188.986697114728,47533.61666666667,17891.53886579235,138,0.19327731092436976,0,0,0,0,48644.5,57367.5
2012-11-17,80397,49,290,19.94,,290.0,6,1,11,4,322,0,0,0,0,0,0,163.0,659.22,212.0,334.46000000000004,278.61818772889427,169.67399999999998,5,17,46,322,2012,-0.9749279121818236,-0.2225209339563146,-0.5000000000000004,0.8660254037844384,-0.6744436188329457,0.7383263540031063,43261.0,47359.0,41537.0,116394.0,65925.0,39300.0,,63060.57142857143,25181.13205594709,60694.357142857145,24831.791504524488,53732.86666666667,18711.33256231292,48242.416666666664,18338.981321441825,139,0.19467787114845939,0,0,0,0,91159.5,80817.5
2012-11-18,58634,49,213,14.94,,213.0,7,1,11,4,323,0,0,0,0,0,0,290.0,654.0,158.0,281.7142857142857,239.0262986128753,176.14066666666665,6,18,46,323,2012,-0.7818314824680299,0.6234898018587334,-0.5000000000000004,0.8660254037844384,-0.661634618242279,0.749826401204568,80397.0,43261.0,47359.0,82584.0,52522.0,46434.0,,59639.142857142855,23667.92318327746,61130.92857142857,24730.581546132085,54139.53333333333,18679.780089404325,48615.566666666666,18318.495081374116,140,0.19607843137254902,0,0,0,0,67553.0,66281.0
2012-11-19,59036,19,144,8.84,,144.0,1,0,11,4,324,0,0,0,0,0,0,213.0,576.0,75.0,218.7142857142857,173.75434218623553,178.77399999999997,0,19,47,324,2012,0.0,1.0,-0.5000000000000004,0.8660254037844384,-0.6486295610349818,0.7611042586607742,58634.0,80397.0,43261.0,103290.0,47155.0,52463.0,,53317.142857142855,14001.286791203276,61979.57142857143,24415.948519561734,54358.63333333333,18697.97685807366,49021.48333333333,18274.27368446234,141,0.19747899159663865,0,0,0,0,75222.5,75297.0
2012-11-20,43151,24,149,14.76,,149.0,2,0,11,4,325,0,0,0,0,0,0,144.0,86.0,75.0,157.0,73.4982993000517,175.14066666666665,1,20,47,325,2012,0.7818314824680298,0.6234898018587336,-0.5000000000000004,0.8660254037844384,-0.6354323008901775,0.7721565844991641,59036.0,58634.0,80397.0,42996.0,46734.0,50927.0,,53339.28571428572,13982.353339290257,61723.642857142855,24606.083846220867,54099.433333333334,18800.802640025664,49087.166666666664,18245.470370930347,142,0.19887955182072828,0,0,0,0,44865.0,40945.0
2012-11-21,57208,30,163,14.15,,163.0,3,0,11,4,326,0,0,0,0,0,0,149.0,92.0,86.0,166.0,66.91786009728632,174.974,2,21,47,326,2012,0.9749279121818236,-0.22252093395631434,-0.5000000000000004,0.8660254037844384,-0.622046748440868,0.7829801036770624,43151.0,59036.0,58634.0,41537.0,45575.0,37452.0,,55578.0,12997.61093432171,62554.57142857143,24212.07245193152,54757.96666666667,18541.799361188638,49354.86666666667,18244.813594568866,143,0.20028011204481794,0,0,0,0,43556.0,45867.0
2012-11-22,46675,13,237,15.17,,237.0,4,0,11,4,327,0,0,0,0,0,0,163.0,111.0,100.0,176.14285714285714,58.70953520348728,177.87399999999997,3,22,47,327,2012,0.43388373911755823,-0.900968867902419,-0.5000000000000004,0.8660254037844384,-0.6084768701151264,0.7935716089521472,57208.0,43151.0,59036.0,47359.0,40855.0,40508.0,,55480.28571428572,13072.056401784223,62970.28571428572,23858.21550625394,54963.53333333333,18412.099145592474,49536.333333333336,18161.5346143442,144,0.20168067226890757,0,0,0,0,44107.0,48097.0
2012-11-23,171345,83,1088,15.88,,659.22,5,0,11,4,328,1,0,0,0,0,0,237.0,163.0,144.0,194.14285714285717,54.57847124837336,182.674,4,23,47,328,2012,-0.433883739117558,-0.9009688679024191,-0.5000000000000004,0.8660254037844384,-0.594726686960764,0.8039279618328208,46675.0,57208.0,43151.0,43261.0,59062.0,40354.0,,73778.0,44641.06589975944,70990.5,37446.43157642248,59329.9,27910.206411905543,51779.083333333336,23946.78797844219,145,0.2030812324929972,0,0,0,0,51161.5,40744.0
2012-11-24,71030,48,297,16.39,,297.0,6,1,11,4,329,0,0,0,0,0,0,659.22,290.0,659.22,265.0314285714286,181.6697560069344,201.18133333333333,5,24,47,329,2012,-0.9749279121818236,-0.2225209339563146,-0.5000000000000004,0.8660254037844384,-0.5808002734538013,0.8140460935082175,171345.0,46675.0,57208.0,80397.0,116394.0,53853.0,,72439.85714285714,44549.88691878116,67750.21428571429,35104.886267777954,59902.46666666667,27970.101010424223,52327.816666666666,24005.313219419353,146,0.20448179271708683,0,0,0,0,98395.5,73161.0
2012-11-25,52077,35,223,17.48,,223.0,7,1,11,4,330,0,0,0,0,0,0,297.0,213.0,654.0,266.0314285714286,181.8492789307097,207.81466666666665,6,25,47,330,2012,-0.7818314824680299,0.6234898018587334,-0.5000000000000004,0.8660254037844384,-0.5667017562911184,0.8239230057575536,71030.0,171345.0,46675.0,58634.0,82584.0,55673.0,,71503.14285714286,44955.63882105917,65571.14285714286,35060.0814358112,59782.6,27996.544408194393,52609.63333333333,23899.467076511206,147,0.20588235294117646,0,0,0,0,70609.0,55578.0
2012-11-26,48822,15,88,14.55,,88.0,1,0,11,4,331,0,0,0,0,0,0,223.0,144.0,576.0,267.46,181.4019694858172,211.048,0,26,48,331,2012,0.0,1.0,-0.5000000000000004,0.8660254037844384,-0.5524353131676203,0.8335557718385695,52077.0,71030.0,171345.0,59036.0,103290.0,45241.0,,70044.0,45589.02952100061,61680.57142857143,33541.74321352718,59901.96666666667,27939.983483671152,52862.316666666666,23775.557736416693,148,0.20728291316526612,0,0,0,0,81163.0,53095.5
2012-11-27,53724,19,83,10.65,,83.0,2,0,11,4,332,0,0,0,0,0,0,88.0,149.0,86.0,259.46,188.8365992068276,208.848,1,27,48,332,2012,0.7818314824680298,0.6234898018587336,-0.5000000000000004,0.8660254037844384,-0.5380051715382992,0.8429415373547832,48822.0,52077.0,71030.0,43151.0,42996.0,49978.0,,71554.42857142857,44716.32227295807,62446.857142857145,33202.87765299206,60026.833333333336,27902.44831808992,53170.066666666666,23663.078131121234,149,0.20868347338935575,0,0,0,0,43073.5,44942.5
2012-11-28,61901,15,96,11.24,,96.0,3,0,11,4,333,0,0,0,0,0,0,83.0,163.0,92.0,250.03142857142856,196.7528066236559,207.8813333333333,2,28,48,333,2012,0.9749279121818236,-0.22252093395631434,-0.5000000000000004,0.8660254037844384,-0.5234156073655503,0.8520775211013093,53724.0,48822.0,52077.0,57208.0,41537.0,47304.0,,72224.85714285714,44500.03598286398,63901.42857142857,32657.96997721943,60513.4,27800.019623659675,53368.15,23685.961504672923,150,0.21008403361344538,0,0,0,0,49372.5,51391.5
2012-11-29,60584,32,96,10.39,,96.0,4,0,11,4,334,0,0,0,0,0,0,96.0,237.0,111.0,240.46,203.2157831796865,208.748,3,29,48,334,2012,0.43388373911755823,-0.900968867902419,-0.5000000000000004,0.8660254037844384,-0.5086709438521042,0.8609610158889945,61901.0,53724.0,48822.0,46675.0,47359.0,38894.0,,74211.85714285714,43467.60553726022,64846.07142857143,32332.312400265313,61236.4,27498.78762167652,53741.7,23618.867895270454,151,0.211484593837535,0,0,0,0,47017.0,43765.0
2012-11-30,66716,39,124,15.86,,124.0,5,0,11,4,335,0,0,0,0,0,0,96.0,659.22,163.0,220.31714285714287,210.47426776324988,209.248,4,30,48,335,2012,-0.433883739117558,-0.9009688679024191,-0.5000000000000004,0.8660254037844384,-0.49377555015997737,0.8695893893466109,60584.0,61901.0,53724.0,171345.0,43261.0,50197.0,,59264.857142857145,8103.9821163953975,66521.42857142857,31729.875935451106,61787.03333333333,27435.427669577974,54287.55,23532.358458611332,152,0.21288515406162464,1,0,0,1,107303.0,115203.5
2012-12-01,76409,30,269,11.0,,269.0,6,1,12,4,336,0,0,0,0,0,0,124.0,297.0,290.0,143.85714285714286,83.18138528025872,210.01466666666664,5,1,48,336,2012,-0.9749279121818236,-0.2225209339563146,-2.4492935982947064e-16,1.0,-0.4787338401157883,0.8779600847008883,66716.0,60584.0,61901.0,71030.0,80397.0,48835.0,,60033.28571428572,9534.296228428597,66236.57142857143,31613.412350101986,62706.166666666664,27448.43479625694,54823.61666666667,23665.681895149977,153,0.21428571428571427,0,0,0,0,75713.5,93712.0
2012-12-02,80560,30,189,11.39,,189.0,7,1,12,4,337,0,0,0,0,0,0,269.0,223.0,213.0,139.85714285714286,74.84523714846195,215.748,6,2,48,337,2012,-0.7818314824680299,0.6234898018587334,-2.4492935982947064e-16,1.0,-0.4635502709028512,0.8860706215341378,76409.0,66716.0,60584.0,52077.0,58634.0,38227.0,,64102.28571428572,11456.897612563394,67802.71428571429,31750.619849621256,64117.26666666667,27233.90019674813,55562.5,23767.08157715026,154,0.21568627450980393,0,0,0,0,55355.5,67330.5
2012-12-03,64383,18,93,14.78,,93.0,1,0,12,4,338,0,0,0,0,0,0,189.0,88.0,144.0,135.0,69.45982051997147,217.048,0,3,49,338,2012,0.0,1.0,-2.4492935982947064e-16,1.0,-0.4482293417404106,0.893918596519257,80560.0,76409.0,66716.0,48822.0,59036.0,65925.0,,66325.28571428571,9305.577032337147,68184.64285714286,31669.10795811331,64065.86666666667,27231.825785958288,55968.0,23705.45480028037,155,0.21708683473389356,0,0,0,0,53929.0,76056.0
2012-12-04,54377,9,99,17.07,,99.0,2,0,12,4,339,0,0,0,0,0,0,93.0,83.0,149.0,135.71428571428572,68.91955282722564,213.08133333333333,1,4,49,339,2012,0.7818314824680298,0.6234898018587336,-2.4492935982947064e-16,1.0,-0.4327755925504317,0.9015016841318838,64383.0,80560.0,76409.0,53724.0,43151.0,52522.0,,66418.57142857143,9160.338400902356,68986.5,31123.93002609454,64127.7,27206.804620637067,56333.46666666667,23504.900540941417,156,0.2184873949579832,0,0,0,0,48437.5,48360.0
2012-12-05,69302,13,120,15.82,,120.0,3,0,12,4,340,0,0,0,0,0,0,99.0,96.0,163.0,138.0,67.12177987310316,211.11466666666664,2,5,49,340,2012,0.9749279121818236,-0.22252093395631434,-2.4492935982947064e-16,1.0,-0.41719360261231697,0.9088176373395028,54377.0,64383.0,80560.0,61901.0,57208.0,47155.0,,67475.85714285714,8977.300400242219,69850.35714285714,30939.154000186416,64865.933333333334,27030.28154640943,55573.75,22285.364678834496,157,0.21988795518207283,0,0,0,0,59554.5,51719.0
2012-12-06,62347,19,126,14.3,,126.0,4,0,12,4,341,0,0,0,0,0,0,120.0,96.0,237.0,141.42857142857142,65.2044403980207,212.61466666666664,3,6,49,341,2012,0.43388373911755823,-0.900968867902419,-2.4492935982947064e-16,1.0,-0.4014879892059737,0.9158642882672868,69302.0,54377.0,64383.0,60584.0,46675.0,46734.0,,67727.71428571429,8774.157048102143,70969.78571428571,30313.319944002684,65386.36666666667,26818.61164536783,55306.25,22102.340566773943,158,0.22128851540616246,0,0,0,0,53629.5,53971.5
2012-12-07,81766,30,161,13.25,,161.0,5,0,12,4,342,0,0,0,0,0,0,126.0,124.0,659.22,145.71428571428572,62.65704080073323,214.31466666666665,4,7,49,342,2012,-0.433883739117558,-0.9009688679024191,-2.4492935982947064e-16,1.0,-0.38566340624360745,0.9226395488404875,62347.0,69302.0,54377.0,66716.0,171345.0,45575.0,,69877.71428571429,10211.165387526884,64571.28571428572,10428.76615925365,66592.73333333334,26710.479997924816,55761.26666666667,22364.197444073736,159,0.22268907563025211,0,0,0,0,119030.5,54988.5
2012-12-08,73663,25,243,10.55,,243.0,6,1,12,4,343,0,0,0,0,0,0,161.0,269.0,297.0,151.0,62.07790804035406,216.81466666666665,5,8,49,343,2012,-0.9749279121818236,-0.2225209339563146,-2.4492935982947064e-16,1.0,-0.3697245428906732,0.9291414114031743,81766.0,62347.0,69302.0,76409.0,71030.0,40855.0,,69485.42857142857,9968.29030571673,64759.357142857145,10576.891404647813,67686.33333333333,26288.663765484816,56391.183333333334,22326.621872107222,160,0.22408963585434175,0,0,0,0,73719.5,78403.0
2012-12-09,71624,28,256,17.63,,256.0,7,1,12,4,344,0,0,0,0,0,0,243.0,189.0,223.0,147.28571428571428,54.10703677500198,221.58133333333333,6,9,49,344,2012,-0.7818314824680299,0.6234898018587334,-2.4492935982947064e-16,1.0,-0.3536761221763721,0.935367949313148,73663.0,81766.0,62347.0,80560.0,52077.0,59062.0,,68208.85714285714,8819.68237199366,66155.57142857143,10051.052571855162,68105.06666666667,26246.567854356406,57018.96666666667,22214.403640062363,161,0.22549019607843138,0,0,0,0,66318.5,69597.0
2012-12-10,56252,17,112,12.72,,112.0,1,0,12,4,345,0,0,0,0,0,0,256.0,93.0,88.0,156.85714285714286,67.0855885453514,225.31466666666665,0,10,50,345,2012,0.0,1.0,-2.4492935982947064e-16,1.0,-0.33752289959411347,0.941317317512847,71624.0,73663.0,81766.0,64383.0,48822.0,116394.0,,67047.28571428571,9879.31589592251,66686.28571428571,9227.852374769975,66100.33333333333,24681.203817582704,57335.61666666667,22062.7697687193,162,0.226890756302521,0,0,0,0,56602.5,61709.5
2012-12-11,69250,14,126,13.02,,126.0,2,0,12,4,346,0,0,0,0,0,0,112.0,99.0,83.0,159.57142857142858,64.40201120787333,207.074,1,11,50,346,2012,0.7818314824680298,0.6234898018587336,-2.4492935982947064e-16,1.0,-0.32126966169236515,0.9469877530760751,56252.0,71624.0,73663.0,54377.0,53724.0,82584.0,,69172.0,8147.803691793178,67795.28571428571,8450.42474516073,65655.86666666667,24493.472353111658,57795.03333333333,22018.301205246782,163,0.22829131652661064,0,0,0,0,54050.5,48764.0
2012-12-12,64184,17,144,13.36,,144.0,3,0,12,4,347,0,0,0,0,0,0,126.0,120.0,96.0,163.42857142857142,60.88200922784203,189.474,2,12,50,347,2012,0.9749279121818236,-0.22252093395631434,-2.4492935982947064e-16,1.0,-0.3049212246562894,0.9523775757303973,69250.0,56252.0,71624.0,69302.0,61901.0,103290.0,,68440.85714285714,8361.035470733017,67958.35714285714,8349.354222906035,64352.333333333336,23439.4582397869,57945.48333333333,22030.807109930673,164,0.22969187675070027,0,0,0,0,65601.5,63255.0
2012-12-13,73069,23,139,11.2,,139.0,4,0,12,4,348,0,0,0,0,0,0,144.0,126.0,96.0,166.85714285714286,58.664096264036885,175.07399999999998,3,13,50,348,2012,0.43388373911755823,-0.900968867902419,-2.4492935982947064e-16,1.0,-0.2884824328806098,0.9574851883550389,64184.0,69250.0,56252.0,62347.0,60584.0,42996.0,,69972.57142857143,8034.333157500553,68850.14285714286,8165.8571066185505,65354.76666666667,23135.715784792872,58398.21666666667,22058.274408201432,165,0.23109243697478993,0,0,0,0,61465.5,54511.0
2012-12-14,72654,29,177,19.22,,177.0,5,0,12,4,349,0,0,0,0,0,0,139.0,161.0,124.0,168.71428571428572,57.34606724590122,176.84066666666664,4,14,50,349,2012,-0.433883739117558,-0.9009688679024191,-2.4492935982947064e-16,1.0,-0.27195815753410524,0.9623090774541487,73069.0,64184.0,69250.0,81766.0,66716.0,41537.0,,68670.85714285714,6371.118908233912,69274.28571428571,8200.619549095627,66392.0,22724.964405723076,59031.316666666666,21910.270001578952,166,0.23249299719887956,0,0,0,0,74241.0,126555.5
2012-12-15,81759,29,356,18.86,,356.0,6,1,12,4,350,0,0,0,0,0,0,177.0,243.0,269.0,171.0,57.3061951275776,179.67399999999998,5,15,50,350,2012,-0.9749279121818236,-0.2225209339563146,-2.4492935982947064e-16,1.0,-0.2553532951161881,0.9668478136052773,72654.0,73069.0,64184.0,73663.0,76409.0,47359.0,,69827.42857142857,7964.099946157096,69656.42857142857,8669.89296104873,67538.66666666667,22599.00858114303,59764.416666666664,21922.792638273404,167,0.2338935574229692,0,0,0,0,75036.0,72346.5
2012-12-16,81381,21,288,18.74,,288.0,7,1,12,4,351,0,0,0,0,0,0,356.0,256.0,189.0,187.14285714285717,88.43157160846381,187.84066666666664,6,16,50,351,2012,-0.7818314824680299,0.6234898018587334,-2.4492935982947064e-16,1.0,-0.23867276600594997,0.9711000518829505,81759.0,72654.0,73069.0,71624.0,80560.0,43261.0,,71221.28571428571,9103.285189320046,69715.07142857143,8751.708101097269,68809.33333333333,22255.962205174652,60586.15,21791.02998462161,168,0.23529411764705882,0,0,0,0,76092.0,61850.5
2012-12-17,77255,14,207,18.15,,207.0,1,0,12,4,352,0,0,0,0,0,0,288.0,112.0,93.0,191.7142857142857,93.27864043769488,192.0073333333333,0,17,51,352,2012,0.0,1.0,-2.4492935982947064e-16,1.0,-0.22192151300416674,0.9750645322571945,81381.0,81759.0,72654.0,56252.0,64383.0,80397.0,,74221.71428571429,6409.979191705197,70634.5,8824.292447120395,68704.6,22206.890784557007,61218.73333333333,21713.399345750142,169,0.23669467787114845,0,0,0,0,60317.5,52537.0
2012-12-18,64461,18,201,14.8,,201.0,2,0,12,4,353,0,0,0,0,0,0,207.0,126.0,99.0,205.28571428571428,86.40546719915802,189.24066666666664,1,18,51,353,2012,0.7818314824680298,0.6234898018587336,-2.4492935982947064e-16,1.0,-0.20510449986861926,0.9787400799669153,77255.0,81381.0,81759.0,69250.0,54377.0,58634.0,,73537.57142857143,7231.922747032495,71354.78571428571,7740.146184055426,68898.83333333333,22141.156333824398,61519.183333333334,21629.91443089531,170,0.23809523809523808,0,0,0,0,61813.5,61487.0
2012-12-19,74585,18,261,19.56,,261.0,3,0,12,4,354,0,0,0,0,0,0,201.0,144.0,120.0,216.0,79.29270668436884,188.84066666666664,2,19,51,354,2012,0.9749279121818236,-0.22252093395631434,-2.4492935982947064e-16,1.0,-0.1882267098432439,0.9821256058680006,64461.0,77255.0,81381.0,64184.0,69302.0,59036.0,,75023.42857142857,5943.591054156229,71732.14285714286,7761.1210318051335,69417.13333333333,22084.236282663416,61887.88333333333,21661.448777855323,171,0.23949579831932774,0,0,0,0,66743.0,63042.5
2012-12-20,76553,30,261,17.01,,261.0,4,0,12,4,355,0,0,0,0,0,0,261.0,139.0,126.0,232.7142857142857,73.72180655616617,192.74066666666664,3,20,51,355,2012,0.43388373911755823,-0.900968867902419,-2.4492935982947064e-16,1.0,-0.1712931441814778,0.9852201067560606,74585.0,64461.0,77255.0,73069.0,62347.0,43151.0,,75521.14285714286,5898.353002563975,72746.85714285714,7357.882856628424,70530.53333333334,21549.871844939935,62314.98333333333,21694.27919786624,172,0.24089635854341737,0,0,0,0,67708.0,66826.5
2012-12-21,68743,36,314,18.78,,314.0,5,0,12,4,356,0,0,0,0,0,0,261.0,177.0,161.0,250.14285714285717,61.23840998215817,196.474,4,21,51,356,2012,-0.433883739117558,-0.9009688679024191,-2.4492935982947064e-16,1.0,-0.154308820664281,0.9880226656636976,76553.0,74585.0,64461.0,72654.0,81766.0,57208.0,,74962.42857142857,6380.712991955727,71816.64285714286,6941.355859652203,70915.03333333334,21406.39808720322,62836.5,21461.315582354775,173,0.242296918767507,0,0,0,0,77210.0,69685.0
2012-12-22,88382,42,466,20.65,,466.0,6,1,12,4,357,0,0,0,0,0,0,314.0,356.0,243.0,269.7142857142857,55.59890372334814,201.5073333333333,5,22,51,357,2012,-0.9749279121818236,-0.2225209339563146,-2.4492935982947064e-16,1.0,-0.13727877211326517,0.9905324521322227,68743.0,76553.0,74585.0,81759.0,73663.0,46675.0,,75908.57142857143,7873.015090741662,72868.0,8236.4040510593,72305.26666666666,21130.396262311326,63634.4,21506.9984346444,174,0.24369747899159663,0,0,0,0,77711.0,79084.0
2012-12-23,79196,40,466,17.99,,466.0,7,1,12,4,358,0,0,0,0,0,0,466.0,288.0,256.0,285.42857142857144,89.3510998679876,209.14066666666665,6,23,51,358,2012,-0.7818314824680299,0.6234898018587334,-2.4492935982947064e-16,1.0,-0.12020804489935275,0.9927487224577402,88382.0,68743.0,76553.0,81381.0,71624.0,171345.0,,75596.42857142857,7660.329406693027,73408.85714285714,8395.508184161816,69233.63333333333,10006.689533139579,64281.76666666667,21378.56889533136,175,0.24509803921568626,0,0,0,0,76502.5,80970.5
2012-12-24,71162,18,217,22.1,,217.0,1,0,12,4,359,0,0,0,0,0,0,466.0,207.0,112.0,310.85714285714283,112.52766855523242,202.7,0,24,52,359,2012,0.0,1.0,-2.4492935982947064e-16,1.0,-0.10310169744743544,0.9946708199115211,79196.0,88382.0,68743.0,77255.0,56252.0,71030.0,,74726.0,7785.602695574162,74473.85714285714,6856.275731116515,69238.03333333334,10007.535627899591,64570.25,21352.22544319722,176,0.24649859943977592,0,1,0,1,66753.5,70819.0
2012-12-25,0,0,0,0.0,,0.0,2,0,12,4,360,0,0,0,0,0,0,217.0,201.0,126.0,312.2857142857143,111.04310617310506,200.03333333333333,1,25,52,360,2012,0.7818314824680298,0.6234898018587336,-2.4492935982947064e-16,1.0,-0.0859647987374467,0.9962981749346077,71162.0,79196.0,88382.0,64461.0,69250.0,52077.0,,65517.28571428572,29576.7238872861,69527.42857142857,21099.83094250274,67502.13333333333,15880.345737427486,63642.36666666667,22899.05350347045,177,0.24789915966386555,0,1,0,1,66855.5,59419.0
2012-12-26,74881,23,452,19.36,,452.0,3,0,12,4,361,0,0,0,0,0,0,0.0,261.0,144.0,283.57142857142856,159.86958971075694,192.6,2,26,52,361,2012,0.9749279121818236,-0.22252093395631434,-2.4492935982947064e-16,1.0,-0.06880242680232064,0.9976303053065857,0.0,71162.0,79196.0,74585.0,64184.0,48822.0,,65559.57142857143,29592.05625871656,70291.5,21085.125054808697,68370.76666666666,15532.214151914113,64136.36666666667,22814.909953106577,178,0.24929971988795518,0,1,0,1,69384.5,71943.5
2012-12-27,63853,28,260,20.14,,260.0,4,0,12,4,362,0,0,0,0,0,0,452.0,261.0,139.0,310.85714285714283,171.26823851435378,204.7333333333333,3,27,52,362,2012,0.43388373911755823,-0.900968867902419,-2.4492935982947064e-16,1.0,-0.05161966722325418,0.9986668162884759,74881.0,0.0,71162.0,76553.0,73069.0,53724.0,,63745.28571428572,29192.334174769698,69633.21428571429,21135.543334096496,68708.4,15311.369644359333,64367.61666666667,22739.161773000793,179,0.2507002801120448,0,1,0,1,74811.0,69450.0
2012-12-28,74461,29,265,12.56,,265.0,5,0,12,4,363,0,0,0,0,0,0,260.0,314.0,177.0,310.7142857142857,171.31716618182628,210.63333333333333,4,28,52,363,2012,-0.433883739117558,-0.9009688679024191,-2.4492935982947064e-16,1.0,-0.034421611622745804,0.9994074007397048,63853.0,74881.0,0.0,68743.0,72654.0,61901.0,,64562.142857142855,29434.483300082833,69762.28571428571,21160.912138361873,69127.06666666667,15290.515913204354,64820.23333333333,22663.910261722544,180,0.25210084033613445,0,1,0,1,70698.5,75254.5
2012-12-29,76098,24,302,13.06,,302.0,6,1,12,4,364,0,0,0,0,0,0,265.0,466.0,356.0,303.7142857142857,172.15953288129245,216.26666666666668,5,29,52,364,2012,-0.9749279121818236,-0.2225209339563146,-2.4492935982947064e-16,1.0,-0.01721335615583528,0.9998518392091162,74461.0,63853.0,74881.0,88382.0,81759.0,60584.0,,62807.28571428572,28114.25078564416,69357.92857142857,20967.23761000728,69644.2,15253.923799107135,65440.3,22450.49784605217,181,0.2535014005602241,0,1,0,1,85070.5,81022.5
2012-12-30,48917,26,288,17.81,,288.0,7,1,12,4,365,0,0,0,0,0,0,302.0,466.0,288.0,280.2857142857143,156.8743810460187,223.13333333333333,6,30,52,365,2012,-0.7818314824680299,0.6234898018587334,-2.4492935982947064e-16,1.0,6.432490598706546e-16,1.0,76098.0,74461.0,63853.0,79196.0,81381.0,66716.0,,58481.71428571428,27494.977382025485,67039.07142857143,21327.34543856882,69050.9,15711.039238547331,65418.96666666667,22465.83104195457,182,0.2549019607843137,0,1,0,1,80288.5,75410.0
2012-12-31,62693,18,243,13.9,,243.0,1,0,12,4,366,0,0,0,1,0,0,288.0,217.0,207.0,254.8571428571429,134.59869807620564,228.6,0,31,1,366,2012,0.0,1.0,-2.4492935982947064e-16,1.0,0.017213356155833904,0.9998518392091162,48917.0,76098.0,74461.0,71162.0,77255.0,76409.0,,57271.857142857145,27026.35037901939,65998.92857142857,21145.10346106444,68593.7,15689.08709932947,65649.93333333333,22363.447214539938,183,0.25630252100840334,0,1,0,1,74208.5,63707.0
2013-01-01,48973,18,140,18.43,,140.0,2,0,1,1,1,0,0,1,0,0,0,243.0,0.0,201.0,258.57142857142856,133.7358804296205,227.7333333333333,1,1,1,1,2013,0.7818314824680298,0.6234898018587336,0.49999999999999994,0.8660254037844387,0.017213356155834685,0.9998518392091162,62693.0,48917.0,76098.0,0.0,64461.0,80560.0,,64268.0,11752.481964816252,64892.642857142855,21631.321790429203,67540.8,15916.590506070468,65829.03333333334,22182.402833248183,184,0.25770308123249297,0,0,1,1,32230.5,34625.0
2013-01-02,47743,15,186,13.89,,186.0,3,0,1,1,2,0,0,0,1,0,0,140.0,452.0,261.0,278.57142857142856,92.8365178559552,226.1,2,2,1,2,2013,0.9749279121818236,-0.22252093395631434,0.49999999999999994,0.8660254037844387,0.03442161162274574,0.9994074007397048,48973.0,62693.0,48917.0,74881.0,74585.0,64383.0,,60391.142857142855,12137.78330158305,62975.357142857145,21894.129440093267,66986.13333333333,16315.371721030564,65526.0,22304.923212721977,185,0.25910364145658266,0,0,0,0,74733.0,69532.5
2013-01-03,58291,21,135,20.73,,135.0,4,0,1,1,3,0,0,0,0,0,0,186.0,260.0,261.0,240.57142857142856,57.87301369624487,229.2,3,3,1,3,2013,0.43388373911755823,-0.900968867902419,0.49999999999999994,0.8660254037844387,0.051619667223253764,0.998666816288476,47743.0,48973.0,62693.0,63853.0,76553.0,54377.0,,59596.57142857143,12055.160995152468,61670.92857142857,21564.49555836657,67116.6,16226.472337638254,65622.15,22260.30627488523,186,0.2605042016806723,0,0,0,0,70203.0,68461.0
2013-01-04,60871,27,137,17.56,,137.0,5,0,1,1,4,0,0,0,0,0,0,135.0,265.0,314.0,222.7142857142857,69.0789748179921,230.4,4,4,1,4,2013,-0.433883739117558,-0.9009688679024191,0.49999999999999994,0.8660254037844387,0.06880242680231986,0.9976303053065857,58291.0,47743.0,48973.0,74461.0,68743.0,69302.0,,57655.142857142855,10216.411281667759,61108.642857142855,21468.324557919612,66835.56666666667,16260.292109780925,65850.75,22137.53435478581,187,0.2619047619047619,0,0,0,0,71602.0,73557.5
2013-01-05,51324,26,197,17.65,,197.0,6,1,1,1,5,0,0,0,0,0,0,137.0,302.0,466.0,204.42857142857144,72.85798318843128,230.96666666666667,5,5,1,5,2013,-0.9749279121818236,-0.2225209339563146,0.49999999999999994,0.8660254037844387,0.08596479873744647,0.9962981749346078,60871.0,58291.0,47743.0,76098.0,88382.0,62347.0,,54116.0,6304.971874111019,58461.642857142855,20087.055095287047,66468.13333333333,16488.164132624628,65927.25,22078.204764301074,188,0.26330532212885155,0,0,0,0,82240.0,78928.5
2013-01-06,46833,27,129,15.72,,129.0,7,1,1,1,6,0,0,0,0,0,0,197.0,288.0,466.0,189.42857142857144,58.89215324884742,233.33333333333331,6,6,1,6,2013,-0.7818314824680299,0.6234898018587334,0.49999999999999994,0.8660254037844387,0.10310169744743485,0.9946708199115211,51324.0,60871.0,58291.0,48917.0,79196.0,81766.0,,53818.28571428572,6632.094609153249,56150.0,19366.63912306612,65303.7,16603.659468155933,65948.21666666666,22059.138672039302,189,0.2647058823529412,0,0,0,0,64056.5,65149.0
2013-01-07,50882,9,99,18.16,,99.0,1,0,1,1,7,0,0,0,0,0,0,129.0,243.0,217.0,166.71428571428572,43.07634418763316,232.26666666666668,0,7,2,7,2013,0.0,1.0,0.49999999999999994,0.8660254037844387,0.1202080448993527,0.9927487224577402,46833.0,51324.0,60871.0,62693.0,71162.0,73663.0,,52131.0,5382.7000969152095,54701.42857142857,18910.481207375553,64544.333333333336,16728.637562953092,66115.33333333333,21903.244872730666,190,0.2661064425770308,0,0,0,0,66927.5,69974.0
2013-01-08,41597,12,75,13.17,,75.0,2,0,1,1,8,0,0,0,0,0,0,99.0,140.0,0.0,146.14285714285714,34.00210077543532,227.46666666666667,1,8,2,8,2013,0.7818314824680298,0.6234898018587336,0.49999999999999994,0.8660254037844387,0.13727877211326478,0.9905324521322229,50882.0,46833.0,51324.0,48973.0,0.0,71624.0,,51077.28571428572,6671.590982523802,57672.642857142855,11451.462967385653,63543.433333333334,17182.565872946983,65824.25,22113.60935715487,191,0.26750700280112044,0,0,0,0,24486.5,56717.0
2013-01-09,49296,11,97,15.43,,97.0,3,0,1,1,9,0,0,0,0,0,0,75.0,186.0,452.0,136.85714285714286,43.50643083280358,221.4333333333333,2,9,2,9,2013,0.9749279121818236,-0.22252093395631434,0.49999999999999994,0.8660254037844387,0.15430882066428117,0.9880226656636976,41597.0,50882.0,46833.0,47743.0,74881.0,56252.0,,51299.142857142855,6567.238522356371,55845.142857142855,10495.61100839579,63311.566666666666,17330.646585791616,64705.95,21190.23565863872,192,0.2689075630252101,0,0,0,0,61312.0,61164.0
2013-01-10,40061,18,89,17.43,,89.0,4,0,1,1,10,0,0,0,0,0,0,97.0,135.0,260.0,124.14285714285714,39.57873406864075,220.9333333333333,3,10,2,10,2013,0.43388373911755823,-0.900968867902419,0.49999999999999994,0.8660254037844387,0.1712931441814776,0.9852201067560606,49296.0,41597.0,50882.0,58291.0,63853.0,69250.0,,48694.857142857145,6936.682574751045,54145.71428571428,11012.694216770315,62338.6,17798.791083705117,63997.23333333333,21293.01281065698,193,0.2703081232492997,0,0,0,0,61072.0,67422.0
2013-01-11,48834,24,113,16.4,,113.0,5,0,1,1,11,0,0,0,0,0,0,89.0,137.0,265.0,117.57142857142856,41.258765302487,219.7,4,11,2,11,2013,-0.433883739117558,-0.9009688679024191,0.49999999999999994,0.8660254037844387,0.1882267098432442,0.9821256058680006,40061.0,49296.0,41597.0,60871.0,74461.0,64184.0,,46975.28571428572,4467.807356122933,52315.21428571428,9385.856349427384,61826.933333333334,17963.78213946118,63089.63333333333,20743.27709997453,194,0.27170868347338933,0,0,0,0,67666.0,64807.0
2013-01-12,58881,16,169,17.98,,169.0,6,1,1,1,12,0,0,0,0,0,0,113.0,197.0,302.0,114.14285714285714,40.36264185038991,218.66666666666663,5,12,2,12,2013,-0.9749279121818236,-0.2225209339563146,0.49999999999999994,0.8660254037844387,0.2051044998686192,0.9787400799669153,48834.0,40061.0,49296.0,51324.0,76098.0,73069.0,,48054.857142857145,6250.922743311966,51085.42857142857,6802.3825997194135,61354.0,17843.970367683312,63354.38333333333,20583.22588666345,195,0.27310924369747897,0,0,0,0,63711.0,69853.0
2013-01-13,61532,16,139,16.05,,139.0,7,1,1,1,13,0,0,0,0,0,0,169.0,129.0,288.0,110.14285714285714,31.10963715329241,219.66666666666663,6,13,2,13,2013,-0.7818314824680299,0.6234898018587334,0.49999999999999994,0.8660254037844387,0.2219215130041655,0.9750645322571948,58881.0,48834.0,40061.0,46833.0,48917.0,72654.0,,50154.71428571428,7997.07087447812,51986.5,7309.65154120527,60983.26666666667,17716.181444118283,63687.63333333333,20384.915334268888,196,0.27450980392156865,0,0,0,0,47875.0,63014.5
2013-01-14,48030,15,77,19.14,,77.0,1,0,1,1,14,0,0,0,0,0,0,139.0,99.0,243.0,111.57142857142856,32.32572320849712,218.4,0,14,3,14,2013,0.0,1.0,0.49999999999999994,0.8660254037844387,0.2386727660059501,0.9711000518829505,61532.0,58881.0,48834.0,50882.0,62693.0,81759.0,,49747.28571428572,8026.438972011576,50939.142857142855,6681.031850949747,59858.96666666667,17420.02808003468,63698.816666666666,20375.987583004862,197,0.2759103641456583,0,0,0,0,56787.5,61022.0
2013-01-15,51677,10,85,16.14,,85.0,2,0,1,1,15,0,0,0,0,0,0,77.0,75.0,140.0,108.42857142857144,34.73162412392634,209.1,1,15,3,15,2013,0.7818314824680298,0.6234898018587336,0.49999999999999994,0.8660254037844387,0.255353295116187,0.9668478136052775,48030.0,61532.0,58881.0,41597.0,48973.0,81381.0,,51187.28571428572,7180.108813341636,51132.28571428572,6658.868481247236,58868.833333333336,16993.507594095343,63839.083333333336,20261.5568907477,198,0.2773109243697479,0,0,0,0,45285.0,20798.5
2013-01-16,52836,12,83,13.03,,83.0,3,0,1,1,16,0,0,0,0,0,0,85.0,97.0,186.0,109.85714285714286,33.30379643738601,202.33333333333331,2,16,3,16,2013,0.9749279121818236,-0.22252093395631434,0.49999999999999994,0.8660254037844387,0.2719581575341055,0.9623090774541486,51677.0,48030.0,61532.0,49296.0,47743.0,77255.0,,51693.0,7149.298846739983,51496.07142857143,6598.30693277596,58054.86666666667,16664.092525719738,63379.73333333333,20192.108570871274,199,0.27871148459383754,0,0,0,0,48519.5,62088.5
2013-01-17,48870,16,80,15.09,,80.0,4,0,1,1,17,0,0,0,0,0,0,83.0,89.0,135.0,107.85714285714286,34.599752269963496,198.2,3,17,3,17,2013,0.43388373911755823,-0.900968867902419,0.49999999999999994,0.8660254037844387,0.288482432880609,0.9574851883550393,52836.0,51677.0,48030.0,40061.0,58291.0,64461.0,,52951.42857142857,5295.520933050743,50823.142857142855,6326.83566378027,57535.166666666664,16700.493488647848,63217.0,20270.19817618207,200,0.2801120448179272,0,0,0,0,49176.0,51957.0
2013-01-18,42455,27,112,11.82,,112.0,5,0,1,1,18,0,0,0,0,0,1,80.0,113.0,137.0,106.57142857142856,35.57085484333629,194.16666666666663,4,18,3,18,2013,-0.433883739117558,-0.9009688679024191,0.49999999999999994,0.8660254037844387,0.30492122465628907,0.9523775757303974,48870.0,52836.0,51677.0,48834.0,60871.0,74585.0,,52040.142857142855,6527.684056604978,49507.71428571428,5982.1303952632525,56464.166666666664,16599.326305571918,62940.65,20440.47697362569,201,0.2815126050420168,0,0,0,0,54852.5,61647.5
2013-01-19,85376,45,622,14.67,,622.0,6,1,1,1,19,0,0,0,0,1,1,112.0,169.0,197.0,106.42857142857144,35.54273082200776,189.2,5,19,3,19,2013,-0.9749279121818236,-0.2225209339563146,0.49999999999999994,0.8660254037844387,0.3212696616923644,0.9469877530760753,42455.0,48870.0,52836.0,58881.0,51324.0,76553.0,,55825.142857142855,14258.695737789441,51940.0,11319.239326168316,56758.26666666667,17039.84116190611,63644.4,20474.445285174228,202,0.28291316526610644,0,0,0,0,55102.5,67489.5
2013-01-20,61592,39,488,17.5,,488.0,7,1,1,1,20,0,0,0,1,1,1,622.0,139.0,129.0,171.14285714285714,200.0678456352816,201.2333333333333,6,20,3,20,2013,-0.7818314824680299,0.6234898018587334,0.49999999999999994,0.8660254037844387,0.3375228995941133,0.9413173175128471,85376.0,42455.0,48870.0,61532.0,46833.0,68743.0,,55833.71428571428,14262.715574932645,52994.21428571428,11492.967188533243,56519.9,16915.974905090647,63717.46666666667,20458.90318436804,203,0.28431372549019607,0,0,0,0,54182.5,55224.5
2013-01-21,51725,30,357,12.78,,357.0,1,0,1,1,21,0,0,1,0,1,1,488.0,77.0,99.0,221.0,231.7067111673722,207.03333333333333,0,21,4,21,2013,0.0,1.0,0.49999999999999994,0.8660254037844387,0.3536761221763716,0.9353679493131483,61592.0,85376.0,42455.0,48030.0,50882.0,88382.0,,56361.57142857143,13991.565779153476,53054.42857142857,11483.253785164896,55298.0,15823.773541840439,63801.63333333333,20397.899940066665,204,0.2857142857142857,0,0,0,0,49456.0,55361.5
2013-01-22,29401,11,61,16.89,,61.0,2,0,1,1,22,0,0,0,1,0,1,357.0,85.0,75.0,261.0,226.82151573428845,203.4,1,22,4,22,2013,0.7818314824680298,0.6234898018587336,0.49999999999999994,0.8660254037844387,0.3697245428906731,0.9291414114031743,51725.0,61592.0,85376.0,51677.0,41597.0,79196.0,,53179.28571428572,17361.941536151982,52183.28571428572,12805.75015931732,53638.166666666664,15842.164677244102,61435.9,15310.576383995785,205,0.28711484593837533,0,0,0,0,46637.0,50325.0
2013-01-23,36534,11,75,15.33,,75.0,3,0,1,1,23,0,0,0,0,0,0,61.0,83.0,97.0,257.57142857142856,230.08321475997715,189.9,2,23,4,23,2013,0.9749279121818236,-0.22252093395631434,0.49999999999999994,0.8660254037844387,0.38566340624360707,0.9226395488404876,29401.0,51725.0,61592.0,52836.0,49296.0,71162.0,,50850.42857142857,18473.42571422651,51271.71428571428,13464.381310180297,52483.9,15782.737301044908,60860.96666666667,15589.346738323693,206,0.28851540616246496,0,0,0,0,51066.0,50289.5
2013-01-24,34180,22,64,9.62,,64.0,4,0,1,1,24,0,0,0,0,0,0,75.0,80.0,89.0,256.42857142857144,231.11242368369648,185.16666666666663,3,24,4,24,2013,0.43388373911755823,-0.900968867902419,0.49999999999999994,0.8660254037844387,0.401487989205973,0.9158642882672872,36534.0,29401.0,51725.0,48870.0,40061.0,0.0,,48751.857142857145,19539.52329193801,50851.642857142855,13924.909819385563,53623.23333333333,12818.735866673494,60562.683333333334,15927.810507913153,207,0.28991596638655465,0,0,0,0,44465.5,53580.5
2013-01-25,36310,20,66,10.7,,66.0,5,0,1,1,25,0,0,0,0,0,0,64.0,112.0,113.0,254.14285714285717,233.21765840192344,187.3,4,25,4,25,2013,-0.433883739117558,-0.9009688679024191,0.49999999999999994,0.8660254037844387,0.4171936026123168,0.9088176373395029,34180.0,36534.0,29401.0,42455.0,48834.0,74881.0,,47874.0,20002.13651088297,49957.07142857143,14456.6337100057,52337.53333333333,12544.46485639521,60354.15,16164.280322150156,208,0.2913165266106443,0,0,0,0,45644.5,51663.0
2013-01-26,35596,15,135,8.7,,135.0,6,1,1,1,26,0,0,0,0,0,0,66.0,622.0,169.0,247.57142857142856,238.47910959722608,174.43333333333334,5,26,4,26,2013,-0.9749279121818236,-0.2225209339563146,0.49999999999999994,0.8660254037844387,0.4327755925504312,0.901501684131884,36310.0,34180.0,36534.0,85376.0,58881.0,63853.0,,40762.57142857143,11480.818464684693,48293.857142857145,14688.565106949602,51395.63333333333,12709.760103770781,60052.01666666667,16457.074915136935,209,0.2927170868347339,0,0,0,0,72128.5,68350.0
2013-01-27,38898,23,112,14.3,,112.0,7,1,1,1,27,0,0,0,0,0,0,135.0,488.0,139.0,178.0,173.12230743995232,170.26666666666668,6,27,4,27,2013,-0.7818314824680299,0.6234898018587334,0.49999999999999994,0.8660254037844387,0.4482293417404106,0.893918596519257,35596.0,36310.0,34180.0,61592.0,61532.0,74461.0,,37520.57142857143,6914.872133238975,46677.142857142855,14361.385935139424,50210.2,12129.50831763544,59668.63333333333,16679.703634084868,210,0.29411764705882354,0,0,0,0,61562.0,54212.5
2013-01-28,30026,12,48,14.78,,48.0,1,0,1,1,28,0,0,0,0,0,0,112.0,357.0,77.0,124.28571428571428,106.36997428114498,165.16666666666666,0,28,5,28,2013,0.0,1.0,0.49999999999999994,0.8660254037844387,0.4635502709028509,0.886070621534138,38898.0,35596.0,36310.0,51725.0,48030.0,76098.0,,34420.71428571428,3512.6378840921197,45391.142857142855,15021.828910760976,48674.46666666667,11645.768246473728,59159.333333333336,17112.203451681824,211,0.29551820728291317,0,0,0,0,49877.5,51303.5
2013-01-29,29317,17,53,7.75,,53.0,2,0,1,1,29,0,0,0,0,0,0,48.0,61.0,85.0,80.14285714285714,31.38698547396451,156.7,1,29,5,29,2013,0.7818314824680298,0.6234898018587336,0.49999999999999994,0.8660254037844387,0.47873384011578846,0.8779600847008882,30026.0,38898.0,35596.0,29401.0,51677.0,48917.0,,34408.71428571428,3532.730516860742,43794.0,15483.672353109905,48021.13333333333,12169.69240461687,58536.01666666667,17508.822540720128,212,0.2969187675070028,0,0,0,0,40539.0,35499.0
2013-01-30,30136,11,64,9.03,,64.0,3,0,1,1,30,0,0,0,0,0,0,53.0,75.0,83.0,79.0,32.331615074619066,148.86666666666667,2,30,5,30,2013,0.9749279121818236,-0.22252093395631434,0.49999999999999994,0.8660254037844387,0.49377555015997715,0.869589389346611,29317.0,30026.0,38898.0,36534.0,52836.0,62693.0,,33494.71428571428,3714.220093742311,42172.57142857143,15651.616272961794,46935.9,12267.455353565594,57764.8,17725.976363154685,213,0.29831932773109243,0,0,0,0,44685.0,42915.0
2013-01-31,30715,22,88,7.56,,88.0,4,0,1,1,31,0,0,0,0,0,0,64.0,64.0,80.0,77.42857142857143,32.822030928717915,142.9,3,31,5,31,2013,0.43388373911755823,-0.900968867902419,0.49999999999999994,0.8660254037844387,0.5086709438521044,0.8609610158889943,30136.0,29317.0,30026.0,34180.0,48870.0,48973.0,,32999.71428571428,3836.548045412585,40875.78571428572,15805.37261225076,46327.3,12610.9959768286,56934.05,17807.380800206392,214,0.29971988795518206,0,0,0,0,41525.0,37120.5
2013-02-01,38401,19,106,11.29,,106.0,5,0,2,1,32,0,0,0,0,0,0,88.0,66.0,112.0,80.85714285714286,32.436751642895125,141.16666666666666,4,1,5,32,2013,-0.433883739117558,-0.9009688679024191,0.8660254037844386,0.5000000000000001,0.5234156073655503,0.8520775211013093,30715.0,30136.0,29317.0,36310.0,42455.0,47743.0,,33298.42857142857,4201.30713219646,40586.21428571428,15811.349789986849,46015.9,12689.925807098169,56501.01666666667,17938.596708802877,215,0.3011204481792717,0,0,0,0,39382.5,42572.0
2013-02-02,33975,22,172,8.03,,172.0,6,1,2,1,33,0,0,0,0,0,0,106.0,135.0,622.0,86.57142857142857,32.90317686210636,138.5,5,2,5,33,2013,-0.9749279121818236,-0.2225209339563146,0.8660254037844386,0.5000000000000001,0.5380051715382996,0.8429415373547828,38401.0,30715.0,30136.0,35596.0,85376.0,58291.0,,33066.857142857145,4096.938427190198,36914.71428571428,9193.846800388264,45205.36666666667,12655.363531021136,56160.98333333333,18171.394208323523,216,0.3025210084033613,0,0,0,0,60486.0,47238.5
2013-02-03,33435,10,96,7.05,,96.0,7,1,2,1,34,0,0,0,0,0,0,172.0,112.0,488.0,91.85714285714286,43.3067684141428,139.73333333333332,6,3,5,34,2013,-0.7818314824680299,0.6234898018587334,0.8660254037844386,0.5000000000000001,0.5524353131676196,0.8335557718385699,33975.0,38401.0,30715.0,38898.0,61592.0,60871.0,,32286.428571428572,3229.531640818035,34903.5,5853.065386878526,44290.833333333336,12474.28649630731,55563.2,18321.108408479387,217,0.30392156862745096,0,0,0,0,50245.0,50215.0
2013-02-04,26380,11,72,9.73,,72.0,1,0,2,1,35,0,0,0,0,0,0,96.0,48.0,357.0,89.57142857142857,42.480807991598425,138.36666666666667,0,4,6,35,2013,0.0,1.0,0.8660254037844386,0.5000000000000001,0.5667017562911176,0.8239230057575542,33435.0,33975.0,38401.0,30026.0,51725.0,51324.0,,31765.571428571428,3882.794605999416,33093.142857142855,3814.572823288919,43459.36666666667,12815.96431310237,54963.75,18680.269926573892,218,0.30532212885154064,0,0,0,0,40875.5,39028.0
2013-02-05,34067,11,72,7.03,,72.0,2,0,2,1,36,0,0,0,0,0,0,72.0,53.0,61.0,93.0,39.4250343479031,134.2,1,5,6,36,2013,0.7818314824680298,0.6234898018587336,0.8660254037844386,0.5000000000000001,0.5808002734538009,0.8140460935082178,26380.0,33435.0,33975.0,29317.0,29401.0,46833.0,,32444.14285714286,3797.683962125823,33426.42857142857,3668.1993426722306,43033.833333333336,12911.665519541102,54168.76666666667,18534.708729123482,219,0.3067226890756303,0,0,0,0,29359.0,40497.0
2013-02-06,33653,11,68,6.43,,68.0,3,0,2,1,37,0,0,0,0,0,0,72.0,64.0,75.0,95.71428571428572,36.777322205014265,132.3,2,6,6,37,2013,0.9749279121818236,-0.22252093395631434,0.8660254037844386,0.5000000000000001,0.5947266869607634,0.8039279618328213,34067.0,26380.0,33435.0,30136.0,36534.0,50882.0,,32946.57142857143,3671.992912898685,33220.642857142855,3559.6606278847507,42459.53333333333,12933.695350899752,53501.933333333334,18541.196357526704,220,0.3081232492997199,0,0,0,0,33335.0,41486.0
2013-02-07,27681,19,68,11.95,,68.0,4,0,2,1,38,0,0,0,0,0,0,68.0,88.0,64.0,96.28571428571428,36.22942766000362,131.26666666666668,3,7,6,38,2013,0.43388373911755823,-0.900968867902419,0.8660254037844386,0.5000000000000001,0.6084768701151261,0.7935716089521474,33653.0,34067.0,26380.0,30715.0,34180.0,41597.0,,32513.14285714286,4129.820433084353,32756.428571428572,3837.825279910415,41995.666666666664,13212.245760013295,52769.55,18680.593554269908,221,0.30952380952380953,0,0,0,0,32447.5,39792.5
2013-02-08,42371,27,116,16.58,,116.0,5,0,2,1,39,0,0,0,0,0,0,68.0,106.0,66.0,93.42857142857144,37.74854144139065,131.03333333333333,4,8,6,39,2013,-0.433883739117558,-0.9009688679024191,0.8660254037844386,0.5000000000000001,0.6220467484408675,0.7829801036770629,27681.0,33653.0,34067.0,38401.0,36310.0,49296.0,,33080.28571428572,5205.628835349845,33189.357142857145,4546.036914925648,41764.833333333336,13140.601978241923,52538.2,18722.641496417906,222,0.31092436974789917,0,0,0,0,37355.5,40428.0
2013-02-09,40885,19,198,15.86,,198.0,6,1,2,1,40,0,0,0,0,0,0,116.0,172.0,135.0,94.85714285714286,38.4856188353892,131.66666666666666,5,9,6,40,2013,-0.9749279121818236,-0.2225209339563146,0.8660254037844386,0.5000000000000001,0.6354323008901774,0.7721565844991642,42371.0,27681.0,33653.0,33975.0,35596.0,40061.0,,34067.42857142857,5998.379277136297,33567.142857142855,4962.139362708752,41792.3,13137.778661108454,52065.45,18651.488889016837,223,0.3123249299719888,0,0,0,0,34785.5,59675.5
2013-02-10,28068,15,142,16.53,,142.0,7,1,2,1,41,0,0,0,0,0,0,198.0,96.0,112.0,98.57142857142856,47.39499672207734,135.3,6,10,6,41,2013,-0.7818314824680299,0.6234898018587334,0.8660254037844386,0.5000000000000001,0.6486295610349814,0.7611042586607747,40885.0,42371.0,27681.0,33435.0,38898.0,48834.0,,33300.71428571428,6420.819592395697,32793.57142857143,4911.066838733114,41100.1,13300.028860093165,51463.51666666667,18835.632998583947,224,0.3137254901960784,0,0,0,0,36166.5,47513.5
2013-02-11,31563,16,84,14.57,,84.0,1,0,2,1,42,0,0,0,0,0,0,142.0,72.0,48.0,105.14285714285714,50.09134513209709,136.26666666666668,0,11,7,42,2013,0.0,1.0,0.8660254037844386,0.5000000000000001,0.6616346182422783,0.7498264012045686,28068.0,40885.0,42371.0,26380.0,30026.0,58881.0,,34041.142857142855,5753.944572452393,32903.357142857145,4861.367496863307,40189.5,12971.789501811654,50771.75,18790.82193169431,225,0.31512605042016806,0,0,0,0,28203.0,39052.5
2013-02-12,30593,14,90,11.47,,90.0,2,0,2,1,43,0,0,0,0,0,0,84.0,72.0,53.0,106.85714285714286,48.96062557957024,133.43333333333334,1,12,7,43,2013,0.7818314824680298,0.6234898018587336,0.8660254037844386,0.5000000000000001,0.6744436188329455,0.7383263540031065,31563.0,28068.0,40885.0,34067.0,29317.0,61532.0,,33544.857142857145,5899.324719224596,32994.5,4800.537754332091,39158.2,12435.26059901914,50070.73333333333,18745.154387532504,226,0.3165266106442577,0,0,0,0,31692.0,31734.0
2013-02-13,29867,10,84,15.31,,84.0,3,0,2,1,44,0,0,0,0,0,0,90.0,68.0,64.0,109.42857142857144,47.26823155445659,131.8,2,13,7,44,2013,0.9749279121818236,-0.22252093395631434,0.8660254037844386,0.5000000000000001,0.6870527672236669,0.7266075247685656,30593.0,31563.0,28068.0,33653.0,30136.0,48030.0,,33004.0,6059.145236747278,32975.28571428572,4813.380236040143,38552.76666666667,12430.574868620051,49205.86666666667,18453.162377886143,227,0.3179271708683473,0,0,0,0,31894.5,35093.5
2013-02-14,39821,18,113,10.16,,113.0,4,0,2,1,45,0,0,0,0,0,0,84.0,68.0,88.0,111.71428571428572,45.27587394965197,132.03333333333333,3,14,7,45,2013,0.43388373911755823,-0.900968867902419,0.8660254037844386,0.5000000000000001,0.699458327051647,0.7146733860429609,29867.0,30593.0,31563.0,27681.0,30715.0,51677.0,,34738.28571428572,6018.89216590222,33625.71428571428,5091.654490492064,38157.566666666666,12184.973758502843,48513.2,17999.379553148625,228,0.31932773109243695,0,0,0,0,29198.0,30930.5
2013-02-15,34430,26,119,10.18,,119.0,5,0,2,1,46,0,0,0,0,0,1,113.0,116.0,106.0,118.14285714285714,41.030186332457774,132.96666666666667,4,15,7,46,2013,-0.433883739117558,-0.9009688679024191,0.8660254037844386,0.5000000000000001,0.7116566222817746,0.7025274741691571,39821.0,29867.0,30593.0,42371.0,38401.0,52836.0,,33603.857142857145,5003.175539213839,33342.07142857143,4912.632593071056,37544.03333333333,11879.973924513764,47799.45,17686.709222833135,229,0.32072829131652664,0,0,0,0,40386.0,39340.5
2013-02-16,113669,58,718,11.4,,659.22,6,1,2,1,47,0,0,0,0,1,1,119.0,198.0,172.0,118.57142857142856,41.01973973124478,134.16666666666666,5,16,7,47,2013,-0.9749279121818236,-0.2225209339563146,0.8660254037844386,0.5000000000000001,0.7236440382959124,0.6901733882429719,34430.0,39821.0,29867.0,40885.0,33975.0,48870.0,,44001.57142857143,30959.154315846197,39034.5,22035.118682370474,39704.0,18212.96334653067,48619.583333333336,19518.43741687145,230,0.32212885154061627,0,0,0,0,37430.0,38240.5
2013-02-17,70343,28,544,11.5,,544.0,7,1,2,1,48,0,0,0,1,1,1,659.22,142.0,96.0,184.46,210.4354878183178,153.47400000000002,6,17,7,48,2013,-0.7818314824680299,0.6234898018587334,0.8660254037844386,0.5000000000000001,0.7354170229639855,0.6776147890466889,113669.0,34430.0,39821.0,28068.0,33435.0,42455.0,,50040.857142857145,31452.33635428145,41670.78571428572,23474.489686199166,40633.6,19050.662597943687,48548.88333333333,19430.27456568801,231,0.3235294117647059,0,0,0,0,30751.5,33483.0
2013-02-18,65109,30,457,13.75,,457.0,1,0,2,1,49,0,0,1,0,1,1,544.0,84.0,72.0,241.88857142857145,248.35406227323745,167.874,0,18,8,49,2013,0.0,1.0,0.8660254037844386,0.5000000000000001,0.7469720876965552,0.6648553979642865,70343.0,113669.0,34430.0,31563.0,26380.0,85376.0,,54833.142857142855,30714.688345201466,44437.142857142855,23813.498392095353,39958.03333333333,17722.35657538405,48358.15,19205.588334706208,232,0.32492997198879553,0,0,0,0,28971.5,30794.5
2013-02-19,29660,18,58,11.36,,58.0,2,0,2,1,50,0,0,0,1,0,1,457.0,90.0,72.0,295.17428571428576,248.84633671251453,162.374,1,19,8,50,2013,0.7818314824680298,0.6234898018587336,0.8660254037844386,0.5000000000000001,0.7583058084785624,0.6518989958787126,65109.0,70343.0,113669.0,30593.0,34067.0,61592.0,,54699.857142857145,30839.18157381701,44122.357142857145,23989.600312850733,38893.63333333333,17332.855298304275,47706.76666666667,19165.224272161795,233,0.32633053221288516,0,0,0,0,32330.0,29955.0
2013-02-20,27147,13,71,12.61,,71.0,3,0,2,1,51,0,0,0,0,0,0,58.0,84.0,68.0,290.60285714285715,253.49420254477135,148.04066666666668,2,20,8,51,2013,0.9749279121818236,-0.22252093395631434,0.8660254037844386,0.5000000000000001,0.7694148268839378,0.6387494220515272,29660.0,65109.0,70343.0,29867.0,33653.0,51725.0,,54311.28571428572,31219.01917482503,43657.642857142855,24269.39174099797,38074.36666666667,17286.24308415129,46686.183333333334,18584.109049648003,234,0.3277310924369748,0,0,0,0,31760.0,30001.5
2013-02-21,27070,18,60,9.41,,60.0,4,0,2,1,52,0,0,0,0,0,0,71.0,113.0,68.0,288.7457142857143,255.3012585722434,138.50733333333335,3,21,8,52,2013,0.43388373911755823,-0.900968867902419,0.8660254037844386,0.5000000000000001,0.7802958510707755,0.6254105729852463,27147.0,29660.0,65109.0,39821.0,27681.0,29401.0,,52489.71428571428,32549.079248187027,43614.0,24300.86100722166,37996.666666666664,17331.7522808987,45817.416666666664,18254.044631251378,235,0.3291316526610644,0,0,0,0,33751.0,35268.0
2013-02-22,33510,21,84,9.88,,84.0,5,0,2,1,53,0,0,0,0,0,0,60.0,119.0,116.0,281.1742857142857,262.07796415425344,138.47400000000002,4,22,8,53,2013,-0.433883739117558,-0.9009688679024191,0.8660254037844386,0.5000000000000001,0.7909456567567772,0.6118864012687243,27070.0,27147.0,29660.0,34430.0,42371.0,36534.0,,52358.28571428572,32635.89720800435,42981.07142857143,24450.658919748737,37895.86666666667,17349.337104961956,45189.88333333333,18013.599050408273,236,0.33053221288515405,0,0,0,0,38400.5,36415.5
2013-02-23,32936,27,144,10.33,,144.0,6,1,2,1,54,0,0,0,0,0,0,84.0,659.22,198.0,276.1742857142857,265.99227926496565,138.774,5,23,8,54,2013,-0.9749279121818236,-0.2225209339563146,0.8660254037844386,0.5000000000000001,0.8013610881746766,0.5981809144059165,33510.0,27070.0,27147.0,113669.0,40885.0,34180.0,,40825.0,18608.758959156767,42413.28571428572,24594.946317762617,37854.4,17360.008014061408,45738.816666666666,17091.40319485819,237,0.3319327731092437,0,0,0,0,77277.0,73822.0
2013-02-24,35108,17,102,7.54,,102.0,7,1,2,1,55,0,0,0,0,0,0,144.0,544.0,142.0,202.57142857142856,207.0972856275179,141.4406666666667,6,24,8,55,2013,-0.7818314824680299,0.6234898018587334,0.8660254037844386,0.5000000000000001,0.8115390590073611,0.5842981736283684,32936.0,33510.0,27070.0,70343.0,28068.0,36310.0,,35791.42857142857,13302.439223154204,42916.142857142855,24349.83471704174,37814.333333333336,17365.081739401412,45075.933333333334,16708.989908375424,238,0.3333333333333333,0,0,0,0,49205.5,51889.0
2013-02-25,24331,13,63,7.44,,63.0,1,0,2,1,56,0,0,0,0,0,0,102.0,457.0,84.0,139.42857142857142,143.15941829868905,142.64066666666668,0,25,9,56,2013,0.0,1.0,0.8660254037844386,0.5000000000000001,0.8214765533024142,0.5702422926917871,35108.0,32936.0,33510.0,65109.0,31563.0,35596.0,,29966.0,4000.0299582207786,42399.57142857143,24683.637834105277,37438.833333333336,17535.663284670296,44417.23333333333,16735.21161834335,239,0.33473389355742295,0,0,0,0,48336.0,45744.5
2013-02-26,28161,10,57,7.8,,57.0,2,0,2,1,57,0,0,0,0,0,0,63.0,58.0,90.0,83.14285714285714,31.03991286192884,140.24066666666667,1,26,9,57,2013,0.7818314824680298,0.6234898018587336,0.8660254037844386,0.5000000000000001,0.8311706263658079,0.5560174366570446,24331.0,35108.0,32936.0,29660.0,30593.0,38898.0,,29751.85714285714,4058.8345383275805,42225.857142857145,24781.48349025983,37080.933333333334,17614.24910050704,43645.566666666666,16390.303151627784,240,0.33613445378151263,0,0,0,0,30126.5,31863.5
2013-02-27,28990,13,63,8.17,,63.0,3,0,2,1,58,0,0,0,0,0,0,57.0,71.0,84.0,83.0,31.1769145362389,138.40733333333336,2,27,9,58,2013,0.9749279121818236,-0.22252093395631434,0.8660254037844386,0.5000000000000001,0.8406184056344782,0.5416278206559814,28161.0,24331.0,35108.0,27147.0,29867.0,30026.0,,30015.14285714286,3919.0716770073072,42163.21428571428,24816.21157221025,37046.4,17629.566379552132,42860.433333333334,15931.27153507508,241,0.33753501400560226,0,0,0,0,28507.0,30400.0
2013-02-28,32831,22,71,10.83,,71.0,4,0,2,1,59,0,0,0,0,0,0,63.0,60.0,113.0,81.85714285714286,31.82990507593136,138.90733333333336,3,28,9,59,2013,0.43388373911755823,-0.900968867902419,0.8660254037844386,0.5000000000000001,0.8498170915275278,0.5270777086423722,28990.0,28161.0,24331.0,27070.0,39821.0,29317.0,,30838.14285714286,3800.6275546968377,41663.92857142857,24936.98348133451,37163.53333333333,17588.065190748624,42592.333333333336,15962.941313508949,242,0.3389355742296919,0,0,0,0,33445.5,27375.5
2013-03-01,39263,15,99,8.2,,99.0,5,0,3,1,60,0,0,0,0,0,0,71.0,84.0,119.0,83.42857142857143,30.826704564154426,139.50733333333335,4,1,9,60,2013,-0.433883739117558,-0.9009688679024191,1.0,6.123233995736766e-17,0.8587639582758029,0.5123714121284237,32831.0,28990.0,28161.0,33510.0,34430.0,30136.0,,31660.0,4929.162741615495,42009.142857142855,24862.47899285846,37467.76666666667,17541.18884360826,42201.833333333336,15748.022459835393,243,0.3403361344537815,0,0,0,0,33970.0,37940.5
2013-03-02,34879,20,152,7.18,,152.0,6,1,3,1,61,0,0,0,0,0,0,99.0,144.0,659.22,85.57142857142857,31.38926112997342,140.674,5,2,9,61,2013,-0.9749279121818236,-0.2225209339563146,1.0,6.123233995736766e-17,0.8674563547295969,0.49751328890718066,39263.0,32831.0,28990.0,32936.0,113669.0,30715.0,,31937.571428571428,5065.8058870935165,36381.28571428572,13890.068806544785,37606.566666666666,17502.344441350666,41966.933333333334,15750.424789393062,244,0.34173669467787116,0,0,0,0,73302.5,36910.5
2013-03-03,31991,21,99,8.76,,99.0,7,1,3,1,62,0,0,0,0,0,0,152.0,102.0,544.0,86.71428571428571,33.91516025670588,142.80733333333333,6,3,9,62,2013,-0.7818314824680299,0.6234898018587334,1.0,6.123233995736766e-17,0.8758917051442429,0.48250774176121847,34879.0,39263.0,32831.0,35108.0,70343.0,38401.0,,31492.285714285714,4874.040374414806,33641.857142857145,9879.879147946152,37392.9,17531.413803660354,41704.4,15783.760081547875,245,0.3431372549019608,0,0,0,0,52725.5,31588.0
2013-03-04,32005,16,68,6.31,,68.0,1,0,3,1,63,0,0,0,0,0,0,99.0,63.0,457.0,86.28571428571429,33.70813099591909,142.574,0,4,10,63,2013,0.0,1.0,1.0,6.123233995736766e-17,0.8840675099433636,0.4673592171580022,31991.0,34879.0,39263.0,24331.0,65109.0,33975.0,,32588.571428571428,3721.63905903183,31277.285714285714,3953.3588918123783,37327.23333333333,17548.338845999737,41266.3,15680.034276921193,246,0.3445378151260504,0,0,0,0,44720.0,27947.0
2013-03-05,37806,8,55,8.88,,55.0,2,0,3,1,64,0,0,0,0,0,0,68.0,57.0,58.0,87.0,33.18132004607332,139.10733333333334,1,5,10,64,2013,0.7818314824680298,0.6234898018587336,1.0,6.123233995736766e-17,0.8919813464595485,0.45207220393230435,32005.0,31991.0,34879.0,28161.0,29660.0,33435.0,,33966.42857142857,3592.406893116553,31859.14285714286,4282.7587596555095,37472.933333333334,17533.047194553412,40881.88333333333,15472.6154287663,247,0.34593837535014005,0,0,0,0,28910.5,29377.0
2013-03-06,40000,11,63,9.71,,63.0,3,0,3,1,65,0,0,0,0,0,0,55.0,63.0,71.0,86.71428571428571,33.489870536796275,137.74066666666667,2,6,10,65,2013,0.9749279121818236,-0.22252093395631434,1.0,6.123233995736766e-17,0.8996308696522433,0.43665123195606403,37806.0,32005.0,31991.0,28990.0,27147.0,26380.0,,35539.28571428572,3458.186167837932,32777.21428571428,4563.362343012626,37926.933333333334,17411.821182517197,40693.15,15412.030610967187,248,0.3473389355742297,0,0,0,0,28068.5,29428.5
2013-03-07,35925,19,67,8.91,,67.0,4,0,3,1,66,0,0,0,0,0,0,63.0,71.0,60.0,86.71428571428571,33.48987053679628,137.4406666666667,3,7,10,66,2013,0.43388373911755823,-0.900968867902419,1.0,6.123233995736766e-17,0.9070138128026359,0.4211008707960896,40000.0,37806.0,32005.0,32831.0,27070.0,34067.0,,35981.28571428572,3245.528344983643,33409.71428571428,4318.574006607817,37988.86666666667,17400.91908934765,40511.35,15402.709968279898,249,0.3487394957983193,0,0,0,0,29950.5,36326.0
2013-03-08,31243,19,83,12.21,,83.0,5,0,3,1,67,0,0,0,0,0,0,67.0,99.0,84.0,86.14285714285714,33.83503397086326,137.274,4,8,10,67,2013,-0.433883739117558,-0.9009688679024191,1.0,6.123233995736766e-17,0.9141279881853337,0.40542572835999735,35925.0,40000.0,37806.0,39263.0,33510.0,33653.0,,34835.57142857143,3308.9222745547604,33247.78571428572,4356.856315113997,37908.53333333333,17427.169575977783,40184.03333333333,15387.254656477115,250,0.35014005602240894,0,0,0,0,36386.5,36846.5
2013-03-09,40058,17,174,8.41,,174.0,6,1,3,1,68,0,0,0,0,0,0,83.0,152.0,144.0,83.85714285714286,33.35879979569812,137.774,5,9,10,68,2013,-0.9749279121818236,-0.2225209339563146,1.0,6.123233995736766e-17,0.9209712877166346,0.38963044953078796,31243.0,35925.0,40000.0,34879.0,32936.0,27681.0,,35575.42857142857,3854.303951737329,33756.5,4718.43606342341,38321.1,17322.88935712836,40158.38333333333,15386.142059032676,251,0.35154061624649857,0,0,0,0,33907.5,74274.0
2013-03-10,39202,38,122,10.07,,122.0,7,1,3,1,69,0,0,0,0,0,0,174.0,99.0,102.0,87.0,41.00812927538409,141.30733333333333,6,10,10,69,2013,-0.7818314824680299,0.6234898018587334,1.0,6.123233995736766e-17,0.9275416835791966,0.37371971479046906,40058.0,31243.0,35925.0,31991.0,35108.0,42371.0,,36605.57142857143,3697.05932046602,34048.92857142857,4930.727992190019,38215.46666666667,17306.996708991945,39990.15,15339.651269791417,252,0.35294117647058826,0,0,0,0,33549.5,51167.0
2013-03-11,38644,12,67,10.54,,67.0,1,0,3,1,70,0,0,0,0,0,0,122.0,68.0,63.0,90.28571428571428,43.00276846015899,141.50733333333335,0,11,11,70,2013,0.0,1.0,1.0,6.123233995736766e-17,0.9338372288229252,0.35769823883312546,39202.0,40058.0,31243.0,32005.0,24331.0,40885.0,,37554.0,3127.9067015066785,35071.28571428572,4188.818163204831,38140.76666666667,17299.912046185313,39966.53333333333,15340.631104807428,253,0.3543417366946779,0,0,0,0,28168.0,48557.0
2013-03-12,35610,11,62,9.88,,62.0,2,0,3,1,71,0,0,0,0,0,0,67.0,55.0,57.0,90.14285714285714,43.09071273266982,137.14066666666668,1,12,11,71,2013,0.7818314824680298,0.6234898018587336,1.0,6.123233995736766e-17,0.9398560579418954,0.3415707691678556,38644.0,39202.0,40058.0,37806.0,28161.0,28068.0,,37240.28571428572,3207.530655310866,35603.357142857145,3686.5173602265563,38392.166666666664,17203.016816592215,39746.13333333333,15306.028305553185,254,0.3557422969187675,0,0,0,0,32983.5,33733.0
2013-03-13,33752,14,70,8.91,,70.0,3,0,3,1,72,0,0,0,0,0,0,62.0,63.0,63.0,91.14285714285714,42.21148568588263,134.47400000000002,2,13,11,72,2013,0.9749279121818236,-0.22252093395631434,1.0,6.123233995736766e-17,0.9455963874271426,0.3253420847119801,35610.0,38644.0,39202.0,40000.0,28990.0,31563.0,,36347.71428571428,3180.7977361178255,35943.5,3219.4911626144963,38465.13333333333,17177.67571434293,39327.316666666666,15116.192751642266,255,0.35714285714285715,0,0,0,0,34495.0,33573.5
2013-03-14,31068,23,80,10.6,,80.0,4,0,3,1,73,0,0,0,0,0,0,70.0,67.0,71.0,92.14285714285714,41.5107559211201,134.00733333333335,3,14,11,73,2013,0.43388373911755823,-0.900968867902419,1.0,6.123233995736766e-17,0.9510565162951535,0.30901699437494745,33752.0,35610.0,38644.0,35925.0,32831.0,30593.0,,35653.857142857145,3764.560108368685,35817.57142857143,3381.0266468651494,38480.96666666667,17170.38682006248,38819.583333333336,14867.299161208466,256,0.3585434173669468,0,0,0,0,34378.0,31497.5
2013-03-15,39265,25,109,9.28,,109.0,5,0,3,1,74,0,0,0,0,0,0,80.0,83.0,99.0,94.0,40.47633053196998,133.674,4,15,11,74,2013,-0.433883739117558,-0.9009688679024191,1.0,6.123233995736766e-17,0.9562348265919056,0.29260033563334836,31068.0,33752.0,35610.0,31243.0,39263.0,29867.0,,36799.857142857145,3401.542710230295,35817.71428571428,3381.1834621023763,38794.23333333333,17093.367870334252,38673.5,14818.246126118878,257,0.3599439775910364,0,0,0,0,35253.0,32376.5
2013-03-16,43220,23,194,13.56,,194.0,6,1,3,1,75,0,0,0,0,0,0,109.0,174.0,152.0,97.71428571428572,40.49162170834088,134.50733333333335,5,16,11,75,2013,-0.9749279121818236,-0.2225209339563146,1.0,6.123233995736766e-17,0.9611297838723007,0.27609697309746883,39265.0,31068.0,33752.0,40058.0,34879.0,39821.0,,37251.57142857143,4053.750849815268,36413.5,3898.3667339421318,38907.53333333333,17111.663277412303,38532.55,14732.434132621593,258,0.36134453781512604,0,0,0,0,37468.5,36497.0
2013-03-17,41794,26,137,16.4,,137.0,7,1,3,1,76,0,0,0,0,0,0,194.0,122.0,99.0,100.57142857142856,46.960469698307634,137.20733333333334,6,17,11,76,2013,-0.7818314824680299,0.6234898018587334,1.0,6.123233995736766e-17,0.9657399376548549,0.2595117970697999,43220.0,39265.0,31068.0,39202.0,31991.0,34430.0,,37621.857142857145,4367.819457065603,37113.71428571428,3923.219781066099,39153.0,17098.03109455429,38348.51666666667,14619.26323295034,259,0.3627450980392157,0,0,0,0,35596.5,37155.0
2013-03-18,35165,10,86,6.5,,86.0,1,0,3,1,77,0,0,0,0,0,0,137.0,67.0,68.0,102.71428571428572,48.4207747621967,137.80733333333333,0,18,12,77,2013,0.0,1.0,1.0,6.123233995736766e-17,0.9700639218515071,0.2428497220959356,41794.0,43220.0,39265.0,38644.0,32005.0,113669.0,,37124.857142857145,4429.623551671278,37339.42857142857,3690.70311654898,36536.2,9712.732441278431,38120.1,14559.02731629452,260,0.3641456582633053,0,0,0,0,35324.5,31487.5
2013-03-19,33749,10,67,8.12,,67.0,2,0,3,1,78,0,0,0,0,0,0,86.0,62.0,55.0,105.42857142857144,46.58274767499593,118.7,1,19,12,78,2013,0.7818314824680298,0.6234898018587336,1.0,6.123233995736766e-17,0.9741004551724205,0.22611568550828828,35165.0,41794.0,43220.0,35610.0,37806.0,70343.0,,36859.0,4588.686231736747,37049.642857142855,3808.639886588541,35316.4,7324.991159698111,37975.0,14558.47544169514,261,0.36554621848739494,0,0,0,0,36708.0,31885.5
2013-03-20,36494,13,82,6.42,,82.0,3,0,3,1,79,0,0,0,0,0,0,67.0,70.0,63.0,106.14285714285714,45.83822484720384,102.8,2,20,12,79,2013,0.9749279121818236,-0.22252093395631434,1.0,6.123233995736766e-17,0.9778483415056568,0.20931464596304847,33749.0,35165.0,41794.0,33752.0,40000.0,65109.0,,37250.71428571428,4392.075125126955,36799.21428571428,3713.8070903581565,34362.566666666666,4706.939687263949,37160.3,13161.653094488582,262,0.36694677871148457,0,0,0,0,36876.0,31371.0
2013-03-21,33312,20,90,7.06,,90.0,4,0,3,1,80,0,0,0,0,0,0,82.0,80.0,67.0,107.85714285714286,44.46507457705223,90.3,3,21,12,80,2013,0.43388373911755823,-0.900968867902419,1.0,6.123233995736766e-17,0.9813064702716093,0.19245158197082998,36494.0,33749.0,35165.0,31068.0,35925.0,29660.0,,37571.28571428572,3922.373758932077,36612.57142857143,3825.113728108743,34484.3,4627.683349448063,36688.96666666667,12772.51402720471,263,0.36834733893557425,0,0,0,0,33496.5,31949.5
2013-03-22,37911,28,121,9.35,,121.0,5,0,3,1,81,0,0,0,0,0,0,90.0,109.0,83.0,109.28571428571428,43.57259951588141,91.36666666666666,4,22,12,81,2013,-0.433883739117558,-0.9009688679024191,1.0,6.123233995736766e-17,0.9844738167520922,0.1755314904214282,33312.0,36494.0,33749.0,39265.0,31243.0,27147.0,,37377.857142857145,3857.7828446126314,37088.857142857145,3506.9950068428752,34843.1,4453.175235639241,36458.73333333333,12620.484011060993,264,0.3697478991596639,0,0,0,0,35254.0,39264.0
2013-03-23,43411,24,165,6.74,,165.0,6,1,3,1,82,0,0,0,0,0,0,121.0,194.0,174.0,111.0,43.79497688091593,93.03333333333332,5,23,12,82,2013,-0.9749279121818236,-0.2225209339563146,1.0,6.123233995736766e-17,0.9873494423939864,0.15855938510313475,37911.0,33312.0,36494.0,43220.0,40058.0,27070.0,,37405.142857142855,3906.3601740649638,37328.357142857145,3825.399116575649,35387.8,4468.970431457528,36692.23333333333,12617.294735921292,265,0.3711484593837535,0,0,0,0,41639.0,39049.5
2013-03-24,34053,16,126,6.58,,126.0,7,1,3,1,83,0,0,0,0,0,0,165.0,137.0,122.0,106.85714285714286,35.15408260514677,96.53333333333332,6,24,12,83,2013,-0.7818314824680299,0.6234898018587334,1.0,6.123233995736766e-17,0.989932495087353,0.141540295217043,43411.0,37911.0,33312.0,41794.0,39202.0,33510.0,,36299.28571428572,3534.879852473862,36960.57142857143,3878.55561367251,35405.9,4462.1972888732635,36650.88333333333,12621.886685223908,266,0.37254901960784315,0,0,0,0,40498.0,36892.5
2013-03-25,34946,13,101,8.32,,101.0,1,0,3,1,84,0,0,0,0,0,0,126.0,86.0,67.0,105.28571428571428,33.80194415372267,97.93333333333334,0,25,13,84,2013,0.0,1.0,1.0,6.123233995736766e-17,0.9922222094179323,0.12447926388678915,34053.0,43411.0,37911.0,35165.0,38644.0,32936.0,,36268.0,3547.5385832992793,36696.42857142857,3881.0117973831893,35472.9,4438.861949131624,36663.65,12619.732309101872,267,0.3739495798319328,0,0,0,0,36904.5,33585.0
2013-03-26,32855,12,93,9.31,,93.0,2,0,3,1,85,0,0,0,0,0,0,101.0,67.0,62.0,107.42857142857144,32.83726106552849,96.5,1,26,13,85,2013,0.7818314824680298,0.6234898018587336,1.0,6.123233995736766e-17,0.994217906893952,0.10738134666416309,34946.0,34053.0,43411.0,33749.0,35610.0,35108.0,,36140.28571428572,3667.406245758115,36499.642857142855,4008.101269393431,35397.8,4464.234941598999,36606.066666666666,12629.252273136794,268,0.3753501400560224,0,0,0,0,34679.5,35777.5
2013-03-27,35643,13,98,8.11,,98.0,3,0,3,1,86,0,0,0,0,0,0,93.0,82.0,70.0,111.14285714285714,28.713693431464915,96.2,2,27,13,86,2013,0.9749279121818236,-0.22252093395631434,1.0,6.123233995736766e-17,0.995918996147179,0.09025161003104117,32855.0,34946.0,34053.0,36494.0,33752.0,24331.0,,36018.71428571428,3667.8316352797556,36634.71428571428,3939.662820960199,35774.86666666667,3944.761246508383,36606.85,12629.190019017075,269,0.37675070028011204,0,0,0,0,35123.0,38247.0
2013-03-28,30178,15,105,6.71,,105.0,4,0,3,1,87,0,0,0,0,0,0,98.0,90.0,80.0,113.42857142857144,26.56349087787616,97.36666666666666,3,28,13,87,2013,0.43388373911755823,-0.900968867902419,1.0,6.123233995736766e-17,0.9973249731081555,0.07309512989807777,35643.0,32855.0,34946.0,33312.0,31068.0,28161.0,,35571.0,4205.203879321873,36571.142857142855,4042.2436050584956,35842.1,3825.9163369370394,36461.51666666667,12652.529343824004,270,0.37815126050420167,0,0,0,0,32190.0,34618.5
2013-03-29,39376,20,146,7.92,,146.0,5,0,3,1,88,0,0,0,0,0,0,105.0,121.0,109.0,115.57142857142856,24.912226869932983,98.96666666666668,4,29,13,88,2013,-0.433883739117558,-0.9009688679024191,1.0,6.123233995736766e-17,0.9984354211555643,0.055916990100603484,30178.0,35643.0,32855.0,37911.0,39265.0,28990.0,,35780.28571428572,4374.133427102138,36579.07142857143,4048.038565191007,36188.3,3650.3801422261495,36617.35,12629.481735578933,271,0.3795518207282913,0,0,0,0,38588.0,34577.0
2013-03-30,47234,15,185,7.77,,185.0,6,1,3,1,89,0,0,0,0,0,0,146.0,165.0,194.0,119.14285714285714,27.47986275698666,101.73333333333332,5,30,13,89,2013,-0.9749279121818236,-0.2225209339563146,1.0,6.123233995736766e-17,0.9992500112396835,0.03872228089217446,39376.0,30178.0,35643.0,43411.0,43220.0,32831.0,,36326.42857142857,5562.824907578704,36865.78571428572,4651.721851241494,36668.4,4111.607308835484,36915.96666666667,12665.710120096997,272,0.38095238095238093,0,0,0,0,43315.5,41734.5
2013-03-31,26218,7,0,6.51,,0.0,7,1,3,1,90,0,0,0,0,0,0,185.0,126.0,137.0,122.0,33.43650699460048,105.53333333333332,6,31,13,90,2013,-0.7818314824680299,0.6234898018587334,1.0,6.123233995736766e-17,0.9997685019798909,0.021516097436222254,47234.0,39376.0,30178.0,34053.0,41794.0,39263.0,,35207.142857142855,6756.630975778847,35753.21428571428,5211.373230785574,36233.566666666666,4499.274406507993,36850.666666666664,12711.275693313091,273,0.38235294117647056,0,0,0,0,37923.5,36627.5
2013-04-01,37691,10,100,9.02,,100.0,1,0,4,2,91,0,0,0,0,0,0,0.0,101.0,86.0,104.0,56.72741841473096,102.23333333333332,0,1,14,91,2013,0.0,1.0,0.8660254037844387,-0.4999999999999998,0.9999907397361901,0.004303538296244289,26218.0,47234.0,39376.0,34946.0,35165.0,34879.0,,35599.28571428572,6818.324469503166,35933.642857142855,5233.123770855979,36327.3,4499.372823344234,36966.933333333334,12686.082013093626,274,0.38375350140056025,0,0,0,0,35055.5,36795.0
2013-04-02,35095,12,87,6.37,,87.0,2,0,4,2,92,0,0,0,0,0,0,100.0,93.0,67.0,103.85714285714286,56.73749075472772,100.5,1,2,14,92,2013,0.7818314824680298,0.6234898018587336,0.8660254037844387,-0.4999999999999998,0.9999166586547379,-0.01291029607500882,37691.0,26218.0,47234.0,32855.0,33749.0,31991.0,,35919.28571428572,6719.916807874854,36029.78571428572,5202.17296578392,36430.76666666667,4431.3935823406155,36911.833333333336,12686.927317180161,275,0.3851540616246499,0,0,0,0,33302.0,34232.5
2013-04-03,36838,13,103,6.34,,103.0,3,0,4,2,93,0,0,0,0,0,0,87.0,98.0,82.0,103.0,56.97367813297608,100.1,2,3,14,93,2013,0.9749279121818236,-0.22252093395631434,0.8660254037844387,-0.4999999999999998,0.9995462806873573,-0.030120304846908114,35095.0,37691.0,26218.0,35643.0,36494.0,32005.0,,36090.0,6726.9035719760195,36054.357142857145,5205.345693199759,36591.86666666667,4352.090482494189,36959.55,12681.07706010168,276,0.3865546218487395,0,0,0,0,36068.5,34697.5
2013-04-04,34448,27,103,7.8,,103.0,4,0,4,2,94,0,0,0,0,0,0,103.0,105.0,90.0,103.71428571428572,56.93187240235518,101.26666666666668,3,4,14,94,2013,0.43388373911755823,-0.900968867902419,0.8660254037844387,-0.4999999999999998,0.9988797155850336,-0.04732138832243185,36838.0,35095.0,37691.0,30178.0,33312.0,37806.0,,36700.0,6280.221731754148,36135.5,5168.028872120966,36479.933333333334,4362.956241794833,36976.433333333334,12676.978692030363,277,0.38795518207282914,0,0,0,0,31745.0,30623.0
2013-04-05,40098,18,149,10.46,,149.0,5,0,4,2,95,0,0,0,0,0,0,103.0,146.0,121.0,103.42857142857144,56.92936308226483,102.86666666666666,4,5,14,95,2013,-0.433883739117558,-0.9009688679024191,0.8660254037844387,-0.4999999999999998,0.9979171608653922,-0.06450844944931623,34448.0,36838.0,35095.0,39376.0,37911.0,40000.0,,36803.142857142855,6337.166412747437,36291.71428571428,5258.093811208724,36483.2,4365.718508625141,37205.066666666666,12606.135796678282,278,0.38935574229691877,0,0,0,0,38643.5,39320.5
2013-04-06,42391,15,184,8.43,,184.0,6,1,4,2,96,0,0,0,0,0,0,149.0,185.0,165.0,103.85714285714286,57.313257836293694,105.73333333333332,5,6,14,96,2013,-0.9749279121818236,-0.2225209339563146,0.8660254037844387,-0.4999999999999998,0.9966589017541702,-0.08167639533042241,40098.0,34448.0,36838.0,47234.0,43411.0,35925.0,,36111.28571428572,5164.44207100428,36218.857142857145,5157.972915148505,36698.73333333333,4494.910224513632,37343.8,12616.814547073838,279,0.3907563025210084,0,0,0,0,45322.5,45227.0
2013-04-07,36794,19,128,9.2,,128.0,7,1,4,2,97,0,0,0,0,0,0,184.0,0.0,126.0,103.71428571428572,57.07805849803161,109.63333333333334,6,7,14,97,2013,-0.7818314824680299,0.6234898018587334,0.8660254037844387,-0.4999999999999998,0.9951053111006976,-0.09882013873287143,42391.0,40098.0,34448.0,26218.0,34053.0,31243.0,,37622.142857142855,2788.038224783553,36414.642857142855,5121.328727933737,36883.76666666667,4375.2408775725735,37396.15,12607.75413383178,280,0.39215686274509803,0,0,0,0,30135.5,34006.0
2013-04-08,30200,11,77,8.19,,77.0,1,0,4,2,98,0,0,0,0,0,0,128.0,100.0,101.0,122.0,34.25395354310651,111.13333333333334,0,8,15,98,2013,0.0,1.0,0.8660254037844387,-0.4999999999999998,0.9932568492674143,-0.11593459959550041,36794.0,42391.0,40098.0,37691.0,34946.0,40058.0,,36552.0,3951.918647947738,36075.642857142855,5376.731085922808,36555.166666666664,4497.113596008299,37438.13333333333,12579.016070581776,281,0.39355742296918766,0,0,0,0,36318.5,36428.0
2013-04-09,30758,11,59,10.27,,59.0,2,0,4,2,99,0,0,0,0,0,0,77.0,87.0,93.0,118.71428571428572,37.65064977621758,107.9,1,9,15,99,2013,0.7818314824680298,0.6234898018587336,0.8660254037844387,-0.4999999999999998,0.9911140639934547,-0.1330147065341959,30200.0,36794.0,42391.0,35095.0,32855.0,39202.0,,35932.42857142857,4517.862173533485,35925.857142857145,5501.1241348702315,36273.7,4589.048433780864,37244.583333333336,12591.16611539535,282,0.3949579831932773,0,0,0,0,33975.0,34422.0
2013-04-10,30503,14,61,8.43,,61.0,3,0,4,2,100,0,0,0,0,0,0,59.0,103.0,98.0,114.71428571428572,42.72670626869559,105.8,2,10,15,100,2013,0.9749279121818236,-0.22252093395631434,0.8660254037844387,-0.4999999999999998,0.9886775902323405,-0.1500553983446526,30758.0,30200.0,36794.0,36838.0,35643.0,38644.0,,35027.42857142857,4922.599782538156,35558.71428571428,5689.741273400822,36002.333333333336,4683.776330339021,37071.55,12611.610379066968,283,0.3963585434173669,0,0,0,0,36240.5,36666.0
2013-04-11,37311,19,79,6.95,,79.0,4,0,4,2,101,0,0,0,0,0,0,61.0,103.0,105.0,108.71428571428572,47.34523659853637,105.6,3,11,15,101,2013,0.43388373911755823,-0.900968867902419,0.8660254037844387,-0.4999999999999998,0.9859481499638304,-0.16705162550211924,30503.0,30758.0,30200.0,34448.0,30178.0,35610.0,,35436.42857142857,4984.976190419038,36068.21428571428,5486.5933129144605,36059.03333333333,4689.155857297065,37225.6,12556.09771804459,284,0.39775910364145656,0,0,0,0,32313.0,33880.0
2013-04-12,35606,16,112,9.71,,112.0,5,0,4,2,102,0,0,0,0,0,0,79.0,149.0,146.0,105.28571428571428,48.67824389366759,106.16666666666669,4,12,15,102,2013,-0.433883739117558,-0.9009688679024191,0.8660254037844387,-0.4999999999999998,0.9829265519799822,-0.18399835165768005,37311.0,30503.0,30758.0,40098.0,39376.0,33752.0,,34794.71428571428,4555.506767063242,35798.92857142857,5403.646695509351,36120.833333333336,4669.879848438391,37292.98333333333,12536.026347808052,285,0.39915966386554624,0,0,0,0,39737.0,39004.5
2013-04-13,39334,19,168,9.12,,168.0,6,1,4,2,103,0,0,0,0,0,0,112.0,184.0,185.0,100.0,45.01110973970709,107.56666666666666,5,13,15,103,2013,-0.9749279121818236,-0.2225209339563146,0.8660254037844387,-0.4999999999999998,0.9796136916454901,-0.20089055513063506,35606.0,37311.0,30503.0,42391.0,47234.0,31068.0,,34358.0,3787.7516198043418,35234.642857142855,4445.137215276537,36396.36666666667,4604.874901766598,37438.666666666664,12507.60310691964,286,0.4005602240896359,0,0,0,0,44812.5,42901.0
2013-04-14,36689,17,133,9.93,,133.0,7,1,4,2,104,0,0,0,0,0,0,168.0,128.0,0.0,97.71428571428572,40.181730034573945,110.5,6,14,15,104,2013,-0.7818314824680299,0.6234898018587334,0.8660254037844387,-0.4999999999999998,0.9760105506323683,-0.21772323039653177,39334.0,35606.0,37311.0,36794.0,26218.0,39265.0,,34343.0,3776.688673074657,35982.57142857143,3614.6489288892058,36310.5,4573.449228408245,37552.36666666667,12468.553118955935,287,0.4019607843137255,0,0,0,0,31506.0,35423.5
2013-04-15,31807,12,54,8.68,,54.0,1,0,4,2,105,0,0,0,0,0,0,133.0,77.0,100.0,98.42857142857144,40.84873373336071,111.3,0,15,16,105,2013,0.0,1.0,0.8660254037844387,-0.4999999999999998,0.9721181966290613,-0.23449138957040985,36689.0,39334.0,35606.0,30200.0,37691.0,43220.0,,34572.57142857143,3523.2132519966344,35562.28571428572,3740.605019523842,35930.066666666666,4451.947012521515,37418.8,12486.749813641434,288,0.40336134453781514,0,0,0,0,33945.5,32573.0
2013-04-16,31423,16,61,7.54,,61.0,2,0,4,2,106,0,0,0,0,0,0,54.0,59.0,87.0,95.14285714285714,43.68610981165687,106.63333333333334,1,16,16,106,2013,0.7818314824680298,0.6234898018587336,0.8660254037844387,-0.4999999999999998,0.9679377830240642,-0.25119006388481935,31807.0,36689.0,39334.0,30758.0,35095.0,41794.0,,34667.57142857143,3410.3728954047483,35300.0,3901.1818130485303,35584.36666666667,4383.030816316718,37368.683333333334,12504.970079717608,289,0.40476190476190477,0,0,0,0,32926.5,31806.5
2013-04-17,29703,15,71,8.49,,71.0,3,0,4,2,107,0,0,0,0,0,0,61.0,61.0,103.0,95.42857142857144,43.41603829176878,104.1,2,17,16,107,2013,0.9749279121818236,-0.22252093395631434,0.8660254037844387,-0.4999999999999998,0.9634705485641488,-0.2678143051621742,31423.0,31807.0,36689.0,30503.0,36838.0,35165.0,,34553.28571428572,3582.2652383781287,34790.357142857145,4143.340506758308,35402.3,4512.580010944161,35969.25,7530.279985847409,290,0.4061624649859944,0,0,0,0,33670.5,33073.0
2013-04-18,31366,19,69,11.62,,69.0,4,0,4,2,108,0,0,0,0,0,0,71.0,79.0,103.0,96.85714285714286,42.24306085591032,103.6,3,18,16,108,2013,0.43388373911755823,-0.900968867902419,0.8660254037844387,-0.4999999999999998,0.9587178169872964,-0.2843591872810034,29703.0,31423.0,31807.0,37311.0,34448.0,33749.0,,33704.0,3523.7419504456343,34570.21428571428,4243.592911284311,35322.86666666667,4563.373674372328,35319.63333333333,6050.517551659335,291,0.40756302521008403,0,0,0,0,35879.5,33744.5
2013-04-19,33256,19,102,10.58,,102.0,5,0,4,2,109,0,0,0,0,0,0,69.0,112.0,149.0,95.42857142857144,43.10783820009612,103.66666666666669,4,19,16,109,2013,-0.433883739117558,-0.9009688679024191,0.8660254037844387,-0.4999999999999998,0.9536809966304457,-0.30081980763566735,31366.0,29703.0,31423.0,35606.0,40098.0,36494.0,,33368.28571428572,3422.8330232073804,34081.5,3941.222101562581,35214.933333333334,4573.001337937919,34788.75,4620.989301316459,292,0.40896358543417366,0,0,0,0,37852.0,37491.0
2013-04-20,41566,24,157,10.3,,157.0,6,1,4,2,110,0,0,0,0,0,0,102.0,168.0,184.0,94.0,42.63019274332788,104.33333333333331,5,20,16,110,2013,-0.9749279121818236,-0.2225209339563146,0.8660254037844387,-0.4999999999999998,0.9483615800121715,-0.3171912885891061,33256.0,31366.0,29703.0,39334.0,42391.0,33312.0,,33687.142857142855,4106.819508596347,34022.57142857143,3811.453845658063,35490.066666666666,4701.070449877669,34987.183333333334,4652.543461455711,293,0.4103641456582633,0,0,0,0,40862.5,43284.0
2013-04-21,33951,15,115,12.08,,115.0,7,1,4,2,111,0,0,0,0,0,0,157.0,133.0,128.0,92.42857142857144,39.53840808992776,106.56666666666666,6,21,16,111,2013,-0.7818314824680299,0.6234898018587334,0.8660254037844387,-0.4999999999999998,0.9427611433904207,-0.3334687789181868,41566.0,33256.0,31366.0,36689.0,36794.0,37911.0,,33296.0,3898.361279648634,33819.5,3727.2419118203215,35358.066666666666,4686.322452983119,35100.583333333336,4539.76238193841,294,0.4117647058823529,0,0,0,0,36741.5,31453.5
2013-04-22,34896,9,63,10.17,,63.0,1,0,4,2,112,0,0,0,0,0,0,115.0,54.0,77.0,89.85714285714286,36.96136979527147,106.36666666666666,0,22,17,112,2013,0.0,1.0,0.8660254037844387,-0.4999999999999998,0.9368813462954315,-0.3496474552512284,33951.0,41566.0,33256.0,31807.0,30200.0,43411.0,,33737.28571428572,3876.4904967542016,34154.92857142857,3585.0460669560453,35074.23333333333,4432.7692573047525,35231.01666666667,4415.857252097692,295,0.41316526610644255,0,0,0,0,31003.5,34749.0
2013-04-23,42248,11,71,7.11,,71.0,2,0,4,2,113,0,0,0,0,0,0,63.0,61.0,59.0,91.14285714285714,35.63906364009592,102.96666666666668,1,23,17,113,2013,0.7818314824680298,0.6234898018587336,0.8660254037844387,-0.4999999999999998,0.9307239310379795,-0.36572252349726897,34896.0,33951.0,41566.0,31423.0,30758.0,34053.0,,35283.71428571428,4839.065361350851,34975.642857142855,4034.580268077408,35347.4,4616.3699173477735,35376.65,4501.39626859811,296,0.41456582633053224,0,0,0,0,31090.5,33259.0
2013-04-24,33263,12,66,9.37,,66.0,3,0,4,2,114,0,0,0,0,0,0,71.0,71.0,61.0,92.57142857142856,34.40860911098168,101.13333333333334,2,24,17,114,2013,0.9749279121818236,-0.22252093395631434,0.8660254037844387,-0.4999999999999998,0.9242907221930933,-0.3816892202666588,42248.0,34896.0,33951.0,29703.0,30503.0,34946.0,,35792.28571428572,4313.30734333786,35172.78571428572,3863.0039164154196,35291.3,4631.617168608834,35382.1,4498.588282139545,297,0.41596638655462187,0,0,0,0,30103.0,33270.5
2013-04-25,38729,15,73,10.67,,73.0,4,0,4,2,115,0,0,0,0,0,0,66.0,69.0,79.0,91.85714285714286,34.97822451863646,99.96666666666668,3,25,17,115,2013,0.43388373911755823,-0.900968867902419,0.8660254037844387,-0.4999999999999998,0.9175836260593937,-0.39754281428255595,33263.0,42248.0,34896.0,31366.0,37311.0,32855.0,,36844.142857142855,3935.2082294995394,35274.07142857143,3941.1777518183153,35487.1,4649.199206908393,35442.45,4519.090535566189,298,0.4173669467787115,0,0,0,0,34338.5,32907.0
2013-04-26,36689,23,107,9.08,,107.0,5,0,4,2,116,0,0,0,0,0,0,73.0,102.0,112.0,92.42857142857144,34.57290433685988,99.3,4,26,17,116,2013,-0.433883739117558,-0.9009688679024191,0.8660254037844387,-0.4999999999999998,0.9106046300942162,-0.4132786077829042,38729.0,33263.0,42248.0,33256.0,35606.0,35643.0,,37334.57142857143,3614.342764465584,35351.42857142857,3958.7831796822816,35521.96666666667,4654.328104280922,35648.416666666664,4279.341004595877,299,0.41876750700280113,0,0,0,0,34431.0,36677.0
2013-04-27,44195,16,177,6.89,,177.0,6,1,4,2,117,0,0,0,0,0,0,107.0,157.0,168.0,93.14285714285714,34.85411774538949,99.6,5,27,17,117,2013,-0.9749279121818236,-0.2225209339563146,0.8660254037844387,-0.4999999999999998,0.9033558023246845,-0.4288919379124835,36689.0,38729.0,33263.0,41566.0,39334.0,30178.0,,37710.142857142855,4214.142001584773,35698.642857142855,4509.780885128144,35989.2,4800.627296654022,35915.65,4304.413709658744,300,0.42016806722689076,0,0,0,0,40450.0,41978.5
2013-04-28,31213,18,116,7.97,,116.0,7,1,4,2,118,0,0,0,0,0,0,177.0,115.0,133.0,96.0,41.20275071723512,102.0,6,28,17,118,2013,-0.7818314824680299,0.6234898018587334,0.8660254037844387,-0.4999999999999998,0.895839290734909,-0.4443781781046132,44195.0,36689.0,38729.0,33951.0,36689.0,39376.0,,37319.0,4718.1337765403005,35307.5,4652.49224775106,35717.1,4833.272507068746,35952.7,4253.051930324122,301,0.4215686274509804,0,0,0,0,35320.0,35372.5
2013-04-29,29065,11,73,10.65,,73.0,1,0,4,2,119,0,0,0,0,0,0,116.0,63.0,54.0,96.14285714285714,41.281265207631535,101.0,0,29,18,119,2013,0.0,1.0,0.8660254037844387,-0.4999999999999998,0.8880573226294932,-0.45973273945210397,31213.0,44195.0,36689.0,34896.0,31807.0,47234.0,,36486.0,5641.587867494733,35111.642857142855,4864.092604241461,35111.46666666667,4464.661501887591,35889.933333333334,4327.048576721848,302,0.42296918767507,0,0,0,0,33351.5,32548.0
2013-04-30,40183,12,65,7.8,,65.0,2,0,4,2,120,0,0,0,0,0,0,73.0,71.0,61.0,97.57142857142856,40.09928155157314,97.26666666666668,1,30,18,120,2013,0.7818314824680298,0.6234898018587336,0.8660254037844387,-0.4999999999999998,0.8800122039735357,-0.47495107206704995,29065.0,31213.0,44195.0,42248.0,31423.0,26218.0,,36191.0,5335.7766070176785,35737.357142857145,4916.2484071798035,35576.96666666667,4227.124485113262,35905.26666666667,4340.812135474198,303,0.42436974789915966,0,0,0,0,36835.5,36503.0
2013-05-01,44644,15,71,11.18,,71.0,3,0,5,2,121,0,0,0,0,0,0,65.0,66.0,71.0,96.71428571428572,40.81957980232095,99.43333333333334,2,1,18,121,2013,0.9749279121818236,-0.22252093395631434,0.49999999999999994,-0.8660254037844387,0.8717063187093218,-0.4900286664290592,40183.0,29065.0,31213.0,33263.0,29703.0,37691.0,,37816.857142857145,5988.867684533885,36804.57142857143,5122.897703362797,35808.73333333333,4527.004581195087,36068.01666666667,4482.4314924450455,304,0.4257703081232493,0,0,0,0,31483.0,31883.0
2013-05-02,32779,16,78,10.28,,78.0,4,0,5,2,122,0,0,0,0,0,0,71.0,73.0,69.0,97.42857142857144,40.23206491865662,98.46666666666668,3,2,18,122,2013,0.43388373911755823,-0.900968867902419,0.49999999999999994,-0.8660254037844387,0.8631421280499114,-0.5049610547215204,44644.0,40183.0,29065.0,38729.0,31366.0,35095.0,,36966.857142857145,6254.194817042472,36905.5,5020.4014971221795,35731.53333333333,4559.228675942963,36081.15,4471.4244301727385,305,0.4271708683473389,0,0,0,0,35047.5,38020.0
2013-05-03,36015,14,99,11.84,,99.0,5,0,5,2,123,0,0,0,0,0,0,78.0,107.0,102.0,98.14285714285714,39.767778294445165,98.16666666666669,4,3,18,123,2013,-0.433883739117558,-0.9009688679024191,0.49999999999999994,-0.8660254037844387,0.854322169749827,-0.5197438121555155,32779.0,44644.0,40183.0,36689.0,33256.0,36838.0,,36870.57142857143,6264.3654602078195,37102.57142857143,4919.255927385745,35704.1,4554.815279573351,36147.98333333333,4439.319548147533,306,0.42857142857142855,0,0,0,0,34972.5,36147.5
2013-05-04,38127,16,164,10.76,,164.0,6,1,5,2,124,0,0,0,0,0,0,99.0,177.0,157.0,97.0,39.58535082577838,98.03333333333332,5,4,18,124,2013,-0.9749279121818236,-0.2225209339563146,0.49999999999999994,-0.8660254037844387,0.8452490573530633,-0.5343725582809786,36015.0,32779.0,44644.0,44195.0,41566.0,34448.0,,36003.71428571428,5448.622416546436,36856.92857142857,4762.598829409112,35826.73333333333,4569.333362178014,36153.333333333336,4441.544423965198,307,0.42997198879551823,0,0,0,0,42880.5,41764.5
2013-05-05,42165,15,131,10.87,,131.0,7,1,5,2,125,0,0,0,0,0,0,164.0,116.0,115.0,95.14285714285714,35.27713410236356,100.06666666666666,6,5,18,125,2013,-0.7818314824680299,0.6234898018587334,0.49999999999999994,-0.8660254037844387,0.8359254794186372,-0.548842958284719,38127.0,36015.0,32779.0,31213.0,33951.0,40098.0,,37568.28571428572,5416.029133177341,37443.642857142855,4881.538606866541,35895.63333333333,4650.817143502767,36189.416666666664,4481.935240653559,308,0.43137254901960786,0,0,0,0,32582.0,33951.0
2013-05-06,35486,9,86,8.49,,86.0,1,0,5,2,126,0,0,0,0,0,0,131.0,73.0,63.0,97.28571428571428,37.1605269325492,99.46666666666668,0,6,19,126,2013,0.0,1.0,0.49999999999999994,-0.8660254037844387,0.8263541987239096,-0.5631507242749186,42165.0,38127.0,36015.0,29065.0,34896.0,42391.0,,38485.57142857143,4125.94198768129,37485.78571428572,4860.353472086699,35665.46666666667,4486.230325488619,36182.1,4482.732469890437,309,0.4327731092436975,0,0,0,0,31980.5,30436.0
2013-05-07,32888,10,78,8.04,,78.0,2,0,5,2,127,0,0,0,0,0,0,86.0,65.0,71.0,99.14285714285714,36.05287122837067,96.2,1,7,19,127,2013,0.7818314824680298,0.6234898018587336,0.49999999999999994,-0.8660254037844387,0.8165380514459161,-0.5772916165517272,35486.0,42165.0,38127.0,40183.0,42248.0,36794.0,,37443.42857142857,4527.499194078125,36817.21428571428,4798.25758725241,35535.26666666667,4508.971080224316,36209.51666666667,4456.96906014695,310,0.4341736694677871,0,0,0,0,41215.5,35803.0
2013-05-08,31840,12,80,8.01,,80.0,3,0,5,2,128,0,0,0,0,0,0,78.0,71.0,66.0,101.0,34.292856398963835,94.53333333333332,2,8,19,128,2013,0.9749279121818236,-0.22252093395631434,0.49999999999999994,-0.8660254037844387,0.8064799463209448,-0.5912614448635781,32888.0,35486.0,42165.0,44644.0,33263.0,30200.0,,35614.28571428572,3631.329679069677,36715.57142857143,4893.466377406934,35589.933333333334,4451.633012520383,36072.55,4462.966405099941,311,0.43557422969187676,0,0,0,0,38953.5,37173.5
2013-05-09,40765,20,88,6.17,,88.0,4,0,5,2,129,0,0,0,0,0,0,80.0,78.0,73.0,102.28571428571428,33.12961558140064,94.63333333333334,3,9,19,129,2013,0.43388373911755823,-0.900968867902419,0.49999999999999994,-0.8660254037844387,0.7961828637826158,-0.6050560696488488,31840.0,32888.0,35486.0,32779.0,38729.0,30758.0,,36755.142857142855,3840.5611321161,36861.0,4987.261125954854,35923.5,4452.003777843345,36098.6,4486.044258756847,312,0.4369747899159664,0,0,0,0,35754.0,32072.5
2013-05-10,38978,16,116,8.27,,116.0,5,0,5,2,130,0,0,0,0,0,0,88.0,99.0,107.0,103.71428571428572,32.1077056468493,95.6,4,10,19,130,2013,-0.433883739117558,-0.9009688679024191,0.49999999999999994,-0.8660254037844387,0.7856498550787147,-0.6186714032625031,40765.0,31840.0,32888.0,36015.0,36689.0,30503.0,,37178.42857142857,3908.080213145332,37024.5,5018.61082142479,36206.0,4364.210850179901,36104.166666666664,4489.46226883317,313,0.438375350140056,0,0,0,0,36352.0,34635.5
2013-05-11,43649,17,176,10.58,,176.0,6,1,5,2,131,0,0,0,0,0,0,116.0,164.0,177.0,106.14285714285714,32.33382424762261,97.43333333333334,5,11,19,131,2013,-0.9749279121818236,-0.2225209339563146,0.49999999999999994,-0.8660254037844387,0.7748840413670407,-0.6321034111873487,38978.0,40765.0,31840.0,38127.0,44195.0,37311.0,,37967.28571428572,4623.328228101382,36985.5,4960.385728642683,36417.26666666667,4568.188239171645,36238.15,4593.223146704672,314,0.43977591036414565,0,0,0,0,41161.0,39846.5
2013-05-12,33668,21,120,8.89,,120.0,7,1,5,2,132,0,0,0,0,0,0,176.0,131.0,116.0,107.85714285714286,36.020496810512604,100.66666666666669,6,12,19,132,2013,-0.7818314824680299,0.6234898018587334,0.49999999999999994,-0.8660254037844387,0.7638886127905428,-0.6453481132295501,43649.0,38978.0,40765.0,42165.0,31213.0,35606.0,,36753.42857142857,4449.717064306227,37160.857142857145,4780.763486775143,36352.666666666664,4593.687905671545,36236.75,4594.006495664023,315,0.4411764705882353,0,0,0,0,36689.0,38058.0
2013-05-13,34384,10,50,9.37,,50.0,1,0,5,2,133,0,0,0,0,0,0,120.0,86.0,73.0,106.28571428571428,35.069998031147925,100.93333333333334,0,13,20,133,2013,0.0,1.0,0.49999999999999994,-0.8660254037844387,0.7526668275320085,-0.6584015846980488,33668.0,43649.0,38978.0,35486.0,29065.0,39334.0,,36596.0,4520.955319398442,37540.78571428572,4272.19351294938,36187.666666666664,4571.756014648162,36292.01666666667,4550.511774130137,316,0.4425770308123249,0,0,0,0,32275.5,35191.0
2013-05-14,33098,10,60,8.31,,60.0,2,0,5,2,134,0,0,0,0,0,0,50.0,78.0,65.0,101.14285714285714,40.724393064552174,97.0,1,14,20,134,2013,0.7818314824680298,0.6234898018587336,0.49999999999999994,-0.8660254037844387,0.7412220108485958,-0.6712599575675313,34384.0,33668.0,43649.0,32888.0,40183.0,36689.0,,36626.0,4492.858444242047,37034.71428571428,4353.97977855741,36067.96666666667,4605.066553739283,36189.23333333333,4551.869674963569,317,0.44397759103641454,0,0,0,0,36535.5,37568.0
2013-05-15,39686,13,78,8.8,,78.0,3,0,5,2,135,0,0,0,0,0,0,60.0,80.0,71.0,98.57142857142856,42.93738519773883,94.56666666666666,2,15,20,135,2013,0.9749279121818236,-0.22252093395631434,0.49999999999999994,-0.8660254037844387,0.7295575540864875,-0.6839194216246106,33098.0,34384.0,33668.0,31840.0,44644.0,31807.0,,37746.857142857145,4057.466797094087,36680.57142857143,3861.198154305495,36330.6,4578.275315985912,36130.333333333336,4481.674700856101,318,0.44537815126050423,0,0,0,0,38242.0,32551.5
2013-05-16,38757,16,93,7.53,,93.0,4,0,5,2,136,0,0,0,0,0,0,78.0,88.0,78.0,98.28571428571428,43.08794992305136,95.36666666666666,3,16,20,136,2013,0.43388373911755823,-0.900968867902419,0.49999999999999994,-0.8660254037844387,0.717676913675962,-0.6963762255968722,39686.0,33098.0,34384.0,40765.0,32779.0,31423.0,,37460.0,3875.4228586478735,37107.57142857143,3724.6760873991266,36575.066666666666,4502.365285915446,36079.71666666667,4433.515676902978,319,0.44677871148459386,0,0,0,0,36772.0,39747.0
2013-05-17,36661,19,138,8.75,,138.0,5,0,5,2,137,0,0,0,0,0,0,93.0,116.0,99.0,99.0,42.93017586733082,96.43333333333334,4,17,20,137,2013,-0.433883739117558,-0.9009688679024191,0.49999999999999994,-0.8660254037844387,0.705583610107178,-0.7086266782644596,38757.0,39686.0,33098.0,38978.0,36015.0,29703.0,,37129.0,3822.751277984278,37153.71428571428,3714.086085505875,36807.0,4311.315480501767,36104.65,4432.490782442814,320,0.4481792717086835,0,0,0,0,37496.5,37833.5
2013-05-18,41292,17,178,5.85,,178.0,6,1,5,2,138,0,0,0,0,0,0,138.0,176.0,164.0,102.14285714285714,45.13102617722623,98.66666666666669,5,18,20,138,2013,-0.9749279121818236,-0.2225209339563146,0.49999999999999994,-0.8660254037844387,0.6932812268869777,-0.7206671495538609,36661.0,38757.0,39686.0,43649.0,38127.0,31366.0,,36792.28571428572,3206.948119020997,37379.78571428572,3870.899998282334,37137.86666666667,4259.926968237018,36230.36666666667,4471.345169631677,321,0.4495798319327731,0,0,0,0,40888.0,43922.0
2013-05-19,32096,20,132,6.86,,132.0,7,1,5,2,139,0,0,0,0,0,0,178.0,120.0,131.0,102.42857142857144,45.67952547497623,102.3,6,19,20,139,2013,-0.7818314824680299,0.6234898018587334,0.49999999999999994,-0.8660254037844387,0.6807734094770161,-0.7324940716135789,41292.0,36661.0,38757.0,33668.0,42165.0,33256.0,,36567.71428571428,3503.5222616807073,36660.57142857143,3848.7621929110383,37099.2,4301.439345309857,36157.066666666666,4502.88766432319,322,0.45098039215686275,0,0,0,0,37916.5,32440.5
2013-05-20,40887,11,75,7.75,,75.0,1,0,5,2,140,0,0,0,0,0,0,132.0,50.0,86.0,104.14285714285714,46.66343526227089,103.3,0,20,21,140,2013,0.0,1.0,0.49999999999999994,-0.8660254037844387,0.6680638642135335,-0.7441039398713607,32096.0,41292.0,36661.0,34384.0,35486.0,41566.0,,37496.71428571428,3685.429496195211,37046.357142857145,3990.0652319158867,37076.566666666666,4278.852534575603,36283.316666666666,4527.88977485944,323,0.4523809523809524,0,0,0,0,34935.0,31724.5
2013-05-21,31861,12,72,5.42,,72.0,2,0,5,2,141,0,0,0,0,0,0,75.0,60.0,78.0,107.71428571428572,42.609522745172654,100.56666666666666,1,21,21,141,2013,0.7818314824680298,0.6234898018587336,0.49999999999999994,-0.8660254037844387,0.6551563572090853,-0.7554933140726803,40887.0,32096.0,41292.0,33098.0,32888.0,33951.0,,37320.0,3951.546870108436,36973.0,4080.806142079001,37006.9,4347.952973368166,36182.48333333333,4558.290738571253,324,0.453781512605042,0,0,0,0,32993.0,36640.5
2013-05-22,32028,10,85,7.84,,85.0,3,0,5,2,142,0,0,0,0,0,0,72.0,78.0,80.0,109.42857142857144,40.562121668937294,99.13333333333334,2,22,21,142,2013,0.9749279121818236,-0.22252093395631434,0.49999999999999994,-0.8660254037844387,0.6420547132365637,-0.766658819300159,31861.0,40887.0,32096.0,39686.0,31840.0,34896.0,,36226.0,4237.093972681087,36986.42857142857,4062.885820056,36911.3,4426.781824383266,35992.76666666667,4488.689338607752,325,0.45518207282913165,0,0,0,0,35763.0,42165.0
2013-05-23,43032,17,119,9.88,,119.0,4,0,5,2,143,0,0,0,0,0,0,85.0,93.0,88.0,110.42857142857144,39.73603378487012,99.86666666666666,3,23,21,143,2013,0.43388373911755823,-0.900968867902419,0.49999999999999994,-0.8660254037844387,0.6287628145958344,-0.7775971469736269,32028.0,31861.0,40887.0,38757.0,40765.0,42248.0,,36836.71428571428,4916.344567334452,37148.357142857145,4265.206057014141,36937.433333333334,4461.550818078757,36142.416666666664,4571.829716758857,326,0.4565826330532213,0,0,0,0,39761.0,35768.0
2013-05-24,38893,17,140,11.38,,140.0,5,0,5,2,144,0,1,0,0,0,1,119.0,138.0,116.0,114.14285714285714,39.0445411098165,101.46666666666668,4,24,21,144,2013,-0.433883739117558,-0.9009688679024191,0.49999999999999994,-0.8660254037844387,0.6152845999633276,-0.7883050558305255,43032.0,32028.0,31861.0,36661.0,38978.0,33263.0,,37155.57142857143,4975.078051553031,37142.28571428572,4262.460871529215,37125.1,4419.876159522755,36208.2,4582.706327199656,327,0.4579831932773109,0,0,0,0,37819.5,36338.0
2013-05-25,94310,47,807,12.44,,659.22,6,1,5,2,145,0,1,0,0,1,1,140.0,178.0,176.0,114.42857142857144,39.25496632213995,103.93333333333334,5,25,21,145,2013,-0.9749279121818236,-0.2225209339563146,0.49999999999999994,-0.8660254037844387,0.6016240632249226,-0.7987793728863649,38893.0,43032.0,32028.0,41292.0,43649.0,38729.0,,44729.57142857143,22347.515677416548,40760.92857142857,15880.993974241303,38977.8,11342.761974052013,37232.45,8772.74339022166,328,0.45938375350140054,0,0,0,0,42470.5,39709.5
2013-05-26,61910,39,535,11.78,,535.0,7,1,5,2,146,0,1,0,1,1,1,659.22,132.0,120.0,183.17428571428573,211.70745372306743,123.474,6,26,21,146,2013,-0.7818314824680299,0.6234898018587334,0.49999999999999994,-0.8660254037844387,0.5877852522924732,-0.8090169943749473,94310.0,38893.0,43032.0,32096.0,33668.0,36689.0,,48988.71428571428,22379.479646276246,42778.21428571428,16684.12190436699,39818.5,12078.098051203388,37670.23333333333,9329.792299478711,329,0.46078431372549017,0,0,0,0,32882.0,37130.5
2013-05-27,68710,28,553,15.73,,553.0,1,0,5,2,147,0,1,1,0,1,1,535.0,75.0,50.0,240.74571428571429,247.27903124858383,137.74066666666667,0,27,22,147,2013,0.0,1.0,0.49999999999999994,-0.8660254037844387,0.5737722679043246,-0.8190148866680801,61910.0,94310.0,38893.0,40887.0,34384.0,44195.0,,52963.42857142857,23157.970246815214,45230.07142857143,17837.9699537651,40635.666666666664,13164.82421620883,38312.433333333334,10099.710300202796,330,0.46218487394957986,0,0,0,0,37635.5,38186.5
2013-05-28,33565,14,82,14.08,,82.0,2,0,5,2,148,0,0,0,1,0,1,553.0,72.0,60.0,309.0314285714286,259.5740233169576,150.274,1,28,22,148,2013,0.7818314824680298,0.6234898018587336,0.49999999999999994,-0.8660254037844387,0.5595892624101765,-0.8287700871745038,68710.0,61910.0,94310.0,31861.0,33098.0,31213.0,,53206.857142857145,22906.7721167676,45263.42857142857,17813.958212222544,40714.066666666666,13113.678809793882,38215.583333333336,10117.185324547672,331,0.4635854341736695,0,0,0,0,32479.5,32374.5
2013-05-29,28092,12,82,13.58,,82.0,3,0,5,2,149,0,0,0,0,0,0,82.0,85.0,78.0,310.46000000000004,258.07528849801446,149.14066666666668,2,29,22,149,2013,0.9749279121818236,-0.22252093395631434,0.49999999999999994,-0.8660254037844387,0.545240438540651,-0.8382797052177744,33565.0,68710.0,61910.0,32028.0,39686.0,29065.0,,52644.57142857143,23552.495110972395,44435.28571428572,18354.48206602643,40681.63333333333,13144.64994217416,37896.55,10129.782451902962,332,0.4649859943977591,0,0,0,0,35857.0,31934.0
2013-05-30,38618,20,77,8.25,,77.0,4,0,5,2,150,0,0,0,0,0,0,82.0,119.0,93.0,310.0314285714286,258.5142167224447,149.4406666666667,3,30,22,150,2013,0.43388373911755823,-0.900968867902419,0.49999999999999994,-0.8660254037844387,0.5307300481619334,-0.8475409228928311,28092.0,33565.0,68710.0,43032.0,38757.0,40183.0,,52014.0,23909.133505838257,44425.357142857145,18357.82721183415,40629.46666666667,13149.801555427623,38103.21666666667,10013.301621295515,333,0.46638655462184875,0,0,0,0,40894.5,41898.5
2013-05-31,33682,17,114,9.86,,114.0,5,0,5,2,151,0,0,0,0,0,0,77.0,140.0,138.0,304.0314285714286,264.11368811104643,149.84066666666666,4,31,22,151,2013,-0.433883739117558,-0.9009688679024191,0.49999999999999994,-0.8660254037844387,0.5160623910158528,-0.8565509959010036,38618.0,28092.0,33565.0,38893.0,36661.0,44644.0,,51269.57142857143,24460.520421399702,44212.57142857143,18471.65864742014,40264.066666666666,13186.652666508158,38036.4,10029.46144725796,334,0.4677871148459384,0,0,0,0,37777.0,38935.5
2013-06-01,45300,14,181,9.84,,181.0,6,1,6,2,152,0,0,0,0,0,0,114.0,659.22,178.0,300.31714285714287,266.9723157753932,151.274,5,1,22,152,2013,-0.9749279121818236,-0.2225209339563146,1.2246467991473532e-16,-1.0,0.5012418134457758,-0.865307254363206,33682.0,38618.0,28092.0,94310.0,41292.0,32779.0,,44268.142857142855,15437.614414459282,44498.857142857145,18453.96263827753,40681.433333333334,13139.641260739192,38206.48333333333,10065.201058878534,335,0.469187675070028,0,0,0,0,67801.0,68979.5
2013-06-02,38835,17,139,10.92,,139.0,7,1,6,2,153,0,0,0,0,0,0,181.0,535.0,132.0,232.0,216.1789382278796,154.70733333333334,6,2,22,153,2013,-0.7818314824680299,0.6234898018587334,1.2246467991473532e-16,-1.0,0.48627270710868997,-0.8738071036110808,45300.0,33682.0,38618.0,61910.0,32096.0,36015.0,,40971.71428571428,13367.488304518003,44980.21428571428,18191.583278574646,40775.433333333334,13115.171048573236,38239.76666666667,10063.900824682216,336,0.47058823529411764,0,0,0,0,47003.0,47789.0
2013-06-03,31469,9,92,8.81,,92.0,1,0,6,2,154,0,0,0,0,0,0,139.0,553.0,75.0,175.42857142857142,170.70330707874132,156.04066666666668,0,3,23,154,2013,0.0,1.0,1.2246467991473532e-16,-1.0,0.4711595076738638,-0.8820480249558537,38835.0,45300.0,33682.0,68710.0,40887.0,38127.0,,35651.57142857143,5699.416720365131,44307.5,18525.65998720522,40553.5,13217.466901532373,38190.11666666667,10090.238417656,337,0.47198879551820727,0,0,0,0,54798.5,51547.0
2013-06-04,34434,8,84,10.51,,84.0,2,0,6,2,155,0,0,0,0,0,0,92.0,82.0,72.0,109.57142857142856,38.46581661188316,153.64066666666668,1,4,23,155,2013,0.7818314824680298,0.6234898018587336,1.2246467991473532e-16,-1.0,0.4559066935084588,-0.8900275764346767,31469.0,38835.0,45300.0,33565.0,31861.0,42165.0,,35775.71428571428,5655.6892510779435,44491.28571428572,18405.055268880544,40295.8,13260.260278300579,38095.71666666667,10098.578084321629,338,0.4733893557422969,0,0,0,0,32713.0,33331.5
2013-06-05,35777,15,89,8.62,,89.0,3,0,6,2,156,0,0,0,0,0,0,84.0,82.0,85.0,109.85714285714286,38.23361771804368,152.074,2,5,23,156,2013,0.9749279121818236,-0.22252093395631434,1.2246467991473532e-16,-1.0,0.440518784350495,-0.8977433935342337,34434.0,31469.0,38835.0,28092.0,32028.0,35486.0,,36873.57142857143,4554.200070891819,44759.07142857143,18236.270133421443,40305.5,13256.726505360639,37985.48333333333,10086.988921783939,339,0.47478991596638653,0,0,0,0,30060.0,33889.0
2013-06-06,34554,19,94,9.64,,94.0,4,0,6,2,157,0,0,0,0,0,0,89.0,77.0,119.0,110.85714285714286,37.46744618745056,152.174,3,6,23,157,2013,0.43388373911755823,-0.900968867902419,1.2246467991473532e-16,-1.0,0.42500033996955416,-0.9051931898913974,35777.0,34434.0,31469.0,38618.0,43032.0,32888.0,,36293.0,4553.796364938826,44153.5,18437.68465670237,40361.03333333333,13228.04108698075,37948.15,10095.615094171373,340,0.47619047619047616,0,0,0,0,40825.0,38687.5
2013-06-07,33878,14,114,10.29,,114.0,5,0,6,2,158,0,0,0,0,0,0,94.0,114.0,140.0,113.28571428571428,35.40110302290137,152.70733333333334,4,7,23,158,2013,-0.433883739117558,-0.9009688679024191,1.2246467991473532e-16,-1.0,0.4093559588156213,-0.9123747579707273,34554.0,35777.0,34434.0,33682.0,38893.0,31840.0,,36321.0,4535.632701178164,43795.28571428572,18595.788184956786,40428.96666666667,13187.944237285332,38009.45,10058.870808724507,341,0.47759103641456585,0,0,0,0,36287.5,35171.5
2013-06-08,41265,18,181,11.63,,181.0,6,1,6,2,159,0,0,0,0,0,0,114.0,181.0,659.22,113.28571428571428,35.40110302290137,153.84066666666666,5,8,23,159,2013,-0.9749279121818236,-0.2225209339563146,1.2246467991473532e-16,-1.0,0.39359027665646673,-0.9192859697186104,33878.0,34554.0,35777.0,45300.0,94310.0,40765.0,,35744.57142857143,3289.543780786475,40006.357142857145,11599.488275232294,40445.63333333333,13188.699477029666,38184.566666666666,10021.880437520429,342,0.4789915966386555,0,0,0,0,69805.0,43296.0
2013-06-09,41927,27,121,10.44,,121.0,7,1,6,2,160,0,0,0,0,0,0,181.0,139.0,535.0,113.28571428571428,35.40110302290137,156.9406666666667,6,9,23,160,2013,-0.7818314824680299,0.6234898018587334,1.2246467991473532e-16,-1.0,0.3777079652039649,-0.9259247771938498,41265.0,33878.0,34554.0,38835.0,61910.0,38978.0,,36186.28571428572,3920.724495731025,38579.0,9784.29702675114,40543.933333333334,13188.373453168142,38374.96666666667,9981.908528096052,343,0.4803921568627451,0,0,0,0,50372.5,35465.5
2013-06-10,35276,11,82,9.17,,82.0,1,0,6,2,161,0,0,0,0,0,0,121.0,92.0,553.0,110.71428571428572,33.84136662781329,157.10733333333334,0,10,24,161,2013,0.0,1.0,1.2246467991473532e-16,-1.0,0.36171373072976765,-0.9322892131745133,41927.0,41265.0,33878.0,31469.0,68710.0,43649.0,,36730.142857142855,3384.7169959767552,36190.857142857145,4537.9558911837,40264.833333333336,13208.977373253643,38341.05,9989.039690911735,344,0.48179271708683474,0,0,0,0,50089.5,36178.0
2013-06-11,32774,9,86,8.94,,86.0,2,0,6,2,162,0,0,0,0,0,0,82.0,84.0,82.0,109.28571428571428,34.95575434609788,153.97400000000002,1,11,24,162,2013,0.7818314824680298,0.6234898018587336,1.2246467991473532e-16,-1.0,0.3456123126707335,-0.9383773917408641,35276.0,41927.0,41265.0,34434.0,33565.0,33668.0,,36493.0,3622.222890251706,36134.357142857145,4577.912382922315,40235.03333333333,13225.371576771613,38293.85,10008.85353807368,345,0.4831932773109244,0,0,0,0,33999.5,33147.5
2013-06-12,33198,10,82,11.71,,82.0,3,0,6,2,163,0,0,0,0,0,0,86.0,89.0,82.0,109.57142857142856,34.722025396267234,152.84066666666666,2,12,24,163,2013,0.9749279121818236,-0.22252093395631434,1.2246467991473532e-16,-1.0,0.3294084822245304,-0.9441875088341993,32774.0,35276.0,41927.0,35777.0,28092.0,34384.0,,36124.57142857143,3832.257465999775,36499.07142857143,4062.257016909161,40195.5,13245.222310392695,38191.583333333336,10029.37217443229,346,0.484593837535014,0,0,0,0,31934.5,33902.5
2013-06-13,34802,19,106,14.43,,106.0,4,0,6,2,164,0,0,0,0,0,0,82.0,94.0,77.0,108.57142857142856,35.50519747331405,153.90733333333336,3,13,24,164,2013,0.43388373911755823,-0.900968867902419,1.2246467991473532e-16,-1.0,0.3131070409358269,-0.9497178427914316,33198.0,32774.0,35276.0,34554.0,38618.0,33098.0,,36160.0,3816.4315356971097,36226.5,4037.089369449512,40252.3,13217.360652983438,38160.13333333333,10037.119445417682,347,0.48599439775910364,0,0,0,0,36586.0,38793.0
2013-06-14,39639,14,118,10.42,,118.0,5,0,6,2,165,0,0,0,0,0,0,106.0,114.0,114.0,110.28571428571428,34.970055217353334,155.4406666666667,4,14,24,165,2013,-0.433883739117558,-0.9009688679024191,1.2246467991473532e-16,-1.0,0.29671281927349075,-0.9549667548552551,34802.0,33198.0,32774.0,33878.0,33682.0,39686.0,,36983.0,3863.191944493153,36652.0,4062.1247755708855,40250.73333333333,13217.43287697999,38290.666666666664,10003.969250670527,348,0.48739495798319327,0,0,0,0,33780.0,36385.5
2013-06-15,38349,18,185,11.44,,185.0,6,1,6,2,166,0,0,0,0,0,0,118.0,181.0,181.0,110.85714285714286,35.07339243846875,156.774,5,15,24,166,2013,-0.9749279121818236,-0.2225209339563146,1.2246467991473532e-16,-1.0,0.28023067519921585,-0.9599326896597447,39639.0,34802.0,33198.0,41265.0,45300.0,38757.0,,36566.42857142857,3460.761518179351,36155.5,3271.6954379129993,40237.13333333333,13219.232626101591,38406.1,9963.257679245815,349,0.4887955182072829,0,0,0,0,43282.5,67787.5
2013-06-16,38333,15,106,8.77,,106.0,7,1,6,2,167,0,0,0,0,0,0,185.0,121.0,139.0,111.42857142857144,36.41362905496184,159.84066666666666,6,16,24,167,2013,-0.7818314824680299,0.6234898018587334,1.2246467991473532e-16,-1.0,0.26366549272800704,-0.9646141756912435,38349.0,39639.0,34802.0,41927.0,38835.0,36661.0,,36053.0,2720.3249805853575,36119.642857142855,3242.6920109719294,40292.86666666667,13207.154583350119,38549.933333333334,9897.563322570542,350,0.49019607843137253,0,0,0,0,40381.0,51918.5
2013-06-17,30172,8,71,13.64,,71.0,1,0,6,2,168,0,0,0,0,0,0,106.0,82.0,92.0,109.28571428571428,36.19721115276803,158.774,0,17,25,168,2013,0.0,1.0,1.2246467991473532e-16,-1.0,0.24702218048093552,-0.9690098257244062,38333.0,38349.0,39639.0,35276.0,31469.0,41292.0,,35323.857142857145,3527.5556895467753,36027.0,3400.469288879786,39922.2,13333.585924791327,38530.03333333333,9913.439714948629,351,0.49159663865546216,0,0,0,0,33372.5,51993.0
2013-06-18,37002,10,89,13.25,,89.0,2,0,6,2,169,0,0,0,0,0,0,71.0,86.0,84.0,107.71428571428572,37.7832162285241,155.20733333333334,1,18,25,169,2013,0.7818314824680298,0.6234898018587336,1.2246467991473532e-16,-1.0,0.23030567023061221,-0.9731183372332619,30172.0,38333.0,38349.0,32774.0,34434.0,32096.0,,35927.857142857145,3376.945731898456,36210.42857142857,3377.110957250532,40085.73333333333,13264.194429269783,38592.46666666667,9891.433132041562,352,0.49299719887955185,0,0,0,0,33604.0,33169.5
2013-06-19,33218,10,91,12.19,,91.0,3,0,6,2,170,0,0,0,0,0,0,89.0,82.0,89.0,108.14285714285714,37.51190287285938,153.774,2,19,25,170,2013,0.9749279121818236,-0.22252093395631434,1.2246467991473532e-16,-1.0,0.21352091543979612,-0.9769384927771817,37002.0,30172.0,38333.0,33198.0,35777.0,40887.0,,35930.71428571428,3374.2585217237415,36027.642857142855,3470.3406972434664,39830.1,13321.993796492827,38453.333333333336,9907.596829597625,353,0.4943977591036415,0,0,0,0,34487.5,30645.0
2013-06-20,33436,16,91,9.17,,91.0,4,0,6,2,171,0,0,0,0,0,0,91.0,106.0,94.0,109.42857142857144,36.60991278719048,154.30733333333333,3,20,25,171,2013,0.43388373911755823,-0.900968867902419,1.2246467991473532e-16,-1.0,0.19667288979357647,-0.980469160361632,33218.0,37002.0,30172.0,34802.0,34554.0,31861.0,,35735.57142857143,3487.997556245941,35947.78571428572,3519.3765658262737,39882.6,13292.576765844247,38444.75,9911.785682258105,354,0.4957983193277311,0,0,0,0,34678.0,36710.0
2013-06-21,31471,14,125,10.83,,125.0,5,0,6,2,172,0,0,0,0,0,0,91.0,118.0,114.0,107.28571428571428,37.276955731006346,154.9406666666667,4,21,25,172,2013,-0.433883739117558,-0.9009688679024191,1.2246467991473532e-16,-1.0,0.1797665857255624,-0.9837092937736097,33436.0,33218.0,37002.0,39639.0,33878.0,32028.0,,34568.71428571428,3327.052935871604,35775.857142857145,3683.2459943566487,39864.03333333333,13304.309966642615,38387.666666666664,9942.38511211037,355,0.49719887955182074,0,0,0,0,36758.5,36660.5
2013-06-22,44943,14,160,12.8,,160.0,6,1,6,2,173,0,0,0,0,0,0,125.0,185.0,181.0,108.28571428571428,37.70373228967402,156.274,5,22,25,173,2013,-0.9749279121818236,-0.2225209339563146,1.2246467991473532e-16,-1.0,0.16280701293851715,-0.986657932891657,31471.0,33436.0,33218.0,38349.0,41265.0,43032.0,,35510.71428571428,5058.645790929815,36038.57142857143,4199.83030269412,39927.73333333333,13324.560426037577,38432.583333333336,9966.179633363183,356,0.49859943977591037,0,0,0,0,39807.0,41824.5
2013-06-23,34865,18,115,11.94,,115.0,7,1,6,2,174,0,0,0,0,0,0,160.0,106.0,121.0,104.71428571428572,29.52238859867889,157.64066666666668,6,23,25,174,2013,-0.7818314824680299,0.6234898018587334,1.2246467991473532e-16,-1.0,0.1457991969198751,-0.9893142039703663,44943.0,31471.0,33436.0,38333.0,41927.0,38893.0,,35015.28571428572,4903.619197908,35534.142857142855,3847.5054227409805,39793.46666666667,13355.604758466316,38459.28333333333,9954.234034994663,357,0.5,0,0,0,0,40130.0,38584.0
2013-06-24,35598,11,86,12.32,,86.0,1,0,6,2,175,0,0,0,0,0,0,115.0,71.0,82.0,106.0,29.78254522367049,156.80733333333333,0,24,26,175,2013,0.0,1.0,1.2246467991473532e-16,-1.0,0.12874817745258132,-0.99167731989929,34865.0,44943.0,31471.0,30172.0,35276.0,94310.0,,35790.42857142857,4414.919812678103,35557.142857142855,3846.805944939418,37836.4,8516.595181741084,38407.1,9961.000687767004,358,0.5014005602240896,0,0,0,0,32724.0,30820.5
2013-06-25,32455,11,81,12.73,,81.0,2,0,6,2,176,0,0,0,0,0,0,86.0,89.0,86.0,108.14285714285714,27.27898196676034,137.7,1,25,26,176,2013,0.7818314824680298,0.6234898018587336,1.2246467991473532e-16,-1.0,0.11165900712169512,-0.993746580436178,35598.0,34865.0,44943.0,37002.0,32774.0,61910.0,,35140.857142857145,4539.689395709851,35534.357142857145,3865.458926025535,36854.566666666666,7249.115901782199,38336.53333333333,9988.338450356488,359,0.5028011204481793,0,0,0,0,34888.0,35718.0
2013-06-26,35649,8,98,10.79,,98.0,3,0,6,2,177,0,0,0,0,0,0,81.0,91.0,82.0,107.0,28.360771028540665,122.56666666666666,2,26,26,177,2013,0.9749279121818236,-0.22252093395631434,1.2246467991473532e-16,-1.0,0.09453674981719912,-0.9955213724144752,32455.0,35598.0,34865.0,33218.0,33198.0,68710.0,,35488.142857142855,4460.367265467478,35709.42857142857,3806.558342857977,35752.53333333333,4043.688967312904,38194.1,9964.284834398139,360,0.5042016806722689,0,0,0,0,33208.0,34497.5
2013-06-27,30761,10,100,14.12,,100.0,4,0,6,2,178,0,0,0,0,0,0,98.0,91.0,106.0,108.0,27.820855486486728,107.4,3,27,26,178,2013,0.43388373911755823,-0.900968867902419,1.2246467991473532e-16,-1.0,0.07738647923346301,-0.9970011699250151,35649.0,32455.0,35598.0,33436.0,34802.0,33565.0,,35106.0,4769.374766849773,35420.78571428572,4027.45993970559,35659.066666666666,4127.532517746863,38186.566666666666,9969.8215620206,361,0.5056022408963585,0,0,0,0,34119.0,33995.0
2013-06-28,37375,14,117,13.14,,117.0,5,0,6,2,179,0,0,0,0,0,0,100.0,125.0,118.0,109.28571428571428,27.102978223276644,108.0,4,28,26,179,2013,-0.433883739117558,-0.9009688679024191,1.2246467991473532e-16,-1.0,0.06021327736579302,-0.9981855344718586,30761.0,35649.0,32455.0,31471.0,39639.0,28092.0,,35949.42857142857,4535.731247811942,35259.07142857143,3888.099564732626,35968.5,3881.30210776286,38325.066666666666,9898.423007195557,362,0.5070028011204482,0,0,0,0,35555.0,32674.5
2013-06-29,39217,15,174,14.27,,174.0,6,1,6,2,180,0,0,0,0,0,0,117.0,160.0,185.0,108.14285714285714,26.49168782485372,109.16666666666669,5,29,26,180,2013,-0.9749279121818236,-0.2225209339563146,1.2246467991473532e-16,-1.0,0.04302223300453059,-0.99907411510223,37375.0,30761.0,35649.0,44943.0,38349.0,38618.0,,35131.42857142857,2844.467604381812,35321.07142857143,3947.6269495693655,35988.46666666667,3896.911320992363,38308.96666666667,9896.135164058267,363,0.5084033613445378,0,0,0,0,41646.0,43104.0
2013-06-30,41493,20,149,14.93,,149.0,7,1,6,2,181,0,0,0,0,0,0,174.0,115.0,106.0,110.14285714285714,31.17385962324049,112.4,6,30,26,181,2013,-0.7818314824680299,0.6234898018587334,1.2246467991473532e-16,-1.0,0.02581844022713308,-0.9996666485105112,39217.0,37375.0,30761.0,34865.0,38333.0,33682.0,,36078.28571428572,3711.891104467546,35546.78571428572,4214.412928886313,36248.833333333336,3997.1454994381234,38256.45,9870.273742061065,364,0.5098039215686274,0,0,0,0,36599.0,38396.0
2013-07-01,36475,9,105,13.89,,105.0,1,0,7,3,182,0,0,0,0,0,0,149.0,86.0,71.0,115.0,34.52535300326388,113.56666666666666,0,1,27,182,2013,0.0,1.0,-0.4999999999999997,-0.8660254037844388,0.008606996888688698,-0.9999629591162655,41493.0,39217.0,37375.0,35598.0,30172.0,45300.0,40669.0,36203.57142857143,3707.7766409324545,35997.0,3922.637966392494,35954.666666666664,3614.4800010736267,38318.05,9847.015682170668,365,0.511204481792717,0,0,0,0,32885.0,35437.0
2013-07-02,37264,8,120,16.2,,120.0,2,0,7,3,183,0,0,0,0,0,0,105.0,81.0,89.0,117.71428571428572,32.55617855192382,111.03333333333332,1,2,27,183,2013,0.7818314824680298,0.6234898018587336,-0.4999999999999997,-0.8660254037844388,-0.008606996888688009,-0.9999629591162655,36475.0,41493.0,39217.0,32455.0,37002.0,38835.0,35360.0,36890.57142857143,3323.0152902212794,36015.71428571428,3928.422200961884,35902.3,3582.5499986886066,38338.86666666667,9843.384025154484,366,0.5126050420168067,0,0,0,0,34728.5,32614.5
2013-07-03,27906,14,129,13.5,,129.0,3,0,7,3,184,0,0,0,1,0,0,120.0,98.0,91.0,123.28571428571428,28.28258760977764,110.4,2,3,27,184,2013,0.9749279121818236,-0.22252093395631434,-0.4999999999999997,-0.8660254037844388,-0.02581844022713239,-0.9996666485105112,37264.0,36475.0,41493.0,35649.0,33218.0,31469.0,40741.0,35784.42857142857,4776.169031665894,35636.28571428572,4442.342147813585,35783.53333333333,3787.769653387957,38168.51666666667,9935.127720881388,367,0.5140056022408963,0,0,0,0,34433.5,34423.5
2013-07-04,39862,16,153,14.22,,153.0,4,0,7,3,185,0,0,1,0,0,0,129.0,100.0,91.0,127.71428571428572,25.99816843365604,111.63333333333334,3,4,27,185,2013,0.43388373911755823,-0.900968867902419,-0.4999999999999997,-0.8660254037844388,-0.04302223300453034,-0.99907411510223,27906.0,37264.0,36475.0,30761.0,33436.0,34434.0,33871.0,37084.57142857143,4405.108733320639,36095.28571428572,4528.653381585818,35964.46666666667,3850.209638119923,38130.13333333333,9923.868348525682,368,0.5154061624649859,0,0,0,0,32098.5,32781.5
2013-07-05,33718,17,168,15.59,,168.0,5,0,7,3,186,0,0,0,1,0,0,153.0,117.0,125.0,135.28571428571428,24.239872701221422,113.93333333333334,4,5,27,186,2013,-0.433883739117558,-0.9009688679024191,-0.4999999999999997,-0.8660254037844388,-0.060213277365792774,-0.9981855344718586,39862.0,27906.0,37264.0,37375.0,31471.0,35777.0,36880.0,36562.142857142855,4578.369994825733,36255.78571428572,4389.847941620376,35895.833333333336,3871.9569415828414,38100.666666666664,9934.471742486345,369,0.5168067226890757,0,0,0,0,34423.0,38507.0
2013-07-06,40657,15,202,14.69,,202.0,6,1,7,3,187,0,0,0,0,0,0,168.0,174.0,160.0,142.57142857142858,25.46145546283064,116.56666666666666,5,6,27,187,2013,-0.9749279121818236,-0.2225209339563146,-0.4999999999999997,-0.8660254037844388,-0.07738647923346322,-0.9970011699250151,33718.0,39862.0,27906.0,39217.0,44943.0,34554.0,43441.0,36767.857142857145,4746.791738587294,35949.642857142855,3854.176667683192,36099.26666666667,3958.3874453893945,38230.15,9915.992039612618,370,0.5182072829131653,0,0,0,0,42080.0,38783.0
2013-07-07,46078,12,146,10.88,,146.0,7,1,7,3,188,0,0,0,0,0,0,202.0,149.0,115.0,146.57142857142858,32.459498573130226,120.16666666666669,6,7,27,188,2013,-0.7818314824680299,0.6234898018587334,-0.4999999999999997,-0.8660254037844388,-0.09453674981719933,-0.9955213724144752,40657.0,33718.0,39862.0,41493.0,34865.0,33878.0,47133.0,37422.857142857145,5723.355671531691,36750.57142857143,4686.618983286848,36505.933333333334,4331.424325214253,38467.45,9930.83116057414,371,0.5196078431372549,0,0,0,0,38179.0,39913.0
2013-07-08,39560,10,105,12.62,,105.0,1,0,7,3,189,0,0,0,0,0,0,146.0,105.0,86.0,146.14285714285714,32.44188944060112,121.23333333333332,0,8,28,189,2013,0.0,1.0,-0.4999999999999997,-0.8660254037844388,-0.11165900712169444,-0.9937465804361781,46078.0,40657.0,33718.0,36475.0,35598.0,41265.0,40165.0,37863.57142857143,5756.882022331576,37033.57142857143,4731.078828250487,36449.1,4277.678917437578,38447.36666666667,9927.323852893376,372,0.5210084033613446,0,0,0,0,36036.5,33323.5
2013-07-09,47542,9,107,12.23,,107.0,2,0,7,3,190,0,0,0,0,0,0,105.0,120.0,81.0,146.14285714285714,32.44188944060112,118.7,1,9,28,190,2013,0.7818314824680298,0.6234898018587336,-0.4999999999999997,-0.8660254037844388,-0.12874817745258066,-0.99167731989929,39560.0,46078.0,40657.0,37264.0,32455.0,41927.0,37262.0,39331.857142857145,6795.483755862232,38111.21428571428,5292.852556166446,36636.26666666667,4633.653774911048,38590.1,9996.407989957928,373,0.5224089635854342,0,0,0,0,34859.5,37133.0
2013-07-10,31912,10,112,11.28,,112.0,3,0,7,3,191,0,0,0,0,0,0,107.0,129.0,98.0,144.28571428571428,34.49499618647257,118.23333333333332,2,10,28,191,2013,0.9749279121818236,-0.22252093395631434,-0.4999999999999997,-0.8660254037844388,-0.14579919691987442,-0.9893142039703664,47542.0,39560.0,46078.0,27906.0,35649.0,35276.0,37718.0,39904.142857142855,5763.145681210409,37844.28571428572,5516.102253034574,36524.13333333333,4707.817509817834,38394.48333333333,10010.562884818402,374,0.5238095238095238,0,0,0,0,31777.5,30562.0
2013-07-11,36332,11,110,13.51,,110.0,4,0,7,3,192,0,0,0,0,0,0,112.0,153.0,100.0,141.85714285714286,36.3016462961326,119.23333333333332,3,11,28,192,2013,0.43388373911755823,-0.900968867902419,-0.4999999999999997,-0.8660254037844388,-0.16280701293851646,-0.9866579328916572,31912.0,47542.0,39560.0,39862.0,30761.0,32774.0,35429.0,39399.857142857145,5919.760536501524,38242.21428571428,5154.931950286726,36642.73333333333,4654.6019566352725,38438.88333333333,9995.140088709995,375,0.5252100840336135,0,0,0,0,35311.5,36649.0
2013-07-12,30052,16,129,12.89,,129.0,5,0,7,3,193,0,0,0,0,0,0,110.0,168.0,117.0,135.71428571428572,37.712572111142016,120.03333333333332,4,12,28,193,2013,-0.433883739117558,-0.9009688679024191,-0.4999999999999997,-0.8660254037844388,-0.17976658572556214,-0.9837092937736098,36332.0,31912.0,47542.0,33718.0,37375.0,33198.0,36206.0,38876.142857142855,6626.215421303533,37719.142857142855,5601.856160199,36537.86666666667,4768.922127427909,38366.683333333334,10040.470362558332,376,0.5266106442577031,0,0,0,0,35546.5,32594.5
2013-07-13,32301,19,172,11.34,,172.0,6,1,7,3,194,0,0,0,0,0,0,129.0,202.0,174.0,130.14285714285714,34.925771627975706,121.6,5,13,28,194,2013,-0.9749279121818236,-0.2225209339563146,-0.4999999999999997,-0.8660254037844388,-0.19667288979357622,-0.9804691603616321,30052.0,36332.0,31912.0,40657.0,39217.0,34802.0,37865.0,37682.42857142857,6994.363918116103,37225.142857142855,5762.254458071036,36454.5,4821.879857697539,38353.4,10048.083183761786,377,0.5280112044817927,0,0,0,0,39937.0,42800.0
2013-07-14,32784,13,133,12.16,,133.0,7,1,7,3,195,0,0,0,0,0,0,172.0,146.0,149.0,125.85714285714286,25.09600613264013,123.8,6,14,28,195,2013,-0.7818314824680299,0.6234898018587334,-0.4999999999999997,-0.8660254037844388,-0.2135209154397959,-0.9769384927771817,32301.0,30052.0,36332.0,46078.0,41493.0,39639.0,39216.0,35783.28571428572,6079.864820708753,36603.07142857143,5736.107088694056,36226.0,4828.187344592485,38238.36666666667,10072.04807908225,378,0.5294117647058824,0,0,0,0,43785.5,40471.5
2013-07-15,39273,11,112,11.34,,112.0,1,0,7,3,196,0,0,0,0,0,0,133.0,105.0,105.0,124.0,23.804761428475885,124.3,0,15,29,196,2013,0.0,1.0,-0.4999999999999997,-0.8660254037844388,-0.23030567023061196,-0.973118337233262,32784.0,32301.0,30052.0,39560.0,36475.0,38349.0,37190.0,35742.28571428572,6051.05094768051,36802.92857142857,5779.87845845435,36256.8,4845.1149191026025,38246.96666666667,10072.718689384708,379,0.530812324929972,0,0,0,0,38017.5,37579.0
2013-07-16,42966,11,131,10.87,,131.0,2,0,7,3,197,0,0,0,0,0,0,112.0,107.0,120.0,125.0,23.007245235649577,121.86666666666666,1,16,29,197,2013,0.7818314824680298,0.6234898018587336,-0.4999999999999997,-0.8660254037844388,-0.24702218048093527,-0.9690098257244063,39273.0,32784.0,32301.0,47542.0,37264.0,38333.0,42122.0,35088.57142857143,4648.453142610365,37210.21428571428,6011.1400067971945,36411.23333333333,4985.37961535485,38352.05,10088.768281516599,380,0.5322128851540616,0,0,0,0,42403.0,39998.5
2013-07-17,36203,8,116,12.52,,116.0,3,0,7,3,198,0,0,0,0,0,0,131.0,112.0,129.0,128.42857142857142,21.62450109526312,122.7,2,17,29,198,2013,0.9749279121818236,-0.22252093395631434,-0.4999999999999997,-0.8660254037844388,-0.2636654927280072,-0.9646141756912435,42966.0,39273.0,32784.0,31912.0,27906.0,30172.0,33963.0,35701.57142857143,4437.8985588952155,37802.857142857145,5401.341526483334,36612.26666666667,4844.724054867972,38267.23333333333,10085.02410334113,381,0.5336134453781513,0,0,0,0,29909.0,33780.5
2013-07-18,39081,12,119,13.77,,119.0,4,0,7,3,199,0,0,0,0,0,0,116.0,110.0,153.0,129.0,21.166010488516456,124.2,3,18,29,199,2013,0.43388373911755823,-0.900968867902419,-0.4999999999999997,-0.8660254037844388,-0.2802306751992161,-0.9599326896597445,36203.0,42966.0,39273.0,36332.0,39862.0,37002.0,35233.0,36094.28571428572,4620.843852020815,37747.07142857143,5382.438573221671,36681.566666666666,4865.316594464135,38383.65,10052.843331362279,382,0.5350140056022409,0,0,0,0,38097.0,33546.5
2013-07-19,36274,20,123,12.72,,123.0,5,0,7,3,200,0,0,0,0,0,0,119.0,129.0,168.0,130.28571428571428,20.0641827287188,125.2,4,19,29,200,2013,-0.433883739117558,-0.9009688679024191,-0.4999999999999997,-0.8660254037844388,-0.2967128192734901,-0.9549667548552553,39081.0,36203.0,42966.0,30052.0,33718.0,33218.0,43886.0,36983.142857142855,3788.2669489078003,37929.642857142855,5277.588721072363,36783.433333333334,4822.098460667107,38306.76666666667,10051.013173259666,383,0.5364145658263305,0,0,0,0,31885.0,33713.5
2013-07-20,40469,14,179,10.32,,179.0,6,1,7,3,201,0,0,0,0,0,0,123.0,172.0,202.0,129.42857142857142,20.25551071401813,126.26666666666668,5,20,29,201,2013,-0.9749279121818236,-0.2225209339563146,-0.4999999999999997,-0.8660254037844388,-0.3131070409358267,-0.9497178427914317,36274.0,39081.0,36203.0,32301.0,40657.0,33436.0,42240.0,38150.0,3336.756109356837,37916.21428571428,5270.349487441913,37017.86666666667,4824.705442024323,38450.23333333333,10018.830970349245,384,0.5378151260504201,0,0,0,0,36479.0,35759.0
2013-07-21,32825,19,140,10.48,,140.0,7,1,7,3,202,0,0,0,0,0,0,179.0,133.0,146.0,130.42857142857142,22.72925532477993,129.2,6,21,29,202,2013,-0.7818314824680299,0.6234898018587334,-0.4999999999999997,-0.8660254037844388,-0.3294084822245302,-0.9441875088341994,40469.0,36274.0,39081.0,32784.0,46078.0,31471.0,39429.0,38155.857142857145,3325.785041588525,36969.57142857143,4866.332116053671,37063.0,4777.125762602907,38463.51666666667,10010.696862740546,385,0.5392156862745098,0,0,0,0,39431.0,37138.5
2013-07-22,27097,12,121,7.99,,121.0,1,0,7,3,203,0,0,0,0,0,0,140.0,112.0,105.0,131.42857142857142,23.01345362215409,129.7,0,22,30,203,2013,0.0,1.0,-0.4999999999999997,-0.8660254037844388,-0.3456123126707333,-0.9383773917408642,32825.0,40469.0,36274.0,39273.0,39560.0,44943.0,43074.0,36416.42857142857,5263.650629779456,36079.357142857145,5459.7693189806805,36468.13333333333,4872.221583017675,38197.933333333334,10098.433877346577,386,0.5406162464985994,0,0,0,0,39416.5,37874.0
2013-07-23,38423,17,118,6.42,,118.0,2,0,7,3,204,0,0,0,0,0,0,121.0,131.0,107.0,132.71428571428572,21.97509412732405,128.4,1,23,30,204,2013,0.7818314824680298,0.6234898018587336,-0.4999999999999997,-0.8660254037844388,-0.3617137307297674,-0.9322892131745134,27097.0,32825.0,40469.0,42966.0,47542.0,34865.0,43286.0,35767.42857142857,4553.700760814688,35428.0,4434.816863793132,36586.73333333333,4875.156018252044,38190.1,10098.067859660327,387,0.542016806722689,0,0,0,0,45254.0,40115.0
2013-07-24,26163,17,118,8.4,,118.0,3,0,7,3,205,0,0,0,0,0,0,118.0,116.0,112.0,130.85714285714286,22.68206759702871,128.5,2,24,30,205,2013,0.9749279121818236,-0.22252093395631434,-0.4999999999999997,-0.8660254037844388,-0.37770796520396466,-0.9259247771938499,38423.0,27097.0,32825.0,36203.0,31912.0,35598.0,34304.0,34333.142857142855,5803.335834631694,35017.357142857145,5013.796283289645,36272.23333333333,5232.381126602234,37054.316666666666,7051.980400992934,388,0.5434173669467787,0,0,0,0,34057.5,32054.5
2013-07-25,36832,14,99,9.32,,99.0,4,0,7,3,206,0,0,0,0,0,0,118.0,119.0,110.0,131.14285714285714,22.475383359196496,129.56666666666666,3,25,30,206,2013,0.43388373911755823,-0.900968867902419,-0.4999999999999997,-0.8660254037844388,-0.39359027665646645,-0.9192859697186105,26163.0,38423.0,27097.0,39081.0,36332.0,32455.0,44173.0,34011.857142857145,5553.554550272612,35053.07142857143,5025.64788726912,36418.13333333333,5183.06266625237,36636.35,6251.586767590418,389,0.5448179271708683,0,0,0,0,37706.5,39471.5
2013-07-26,29908,15,125,8.39,,125.0,5,0,7,3,207,0,0,0,0,0,0,99.0,123.0,129.0,128.28571428571428,25.36213901148883,130.16666666666666,4,26,30,207,2013,-0.433883739117558,-0.9009688679024191,-0.4999999999999997,-0.8660254037844388,-0.4093559588156211,-0.9123747579707274,36832.0,26163.0,38423.0,36274.0,30052.0,35649.0,34838.0,33102.42857142857,5641.907770046467,35042.78571428572,5036.805614345532,36226.76666666667,5316.6999531621395,35989.65,4689.180307918349,390,0.5462184873949579,0,0,0,0,33163.0,34996.0
2013-07-27,48775,20,171,8.71,,171.0,6,1,7,3,208,0,0,0,0,0,0,125.0,179.0,172.0,128.57142857142858,25.303867575643505,131.06666666666666,5,27,30,208,2013,-0.9749279121818236,-0.2225209339563146,-0.4999999999999997,-0.8660254037844388,-0.42500033996955394,-0.9051931898913975,29908.0,36832.0,26163.0,40469.0,32301.0,30761.0,39265.0,34289.0,7879.236405472922,36219.5,6148.6300506697635,36827.23333333333,5682.757955267952,36243.15,4959.235209029142,391,0.5476190476190477,0,0,0,0,36385.0,40563.0
2013-07-28,31960,27,99,9.24,,99.0,7,1,7,3,209,0,0,0,0,0,0,171.0,140.0,133.0,127.42857142857144,22.692562238591943,133.43333333333334,6,28,30,209,2013,-0.7818314824680299,0.6234898018587334,-0.4999999999999997,-0.8660254037844388,-0.4405187843504952,-0.8977433935342336,48775.0,29908.0,36832.0,32825.0,32784.0,37375.0,50872.0,34165.42857142857,7912.735027728663,36160.642857142855,6187.864371333719,36646.73333333333,5750.355029119491,36307.61666666667,4875.920753001198,392,0.5490196078431373,0,0,0,0,32804.5,39451.5
2013-07-29,29387,9,98,6.39,,98.0,1,0,7,3,210,0,0,0,0,0,0,99.0,121.0,112.0,121.57142857142856,24.151308748920822,132.83333333333334,0,29,31,210,2013,0.0,1.0,-0.4999999999999997,-0.8660254037844388,-0.455906693508459,-0.8900275764346766,31960.0,48775.0,29908.0,27097.0,39273.0,39217.0,47784.0,34492.57142857143,7613.472638621889,35454.5,6366.862489604891,36319.066666666666,5877.506508207649,36153.76666666667,4946.901894257877,393,0.5504201680672269,0,0,0,0,33185.0,33328.5
2013-07-30,37735,11,94,9.39,,94.0,2,0,7,3,211,0,0,0,0,0,0,98.0,118.0,131.0,118.28571428571428,25.75340939056573,130.3,1,30,31,211,2013,0.7818314824680298,0.6234898018587336,-0.4999999999999997,-0.8660254037844388,-0.47115950767386394,-0.8820480249558535,29387.0,31960.0,48775.0,38423.0,42966.0,41493.0,42671.0,34394.28571428572,7558.518896236115,35080.857142857145,6037.088675042719,36193.8,5803.007332112549,36221.316666666666,4940.245226506711,394,0.5518207282913166,0,0,0,0,40694.5,42982.5
2013-07-31,30575,12,108,7.09,,108.0,3,0,7,3,212,0,0,0,0,0,0,94.0,118.0,116.0,114.85714285714286,27.34610619100105,128.46666666666667,2,31,31,212,2013,0.9749279121818236,-0.22252093395631434,-0.4999999999999997,-0.8660254037844388,-0.4862727071086902,-0.8738071036110807,37735.0,29387.0,31960.0,26163.0,36203.0,36475.0,30718.0,35024.57142857143,6914.228153046263,34678.857142857145,6143.068662599012,35997.13333333333,5892.436518074718,35975.9,4846.45596776215,395,0.5532212885154062,0,0,0,0,31183.0,29037.5
2013-08-01,38538,19,127,10.22,,127.0,4,0,8,3,213,0,0,0,0,0,0,108.0,99.0,119.0,113.42857142857144,27.415671569725024,128.56666666666666,3,1,31,213,2013,0.43388373911755823,-0.900968867902419,-0.8660254037844385,-0.5000000000000004,-0.5012418134457756,-0.8653072543632061,30575.0,37735.0,29387.0,36832.0,39081.0,37264.0,36406.0,35268.28571428572,7017.845246566678,34640.07142857143,6114.7857684881255,36039.6,5906.455805244853,35970.95,4843.637141670423,396,0.5546218487394958,0,0,0,0,37956.5,36582.0
2013-08-02,34306,19,122,9.65,,122.0,5,0,8,3,214,0,0,0,0,0,0,127.0,125.0,123.0,117.42857142857144,26.99911815138347,128.8,4,2,31,214,2013,-0.433883739117558,-0.9009688679024191,-0.8660254037844385,-0.5000000000000004,-0.5160623910158526,-0.8565509959010037,38538.0,30575.0,37735.0,29908.0,36274.0,27906.0,36633.0,35896.57142857143,6644.935937918761,34499.5,6096.929249157334,36252.933333333334,5715.0284998434845,36018.23333333333,4812.692939972694,397,0.5560224089635855,0,0,0,0,33091.0,29980.0
2013-08-03,38411,19,161,6.84,,161.0,6,1,8,3,215,0,0,0,0,0,0,122.0,171.0,179.0,117.0,26.882460204874288,128.56666666666666,5,3,31,215,2013,-0.9749279121818236,-0.2225209339563146,-0.8660254037844385,-0.5000000000000004,-0.5307300481619331,-0.8475409228928312,34306.0,38538.0,30575.0,48775.0,40469.0,39862.0,39509.0,34416.0,3874.1628773189896,34352.5,5965.319499470979,36204.566666666666,5689.514497700178,36084.51666666667,4817.888128284675,398,0.5574229691876751,0,0,0,0,44622.0,40538.0
2013-08-04,36274,12,144,6.27,,144.0,7,1,8,3,216,0,0,0,0,0,0,161.0,99.0,140.0,115.57142857142856,23.59983857894717,128.83333333333334,6,4,31,216,2013,-0.7818314824680299,0.6234898018587334,-0.8660254037844385,-0.5000000000000004,-0.5452404385406507,-0.8382797052177745,38411.0,34306.0,38538.0,31960.0,32825.0,33718.0,43499.0,35032.28571428572,3759.796081096045,34598.857142857145,5968.601805823785,36289.76666666667,5670.099182270262,36092.8,4817.777699242854,399,0.5588235294117647,0,0,0,0,32392.5,32372.0
2013-08-05,28802,8,96,6.87,,96.0,1,0,8,3,217,0,0,0,0,0,0,144.0,98.0,121.0,122.0,24.447222064411577,128.03333333333333,0,5,32,217,2013,0.0,1.0,-0.8660254037844385,-0.5000000000000004,-0.5595892624101763,-0.828770087174504,36274.0,38411.0,34306.0,29387.0,27097.0,40657.0,42099.0,34948.71428571428,3909.704153951443,34720.642857142855,5819.283231135536,35894.6,5767.506899387555,35996.933333333334,4905.348809680358,400,0.5602240896358543,0,0,0,0,28242.0,34330.0
2013-08-06,26796,8,89,8.81,,89.0,2,0,8,3,218,0,0,0,0,0,0,96.0,94.0,118.0,121.71428571428572,24.78382729196765,124.5,1,6,32,218,2013,0.7818314824680298,0.6234898018587336,-0.8660254037844385,-0.5000000000000004,-0.5737722679043243,-0.8190148866680802,28802.0,36274.0,38411.0,37735.0,38423.0,46078.0,42310.0,33386.0,4713.872258203774,33890.142857142855,6074.340975423902,35251.86666666667,5667.0543387337675,35878.9,5040.540315065076,401,0.561624649859944,0,0,0,0,38079.0,40350.5
2013-08-07,38296,8,96,7.56,,96.0,3,0,8,3,219,0,0,0,0,0,0,89.0,108.0,118.0,121.0,25.76819745344996,122.6,2,7,32,219,2013,0.9749279121818236,-0.22252093395631434,-0.8660254037844385,-0.5000000000000004,-0.5877852522924734,-0.8090169943749472,26796.0,28802.0,36274.0,30575.0,26163.0,39560.0,39751.0,34489.0,4847.91477510313,34756.78571428572,5743.604472381803,35209.73333333333,5638.546889925218,35829.416666666664,5001.18822590229,402,0.5630252100840336,0,0,0,0,28369.0,33389.0
2013-08-08,29043,14,108,10.34,,108.0,4,0,8,3,220,0,0,0,0,0,0,96.0,127.0,99.0,119.28571428571428,27.139849457419853,122.3,3,8,32,220,2013,0.43388373911755823,-0.900968867902419,-0.8660254037844385,-0.5000000000000004,-0.6016240632249227,-0.7987793728863648,38296.0,26796.0,28802.0,38538.0,36832.0,47542.0,34594.0,33132.57142857143,4854.532104371896,34200.42857142857,5902.178655303511,34593.1,5240.886404035132,35614.683333333334,5011.528135604401,403,0.5644257703081232,0,0,0,0,37685.0,38809.5
2013-08-09,43516,19,124,14.82,,124.0,5,0,8,3,221,0,0,0,0,0,0,108.0,122.0,125.0,116.57142857142856,27.189809015248656,122.33333333333331,4,9,32,221,2013,-0.433883739117558,-0.9009688679024191,-0.8660254037844385,-0.5000000000000004,-0.6152845999633277,-0.7883050558305253,29043.0,38296.0,26796.0,34306.0,29908.0,31912.0,38389.0,34448.28571428572,6267.905251205686,35172.42857142857,6251.105867878734,34979.9,5459.825810976683,35752.01666666667,5113.945561218566,404,0.5658263305322129,0,0,0,0,32107.0,35290.0
2013-08-10,37025,21,162,11.43,,162.0,6,1,8,3,222,0,0,0,0,0,0,124.0,161.0,171.0,116.85714285714286,27.266759808898698,122.73333333333332,5,10,32,222,2013,-0.9749279121818236,-0.2225209339563146,-0.8660254037844385,-0.5000000000000004,-0.6287628145958345,-0.7775971469736268,43516.0,29043.0,38296.0,38411.0,48775.0,36332.0,45335.0,34250.28571428572,6142.498696629231,34333.142857142855,4934.43694640244,35003.0,5467.204700885051,35822.86666666667,5101.419930171847,405,0.5672268907563025,0,0,0,0,43593.0,39440.0
2013-08-11,38614,19,126,13.24,,126.0,7,1,8,3,223,0,0,0,0,0,0,162.0,144.0,99.0,117.0,27.5378527364302,124.46666666666668,6,11,32,223,2013,-0.7818314824680299,0.6234898018587334,-0.8660254037844385,-0.5000000000000004,-0.6420547132365636,-0.7666588193001592,37025.0,43516.0,29043.0,36274.0,31960.0,30052.0,49045.0,34584.57142857143,6331.746674684446,34808.42857142857,5008.178414650025,35288.4,5423.139487736654,35913.13333333333,5102.10366871621,406,0.5686274509803921,0,0,0,0,34117.0,34549.5
2013-08-12,30789,12,93,12.13,,93.0,1,0,8,3,224,0,0,0,0,0,0,126.0,96.0,98.0,114.42857142857144,25.34993190560932,124.36666666666666,0,12,33,224,2013,0.0,1.0,-0.8660254037844385,-0.5000000000000004,-0.655156357209085,-0.7554933140726804,38614.0,37025.0,43516.0,28802.0,29387.0,32301.0,41026.0,34868.42857142857,6068.364712647955,34908.57142857143,4904.374667490268,35238.0,5458.769129922368,35846.25,5143.055168075114,407,0.5700280112044818,0,0,0,0,29094.5,27949.5
2013-08-13,39901,15,108,13.47,,108.0,2,0,8,3,225,0,0,0,0,0,0,93.0,89.0,94.0,114.0,25.735837529276463,121.73333333333332,1,13,33,225,2013,0.7818314824680298,0.6234898018587336,-0.8660254037844385,-0.5000000000000004,-0.6680638642135333,-0.7441039398713608,30789.0,38614.0,37025.0,26796.0,37735.0,32784.0,44224.0,36740.57142857143,5108.465877251639,35063.28571428572,5032.87740651512,35475.23333333333,5502.913696449818,35850.61666666667,5146.4400600067875,408,0.5714285714285714,0,0,0,0,32265.5,32609.5
2013-08-14,34457,12,93,7.75,,93.0,3,0,8,3,226,0,0,0,0,0,0,108.0,96.0,108.0,116.71428571428572,23.570562754660983,120.9,2,14,33,226,2013,0.9749279121818236,-0.22252093395631434,-0.8660254037844385,-0.5000000000000004,-0.6807734094770159,-0.7324940716135792,39901.0,30789.0,38614.0,38296.0,30575.0,39273.0,34561.0,36192.142857142855,5119.7080785451535,35340.57142857143,4870.907082073844,35314.7,5458.370207368675,35785.75,5138.938522674721,409,0.572829131652661,0,0,0,0,34435.5,32229.5
2013-08-15,28502,15,90,10.71,,90.0,4,0,8,3,227,0,0,0,0,0,0,93.0,108.0,127.0,116.28571428571428,24.03271579683435,120.26666666666668,3,15,33,227,2013,0.43388373911755823,-0.900968867902419,-0.8660254037844385,-0.5000000000000004,-0.6932812268869771,-0.7206671495538615,34457.0,39901.0,30789.0,29043.0,38538.0,42966.0,35221.0,36114.857142857145,5248.090237682069,34623.71428571428,5097.380148039363,34832.566666666666,5397.691931284869,35621.9,5212.544161337918,410,0.5742296918767507,0,0,0,0,33790.5,32937.5
2013-08-16,36499,16,112,7.77,,112.0,5,0,8,3,228,0,0,0,0,0,0,90.0,124.0,122.0,113.71428571428572,25.95325468166584,118.9,4,16,33,228,2013,-0.433883739117558,-0.9009688679024191,-0.8660254037844385,-0.5000000000000004,-0.7055836101071774,-0.70862667826446,28502.0,34457.0,39901.0,43516.0,34306.0,36203.0,54077.0,35112.42857142857,4155.143714206633,34780.357142857145,5120.508787928417,34842.433333333334,5400.55316249362,35727.35,5164.1973036162835,411,0.5756302521008403,0,0,0,0,38911.0,36712.0
2013-08-17,38420,14,164,8.59,,164.0,6,1,8,3,229,0,0,0,0,0,0,112.0,162.0,161.0,112.0,25.55386467836089,118.76666666666668,5,17,33,229,2013,-0.9749279121818236,-0.2225209339563146,-0.8660254037844385,-0.5000000000000004,-0.7176769136759615,-0.6963762255968726,36499.0,28502.0,34457.0,37025.0,38411.0,39081.0,37241.0,35311.71428571428,4293.31673318254,34781.0,5121.00020278485,34820.4,5383.987213695968,35750.98333333333,5173.365971424553,412,0.5770308123249299,0,0,0,0,37718.0,42900.0
2013-08-18,33643,17,107,9.45,,107.0,7,1,8,3,230,0,0,0,0,0,0,164.0,126.0,144.0,112.28571428571428,26.20886800120796,120.26666666666668,6,18,33,230,2013,-0.7818314824680299,0.6234898018587334,-0.8660254037844385,-0.5000000000000004,-0.7295575540864876,-0.6839194216246105,38420.0,36499.0,28502.0,38614.0,36274.0,36274.0,40656.0,34601.57142857143,4060.8867610056373,34593.07142857143,5110.260530228632,34732.7,5380.920349108374,35758.066666666666,5170.128988544852,413,0.5784313725490197,0,0,0,0,37444.0,35287.0
2013-08-19,28320,9,93,12.56,,93.0,1,0,8,3,231,0,0,0,0,0,0,107.0,93.0,96.0,109.57142857142856,25.52682995632295,119.73333333333332,0,19,34,231,2013,0.0,1.0,-0.8660254037844385,-0.5000000000000004,-0.7412220108485957,-0.6712599575675315,33643.0,38420.0,36499.0,30789.0,28802.0,40469.0,44702.0,34248.857142857145,4527.626215010873,34558.642857142855,5153.715890308799,34327.73333333333,5391.476203283756,35672.8,5250.634198336948,414,0.5798319327731093,0,0,0,0,29795.5,30088.0
2013-08-20,28417,11,81,9.66,,81.0,2,0,8,3,232,0,0,0,0,0,0,93.0,108.0,89.0,109.57142857142856,25.52682995632295,116.86666666666666,1,20,34,232,2013,0.7818314824680298,0.6234898018587336,-0.8660254037844385,-0.5000000000000004,-0.7526668275320083,-0.6584015846980489,28320.0,33643.0,38420.0,39901.0,26796.0,32825.0,44339.0,32608.285714285714,4207.531172959385,34674.42857142857,4981.223987895128,34180.8,5492.952641088552,35621.9,5306.562089542457,415,0.5812324929971989,0,0,0,0,33348.5,38818.0
2013-08-21,36580,12,100,12.22,,100.0,3,0,8,3,233,0,0,0,0,0,0,81.0,93.0,96.0,105.71428571428572,27.74715772659858,114.9,2,21,34,233,2013,0.9749279121818236,-0.22252093395631434,-0.8660254037844385,-0.5000000000000004,-0.7638886127905429,-0.64534811322955,28417.0,28320.0,33643.0,34457.0,38296.0,27097.0,37333.0,32911.57142857143,4433.448727463086,34551.857142857145,4905.795565641476,34496.9,5342.03143169728,35482.51666666667,5165.540743156398,416,0.5826330532212886,0,0,0,0,36376.5,32516.0
2013-08-22,29323,14,95,13.08,,95.0,4,0,8,3,234,0,0,0,0,0,0,100.0,90.0,108.0,106.71428571428572,27.335656115009805,114.2,3,22,34,234,2013,0.43388373911755823,-0.900968867902419,-0.8660254037844385,-0.5000000000000004,-0.7748840413670406,-0.6321034111873488,36580.0,28417.0,28320.0,28502.0,29043.0,38423.0,36936.0,33028.857142857145,4306.391351954317,34571.857142857145,4882.1230542135,34193.566666666666,5369.698962109373,35390.15,5225.965617772021,417,0.5840336134453782,0,0,0,0,28772.5,33520.0
2013-08-23,31200,12,104,9.73,,104.0,5,0,8,3,235,0,0,0,0,0,0,95.0,112.0,124.0,107.42857142857144,26.88777381919818,113.43333333333334,4,23,34,235,2013,-0.433883739117558,-0.9009688679024191,-0.8660254037844385,-0.5000000000000004,-0.7856498550787144,-0.6186714032625032,29323.0,36580.0,28417.0,36499.0,43516.0,26163.0,32440.0,32271.85714285714,4053.013752281981,33692.142857142855,4209.8218463518815,34361.46666666667,5185.530496808755,35316.85,5253.770338883164,418,0.5854341736694678,0,0,0,0,40007.5,35402.5
2013-08-24,36541,25,159,12.98,,159.0,6,1,8,3,236,0,0,0,0,0,0,104.0,164.0,162.0,106.28571428571428,26.83104101418242,112.96666666666668,5,24,34,236,2013,-0.9749279121818236,-0.2225209339563146,-0.8660254037844385,-0.5000000000000004,-0.7961828637826154,-0.6050560696488494,31200.0,29323.0,36580.0,38420.0,37025.0,36832.0,43856.0,32003.428571428572,3616.6989026427564,33657.57142857143,4182.24376132244,34351.76666666667,5181.019994659139,35384.95,5242.515512209994,419,0.5868347338935574,0,0,0,0,37722.5,38415.5
2013-08-25,31441,25,126,13.47,,126.0,7,1,8,3,237,0,0,0,0,0,0,159.0,107.0,126.0,105.57142857142856,25.04567256604804,114.96666666666668,6,25,34,237,2013,-0.7818314824680299,0.6234898018587334,-0.8660254037844385,-0.5000000000000004,-0.8064799463209447,-0.5912614448635782,36541.0,31200.0,29323.0,33643.0,38614.0,29908.0,41578.0,31688.85714285714,3545.3845785076896,33145.21428571428,3961.9049842714912,34402.86666666667,5143.101310013034,35314.816666666666,5267.012891224721,420,0.5882352941176471,0,0,0,0,36128.5,34958.5
2013-08-26,28190,11,88,12.99,,88.0,1,0,8,3,238,0,0,0,0,0,0,126.0,93.0,93.0,108.28571428571428,26.22793857520527,115.0,0,26,35,238,2013,0.0,1.0,-0.8660254037844385,-0.5000000000000004,-0.8165380514459157,-0.5772916165517278,31441.0,36541.0,31200.0,28320.0,30789.0,48775.0,37605.0,31670.285714285714,3566.2515201200044,32959.57142857143,4137.789278091602,33716.7,4491.409410541835,35271.96666666667,5314.928865594288,421,0.5896358543417367,0,0,0,0,29554.5,28561.0
2013-08-27,29162,10,78,13.16,,78.0,2,0,8,3,239,0,0,0,0,0,0,88.0,81.0,108.0,107.57142857142856,26.775966480266572,112.23333333333332,1,27,35,239,2013,0.7818314824680298,0.6234898018587336,-0.8660254037844385,-0.5000000000000004,-0.8263541987239094,-0.5631507242749187,28190.0,31441.0,36541.0,28417.0,39901.0,31960.0,39517.0,31776.714285714286,3462.5915012831433,32192.5,3727.005804829206,33623.433333333334,4557.707883418487,35135.083333333336,5365.369784566666,422,0.5910364145658263,0,0,0,0,34159.0,27606.5
2013-08-28,40098,9,78,13.36,,78.0,3,0,8,3,240,0,0,0,0,0,0,78.0,100.0,93.0,107.14285714285714,27.291198651021205,111.53333333333332,2,28,35,240,2013,0.9749279121818236,-0.22252093395631434,-0.8660254037844385,-0.5000000000000004,-0.8359254794186365,-0.5488429582847199,29162.0,28190.0,31441.0,36580.0,34457.0,29387.0,34096.0,32279.285714285714,4403.434936284585,32595.428571428572,4257.78463006805,33980.46666666667,4633.300735517547,35149.76666666667,5377.92087721469,423,0.592436974789916,0,0,0,0,35518.5,37438.0
2013-08-29,35541,15,90,10.54,,90.0,4,0,8,3,241,0,0,0,0,0,0,78.0,95.0,90.0,104.0,29.433540958119693,110.86666666666666,3,29,35,241,2013,0.43388373911755823,-0.900968867902419,-0.8660254037844385,-0.5000000000000004,-0.8452490573530634,-0.5343725582809785,40098.0,29162.0,28190.0,29323.0,28502.0,37735.0,43255.0,33167.57142857143,4334.305590562048,33098.21428571428,4151.502178147631,33907.333333333336,4589.099095219828,35050.566666666666,5313.439884129639,424,0.5938375350140056,0,0,0,0,28912.5,29183.0
2013-08-30,34810,18,111,10.85,,111.0,5,0,8,3,242,0,0,0,0,0,0,90.0,104.0,112.0,103.28571428571428,29.74734882144521,110.73333333333332,4,30,35,242,2013,-0.433883739117558,-0.9009688679024191,-0.8660254037844385,-0.5000000000000004,-0.8543221697498269,-0.5197438121555157,35541.0,40098.0,29162.0,31200.0,36499.0,30575.0,39801.0,33683.28571428572,4275.545490120735,32977.57142857143,4068.790364834091,34048.5,4548.010574927843,35022.816666666666,5310.221386082574,425,0.5952380952380952,0,0,0,0,33849.5,37358.0
2013-08-31,33837,14,177,15.01,,177.0,6,1,8,3,243,0,0,0,0,0,0,111.0,159.0,164.0,104.28571428571428,29.89266512995128,110.83333333333331,5,31,35,243,2013,-0.9749279121818236,-0.2225209339563146,-0.8660254037844385,-0.5000000000000004,-0.8631421280499115,-0.5049610547215202,34810.0,35541.0,40098.0,36541.0,38420.0,38538.0,48063.0,33297.0,4092.5606491123804,32650.214285714286,3770.676600753807,33891.8,4468.279313962648,34965.7,5304.133563328399,426,0.5966386554621849,0,0,0,0,37480.5,36783.0
2013-09-01,36597,13,141,11.74,,141.0,7,1,9,3,244,0,0,0,0,0,0,177.0,126.0,107.0,106.85714285714286,35.610993487163974,112.5,6,1,35,244,2013,-0.7818314824680299,0.6234898018587334,-1.0,-1.8369701987210297e-16,-0.8717063187093217,-0.4900286664290594,33837.0,34810.0,35541.0,31441.0,33643.0,34306.0,42480.0,34033.57142857143,4166.169657976517,32861.21428571428,3910.559928008926,33968.166666666664,4495.099516242088,35110.55,5226.171140908753,427,0.5980392156862745,0,0,0,0,32542.0,35027.5
2013-09-02,36029,9,158,10.48,,158.0,1,0,9,3,245,0,0,0,0,0,0,141.0,88.0,93.0,109.0,37.36308338453853,113.13333333333334,0,2,36,245,2013,0.0,1.0,-1.0,-1.8369701987210297e-16,-0.8800122039735356,-0.4749510720670502,36597.0,33837.0,34810.0,28190.0,28320.0,38411.0,41413.0,35153.42857142857,3296.4037402970316,33411.857142857145,3761.848560668841,33888.76666666667,4434.546220872862,35046.666666666664,5190.410700795993,428,0.5994397759103641,0,0,0,0,28255.0,29489.5
2013-09-03,29374,10,64,10.54,,64.0,2,0,9,3,246,0,0,0,0,0,0,158.0,78.0,81.0,119.0,40.07492981902757,113.03333333333332,1,3,36,246,2013,0.7818314824680298,0.6234898018587336,-1.0,-1.8369701987210297e-16,-0.888057322629493,-0.4597327394521046,36029.0,36597.0,33837.0,29162.0,28417.0,36274.0,53051.0,35183.71428571428,3232.538306773571,33480.21428571428,3671.7197223889307,33658.76666666667,4485.215503862914,34974.26666666667,5239.324444959266,429,0.6008403361344538,0,0,0,0,28789.5,34531.5
2013-09-04,31242,13,57,12.29,,57.0,3,0,9,3,247,0,0,0,0,0,0,64.0,78.0,100.0,117.0,42.72391992003212,110.36666666666666,2,4,36,247,2013,0.9749279121818236,-0.22252093395631434,-1.0,-1.8369701987210297e-16,-0.8958392907349089,-0.4443781781046134,29374.0,36029.0,36597.0,40098.0,36580.0,28802.0,34523.0,33918.57142857143,2673.2821809611014,33098.92857142857,3601.5537558175706,33740.1,4415.691888223684,34817.35,5207.132825774077,430,0.6022408963585434,0,0,0,0,38339.0,37277.5
2013-09-05,30426,14,64,10.97,,64.0,4,0,9,3,248,0,0,0,0,0,0,57.0,90.0,95.0,114.0,46.49014232429618,109.06666666666666,3,5,36,248,2013,0.43388373911755823,-0.900968867902419,-1.0,-1.8369701987210297e-16,-0.9033558023246842,-0.4288919379124841,31242.0,29374.0,36029.0,35541.0,29323.0,26796.0,36234.0,33187.857142857145,2849.1754028467485,33177.71428571428,3523.825203657773,33861.1,4266.04563202072,34556.48333333333,5022.218996000173,431,0.603641456582633,0,0,0,0,32432.0,32021.5
2013-09-06,31962,14,82,8.02,,82.0,5,0,9,3,249,0,0,0,0,0,0,64.0,111.0,104.0,110.28571428571428,49.65787713852397,108.23333333333332,4,6,36,249,2013,-0.433883739117558,-0.9009688679024191,-1.0,-1.8369701987210297e-16,-0.9106046300942162,-0.41327860778290443,30426.0,31242.0,29374.0,34810.0,31200.0,38296.0,44362.0,32781.0,2781.469995043942,33232.142857142855,3496.7084051046263,33649.96666666667,4195.137328592168,34429.85,4989.603325916768,432,0.6050420168067226,0,0,0,0,33005.0,35654.5
2013-09-07,38886,16,127,11.89,,127.0,6,1,9,3,250,0,0,0,0,0,0,82.0,177.0,159.0,106.14285714285714,50.785262204135904,107.76666666666668,5,7,36,250,2013,-0.9749279121818236,-0.2225209339563146,-1.0,-1.8369701987210297e-16,-0.9175836260593934,-0.3975428142825566,31962.0,30426.0,31242.0,33837.0,36541.0,29043.0,37721.0,33502.28571428572,3627.0642267208873,33399.642857142855,3716.650510403575,33978.066666666666,4207.294789253358,34285.583333333336,4722.022624988536,433,0.6064425770308123,0,0,0,0,35189.0,36128.5
2013-09-08,30928,15,94,12.3,,94.0,7,1,9,3,251,0,0,0,0,0,0,127.0,141.0,126.0,99.0,41.89669835838269,108.4,6,8,36,251,2013,-0.7818314824680299,0.6234898018587334,-1.0,-1.8369701987210297e-16,-0.9242907221930934,-0.3816892202666586,38886.0,31962.0,30426.0,36597.0,31441.0,43516.0,44614.0,32692.428571428572,3449.4487413272323,33363.0,3739.9025285529256,33558.46666666667,3834.45074728228,34269.183333333334,4732.104009386246,434,0.6078431372549019,0,0,0,0,34019.0,35120.0
2013-09-09,30442,8,68,9.87,,68.0,1,0,9,3,252,0,0,0,0,0,0,94.0,158.0,88.0,92.28571428571428,37.588625432499285,107.4,0,9,37,252,2013,0.0,1.0,-1.0,-1.8369701987210297e-16,-0.9307239310379793,-0.3657225234972692,30928.0,38886.0,31962.0,36029.0,28190.0,37025.0,43165.0,31894.285714285714,3184.9823502532804,33523.857142857145,3543.5682116094904,33339.03333333333,3817.556290787817,34171.01666666667,4749.646928864262,435,0.6092436974789915,0,0,0,0,32109.5,32174.5
2013-09-10,33932,11,57,11.59,,57.0,2,0,9,3,253,0,0,0,0,0,1,68.0,64.0,78.0,79.42857142857143,24.466692617086814,104.26666666666668,1,10,37,253,2013,0.7818314824680298,0.6234898018587336,-1.0,-1.8369701987210297e-16,-0.9368813462954315,-0.34964745525122826,30442.0,30928.0,38886.0,29374.0,29162.0,38614.0,47905.0,32545.428571428572,3046.779877024924,33864.57142857143,3313.7819368923883,33182.96666666667,3687.976629473204,34235.683333333334,4718.929667107469,436,0.6106442577030813,0,0,0,0,29268.0,28895.5
2013-09-11,44728,22,261,8.1,,261.0,3,0,9,3,254,0,0,0,0,1,1,57.0,57.0,78.0,78.42857142857143,25.33020030751849,101.96666666666668,2,11,37,254,2013,0.9749279121818236,-0.22252093395631434,-1.0,-1.8369701987210297e-16,-0.9427611433904206,-0.33346877891818705,33932.0,30442.0,30928.0,31242.0,40098.0,30789.0,67441.0,34472.0,5422.662076876684,34195.28571428572,4117.338580808054,33647.6,4216.200983235356,34442.8,4901.748919293631,437,0.6120448179271709,0,0,0,0,35670.0,33911.0
2013-09-12,54070,35,286,10.6,,286.0,4,0,9,3,255,0,0,0,0,1,1,261.0,64.0,90.0,107.57142857142856,71.62135887861265,107.56666666666666,3,12,37,255,2013,0.43388373911755823,-0.900968867902419,-1.0,-1.8369701987210297e-16,-0.9483615800121716,-0.31719128858910595,44728.0,33932.0,30442.0,30426.0,35541.0,39901.0,52790.0,37849.71428571428,8796.593994538951,35518.78571428572,6731.398245176412,34119.9,5529.829961531239,34797.566666666666,5511.967265058196,438,0.6134453781512605,0,0,0,0,32983.5,29874.5
2013-09-13,61580,49,380,9.31,,380.0,5,0,9,3,256,0,0,0,0,1,1,286.0,82.0,111.0,139.28571428571428,94.5827931597749,113.5,4,13,37,256,2013,-0.433883739117558,-0.9009688679024191,-1.0,-1.8369701987210297e-16,-0.9536809966304455,-0.300819807635668,54070.0,44728.0,33932.0,31962.0,34810.0,34457.0,43510.0,42080.857142857145,12023.752096420967,37430.92857142857,9673.710762555458,35024.0,7465.352415636886,35169.35,6485.317270246877,439,0.6148459383753502,0,0,0,0,33386.0,31581.0
2013-09-14,34252,16,129,11.63,,129.0,6,1,9,3,257,0,0,0,0,0,1,380.0,127.0,177.0,181.8571428571429,126.26087883350704,123.06666666666666,5,14,37,257,2013,-0.9749279121818236,-0.2225209339563146,-1.0,-1.8369701987210297e-16,-0.9587178169872964,-0.2843591872810036,61580.0,54070.0,44728.0,38886.0,33837.0,28502.0,35836.0,41418.857142857145,12352.05698697674,37460.57142857143,9662.480177822466,35215.666666666664,7365.2739038111295,35024.11666666667,6404.830383421186,440,0.6162464985994398,0,0,0,0,36361.5,37713.5
2013-09-15,32282,12,106,7.86,,106.0,7,1,9,3,258,0,0,0,0,0,0,129.0,94.0,141.0,182.14285714285717,126.1182362856758,124.36666666666666,6,15,37,258,2013,-0.7818314824680299,0.6234898018587334,-1.0,-1.8369701987210297e-16,-0.9634705485641486,-0.26781430516217486,34252.0,61580.0,54070.0,30928.0,36597.0,36499.0,48921.0,41612.28571428572,12169.64833392591,37152.357142857145,9760.468554382922,35075.1,7380.162638848983,34958.76666666667,6412.596822850246,441,0.6176470588235294,0,0,0,0,33762.5,31184.5
2013-09-16,31232,9,84,8.75,,84.0,1,0,9,3,259,0,0,0,0,0,0,106.0,68.0,158.0,183.8571428571429,124.79507011019926,124.16666666666669,0,16,38,259,2013,0.0,1.0,-1.0,-1.8369701987210297e-16,-0.9679377830240642,-0.25119006388481957,32282.0,34252.0,61580.0,30442.0,36029.0,38420.0,38582.0,41725.142857142855,12051.887368493544,36809.71428571428,9886.32599898672,34835.5,7384.503890370487,34827.95,6407.135435511156,442,0.6190476190476191,0,0,0,0,33235.5,29316.0
2013-09-17,31270,14,70,15.15,,70.0,2,0,9,3,260,0,0,0,0,0,0,84.0,57.0,64.0,186.14285714285717,122.44376746276724,121.5,1,17,38,260,2013,0.7818314824680298,0.6234898018587336,-1.0,-1.8369701987210297e-16,-0.9721181966290612,-0.23449138957041052,31232.0,32282.0,34252.0,33932.0,29374.0,33643.0,39150.0,41344.857142857145,12376.40598650732,36945.142857142855,9789.140599170523,34756.4,7410.381960466026,34744.55,6420.547390532016,443,0.6204481792717087,0,0,0,0,31653.0,31547.0
2013-09-18,27089,13,65,7.75,,65.0,3,0,9,3,261,0,0,0,0,0,0,70.0,261.0,57.0,188.0,120.23726543796656,120.26666666666668,2,18,38,261,2013,0.9749279121818236,-0.22252093395631434,-1.0,-1.8369701987210297e-16,-0.9760105506323682,-0.21772323039653224,31270.0,31232.0,32282.0,44728.0,31242.0,28320.0,37869.0,38825.0,13331.595290886866,36648.5,10035.093474326015,34715.36666666667,7450.550382277196,34521.55,6450.642691472728,444,0.6218487394957983,0,0,0,0,37985.0,42413.0
2013-09-19,33019,14,70,8.62,,70.0,4,0,9,3,262,0,0,0,0,0,0,65.0,286.0,64.0,160.0,123.18955583435913,119.33333333333331,3,19,38,262,2013,0.43388373911755823,-0.900968867902419,-1.0,-1.8369701987210297e-16,-0.9796136916454901,-0.20089055513063528,27089.0,31270.0,31232.0,54070.0,30426.0,28417.0,36245.0,35817.71428571428,11578.585387318486,36833.71428571428,9934.840856056217,34868.76666666667,7363.26534425355,34524.78333333333,6449.8264648621225,445,0.623249299719888,0,0,0,0,42248.0,44805.5
2013-09-20,32470,18,110,13.14,,110.0,5,0,9,3,263,0,0,0,0,0,0,70.0,380.0,82.0,129.14285714285714,112.99915718185478,118.96666666666668,4,20,38,263,2013,-0.433883739117558,-0.9009688679024191,-1.0,-1.8369701987210297e-16,-0.9829265519799822,-0.18399835165767986,33019.0,27089.0,31270.0,61580.0,31962.0,36580.0,34681.0,31659.14285714286,2267.070387714823,36870.0,9916.589775181272,34731.76666666667,7368.5616230004025,34614.333333333336,6381.892341077763,446,0.6246498599439776,0,0,0,0,46771.0,48195.0
2013-09-21,43841,18,138,13.75,,138.0,6,1,9,3,264,0,0,0,0,0,0,110.0,129.0,127.0,90.57142857142856,24.61610003539066,119.3,5,21,38,264,2013,-0.9749279121818236,-0.2225209339563146,-1.0,-1.8369701987210297e-16,-0.9859481499638303,-0.1670516255021195,32470.0,33019.0,27089.0,34252.0,38886.0,29323.0,39210.0,33029.0,5153.911524269348,37223.92857142857,10081.13491370642,35215.7,7477.029057559327,34704.63333333333,6474.357021846058,447,0.6260504201680672,0,0,0,0,36569.0,34044.5
2013-09-22,33616,18,103,12.1,,103.0,7,1,9,3,265,0,0,0,0,0,0,138.0,106.0,94.0,91.85714285714286,27.07045481349553,120.73333333333332,6,22,38,265,2013,-0.7818314824680299,0.6234898018587334,-1.0,-1.8369701987210297e-16,-0.9886775902323404,-0.15005539834465262,43841.0,32470.0,33019.0,32282.0,30928.0,31200.0,41146.0,33219.57142857143,5146.344361360858,37415.92857142857,9977.062119329814,35296.23333333333,7445.228898930615,34828.85,6378.48670705157,448,0.6274509803921569,0,0,0,0,31605.0,34439.5
2013-09-23,22174,12,63,12.48,,63.0,1,0,9,3,266,0,0,0,0,0,0,103.0,84.0,68.0,91.42857142857144,26.83192838676267,120.7,0,23,39,266,2013,0.0,1.0,-1.0,-1.8369701987210297e-16,-0.9911140639934546,-0.13301470653419636,33616.0,43841.0,32470.0,31232.0,30442.0,36541.0,35787.0,31925.571428571428,6648.838466407292,36825.357142857145,10644.033551584274,34817.333333333336,7815.269701408098,34584.55,6578.0479006995665,449,0.6288515406162465,0,0,0,0,30837.0,33630.5
2013-09-24,34584,8,65,6.74,,65.0,2,0,9,3,267,0,0,0,0,0,0,63.0,70.0,57.0,88.42857142857143,28.8955425793038,117.5,1,24,39,267,2013,0.7818314824680298,0.6234898018587336,-1.0,-1.8369701987210297e-16,-0.9932568492674143,-0.11593459959550066,22174.0,33616.0,43841.0,31270.0,33932.0,31441.0,36780.0,32399.0,6712.064312365435,36871.92857142857,10631.819639208441,34922.1,7789.4719193767505,34662.48333333333,6549.340244924291,450,0.6302521008403361,0,0,0,0,32601.0,30322.0
2013-09-25,34058,16,67,12.56,,67.0,3,0,9,3,268,0,0,0,0,0,0,65.0,65.0,261.0,87.71428571428571,29.4828440832643,115.46666666666668,2,25,39,268,2013,0.9749279121818236,-0.22252093395631434,-1.0,-1.8369701987210297e-16,-0.9951053111006974,-0.09882013873287211,34584.0,22174.0,33616.0,27089.0,44728.0,28190.0,38106.0,33394.57142857143,6297.206890284298,36109.78571428572,10405.364468377804,35117.7,7687.603160619877,34417.2,6281.975884239699,451,0.6316526610644257,0,0,0,0,35908.5,29165.5
2013-09-26,27853,18,74,9.29,,74.0,4,0,9,3,269,0,0,0,0,0,0,67.0,70.0,286.0,88.0,29.23468259904055,114.76666666666668,3,26,39,269,2013,0.43388373911755823,-0.900968867902419,-1.0,-1.8369701987210297e-16,-0.99665890175417,-0.08167639533042288,34058.0,34584.0,22174.0,33019.0,54070.0,29162.0,35168.0,32656.571428571428,6641.841357563728,34237.142857142855,9215.543148207973,35074.066666666666,7726.190156877463,34348.75,6331.385107314061,452,0.6330532212885154,0,0,0,0,43544.5,31722.5
2013-09-27,38237,6,98,11.4,,98.0,5,0,9,3,270,0,0,0,0,0,0,74.0,110.0,380.0,88.57142857142857,28.860914416427605,114.63333333333334,4,27,39,270,2013,-0.433883739117558,-0.9009688679024191,-1.0,-1.8369701987210297e-16,-0.9979171608653922,-0.06450844944931625,27853.0,34058.0,34584.0,32470.0,61580.0,40098.0,33661.0,33480.42857142857,6964.667133877305,32569.785714285714,5064.863612387563,35012.03333333333,7691.856896490746,34496.25,6316.904889035317,453,0.634453781512605,0,0,0,0,47025.0,32216.0
2013-09-28,39767,17,151,7.35,,151.0,6,1,9,3,271,0,0,0,0,0,0,98.0,138.0,129.0,86.85714285714286,27.70937609924664,115.3,5,28,39,271,2013,-0.9749279121818236,-0.2225209339563146,-1.0,-1.8369701987210297e-16,-0.9988797155850335,-0.04732138832243232,38237.0,27853.0,34058.0,43841.0,34252.0,35541.0,35259.0,32898.42857142857,6066.95972342908,32963.71428571428,5408.572233445277,35152.9,7740.421918242836,34530.11666666667,6339.967975889971,454,0.6358543417366946,0,0,0,0,39046.5,41363.5
2013-09-29,33790,16,95,11.45,,95.0,7,1,9,3,272,0,0,0,0,0,0,151.0,103.0,106.0,88.71428571428571,31.836636577556472,117.33333333333331,6,29,39,272,2013,-0.7818314824680299,0.6234898018587334,-1.0,-1.8369701987210297e-16,-0.9995462806873573,-0.03012030484690836,39767.0,38237.0,27853.0,33616.0,32282.0,34810.0,50016.0,32923.28571428572,6070.744976642072,33071.42857142857,5408.967464587547,35118.9,7744.219309510379,34583.7,6319.527171488867,455,0.6372549019607843,0,0,0,0,32949.0,32272.0
2013-09-30,26129,10,51,9.15,,51.0,1,0,9,3,273,0,0,0,0,0,0,95.0,63.0,84.0,87.57142857142857,31.378639989952163,116.8,0,30,40,273,2013,0.0,1.0,-1.0,-1.8369701987210297e-16,-0.9999166586547379,-0.012910296075008843,33790.0,39767.0,38237.0,22174.0,31232.0,33837.0,38171.0,33488.28571428572,4991.730952761611,32706.928571428572,5706.230406848607,34861.96666666667,7914.216019653964,34376.88333333333,6390.575783962241,456,0.6386554621848739,0,0,0,0,26703.0,26308.0
2013-10-01,24099,9,51,10.1,,51.0,2,0,10,4,274,0,0,0,0,0,0,51.0,65.0,70.0,85.85714285714286,33.21861210942093,112.6,1,1,40,274,2013,0.7818314824680298,0.6234898018587336,-0.8660254037844386,0.5000000000000001,-0.9999907397361901,0.004303538296243821,26129.0,33790.0,39767.0,34584.0,31270.0,36597.0,33965.0,31990.428571428572,6065.714188703911,32194.714285714286,6149.7494186420045,34445.36666666667,8145.305576212924,34206.76666666667,6526.895533143195,457,0.6400560224089635,0,0,0,0,32927.0,34258.0
2013-10-02,25816,13,63,7.76,,63.0,3,0,10,4,275,0,0,0,0,0,0,51.0,67.0,65.0,83.85714285714286,35.05437952395534,109.6,2,2,40,275,2013,0.9749279121818236,-0.22252093395631434,-0.8660254037844386,0.5000000000000001,-0.9997685019798909,0.021516097436222233,24099.0,26129.0,33790.0,34058.0,27089.0,36029.0,44245.0,30813.0,6388.8142092250755,32103.785714285714,6239.80003597958,34104.933333333334,8288.994186033204,33996.85,6591.606166821118,458,0.6414565826330533,0,0,0,0,30573.5,39393.0
2013-10-03,38226,17,79,13.1,,79.0,4,0,10,4,276,0,0,0,0,0,0,63.0,74.0,70.0,83.28571428571429,35.40581066112459,106.43333333333334,3,3,40,276,2013,0.43388373911755823,-0.900968867902419,-0.8660254037844386,0.5000000000000001,-0.9992500112396835,0.03872228089217399,25816.0,24099.0,26129.0,27853.0,33019.0,29374.0,36227.0,32294.85714285714,6778.905354813574,32475.714285714286,6450.185548059475,34400.0,8272.315366162105,34029.38333333333,6607.832835564772,459,0.6428571428571429,0,0,0,0,30436.0,40961.5
2013-10-04,34099,12,107,10.95,,107.0,5,0,10,4,277,0,0,0,0,0,0,79.0,98.0,110.0,84.0,35.23729085310961,106.93333333333334,4,4,40,277,2013,-0.433883739117558,-0.9009688679024191,-0.8660254037844386,0.5000000000000001,-0.9984354211555643,0.05591699010060302,38226.0,25816.0,24099.0,38237.0,32470.0,31242.0,40053.0,31703.714285714286,6340.6238839795205,32592.071428571428,6464.751140005119,34495.23333333333,8251.124060031052,34117.666666666664,6572.097548887266,460,0.6442577030812325,0,0,0,0,35353.5,49908.5
2013-10-05,45120,18,176,12.12,,176.0,6,1,10,4,278,0,0,0,0,0,0,107.0,151.0,138.0,85.28571428571429,35.989416433697166,108.6,5,5,40,278,2013,-0.9749279121818236,-0.2225209339563146,-0.8660254037844386,0.5000000000000001,-0.9973249731081555,0.07309512989807776,34099.0,38226.0,25816.0,39767.0,43841.0,30426.0,32449.0,32468.428571428572,7660.588507791724,32683.428571428572,6642.536873054584,34985.03333333333,8435.312239926736,34423.066666666666,6651.371582439464,461,0.6456582633053222,0,0,0,0,41804.0,37009.5
2013-10-06,29315,16,114,10.66,,114.0,7,1,10,4,279,0,0,0,0,0,0,176.0,95.0,103.0,88.85714285714286,43.956146977901,112.33333333333331,6,6,40,279,2013,-0.7818314824680299,0.6234898018587334,-0.8660254037844386,0.5000000000000001,-0.9959189961471792,0.0902516100310407,45120.0,34099.0,38226.0,33790.0,33616.0,31962.0,114885.0,31829.14285714286,7718.424438285323,32376.214285714286,6695.337886327145,34896.8,8481.739571899006,34273.38333333333,6663.780570714525,462,0.6470588235294118,0,0,0,0,33703.0,33036.0
2013-10-07,26913,10,65,10.64,,65.0,1,0,10,4,280,0,0,0,0,0,0,114.0,51.0,63.0,91.57142857142856,44.973537192653936,113.4,0,7,41,280,2013,0.0,1.0,-0.8660254037844386,0.5000000000000001,-0.994217906893952,0.10738134666416306,29315.0,45120.0,34099.0,26129.0,22174.0,38886.0,78397.0,31941.14285714286,7627.073257559991,32714.714285714286,6244.477713314986,34497.7,8568.801067505481,34237.88333333333,6697.703927571901,463,0.6484593837535014,0,0,0,0,24151.5,28680.5
2013-10-08,31933,4,70,9.48,,70.0,2,0,10,4,281,0,0,0,0,0,0,65.0,51.0,65.0,93.57142857142856,43.14262062376015,111.33333333333331,1,8,41,281,2013,0.7818314824680298,0.6234898018587336,-0.8660254037844386,0.5000000000000001,-0.9922222094179324,0.12447926388678869,26913.0,29315.0,45120.0,24099.0,34584.0,30928.0,54465.0,33060.28571428572,6816.242555207742,32525.35714285714,6223.592749271991,34531.2,8556.31942464469,34044.833333333336,6591.838786099105,464,0.6498599439775911,0,0,0,0,29341.5,27684.5
2013-10-09,27510,14,74,11.26,,74.0,3,0,10,4,282,0,0,0,0,0,0,70.0,63.0,67.0,96.28571428571428,40.5368732790046,110.53333333333332,2,9,41,282,2013,0.9749279121818236,-0.22252093395631434,-0.8660254037844386,0.5000000000000001,-0.989932495087353,0.141540295217043,31933.0,26913.0,29315.0,25816.0,34058.0,30442.0,35868.0,33302.28571428572,6540.68069123989,32057.64285714286,6344.425822443139,34433.46666666667,8621.138014860026,33886.25,6633.251764431876,465,0.6512605042016807,0,0,0,0,29937.0,26452.5
2013-10-10,32048,15,90,12.38,,90.0,4,0,10,4,283,0,0,0,0,0,0,74.0,79.0,74.0,97.85714285714286,39.22341380446345,110.73333333333332,3,10,41,283,2013,0.43388373911755823,-0.900968867902419,-0.8660254037844386,0.5000000000000001,-0.9873494423939864,0.15855938510313475,27510.0,31933.0,26913.0,38226.0,27853.0,33932.0,33957.0,32419.714285714286,6171.990054924877,32357.285714285714,6228.573591843538,34370.666666666664,8631.77223714941,33776.816666666666,6608.046857499087,466,0.6526610644257703,0,0,0,0,33039.5,35622.5
2013-10-11,31134,21,118,13.71,,118.0,5,0,10,4,284,0,0,0,0,0,1,90.0,107.0,98.0,99.42857142857144,38.5566991276358,111.83333333333331,4,11,41,284,2013,-0.433883739117558,-0.9009688679024191,-0.8660254037844386,0.5000000000000001,-0.9844738167520923,0.17553149042142777,32048.0,27510.0,31933.0,34099.0,38237.0,44728.0,37253.0,31996.14285714286,6139.190213390264,31849.928571428572,5997.809259853321,33917.53333333333,8423.610147237583,33782.566666666666,6605.552570239049,467,0.65406162464986,0,0,0,0,36168.0,33284.5
2013-10-12,80890,35,660,14.07,,659.22,6,1,10,4,285,0,0,0,0,1,1,118.0,176.0,151.0,101.0,39.13651321549547,107.06666666666666,5,12,41,285,2013,-0.9749279121818236,-0.2225209339563146,-0.8660254037844386,0.5000000000000001,-0.9813064702716093,0.19245158197082995,31134.0,32048.0,27510.0,45120.0,39767.0,54070.0,41685.0,37106.142857142855,19415.315599019257,34787.28571428572,14382.451793918686,34811.53333333333,11498.23473927805,34465.71666666667,8951.88605653628,468,0.6554621848739496,0,0,0,0,42443.5,44480.5
2013-10-13,59886,38,514,10.47,,514.0,7,1,10,4,286,0,0,0,0,1,1,659.22,114.0,95.0,170.03142857142856,216.72455694026087,119.50733333333332,6,13,41,286,2013,-0.7818314824680299,0.6234898018587334,-0.8660254037844386,0.5000000000000001,-0.9778483415056567,0.20931464596304888,80890.0,31134.0,32048.0,29315.0,33790.0,61580.0,55157.0,41473.42857142857,20762.283800657493,36651.28571428572,15858.562091324498,34755.066666666666,11365.639502718157,34889.53333333333,9534.462974872193,469,0.6568627450980392,0,0,0,0,31552.5,31465.5
2013-10-14,58521,32,300,10.72,,300.0,1,0,10,4,287,0,0,0,0,1,1,514.0,65.0,51.0,227.17428571428573,249.7114720937709,123.974,0,14,42,287,2013,0.0,1.0,-0.8660254037844386,0.5000000000000001,-0.9741004551724206,0.22611568550828803,59886.0,80890.0,31134.0,26913.0,26129.0,34252.0,45905.0,45988.857142857145,20503.351420589457,38965.0,16553.042862265487,35564.03333333333,12164.23357701143,35389.85,9971.21254518156,470,0.6582633053221288,0,0,0,0,26521.0,24543.5
2013-10-15,30680,5,69,12.67,,69.0,2,0,10,4,288,0,0,0,0,0,1,300.0,70.0,51.0,260.7457142857143,239.8779952988008,129.674,1,15,42,288,2013,0.7818314824680298,0.6234898018587336,-0.8660254037844386,0.5000000000000001,-0.970063921851507,0.2428497220959358,58521.0,59886.0,80890.0,31933.0,24099.0,32282.0,34668.0,45809.857142857145,20651.449573242742,39435.07142857143,16187.81995330618,35510.63333333333,12182.640658438713,35292.86666666667,9988.525471788347,471,0.6596638655462185,0,0,0,0,28016.0,33258.5
2013-10-16,31164,10,74,11.4,,74.0,3,0,10,4,289,0,0,0,0,0,0,69.0,74.0,63.0,260.60285714285715,240.010785987789,128.4406666666667,2,16,42,289,2013,0.9749279121818236,-0.22252093395631434,-0.8660254037844386,0.5000000000000001,-0.965739937654855,0.25951179706979943,30680.0,58521.0,59886.0,27510.0,25816.0,31232.0,37773.0,46331.857142857145,20151.936171896432,39817.07142857143,15902.298510516668,35508.36666666667,12183.470476876442,35171.933333333334,9993.946396281655,472,0.6610644257703081,0,0,0,0,26663.0,30784.0
2013-10-17,35764,18,67,10.86,,67.0,4,0,10,4,290,0,0,0,0,0,0,74.0,90.0,79.0,260.60285714285715,240.010785987789,128.10733333333334,3,17,42,290,2013,0.43388373911755823,-0.900968867902419,-0.8660254037844386,0.5000000000000001,-0.9611297838723007,0.27609697309746883,31164.0,30680.0,58521.0,32048.0,38226.0,31270.0,32077.0,46862.71428571428,19758.04289156088,39641.21428571428,15934.82686145017,35658.166666666664,12157.160552341269,35207.28333333333,9992.197666504442,473,0.6624649859943977,0,0,0,0,35137.0,29950.5
2013-10-18,34554,21,92,9.34,,92.0,5,0,10,4,291,0,0,0,0,0,0,67.0,118.0,107.0,257.31714285714287,242.875902586368,128.00733333333335,4,18,42,291,2013,-0.433883739117558,-0.9009688679024191,-0.8660254037844386,0.5000000000000001,-0.9562348265919058,0.2926003356333479,35764.0,31164.0,30680.0,31134.0,34099.0,27089.0,39300.0,47351.28571428572,19342.193228916916,39673.71428571428,15923.113376610552,35907.0,12051.65756806637,35311.183333333334,9951.697949820571,474,0.6638655462184874,0,0,0,0,32616.5,34685.5
2013-10-19,35158,22,140,9.94,,140.0,6,1,10,4,292,0,0,0,0,0,0,92.0,659.22,176.0,253.60285714285715,245.5456998682925,128.90733333333336,5,19,42,292,2013,-0.9749279121818236,-0.2225209339563146,-0.8660254037844386,0.5000000000000001,-0.9510565162951536,0.30901699437494723,34554.0,35764.0,31164.0,80890.0,45120.0,33019.0,46434.0,40818.142857142855,12713.3775007347,38962.142857142855,15883.549757566705,35978.3,12040.304441534192,35423.53333333333,9910.512807999079,475,0.665266106442577,0,0,0,0,63005.0,60328.5
2013-10-20,31255,13,106,9.6,,106.0,7,1,10,4,293,0,0,0,0,0,0,140.0,514.0,114.0,179.42857142857142,169.1270303084412,131.24066666666667,6,20,42,293,2013,-0.7818314824680299,0.6234898018587334,-0.8660254037844386,0.5000000000000001,-0.9455963874271428,0.3253420847119795,35158.0,34554.0,35764.0,59886.0,29315.0,32470.0,52463.0,36728.0,9836.542837806199,39100.71428571428,15801.160728681447,35937.8,12054.547270207022,35334.78333333333,9923.815084614156,476,0.6666666666666666,0,0,0,0,44600.5,46838.0
2013-10-21,28856,10,53,12.88,,53.0,1,0,10,4,294,0,0,0,0,0,0,106.0,300.0,65.0,121.14285714285714,82.96269959330807,131.10733333333334,0,21,43,294,2013,0.0,1.0,-0.8660254037844386,0.5000000000000001,-0.9398560579418953,0.341570769167856,31255.0,35158.0,34554.0,58521.0,26913.0,43841.0,50927.0,32490.14285714286,2641.4312047675767,39239.5,15694.04829741316,35438.3,12026.203431501666,35327.0,9928.791982778559,477,0.6680672268907563,0,0,0,0,42717.0,42325.0
2013-10-22,32513,10,55,7.39,,55.0,2,0,10,4,295,0,0,0,0,0,0,53.0,69.0,70.0,85.85714285714286,29.537707942156267,128.274,1,22,43,295,2013,0.7818314824680298,0.6234898018587336,-0.8660254037844386,0.5000000000000001,-0.9338372288229252,0.35769823883312546,28856.0,31255.0,35158.0,30680.0,31933.0,33616.0,37452.0,32752.0,2520.147945391852,39280.92857142857,15674.029983306169,35401.53333333333,12033.650447185919,35348.88333333333,9920.985665717806,478,0.6694677871148459,0,0,0,0,31306.5,27389.5
2013-10-23,39750,10,71,8.52,,71.0,3,0,10,4,296,0,0,0,0,0,0,55.0,74.0,74.0,83.85714285714286,31.291258478092352,126.674,2,23,43,296,2013,0.9749279121818236,-0.22252093395631434,-0.8660254037844386,0.5000000000000001,-0.9275416835791965,0.3737197147904692,32513.0,28856.0,31255.0,31164.0,27510.0,22174.0,40508.0,33978.57142857143,3512.496541261948,40155.21428571428,15303.950767837494,35987.4,11792.893653850817,35402.36666666667,9936.159350721862,479,0.6708683473389355,0,0,0,0,29337.0,28490.0
2013-10-24,38173,18,73,9.16,,73.0,4,0,10,4,297,0,0,0,0,0,0,71.0,67.0,90.0,83.42857142857143,31.468805415611875,126.94066666666669,3,24,43,297,2013,0.43388373911755823,-0.900968867902419,-0.8660254037844386,0.5000000000000001,-0.9209712877166347,0.38963044953078774,39750.0,32513.0,28856.0,35764.0,32048.0,34584.0,40354.0,34322.71428571428,3821.0432133242703,40592.71428571428,15141.040460278096,36107.03333333333,11796.36974106087,35514.566666666666,9928.675427328793,480,0.6722689075630253,0,0,0,0,33906.0,36995.0
2013-10-25,35724,31,119,14.63,,119.0,5,0,10,4,298,0,0,0,0,0,0,73.0,92.0,118.0,84.28571428571429,31.02533526928208,127.20733333333334,4,25,43,298,2013,-0.433883739117558,-0.9009688679024191,-0.8660254037844386,0.5000000000000001,-0.9141279881853337,0.4054257283599973,38173.0,39750.0,32513.0,34554.0,31134.0,34058.0,53853.0,34489.857142857145,3858.254762132751,40920.57142857143,14969.190460174028,36162.566666666666,11790.310883805483,35640.13333333333,9882.00360090813,481,0.6736694677871149,0,0,0,0,32844.0,34326.5
2013-10-26,38770,18,151,9.76,,151.0,6,1,10,4,299,0,0,0,0,0,0,119.0,140.0,659.22,88.14285714285714,33.70671827904327,128.9406666666667,5,26,43,299,2013,-0.9749279121818236,-0.2225209339563146,-0.8660254037844386,0.5000000000000001,-0.9070138128026362,0.42110087079608916,35724.0,38173.0,39750.0,35158.0,80890.0,27853.0,55673.0,35005.857142857145,4189.79305091792,37912.0,9581.012183560626,36526.46666666667,11693.06986839328,35800.26666666667,9853.053392122783,482,0.6750700280112045,0,0,0,0,58024.0,40139.0
2013-10-27,32151,10,108,10.08,,108.0,7,1,10,4,300,0,0,0,0,0,0,151.0,106.0,514.0,89.71428571428571,36.65475997154206,131.50733333333335,6,27,43,300,2013,-0.7818314824680299,0.6234898018587334,-0.8660254037844386,0.5000000000000001,-0.8996308696522434,0.4366512319560638,38770.0,35724.0,38173.0,31255.0,59886.0,38237.0,45241.0,35133.857142857145,4068.021362962602,35930.92857142857,7278.697880847812,36323.6,11715.143078585277,35667.816666666666,9847.714234470097,483,0.6764705882352942,0,0,0,0,45570.5,30285.0
2013-10-28,33723,13,76,10.64,,76.0,1,0,10,4,301,0,0,0,0,0,0,108.0,53.0,300.0,90.0,36.81032463861102,131.84066666666666,0,28,44,301,2013,0.0,1.0,-0.8660254037844386,0.5000000000000001,-0.8919813464595487,0.45207220393230374,32151.0,38770.0,35724.0,28856.0,58521.0,39767.0,49978.0,35829.142857142855,3122.1749592530573,34159.642857142855,3274.28248410453,36122.13333333333,11705.850578864956,35637.51666666667,9850.907389146834,484,0.6778711484593838,0,0,0,0,43688.5,27884.5
2013-10-29,33866,7,76,7.43,,76.0,2,0,10,4,302,0,0,0,0,0,0,76.0,55.0,69.0,93.28571428571428,33.8659823702886,129.34066666666666,1,29,44,302,2013,0.7818314824680298,0.6234898018587336,-0.8660254037844386,0.5000000000000001,-0.8840675099433637,0.46735921715800205,33723.0,32151.0,38770.0,32513.0,30680.0,33790.0,47304.0,36022.42857142857,2917.8607950078745,34387.21428571428,3120.9626763984097,36124.666666666664,11705.336676603714,35621.78333333333,9853.005084214039,485,0.6792717086834734,0,0,0,0,31596.5,32223.0
2013-10-30,26877,12,66,6.9,,66.0,3,0,10,4,303,0,0,0,0,0,0,76.0,71.0,74.0,96.28571428571428,30.69046695481677,128.70733333333334,2,30,44,303,2013,0.9749279121818236,-0.22252093395631434,-0.8660254037844386,0.5000000000000001,-0.8758917051442433,0.48250774176121763,33866.0,33723.0,32151.0,39750.0,31164.0,26129.0,38894.0,34183.42857142857,4023.971871055247,34081.0,3630.286829100137,36149.6,11684.088253571254,35505.78333333333,9915.147858401026,486,0.680672268907563,0,0,0,0,35457.0,33630.0
2013-10-31,32300,22,50,6.99,,50.0,4,0,10,4,304,0,0,0,0,0,0,66.0,73.0,67.0,95.57142857142856,31.426406851865607,129.20733333333334,3,31,44,304,2013,0.43388373911755823,-0.900968867902419,-0.8660254037844386,0.5000000000000001,-0.8674563547295971,0.4975132889071803,26877.0,33866.0,33723.0,38173.0,35764.0,24099.0,50197.0,33344.42857142857,3648.224995671705,33833.57142857143,3624.798683307118,36422.96666666667,11486.694267967068,35434.166666666664,9922.648141561938,487,0.6820728291316527,0,0,0,0,36968.5,35110.5
2013-11-01,43142,23,87,10.61,,87.0,5,0,11,4,305,0,0,0,0,0,0,50.0,119.0,92.0,92.28571428571428,35.16017769064927,129.174,4,1,44,305,2013,-0.433883739117558,-0.9009688679024191,-0.5000000000000004,0.8660254037844384,-0.858763958275803,0.5123714121284235,32300.0,26877.0,33866.0,35724.0,34554.0,25816.0,48835.0,34404.142857142855,5201.383771925834,34447.0,4399.9025513683655,37000.5,11369.971848902178,35552.71666666667,9972.242360573786,488,0.6834733893557423,0,0,0,0,35139.0,33429.0
2013-11-02,50406,24,137,12.53,,137.0,6,1,11,4,306,0,0,0,0,0,0,87.0,151.0,140.0,87.71428571428571,33.12961558140029,129.97400000000002,5,2,44,306,2013,-0.9749279121818236,-0.2225209339563146,-0.5000000000000004,0.8660254037844384,-0.8498170915275277,0.5270777086423724,43142.0,32300.0,26877.0,38770.0,35158.0,38226.0,38227.0,36066.42857142857,7958.043370434134,35536.142857142855,6134.6792387733285,37406.5,11629.73601784787,35903.25,10119.927072533157,489,0.6848739495798319,0,0,0,0,36964.0,59830.0
2013-11-03,47009,23,121,14.33,,121.0,7,1,11,4,307,0,0,0,0,0,0,137.0,108.0,106.0,85.71428571428571,28.81385248865598,131.90733333333336,6,3,44,307,2013,-0.7818314824680299,0.6234898018587334,-0.5000000000000004,0.8660254037844384,-0.8406184056344783,0.5416278206559811,50406.0,43142.0,32300.0,32151.0,31255.0,34099.0,65925.0,38189.0,8687.681393789513,36661.42857142857,6707.150475015778,37836.833333333336,11741.445722777073,36166.03333333333,10201.220963757823,490,0.6862745098039216,0,0,0,0,31703.0,46018.5
2013-11-04,39517,8,57,7.94,,57.0,1,0,11,4,308,0,0,0,0,0,0,121.0,76.0,53.0,87.57142857142857,30.83751580384375,132.374,0,4,45,308,2013,0.0,1.0,-0.5000000000000004,0.8660254037844384,-0.8311706263658079,0.5560174366570446,47009.0,50406.0,43142.0,33723.0,28856.0,45120.0,52522.0,39016.71428571428,8464.410783082214,37422.92857142857,6348.394702773017,37650.066666666666,11665.919819576253,36317.55,10182.015714700428,491,0.6876750700280112,0,0,0,0,31289.5,46122.0
2013-11-05,36168,13,69,8.84,,69.0,2,0,11,4,309,0,0,0,0,0,0,57.0,76.0,55.0,84.85714285714286,32.79953542063445,128.40733333333336,1,5,45,309,2013,0.7818314824680298,0.6234898018587336,-0.5000000000000004,0.8660254037844384,-0.8214765533024145,0.5702422926917867,39517.0,47009.0,50406.0,33866.0,32513.0,29315.0,47155.0,39345.57142857143,8273.509792446665,37684.0,6204.4694188326375,37878.5,11563.728374265524,36387.65,10165.986746816088,492,0.6890756302521008,0,0,0,0,33189.5,32273.0
2013-11-06,36540,18,66,10.46,,66.0,3,0,11,4,310,0,0,0,0,0,0,69.0,66.0,71.0,83.85714285714286,33.21861210942023,126.90733333333334,2,6,45,310,2013,0.9749279121818236,-0.22252093395631434,-0.5000000000000004,0.8660254037844384,-0.8115390590073611,0.5842981736283683,36168.0,39517.0,47009.0,26877.0,39750.0,26913.0,46734.0,40726.0,6452.036655196301,37454.71428571428,6181.517755231352,38199.4,11381.071234957317,36348.55,10160.725013209809,493,0.6904761904761905,0,0,0,0,33313.5,29020.5
2013-11-07,39510,18,66,12.6,,66.0,4,0,11,4,311,0,0,0,0,0,0,66.0,50.0,73.0,83.85714285714286,33.21861210942023,126.94066666666669,3,7,45,311,2013,0.43388373911755823,-0.900968867902419,-0.5000000000000004,0.8660254037844384,-0.801361088174677,0.5981809144059158,36540.0,36168.0,39517.0,32300.0,38173.0,31933.0,45575.0,41756.0,5366.990808016171,37550.21428571428,6203.756209297258,38451.96666666667,11321.129005729432,36491.583333333336,10143.516361665625,494,0.6918767507002801,0,0,0,0,35236.5,34032.0
2013-11-08,44592,15,116,7.69,,116.0,5,0,11,4,312,0,0,0,0,0,1,66.0,87.0,119.0,86.14285714285714,30.97541267644584,126.80733333333336,4,8,45,312,2013,-0.433883739117558,-0.9009688679024191,-0.5000000000000004,0.8660254037844384,-0.7909456567567774,0.6118864012687242,39510.0,36540.0,36168.0,43142.0,35724.0,27510.0,40855.0,41963.142857142855,5456.633346321451,38183.642857142855,6450.7609999147,39021.36666666667,11180.521517918749,36727.416666666664,10164.950395956666,495,0.6932773109243697,0,0,0,0,39433.0,38848.0
2013-11-09,85350,40,670,9.51,,659.22,6,1,11,4,313,0,0,0,0,1,1,116.0,137.0,151.0,90.28571428571428,32.98340130891137,128.20733333333334,5,9,45,313,2013,-0.9749279121818236,-0.2225209339563146,-0.5000000000000004,0.8660254037844384,-0.780295851070776,0.6254105729852457,44592.0,39510.0,36540.0,50406.0,38770.0,32048.0,59062.0,46955.142857142855,17394.185680168754,41510.78571428572,14170.129048750383,40798.1,13931.023138280652,37584.38333333333,11938.06369345003,496,0.6946778711484594,0,0,0,0,44588.0,42782.0
2013-11-10,86667,55,513,14.37,,513.0,7,1,11,4,314,0,0,0,0,1,1,659.22,121.0,108.0,164.88857142857142,219.4965153427704,147.18133333333336,6,10,45,314,2013,-0.7818314824680299,0.6234898018587334,-0.5000000000000004,0.8660254037844384,-0.7694148268839381,0.6387494220515268,85350.0,44592.0,39510.0,47009.0,32151.0,31134.0,116394.0,52620.57142857143,22977.145542597584,45404.78571428572,18291.43565959238,42649.2,16120.123199238316,38283.36666666667,13490.286435082271,497,0.696078431372549,0,0,0,0,39580.0,39132.0
2013-11-11,54125,32,463,13.41,,463.0,1,0,11,4,315,0,0,0,0,1,1,513.0,57.0,76.0,220.88857142857145,253.7635649857673,160.348,0,11,46,315,2013,0.0,1.0,-0.5000000000000004,0.8660254037844384,-0.7583058084785625,0.6518989958787125,86667.0,85350.0,44592.0,39517.0,33723.0,80890.0,82584.0,54707.42857142857,22240.242113918463,46862.07142857143,18100.876555333583,41757.03333333333,14599.65652284526,38284.28333333333,13491.379144603641,498,0.6974789915966386,0,0,0,0,36620.0,34186.5
2013-11-12,47347,15,72,12.43,,72.0,2,0,11,4,316,0,0,0,0,0,1,463.0,69.0,76.0,278.8885714285714,256.44562824821,153.80733333333333,1,12,46,316,2013,0.7818314824680298,0.6234898018587336,-0.5000000000000004,0.8660254037844384,-0.7469720876965551,0.6648553979642866,54125.0,86667.0,85350.0,36168.0,33866.0,59886.0,103290.0,56304.42857142857,21056.997450231258,47825.0,17710.706366489063,41339.066666666666,14237.75524474262,38047.066666666666,13196.742969855446,499,0.6988795518207283,0,0,0,0,35017.0,34340.5
2013-11-13,45341,11,68,8.16,,68.0,3,0,11,4,317,0,0,0,0,0,0,72.0,66.0,66.0,279.31714285714287,256.03858574534473,139.074,2,13,46,317,2013,0.9749279121818236,-0.22252093395631434,-0.5000000000000004,0.8660254037844384,-0.7354170229639858,0.6776147890466887,47347.0,54125.0,86667.0,36540.0,26877.0,58521.0,42996.0,57561.71428571428,19911.812270729155,49143.857142857145,16688.77728321602,40899.73333333333,13888.351335669367,38231.88333333333,13220.32139932355,500,0.7002801120448179,0,0,0,0,31708.5,38145.0
2013-11-14,43213,13,79,13.99,,79.0,4,0,11,4,318,0,0,0,0,0,0,68.0,66.0,50.0,279.60285714285715,255.7618372440976,131.34066666666666,3,14,46,318,2013,0.43388373911755823,-0.900968867902419,-0.5000000000000004,0.8660254037844384,-0.7236440382959124,0.690173388242972,45341.0,47347.0,54125.0,39510.0,32300.0,30680.0,41537.0,58090.71428571428,19394.7756428914,49923.357142857145,16085.47264606323,41317.5,13758.226586676985,38414.066666666666,13212.254161549357,501,0.7016806722689075,0,0,0,0,35905.0,38841.5
2013-11-15,37981,19,102,13.03,,102.0,5,0,11,4,319,0,0,0,0,0,0,79.0,116.0,87.0,281.46,253.9934012266199,131.674,4,15,46,319,2013,-0.433883739117558,-0.9009688679024191,-0.5000000000000004,0.8660254037844384,-0.711656622281775,0.7025274741691566,43213.0,45341.0,47347.0,44592.0,43142.0,31164.0,47359.0,57146.28571428572,20301.418823276697,49554.71428571428,16310.407524166629,41544.73333333333,13640.53895419533,38526.55,13178.759397934384,502,0.7030812324929971,0,0,0,0,43867.0,40158.0
2013-11-16,48566,16,188,9.43,,188.0,6,1,11,4,320,0,0,0,0,0,0,102.0,659.22,137.0,279.46,255.56367999646076,132.60733333333334,5,16,46,320,2013,-0.9749279121818236,-0.2225209339563146,-0.5000000000000004,0.8660254037844384,-0.6994583270516471,0.7146733860429608,37981.0,43213.0,45341.0,85350.0,50406.0,35764.0,43261.0,51891.42857142857,16112.949118200306,49423.28571428572,16310.433557547163,41971.46666666667,13653.7010941289,38814.816666666666,13206.47596342789,503,0.7044817927170869,0,0,0,0,67878.0,62060.0
2013-11-17,48310,17,140,11.07,,140.0,7,1,11,4,321,0,0,0,0,0,0,188.0,513.0,121.0,212.14285714285717,193.34893204724335,136.64066666666668,6,17,46,321,2013,-0.7818314824680299,0.6234898018587334,-0.5000000000000004,0.8660254037844384,-0.6870527672236675,0.7266075247685652,48566.0,37981.0,43213.0,86667.0,47009.0,34554.0,80397.0,46411.857142857145,5017.786976631665,49516.21428571428,16299.322511538956,42430.0,13626.968269094092,39168.5,13171.237056942271,504,0.7058823529411765,0,0,0,0,66838.0,59409.0
2013-11-18,39161,9,79,9.25,,79.0,1,0,11,4,322,0,0,0,0,0,0,140.0,463.0,57.0,158.85714285714286,140.89999831018278,138.24066666666667,0,18,47,322,2013,0.0,1.0,-0.5000000000000004,0.8660254037844384,-0.6744436188329457,0.7383263540031063,48310.0,48566.0,37981.0,54125.0,39517.0,35158.0,58634.0,44274.142857142855,4323.631129369635,49490.78571428572,16316.391028083215,42563.433333333334,13572.797218075175,39270.86666666667,13146.477662517564,505,0.7072829131652661,0,0,0,0,46821.0,43924.0
2013-11-19,37061,15,68,16.46,,68.0,2,0,11,4,323,0,0,0,0,0,0,79.0,72.0,69.0,104.0,44.58325545164476,136.20733333333334,1,19,47,323,2013,0.7818314824680298,0.6234898018587336,-0.5000000000000004,0.8660254037844384,-0.661634618242279,0.749826401204568,39161.0,48310.0,48566.0,47347.0,36168.0,31255.0,59036.0,42804.71428571428,4824.160607963364,49554.57142857143,16261.956556114728,42756.96666666667,13446.799848709918,39347.38333333333,13119.556534583175,506,0.7086834733893558,0,0,0,0,41757.5,40606.5
2013-11-20,50561,12,70,12.87,,70.0,3,0,11,4,324,0,0,0,0,0,0,68.0,68.0,66.0,103.42857142857144,45.08457660463269,134.9406666666667,2,20,47,324,2013,0.9749279121818236,-0.22252093395631434,-0.5000000000000004,0.8660254037844384,-0.6486295610349818,0.7611042586607742,37061.0,39161.0,48310.0,45341.0,36540.0,28856.0,43151.0,43550.42857142857,5619.456493800021,50556.07142857143,15824.658948636297,43480.46666666667,13255.628412199083,39459.38333333333,13187.078308260398,507,0.7100840336134454,0,0,0,0,40940.5,36109.0
2013-11-21,39843,16,84,10.98,,84.0,4,0,11,4,325,0,0,0,0,0,0,70.0,79.0,66.0,103.71428571428572,44.828243648077205,135.50733333333335,3,21,47,325,2013,0.43388373911755823,-0.900968867902419,-0.5000000000000004,0.8660254037844384,-0.6354323008901775,0.7721565844991641,50561.0,37061.0,39161.0,43213.0,39510.0,32513.0,57208.0,43069.0,5794.8037355315355,50579.857142857145,15807.01909745314,43724.8,13113.291136910675,39563.166666666664,13164.795632274274,508,0.711484593837535,0,0,0,0,41361.5,37756.5
2013-11-22,48206,17,108,12.72,,108.0,5,0,11,4,326,0,0,0,0,0,0,84.0,102.0,116.0,104.42857142857144,44.40667045560078,136.47400000000002,4,22,47,326,2013,-0.433883739117558,-0.9009688679024191,-0.5000000000000004,0.8660254037844384,-0.622046748440868,0.7829801036770624,39843.0,50561.0,37061.0,37981.0,44592.0,39750.0,46675.0,44529.71428571428,5583.364031187554,50838.0,15731.037234128395,44006.666666666664,13115.787252939437,39997.03333333333,13010.048158389562,509,0.7128851540616247,0,0,0,0,41286.5,40561.5
2013-11-23,73686,24,230,16.24,,230.0,6,1,11,4,327,0,0,0,0,0,0,108.0,188.0,659.22,105.28571428571428,44.40988735898845,137.70733333333334,5,23,47,327,2013,-0.9749279121818236,-0.2225209339563146,-0.5000000000000004,0.8660254037844384,-0.6084768701151264,0.7935716089521472,48206.0,39843.0,50561.0,48566.0,85350.0,38173.0,171345.0,48118.28571428572,12454.558759938436,50004.857142857145,13973.29074097665,45190.433333333334,14134.189945887867,40648.73333333333,13695.590409816079,510,0.7142857142857143,0,0,0,0,66958.0,49486.0
2013-11-24,51416,40,160,12.53,,160.0,7,1,11,4,328,0,0,0,0,0,0,230.0,140.0,513.0,111.28571428571428,58.15701243391072,142.9406666666667,6,24,47,328,2013,-0.7818314824680299,0.6234898018587334,-0.5000000000000004,0.8660254037844384,-0.594726686960764,0.8039279618328208,73686.0,48206.0,39843.0,48310.0,86667.0,35724.0,71030.0,48562.0,12517.695421548811,47486.92857142857,9229.577075603287,45713.5,14061.957478270604,40938.03333333333,13737.278984470504,511,0.7156862745098039,0,0,0,0,67488.5,47659.5
2013-11-25,48860,14,88,14.78,,88.0,1,0,11,4,329,0,0,0,0,0,0,160.0,79.0,463.0,114.14285714285714,60.25619904880722,144.30733333333333,0,25,48,329,2013,0.0,1.0,-0.5000000000000004,0.8660254037844384,-0.5808002734538013,0.8140460935082175,51416.0,73686.0,48206.0,39161.0,54125.0,38770.0,52077.0,49947.57142857143,11821.079601812115,47110.857142857145,9043.68681505433,46049.833333333336,14010.729216502681,41288.15,13665.645257328773,512,0.7170868347338936,0,0,0,0,46643.0,39339.0
2013-11-26,35680,13,85,14.06,,85.0,2,0,11,4,330,0,0,0,0,0,0,88.0,68.0,72.0,115.42857142857144,59.472282459582246,142.20733333333334,1,26,48,330,2013,0.7818314824680298,0.6234898018587336,-0.5000000000000004,0.8660254037844384,-0.5667017562911184,0.8239230057575536,48860.0,51416.0,73686.0,37061.0,47347.0,32151.0,48822.0,49750.28571428572,12080.666078687856,46277.5,9543.960956058327,46167.46666666667,13904.422776233136,41245.53333333333,13679.301831310335,513,0.7184873949579832,0,0,0,0,42204.0,36614.5
2013-11-27,65270,23,175,24.09,,175.0,3,0,11,4,331,0,0,0,0,0,0,85.0,70.0,68.0,117.85714285714286,57.52804698993479,141.4406666666667,2,27,48,331,2013,0.9749279121818236,-0.22252093395631434,-0.5000000000000004,0.8660254037844384,-0.5524353131676203,0.8335557718385695,35680.0,48860.0,51416.0,50561.0,45341.0,33723.0,53724.0,51851.57142857143,13447.12744860572,47701.0,10797.444754698467,47219.03333333333,14122.035196893534,41670.583333333336,14024.448087018616,514,0.7198879551820728,0,0,0,0,47951.0,43550.5
2013-11-28,72759,43,393,19.65,,393.0,4,0,11,4,332,0,0,0,0,0,0,175.0,84.0,79.0,132.85714285714286,56.65223905968902,144.74066666666667,3,28,48,332,2013,0.43388373911755823,-0.900968867902419,-0.5000000000000004,0.8660254037844384,-0.5380051715382992,0.8429415373547832,65270.0,35680.0,48860.0,39843.0,43213.0,33866.0,61901.0,56553.857142857145,14277.521755409394,49811.42857142857,12591.233425951918,48515.46666666667,14630.02189814598,42320.066666666666,14545.952809906354,515,0.7212885154061625,0,0,0,0,41528.0,39676.5
2013-11-29,105102,62,818,21.72,,659.22,5,0,11,4,333,1,0,0,0,0,0,393.0,108.0,102.0,177.0,108.70755876816166,155.30733333333333,4,29,48,333,2013,-0.433883739117558,-0.9009688679024191,-0.5000000000000004,0.8660254037844384,-0.5234156073655503,0.8520775211013093,72759.0,65270.0,35680.0,48206.0,37981.0,26877.0,60584.0,64681.857142857145,22538.37665278615,54605.78571428572,18925.55308074463,51122.96666666667,17357.22994442602,43636.28333333333,16498.060892827565,516,0.7226890756302521,1,0,0,1,43093.5,46399.0
2013-11-30,66385,21,265,24.51,,265.0,6,1,11,4,334,0,0,0,0,0,0,659.22,230.0,188.0,255.74571428571429,206.2655714410546,175.08133333333336,5,30,48,334,2013,-0.9749279121818236,-0.2225209339563146,-0.5000000000000004,0.8660254037844384,-0.5086709438521042,0.8609610158889945,105102.0,72759.0,65270.0,73686.0,48566.0,32300.0,66716.0,63638.857142857145,22218.917228558246,55878.57142857143,19086.61710250344,52259.13333333333,17197.462578939496,44341.05,16552.41888557559,517,0.7240896358543417,0,0,0,0,61126.0,79518.0
2013-12-01,53559,26,189,18.13,,189.0,7,1,12,4,335,0,0,0,0,0,0,265.0,160.0,140.0,260.7457142857143,205.9614509932335,182.248,6,1,48,335,2013,-0.7818314824680299,0.6234898018587334,-2.4492935982947064e-16,1.0,-0.49377555015997737,0.8695893893466109,66385.0,105102.0,72759.0,51416.0,48310.0,43142.0,76409.0,63945.0,22036.450546008204,56253.5,18977.751182938737,52606.36666666667,17111.983358077687,44803.433333333334,16413.06678225828,518,0.7254901960784313,0,0,0,0,49863.0,69041.5
2013-12-02,56760,14,90,14.16,,90.0,1,0,12,4,336,0,0,0,0,0,0,189.0,88.0,79.0,264.8885714285714,203.87836303611465,185.648,0,2,49,336,2013,0.0,1.0,-2.4492935982947064e-16,1.0,-0.4787338401157883,0.8779600847008883,53559.0,66385.0,105102.0,48860.0,39161.0,50406.0,80560.0,65073.57142857143,21325.97087166365,57510.57142857143,18330.292929441002,52818.166666666664,17123.12868020479,45112.333333333336,16461.51578545555,519,0.726890756302521,0,0,0,0,44010.5,51492.5
2013-12-03,54799,15,67,16.59,,67.0,2,0,12,4,337,0,0,0,0,0,0,90.0,85.0,68.0,265.1742857142857,203.59035494976536,184.08133333333336,1,3,49,337,2013,0.7818314824680298,0.6234898018587336,-2.4492935982947064e-16,1.0,-0.4635502709028512,0.8860706215341378,56760.0,53559.0,66385.0,35680.0,37061.0,47009.0,64383.0,67804.85714285714,17879.91203770839,58777.57142857143,17397.366970162442,53077.833333333336,17091.033158341877,45457.333333333336,16443.691859032213,520,0.7282913165266106,0,0,0,0,36370.5,41513.5
2013-12-04,48549,12,101,16.07,,101.0,3,0,12,4,338,0,0,0,0,0,0,67.0,175.0,70.0,262.60285714285715,206.34040820242384,182.28133333333332,2,4,49,338,2013,0.9749279121818236,-0.22252093395631434,-2.4492935982947064e-16,1.0,-0.4482293417404106,0.893918596519257,54799.0,56760.0,53559.0,65270.0,50561.0,39517.0,54377.0,65416.142857142855,19332.90963123561,58633.857142857145,17478.58333837377,53378.9,16922.63727174449,45514.48333333333,16448.45763568542,521,0.7296918767507002,0,0,0,0,57915.5,55305.5
2013-12-05,54524,18,90,18.92,,90.0,4,0,12,4,339,0,0,0,0,0,0,101.0,393.0,84.0,252.03142857142856,213.35304133669877,183.748,3,5,49,339,2013,0.43388373911755823,-0.900968867902419,-2.4492935982947064e-16,1.0,-0.4327755925504317,0.9015016841318838,48549.0,54799.0,56760.0,72759.0,39843.0,36168.0,69302.0,62811.142857142855,19406.98937177503,59682.5,16686.961445069148,53990.76666666667,16607.807330378982,45934.63333333333,16349.317264516561,522,0.7310924369747899,0,0,0,0,56301.0,57986.0
2013-12-06,53209,23,125,12.94,,125.0,5,0,12,4,340,0,0,0,0,0,0,90.0,659.22,108.0,208.74571428571429,210.7065873718825,184.448,4,6,49,340,2013,-0.433883739117558,-0.9009688679024191,-2.4492935982947064e-16,1.0,-0.41719360261231697,0.9088176373395028,54524.0,48549.0,54799.0,105102.0,48206.0,36540.0,62347.0,55397.857142857145,5458.545790121683,60039.857142857145,16474.500486682675,54546.4,16279.433518908238,46372.9,16182.371419834968,523,0.7324929971988795,0,0,0,0,76654.0,71541.5
2013-12-07,65983,24,190,15.72,,190.0,6,1,12,4,341,0,0,0,0,0,0,125.0,265.0,230.0,132.42857142857142,70.35589798270162,186.41466666666668,5,7,49,341,2013,-0.9749279121818236,-0.2225209339563146,-2.4492935982947064e-16,1.0,-0.4014879892059737,0.9158642882672868,53209.0,54524.0,48549.0,66385.0,73686.0,39510.0,81766.0,55340.42857142857,5324.1460616433405,59489.642857142855,16108.250616983643,55428.833333333336,16153.275051898925,46940.4,16264.238339145872,524,0.7338935574229691,0,0,0,0,70035.5,57475.5
2013-12-08,54231,23,181,16.7,,181.0,7,1,12,4,342,0,0,0,0,0,0,190.0,189.0,160.0,121.71428571428572,49.38864338325185,190.54800000000003,6,8,49,342,2013,-0.7818314824680299,0.6234898018587334,-2.4492935982947064e-16,1.0,-0.38566340624360745,0.9226395488404875,65983.0,53209.0,54524.0,53559.0,51416.0,44592.0,73663.0,55436.42857142857,5292.636704489767,59690.71428571428,16017.029862130776,55750.13333333333,16025.649042175792,47385.75,16088.059412132501,525,0.7352941176470589,0,0,0,0,52487.5,50934.5
2013-12-09,51918,15,94,15.12,,94.0,1,0,12,4,343,0,0,0,0,0,0,181.0,90.0,88.0,120.57142857142856,47.6335216098108,192.7146666666667,0,9,50,343,2013,0.0,1.0,-2.4492935982947064e-16,1.0,-0.3697245428906732,0.9291414114031743,54231.0,65983.0,53209.0,56760.0,48860.0,85350.0,71624.0,54744.71428571428,5406.018828253054,59909.142857142855,15878.216703091159,54635.73333333333,15027.673217774973,47716.916666666664,15971.069244839133,526,0.7366946778711485,0,0,0,0,52810.0,47960.5
2013-12-10,56093,12,98,19.92,,98.0,2,0,12,4,344,0,0,0,0,0,0,94.0,67.0,85.0,121.14285714285714,47.22791749035862,173.87399999999997,1,10,50,344,2013,0.7818314824680298,0.6234898018587336,-2.4492935982947064e-16,1.0,-0.3536761221763721,0.935367949313148,51918.0,54231.0,65983.0,54799.0,35680.0,86667.0,56252.0,54929.57142857143,5430.254133314474,61367.21428571428,14345.406459525784,53616.6,13764.096858030412,48132.9,15856.459537821687,527,0.7380952380952381,0,0,0,0,45239.5,45930.0
2013-12-11,56731,11,114,16.75,,114.0,3,0,12,4,345,0,0,0,0,0,0,98.0,101.0,175.0,125.57142857142856,42.5239428356032,160.04066666666665,2,11,50,345,2013,0.9749279121818236,-0.22252093395631434,-2.4492935982947064e-16,1.0,-0.33752289959411347,0.941317317512847,56093.0,51918.0,54231.0,48549.0,65270.0,54125.0,69250.0,56098.42857142857,4652.881252770053,60757.28571428572,14348.233584278038,53703.46666666667,13775.634598895984,47730.25,15307.793150543635,528,0.7394957983193278,0,0,0,0,56909.5,49555.0
2013-12-12,50441,21,123,13.84,,123.0,4,0,12,4,346,0,0,0,0,0,0,114.0,90.0,393.0,127.42857142857144,41.54458305185306,148.4073333333333,3,12,50,346,2013,0.43388373911755823,-0.900968867902419,-2.4492935982947064e-16,1.0,-0.32126966169236515,0.9469877530760751,56731.0,56093.0,51918.0,54524.0,72759.0,47347.0,64184.0,55515.142857142855,5116.0196255997525,59163.142857142855,14150.67276387675,53806.6,13737.93524013235,47572.833333333336,15229.032512273625,529,0.7408963585434174,0,0,0,0,63641.5,47183.5
2013-12-13,65801,20,147,15.36,,147.0,5,0,12,4,347,0,0,0,0,0,0,123.0,125.0,659.22,132.14285714285714,38.33809494236069,150.10733333333332,4,13,50,347,2013,-0.433883739117558,-0.9009688679024191,-2.4492935982947064e-16,1.0,-0.3049212246562894,0.9523775757303973,50441.0,56731.0,56093.0,53209.0,105102.0,45341.0,73069.0,57314.0,6256.613753993834,56355.92857142857,5727.774698301229,54488.6,13810.841073042182,47694.166666666664,15346.2869380613,530,0.742296918767507,0,0,0,0,79155.5,50707.5
2013-12-14,87785,42,310,28.01,,310.0,6,1,12,4,348,0,0,0,0,0,0,147.0,190.0,265.0,135.28571428571428,38.55608160292445,152.74066666666664,5,14,50,348,2013,-0.9749279121818236,-0.2225209339563146,-2.4492935982947064e-16,1.0,-0.2884824328806098,0.9574851883550389,65801.0,50441.0,56731.0,65983.0,66385.0,43213.0,72654.0,60428.57142857143,13040.307305391463,57884.5,9926.611736988454,55974.333333333336,14909.762590522645,48645.916666666664,16028.81209349374,531,0.7436974789915967,0,0,0,0,66184.0,69834.5
2013-12-15,73417,15,227,24.18,,227.0,7,1,12,4,349,0,0,0,0,0,0,310.0,181.0,189.0,152.42857142857142,75.71185979941099,160.44066666666666,6,15,50,349,2013,-0.7818314824680299,0.6234898018587334,-2.4492935982947064e-16,1.0,-0.27195815753410524,0.9623090774541487,87785.0,65801.0,50441.0,54231.0,53559.0,37981.0,81759.0,63169.42857142857,13527.755342962342,59302.92857142857,10653.170416245859,57155.53333333333,14838.62523545097,49350.13333333333,16175.247936660182,532,0.7450980392156863,0,0,0,0,53895.0,52823.5
2013-12-16,45817,13,140,19.97,,140.0,1,0,12,4,350,0,0,0,0,0,0,227.0,94.0,90.0,159.0,80.45288476286369,164.60733333333332,0,16,51,350,2013,0.0,1.0,-2.4492935982947064e-16,1.0,-0.2553532951161881,0.9668478136052773,73417.0,87785.0,65801.0,51918.0,56760.0,48566.0,81381.0,62297.857142857145,14532.696829661576,58521.28571428572,11239.425063509054,57063.9,14901.850756036105,49517.683333333334,16083.940687858963,533,0.7464985994397759,0,0,0,0,54339.0,50389.0
2013-12-17,53096,15,140,17.14,,140.0,2,0,12,4,351,0,0,0,0,0,0,140.0,98.0,67.0,165.57142857142858,76.01503610658666,163.00733333333332,1,17,51,351,2013,0.7818314824680298,0.6234898018587336,-2.4492935982947064e-16,1.0,-0.23867276600594997,0.9711000518829505,45817.0,73417.0,87785.0,56093.0,54799.0,48310.0,77255.0,61869.71428571428,14787.869135593102,58399.642857142855,11291.902957477658,57223.433333333334,14830.350359019365,49826.71666666667,15969.280982181172,534,0.7478991596638656,0,0,0,0,55446.0,45886.5
2013-12-18,56767,13,189,19.01,,189.0,3,0,12,4,352,0,0,0,0,0,0,140.0,114.0,101.0,171.57142857142858,71.30417739716012,163.00733333333332,2,18,51,352,2013,0.9749279121818236,-0.22252093395631434,-2.4492935982947064e-16,1.0,-0.22192151300416674,0.9750645322571945,53096.0,45817.0,73417.0,56731.0,48549.0,39161.0,64461.0,61874.857142857145,14785.790277927508,58986.642857142855,10948.826186520224,57810.3,14433.992350793322,50186.86666666667,15876.254506915719,535,0.7492997198879552,0,0,0,0,52640.0,61000.5
2013-12-19,49462,24,169,18.68,,169.0,4,0,12,4,353,0,0,0,0,0,0,189.0,123.0,90.0,182.28571428571428,66.69761186557882,166.67399999999998,3,19,51,353,2013,0.43388373911755823,-0.900968867902419,-2.4492935982947064e-16,1.0,-0.20510449986861926,0.9787400799669153,56767.0,53096.0,45817.0,50441.0,54524.0,37061.0,74585.0,61735.0,14916.023699364334,58625.07142857143,11188.49580502735,58223.666666666664,13990.019130236004,50490.316666666666,15681.06756298728,536,0.7507002801120448,0,0,0,0,52482.5,61600.0
2013-12-20,49069,18,238,19.09,,238.0,5,0,12,4,354,0,0,0,0,0,0,169.0,147.0,125.0,188.8571428571429,61.982332352126775,170.04066666666665,4,20,51,354,2013,-0.433883739117558,-0.9009688679024191,-2.4492935982947064e-16,1.0,-0.1882267098432439,0.9821256058680006,49462.0,56767.0,53096.0,65801.0,53209.0,50561.0,76553.0,59344.71428571428,15485.625148443107,58329.357142857145,11395.45156635281,58173.933333333334,14020.816644358281,50827.2,15423.416038553365,537,0.7521008403361344,0,0,0,0,59505.0,85451.5
2013-12-21,63129,25,344,23.8,,344.0,6,1,12,4,355,0,0,0,0,0,0,238.0,310.0,190.0,201.8571428571429,61.27922043517561,175.64066666666665,5,21,51,355,2013,-0.9749279121818236,-0.2225209339563146,-2.4492935982947064e-16,1.0,-0.1712931441814778,0.9852201067560606,49069.0,49462.0,56767.0,87785.0,65983.0,39843.0,68743.0,55822.42857142857,9638.922897245611,58125.5,11272.869498524458,58950.13333333333,13609.543630984828,51337.46666666667,15313.296544724351,538,0.7535014005602241,0,0,0,0,76884.0,77085.0
2013-12-22,64142,25,357,21.94,,357.0,7,1,12,4,356,0,0,0,0,0,0,344.0,227.0,181.0,206.7142857142857,71.7349619216791,184.3073333333333,6,22,51,356,2013,-0.7818314824680299,0.6234898018587334,-2.4492935982947064e-16,1.0,-0.154308820664281,0.9880226656636976,63129.0,49069.0,49462.0,73417.0,54231.0,48206.0,88382.0,54497.42857142857,7127.528296614869,58833.42857142857,11320.585366179645,59481.333333333336,13486.167284406274,51744.0,15324.233905147139,539,0.7549019607843137,0,0,0,0,63824.0,63488.0
2013-12-23,59857,14,319,19.43,,319.0,1,0,12,4,357,0,0,0,0,0,0,357.0,140.0,94.0,225.28571428571428,91.86532585931484,192.6073333333333,0,23,52,357,2013,0.0,1.0,-2.4492935982947064e-16,1.0,-0.13727877211326517,0.9905324521322227,64142.0,63129.0,49069.0,45817.0,51918.0,73686.0,79196.0,56503.142857142855,6191.726938115782,59400.5,11145.009422986375,59020.36666666667,13217.567196162048,52105.4,15254.290128642946,540,0.7563025210084033,0,0,0,0,48867.5,51288.5
2013-12-24,54615,15,158,21.95,,158.0,2,0,12,4,358,0,0,0,0,0,0,319.0,140.0,98.0,250.8571428571429,89.03824753334685,195.574,1,24,52,358,2013,0.7818314824680298,0.6234898018587336,-2.4492935982947064e-16,1.0,-0.12020804489935275,0.9927487224577402,59857.0,64142.0,63129.0,53096.0,56093.0,51416.0,71162.0,56720.142857142855,6077.989427120506,59294.92857142857,11185.675850178579,59127.0,13166.910115892855,52420.25,15104.66796590278,541,0.757703081232493,0,1,0,1,54594.5,53947.5
2013-12-25,0,0,0,0.0,,0.0,3,0,12,4,359,0,0,0,0,0,0,158.0,189.0,114.0,253.42857142857144,85.49241124773827,195.5073333333333,2,25,52,359,2013,0.9749279121818236,-0.22252093395631434,-2.4492935982947064e-16,1.0,-0.10310169744743544,0.9946708199115211,54615.0,59857.0,64142.0,56767.0,56731.0,48860.0,0.0,48610.57142857143,22280.290623905967,55242.71428571428,19426.35032601352,57498.333333333336,16957.016983788963,51774.083333333336,16466.406516578205,542,0.7591036414565826,0,1,0,1,56749.0,52658.0
2013-12-26,50458,26,319,17.21,,319.0,4,0,12,4,360,0,0,0,0,0,0,0.0,169.0,123.0,226.42857142857144,128.33920827616316,192.574,3,26,52,360,2013,0.43388373911755823,-0.900968867902419,-2.4492935982947064e-16,1.0,-0.0859647987374467,0.9962981749346077,0.0,54615.0,59857.0,49462.0,50441.0,35680.0,74881.0,48752.857142857145,22289.81249680793,55243.92857142857,19426.02762538426,57990.933333333334,16510.100676259714,52079.2,16265.014432876935,543,0.7605042016806722,0,1,0,1,49951.5,51993.0
2013-12-27,52986,25,208,20.05,,208.0,5,0,12,4,361,0,0,0,0,0,0,319.0,238.0,147.0,247.8571428571429,129.66807442007283,200.374,4,27,52,361,2013,-0.433883739117558,-0.9009688679024191,-2.4492935982947064e-16,1.0,-0.06880242680232064,0.9976303053065857,50458.0,0.0,54615.0,49069.0,65801.0,65270.0,63853.0,49312.42857142857,22348.162332036285,54328.57142857143,19190.809746471605,57581.46666666667,16475.63924087329,52400.25,16085.67042972499,544,0.7619047619047619,0,1,0,1,57435.0,51139.0
2013-12-28,53680,22,272,17.33,,272.0,6,1,12,4,362,0,0,0,0,0,0,208.0,344.0,310.0,243.57142857142856,130.5409988507534,201.474,5,28,52,362,2013,-0.9749279121818236,-0.2225209339563146,-2.4492935982947064e-16,1.0,-0.05161966722325418,0.9986668162884759,52986.0,50458.0,0.0,63129.0,87785.0,72759.0,74461.0,47962.57142857143,21648.962221910595,51892.5,16608.012754506228,56945.5,16236.064878577592,52730.48333333333,15901.047237116358,545,0.7633053221288515,0,1,0,1,75457.0,64556.0
2013-12-29,58826,13,217,22.11,,217.0,7,1,12,4,363,0,0,0,0,0,0,272.0,357.0,227.0,233.28571428571428,123.98079728424926,197.44066666666663,6,29,52,363,2013,-0.7818314824680299,0.6234898018587334,-2.4492935982947064e-16,1.0,-0.034421611622745804,0.9994074007397048,53680.0,52986.0,50458.0,64142.0,73417.0,105102.0,76098.0,47203.142857142855,21072.36911557063,50850.28571428572,15579.329285595275,55402.96666666667,13464.883823418691,53262.96666666667,15551.715423355705,546,0.7647058823529411,0,1,0,1,68779.5,59186.5
2013-12-30,47531,16,259,15.68,,259.0,1,0,12,4,364,0,0,0,0,0,0,217.0,319.0,140.0,213.28571428571428,111.34587896237902,182.7,0,30,1,364,2013,0.0,1.0,-2.4492935982947064e-16,1.0,-0.01721335615583528,0.9998518392091162,58826.0,53680.0,52986.0,59857.0,45817.0,66385.0,48917.0,45442.28571428572,20341.056615576606,50972.71428571428,15543.42641875209,54774.5,13374.323685769143,53516.816666666666,15326.41366000813,547,0.7661064425770309,0,1,0,1,52837.0,55887.5
2013-12-31,45472,15,203,17.24,,203.0,2,0,12,4,365,0,0,0,0,0,0,259.0,158.0,140.0,204.7142857142857,103.91296724617555,182.5,1,31,1,365,2013,0.7818314824680298,0.6234898018587336,-2.4492935982947064e-16,1.0,6.432490598706546e-16,1.0,47531.0,58826.0,53680.0,54615.0,53096.0,53559.0,62693.0,44136.142857142855,19943.552161275617,50428.142857142855,15596.777442580962,54504.933333333334,13480.743057217358,53555.65,15302.614243064289,548,0.7675070028011205,0,1,0,1,53855.5,55354.0
2014-01-01,42355,10,119,19.84,,119.0,3,0,1,1,1,0,0,0,0,0,0,203.0,0.0,189.0,211.14285714285717,101.91406277092572,182.96666666666667,2,1,1,1,2014,0.9749279121818236,-0.22252093395631434,0.49999999999999994,0.8660254037844387,0.017213356155834685,0.9998518392091162,45472.0,47531.0,58826.0,0.0,56767.0,56760.0,48973.0,50186.857142857145,5558.282061589555,49398.71428571428,15621.807900045693,54024.76666666667,13653.092767431608,53421.46666666667,15365.868026870763,549,0.7689075630252101,0,0,1,1,28383.5,28365.5
2014-01-02,38449,18,132,17.68,,132.0,4,0,1,1,2,0,0,0,0,0,0,119.0,319.0,169.0,228.14285714285717,63.51490263822237,183.9333333333333,3,2,1,2,2014,0.43388373911755823,-0.900968867902419,0.49999999999999994,0.8660254037844387,0.03442161162274574,0.9994074007397048,42355.0,45472.0,47531.0,50458.0,49462.0,54799.0,47743.0,48471.28571428572,7100.09942921644,48612.07142857143,15893.29904013377,53479.76666666667,13944.342124621982,53278.8,15465.827785086909,550,0.7703081232492998,0,0,0,0,49960.0,50449.5
2014-01-03,49785,17,135,12.97,,135.0,5,0,1,1,3,0,0,0,0,0,0,132.0,208.0,238.0,201.42857142857144,58.0197010875246,186.1,4,3,1,3,2014,-0.433883739117558,-0.9009688679024191,0.49999999999999994,0.8660254037844387,0.051619667223253764,0.998666816288476,38449.0,42355.0,45472.0,52986.0,49069.0,48549.0,58291.0,48014.0,6859.8821661403945,48663.21428571428,15896.034257147025,53520.96666666667,13931.090952857316,53449.933333333334,15367.465202213509,551,0.7717086834733894,0,0,0,0,51027.5,59393.5
2014-01-04,48343,16,165,20.71,,165.0,6,1,1,1,4,0,0,0,0,0,0,135.0,272.0,344.0,191.0,62.98941710054671,187.2333333333333,5,4,1,4,2014,-0.9749279121818236,-0.2225209339563146,0.49999999999999994,0.8660254037844387,0.06880242680231986,0.9976303053065857,49785.0,38449.0,42355.0,53680.0,63129.0,54524.0,60871.0,47251.57142857143,6406.812828469808,47607.07142857143,15342.54571928492,53314.933333333334,13961.418920412987,53652.85,15215.026724634961,552,0.773109243697479,0,0,0,0,58404.5,70732.5
2014-01-05,37970,15,103,18.52,,103.0,7,1,1,1,5,0,0,0,0,0,0,165.0,217.0,357.0,175.71428571428572,52.09835021608709,189.7333333333333,6,5,1,5,2014,-0.7818314824680299,0.6234898018587334,0.49999999999999994,0.8660254037844387,0.08596479873744647,0.9962981749346078,48343.0,49785.0,38449.0,58826.0,64142.0,53209.0,51324.0,44272.142857142855,4766.632509034875,45737.642857142855,14756.122112049328,52806.96666666667,14239.854443956188,53676.683333333334,15188.863741092695,553,0.7745098039215687,0,0,0,0,61484.0,66121.5
2014-01-06,42467,8,73,21.62,,73.0,1,0,1,1,6,0,0,0,0,0,0,103.0,259.0,319.0,159.42857142857142,54.79007556987246,189.0,0,6,2,6,2014,0.0,1.0,0.49999999999999994,0.8660254037844387,0.10310169744743485,0.9946708199115211,37970.0,48343.0,49785.0,47531.0,59857.0,65983.0,46833.0,43548.71428571428,4569.8224150134665,44495.5,14197.510105377802,52023.1,14136.409131303024,53725.96666666667,15146.857186985622,554,0.7759103641456583,0,0,0,0,53694.0,46674.0
2014-01-07,40319,7,70,18.86,,70.0,2,0,1,1,7,0,0,0,0,0,0,73.0,203.0,158.0,132.85714285714286,42.08098767625892,185.1,1,7,2,7,2014,0.7818314824680298,0.6234898018587336,0.49999999999999994,0.8660254037844387,0.1202080448993527,0.9927487224577402,42467.0,37970.0,48343.0,45472.0,54615.0,54231.0,50882.0,42812.57142857143,4623.100397537553,43474.357142857145,13925.188647290734,51559.36666666667,14288.8472387609,53654.75,15200.481022300648,555,0.7773109243697479,0,0,0,0,50043.5,49284.0
2014-01-08,36718,13,73,19.16,,73.0,3,0,1,1,8,0,0,0,0,0,0,70.0,119.0,0.0,113.85714285714286,34.4694481699776,181.4,2,8,2,8,2014,0.9749279121818236,-0.22252093395631434,0.49999999999999994,0.8660254037844387,0.13727877211326478,0.9905324521322229,40319.0,42467.0,37970.0,42355.0,0.0,51918.0,41597.0,42007.28571428572,5174.188783898993,46097.07142857143,6680.449287795693,51052.7,14542.920686000856,52844.21666666667,14772.322692519314,556,0.7787114845938375,0,0,0,0,21177.5,49561.0
2014-01-09,39760,14,77,17.21,,77.0,4,0,1,1,9,0,0,0,0,0,0,73.0,132.0,319.0,107.28571428571428,37.57088538444813,180.7,3,9,2,9,2014,0.43388373911755823,-0.900968867902419,0.49999999999999994,0.8660254037844387,0.15430882066428117,0.9880226656636976,36718.0,40319.0,42467.0,38449.0,50458.0,56093.0,49296.0,42194.57142857143,5046.066813441124,45332.92857142857,6754.686184867578,50508.26666666667,14653.030685536207,52062.433333333334,14181.400141683163,557,0.7801120448179272,0,0,0,0,44453.5,43955.5
2014-01-10,39216,15,95,16.04,,95.0,5,0,1,1,10,0,0,0,0,0,0,77.0,135.0,208.0,99.42857142857144,37.291004915648905,180.0,4,10,2,10,2014,-0.433883739117558,-0.9009688679024191,0.49999999999999994,0.8660254037844387,0.1712931441814776,0.9852201067560606,39760.0,36718.0,40319.0,49785.0,52986.0,56731.0,40061.0,40684.71428571428,3831.3692815266613,44349.357142857145,6554.145753257417,49924.433333333334,14745.186210826749,51813.95,14274.955263576794,558,0.7815126050420168,0,0,0,0,51385.5,49427.0
2014-01-11,36287,22,138,16.26,,138.0,6,1,1,1,11,0,0,0,0,0,0,95.0,165.0,272.0,93.71428571428572,33.836441330386094,179.36666666666667,5,11,2,11,2014,-0.9749279121818236,-0.2225209339563146,0.49999999999999994,0.8660254037844387,0.1882267098432442,0.9821256058680006,39216.0,39760.0,36718.0,48343.0,53680.0,50441.0,48834.0,38962.42857142857,2160.3633071882045,43107.0,6292.676659296821,49452.63333333333,14953.064343963544,51629.61666666667,14404.436890718802,559,0.7829131652661064,0,0,0,0,51011.5,55736.0
2014-01-12,34298,17,110,19.01,,110.0,7,1,1,1,12,0,0,0,0,0,0,138.0,103.0,217.0,89.85714285714286,24.647032082506108,179.86666666666667,6,12,2,12,2014,-0.7818314824680299,0.6234898018587334,0.49999999999999994,0.8660254037844387,0.2051044998686192,0.9787400799669153,36287.0,39216.0,39760.0,37970.0,58826.0,65801.0,58881.0,38437.857142857145,2794.302860498126,41355.0,4822.300743580427,48402.53333333333,14871.335982777235,51445.566666666666,14555.903979365119,560,0.7843137254901961,0,0,0,0,48398.0,51056.0
2014-01-13,38437,9,63,13.91,,63.0,1,0,1,1,13,0,0,0,0,0,0,110.0,73.0,259.0,90.85714285714286,25.399662539938458,178.63333333333333,0,13,3,13,2014,0.0,1.0,0.49999999999999994,0.8660254037844387,0.2219215130041655,0.9750645322571948,34298.0,36287.0,39216.0,42467.0,47531.0,87785.0,61532.0,37862.142857142855,2171.583556498499,40705.42857142857,4530.020745652494,46757.6,12973.050829873593,51365.96666666667,14614.627906530082,561,0.7857142857142857,0,0,0,0,44999.0,51162.0
2014-01-14,39587,10,70,17.61,,70.0,2,0,1,1,14,0,0,0,0,0,0,63.0,70.0,203.0,89.42857142857143,26.813287395473825,170.4,1,14,3,14,2014,0.7818314824680298,0.6234898018587336,0.49999999999999994,0.8660254037844387,0.2386727660059501,0.9711000518829505,38437.0,34298.0,36287.0,40319.0,45472.0,73417.0,48030.0,37757.57142857143,2047.6445701614846,40285.07142857143,4321.956652049616,45629.933333333334,12010.406866499225,51392.73333333333,14591.149696069448,562,0.7871148459383753,0,0,0,0,42895.5,47467.0
2014-01-15,37637,10,70,15.54,,70.0,3,0,1,1,15,0,0,0,0,0,0,70.0,73.0,119.0,89.42857142857143,26.813287395473825,165.16666666666666,2,15,3,15,2014,0.9749279121818236,-0.22252093395631434,0.49999999999999994,0.8660254037844387,0.255353295116187,0.9668478136052775,39587.0,38437.0,34298.0,36718.0,42355.0,45817.0,51677.0,37888.857142857145,1998.7607351026293,39948.07142857143,4332.069437334577,45357.26666666667,12098.543508616489,51210.583333333336,14694.883450950056,563,0.788515406162465,0,0,0,0,39536.5,18359.0
2014-01-16,29546,18,70,17.8,,70.0,4,0,1,1,16,0,0,0,0,0,0,70.0,77.0,132.0,89.0,27.141603981094427,162.83333333333334,3,16,3,16,2014,0.43388373911755823,-0.900968867902419,0.49999999999999994,0.8660254037844387,0.2719581575341055,0.9623090774541486,37637.0,39587.0,38437.0,39760.0,38449.0,53096.0,52836.0,36429.71428571428,3539.507296893088,39312.142857142855,5146.043556530846,44572.26666666667,12340.694254581407,50897.85,14955.022419019973,564,0.7899159663865546,0,0,0,0,39104.5,45109.0
2014-01-17,34488,11,79,16.28,,79.0,5,0,1,1,17,0,0,0,0,0,1,70.0,95.0,135.0,88.0,27.77888886666564,160.5,4,17,3,17,2014,-0.433883739117558,-0.9009688679024191,0.49999999999999994,0.8660254037844387,0.288482432880609,0.9574851883550393,29546.0,37637.0,39587.0,39216.0,49785.0,56767.0,48870.0,35754.28571428572,3366.0588088682302,38219.5,4306.885323793322,43829.63333333333,12251.565826691223,50819.96666666667,15029.166343544179,565,0.7913165266106442,0,0,0,0,44500.5,46101.0
2014-01-18,65311,27,527,17.42,,527.0,6,1,1,1,18,0,0,0,0,1,1,79.0,138.0,165.0,85.71428571428571,27.765171742754507,156.83333333333334,5,18,3,18,2014,-0.9749279121818236,-0.2225209339563146,0.49999999999999994,0.8660254037844387,0.30492122465628907,0.9523775757303974,34488.0,29546.0,37637.0,36287.0,48343.0,49462.0,42455.0,39900.57142857143,11697.263851817876,39431.5,8095.769548160409,44357.933333333334,12830.832509699248,51290.8,15033.327078330598,566,0.7927170868347339,0,0,0,0,42315.0,44983.5
2014-01-19,47871,36,354,17.57,,354.0,7,1,1,1,19,0,0,0,0,1,1,527.0,110.0,103.0,141.28571428571428,170.7861374992265,168.76666666666668,6,19,3,19,2014,-0.7818314824680299,0.6234898018587334,0.49999999999999994,0.8660254037844387,0.3212696616923644,0.9469877530760753,65311.0,34488.0,29546.0,34298.0,37970.0,49069.0,85376.0,41839.57142857143,11738.659546659428,40138.71428571428,8385.547772837956,44318.0,12817.5220478951,51245.96666666667,15039.550278354118,567,0.7941176470588235,0,0,0,0,36134.0,46562.0
2014-01-20,43565,25,317,18.92,,317.0,1,0,1,1,20,0,0,0,0,1,1,354.0,63.0,73.0,176.14285714285714,187.4259218744199,172.63333333333333,0,20,4,20,2014,0.0,1.0,0.49999999999999994,0.8660254037844387,0.3375228995941133,0.9413173175128471,47871.0,65311.0,34488.0,38437.0,42467.0,63129.0,61592.0,42572.142857142855,11650.606227840168,40217.142857142855,8414.085048820778,43665.86666666667,12315.300580797993,51308.0,14999.341790078437,568,0.7955182072829131,0,0,0,0,40452.0,42984.0
2014-01-21,32542,7,57,13.16,,57.0,2,0,1,1,21,0,0,0,0,0,1,317.0,70.0,70.0,212.42857142857144,186.455407665262,171.73333333333332,1,21,4,21,2014,0.7818314824680298,0.6234898018587336,0.49999999999999994,0.8660254037844387,0.3536761221763716,0.9353679493131483,43565.0,47871.0,65311.0,39587.0,40319.0,64142.0,51725.0,41565.71428571428,12240.793488908013,39661.642857142855,8659.970124367828,42612.53333333333,11846.01673700212,51046.933333333334,15189.361797850128,569,0.7969187675070029,0,0,0,0,39953.0,42529.5
2014-01-22,32692,8,66,15.61,,66.0,3,0,1,1,22,0,0,0,0,0,0,57.0,70.0,73.0,210.57142857142856,188.16735205915072,161.73333333333332,2,22,4,22,2014,0.9749279121818236,-0.22252093395631434,0.49999999999999994,0.8660254037844387,0.3697245428906731,0.9291414114031743,32542.0,43565.0,47871.0,37637.0,36718.0,59857.0,29401.0,40859.28571428572,12641.445535938237,39374.07142857143,8830.40725138275,41707.03333333333,11516.049830063552,50363.7,15075.321492819468,570,0.7983193277310925,0,0,0,0,37177.5,39996.0
2014-01-23,27306,14,59,12.83,,59.0,4,0,1,1,23,0,0,0,0,0,0,66.0,70.0,77.0,210.0,188.6707891186833,153.3,3,23,4,23,2014,0.43388373911755823,-0.900968867902419,0.49999999999999994,0.8660254037844387,0.38566340624360707,0.9226395488404876,32692.0,32542.0,43565.0,29546.0,39760.0,54615.0,36534.0,40539.28571428572,12998.85374067368,38484.5,9397.626064801934,40796.73333333333,11539.852210053907,49961.86666666667,15365.333952551977,571,0.7997198879551821,0,0,0,0,34653.0,33997.5
2014-01-24,24720,16,94,14.53,,94.0,5,0,1,1,24,0,0,0,0,0,0,59.0,79.0,95.0,208.42857142857144,190.0717909482775,150.0,4,24,4,24,2014,-0.433883739117558,-0.9009688679024191,0.49999999999999994,0.8660254037844387,0.401487989205973,0.9158642882672872,27306.0,32692.0,32542.0,34488.0,39216.0,0.0,34180.0,39143.857142857145,14223.35161425937,37449.07142857143,10084.324007429153,41620.73333333333,9164.391557331723,49559.53333333333,15706.924499600755,572,0.8011204481792717,0,0,0,0,36852.0,42136.5
2014-01-25,34321,14,127,14.03,,127.0,6,1,1,1,25,0,0,0,0,0,0,94.0,527.0,138.0,210.57142857142856,188.44703689441687,153.13333333333333,5,25,4,25,2014,-0.9749279121818236,-0.2225209339563146,0.49999999999999994,0.8660254037844387,0.4171936026123168,0.9088176373395029,24720.0,27306.0,32692.0,65311.0,36287.0,50458.0,36310.0,34716.71428571428,8318.311281229257,37308.642857142855,10115.39199291498,41082.833333333336,9101.16483292622,49536.88333333333,15728.243961256529,573,0.8025210084033614,0,0,0,0,50799.0,56827.0
2014-01-26,27527,13,115,12.29,,115.0,7,1,1,1,26,0,0,0,0,0,0,127.0,354.0,110.0,153.42857142857142,127.1965108835629,146.73333333333332,6,26,4,26,2014,-0.7818314824680299,0.6234898018587334,0.49999999999999994,0.8660254037844387,0.4327755925504312,0.901501684131884,34321.0,24720.0,27306.0,47871.0,34298.0,52986.0,35596.0,31810.428571428572,6254.293161691271,36825.0,10427.466828599236,40234.2,9139.861016826104,48907.833333333336,15842.681889859337,574,0.803921568627451,0,0,0,0,41084.5,42920.5
2014-01-27,27120,10,56,17.19,,56.0,1,0,1,1,27,0,0,0,0,0,0,115.0,317.0,63.0,119.28571428571428,91.43433761578864,143.63333333333333,0,27,5,27,2014,0.0,1.0,0.49999999999999994,0.8660254037844387,0.4482293417404106,0.893918596519257,27527.0,34321.0,24720.0,43565.0,38437.0,53680.0,38898.0,29461.14285714286,3649.0470184493784,36016.642857142855,10727.237586967665,39348.86666666667,9078.68472447621,48147.183333333334,15773.588643508901,575,0.8053221288515406,0,0,0,0,41001.0,43016.0
2014-01-28,25653,15,63,10.43,,63.0,2,0,1,1,28,0,0,0,0,0,0,56.0,57.0,70.0,82.0,29.84403904746416,136.43333333333334,1,28,5,28,2014,0.7818314824680298,0.6234898018587336,0.49999999999999994,0.8660254037844387,0.4635502709028509,0.886070621534138,27120.0,27527.0,34321.0,32542.0,39587.0,58826.0,30026.0,28477.0,3608.410915254865,35021.357142857145,11013.091766041543,38243.1,8633.913518493711,46823.03333333333,14163.987858885886,576,0.8067226890756303,0,0,0,0,36064.5,36430.5
2014-01-29,20482,8,63,15.04,,63.0,3,0,1,1,29,0,0,0,0,0,0,63.0,66.0,70.0,82.85714285714286,29.082804607008303,131.3,2,29,5,29,2014,0.9749279121818236,-0.22252093395631434,0.49999999999999994,0.8660254037844387,0.47873384011578846,0.8779600847008882,25653.0,27120.0,27527.0,32692.0,37637.0,47531.0,29317.0,26732.714285714286,4142.862284068703,33796.0,11636.404381211427,37341.46666666667,9033.639667198511,46057.98333333333,14328.208505106957,577,0.8081232492997199,0,0,0,0,35164.5,34705.0
2014-01-30,23183,15,61,12.77,,61.0,4,0,1,1,30,0,0,0,0,0,0,63.0,59.0,70.0,82.42857142857143,29.39306688578584,124.76666666666668,3,30,5,30,2014,0.43388373911755823,-0.900968867902419,0.49999999999999994,0.8660254037844387,0.49377555015997715,0.869589389346611,20482.0,25653.0,27120.0,27306.0,29546.0,45472.0,30136.0,26143.714285714286,4336.34284139207,33341.5,11935.590203253449,36598.5,9255.733256781466,45551.71666666667,14592.880336368898,578,0.8095238095238095,0,0,0,0,28426.0,33533.0
2014-01-31,26191,14,69,7.27,,69.0,5,0,1,1,31,0,0,0,0,0,0,61.0,94.0,79.0,82.71428571428571,29.13597024134706,120.03333333333332,4,31,5,31,2014,-0.433883739117558,-0.9009688679024191,0.49999999999999994,0.8660254037844387,0.5086709438521044,0.8609610158889943,23183.0,20482.0,25653.0,24720.0,34488.0,42355.0,30715.0,26353.85714285714,4291.257951873883,32748.85714285714,12079.404295405795,36059.7,9378.734100116626,45042.23333333333,14727.936427152992,579,0.8109243697478992,0,0,0,0,29604.0,31968.0
2014-02-01,31015,12,124,9.93,,124.0,6,1,2,1,32,0,0,0,0,0,0,69.0,127.0,527.0,79.14285714285714,29.05413666145931,118.36666666666666,5,1,5,32,2014,-0.9749279121818236,-0.2225209339563146,0.8660254037844386,0.5000000000000001,0.5234156073655503,0.8520775211013093,26191.0,23183.0,20482.0,34321.0,65311.0,38449.0,38401.0,25881.571428571428,3346.1141571049184,30299.14285714286,7623.616231130792,35811.9,9411.579523522443,44645.833333333336,14780.85991760814,580,0.8123249299719888,0,0,0,0,49816.0,35304.0
2014-02-02,20641,12,69,10.45,,69.0,7,1,2,1,33,0,0,0,0,0,0,124.0,115.0,354.0,78.71428571428571,28.241307132838685,118.1,6,2,5,33,2014,-0.7818314824680299,0.6234898018587334,0.8660254037844386,0.5000000000000001,0.5380051715382996,0.8429415373547828,31015.0,26191.0,23183.0,27527.0,47871.0,49785.0,33975.0,24897.85714285714,3767.430089090896,28354.14285714286,6121.218001686978,34840.433333333334,9423.655677229997,44180.7,15091.793564491281,581,0.8137254901960784,0,0,0,0,37699.0,30912.5
2014-02-03,17556,9,56,5.83,,56.0,1,0,2,1,34,0,0,0,0,0,0,69.0,56.0,317.0,72.14285714285714,23.31257580097236,115.9,0,3,6,34,2014,0.0,1.0,0.8660254037844386,0.5000000000000001,0.5524353131676196,0.8335557718385699,20641.0,31015.0,26191.0,27120.0,43565.0,48343.0,33435.0,23531.571428571428,4491.825310388253,26496.35714285714,4992.391081314899,33814.2,9577.615761908557,43564.566666666666,15413.55628556764,582,0.8151260504201681,0,0,0,0,35342.5,32778.5
2014-02-04,21640,7,39,9.94,,39.0,2,0,2,1,35,0,0,0,0,0,0,56.0,63.0,57.0,72.14285714285714,23.31257580097236,112.26666666666668,1,4,6,35,2014,0.7818314824680298,0.6234898018587336,0.8660254037844386,0.5000000000000001,0.5667017562911176,0.8239230057575542,17556.0,20641.0,31015.0,25653.0,32542.0,37970.0,26380.0,22958.285714285714,4431.627906848541,25717.64285714286,4824.269232937736,33269.86666666667,9794.865818141812,43038.416666666664,15616.238194005657,583,0.8165266106442577,0,0,0,0,29097.5,32620.0
2014-02-05,20859,8,46,8.35,,46.0,3,0,2,1,36,0,0,0,0,0,0,39.0,63.0,66.0,68.71428571428571,26.43680695365177,110.13333333333334,2,5,6,36,2014,0.9749279121818236,-0.22252093395631434,0.8660254037844386,0.5000000000000001,0.5808002734538009,0.8140460935082178,21640.0,17556.0,20641.0,20482.0,32692.0,42467.0,34067.0,23012.14285714286,4398.686562621547,24872.428571428572,4536.347136260744,32549.6,9889.251084227617,42286.35,15579.040236995741,584,0.8179271708683473,0,0,0,0,26587.0,29059.5
2014-02-06,22869,13,50,11.11,,50.0,4,0,2,1,37,0,0,0,0,0,0,46.0,61.0,59.0,66.28571428571429,27.795169158890104,109.23333333333332,3,6,6,37,2014,0.43388373911755823,-0.900968867902419,0.8660254037844386,0.5000000000000001,0.5947266869607634,0.8039279618328213,20859.0,21640.0,17556.0,23183.0,27306.0,40319.0,33653.0,22967.285714285714,4398.254832479065,24555.5,4508.15528962639,31967.933333333334,9929.617278916023,41763.65,15697.159997721496,585,0.819327731092437,0,0,0,0,25244.5,26364.5
2014-02-07,24427,15,80,11.82,,80.0,5,0,2,1,38,0,0,0,0,0,0,50.0,69.0,94.0,64.71428571428571,28.447110490135568,108.56666666666666,4,7,6,38,2014,-0.433883739117558,-0.9009688679024191,0.8660254037844386,0.5000000000000001,0.6084768701151261,0.7935716089521474,22869.0,20859.0,21640.0,26191.0,24720.0,36718.0,27681.0,22715.285714285714,4230.086236878089,24534.571428571428,4508.012980567916,31558.233333333334,9980.305778203257,41305.46666666667,15796.642948946377,586,0.8207282913165266,0,0,0,0,25455.5,30339.5
2014-02-08,24989,29,149,11.62,,149.0,6,1,2,1,39,0,0,0,0,0,0,80.0,124.0,127.0,66.28571428571429,29.02133861898831,108.8,5,8,6,39,2014,-0.9749279121818236,-0.2225209339563146,0.8660254037844386,0.5000000000000001,0.6220467484408675,0.7829801036770629,24427.0,22869.0,20859.0,31015.0,34321.0,39760.0,42371.0,21854.428571428572,2531.75735127028,23868.0,3534.448384771992,31065.866666666665,9925.935552999494,40787.066666666666,15813.496385293283,587,0.8221288515406162,0,0,0,0,32668.0,48163.0
2014-02-09,26882,16,106,9.06,,106.0,7,1,2,1,40,0,0,0,0,0,0,149.0,69.0,115.0,69.85714285714286,37.58292418740298,111.2,6,9,6,40,2014,-0.7818314824680299,0.6234898018587334,0.8660254037844386,0.5000000000000001,0.6354323008901774,0.7721565844991642,24989.0,24427.0,22869.0,20641.0,27527.0,39216.0,40885.0,22746.0,3074.045651362961,23821.928571428572,3486.9694680955467,30654.733333333334,9831.706011616248,40289.583333333336,15772.871957021618,588,0.8235294117647058,0,0,0,0,24084.0,34256.0
2014-02-10,23616,13,54,6.11,,54.0,1,0,2,1,41,0,0,0,0,0,0,106.0,56.0,56.0,75.14285714285714,39.968439930476194,111.56666666666666,0,10,7,41,2014,0.0,1.0,0.8660254037844386,0.5000000000000001,0.6486295610349814,0.7611042586607747,26882.0,24989.0,24427.0,17556.0,27120.0,36287.0,28068.0,23611.714285714286,2052.3608937251133,23571.64285714286,3355.3007341348034,30232.366666666665,9853.548951006715,39842.5,15860.188943987494,589,0.8249299719887955,0,0,0,0,22338.0,30560.5
2014-02-11,24585,7,69,11.14,,69.0,2,0,2,1,42,0,0,0,0,0,0,54.0,39.0,63.0,74.85714285714286,40.13489160081807,108.76666666666668,1,11,7,42,2014,0.7818314824680298,0.6234898018587336,0.8660254037844386,0.5000000000000001,0.6616346182422783,0.7498264012045686,23616.0,26882.0,24989.0,21640.0,25653.0,34298.0,31563.0,24032.428571428572,1874.999365078439,23495.35714285714,3316.2528809383225,29908.6,9874.905518884574,39155.566666666666,15607.378169778016,590,0.8263305322128851,0,0,0,0,23646.5,27091.0
2014-02-12,26532,11,73,11.77,,73.0,3,0,2,1,43,0,0,0,0,0,0,69.0,46.0,63.0,79.14285714285714,37.15924546878502,107.4,2,12,7,43,2014,0.9749279121818236,-0.22252093395631434,0.8660254037844386,0.5000000000000001,0.6744436188329455,0.7383263540031065,24585.0,23616.0,26882.0,20859.0,20482.0,38437.0,30593.0,24842.85714285714,1453.351463407063,23927.5,3287.439329653977,29511.766666666666,9758.890785200525,38134.683333333334,14323.043794602127,591,0.8277310924369747,0,0,0,0,20670.5,26775.5
2014-02-13,29654,16,97,8.08,,97.0,4,0,2,1,44,0,0,0,0,0,0,73.0,50.0,61.0,83.0,34.44802848736871,107.73333333333332,3,13,7,44,2014,0.43388373911755823,-0.900968867902419,0.8660254037844386,0.5000000000000001,0.6870527672236669,0.7266075247685656,26532.0,24585.0,23616.0,22869.0,23183.0,39587.0,29867.0,25812.14285714286,2055.3897788142694,24389.714285714286,3613.456462225251,29180.666666666668,9571.984298059588,37405.3,13591.488828912037,592,0.8291316526610645,0,0,0,0,23026.0,25087.5
2014-02-14,32275,13,129,8.38,,129.0,5,0,2,1,45,0,0,0,0,0,1,97.0,80.0,69.0,89.71428571428571,31.388502596301084,108.63333333333334,4,14,7,45,2014,-0.433883739117558,-0.9009688679024191,0.8660254037844386,0.5000000000000001,0.699458327051647,0.7146733860429609,29654.0,26532.0,24585.0,24427.0,26191.0,37637.0,39821.0,26933.285714285714,3065.913007804635,24824.285714285714,4169.772608236247,29001.933333333334,9458.020817724297,37179.6,13561.84353149974,593,0.8305322128851541,0,0,0,0,25309.0,24573.5
2014-02-15,59753,53,480,13.46,,480.0,6,1,2,1,46,0,0,0,0,1,1,129.0,149.0,124.0,96.71428571428572,34.19899747903933,110.6,5,15,7,46,2014,-0.9749279121818236,-0.2225209339563146,0.8660254037844386,0.5000000000000001,0.7116566222817746,0.7025274741691571,32275.0,29654.0,26532.0,24989.0,31015.0,29546.0,34430.0,31899.571428571428,12630.01964708336,26877.0,10185.699938186399,30008.833333333332,11000.136739223275,37290.55,13720.565044233816,594,0.8319327731092437,0,0,0,0,28002.0,29655.0
2014-02-16,50378,40,424,11.83,,424.0,7,1,2,1,47,0,0,0,0,1,1,480.0,106.0,69.0,144.0,150.29970059850402,124.26666666666668,6,16,7,47,2014,-0.7818314824680299,0.6234898018587334,0.8660254037844386,0.5000000000000001,0.7236440382959124,0.6901733882429719,59753.0,32275.0,29654.0,26882.0,20641.0,34488.0,113669.0,35256.142857142855,14109.776013206401,29001.071428571428,11763.620828405945,30538.5,11589.993980391782,37184.066666666666,13591.029770873449,595,0.8333333333333334,0,0,0,0,23761.5,27204.5
2014-02-17,47833,22,327,10.27,,327.0,1,0,2,1,48,0,0,0,0,1,1,424.0,54.0,56.0,189.42857142857144,181.6818254924958,135.76666666666668,0,17,8,48,2014,0.0,1.0,0.8660254037844386,0.5000000000000001,0.7354170229639855,0.6776147890466889,50378.0,59753.0,32275.0,23616.0,17556.0,65311.0,70343.0,38715.71428571428,13744.202677423416,31163.714285714286,12269.880605202894,29955.9,10128.997541541423,37156.916666666664,13567.694201377419,596,0.834733893557423,0,0,0,0,20586.0,25368.0
2014-02-18,24267,11,49,10.22,,49.0,2,0,2,1,49,0,0,0,0,0,1,327.0,69.0,39.0,228.42857142857144,177.00645670225063,129.1,1,18,8,49,2014,0.7818314824680298,0.6234898018587336,0.8660254037844386,0.5000000000000001,0.7469720876965552,0.6648553979642865,47833.0,50378.0,59753.0,24585.0,21640.0,47871.0,65109.0,38670.28571428572,13799.109001601988,31351.35714285714,12132.347756860856,29169.1,9591.918819758019,36743.55,13576.435924836329,597,0.8361344537815126,0,0,0,0,23112.5,25119.0
2014-02-19,29607,12,65,10.74,,65.0,3,0,2,1,50,0,0,0,0,0,0,49.0,73.0,46.0,225.57142857142856,180.14240398719485,118.93333333333334,2,19,8,50,2014,0.9749279121818236,-0.22252093395631434,0.8660254037844386,0.5000000000000001,0.7583058084785624,0.6518989958787126,24267.0,47833.0,50378.0,26532.0,20859.0,43565.0,29660.0,39109.57142857143,13391.20868153352,31976.214285714286,11770.259719888354,28703.833333333332,9200.07106450567,36184.85,13155.43759822711,598,0.8375350140056023,0,0,0,0,23695.5,23507.0
2014-02-20,25244,15,52,13.41,,52.0,4,0,2,1,51,0,0,0,0,0,0,65.0,97.0,50.0,224.42857142857144,181.29336919558236,110.53333333333332,3,20,8,51,2014,0.43388373911755823,-0.900968867902419,0.8660254037844386,0.5000000000000001,0.7694148268839378,0.6387494220515272,29607.0,24267.0,47833.0,29654.0,22869.0,32542.0,27147.0,38479.57142857143,14000.087855166435,32145.85714285714,11645.354424418756,28460.566666666666,9191.565630336438,35536.55,12705.096504979705,599,0.8389355742296919,0,0,0,0,26261.5,26418.5
2014-02-21,20467,19,69,12.63,,69.0,5,0,2,1,52,0,0,0,0,0,0,52.0,129.0,80.0,218.0,187.26451879627385,110.36666666666666,4,21,8,52,2014,-0.433883739117558,-0.9009688679024191,0.8660254037844386,0.5000000000000001,0.7802958510707755,0.6254105729852463,25244.0,29607.0,24267.0,32275.0,24427.0,32692.0,27070.0,36792.71428571428,15502.96946517321,31863.0,11892.727156996798,28053.066666666666,9268.172970024854,34880.05,12442.066881575316,600,0.8403361344537815,0,0,0,0,28351.0,29233.0
2014-02-22,27766,22,125,10.05,,125.0,6,1,2,1,53,0,0,0,0,0,0,69.0,480.0,149.0,209.42857142857144,193.29326349949628,110.46666666666668,5,22,8,53,2014,-0.9749279121818236,-0.2225209339563146,0.8660254037844386,0.5000000000000001,0.7909456567567772,0.6118864012687243,20467.0,25244.0,29607.0,59753.0,24989.0,27306.0,33510.0,32223.14285714286,11903.727307424399,32061.35714285714,11791.989344838768,28068.4,9267.274868571432,34432.566666666666,12200.738825039909,601,0.8417366946778712,0,0,0,0,42371.0,45384.0
2014-02-23,21963,11,84,8.16,,84.0,7,1,2,1,54,0,0,0,0,0,0,125.0,424.0,106.0,158.71428571428572,152.80130266211097,112.66666666666669,6,23,8,54,2014,-0.7818314824680299,0.6234898018587334,0.8660254037844386,0.5000000000000001,0.8013610881746766,0.5981809144059165,27766.0,20467.0,25244.0,50378.0,26882.0,24720.0,32936.0,28163.85714285714,9224.23829607922,31710.0,12029.086275165897,27976.5,9315.170939812726,34798.61666666667,11456.973699109658,602,0.8431372549019608,0,0,0,0,38630.0,35509.5
2014-02-24,24694,8,45,8.72,,45.0,1,0,2,1,55,0,0,0,0,0,0,84.0,327.0,54.0,110.14285714285714,98.9788337161508,112.33333333333331,0,24,9,55,2014,0.0,1.0,0.8660254037844386,0.5000000000000001,0.8115390590073611,0.5842981736283684,21963.0,27766.0,20467.0,47833.0,23616.0,34321.0,35108.0,24858.285714285714,3141.0333604445746,31787.0,11976.625728733188,27655.6,9254.69629375571,34369.21666666667,11342.358335605382,603,0.8445378151260504,0,0,0,0,35724.5,32694.5
2014-02-25,19854,9,49,11.32,,49.0,2,0,2,1,56,0,0,0,0,0,0,45.0,49.0,69.0,69.85714285714286,27.79945186167158,109.6,1,25,9,56,2014,0.7818314824680298,0.6234898018587336,0.8660254037844386,0.5000000000000001,0.8214765533024142,0.5702422926917871,24694.0,21963.0,27766.0,24267.0,24585.0,27527.0,24331.0,24227.85714285714,3676.676915756166,31449.071428571428,12258.884611480053,27399.833333333332,9363.757402635054,33817.01666666667,11226.563434953709,604,0.84593837535014,0,0,0,0,24426.0,22953.5
2014-02-26,22570,9,52,10.98,,52.0,3,0,2,1,57,0,0,0,0,0,0,49.0,65.0,73.0,69.85714285714286,27.79945186167158,107.4,2,26,9,57,2014,0.9749279121818236,-0.22252093395631434,0.8660254037844386,0.5000000000000001,0.8311706263658079,0.5560174366570446,19854.0,24694.0,21963.0,29607.0,26532.0,27120.0,28161.0,23222.571428571428,2823.9108730703056,31166.071428571428,12425.725011902874,27248.166666666668,9405.203123742254,33298.51666666667,11009.960520398541,605,0.8473389355742297,0,0,0,0,28069.5,25233.0
2014-02-27,23609,14,47,7.69,,47.0,4,0,2,1,58,0,0,0,0,0,0,52.0,52.0,97.0,68.0,28.60069929214792,107.26666666666668,3,27,9,58,2014,0.43388373911755823,-0.900968867902419,0.8660254037844386,0.5000000000000001,0.8406184056344782,0.5416278206559814,22570.0,19854.0,24694.0,25244.0,29654.0,25653.0,28990.0,22989.0,2693.4519363319623,30734.285714285714,12586.302600162502,27180.033333333333,9424.541040625652,32711.566666666666,10555.341100184445,606,0.8487394957983193,0,0,0,0,27449.0,24056.5
2014-02-28,28312,13,62,7.06,,62.0,5,0,2,1,59,0,0,0,0,0,0,47.0,69.0,129.0,67.28571428571429,29.124527382224848,106.73333333333332,4,28,9,59,2014,-0.433883739117558,-0.9009688679024191,0.8660254037844386,0.5000000000000001,0.8498170915275278,0.5270777086423722,23609.0,22570.0,19854.0,20467.0,32275.0,20482.0,32831.0,24109.714285714286,3074.3547135551935,30451.214285714286,12593.548489839326,27441.033333333333,9340.699429188226,32391.25,10388.294206926423,607,0.8501400560224089,0,0,0,0,26371.0,22447.0
2014-03-01,28151,14,107,8.34,,107.0,6,1,3,1,60,0,0,0,0,0,0,62.0,125.0,480.0,66.28571428571429,29.17598490604841,106.7,5,1,9,60,2014,-0.9749279121818236,-0.2225209339563146,1.0,6.123233995736766e-17,0.8587639582758029,0.5123714121284237,28312.0,23609.0,22570.0,27766.0,59753.0,23183.0,39263.0,24164.714285714286,3153.1024782097347,28193.928571428572,9352.61634693565,27606.633333333335,9306.58241833144,32102.566666666666,10258.486483282204,608,0.8515406162464986,0,0,0,0,43759.5,26377.5
2014-03-02,25746,14,86,6.26,,86.0,7,1,3,1,61,0,0,0,0,0,0,107.0,84.0,424.0,63.71428571428572,23.350333942750417,108.23333333333332,6,2,9,61,2014,-0.7818314824680299,0.6234898018587334,1.0,6.123233995736766e-17,0.8674563547295969,0.49751328890718066,28151.0,28312.0,23609.0,21963.0,50378.0,26191.0,34879.0,24705.14285714286,3034.820391641155,26434.5,6836.83297969967,27591.8,9309.270779249026,31825.75,10201.07343408659,609,0.8529411764705882,0,0,0,0,36170.5,24422.5
2014-03-03,24030,8,51,8.38,,51.0,1,0,3,1,62,0,0,0,0,0,0,86.0,45.0,327.0,64.0,23.65022903341954,108.8,0,3,10,62,2014,0.0,1.0,1.0,6.123233995736766e-17,0.8758917051442429,0.48250774176121847,25746.0,28151.0,28312.0,24694.0,47833.0,31015.0,31991.0,24610.285714285714,3045.584712020402,24734.285714285714,2975.093080084502,27358.966666666667,9308.051633169403,31585.433333333334,10212.233611432091,610,0.8543417366946778,0,0,0,0,36263.5,24155.0
2014-03-04,23137,9,49,7.47,,49.0,2,0,3,1,63,0,0,0,0,0,0,51.0,49.0,49.0,64.85714285714286,22.945068979544565,106.36666666666666,1,4,10,63,2014,0.7818314824680298,0.6234898018587336,1.0,6.123233995736766e-17,0.8840675099433636,0.4673592171580022,24030.0,25746.0,28151.0,19854.0,24267.0,20641.0,32005.0,25079.285714285714,2368.6180017243014,24653.571428571428,3003.934387132928,27442.166666666668,9256.94741926241,31141.3,9984.233111447713,611,0.8557422969187675,0,0,0,0,22060.5,22219.5
2014-03-05,27313,11,53,8.33,,53.0,3,0,3,1,64,0,0,0,0,0,0,49.0,52.0,65.0,64.85714285714286,22.945068979544565,105.7,2,5,10,64,2014,0.9749279121818236,-0.22252093395631434,1.0,6.123233995736766e-17,0.8919813464595485,0.45207220393230435,23137.0,24030.0,25746.0,22570.0,29607.0,17556.0,37806.0,25756.85714285714,2203.8357038402464,24489.714285714286,2766.1039089605365,27767.4,9067.083858471378,30790.8,9736.177617699355,612,0.8571428571428571,0,0,0,0,26088.5,24551.0
2014-03-06,24614,16,58,7.39,,58.0,4,0,3,1,65,0,0,0,0,0,0,53.0,47.0,52.0,65.0,22.854612955226376,105.6,3,6,10,65,2014,0.43388373911755823,-0.900968867902419,1.0,6.123233995736766e-17,0.8996308696522433,0.43665123195606403,27313.0,23137.0,24030.0,23609.0,25244.0,21640.0,40000.0,25900.428571428572,2069.2145737883693,24444.714285714286,2758.0016575156515,27866.533333333333,9013.882701750674,30568.2,9721.926137537195,613,0.8585434173669467,0,0,0,0,24426.5,26631.5
2014-03-07,26449,15,68,13.88,,68.0,5,0,3,1,66,0,0,0,0,0,0,58.0,62.0,69.0,66.57142857142857,21.762790437324824,106.23333333333332,4,7,10,66,2014,-0.433883739117558,-0.9009688679024191,1.0,6.123233995736766e-17,0.9070138128026359,0.4211008707960896,24614.0,27313.0,23137.0,28312.0,20467.0,20859.0,35925.0,25634.285714285714,1811.0458961860834,24872.0,2549.877493286892,28052.866666666665,8921.33172652565,30301.233333333334,9608.916336662103,614,0.8599439775910365,0,0,0,0,24389.5,30293.5
2014-03-08,29737,12,121,10.08,,121.0,6,1,3,1,67,0,0,0,0,0,0,68.0,107.0,125.0,67.42857142857143,21.670695596102064,106.96666666666668,5,8,10,67,2014,-0.9749279121818236,-0.2225209339563146,1.0,6.123233995736766e-17,0.9141279881853337,0.40542572835999735,26449.0,24614.0,27313.0,28151.0,27766.0,22869.0,31243.0,25860.85714285714,2229.289679738303,25012.785714285714,2767.1128852618194,28281.8,8871.702691607534,30124.866666666665,9518.618254423613,615,0.8613445378151261,0,0,0,0,27958.5,43952.0
2014-03-09,29047,20,87,11.46,,87.0,7,1,3,1,68,0,0,0,0,0,0,121.0,86.0,84.0,69.42857142857143,26.12059942431616,109.33333333333331,6,9,10,68,2014,-0.7818314824680299,0.6234898018587334,1.0,6.123233995736766e-17,0.9209712877166346,0.38963044953078796,29737.0,26449.0,24614.0,25746.0,21963.0,24427.0,40058.0,26332.428571428572,2529.8238316224474,25518.785714285714,2813.8266629294376,28435.8,8842.531855401687,29997.016666666666,9479.999612907934,616,0.8627450980392157,0,0,0,0,23854.5,38062.0
2014-03-10,28847,15,55,8.65,,55.0,1,0,3,1,69,0,0,0,0,0,0,87.0,51.0,45.0,69.57142857142857,26.22884635191286,109.56666666666666,0,10,11,69,2014,0.0,1.0,1.0,6.123233995736766e-17,0.9275416835791966,0.37371971479046906,29047.0,29737.0,26449.0,24030.0,24694.0,24989.0,39202.0,27020.571428571428,2453.132681364434,25815.428571428572,2936.427020777664,28564.4,8818.697290612075,29815.133333333335,9393.808787773096,617,0.8641456582633054,0,0,0,0,24362.0,35931.5
2014-03-11,27899,7,49,7.27,,49.0,2,0,3,1,70,0,0,0,0,0,0,55.0,49.0,49.0,70.14285714285714,25.79682520148676,106.43333333333334,1,11,11,70,2014,0.7818314824680298,0.6234898018587336,1.0,6.123233995736766e-17,0.9338372288229252,0.35769823883312546,28847.0,29047.0,29737.0,23137.0,19854.0,26882.0,38644.0,27700.85714285714,1758.6523655499655,26390.071428571428,2422.2285499830564,28598.3,8813.96041222539,29626.516666666666,9315.137731983317,618,0.865546218487395,0,0,0,0,21495.5,23702.0
2014-03-12,22880,12,55,7.71,,55.0,3,0,3,1,71,0,0,0,0,0,0,49.0,53.0,52.0,70.14285714285714,25.79682520148676,104.53333333333332,2,12,11,71,2014,0.9749279121818236,-0.22252093395631434,1.0,6.123233995736766e-17,0.9398560579418954,0.3415707691678556,27899.0,28847.0,29047.0,27313.0,22570.0,23616.0,35610.0,27067.571428571428,2544.275395021457,26412.214285714286,2385.763486200859,28573.766666666666,8829.317604292632,29403.066666666666,9313.46148191645,619,0.8669467787114846,0,0,0,0,24941.5,28460.0
2014-03-13,24628,15,59,11.38,,59.0,4,0,3,1,72,0,0,0,0,0,0,55.0,58.0,47.0,70.42857142857143,25.585524181046598,104.56666666666666,3,13,11,72,2014,0.43388373911755823,-0.900968867902419,1.0,6.123233995736766e-17,0.9455963874271426,0.3253420847119801,22880.0,27899.0,28847.0,24614.0,23609.0,24585.0,33752.0,27069.571428571428,2542.029757046835,26485.0,2307.9381074226517,28575.2,8828.651212641898,29241.9,9310.988341101911,620,0.8683473389355743,0,0,0,0,24111.5,24929.0
2014-03-14,28430,15,100,9.12,,100.0,5,0,3,1,73,0,0,0,0,0,0,59.0,68.0,62.0,70.57142857142857,25.50723520138786,104.23333333333332,4,14,11,73,2014,-0.433883739117558,-0.9009688679024191,1.0,6.123233995736766e-17,0.9510565162951535,0.30901699437494745,24628.0,22880.0,27899.0,26449.0,28312.0,26532.0,31068.0,27352.571428571428,2571.527617139588,26493.428571428572,2315.327181209018,28638.466666666667,8820.301272254472,29075.116666666665,9232.786132355679,621,0.8697478991596639,0,0,0,0,27380.5,23458.0
2014-03-15,31787,14,149,11.69,,149.0,6,1,3,1,74,0,0,0,0,0,0,100.0,121.0,107.0,75.14285714285714,27.739433852839657,105.13333333333334,5,15,11,74,2014,-0.9749279121818236,-0.2225209339563146,1.0,6.123233995736766e-17,0.9562348265919056,0.29260033563334836,28430.0,24628.0,22880.0,29737.0,28151.0,29654.0,39265.0,27645.428571428572,2973.6292560402167,26753.14285714286,2689.290065230287,28709.566666666666,8837.350241362297,28945.116666666665,9136.680280357868,622,0.8711484593837535,0,0,0,0,28944.0,28751.5
2014-03-16,28834,12,110,9.8,,110.0,7,1,3,1,75,0,0,0,0,0,0,149.0,87.0,86.0,79.14285714285714,36.18668526510918,106.86666666666666,6,16,11,75,2014,-0.7818314824680299,0.6234898018587334,1.0,6.123233995736766e-17,0.9611297838723007,0.27609697309746883,31787.0,28430.0,24628.0,29047.0,25746.0,32275.0,43220.0,27615.0,2957.9453454491018,26973.714285714286,2726.7077761844043,28594.866666666665,8811.772113185472,28798.4,9065.13962647337,623,0.8725490196078431,0,0,0,0,27396.5,25505.0
2014-03-17,25385,7,66,8.17,,66.0,1,0,3,1,76,0,0,0,0,0,0,110.0,55.0,51.0,82.42857142857143,38.01691352918588,106.23333333333332,0,17,12,76,2014,0.0,1.0,1.0,6.123233995736766e-17,0.9657399376548549,0.2595117970697999,28834.0,31787.0,28430.0,28847.0,24030.0,59753.0,41794.0,27120.428571428572,3006.6457976253632,27070.5,2636.745860103018,27449.266666666666,6570.242466177966,28729.05,9075.234001605602,624,0.8739495798319328,0,0,0,0,26438.5,26770.5
2014-03-18,28065,7,57,10.9,,57.0,2,0,3,1,77,0,0,0,0,0,0,66.0,49.0,49.0,84.0,36.90528417449029,92.43333333333334,1,18,12,77,2014,0.7818314824680298,0.6234898018587336,1.0,6.123233995736766e-17,0.9700639218515071,0.2428497220959356,25385.0,28834.0,31787.0,27899.0,23137.0,50378.0,35165.0,27144.14285714286,3014.454590168474,27422.5,2388.490438943423,26705.5,4947.76558939353,28622.0,9043.979488203795,625,0.8753501400560224,0,0,0,0,25518.0,23876.5
2014-03-19,25963,10,72,7.31,,72.0,3,0,3,1,78,0,0,0,0,0,0,57.0,55.0,53.0,85.14285714285714,35.74646169636105,80.2,2,19,12,78,2014,0.9749279121818236,-0.22252093395631434,1.0,6.123233995736766e-17,0.9741004551724205,0.22611568550828828,28065.0,25385.0,28834.0,22880.0,27313.0,47833.0,33749.0,27584.571428571428,2462.246999330414,27326.071428571428,2420.290779233986,25976.5,2925.3232388446622,27966.2,7659.05189025556,626,0.876750700280112,0,0,0,0,25096.5,22725.0
2014-03-20,32197,17,68,9.91,,68.0,4,0,3,1,79,0,0,0,0,0,0,72.0,59.0,58.0,87.57142857142857,33.886364725145725,71.7,3,20,12,79,2014,0.43388373911755823,-0.900968867902419,1.0,6.123233995736766e-17,0.9778483415056568,0.20931464596304847,25963.0,28065.0,25385.0,24628.0,24614.0,24267.0,36494.0,28665.85714285714,2605.279666917656,27867.714285714286,2607.899727560844,26240.833333333332,3117.492538866059,27704.966666666667,7223.557870187997,627,0.8781512605042017,0,0,0,0,24621.0,24118.5
2014-03-21,25731,16,93,9.1,,93.0,5,0,3,1,80,0,0,0,0,0,0,68.0,100.0,68.0,88.85714285714286,32.774118708864535,72.33333333333333,4,21,12,80,2014,-0.433883739117558,-0.9009688679024191,1.0,6.123233995736766e-17,0.9813064702716093,0.19245158197082998,32197.0,25963.0,28065.0,28430.0,26449.0,29607.0,33312.0,28280.285714285714,2835.547960816857,27816.428571428572,2644.7452607966698,26111.633333333335,3052.8229161665686,27407.733333333334,6920.446906472938,628,0.8795518207282913,0,0,0,0,27439.5,28371.0
2014-03-22,28380,20,146,9.57,,146.0,6,1,3,1,81,0,0,0,0,0,0,93.0,149.0,121.0,87.85714285714286,32.482962567209654,73.26666666666667,5,22,12,81,2014,-0.9749279121818236,-0.2225209339563146,1.0,6.123233995736766e-17,0.9844738167520922,0.1755314904214282,25731.0,32197.0,25963.0,31787.0,29737.0,25244.0,37911.0,27793.571428571428,2390.8386155722947,27719.5,2593.309342549559,26216.166666666668,3075.6944164982724,27338.366666666665,6888.898514612688,629,0.8809523809523809,0,0,0,0,30762.0,29969.0
2014-03-23,29144,15,106,11.24,,106.0,7,1,3,1,82,0,0,0,0,0,0,146.0,110.0,87.0,87.42857142857143,31.54814914199564,76.4,6,23,12,82,2014,-0.7818314824680299,0.6234898018587334,1.0,6.123233995736766e-17,0.9873494423939864,0.15855938510313475,28380.0,25731.0,32197.0,28834.0,29047.0,20467.0,43411.0,27837.85714285714,2416.060597236993,27726.428571428572,2597.2554364557172,26505.4,2920.47823906087,27279.233333333334,6857.320174713384,630,0.8823529411764706,0,0,0,0,28940.5,27290.0
2014-03-24,28113,7,59,8.71,,59.0,1,0,3,1,83,0,0,0,0,0,0,106.0,66.0,55.0,86.85714285714286,31.10427929523647,77.63333333333334,0,24,13,83,2014,0.0,1.0,1.0,6.123233995736766e-17,0.989932495087353,0.141540295217043,29144.0,28380.0,25731.0,25385.0,28847.0,27766.0,34053.0,28227.571428571428,2161.0239746576194,27674.0,2580.2480500915008,26516.966666666667,2926.324356634168,27292.683333333334,6858.164940831465,631,0.8837535014005602,0,0,0,0,27116.0,24707.5
2014-03-25,22878,8,72,11.82,,72.0,2,0,3,1,84,0,0,0,0,0,0,59.0,57.0,49.0,85.85714285714286,31.986604339047023,75.43333333333334,1,25,13,84,2014,0.7818314824680298,0.6234898018587336,1.0,6.123233995736766e-17,0.9922222094179323,0.12447926388678915,28113.0,29144.0,28380.0,28065.0,27899.0,21963.0,34946.0,27486.571428571428,2965.5821720270974,27315.35714285714,2878.3019194590292,26547.466666666667,2881.6506971231574,27261.983333333334,6873.981077016089,632,0.8851540616246498,0,0,0,0,27982.0,25601.0
2014-03-26,27539,12,74,9.19,,74.0,3,0,3,1,85,0,0,0,0,0,0,72.0,72.0,55.0,88.0,30.18277654557126,75.03333333333333,2,26,13,85,2014,0.9749279121818236,-0.22252093395631434,1.0,6.123233995736766e-17,0.994217906893952,0.10738134666416309,22878.0,28113.0,29144.0,25963.0,22880.0,24694.0,32855.0,27711.714285714286,2889.4843665884855,27648.14285714286,2579.911443237161,26642.3,2865.3182425404298,27148.95,6811.41335895938,633,0.8865546218487395,0,0,0,0,24421.5,26638.0
2014-03-27,24128,22,84,10.69,,84.0,4,0,3,1,86,0,0,0,0,0,0,74.0,68.0,59.0,88.28571428571429,30.015075577193684,76.0,3,27,13,86,2014,0.43388373911755823,-0.900968867902419,1.0,6.123233995736766e-17,0.995918996147179,0.09025161003104117,27539.0,22878.0,28113.0,32197.0,24628.0,19854.0,35643.0,26559.0,2363.566796178449,27612.428571428572,2627.9495579485324,26784.766666666666,2611.1379166066135,27092.3,6822.341698233662,634,0.8879551820728291,0,0,0,0,28412.5,28405.5
2014-03-28,31896,19,107,14.69,,107.0,5,0,3,1,87,0,0,0,0,0,0,84.0,93.0,100.0,90.57142857142856,28.79732130399637,77.16666666666667,4,28,13,87,2014,-0.433883739117558,-0.9009688679024191,1.0,6.123233995736766e-17,0.9973249731081555,0.07309512989807777,24128.0,27539.0,22878.0,25731.0,28430.0,22570.0,30178.0,27439.714285714286,3051.968474841427,27860.0,2863.5913975825233,27095.633333333335,2646.953362320415,27171.9,6850.4744675466545,635,0.8893557422969187,0,0,0,0,27080.5,26090.0
2014-03-29,40802,18,154,12.98,,154.0,6,1,3,1,88,0,0,0,0,0,0,107.0,146.0,149.0,92.57142857142856,29.47234377546072,79.0,5,29,13,88,2014,-0.9749279121818236,-0.2225209339563146,1.0,6.123233995736766e-17,0.9984354211555643,0.055916990100603484,31896.0,24128.0,27539.0,28380.0,31787.0,23609.0,39376.0,29214.285714285714,5937.309792441865,28503.928571428572,4410.398926039903,27668.733333333334,3567.2797898189992,27424.383333333335,7069.220372931769,636,0.8907563025210085,0,0,0,0,30083.5,29058.5
2014-03-30,35916,13,107,15.24,,107.0,7,1,3,1,89,0,0,0,0,0,0,154.0,106.0,110.0,93.71428571428572,31.941166153382483,82.56666666666666,6,30,13,89,2014,-0.7818314824680299,0.6234898018587334,1.0,6.123233995736766e-17,0.9992500112396835,0.03872228089217446,40802.0,31896.0,24128.0,29144.0,28834.0,28312.0,47234.0,30181.714285714286,6453.248451084628,29009.785714285714,4836.705954367248,27922.2,3871.715839886509,27681.616666666665,7093.085021466438,637,0.8921568627450981,0,0,0,0,28989.0,29095.5
2014-03-31,30372,10,78,7.22,,78.0,1,0,3,1,90,0,0,0,0,0,0,107.0,59.0,66.0,93.85714285714286,32.007439611379134,84.06666666666666,0,31,14,90,2014,0.0,1.0,1.0,6.123233995736766e-17,0.9997685019798909,0.021516097436222254,35916.0,40802.0,31896.0,28113.0,25385.0,28151.0,26218.0,30504.428571428572,6388.715464450728,29366.0,4731.7140657483205,27996.233333333334,3897.3911051416553,27801.433333333334,7076.5052908249545,638,0.8935574229691877,0,0,0,0,26749.0,28480.0
2014-04-01,24108,8,61,12.37,,61.0,2,0,4,2,91,0,0,0,0,0,0,78.0,72.0,57.0,96.57142857142856,29.24526823753901,83.1,1,1,14,91,2014,0.7818314824680298,0.6234898018587336,0.8660254037844387,-0.4999999999999998,0.9999907397361901,0.004303538296244289,30372.0,35916.0,40802.0,22878.0,28065.0,25746.0,37691.0,30680.14285714286,6156.701888418405,29083.35714285714,4929.456821491151,27941.633333333335,3941.229630312231,27766.716666666667,7089.637149978955,639,0.8949579831932774,0,0,0,0,25471.5,25388.5
2014-04-02,26423,12,71,8.54,,71.0,3,0,4,2,92,0,0,0,0,0,0,61.0,74.0,72.0,95.0,31.026870075251857,82.26666666666667,2,2,14,92,2014,0.9749279121818236,-0.22252093395631434,0.8660254037844387,-0.4999999999999998,0.9999166586547379,-0.01291029607500882,24108.0,30372.0,35916.0,27539.0,25963.0,24030.0,35095.0,30520.714285714286,6265.094218878609,29116.214285714286,4908.546991313686,28021.4,3883.1196541281565,27690.183333333334,7078.754473636074,640,0.896358543417367,0,0,0,0,26751.0,25209.5
2014-04-03,25788,13,67,11.82,,67.0,4,0,4,2,93,0,0,0,0,0,0,71.0,84.0,68.0,94.57142857142856,31.383951009270216,82.93333333333334,3,3,14,93,2014,0.43388373911755823,-0.900968867902419,0.8660254037844387,-0.4999999999999998,0.9995462806873573,-0.030120304846908114,26423.0,24108.0,30372.0,24128.0,32197.0,23137.0,36838.0,30757.85714285714,6008.97335736492,28658.428571428572,4897.971773551395,28109.766666666666,3797.3510793105165,27775.966666666667,7022.847601902534,641,0.8977591036414566,0,0,0,0,28162.5,24378.0
2014-04-04,28684,21,86,11.61,,86.0,5,0,4,2,94,0,0,0,0,0,0,67.0,107.0,93.0,92.14285714285714,32.95668152503749,83.53333333333333,4,4,14,94,2014,-0.433883739117558,-0.9009688679024191,0.8660254037844387,-0.4999999999999998,0.9988797155850336,-0.04732138832243185,25788.0,26423.0,24108.0,31896.0,25731.0,27313.0,34448.0,30299.0,6030.17730529799,28869.35714285714,4825.2508999277325,28155.466666666667,3795.681000488816,27961.433333333334,6894.133898889645,642,0.8991596638655462,0,0,0,0,28813.5,30163.0
2014-04-05,35827,13,147,11.46,,147.0,6,1,4,2,95,0,0,0,0,0,0,86.0,154.0,146.0,89.14285714285714,32.32866927577974,84.63333333333334,5,5,14,95,2014,-0.9749279121818236,-0.2225209339563146,0.8660254037844387,-0.4999999999999998,0.9979171608653922,-0.06450844944931623,28684.0,25788.0,26423.0,40802.0,28380.0,24614.0,40098.0,29588.285714285714,4741.451982753746,29401.285714285714,5165.623447793702,28529.233333333334,3982.4097079042126,28197.883333333335,6916.901376134784,643,0.9005602240896359,0,0,0,0,34591.0,36294.5
2014-04-06,21735,16,117,9.7,,117.0,7,1,4,2,96,0,0,0,0,0,0,147.0,107.0,106.0,88.14285714285714,30.01348903092425,87.6,6,6,14,96,2014,-0.7818314824680299,0.6234898018587334,0.8660254037844387,-0.4999999999999998,0.9966589017541702,-0.08167639533042241,35827.0,28684.0,25788.0,35916.0,29144.0,26449.0,42391.0,27562.428571428572,4615.07763954681,28872.071428571428,5558.586185274231,28372.1,4156.513520347084,28212.483333333334,6902.056702790205,644,0.9019607843137255,0,0,0,0,32530.0,32375.0
2014-04-07,18379,8,61,9.65,,61.0,1,0,4,2,97,0,0,0,0,0,0,117.0,78.0,59.0,89.57142857142857,31.272230188335925,89.23333333333333,0,7,15,97,2014,0.0,1.0,0.8660254037844387,-0.4999999999999998,0.9951053111006976,-0.09882013873287143,21735.0,35827.0,28684.0,30372.0,28113.0,29737.0,36794.0,25849.14285714286,5533.050437403795,28176.785714285714,6229.167695713411,27993.5,4528.532119260382,28137.65,6984.818155974716,645,0.9033613445378151,0,0,0,0,29242.5,27878.5
2014-04-08,27845,10,67,9.21,,67.0,2,0,4,2,98,0,0,0,0,0,0,61.0,61.0,72.0,87.14285714285714,32.93644673927972,87.23333333333333,1,8,15,98,2014,0.7818314824680298,0.6234898018587336,0.8660254037844387,-0.4999999999999998,0.9932568492674143,-0.11593459959550041,18379.0,21735.0,35827.0,24108.0,22878.0,29047.0,30200.0,26383.0,5517.31707142737,28531.571428571428,6042.819155051729,27953.433333333334,4524.2050982758155,28194.616666666665,6967.959850464392,646,0.9047619047619048,0,0,0,0,23493.0,26086.5
2014-04-09,27358,11,67,10.09,,67.0,3,0,4,2,99,0,0,0,0,0,0,67.0,71.0,74.0,88.0,32.212833881336074,86.56666666666666,2,9,15,99,2014,0.9749279121818236,-0.22252093395631434,0.8660254037844387,-0.4999999999999998,0.9911140639934547,-0.1330147065341959,27845.0,18379.0,21735.0,26423.0,27539.0,28847.0,30758.0,26516.571428571428,5529.75077368274,28518.64285714286,6045.299224090728,27903.8,4522.231280211645,28234.1,6956.189558678754,647,0.9061624649859944,0,0,0,0,26981.0,26193.0
2014-04-10,24175,15,69,11.02,,69.0,4,0,4,2,100,0,0,0,0,0,0,67.0,67.0,84.0,87.42857142857143,32.597838081979205,86.96666666666667,3,10,15,100,2014,0.43388373911755823,-0.900968867902419,0.8660254037844387,-0.4999999999999998,0.9886775902323405,-0.1500553983446526,27358.0,27845.0,18379.0,25788.0,24128.0,27899.0,30503.0,26286.14285714286,5598.352746673587,28522.0,6042.685890333165,27779.666666666668,4573.191561423137,28188.983333333334,6973.863803921744,648,0.907563025210084,0,0,0,0,24958.0,28992.5
2014-04-11,28800,19,100,7.87,,100.0,5,0,4,2,101,0,0,0,0,0,0,69.0,86.0,107.0,87.71428571428571,32.397089816391144,87.63333333333334,4,11,15,101,2014,-0.433883739117558,-0.9009688679024191,0.8660254037844387,-0.4999999999999998,0.9859481499638304,-0.16705162550211924,24175.0,27358.0,27845.0,28684.0,31896.0,22880.0,37311.0,26302.714285714286,5606.798810797399,28300.85714285714,5965.87369134645,27977.0,4481.280928330783,28275.383333333335,6948.314113513912,649,0.9089635854341737,0,0,0,0,30290.0,27207.5
2014-04-12,32487,15,155,7.75,,155.0,6,1,4,2,102,0,0,0,0,0,0,100.0,147.0,154.0,89.71428571428571,32.70430290605988,89.13333333333334,5,12,15,102,2014,-0.9749279121818236,-0.2225209339563146,0.8660254037844387,-0.4999999999999998,0.9829265519799822,-0.18399835165768005,28800.0,24175.0,27358.0,35827.0,40802.0,24628.0,35606.0,25825.571428571428,4735.6251209013,27706.928571428572,4953.616696830899,28238.966666666667,4508.382946462572,28407.083333333332,6952.067324018356,650,0.9103641456582633,0,0,0,0,38314.5,32103.5
2014-04-13,35498,17,111,10.17,,111.0,7,1,4,2,103,0,0,0,0,0,0,155.0,117.0,107.0,90.85714285714286,35.09239505186387,92.33333333333331,6,13,15,103,2014,-0.7818314824680299,0.6234898018587334,0.8660254037844387,-0.4999999999999998,0.9796136916454901,-0.20089055513063506,32487.0,28800.0,24175.0,21735.0,35916.0,28430.0,39334.0,27791.714285714286,5542.561793800101,27677.071428571428,4901.315356644145,28474.566666666666,4699.346386564845,28556.516666666666,7007.222069787062,651,0.9117647058823529,0,0,0,0,28825.5,25439.5
2014-04-14,26955,8,73,7.08,,73.0,1,0,4,2,104,0,0,0,0,0,0,111.0,61.0,78.0,90.0,34.41414437892103,92.7,0,14,16,104,2014,0.0,1.0,0.8660254037844387,-0.4999999999999998,0.9760105506323683,-0.21772323039653177,35498.0,32487.0,28800.0,18379.0,30372.0,31787.0,36689.0,29016.85714285714,3784.0459576386343,27433.0,4841.50607527494,28313.5,4664.578302631422,28511.533333333333,7008.7203345321,652,0.9131652661064426,0,0,0,0,24375.5,23246.0
2014-04-15,32791,10,88,7.66,,88.0,2,0,4,2,105,0,0,0,0,0,0,73.0,67.0,61.0,91.71428571428572,32.99855696700466,90.16666666666669,1,15,16,105,2014,0.7818314824680298,0.6234898018587336,0.8660254037844387,-0.4999999999999998,0.9721181966290613,-0.23449138957040985,26955.0,35498.0,32487.0,27845.0,24108.0,28834.0,31807.0,29723.428571428572,3985.185602417012,28053.214285714286,4937.996887224884,28445.4,4735.21506338965,28520.133333333335,7013.731325091168,653,0.9145658263305322,0,0,0,0,25976.5,25361.5
2014-04-16,27527,10,82,9.91,,82.0,3,0,4,2,106,0,0,0,0,0,0,88.0,67.0,71.0,94.71428571428572,31.287453745945108,89.43333333333334,2,16,16,106,2014,0.9749279121818236,-0.22252093395631434,0.8660254037844387,-0.4999999999999998,0.9679377830240642,-0.25119006388481935,32791.0,26955.0,35498.0,27358.0,26423.0,25385.0,31423.0,29747.571428571428,3968.945949793032,28132.071428571428,4918.738244467099,28516.8,4703.520547933018,27983.033333333333,5690.519871299094,654,0.9159663865546218,0,0,0,0,26890.5,27448.5
2014-04-17,30338,17,100,7.96,,100.0,4,0,4,2,107,0,0,0,0,0,0,82.0,69.0,67.0,96.85714285714286,29.53770794215565,89.96666666666667,3,17,16,107,2014,0.43388373911755823,-0.900968867902419,0.8660254037844387,-0.4999999999999998,0.9634705485641488,-0.2678143051621742,27527.0,32791.0,26955.0,24175.0,25788.0,28065.0,29703.0,30628.0,3119.406033205304,28457.071428571428,4902.232748205983,28592.566666666666,4714.286757647848,27649.033333333333,4884.872782434065,655,0.9173669467787114,0,0,0,0,24981.5,24151.5
2014-04-18,44844,24,152,14.04,,152.0,5,0,4,2,108,0,0,0,0,0,0,100.0,100.0,86.0,101.28571428571428,26.868285429194405,91.4,4,18,16,108,2014,-0.433883739117558,-0.9009688679024191,0.8660254037844387,-0.4999999999999998,0.9587178169872964,-0.2843591872810034,30338.0,27527.0,32791.0,28800.0,28684.0,25963.0,31366.0,32920.0,6060.3133582346945,29611.35714285714,6576.421701890727,29221.933333333334,5539.270093416335,27599.216666666667,4686.768989659031,656,0.9187675070028011,0,0,0,0,28742.0,30348.0
2014-04-19,36947,19,179,17.0,,179.0,6,1,4,2,109,0,0,0,0,0,0,152.0,155.0,147.0,108.71428571428572,32.953069081720855,94.06666666666666,5,19,16,109,2014,-0.9749279121818236,-0.2225209339563146,0.8660254037844387,-0.4999999999999998,0.9536809966304457,-0.30081980763566735,44844.0,30338.0,27527.0,32487.0,35827.0,32197.0,33256.0,33557.142857142855,6239.01662733707,29691.35714285714,6664.077241300732,29380.266666666666,5692.994581566687,27810.55,4818.01015409011,657,0.9201680672268907,0,0,0,0,34157.0,36644.5
2014-04-20,21268,6,0,0.0,,0.0,7,1,4,2,110,0,0,0,0,0,0,179.0,111.0,117.0,112.14285714285714,39.22341380446249,97.76666666666668,6,20,16,110,2014,-0.7818314824680299,0.6234898018587334,0.8660254037844387,-0.4999999999999998,0.9483615800121715,-0.3171912885891061,36947.0,44844.0,30338.0,35498.0,21735.0,25731.0,41566.0,31524.285714285714,7658.1168206089005,29658.0,6707.990527950775,29231.5,5847.850207702371,27671.566666666666,4885.118937076014,658,0.9215686274509803,0,0,0,0,28616.5,35707.0
2014-04-21,33607,8,77,16.62,,77.0,1,0,4,2,111,0,0,0,0,0,0,0.0,73.0,61.0,96.28571428571428,57.80056022137377,94.66666666666669,0,21,17,111,2014,0.0,1.0,0.8660254037844387,-0.4999999999999998,0.9427611433904207,-0.3334687789181868,21268.0,36947.0,44844.0,26955.0,18379.0,28380.0,33951.0,32474.571428571428,7405.162002664906,30745.714285714286,5927.626499037197,29405.733333333334,5899.247292332512,27810.95,4933.7465752351145,659,0.9229691876750701,0,0,0,0,22667.0,28663.5
2014-04-22,23092,8,77,8.61,,77.0,2,0,4,2,112,0,0,0,0,0,0,77.0,88.0,67.0,96.85714285714286,57.551219423594766,92.36666666666666,1,22,17,112,2014,0.7818314824680298,0.6234898018587336,0.8660254037844387,-0.4999999999999998,0.9368813462954315,-0.3496474552512284,33607.0,21268.0,36947.0,32791.0,27845.0,29144.0,34896.0,31089.0,8200.735820644248,30406.214285714286,6234.7005501908125,29204.0,6010.927617896154,27854.7,4878.853547952945,660,0.9243697478991597,0,0,0,0,30318.0,28449.5
2014-04-23,32375,10,73,9.2,,73.0,3,0,4,2,113,0,0,0,0,0,0,77.0,82.0,67.0,95.28571428571428,57.981934789248406,91.4,2,23,17,113,2014,0.9749279121818236,-0.22252093395631434,0.8660254037844387,-0.4999999999999998,0.9307239310379795,-0.36572252349726897,23092.0,33607.0,21268.0,27527.0,27358.0,28113.0,42248.0,31781.571428571428,8053.164737276398,30764.571428571428,6190.041701292193,29346.066666666666,6034.572081125502,27931.516666666666,4913.59356393893,661,0.9257703081232493,0,0,0,0,27442.5,26975.0
2014-04-24,28846,17,96,10.56,,96.0,4,0,4,2,114,0,0,0,0,0,0,73.0,100.0,69.0,94.0,58.42373946721679,91.86666666666666,3,24,17,114,2014,0.43388373911755823,-0.900968867902419,0.8660254037844387,-0.4999999999999998,0.9242907221930933,-0.3816892202666588,32375.0,23092.0,33607.0,30338.0,24175.0,22878.0,33263.0,31568.428571428572,8117.229060402654,31098.214285714286,5927.874378127215,29545.0,5911.102038566526,28046.233333333334,4851.846048693851,662,0.927170868347339,0,0,0,0,27256.5,28063.0
2014-04-25,31664,19,104,7.4,,104.0,5,0,4,2,115,0,0,0,0,0,0,96.0,152.0,100.0,93.42857142857144,58.37481518273903,92.66666666666669,4,25,17,115,2014,-0.433883739117558,-0.9009688679024191,0.8660254037844387,-0.4999999999999998,0.9175836260593937,-0.39754281428255595,28846.0,32375.0,23092.0,44844.0,28800.0,27539.0,38729.0,29685.571428571428,5690.470480172255,31302.785714285714,5891.770416679274,29682.5,5910.807254221054,28162.4,4853.664141656295,663,0.9285714285714286,0,0,0,0,36822.0,36764.0
2014-04-26,39987,20,160,8.44,,160.0,6,1,4,2,116,0,0,0,0,0,0,104.0,179.0,155.0,86.57142857142857,52.91142643719722,93.66666666666669,5,26,17,116,2014,-0.9749279121818236,-0.2225209339563146,0.8660254037844387,-0.4999999999999998,0.9106046300942162,-0.4132786077829042,31664.0,28846.0,32375.0,36947.0,32487.0,24128.0,36689.0,30119.85714285714,6407.802312508406,31838.5,6332.236325707936,30211.133333333335,6102.962207465129,28497.95,4964.213128030324,664,0.9299719887955182,0,0,0,0,34717.0,36387.0
2014-04-27,33046,13,104,8.76,,104.0,7,1,4,2,117,0,0,0,0,0,0,160.0,0.0,111.0,83.85714285714286,47.60052020523943,96.2,6,27,17,117,2014,-0.7818314824680299,0.6234898018587334,0.8660254037844387,-0.4999999999999998,0.9033558023246845,-0.4288919379124835,39987.0,31664.0,28846.0,21268.0,35498.0,31896.0,44195.0,31802.428571428572,5111.248929473635,31663.35714285714,6256.691711306342,30249.466666666667,6117.504261984851,28672.55,4936.334268909158,665,0.9313725490196079,0,0,0,0,28383.0,21501.5
2014-04-28,28579,8,64,7.26,,64.0,1,0,4,2,118,0,0,0,0,0,0,104.0,77.0,73.0,98.71428571428572,30.065008929063342,96.1,0,28,18,118,2014,0.0,1.0,0.8660254037844387,-0.4999999999999998,0.895839290734909,-0.4443781781046132,33046.0,39987.0,31664.0,33607.0,26955.0,40802.0,31213.0,31084.14285714286,5168.359940657014,31779.35714285714,6177.2332194318615,29842.033333333333,5788.652201436525,28755.383333333335,4891.420881543073,666,0.9327731092436975,0,0,0,0,30281.0,25993.0
2014-04-29,20979,8,50,8.53,,50.0,2,0,4,2,119,0,0,0,0,0,0,64.0,77.0,88.0,96.85714285714286,31.970968974098238,93.1,1,29,18,119,2014,0.7818314824680298,0.6234898018587336,0.8660254037844387,-0.4999999999999998,0.8880573226294932,-0.45973273945210397,28579.0,33046.0,39987.0,23092.0,32791.0,35916.0,29065.0,30782.285714285714,5742.725941405606,30935.64285714286,6803.364966150014,29344.133333333335,5889.703146511165,28633.166666666668,4993.23819107085,667,0.9341736694677871,0,0,0,0,27941.5,25468.5
2014-04-30,27203,12,68,7.17,,68.0,3,0,4,2,120,0,0,0,0,0,0,50.0,73.0,82.0,93.0,36.124783736375385,91.2,2,30,18,120,2014,0.9749279121818236,-0.22252093395631434,0.8660254037844387,-0.4999999999999998,0.8800122039735357,-0.47495107206704995,20979.0,28579.0,33046.0,32375.0,27527.0,30372.0,40183.0,30043.428571428572,5835.617443970993,30912.5,6816.390605343521,29238.5,5899.043410178716,28617.366666666665,4996.288697086358,668,0.9355742296918768,0,0,0,0,29951.0,29866.5
2014-05-01,32355,13,68,9.09,,68.0,4,0,5,2,121,0,0,0,0,0,0,68.0,96.0,100.0,92.28571428571428,36.63201826141514,90.86666666666666,3,1,18,121,2014,0.43388373911755823,-0.900968867902419,0.49999999999999994,-0.8660254037844387,0.8717063187093218,-0.4900286664290592,27203.0,20979.0,28579.0,28846.0,30338.0,24108.0,44644.0,30544.714285714286,5866.246690865709,31056.571428571428,6824.624618747405,29513.4,5843.611670168087,28727.516666666666,5004.757599208606,669,0.9369747899159664,0,0,0,0,29592.0,26510.5
2014-05-02,27610,15,95,8.66,,95.0,5,0,5,2,122,0,0,0,0,0,0,68.0,104.0,152.0,88.28571428571429,37.67277657988567,91.1,4,2,18,122,2014,-0.433883739117558,-0.9009688679024191,0.49999999999999994,-0.8660254037844387,0.8631421280499114,-0.5049610547215204,32355.0,27203.0,20979.0,31664.0,44844.0,26423.0,32779.0,29965.571428571428,5937.016699126917,29825.571428571428,5588.808387018967,29552.966666666667,5825.957127127435,28787.183333333334,4969.017385698973,670,0.938375350140056,0,0,0,0,38254.0,30232.0
2014-05-03,35397,12,139,9.12,,139.0,6,1,5,2,123,0,0,0,0,0,0,95.0,160.0,179.0,87.0,37.19767017793658,91.9,5,3,18,123,2014,-0.9749279121818236,-0.2225209339563146,0.49999999999999994,-0.8660254037844387,0.854322169749827,-0.5197438121555155,27610.0,32355.0,27203.0,39987.0,36947.0,25788.0,36015.0,29309.85714285714,4788.0173498907325,29714.85714285714,5450.5228663389635,29873.266666666666,5875.758222141036,28991.516666666666,4984.785106605867,671,0.9397759103641457,0,0,0,0,38467.0,36237.0
2014-05-04,28691,13,99,11.02,,99.0,7,1,5,2,124,0,0,0,0,0,0,139.0,104.0,0.0,84.0,30.58866892603452,94.3,6,4,18,124,2014,-0.7818314824680299,0.6234898018587334,0.49999999999999994,-0.8660254037844387,0.8452490573530633,-0.5343725582809786,35397.0,27610.0,32355.0,33046.0,21268.0,28684.0,38127.0,28687.714285714286,4495.654372623934,30245.071428571428,4898.741603942592,29873.5,5875.70950521345,29014.483333333334,4980.09276849021,672,0.9411764705882353,0,0,0,0,27157.0,34272.0
2014-05-05,24988,7,53,9.55,,53.0,1,0,5,2,125,0,0,0,0,0,0,99.0,64.0,77.0,83.28571428571429,30.098251808114107,94.73333333333332,0,5,19,125,2014,0.0,1.0,0.49999999999999994,-0.8660254037844387,0.8359254794186372,-0.548842958284719,28691.0,35397.0,27610.0,28579.0,33607.0,35827.0,42165.0,28174.714285714286,4709.906818408688,29629.428571428572,4984.57398402293,29512.2,5830.072811989912,29020.716666666667,4974.722712966429,673,0.9425770308123249,0,0,0,0,31093.0,27767.0
2014-05-06,24333,7,52,10.99,,52.0,2,0,5,2,126,0,0,0,0,0,0,53.0,50.0,77.0,81.71428571428571,31.5262551202112,91.6,1,6,19,126,2014,0.7818314824680298,0.6234898018587336,0.49999999999999994,-0.8660254037844387,0.8263541987239096,-0.5631507242749186,24988.0,28691.0,35397.0,20979.0,23092.0,21735.0,35486.0,28653.85714285714,3968.054789127951,29718.071428571428,4869.069480906029,29598.8,5728.9856079896235,28985.45,5000.695603901669,674,0.9439775910364145,0,0,0,0,22035.5,26885.0
2014-05-07,31478,8,56,10.43,,56.0,3,0,5,2,127,0,0,0,0,0,0,52.0,68.0,73.0,82.0,31.19829055145833,89.43333333333334,2,7,19,127,2014,0.9749279121818236,-0.22252093395631434,0.49999999999999994,-0.8660254037844387,0.8165380514459161,-0.5772916165517272,24333.0,24988.0,28691.0,27203.0,32375.0,18379.0,32888.0,29264.571428571428,4035.9374316729036,29654.0,4837.215473644103,30035.433333333334,5329.634222315699,29014.466666666667,5010.172524742409,675,0.9453781512605042,0,0,0,0,29789.0,27365.0
2014-05-08,26659,12,70,7.22,,70.0,4,0,5,2,128,0,0,0,0,0,0,56.0,68.0,96.0,80.28571428571429,32.402233902998745,89.26666666666667,3,8,19,128,2014,0.43388373911755823,-0.900968867902419,0.49999999999999994,-0.8660254037844387,0.8064799463209448,-0.5912614448635781,31478.0,24333.0,24988.0,32355.0,28846.0,27845.0,31840.0,28450.85714285714,3880.2079595714004,29497.785714285714,4900.219903677392,29995.9,5350.79898867841,28974.666666666668,5019.386175810845,676,0.9467787114845938,0,0,0,0,30600.5,31346.5
2014-05-09,30153,17,93,14.27,,93.0,5,0,5,2,129,0,0,0,0,0,0,70.0,95.0,104.0,80.57142857142857,32.2844500384565,89.36666666666666,4,9,19,129,2014,-0.433883739117558,-0.9009688679024191,0.49999999999999994,-0.8660254037844387,0.7961828637826158,-0.6050560696488488,26659.0,31478.0,24333.0,27610.0,31664.0,27358.0,40765.0,28814.14285714286,3907.3114554027147,29389.85714285714,4865.354423917148,30089.066666666666,5327.567238905388,28996.433333333334,5021.654398082909,677,0.9481792717086834,0,0,0,0,29637.0,36227.0
2014-05-10,31718,16,142,13.37,,142.0,6,1,5,2,130,0,0,0,0,0,0,93.0,139.0,160.0,80.28571428571429,32.144021142943124,90.23333333333332,5,10,19,130,2014,-0.9749279121818236,-0.2225209339563146,0.49999999999999994,-0.8660254037844387,0.7856498550787147,-0.6186714032625031,30153.0,26659.0,31478.0,35397.0,39987.0,24175.0,38978.0,28288.571428571428,3021.238645386752,28799.214285714286,3882.5897815876183,30340.5,5215.649149600138,29060.083333333332,5031.701613622492,678,0.9495798319327731,0,0,0,0,37692.0,36172.0
2014-05-11,29969,12,117,11.88,,117.0,7,1,5,2,131,0,0,0,0,0,0,142.0,99.0,104.0,80.71428571428571,33.06415121000349,92.66666666666669,6,11,19,131,2014,-0.7818314824680299,0.6234898018587334,0.49999999999999994,-0.8660254037844387,0.7748840413670407,-0.6321034111873487,31718.0,30153.0,26659.0,28691.0,33046.0,28800.0,43649.0,28471.14285714286,3087.4979853469135,28579.428571428572,3706.807390864513,30379.466666666667,5208.104445251092,29178.233333333334,4966.93879863429,679,0.9509803921568627,0,0,0,0,30868.5,24979.5
2014-05-12,29371,13,59,11.21,,59.0,1,0,5,2,132,0,0,0,0,0,0,117.0,53.0,64.0,83.28571428571429,35.344562456451165,93.23333333333332,0,12,20,132,2014,0.0,1.0,0.49999999999999994,-0.8660254037844387,0.7638886127905428,-0.6453481132295501,29969.0,31718.0,30153.0,24988.0,28579.0,32487.0,33668.0,29097.285714285714,2681.0737099327835,28636.0,3712.8389925522106,30275.6,5195.680783112114,29257.283333333333,4930.905617277346,680,0.9523809523809523,0,0,0,0,26783.5,29297.5
2014-05-13,26777,7,62,8.45,,62.0,2,0,5,2,133,0,0,0,0,0,0,59.0,52.0,50.0,84.14285714285714,34.55154879031339,90.03333333333333,1,13,20,133,2014,0.7818314824680298,0.6234898018587336,0.49999999999999994,-0.8660254037844387,0.7526668275320085,-0.6584015846980488,29371.0,29969.0,31718.0,24333.0,20979.0,35498.0,34384.0,29446.428571428572,2039.6461994780263,29050.14285714286,3058.811806948945,29984.9,5137.050712630588,29229.733333333334,4940.215204489252,681,0.9537815126050421,0,0,0,0,22656.0,23712.5
2014-05-14,22342,10,64,12.66,,64.0,3,0,5,2,134,0,0,0,0,0,0,62.0,56.0,68.0,85.57142857142857,33.18060248024838,88.4,2,14,20,134,2014,0.9749279121818236,-0.22252093395631434,0.49999999999999994,-0.8660254037844387,0.7412220108485958,-0.6712599575675313,26777.0,29371.0,29969.0,31478.0,27203.0,26955.0,33098.0,28141.285714285714,3145.9703703986097,28702.928571428572,3524.9846800385103,29831.133333333335,5297.408968044015,29072.316666666666,5007.371357805597,682,0.9551820728291317,0,0,0,0,29340.5,31926.5
2014-05-15,22544,14,82,10.46,,82.0,4,0,5,2,135,0,0,0,0,0,0,64.0,70.0,68.0,86.71428571428571,32.112896089234624,88.1,3,15,20,135,2014,0.43388373911755823,-0.900968867902419,0.49999999999999994,-0.8660254037844387,0.7295575540864875,-0.6839194216246106,22342.0,26777.0,29371.0,26659.0,32355.0,32791.0,39686.0,27553.428571428572,3788.055387536585,28002.14285714286,3713.2930410610106,29489.566666666666,5428.707788601584,28967.483333333334,5077.793176379923,683,0.9565826330532213,0,0,0,0,29507.0,27752.5
2014-05-16,29088,14,96,10.81,,96.0,5,0,5,2,136,0,0,0,0,0,0,82.0,93.0,95.0,88.42857142857143,31.38395100927013,87.9,4,16,20,136,2014,-0.433883739117558,-0.9009688679024191,0.49999999999999994,-0.8660254037844387,0.717676913675962,-0.6963762255968722,22544.0,22342.0,26777.0,30153.0,27610.0,27527.0,38757.0,27401.285714285714,3686.2647632473736,28107.714285714286,3722.2859276892495,29541.6,5416.715963984384,29029.2,5055.9695035016875,684,0.957983193277311,0,0,0,0,28881.5,30908.5
2014-05-17,34437,12,138,10.65,,138.0,6,1,5,2,137,0,0,0,0,0,0,96.0,142.0,139.0,88.85714285714286,31.477126994206618,88.36666666666666,5,17,20,137,2014,-0.9749279121818236,-0.2225209339563146,0.49999999999999994,-0.8660254037844387,0.705583610107178,-0.7086266782644596,29088.0,22544.0,22342.0,31718.0,35397.0,30338.0,36661.0,27789.714285714286,4307.791457126562,28039.14285714286,3583.946103156489,29678.233333333334,5488.716235076825,29135.4,5102.0845563690045,685,0.9593837535014006,0,0,0,0,33557.5,35852.5
2014-05-18,32105,15,109,10.06,,109.0,7,1,5,2,138,0,0,0,0,0,0,138.0,117.0,99.0,88.28571428571429,30.36837327283076,89.63333333333334,6,18,20,138,2014,-0.7818314824680299,0.6234898018587334,0.49999999999999994,-0.8660254037844387,0.6932812268869777,-0.7206671495538609,34437.0,29088.0,22544.0,29969.0,28691.0,44844.0,41292.0,28094.85714285714,4556.369586581096,28283.0,3744.2720767348387,29253.6,4712.907753145152,29237.766666666666,5098.970332636527,686,0.9607843137254902,0,0,0,0,29330.0,31507.5
2014-05-19,26032,7,72,10.31,,72.0,1,0,5,2,139,0,0,0,0,0,0,109.0,59.0,53.0,87.14285714285714,29.237125778869054,88.2,0,19,21,139,2014,0.0,1.0,0.49999999999999994,-0.8660254037844387,0.6807734094770161,-0.7324940716135789,32105.0,34437.0,29088.0,29371.0,24988.0,36947.0,32096.0,27617.85714285714,4575.244234958516,28357.571428571428,3683.503531115055,28889.766666666666,4515.691215149152,29135.016666666666,5100.443372192065,687,0.9621848739495799,0,0,0,0,27179.5,28975.0
2014-05-20,28459,7,71,7.9,,71.0,2,0,5,2,140,0,0,0,0,0,0,72.0,62.0,52.0,89.0,27.51363298439316,84.63333333333334,1,20,21,140,2014,0.7818314824680298,0.6234898018587336,0.49999999999999994,-0.8660254037844387,0.6680638642135335,-0.7441039398713607,26032.0,32105.0,34437.0,26777.0,24333.0,21268.0,40887.0,27858.14285714286,4567.885704515948,28652.285714285714,3497.072389400028,29129.466666666667,4281.971417815516,29180.483333333334,5081.709423091267,688,0.9635854341736695,0,0,0,0,25555.0,23878.0
2014-05-21,32291,9,80,9.22,,80.0,3,0,5,2,141,0,0,0,0,0,0,71.0,64.0,56.0,90.28571428571428,26.22158325828776,87.0,2,21,21,141,2014,0.9749279121818236,-0.22252093395631434,0.49999999999999994,-0.8660254037844387,0.6551563572090853,-0.7554933140726803,28459.0,26032.0,32105.0,22342.0,31478.0,33607.0,31861.0,29279.428571428572,4088.102610304498,28710.35714285714,3553.8935010048094,29085.6,4241.065079304616,29245.666666666668,5096.3298148688355,689,0.9649859943977591,0,0,0,0,26910.0,24772.5
2014-05-22,28053,16,82,9.26,,82.0,4,0,5,2,142,0,0,0,0,0,0,80.0,82.0,70.0,92.57142857142856,24.165106681996487,87.1,3,22,21,142,2014,0.43388373911755823,-0.900968867902419,0.49999999999999994,-0.8660254037844387,0.6420547132365637,-0.766658819300159,32291.0,28459.0,26032.0,22544.0,26659.0,23092.0,32028.0,30066.428571428572,2946.128638124705,28809.928571428572,3511.271048939622,29250.966666666667,4093.455647345177,29227.483333333334,5098.644480848857,690,0.9663865546218487,0,0,0,0,24601.5,27449.5
2014-05-23,30731,13,106,8.31,,106.0,5,0,5,2,143,0,1,0,0,0,1,82.0,96.0,93.0,92.57142857142856,24.165106681996487,87.26666666666667,4,23,21,143,2014,-0.433883739117558,-0.9009688679024191,0.49999999999999994,-0.8660254037844387,0.6287628145958344,-0.7775971469736269,28053.0,32291.0,28459.0,29088.0,30153.0,32375.0,43032.0,30301.14285714286,2920.5233793827797,28851.214285714286,3531.616848687684,29196.166666666668,4061.0675433873957,29271.116666666665,5100.147246434248,691,0.9677871148459384,0,0,0,0,29620.5,28349.0
2014-05-24,58328,50,574,9.74,,574.0,6,1,5,2,144,0,1,0,0,1,1,106.0,138.0,142.0,94.0,24.691429012241443,88.36666666666666,5,24,21,144,2014,-0.9749279121818236,-0.2225209339563146,0.49999999999999994,-0.8660254037844387,0.6152845999633276,-0.7883050558305255,30731.0,28053.0,32291.0,34437.0,31718.0,28846.0,38893.0,33714.142857142855,11090.808242693063,30751.928571428572,8647.9190779702,30178.9,6689.78627229346,29861.95,6266.894590705753,692,0.969187675070028,0,0,0,0,33077.5,34917.0
2014-05-25,49652,45,467,10.08,,467.0,7,1,5,2,145,0,1,0,0,1,1,574.0,109.0,117.0,156.28571428571428,184.82668844597285,104.3,6,25,21,145,2014,-0.7818314824680299,0.6234898018587334,0.49999999999999994,-0.8660254037844387,0.6016240632249226,-0.7987793728863649,58328.0,30731.0,28053.0,32105.0,29969.0,31664.0,94310.0,36220.857142857145,12553.066018952846,32157.85714285714,10004.427434177027,30778.5,7575.037196904268,30230.5,6758.879077911557,693,0.9705882352941176,0,0,0,0,31037.0,30398.0
2014-05-26,60625,29,441,12.26,,441.0,1,0,5,2,146,0,1,0,0,1,1,467.0,72.0,59.0,207.42857142857144,216.39613146793016,116.4,0,26,22,146,2014,0.0,1.0,0.49999999999999994,-0.8660254037844387,0.5877852522924732,-0.8090169943749473,49652.0,58328.0,30731.0,26032.0,29371.0,39987.0,61910.0,41162.71428571428,14527.402345387169,34390.28571428572,12508.430126110117,31466.433333333334,9202.462169341497,30838.783333333333,7767.43412925143,694,0.9719887955182073,0,0,0,0,27701.5,25510.0
2014-05-27,25394,14,57,12.0,,57.0,2,0,5,2,147,0,0,0,0,0,1,441.0,71.0,62.0,260.1428571428572,222.75803657139488,125.76666666666668,1,27,22,147,2014,0.7818314824680298,0.6234898018587336,0.49999999999999994,-0.8660254037844387,0.5737722679043246,-0.8190148866680801,60625.0,49652.0,58328.0,28459.0,26777.0,33046.0,68710.0,40724.857142857145,15012.20878072874,34291.5,12578.446557810359,31211.366666666665,9263.018117979878,30730.416666666668,7797.731419972262,695,0.9733893557422969,0,0,0,0,27618.0,26396.0
2014-05-28,29732,8,75,11.22,,75.0,3,0,5,2,148,0,0,0,0,0,0,57.0,80.0,64.0,258.1428571428572,224.79281466232317,124.2,2,28,22,148,2014,0.9749279121818236,-0.22252093395631434,0.49999999999999994,-0.8660254037844387,0.5595892624101765,-0.8287700871745038,25394.0,60625.0,49652.0,32291.0,22342.0,28579.0,33565.0,40359.28571428572,15280.575575048228,34819.357142857145,12187.391836882618,31249.8,9254.107182852631,30545.916666666668,7685.546563256822,696,0.9747899159663865,0,0,0,0,27316.5,31884.5
2014-05-29,24520,12,63,11.69,,63.0,4,0,5,2,149,0,0,0,0,0,0,75.0,82.0,82.0,257.42857142857144,225.4601643623231,124.56666666666666,3,29,22,149,2014,0.43388373911755823,-0.900968867902419,0.49999999999999994,-0.8660254037844387,0.545240438540651,-0.8382797052177744,29732.0,25394.0,60625.0,28053.0,22544.0,20979.0,28092.0,39854.57142857143,15804.171852785563,34960.5,12044.903880894972,31367.833333333332,9140.473488389676,30355.983333333334,7691.398815916405,697,0.9761904761904762,0,0,0,0,25298.5,27356.0
2014-05-30,25364,16,80,13.76,,80.0,5,0,5,2,150,0,0,0,0,0,0,63.0,106.0,96.0,254.7142857142857,228.02391269756075,125.0,4,30,22,150,2014,-0.433883739117558,-0.9009688679024191,0.49999999999999994,-0.8660254037844387,0.5307300481619334,-0.8475409228928311,24520.0,29732.0,25394.0,30731.0,29088.0,27203.0,38618.0,39087.857142857145,16438.03129360454,34694.5,12224.352100182226,31306.533333333333,9175.46740229484,30272.516666666666,7718.348125044541,698,0.9775910364145658,0,0,0,0,29909.5,30442.0
2014-05-31,27963,16,128,8.66,,128.0,6,1,5,2,151,0,0,0,0,0,0,80.0,574.0,138.0,251.0,231.04184325211173,125.4,5,31,22,151,2014,-0.9749279121818236,-0.2225209339563146,0.49999999999999994,-0.8660254037844387,0.5160623910158528,-0.8565509959010036,25364.0,24520.0,29732.0,58328.0,34437.0,32355.0,33682.0,34750.0,14393.94290433762,34232.07142857143,12356.57787741648,31160.133333333335,9193.183013115979,30336.766666666666,7682.123080853273,699,0.9789915966386554,0,0,0,0,46382.5,45023.0
2014-06-01,28911,12,95,11.66,,95.0,7,1,6,2,152,0,0,0,0,0,0,128.0,467.0,109.0,187.28571428571428,183.78675531324728,127.4,6,1,22,152,2014,-0.7818314824680299,0.6234898018587334,1.2246467991473532e-16,-1.0,0.5012418134457758,-0.865307254363206,27963.0,25364.0,24520.0,49652.0,32105.0,27610.0,45300.0,31787.0,12869.099217375873,34003.92857142857,12428.150115853801,31203.5,9178.916128449151,30378.233333333334,7667.339890436596,700,0.9803921568627451,0,0,0,0,40878.5,39810.5
2014-06-02,30687,15,61,8.22,,61.0,1,0,6,2,153,0,0,0,0,0,0,95.0,441.0,72.0,134.14285714285714,137.33951673550771,127.4,0,2,23,153,2014,0.0,1.0,1.2246467991473532e-16,-1.0,0.48627270710868997,-0.8738071036110808,28911.0,27963.0,25364.0,60625.0,26032.0,35397.0,38835.0,27510.14285714286,2422.8597035021157,34336.42857142857,12259.591163432182,31046.5,9144.933395621061,30459.883333333335,7643.678068174186,701,0.9817927170868347,0,0,0,0,43328.5,44998.0
2014-06-03,25898,9,73,9.69,,73.0,2,0,6,2,154,0,0,0,0,0,0,61.0,57.0,71.0,79.85714285714286,24.942791687033704,124.8,1,3,23,154,2014,0.7818314824680298,0.6234898018587336,1.2246467991473532e-16,-1.0,0.4711595076738638,-0.8820480249558537,30687.0,28911.0,27963.0,25394.0,28459.0,28691.0,31469.0,27582.14285714286,2356.0613622854494,34153.5,12372.621485484631,30953.4,9183.874625931481,30413.45,7663.0864083959295,702,0.9831932773109243,0,0,0,0,26926.5,26085.5
2014-06-04,19439,11,71,11.74,,71.0,3,0,6,2,155,0,0,0,0,0,0,73.0,75.0,80.0,82.14285714285714,23.169150260840947,123.93333333333334,2,4,23,155,2014,0.9749279121818236,-0.22252093395631434,1.2246467991473532e-16,-1.0,0.4559066935084588,-0.8900275764346767,25898.0,30687.0,28911.0,29732.0,32291.0,24988.0,34434.0,26111.714285714286,3648.285428996154,33235.5,12983.161815627522,30768.433333333334,9362.30901258482,30140.316666666666,7758.326991792882,703,0.9845938375350141,0,0,0,0,31011.5,26037.0
2014-06-05,26316,14,69,10.58,,69.0,4,0,6,2,156,0,0,0,0,0,0,71.0,63.0,82.0,81.57142857142857,23.422618291278827,124.53333333333332,3,5,23,156,2014,0.43388373911755823,-0.900968867902419,1.2246467991473532e-16,-1.0,0.440518784350495,-0.8977433935342337,19439.0,25898.0,30687.0,24520.0,28053.0,24333.0,35777.0,26368.285714285714,3580.207057060482,33111.42857142857,13044.651251134912,30834.533333333333,9322.221052995903,30216.666666666668,7696.50252435122,704,0.9859943977591037,0,0,0,0,26286.5,23532.0
2014-06-06,29047,17,77,12.31,,77.0,5,0,6,2,157,0,0,0,0,0,0,69.0,80.0,106.0,82.42857142857143,22.729255324778023,125.1,4,6,23,157,2014,-0.433883739117558,-0.9009688679024191,1.2246467991473532e-16,-1.0,0.42500033996955416,-0.9051931898913974,26316.0,19439.0,25898.0,25364.0,30731.0,31478.0,34554.0,26894.428571428572,3677.3276464091123,32991.142857142855,13076.016270886286,30753.5,9326.999350236434,30394.466666666667,7540.033170962121,705,0.9873949579831933,0,0,0,0,28047.5,27226.0
2014-06-07,23995,16,118,12.42,,118.0,6,1,6,2,158,0,0,0,0,0,0,77.0,128.0,574.0,82.0,22.810816147898688,125.8,5,7,23,158,2014,-0.9749279121818236,-0.2225209339563146,1.2246467991473532e-16,-1.0,0.4093559588156213,-0.9123747579707273,29047.0,26316.0,19439.0,27963.0,58328.0,26659.0,33878.0,26327.571428571428,3789.2827754573887,30538.785714285714,11015.88398058125,30664.7,9379.858131233621,30330.3,7578.381680248461,706,0.988795518207283,0,0,0,0,43145.5,31200.0
2014-06-08,26657,14,97,9.95,,97.0,7,1,6,2,159,0,0,0,0,0,0,118.0,95.0,467.0,80.57142857142857,19.526538717489476,127.4,6,8,23,159,2014,-0.7818314824680299,0.6234898018587334,1.2246467991473532e-16,-1.0,0.39359027665646673,-0.9192859697186104,23995.0,29047.0,26316.0,28911.0,49652.0,30153.0,41265.0,26005.571428571428,3625.387696837128,28896.285714285714,9565.68430483575,30548.166666666668,9408.108828552397,30318.616666666665,7583.580210999731,707,0.9901960784313726,0,0,0,0,39281.5,30508.0
2014-06-09,25653,7,61,13.05,,61.0,1,0,6,2,160,0,0,0,0,0,0,97.0,61.0,441.0,80.85714285714286,19.78575726314492,127.53333333333332,0,9,24,160,2014,0.0,1.0,1.2246467991473532e-16,-1.0,0.3777079652039649,-0.9259247771938498,26657.0,23995.0,29047.0,30687.0,60625.0,31718.0,41927.0,25286.428571428572,2984.654745925889,26398.285714285714,2855.1929324163543,30346.0,9447.186857326466,30343.25,7565.665289677028,708,0.9915966386554622,0,0,0,0,45656.0,28359.5
2014-06-10,25444,9,65,12.81,,65.0,2,0,6,2,161,0,0,0,0,0,0,61.0,73.0,57.0,80.85714285714286,19.78575726314492,124.83333333333331,1,10,24,161,2014,0.7818314824680298,0.6234898018587336,1.2246467991473532e-16,-1.0,0.36171373072976765,-0.9322892131745133,25653.0,26657.0,23995.0,25898.0,25394.0,29969.0,35276.0,25221.571428571428,2974.0642145686643,26401.85714285714,2853.8710514008153,30195.166666666668,9489.44204632576,30287.316666666666,7589.635554305306,709,0.9929971988795518,0,0,0,0,25646.0,27178.5
2014-06-11,21892,10,71,11.34,,71.0,3,0,6,2,162,0,0,0,0,0,0,65.0,71.0,75.0,79.71428571428571,20.532204669039537,123.1,2,11,24,162,2014,0.9749279121818236,-0.22252093395631434,1.2246467991473532e-16,-1.0,0.3456123126707335,-0.9383773917408641,25444.0,25653.0,26657.0,19439.0,29732.0,29371.0,32774.0,25572.0,2230.7943278864473,25841.85714285714,2918.615315974198,29945.866666666665,9609.32487396143,30110.733333333334,7660.512150128081,710,0.9943977591036415,0,0,0,0,24585.5,25865.0
2014-06-12,29002,14,65,11.5,,65.0,4,0,6,2,163,0,0,0,0,0,0,71.0,69.0,63.0,79.71428571428571,20.532204669039537,123.5,3,12,24,163,2014,0.43388373911755823,-0.900968867902419,1.2246467991473532e-16,-1.0,0.3294084822245304,-0.9441875088341993,21892.0,25444.0,25653.0,26316.0,24520.0,26777.0,33198.0,25955.714285714286,2583.259163297202,26162.0,3006.946010106268,30020.033333333333,9592.595490284702,30002.466666666667,7628.922092078652,711,0.9957983193277311,0,0,0,0,25418.0,27184.5
2014-06-13,29613,15,89,13.38,,89.0,5,0,6,2,164,0,0,0,0,0,0,65.0,77.0,80.0,79.14285714285714,20.93186224736722,123.6,4,13,24,164,2014,-0.433883739117558,-0.9009688679024191,1.2246467991473532e-16,-1.0,0.3131070409358269,-0.9497178427914316,29002.0,21892.0,25444.0,29047.0,25364.0,22342.0,34802.0,26036.571428571428,2702.2612048143465,26465.5,3132.0359745947108,30262.4,9483.142922921295,30046.766666666666,7618.636346167293,712,0.9971988795518207,0,0,0,0,27205.5,29889.0
2014-06-14,26359,14,125,11.96,,125.0,6,1,6,2,165,0,0,0,0,0,0,89.0,118.0,128.0,80.85714285714286,21.21657034354889,124.43333333333334,5,14,24,165,2014,-0.9749279121818236,-0.2225209339563146,1.2246467991473532e-16,-1.0,0.29671281927349075,-0.9549667548552551,29613.0,29002.0,21892.0,23995.0,27963.0,22544.0,39639.0,26374.285714285714,2547.9038256494314,26350.928571428572,3102.238706886871,30389.566666666666,9401.297935642353,29939.566666666666,7624.617648355614,713,0.9985994397759104,0,0,0,0,25979.0,41161.5
