Date,Sales,Num_Employees,Num_Customers,Pct_On_Sale,TouristEvent,Num_Customers_Clean,Day_of_Week,Is_Weekend,Month,Quarter,Day_of_Year,Is_Black_Friday,Is_Memorial_Day,Is_Holiday,Holiday_Nearby,Is_Tourist_Event,Event_Nearby,Lag_Customers_1,Lag_Customers_7,Lag_Customers_14,Rolling_Mean_7,Rolling_Std_7,Rolling_Mean_30,DayOfWeek,DayOfMonth,WeekOfYear,DayOfYear,Year,DoW_sin,DoW_cos,Month_sin,Month_cos,DayOfYear_sin,DayOfYear_cos,lag_1,lag_2,lag_3,lag_7,lag_14,lag_30,lag_365,rolling_mean_7,rolling_std_7,rolling_mean_14,rolling_std_14,rolling_mean_30,rolling_std_30,rolling_mean_60,rolling_std_60,Days_Since_Start,Trend,is_black_friday,is_christmas,is_new_year,is_holiday,lag_7_14_avg,lag_7_21_avg
2012-07-01,74455,35,319,9.76,,319.0,7,1,7,3,183,0,0,0,0,0,0,208.65172510518934,209.6699858557284,210.79954285714285,208.70453829056376,102.37055885047722,208.33042884990257,6,1,26,183,2012,-0.7818314824680299,0.6234898018587334,-0.4999999999999997,-0.8660254037844388,-0.008606996888688009,-0.9999629591162655,,,,,,,,74455.0,,74455.0,,74455.0,,74455.0,,0,0.0,0,0,0,0,,
2012-07-02,74705,22,285,8.47,,285.0,1,0,7,3,184,0,0,0,0,0,0,319.0,209.6699858557284,210.79954285714285,208.70453829056376,102.37055885047722,208.33042884990257,0,2,27,184,2012,0.0,1.0,-0.4999999999999997,-0.8660254037844388,-0.02581844022713239,-0.9996666485105112,74455.0,,,,,,,74580.0,176.7766952966369,74580.0,176.7766952966369,74580.0,176.7766952966369,74580.0,176.7766952966369,1,0.0014005602240896359,0,0,0,0,,
2012-07-03,66793,26,346,8.77,,346.0,2,0,7,3,185,0,0,0,0,0,0,285.0,209.6699858557284,210.79954285714285,208.70453829056376,102.37055885047722,208.33042884990257,1,3,27,185,2012,0.7818314824680298,0.6234898018587336,-0.4999999999999997,-0.8660254037844388,-0.04302223300453034,-0.99907411510223,74705.0,74455.0,,,,,,71984.33333333333,4497.563933212436,71984.33333333333,4497.563933212436,71984.33333333333,4497.563933212436,71984.33333333333,4497.563933212436,2,0.0028011204481792717,0,0,0,0,,
2012-07-04,78958,30,341,9.88,,341.0,3,0,7,3,186,0,0,0,0,0,0,346.0,209.6699858557284,210.79954285714285,208.70453829056376,102.37055885047722,208.33042884990257,2,4,27,186,2012,0.9749279121818236,-0.22252093395631434,-0.4999999999999997,-0.8660254037844388,-0.060213277365792774,-0.9981855344718586,66793.0,74705.0,74455.0,,,,,73727.75,5063.930711413812,73727.75,5063.930711413812,73727.75,5063.930711413812,73727.75,5063.930711413812,3,0.004201680672268907,0,0,0,0,,
2012-07-05,67374,29,290,9.6,,290.0,4,0,7,3,187,0,0,0,0,0,0,341.0,209.6699858557284,210.79954285714285,208.70453829056376,102.37055885047722,208.33042884990257,3,5,27,187,2012,0.43388373911755823,-0.900968867902419,-0.4999999999999997,-0.8660254037844388,-0.07738647923346322,-0.9970011699250151,78958.0,66793.0,74705.0,,,,,72457.0,5225.569203445687,72457.0,5225.569203445687,72457.0,5225.569203445687,72457.0,5225.569203445687,4,0.0056022408963585435,0,0,0,0,,
2012-07-06,80129,45,328,11.79,,328.0,5,0,7,3,188,0,0,0,0,0,0,290.0,209.6699858557284,210.79954285714285,208.70453829056376,102.37055885047722,208.33042884990257,4,6,27,188,2012,-0.433883739117558,-0.9009688679024191,-0.4999999999999997,-0.8660254037844388,-0.09453674981719933,-0.9955213724144752,67374.0,78958.0,66793.0,,,,,73735.66666666667,5626.29447031229,73735.66666666667,5626.29447031229,73735.66666666667,5626.29447031229,73735.66666666667,5626.29447031229,5,0.0070028011204481795,0,0,0,0,,
2012-07-07,79426,41,489,8.25,,489.0,6,1,7,3,189,0,0,0,0,0,0,328.0,209.6699858557284,210.79954285714285,208.70453829056376,102.37055885047722,208.33042884990257,5,7,27,189,2012,-0.9749279121818236,-0.2225209339563146,-0.4999999999999997,-0.8660254037844388,-0.11165900712169444,-0.9937465804361781,80129.0,67374.0,78958.0,,,,,74548.57142857143,5568.215478862829,74548.57142857143,5568.215478862829,74548.57142857143,5568.215478862829,74548.57142857143,5568.215478862829,6,0.008403361344537815,0,0,0,0,,
2012-07-08,81983,39,322,10.84,,322.0,7,1,7,3,190,0,0,0,0,0,0,489.0,319.0,210.79954285714285,342.57142857142856,68.68007266269004,208.33042884990257,6,8,27,190,2012,-0.7818314824680299,0.6234898018587334,-0.4999999999999997,-0.8660254037844388,-0.12874817745258066,-0.99167731989929,79426.0,80129.0,67374.0,74455.0,,,,75624.0,6234.264030340709,75477.875,5786.585828757006,75477.875,5786.585828757006,75477.875,5786.585828757006,7,0.00980392156862745,0,0,0,0,,
2012-07-09,81009,24,233,9.12,,233.0,1,0,7,3,191,0,0,0,0,0,0,322.0,285.0,210.79954285714285,343.0,68.51763763197523,208.33042884990257,0,9,28,191,2012,0.0,1.0,-0.4999999999999997,-0.8660254037844388,-0.14579919691987442,-0.9893142039703664,81983.0,79426.0,80129.0,74705.0,,,,76524.57142857143,6527.796332023611,76092.44444444444,5718.239591673102,76092.44444444444,5718.239591673102,76092.44444444444,5718.239591673102,8,0.011204481792717087,0,0,0,0,,
2012-07-10,67071,19,233,6.84,,233.0,2,0,7,3,192,0,0,0,0,0,0,233.0,346.0,210.79954285714285,335.57142857142856,78.0146506387468,208.33042884990257,1,10,28,192,2012,0.7818314824680298,0.6234898018587336,-0.4999999999999997,-0.8660254037844388,-0.16280701293851646,-0.9866579328916572,81009.0,81983.0,79426.0,66793.0,,,,76564.28571428571,6459.208406460903,75190.3,6099.489287363872,75190.3,6099.489287363872,75190.3,6099.489287363872,9,0.012605042016806723,0,0,0,0,,
2012-07-11,86437,29,249,10.78,,249.0,3,0,7,3,193,0,0,0,0,0,0,233.0,341.0,210.79954285714285,319.42857142857144,86.70420432492908,208.33042884990257,2,11,28,193,2012,0.9749279121818236,-0.22252093395631434,-0.4999999999999997,-0.8660254037844388,-0.17976658572556214,-0.9837092937736098,67071.0,81009.0,81983.0,78958.0,,,,77632.71428571429,7461.881816143647,76212.72727272728,6706.886417569766,76212.72727272728,6706.886417569766,76212.72727272728,6706.886417569766,10,0.014005602240896359,0,0,0,0,,
2012-07-12,92355,46,270,8.87,,270.0,4,0,7,3,194,0,0,0,0,0,0,249.0,290.0,210.79954285714285,306.2857142857143,89.80667066113797,208.33042884990257,3,12,28,194,2012,0.43388373911755823,-0.900968867902419,-0.4999999999999997,-0.8660254037844388,-0.19667288979357622,-0.9804691603616321,86437.0,67071.0,81009.0,67374.0,,,,81201.42857142857,7707.491028368506,77557.91666666667,7912.486156338123,77557.91666666667,7912.486156338123,77557.91666666667,7912.486156338123,11,0.015406162464985995,0,0,0,0,,
2012-07-13,80387,45,281,7.49,,281.0,5,0,7,3,195,0,0,0,0,0,0,270.0,328.0,210.79954285714285,303.42857142857144,90.72459633942928,208.33042884990257,4,13,28,195,2012,-0.433883739117558,-0.9009688679024191,-0.4999999999999997,-0.8660254037844388,-0.2135209154397959,-0.9769384927771817,92355.0,86437.0,67071.0,80129.0,,,,81238.28571428571,7702.12296955166,77775.53846153847,7616.155259440124,77775.53846153847,7616.155259440124,77775.53846153847,7616.155259440124,12,0.01680672268907563,0,0,0,0,,
2012-07-14,82752,40,364,9.59,,364.0,6,1,7,3,196,0,0,0,0,0,0,281.0,489.0,210.79954285714285,296.7142857142857,90.34141590971127,208.33042884990257,5,14,28,196,2012,-0.9749279121818236,-0.2225209339563146,-0.4999999999999997,-0.8660254037844388,-0.23030567023061196,-0.973118337233262,80387.0,92355.0,86437.0,79426.0,,,,81713.42857142857,7674.229773667692,78131.0,7437.255904203876,78131.0,7437.255904203876,78131.0,7437.255904203876,13,0.018207282913165267,0,0,0,0,,
2012-07-15,77308,44,276,6.94,,276.0,7,1,7,3,197,0,0,0,0,0,0,364.0,322.0,319.0,278.85714285714283,48.80378595774648,208.33042884990257,6,15,28,197,2012,-0.7818314824680299,0.6234898018587334,-0.4999999999999997,-0.8660254037844388,-0.24702218048093527,-0.9690098257244063,82752.0,80387.0,92355.0,81983.0,74455.0,,,81045.57142857143,7848.308901862087,78334.78571428571,7367.543335244342,78076.13333333333,7169.868766149737,78076.13333333333,7169.868766149737,14,0.0196078431372549,0,0,0,0,78219.0,
2012-07-16,71923,19,236,9.42,,236.0,1,0,7,3,198,0,0,0,0,0,0,276.0,233.0,285.0,272.2857142857143,44.97300777768192,208.33042884990257,0,16,29,198,2012,0.0,1.0,-0.4999999999999997,-0.8660254037844388,-0.2636654927280072,-0.9646141756912435,77308.0,82752.0,80387.0,81009.0,74705.0,,,79747.57142857143,8573.23412054718,78136.07142857143,7509.132188560457,77691.5625,7095.505563089451,77691.5625,7095.505563089451,15,0.02100840336134454,0,0,0,0,77857.0,
2012-07-17,57302,26,247,7.49,,247.0,2,0,7,3,199,0,0,0,0,0,0,236.0,233.0,346.0,272.7142857142857,44.54852891590741,208.33042884990257,1,17,29,199,2012,0.7818314824680298,0.6234898018587336,-0.4999999999999997,-0.8660254037844388,-0.2802306751992161,-0.9599326896597445,71923.0,77308.0,82752.0,67071.0,66793.0,,,78352.0,11331.938169027697,77458.14285714286,8909.765186037717,76492.17647058824,8464.899181585792,76492.17647058824,8464.899181585792,16,0.022408963585434174,0,0,0,0,66932.0,
2012-07-18,78192,18,258,6.23,,258.0,3,0,7,3,200,0,0,0,0,0,0,247.0,249.0,341.0,274.7142857142857,42.74620562386917,208.33042884990257,2,18,29,200,2012,0.9749279121818236,-0.22252093395631434,-0.4999999999999997,-0.8660254037844388,-0.2967128192734901,-0.9549667548552553,57302.0,71923.0,77308.0,86437.0,78958.0,,,77174.14285714286,10765.871065990155,77403.42857142857,8902.194921342852,76586.61111111111,8221.92609564342,76586.61111111111,8221.92609564342,17,0.023809523809523808,0,0,0,0,82697.5,
2012-07-19,77528,31,286,8.8,,286.0,4,0,7,3,201,0,0,0,0,0,0,258.0,270.0,290.0,276.0,41.97221303036898,208.33042884990257,3,19,29,201,2012,0.43388373911755823,-0.900968867902419,-0.4999999999999997,-0.8660254037844388,-0.3131070409358267,-0.9497178427914317,78192.0,57302.0,71923.0,92355.0,67374.0,,,75056.0,8501.813198763362,78128.71428571429,8422.95168826565,76636.15789473684,7993.194113766467,76636.15789473684,7993.194113766467,18,0.025210084033613446,0,0,0,0,79864.5,
2012-07-20,73533,42,285,8.31,,285.0,5,0,7,3,202,0,0,0,0,0,0,286.0,281.0,328.0,278.2857142857143,42.02663554506956,208.33042884990257,4,20,29,202,2012,-0.433883739117558,-0.9009688679024191,-0.4999999999999997,-0.8660254037844388,-0.3294084822245302,-0.9441875088341994,77528.0,78192.0,57302.0,80387.0,80129.0,,,74076.85714285714,8173.880033957195,77657.57142857143,8486.692231545048,76481.0,7810.885952849464,76481.0,7810.885952849464,19,0.02661064425770308,0,0,0,0,80258.0,
2012-07-21,76333,41,399,6.69,,399.0,6,1,7,3,203,0,0,0,0,0,0,285.0,364.0,489.0,278.85714285714283,42.09682716242242,208.33042884990257,5,21,29,203,2012,-0.9749279121818236,-0.2225209339563146,-0.4999999999999997,-0.8660254037844388,-0.3456123126707333,-0.9383773917408642,73533.0,77528.0,78192.0,82752.0,79426.0,,,73159.85714285714,7357.759428625273,77436.64285714286,8477.368528637275,76473.95238095238,7613.1784063963105,76473.95238095238,7613.1784063963105,20,0.028011204481792718,0,0,0,0,81089.0,
2012-07-22,61181,43,290,6.01,,290.0,7,1,7,3,204,0,0,0,0,0,0,399.0,276.0,322.0,283.85714285714283,54.22615780669141,208.33042884990257,6,22,29,204,2012,-0.7818314824680299,0.6234898018587334,-0.4999999999999997,-0.8660254037844388,-0.3617137307297674,-0.9322892131745134,76333.0,73533.0,77528.0,77308.0,81983.0,,,70856.0,8306.13596485556,75950.78571428571,9392.807659043188,75778.81818181818,8113.637688287328,75778.81818181818,8113.637688287328,21,0.029411764705882353,0,0,0,0,79645.5,75881.5
2012-07-23,74311,31,241,7.88,,241.0,1,0,7,3,205,0,0,0,0,0,0,290.0,236.0,233.0,285.85714285714283,54.14618660450182,208.33042884990257,0,23,30,205,2012,0.0,1.0,-0.4999999999999997,-0.8660254037844388,-0.37770796520396466,-0.9259247771938499,61181.0,76333.0,73533.0,71923.0,81009.0,,,71197.14285714286,8405.704956130934,75472.35714285714,9285.313942806872,75715.0,7932.998584737965,75715.0,7932.998584737965,22,0.03081232492997199,0,0,0,0,76466.0,73314.0
2012-07-24,73508,34,240,6.68,,240.0,2,0,7,3,206,0,0,0,0,0,0,241.0,247.0,233.0,286.57142857142856,53.40679464530448,208.33042884990257,1,24,30,206,2012,0.7818314824680298,0.6234898018587336,-0.4999999999999997,-0.8660254037844388,-0.39359027665646645,-0.9192859697186105,74311.0,61181.0,76333.0,57302.0,67071.0,,,73512.28571428571,5754.434745315611,75932.14285714286,8992.039093272739,75623.04166666667,7771.6937915420185,75623.04166666667,7771.6937915420185,23,0.03221288515406162,0,0,0,0,62186.5,62047.5
2012-07-25,76533,29,266,6.1,,266.0,3,0,7,3,207,0,0,0,0,0,0,240.0,258.0,249.0,285.57142857142856,54.32880495298104,208.33042884990257,2,25,30,207,2012,0.9749279121818236,-0.22252093395631434,-0.4999999999999997,-0.8660254037844388,-0.4093559588156211,-0.9123747579707274,73508.0,74311.0,61181.0,78192.0,86437.0,,,73275.28571428571,5560.469426055281,75224.71428571429,8476.84903749004,75659.44,7610.2372503534125,75659.44,7610.2372503534125,24,0.03361344537815126,0,0,0,0,82314.5,78575.0
2012-07-26,58962,32,272,10.71,,272.0,4,0,7,3,208,0,0,0,0,0,0,266.0,286.0,270.0,286.7142857142857,53.73302611279309,208.33042884990257,3,26,30,208,2012,0.43388373911755823,-0.900968867902419,-0.4999999999999997,-0.8660254037844388,-0.42500033996955394,-0.9051931898913975,76533.0,73508.0,74311.0,77528.0,92355.0,,,70623.0,7337.746634128698,72839.5,7968.786856325045,75017.23076923077,8143.852446147056,75017.23076923077,8143.852446147056,25,0.0350140056022409,0,0,0,0,84941.5,72451.0
2012-07-27,81790,41,309,7.74,,309.0,5,0,7,3,209,0,0,0,0,0,0,272.0,285.0,281.0,284.7142857142857,54.023804277109534,208.33042884990257,4,27,30,209,2012,-0.433883739117558,-0.9009688679024191,-0.4999999999999997,-0.8660254037844388,-0.4405187843504952,-0.8977433935342336,58962.0,76533.0,73508.0,73533.0,80387.0,,,71802.57142857143,8461.178224832598,72939.71428571429,8079.063278038474,75268.07407407407,8091.376739020593,75268.07407407407,8091.376739020593,26,0.036414565826330535,0,0,0,0,76960.0,76831.0
2012-07-28,86450,51,390,9.68,,390.0,6,1,7,3,210,0,0,0,0,0,0,309.0,399.0,364.0,288.1428571428572,54.800938469545095,208.33042884990257,5,28,30,210,2012,-0.9749279121818236,-0.2225209339563146,-0.4999999999999997,-0.8660254037844388,-0.455906693508459,-0.8900275764346766,81790.0,58962.0,76533.0,76333.0,82752.0,,,73247.85714285714,10074.304333775319,73203.85714285714,8475.287577214347,75667.42857142857,8216.513928842156,75667.42857142857,8216.513928842156,27,0.037815126050420166,0,0,0,0,79542.5,77879.5
2012-07-29,69722,37,276,9.63,,276.0,7,1,7,3,211,0,0,0,0,0,0,390.0,290.0,276.0,286.85714285714283,51.789408735212135,208.33042884990257,6,29,30,211,2012,-0.7818314824680299,0.6234898018587334,-0.4999999999999997,-0.8660254037844388,-0.47115950767386394,-0.8820480249558535,86450.0,81790.0,58962.0,61181.0,77308.0,,,74468.0,8806.73070251765,72662.0,8435.115730362906,75462.41379310345,8143.641145603997,75462.41379310345,8143.641145603997,28,0.0392156862745098,0,0,0,0,69244.5,71582.0
2012-07-30,87795,19,233,5.83,,233.0,1,0,7,3,212,0,0,0,0,0,0,276.0,241.0,236.0,284.85714285714283,51.91797560071271,208.33042884990257,0,30,31,212,2012,0.0,1.0,-0.4999999999999997,-0.8660254037844388,-0.4862727071086902,-0.8738071036110807,69722.0,86450.0,81790.0,74311.0,71923.0,,,76394.28571428571,10140.358946873079,73795.71428571429,9345.638887726214,75873.5,8312.748575489959,75873.5,8312.748575489959,29,0.04061624649859944,0,0,0,0,73117.0,77660.0
2012-07-31,75027,21,221,7.75,,221.0,2,0,7,3,213,0,0,0,0,0,0,233.0,240.0,247.0,283.7142857142857,53.1184659847349,295.1333333333333,1,31,31,213,2012,0.7818314824680298,0.6234898018587336,-0.4999999999999997,-0.8660254037844388,-0.5012418134457756,-0.8653072543632061,87795.0,69722.0,86450.0,73508.0,57302.0,74455.0,,76611.28571428571,10084.397845422513,75061.78571428571,8050.154792382495,75892.56666666667,8310.038365334622,75846.19354838709,8174.442539277953,30,0.04201680672268908,0,0,0,0,65405.0,70289.5
2012-08-01,76894,22,281,7.78,,281.0,3,0,8,3,214,0,0,0,0,0,0,221.0,266.0,258.0,281.0,56.1248608016092,291.8666666666667,2,1,31,214,2012,0.9749279121818236,-0.22252093395631434,-0.8660254037844385,-0.5000000000000004,-0.5160623910158526,-0.8565509959010037,75027.0,87795.0,69722.0,76533.0,78192.0,74705.0,,76662.85714285714,10084.853831837332,74969.07142857143,8018.744016982353,75965.53333333334,8308.861537573888,75878.9375,8043.6488948955775,31,0.04341736694677871,0,0,0,0,77362.5,81485.0
2012-08-02,70693,33,286,9.55,,286.0,4,0,8,3,215,0,0,0,0,0,0,281.0,272.0,286.0,283.1428571428572,55.741751471790565,291.7333333333333,3,2,31,215,2012,0.43388373911755823,-0.900968867902419,-0.8660254037844385,-0.5000000000000004,-0.5307300481619331,-0.8475409228928312,76894.0,75027.0,87795.0,58962.0,77528.0,66793.0,,78338.71428571429,7221.322956224541,74480.85714285714,8058.932214602667,76095.53333333334,8190.060126651143,75721.78787878787,7968.2728161345285,32,0.04481792717086835,0,0,0,0,68245.0,75658.5
2012-08-03,76223,39,297,11.34,,297.0,5,0,8,3,216,0,0,0,0,0,0,286.0,309.0,285.0,285.1428571428572,55.52605565986896,289.7333333333333,4,3,31,216,2012,-0.433883739117558,-0.9009688679024191,-0.8660254037844385,-0.5000000000000004,-0.5452404385406507,-0.8382797052177745,70693.0,76894.0,75027.0,81790.0,73533.0,78958.0,,77543.42857142857,7083.10842444059,74673.0,8066.65889277016,76004.36666666667,8172.301100345768,75736.5294117647,7847.083454477401,33,0.046218487394957986,0,0,0,0,77661.5,81088.5
2012-08-04,81892,28,398,8.12,,398.0,6,1,8,3,217,0,0,0,0,0,0,297.0,390.0,399.0,283.42857142857144,54.84784147334991,288.26666666666665,5,4,31,217,2012,-0.9749279121818236,-0.2225209339563146,-0.8660254037844385,-0.5000000000000004,-0.5595892624101763,-0.828770087174504,76223.0,70693.0,76894.0,86450.0,76333.0,67374.0,,76892.28571428571,6293.352305257949,75070.07142857143,8288.42499155657,76488.3,8072.866230946642,75912.4,7800.525944560707,34,0.047619047619047616,0,0,0,0,81391.5,84601.0
2012-08-05,73603,44,312,9.51,,312.0,7,1,8,3,218,0,0,0,0,0,0,398.0,276.0,290.0,284.57142857142856,57.45971673806838,291.8666666666667,6,5,31,218,2012,-0.7818314824680299,0.6234898018587334,-0.8660254037844385,-0.5000000000000004,-0.5737722679043243,-0.8190148866680802,81892.0,76223.0,70693.0,69722.0,61181.0,80129.0,,77446.71428571429,5699.3035455889,75957.35714285714,7292.240265748705,76270.76666666666,8059.294363238841,75848.25,7697.910942494166,35,0.049019607843137254,0,0,0,0,65451.5,73515.0
2012-08-06,67039,24,220,10.61,,220.0,1,0,8,3,219,0,0,0,0,0,0,312.0,233.0,241.0,289.7142857142857,58.17133969494574,291.3333333333333,0,6,32,219,2012,0.0,1.0,-0.8660254037844385,-0.5000000000000004,-0.5877852522924734,-0.8090169943749472,73603.0,81892.0,76223.0,87795.0,74311.0,79426.0,,74481.57142857143,4736.056019416139,75437.92857142857,7667.851483898279,75857.86666666667,8208.00696012566,75610.16216216216,7727.170067414768,36,0.05042016806722689,0,0,0,0,81053.0,79859.0
2012-08-07,67392,18,219,8.54,,219.0,2,0,8,3,220,0,0,0,0,0,0,220.0,221.0,240.0,287.85714285714283,60.4467494891953,282.3666666666667,1,7,32,220,2012,0.7818314824680298,0.6234898018587336,-0.8660254037844385,-0.5000000000000004,-0.6016240632249227,-0.7987793728863648,67039.0,73603.0,81892.0,75027.0,73508.0,81983.0,,73390.85714285714,5419.383219167166,75001.07142857143,7955.103958749103,75371.5,8264.64642108283,75393.8947368421,7737.746249112026,37,0.05182072829131653,0,0,0,0,74267.5,66164.5
2012-08-08,68397,24,262,9.89,,262.0,3,0,8,3,221,0,0,0,0,0,0,219.0,281.0,266.0,287.57142857142856,60.819013317813614,278.93333333333334,2,8,32,221,2012,0.9749279121818236,-0.22252093395631434,-0.8660254037844385,-0.5000000000000004,-0.6152845999633277,-0.7883050558305253,67392.0,67039.0,73603.0,76894.0,76533.0,81009.0,,72177.0,5455.436768337939,74419.92857142857,8129.843422319323,74951.1,8288.727685527349,75214.48717948717,7717.021121731647,38,0.05322128851540616,0,0,0,0,76713.5,77543.0
2012-08-09,69336,36,241,8.53,,241.0,4,0,8,3,222,0,0,0,0,0,0,262.0,286.0,272.0,284.85714285714283,61.580377208513966,279.9,3,9,32,222,2012,0.43388373911755823,-0.900968867902419,-0.8660254037844385,-0.5000000000000004,-0.6287628145958345,-0.7775971469736268,68397.0,67392.0,67039.0,70693.0,58962.0,67071.0,,71983.14285714286,5540.407669373915,75160.92857142857,7007.897978097907,75026.6,8224.541821846999,75067.525,7673.939358726408,39,0.0546218487394958,0,0,0,0,64827.5,74110.5
2012-08-10,91534,48,321,13.51,,321.0,5,0,8,3,223,0,0,0,0,0,0,241.0,297.0,309.0,278.42857142857144,63.75175067624202,280.1666666666667,4,10,32,223,2012,-0.433883739117558,-0.9009688679024191,-0.8660254037844385,-0.5000000000000004,-0.6420547132365636,-0.7666588193001592,69336.0,68397.0,67392.0,76223.0,81790.0,86437.0,,74170.42857142857,9264.149517668337,75856.92857142857,8113.5655584600245,75196.5,8515.868764274424,75469.14634146342,8001.8997386901065,40,0.056022408963585436,0,0,0,0,79006.5,74878.0
2012-08-11,68738,31,368,11.31,,368.0,6,1,8,3,224,0,0,0,0,0,0,321.0,398.0,390.0,281.85714285714283,65.53733941153597,282.56666666666666,5,11,32,224,2012,-0.9749279121818236,-0.2225209339563146,-0.8660254037844385,-0.5000000000000004,-0.655156357209085,-0.7554933140726804,91534.0,69336.0,68397.0,81892.0,86450.0,92355.0,,72291.28571428571,8757.065408653103,74591.78571428571,7705.3780936391595,74409.26666666666,7947.644660562944,75308.88095238095,7971.665582311749,41,0.05742296918767507,0,0,0,0,84171.0,79112.5
2012-08-12,62394,34,314,8.22,,314.0,7,1,8,3,225,0,0,0,0,0,0,368.0,312.0,276.0,277.57142857142856,57.116422456993256,285.8333333333333,6,12,32,225,2012,-0.7818314824680299,0.6234898018587334,-0.8660254037844385,-0.5000000000000004,-0.6680638642135333,-0.7441039398713608,68738.0,91534.0,69336.0,73603.0,69722.0,80387.0,,70690.0,9472.80340413193,74068.35714285714,8288.465336349565,73809.5,8157.1385058394235,75008.53488372093,8118.703794469016,42,0.058823529411764705,0,0,0,0,71662.5,67392.0
2012-08-13,75697,25,229,10.04,,229.0,1,0,8,3,226,0,0,0,0,0,0,314.0,220.0,233.0,277.85714285714283,57.32198115740185,286.93333333333334,0,13,33,226,2012,0.0,1.0,-0.8660254037844385,-0.5000000000000004,-0.6807734094770159,-0.7324940716135792,62394.0,68738.0,91534.0,67039.0,87795.0,82752.0,,71926.85714285714,9481.873626883595,73204.21428571429,7321.516774113583,73574.33333333333,7990.433069845345,75024.18181818182,8024.416180379781,43,0.06022408963585434,0,0,0,0,77417.0,70675.0
2012-08-14,66363,27,218,8.28,,218.0,2,0,8,3,227,0,0,0,0,0,0,229.0,219.0,221.0,279.1428571428572,55.89105048046183,282.43333333333334,1,14,33,227,2012,0.7818314824680298,0.6234898018587336,-0.8660254037844385,-0.5000000000000004,-0.6932812268869771,-0.7206671495538615,75697.0,62394.0,68738.0,67392.0,75027.0,77308.0,,71779.85714285714,9571.449549372897,72585.35714285714,7519.0925660270805,73209.5,8063.612520409836,74831.71111111112,8037.0915890078695,44,0.06162464985994398,0,0,0,0,71209.5,70450.0
2012-08-15,69877,30,228,8.8,,228.0,3,0,8,3,228,0,0,0,0,0,0,218.0,262.0,281.0,279.0,56.07138307550481,280.5,2,15,33,228,2012,0.9749279121818236,-0.22252093395631434,-0.8660254037844385,-0.5000000000000004,-0.7055836101071774,-0.70862667826446,66363.0,75697.0,62394.0,68397.0,76894.0,71923.0,,71991.28571428571,9500.351813034546,72084.14285714286,7443.280726804691,73141.3,8083.49637629146,74724.0,7980.794304662498,45,0.06302521008403361,0,0,0,0,72645.5,72465.0
2012-08-16,86485,56,319,8.09,,319.0,4,0,8,3,229,0,0,0,0,0,0,228.0,241.0,286.0,274.1428571428572,59.17608912229273,280.2333333333333,3,16,33,229,2012,0.43388373911755823,-0.900968867902419,-0.8660254037844385,-0.5000000000000004,-0.7176769136759615,-0.6963762255968726,69877.0,66363.0,75697.0,69336.0,70693.0,57302.0,,74441.14285714286,10820.84961896203,73212.14285714286,8356.791782801525,74114.06666666667,7864.646235476542,74974.23404255319,8077.83685049183,46,0.06442577030812324,0,0,0,0,70014.5,64149.0
2012-08-17,61505,43,302,9.06,,302.0,5,0,8,3,230,0,0,0,0,0,0,319.0,321.0,297.0,285.2857142857143,59.23882253419714,282.6333333333333,4,17,33,230,2012,-0.433883739117558,-0.9009688679024191,-0.8660254037844385,-0.5000000000000004,-0.7295575540864876,-0.6839194216246105,86485.0,69877.0,66363.0,91534.0,76223.0,78192.0,,70151.28571428571,8649.688100625099,72160.85714285714,8859.53074688187,73557.83333333333,8151.167270263568,74693.625,8224.518731635386,47,0.06582633053221289,0,0,0,0,83878.5,86662.0
2012-08-18,76455,45,360,6.77,,360.0,6,1,8,3,231,0,0,0,0,0,0,302.0,368.0,398.0,282.57142857142856,57.74616045780927,284.1,5,18,33,231,2012,-0.9749279121818236,-0.2225209339563146,-0.8660254037844385,-0.5000000000000004,-0.7412220108485957,-0.6712599575675315,61505.0,86485.0,69877.0,68738.0,81892.0,77528.0,,71253.71428571429,8926.87535319211,71772.5,8512.523486921184,73522.06666666667,8135.484814552604,74729.57142857143,8142.2847172440925,48,0.06722689075630252,0,0,0,0,75315.0,77594.0
2012-08-19,73931,39,275,9.29,,275.0,7,1,8,3,232,0,0,0,0,0,0,360.0,314.0,312.0,281.42857142857144,55.82071641382247,286.56666666666666,6,19,33,232,2012,-0.7818314824680299,0.6234898018587334,-0.8660254037844385,-0.5000000000000004,-0.7526668275320083,-0.6584015846980489,76455.0,61505.0,86485.0,62394.0,73603.0,73533.0,,72901.85714285714,8039.4166336572,71795.92857142857,8518.398354911984,73535.33333333333,8135.8277638049085,74713.6,8059.563190168967,49,0.06862745098039216,0,0,0,0,67998.5,66058.0
2012-08-20,53599,27,180,8.59,,180.0,1,0,8,3,233,0,0,0,0,0,0,275.0,229.0,220.0,275.85714285714283,53.942650322444585,286.2333333333333,0,20,34,233,2012,0.0,1.0,-0.8660254037844385,-0.5000000000000004,-0.7638886127905429,-0.64534811322955,73931.0,76455.0,61505.0,75697.0,67039.0,76333.0,,69745.0,10667.868890582919,70835.92857142857,9762.242321738986,72777.53333333334,8890.059794738328,74299.58823529411,8508.767269531989,50,0.0700280112044818,0,0,0,0,71368.0,81746.0
2012-08-21,74885,24,211,10.57,,211.0,2,0,8,3,234,0,0,0,0,0,0,180.0,218.0,219.0,268.85714285714283,63.38882280925292,278.93333333333334,1,21,34,234,2012,0.7818314824680298,0.6234898018587336,-0.8660254037844385,-0.5000000000000004,-0.7748840413670406,-0.6321034111873488,53599.0,73931.0,76455.0,66363.0,67392.0,61181.0,,70962.42857142857,10703.794574155208,71371.14285714286,9764.3064731244,73234.33333333333,8621.671920958464,74310.84615384616,8425.326128288696,51,0.07142857142857142,0,0,0,0,66877.5,70695.0
2012-08-22,75273,23,211,10.83,,211.0,3,0,8,3,235,0,0,0,0,0,0,211.0,228.0,262.0,267.85714285714283,64.37242828889967,276.3,2,22,34,235,2012,0.9749279121818236,-0.22252093395631434,-0.8660254037844385,-0.5000000000000004,-0.7856498550787144,-0.6186714032625032,74885.0,53599.0,73931.0,69877.0,68397.0,74311.0,,71733.28571428571,10806.40732334736,71862.28571428571,9776.123649197354,73266.4,8627.60141118867,74329.0,8344.966714225919,52,0.07282913165266107,0,0,0,0,69137.0,73385.5
2012-08-23,71139,44,237,7.61,,237.0,4,0,8,3,236,0,0,0,0,0,0,211.0,319.0,241.0,265.42857142857144,66.41500117407503,275.3,3,23,34,236,2012,0.43388373911755823,-0.900968867902419,-0.8660254037844385,-0.5000000000000004,-0.7961828637826154,-0.6050560696488494,75273.0,74885.0,53599.0,86485.0,69336.0,73508.0,,69541.0,8658.020558996159,71991.07142857143,9752.130098396152,73187.43333333333,8636.151093067952,74269.92592592593,8277.256935227277,53,0.0742296918767507,0,0,0,0,77910.5,78589.0
2012-08-24,82682,47,321,12.17,,321.0,5,0,8,3,237,0,0,0,0,0,0,237.0,302.0,321.0,253.7142857142857,62.50790426208594,275.2,4,24,34,237,2012,-0.433883739117558,-0.9009688679024191,-0.8660254037844385,-0.5000000000000004,-0.8064799463209447,-0.5912614448635782,71139.0,75273.0,74885.0,61505.0,91534.0,76533.0,,72566.28571428571,9072.026872283219,71358.78571428571,8607.355719906733,73392.4,8789.891736024649,74422.87272727273,8278.334570508703,54,0.07563025210084033,0,0,0,0,76519.5,68864.0
2012-08-25,83619,58,430,9.17,,430.0,6,1,8,3,238,0,0,0,0,0,0,321.0,360.0,368.0,256.42857142857144,65.30405077496383,277.03333333333336,5,25,34,238,2012,-0.9749279121818236,-0.2225209339563146,-0.8660254037844385,-0.5000000000000004,-0.8165380514459157,-0.5772916165517278,82682.0,71139.0,75273.0,76455.0,68738.0,58962.0,,73589.71428571429,9945.841521531946,72421.71428571429,9159.914086165561,74214.3,8543.368108131268,74587.08928571429,8294.273003983557,55,0.07703081232492998,0,0,0,0,72596.5,79173.5
2012-08-26,69476,43,304,13.99,,304.0,7,1,8,3,239,0,0,0,0,0,0,430.0,275.0,314.0,266.42857142857144,85.91440923550438,282.3,6,26,34,239,2012,-0.7818314824680299,0.6234898018587334,-0.8660254037844385,-0.5000000000000004,-0.8263541987239094,-0.5631507242749187,83619.0,82682.0,71139.0,73931.0,62394.0,81790.0,,72953.28571428571,10062.218620733145,72927.57142857143,8749.910054168797,73803.83333333333,8462.270809134294,74497.42105263157,8247.713955886222,56,0.0784313725490196,0,0,0,0,68162.5,73767.0
2012-08-27,72818,19,204,8.81,,204.0,1,0,8,3,240,0,0,0,0,0,0,304.0,180.0,229.0,270.57142857142856,87.08780462433143,282.1333333333333,0,27,35,240,2012,0.0,1.0,-0.8660254037844385,-0.5000000000000004,-0.8359254794186365,-0.5488429582847199,69476.0,83619.0,82682.0,53599.0,75697.0,86450.0,,75698.85714285714,5479.541508452842,72721.92857142857,8713.571478881817,73349.43333333333,8118.82177915054,74468.46551724138,8178.01912105885,57,0.07983193277310924,0,0,0,0,64648.0,60319.0
2012-08-28,69929,18,204,10.09,,204.0,2,0,8,3,241,0,0,0,0,0,0,204.0,211.0,218.0,274.0,83.31866537577284,275.93333333333334,1,28,35,241,2012,0.7818314824680298,0.6234898018587336,-0.8660254037844385,-0.5000000000000004,-0.8452490573530634,-0.5343725582809785,72818.0,69476.0,83619.0,74885.0,66363.0,69722.0,,74990.85714285714,5905.820446208772,72976.64285714286,8564.229855420963,73356.33333333333,8115.719970752941,74391.52542372882,8128.724392772392,58,0.08123249299719888,0,0,0,0,70624.0,71138.5
2012-08-29,71877,35,172,10.27,,172.0,3,0,8,3,242,0,0,0,0,0,0,204.0,211.0,228.0,273.0,84.2377587546108,273.53333333333336,2,29,35,242,2012,0.9749279121818236,-0.22252093395631434,-0.8660254037844385,-0.5000000000000004,-0.8543221697498269,-0.5197438121555157,69929.0,72818.0,69476.0,75273.0,69877.0,87795.0,,74505.71428571429,6017.214851692514,73119.5,8525.139942456182,72825.73333333334,7645.935701666796,74349.61666666667,8066.077483461779,59,0.08263305322128851,0,0,0,0,72575.0,71835.0
2012-08-30,65458,49,178,9.55,,178.0,4,0,8,3,243,0,0,0,0,0,0,172.0,237.0,319.0,267.42857142857144,90.10707915744312,271.5,3,30,35,243,2012,0.43388373911755823,-0.900968867902419,-0.8660254037844385,-0.5000000000000004,-0.8631421280499115,-0.5049610547215202,71877.0,69929.0,72818.0,71139.0,86485.0,75027.0,,73694.14285714286,6869.704977376451,71617.57142857143,7811.702677731335,72506.76666666666,7749.82842383304,74199.66666666667,8147.304216039845,60,0.08403361344537816,0,0,0,0,78812.0,70237.5
2012-08-31,66024,51,271,8.68,,271.0,5,0,8,3,244,0,0,0,0,0,0,178.0,321.0,302.0,259.0,95.99479152537394,270.06666666666666,4,31,35,244,2012,-0.433883739117558,-0.9009688679024191,-0.8660254037844385,-0.5000000000000004,-0.8717063187093217,-0.4900286664290594,65458.0,71877.0,69929.0,82682.0,61505.0,76894.0,,71314.42857142857,6076.804446887717,71940.35714285714,7446.529161625923,72144.43333333333,7791.629596641789,74054.98333333334,8214.977599836733,61,0.08543417366946779,0,0,0,0,72093.5,87108.0
2012-09-01,82854,45,427,12.11,,427.0,6,1,9,3,245,0,0,0,0,0,0,271.0,430.0,360.0,251.8571428571429,92.40567906687082,269.7333333333333,5,1,35,245,2012,-0.9749279121818236,-0.2225209339563146,-1.0,-1.8369701987210297e-16,-0.8800122039735356,-0.4749510720670502,66024.0,65458.0,71877.0,83619.0,76455.0,70693.0,,71205.14285714286,5820.093654131106,72397.42857142857,7925.912495045672,72549.8,8026.322550381249,74322.66666666667,8235.982021174366,62,0.08683473389355742,0,0,0,0,80037.0,76178.5
2012-09-02,97531,39,369,10.25,,369.0,7,1,9,3,246,0,0,0,1,0,0,427.0,304.0,275.0,251.42857142857144,91.44371154405526,274.43333333333334,6,2,35,246,2012,-0.7818314824680299,0.6234898018587334,-1.0,-1.8369701987210297e-16,-0.888057322629493,-0.4597327394521046,82854.0,66024.0,65458.0,69476.0,73931.0,76223.0,,75213.0,11408.047802611414,74083.14285714286,10400.528350907096,73260.06666666667,9217.0519444737,74632.21666666666,8746.373330917528,63,0.08823529411764706,0,0,0,0,71703.5,65935.0
2012-09-03,82978,18,374,9.24,,374.0,1,0,9,3,247,0,0,1,0,0,0,369.0,204.0,180.0,260.7142857142857,100.5214973454506,276.8333333333333,0,3,36,247,2012,0.0,1.0,-1.0,-1.8369701987210297e-16,-0.8958392907349089,-0.4443781781046134,97531.0,82854.0,66024.0,72818.0,53599.0,81892.0,,76664.42857142857,11695.25554597739,76181.64285714286,8788.49515960099,73296.26666666666,9254.180773493985,74892.28333333334,8758.87545040171,64,0.0896358543417367,0,0,0,0,63208.5,74257.5
2012-09-04,62677,36,146,7.64,,146.0,2,0,9,3,248,0,0,0,1,0,0,374.0,204.0,211.0,285.0,104.97301240477644,276.03333333333336,1,4,36,248,2012,0.7818314824680298,0.6234898018587336,-1.0,-1.8369701987210297e-16,-0.9033558023246842,-0.4288919379124841,82978.0,97531.0,82854.0,69929.0,74885.0,73603.0,,75628.42857142857,12671.773762410485,75309.64285714286,9503.595000817364,72932.06666666667,9454.521782371296,74601.41666666667,8871.082129339142,65,0.09103641456582633,0,0,0,0,72407.0,68146.0
2012-09-05,48616,28,135,7.65,,135.0,3,0,9,3,249,0,0,0,0,0,0,146.0,172.0,211.0,276.7142857142857,114.3061886421937,270.5,2,5,36,249,2012,0.9749279121818236,-0.22252093395631434,-1.0,-1.8369701987210297e-16,-0.9106046300942162,-0.41327860778290443,62677.0,82978.0,97531.0,71877.0,75273.0,67039.0,,72305.42857142857,16338.833494236394,73405.57142857143,11883.830408871268,72317.96666666666,10401.393774255754,74087.91666666667,9459.292024412156,66,0.09243697478991597,0,0,0,0,73575.0,70877.0
2012-09-06,64733,46,181,6.49,,181.0,4,0,9,3,250,0,0,0,0,0,0,135.0,178.0,237.0,271.42857142857144,120.63561821018033,267.6666666666667,3,6,36,250,2012,0.43388373911755823,-0.900968867902419,-1.0,-1.8369701987210297e-16,-0.9175836260593934,-0.3975428142825566,48616.0,62677.0,82978.0,65458.0,71139.0,67392.0,,72201.85714285714,16391.68583386683,72948.0,12099.190926542291,72229.33333333333,10456.00252728425,73800.41666666667,9477.392261465371,67,0.0938375350140056,0,0,0,0,68298.5,75971.5
2012-09-07,74264,35,207,7.03,,207.0,5,0,9,3,251,0,0,0,0,0,0,181.0,271.0,321.0,271.85714285714283,120.25310608799064,266.4,4,7,36,251,2012,-0.433883739117558,-0.9009688679024191,-1.0,-1.8369701987210297e-16,-0.9242907221930934,-0.3816892202666586,64733.0,48616.0,62677.0,66024.0,82682.0,68397.0,,73379.0,16168.441710113362,72346.71428571429,11783.28330519765,72424.9,10436.701448618052,73688.0,9430.3242085289,68,0.09523809523809523,0,0,0,0,74353.0,63764.5
2012-09-08,74461,26,278,6.4,,278.0,6,1,9,3,252,0,0,0,0,0,0,207.0,427.0,430.0,262.7142857142857,122.73645788940668,264.56666666666666,5,8,36,252,2012,-0.9749279121818236,-0.2225209339563146,-1.0,-1.8369701987210297e-16,-0.9307239310379793,-0.3657225234972692,74264.0,64733.0,48616.0,82854.0,83619.0,69336.0,,72180.0,15651.63961592097,71692.57142857143,11355.81887244317,72595.73333333334,10426.33644103283,73811.16666666667,9390.612427757931,69,0.09663865546218488,0,0,0,0,83236.5,79654.5
2012-09-09,71640,42,221,6.14,,221.0,7,1,9,3,253,0,0,0,0,0,1,278.0,369.0,304.0,241.42857142857144,100.38070389415346,265.8,6,9,36,253,2012,-0.7818314824680299,0.6234898018587334,-1.0,-1.8369701987210297e-16,-0.9368813462954315,-0.34964745525122826,74461.0,74264.0,64733.0,97531.0,69476.0,91534.0,,68481.28571428571,11043.081721365717,71847.14285714286,11338.04070617782,71932.6,9793.751285808507,73564.55,9246.607820379233,70,0.09803921568627451,0,0,0,0,83503.5,85731.0
2012-09-10,97294,44,505,7.74,,505.0,1,0,9,3,254,0,0,0,0,1,1,221.0,374.0,204.0,220.28571428571428,83.13786599320885,262.46666666666664,0,10,37,254,2012,0.0,1.0,-1.0,-1.8369701987210297e-16,-0.9427611433904206,-0.33346877891818705,71640.0,74461.0,74264.0,82978.0,72818.0,68738.0,,70526.42857142857,14846.08499298881,73595.42857142857,13228.681268739165,72884.46666666666,10807.760620812323,73646.86666666667,9436.751846141224,71,0.09943977591036414,0,0,0,0,77898.0,68288.5
2012-09-11,115615,50,576,5.54,,576.0,2,0,9,3,255,0,0,0,0,1,1,505.0,146.0,204.0,239.0,126.78985238049086,267.03333333333336,1,11,37,255,2012,0.7818314824680298,0.6234898018587336,-1.0,-1.8369701987210297e-16,-0.9483615800121716,-0.31719128858910595,97294.0,71640.0,74461.0,62677.0,69929.0,62394.0,,78089.0,21960.023436538817,76858.71428571429,17271.78517087946,74658.5,13142.266323609858,74234.0,10852.865062636534,72,0.10084033613445378,0,0,0,0,66303.0,68781.0
2012-09-12,82196,74,560,8.07,,560.0,3,0,9,3,256,0,0,0,0,1,1,576.0,135.0,172.0,300.42857142857144,170.7628542188037,275.76666666666665,2,12,37,256,2012,0.9749279121818236,-0.22252093395631434,-1.0,-1.8369701987210297e-16,-0.9536809966304455,-0.300819807635668,115615.0,97294.0,71640.0,48616.0,71877.0,75697.0,,82886.14285714286,17703.942305115503,77595.78571428571,17263.016539048822,74875.13333333333,13213.346548701888,74224.73333333334,10845.703743436641,73,0.10224089635854341,0,0,0,0,60246.5,61944.5
2012-09-13,72926,31,190,8.6,,190.0,4,0,9,3,257,0,0,0,0,0,1,560.0,181.0,178.0,361.1428571428572,177.56072066707088,286.8,3,13,37,257,2012,0.43388373911755823,-0.900968867902419,-1.0,-1.8369701987210297e-16,-0.9587178169872964,-0.2843591872810036,82196.0,115615.0,97294.0,64733.0,65458.0,66363.0,,84056.57142857143,16536.101756028103,78129.21428571429,16972.035896998677,75093.9,13121.567169726919,74151.7,10839.341585639304,74,0.10364145658263306,0,0,0,0,65095.5,67936.0
2012-09-14,61692,32,210,7.87,,210.0,5,0,9,3,258,0,0,0,0,0,0,190.0,207.0,271.0,362.4285714285714,176.06519355327566,285.8666666666667,4,14,37,258,2012,-0.433883739117558,-0.9009688679024191,-1.0,-1.8369701987210297e-16,-0.9634705485641486,-0.26781430516217486,72926.0,82196.0,115615.0,74264.0,66024.0,69877.0,,82260.57142857143,18359.176886570436,77819.78571428571,17246.97384461123,74821.06666666667,13317.414010476541,73981.18333333333,10954.853965548664,75,0.10504201680672269,0,0,0,0,70144.0,78473.0
2012-09-15,70103,51,302,8.91,,302.0,6,1,9,3,259,0,0,0,0,0,0,210.0,278.0,427.0,362.8571428571428,175.62690432792343,285.26666666666665,5,15,37,259,2012,-0.9749279121818236,-0.2225209339563146,-1.0,-1.8369701987210297e-16,-0.9679377830240642,-0.25119006388481957,61692.0,72926.0,82196.0,74461.0,82854.0,86485.0,,81638.0,18737.73517975606,76909.0,17297.281751766677,74275.0,13157.558611714017,74194.53333333334,10747.198890032741,76,0.10644257703081232,0,0,0,0,78657.5,79040.0
2012-09-16,64510,31,220,6.67,,220.0,7,1,9,3,260,0,0,0,0,0,0,302.0,221.0,369.0,366.2857142857143,173.9202061154429,284.7,6,16,37,260,2012,-0.7818314824680299,0.6234898018587334,-1.0,-1.8369701987210297e-16,-0.9721181966290612,-0.23449138957041052,70103.0,61692.0,72926.0,71640.0,97531.0,61505.0,,80619.42857142857,19548.070167812355,74550.35714285714,16502.053483440475,74375.16666666667,13068.124465286895,73966.5,10805.934691609149,77,0.10784313725490197,0,0,0,0,84585.5,70558.0
2012-09-17,66669,17,148,5.47,,148.0,1,0,9,3,261,0,0,0,0,0,0,220.0,505.0,374.0,366.1428571428572,174.05978721062937,281.96666666666664,0,17,38,261,2012,0.0,1.0,-1.0,-1.8369701987210297e-16,-0.9760105506323682,-0.21772323039653224,64510.0,70103.0,61692.0,97294.0,82978.0,76455.0,,76244.42857142857,18598.16762351554,73385.42857142857,16436.878810557897,74048.96666666666,13136.376893778677,73785.51666666666,10836.16760619492,78,0.1092436974789916,0,0,0,0,90136.0,85056.0
2012-09-18,65025,19,133,7.85,,133.0,2,0,9,3,262,0,0,0,0,0,0,148.0,576.0,146.0,315.1428571428572,178.82899519879197,274.9,1,18,38,262,2012,0.7818314824680298,0.6234898018587336,-1.0,-1.8369701987210297e-16,-0.9796136916454901,-0.20089055513063528,66669.0,64510.0,70103.0,115615.0,62677.0,73931.0,,69017.28571428571,6898.835160476634,73553.14285714286,16330.847016787417,73752.1,13239.36359380486,73643.71666666666,10895.035121934772,79,0.11064425770308123,0,0,0,0,89146.0,92772.0
2012-09-19,61225,21,133,5.71,,133.0,3,0,9,3,263,0,0,0,0,0,0,133.0,560.0,135.0,251.8571428571429,146.61335611217766,270.1666666666667,2,19,38,263,2012,0.9749279121818236,-0.22252093395631434,-1.0,-1.8369701987210297e-16,-0.9829265519799822,-0.18399835165767986,65025.0,66669.0,64510.0,82196.0,48616.0,53599.0,,66021.42857142857,4277.433921451135,74453.78571428571,15155.149270531392,74006.3,12908.142269045962,73391.91666666667,11005.848762950453,80,0.11204481792717087,0,0,0,0,65406.0,77036.5
2012-09-20,69783,51,184,8.9,,184.0,4,0,9,3,264,0,0,0,0,0,0,133.0,190.0,181.0,190.8571428571429,60.69164844091985,268.6,3,20,38,264,2012,0.43388373911755823,-0.900968867902419,-1.0,-1.8369701987210297e-16,-0.9859481499638303,-0.1670516255021195,61225.0,65025.0,66669.0,72926.0,64733.0,74885.0,,65572.42857142857,3531.8491784117086,74814.5,14964.887363682114,73836.23333333334,12929.757761507537,73535.28333333334,10899.602127852208,81,0.1134453781512605,0,0,0,0,68829.5,69192.0
2012-09-21,64629,45,224,8.98,,224.0,5,0,9,3,265,0,0,0,0,0,0,184.0,210.0,207.0,190.0,60.74811382531438,267.7,4,21,38,265,2012,-0.433883739117558,-0.9009688679024191,-1.0,-1.8369701987210297e-16,-0.9886775902323404,-0.15005539834465262,69783.0,61225.0,65025.0,61692.0,74264.0,75273.0,,65992.0,3147.5864298432234,74126.28571428571,15211.666865770005,73481.43333333333,13034.58634366947,73373.91666666667,10959.42908059535,82,0.11484593837535013,0,0,0,0,67978.0,63858.0
2012-09-22,79905,37,355,6.35,,355.0,6,1,9,3,266,0,0,0,0,0,0,224.0,302.0,278.0,192.0,61.73869667126675,268.1333333333333,5,22,38,266,2012,-0.9749279121818236,-0.2225209339563146,-1.0,-1.8369701987210297e-16,-0.9911140639934546,-0.13301470653419636,64629.0,69783.0,61225.0,70103.0,74461.0,71139.0,,67392.28571428571,6088.095616701105,74515.14285714286,15290.261057574899,73773.63333333333,13078.44578840429,73480.53333333334,10991.823698513781,83,0.11624649859943978,0,0,0,0,72282.0,76478.5
2012-09-23,58469,45,258,9.83,,258.0,7,1,9,3,267,0,0,0,0,0,0,355.0,220.0,221.0,199.57142857142856,78.46200172239894,272.06666666666666,6,23,38,267,2012,-0.7818314824680299,0.6234898018587334,-1.0,-1.8369701987210297e-16,-0.9932568492674143,-0.11593459959550066,79905.0,64629.0,69783.0,64510.0,71640.0,82682.0,,66529.28571428571,6934.136853622216,73574.35714285714,15874.79435896921,72966.53333333334,13255.652113235561,73179.46666666666,11153.004624378696,84,0.11764705882352941,0,0,0,0,68075.0,81020.5
2012-09-24,61265,23,142,9.17,,142.0,1,0,9,3,268,0,0,0,0,0,0,258.0,148.0,505.0,205.0,81.37157570880235,269.96666666666664,0,24,39,268,2012,0.0,1.0,-1.0,-1.8369701987210297e-16,-0.9951053111006974,-0.09882013873287211,58469.0,79905.0,64629.0,66669.0,97294.0,83619.0,,65757.28571428571,7211.273805976427,71000.85714285714,14603.204157661072,72221.4,13264.486162110747,73217.85,11107.114056857166,85,0.11904761904761904,0,0,0,0,81981.5,74823.5
2012-09-25,74614,30,126,7.73,,126.0,2,0,9,3,269,0,0,0,0,0,0,142.0,133.0,576.0,204.14285714285717,82.1004031078789,260.3666666666667,1,25,39,269,2012,0.7818314824680298,0.6234898018587336,-1.0,-1.8369701987210297e-16,-0.99665890175417,-0.08167639533042288,61265.0,58469.0,79905.0,65025.0,115615.0,69476.0,,67127.14285714286,7924.481106641856,68072.21428571429,7204.978003260815,72392.66666666667,13260.985747240122,73098.25,11051.742869876432,86,0.12044817927170869,0,0,0,0,90320.0,63851.0
2012-09-26,69775,34,142,11.11,,142.0,3,0,9,3,270,0,0,0,0,0,0,126.0,133.0,560.0,203.14285714285717,83.14731619527001,254.4333333333333,2,26,39,270,2012,0.9749279121818236,-0.22252093395631434,-1.0,-1.8369701987210297e-16,-0.9979171608653922,-0.06450844944931625,74614.0,61265.0,58469.0,61225.0,82196.0,72818.0,,68348.57142857143,7511.292029496722,67185.0,5995.192124976831,72291.23333333334,13269.255566477934,72820.33333333333,10919.164236140941,87,0.12184873949579832,0,0,0,0,71710.5,54920.5
2012-09-27,67500,39,157,6.37,,157.0,4,0,9,3,271,0,0,0,0,0,0,142.0,184.0,190.0,204.42857142857144,81.94277910602659,252.36666666666667,3,27,39,271,2012,0.43388373911755823,-0.900968867902419,-1.0,-1.8369701987210297e-16,-0.9988797155850335,-0.04732138832243232,69775.0,74614.0,61265.0,69783.0,72926.0,69929.0,,68022.42857142857,7488.1567793670665,66797.42857142857,5766.531109164903,72210.26666666666,13291.558453895963,72783.3,10933.609122830743,88,0.12324929971988796,0,0,0,0,71354.5,67258.0
2012-09-28,75433,43,217,9.32,,217.0,5,0,9,3,272,0,0,0,0,0,0,157.0,224.0,210.0,200.57142857142856,83.68165299286974,250.8,4,28,39,272,2012,-0.433883739117558,-0.9009688679024191,-1.0,-1.8369701987210297e-16,-0.9995462806873573,-0.03012030484690836,67500.0,69775.0,74614.0,64629.0,61692.0,71877.0,,69565.85714285714,7779.898894556658,67778.92857142857,5995.564738451809,72328.8,13304.333876209477,72577.26666666666,10761.046738618632,89,0.12464985994397759,0,0,0,0,63160.5,69446.5
2012-09-29,86770,55,347,8.6,,347.0,6,1,9,3,273,0,0,0,0,0,0,217.0,355.0,302.0,199.57142857142856,83.39635712039464,252.3,5,29,39,273,2012,-0.9749279121818236,-0.2225209339563146,-1.0,-1.8369701987210297e-16,-0.9999166586547379,-0.012910296075008843,75433.0,67500.0,69775.0,79905.0,70103.0,65458.0,,70546.57142857143,9535.136895663733,68969.42857142857,7857.998264524786,73039.2,13492.46790748389,72772.98333333334,10912.084479039,90,0.12605042016806722,0,0,0,0,75004.0,77183.0
2012-09-30,77541,38,216,10.22,,216.0,7,1,9,3,274,0,0,0,0,0,0,347.0,258.0,220.0,198.42857142857144,80.9297167153022,257.93333333333334,6,30,39,274,2012,-0.7818314824680299,0.6234898018587334,-1.0,-1.8369701987210297e-16,-0.9999907397361901,0.004303538296243821,86770.0,75433.0,67500.0,58469.0,64510.0,66024.0,,73271.14285714286,8130.234589247158,69900.21428571429,8058.35468202527,73423.1,13449.760685859676,72783.76666666666,10916.544667158043,91,0.12745098039215685,0,0,0,0,61489.5,65054.5
2012-10-01,52445,22,120,9.2,,120.0,1,0,10,4,275,0,0,0,0,0,0,216.0,142.0,148.0,192.42857142857144,77.25036600313985,256.1,0,1,40,275,2012,0.0,1.0,-0.8660254037844386,0.5000000000000001,-0.9997685019798909,0.021516097436222233,77541.0,86770.0,75433.0,61265.0,66669.0,82854.0,,72011.14285714286,10607.166184999216,68884.21428571429,9298.363041860732,72409.46666666666,13854.292303217384,72479.63333333333,11225.59892323394,92,0.12885154061624648,0,0,0,0,63967.0,79279.5
2012-10-02,88131,33,146,6.65,,146.0,2,0,10,4,276,0,0,0,0,0,0,120.0,126.0,133.0,189.28571428571428,80.04106089109167,245.86666666666667,1,2,40,276,2012,0.7818314824680298,0.6234898018587336,-0.8660254037844386,0.5000000000000001,-0.9992500112396835,0.03872228089217399,52445.0,77541.0,86770.0,74614.0,65025.0,97531.0,,73942.14285714286,12261.358331883854,70534.64285714286,10529.755060392816,72096.13333333333,13364.170938676325,72678.1,11396.862000018156,93,0.13025210084033614,0,0,0,0,69819.5,95114.5
2012-10-03,67277,28,135,6.74,,135.0,3,0,10,4,277,0,0,0,0,0,0,146.0,142.0,133.0,192.14285714285717,77.72907772390936,238.4333333333333,2,3,40,277,2012,0.9749279121818236,-0.22252093395631434,-0.8660254037844386,0.5000000000000001,-0.9984354211555643,0.05591699010060302,88131.0,52445.0,77541.0,69775.0,61225.0,82978.0,,73585.28571428571,12437.933037209023,70966.92857142857,10238.35636947414,71572.76666666666,13230.089171861322,72434.51666666666,11352.69347640503,94,0.13165266106442577,0,0,0,0,65500.0,75985.5
2012-10-04,81744,39,181,11.04,,181.0,4,0,10,4,278,0,0,0,0,0,0,135.0,157.0,184.0,191.14285714285717,78.52266885307415,230.46666666666667,3,4,40,278,2012,0.43388373911755823,-0.900968867902419,-0.8660254037844386,0.5000000000000001,-0.9973249731081555,0.07309512989807776,67277.0,88131.0,52445.0,67500.0,69783.0,62677.0,,75620.14285714286,12441.613513106908,71821.28571428571,10623.760926328323,72208.33333333333,13245.979869856501,72570.2,11415.37160920622,95,0.1330532212885154,0,0,0,0,68641.5,70213.0
2012-10-05,85468,41,220,9.21,,220.0,5,0,10,4,279,0,0,0,0,0,1,181.0,217.0,224.0,194.57142857142856,77.29781614607491,231.63333333333333,4,5,40,279,2012,-0.433883739117558,-0.9009688679024191,-0.8660254037844386,0.5000000000000001,-0.9959189961471792,0.0902516100310407,81744.0,67277.0,88131.0,75433.0,64629.0,48616.0,,77053.71428571429,12982.821081648468,73309.78571428571,10992.02800759626,73436.73333333334,12679.30035852173,72877.35,11511.549420554325,96,0.13445378151260504,0,0,0,0,70031.0,68562.5
2012-10-06,208060,136,1448,8.34,,1021.7100000000002,6,1,10,4,280,0,0,0,0,1,1,220.0,347.0,355.0,195.0,77.45105981629098,234.46666666666667,5,6,40,280,2012,-0.9749279121818236,-0.2225209339563146,-0.8660254037844386,0.5000000000000001,-0.994217906893952,0.10738134666416306,85468.0,81744.0,67277.0,86770.0,79905.0,64733.0,,94380.85714285714,51604.18812276311,82463.71428571429,37735.641710413576,78214.3,27558.77088389529,75221.81666666667,20884.22435714857,97,0.13585434173669467,0,0,0,0,83337.5,78436.5
2012-10-07,113170,130,938,9.32,,938.0,7,1,10,4,281,0,0,0,1,1,1,1021.7100000000002,216.0,258.0,291.38714285714286,324.3722282971775,262.4903333333333,6,7,40,281,2012,-0.7818314824680299,0.6234898018587334,-0.8660254037844386,0.5000000000000001,-0.9922222094179324,0.12447926388678869,208060.0,85468.0,81744.0,77541.0,58469.0,74264.0,,99470.71428571429,51423.17566271162,86370.92857142857,37891.67115600086,79511.16666666667,28272.644219778267,75968.03333333334,21429.02155755424,98,0.13725490196078433,0,0,0,0,68005.0,71025.5
2012-10-08,105175,51,583,10.8,,583.0,1,0,10,4,282,0,0,1,0,1,1,938.0,120.0,142.0,394.53,401.9245115275588,286.857,0,8,41,282,2012,0.0,1.0,-0.8660254037844386,0.5000000000000001,-0.989932495087353,0.141540295217043,113170.0,208060.0,85468.0,52445.0,61265.0,74461.0,,107003.57142857143,47063.7360142504,89507.35714285714,37468.641794700314,80534.96666666666,28637.215411350535,76565.35,21738.285656468022,99,0.13865546218487396,0,0,0,0,56855.0,59557.0
2012-10-09,58771,24,119,8.02,,119.0,2,0,10,4,283,0,0,0,1,0,1,583.0,146.0,126.0,460.67285714285714,387.0378868067177,297.0236666666667,1,9,41,283,2012,0.7818314824680298,0.6234898018587336,-0.8660254037844386,0.5000000000000001,-0.9873494423939864,0.15855938510313475,105175.0,113170.0,208060.0,88131.0,74614.0,71640.0,,102809.28571428571,50227.87116636304,88375.71428571429,38185.44978518265,80106.0,28870.485185178077,76019.3,21767.38304249374,100,0.1400560224089636,0,0,0,0,81372.5,76578.0
2012-10-10,58796,29,124,10.32,,124.0,3,0,10,4,284,0,0,0,0,0,0,119.0,135.0,142.0,456.8157142857143,390.8126461557228,293.6236666666667,2,10,41,284,2012,0.9749279121818236,-0.22252093395631434,-0.8660254037844386,0.5000000000000001,-0.9844738167520923,0.17553149042142777,58771.0,105175.0,113170.0,67277.0,69775.0,97294.0,,101597.71428571429,51318.26332705311,87591.5,38706.02667792588,78822.73333333334,28935.676634066545,75853.6,21861.387774578914,101,0.14145658263305322,0,0,0,0,68526.0,64251.0
2012-10-11,85021,40,174,7.55,,174.0,4,0,10,4,285,0,0,0,0,0,0,124.0,181.0,157.0,455.2442857142857,392.3414342914917,280.9236666666667,3,11,41,285,2012,0.43388373911755823,-0.900968867902419,-0.8660254037844386,0.5000000000000001,-0.9813064702716093,0.19245158197082995,58796.0,58771.0,105175.0,81744.0,67500.0,115615.0,,102065.85714285714,51121.53539500608,88843.0,38287.42119407248,77802.93333333333,28121.94869141004,76230.71666666666,21820.393051417785,102,0.14285714285714285,0,0,0,0,74622.0,75763.5
2012-10-12,73388,50,273,10.22,,273.0,5,0,10,4,286,0,0,0,0,0,0,174.0,220.0,217.0,454.2442857142857,393.1649836839977,267.52366666666666,4,12,41,286,2012,-0.433883739117558,-0.9009688679024191,-0.8660254037844386,0.5000000000000001,-0.9778483415056567,0.20931464596304888,85021.0,58796.0,58771.0,85468.0,75433.0,82196.0,,100340.14285714286,51972.031399681946,88696.92857142857,38346.3731019171,77509.33333333333,28120.4812588598,76192.23333333334,21823.386207730262,103,0.14425770308123248,0,0,0,0,80450.5,75048.5
2012-10-13,88712,48,371,10.32,,371.0,6,1,10,4,287,0,0,0,0,0,0,273.0,1021.7100000000002,347.0,461.8157142857143,388.38341158607454,257.957,5,13,41,287,2012,-0.9749279121818236,-0.2225209339563146,-0.8660254037844386,0.5000000000000001,-0.9741004551724206,0.22611568550828803,73388.0,85021.0,58796.0,208060.0,86770.0,72926.0,,83290.42857142857,21226.355746705947,88835.64285714286,38342.378724425216,78035.53333333334,28179.393745140762,76564.71666666666,21843.494570557035,104,0.14565826330532214,0,0,0,0,147415.0,143982.5
2012-10-14,75741,41,262,6.87,,262.0,7,1,10,4,288,0,0,0,0,0,0,371.0,938.0,216.0,368.8571428571428,299.81295756489504,263.9903333333333,6,14,41,288,2012,-0.7818314824680299,0.6234898018587334,-0.8660254037844386,0.5000000000000001,-0.970063921851507,0.2428497220959358,88712.0,73388.0,85021.0,113170.0,77541.0,61692.0,,77943.42857142857,16670.439354909533,88707.07142857143,38386.15873034747,78503.83333333333,28014.678035880104,76662.45,21826.176515107814,105,0.14705882352941177,0,0,0,0,95355.5,85819.5
2012-10-15,51602,31,133,10.8,,133.0,1,0,10,4,289,0,0,0,0,0,0,262.0,583.0,120.0,272.2857142857143,164.08302195912316,265.72366666666665,0,15,42,289,2012,0.0,1.0,-0.8660254037844386,0.5000000000000001,-0.965739937654855,0.25951179706979943,75741.0,88712.0,73388.0,105175.0,52445.0,70103.0,,70290.14285714286,14199.320352615216,88646.85714285714,38448.027965548026,77887.13333333333,28406.876563950857,76081.06666666667,22023.79305288165,106,0.1484593837535014,0,0,0,0,78810.0,83220.0
2012-10-16,61551,25,158,7.07,,158.0,2,0,10,4,290,0,0,0,0,0,0,133.0,119.0,146.0,208.0,96.14918963083689,260.0903333333333,1,16,42,290,2012,0.7818314824680298,0.6234898018587336,-0.8660254037844386,0.5000000000000001,-0.9611297838723007,0.27609697309746883,51602.0,75741.0,88712.0,58771.0,88131.0,64510.0,,70687.28571428571,13858.22318714647,86748.28571428571,39125.75036867779,77788.5,28460.01317487034,76081.83333333333,22023.277842339994,107,0.14985994397759103,0,0,0,0,73451.0,66692.5
2012-10-17,57316,25,143,6.07,,143.0,3,0,10,4,291,0,0,0,0,0,0,158.0,124.0,135.0,213.57142857142856,91.13151145982572,258.02366666666666,2,17,42,291,2012,0.9749279121818236,-0.22252093395631434,-0.8660254037844386,0.5000000000000001,-0.9562348265919058,0.2926003356333479,61551.0,51602.0,75741.0,58796.0,67277.0,66669.0,,70475.85714285714,14079.404526098608,86036.78571428571,39594.83034278122,77476.73333333334,28636.703100709077,75762.85,22155.985331148502,108,0.15126050420168066,0,0,0,0,63036.5,64285.5
2012-10-18,70666,61,168,12.26,,168.0,4,0,10,4,292,0,0,0,0,0,0,143.0,174.0,181.0,216.28571428571428,88.2566603449171,257.857,3,18,42,292,2012,0.43388373911755823,-0.900968867902419,-0.8660254037844386,0.5000000000000001,-0.9510565162951536,0.30901699437494723,57316.0,61551.0,51602.0,85021.0,81744.0,65025.0,,68425.14285714286,12572.554506126666,85245.5,39797.395401342175,77664.76666666666,28570.56714303573,75708.43333333333,22164.56861395993,109,0.15266106442577032,0,0,0,0,83382.5,76260.5
2012-10-19,76391,75,236,14.05,,236.0,5,0,10,4,293,0,0,0,0,0,0,168.0,273.0,220.0,215.42857142857144,88.7634630968866,259.02366666666666,4,19,42,293,2012,-0.433883739117558,-0.9009688679024191,-0.8660254037844386,0.5000000000000001,-0.9455963874271428,0.3253420847119795,70666.0,57316.0,61551.0,73388.0,85468.0,61225.0,,68854.14285714286,12818.94043240415,84597.14285714286,39867.36893531071,78170.3,28403.333664408554,76088.3,21973.712701193126,110,0.15406162464985995,0,0,0,0,79428.0,74410.5
2012-10-20,84545,75,442,14.63,,442.0,6,1,10,4,294,0,0,0,0,0,0,236.0,371.0,1021.7100000000002,210.14285714285717,85.81652632492272,262.457,5,20,42,294,2012,-0.9749279121818236,-0.2225209339563146,-0.8660254037844386,0.5000000000000001,-0.9398560579418953,0.341570769167856,76391.0,70666.0,57316.0,88712.0,208060.0,69783.0,,68258.85714285714,11799.289207809335,75774.64285714286,18249.355970120578,78662.36666666667,28380.880915689966,76249.3,22000.120002215084,111,0.15546218487394958,0,0,0,0,148386.0,87741.0
2012-10-21,104420,41,270,12.34,,270.0,7,1,10,4,295,0,0,0,0,0,0,442.0,262.0,938.0,220.28571428571428,109.04848200947777,271.057,6,21,42,295,2012,-0.7818314824680299,0.6234898018587334,-0.8660254037844386,0.5000000000000001,-0.9338372288229252,0.35769823883312546,84545.0,76391.0,70666.0,75741.0,113170.0,64629.0,,72355.85714285714,18117.61243862426,75149.64285714286,16975.50704627174,79988.73333333334,28631.12634870313,76735.08333333333,22297.977249822812,112,0.1568627450980392,0,0,0,0,94455.5,76641.0
2012-10-22,73035,32,132,6.8,,132.0,1,0,10,4,296,0,0,0,0,0,0,270.0,133.0,583.0,221.42857142857144,109.59905282871904,272.5903333333333,0,22,43,296,2012,0.0,1.0,-0.8660254037844386,0.5000000000000001,-0.9275416835791965,0.3737197147904692,104420.0,84545.0,76391.0,51602.0,105175.0,79905.0,,75417.71428571429,15671.636520736987,72853.92857142857,14611.237242743526,79759.73333333334,28659.279444383534,76766.68333333333,22291.25470040575,113,0.15826330532212884,0,0,0,0,78388.5,52023.5
2012-10-23,73809,24,161,8.84,,161.0,2,0,10,4,297,0,0,0,0,0,0,132.0,158.0,119.0,221.28571428571428,109.73409419397144,265.157,1,23,43,297,2012,0.7818314824680298,0.6234898018587336,-0.8660254037844386,0.5000000000000001,-0.9209712877166347,0.38963044953078774,73035.0,104420.0,84545.0,61551.0,58771.0,58469.0,,77168.85714285714,14505.388854130242,73928.07142857143,14037.799583565476,80271.06666666667,28402.0073949777,76618.8,22280.77642258501,114,0.15966386554621848,0,0,0,0,60161.0,74841.0
2012-10-24,73887,40,181,7.37,,181.0,3,0,10,4,298,0,0,0,0,0,0,161.0,143.0,124.0,221.7142857142857,109.45122853842892,261.9236666666667,2,24,43,298,2012,0.9749279121818236,-0.22252093395631434,-0.8660254037844386,0.5000000000000001,-0.9141279881853337,0.4054257283599973,73809.0,73035.0,104420.0,57316.0,58796.0,61265.0,,79536.14285714286,11831.062173062026,75006.0,13348.963382398462,80691.8,28203.547061587353,76456.6,22264.370062455528,115,0.16106442577030813,0,0,0,0,58056.0,62296.5
2012-10-25,70738,45,171,6.25,,171.0,4,0,10,4,299,0,0,0,0,0,0,181.0,168.0,174.0,227.14285714285717,105.77716919926291,263.22366666666665,3,25,43,299,2012,0.43388373911755823,-0.900968867902419,-0.8660254037844386,0.5000000000000001,-0.9070138128026362,0.42110087079608916,73887.0,73809.0,73035.0,70666.0,85021.0,74614.0,,79546.42857142857,11822.093270048088,73985.78571428571,13067.50692000563,80562.6,28241.202256082615,76477.63333333333,22258.25893107854,116,0.16246498599439776,0,0,0,0,77843.5,76205.0
2012-10-26,76261,59,219,7.75,,219.0,5,0,10,4,300,0,0,0,0,0,0,171.0,236.0,273.0,227.57142857142856,105.50332876716428,264.72366666666665,4,26,43,300,2012,-0.433883739117558,-0.9009688679024191,-0.8660254037844386,0.5000000000000001,-0.8996308696522434,0.4366512319560638,70738.0,73887.0,73809.0,76391.0,73388.0,69775.0,,79527.85714285714,11827.976953373127,74191.0,13079.95017045317,80778.8,28180.53180820234,76535.01666666666,22253.101779981724,117,0.1638655462184874,0,0,0,0,74889.5,80929.5
2012-10-27,87596,52,268,10.45,,268.0,6,1,10,4,301,0,0,0,0,0,0,219.0,442.0,371.0,225.14285714285717,105.47263242413248,267.2903333333333,5,27,43,301,2012,-0.9749279121818236,-0.2225209339563146,-0.8660254037844386,0.5000000000000001,-0.8919813464595487,0.45207220393230374,76261.0,70738.0,73887.0,84545.0,88712.0,67500.0,,79963.71428571429,12096.8290571578,74111.28571428571,12987.72164794099,81448.66666666667,28092.712800755777,76829.46666666666,22281.07642735381,118,0.16526610644257703,0,0,0,0,86628.5,146302.5
2012-10-28,71325,43,194,8.55,,194.0,7,1,10,4,302,0,0,0,0,0,0,268.0,270.0,262.0,200.28571428571428,53.59015545699342,270.9903333333333,6,28,43,302,2012,-0.7818314824680299,0.6234898018587334,-0.8660254037844386,0.5000000000000001,-0.8840675099433637,0.46735921715800205,87596.0,76261.0,70738.0,104420.0,75741.0,75433.0,,75235.85714285714,5745.268790595662,73795.85714285714,12998.716989096913,81311.73333333334,28133.029258094157,76820.26666666666,22283.26984637415,119,0.16666666666666666,0,0,0,0,90080.5,108795.0
2012-10-29,91751,30,121,9.8,,121.0,1,0,10,4,303,0,0,0,0,0,0,194.0,132.0,133.0,189.42857142857144,43.9426032564337,270.22366666666665,0,29,44,303,2012,0.0,1.0,-0.8660254037844386,0.5000000000000001,-0.8758917051442433,0.48250774176121763,71325.0,87596.0,76261.0,73035.0,51602.0,86770.0,,77909.57142857143,8325.799418217026,76663.64285714286,12125.140745302982,81477.76666666666,28181.01055636865,77258.48333333334,22314.54889504934,120,0.16806722689075632,0,0,0,0,62318.5,89105.0
2012-10-30,79117,29,141,5.64,,141.0,2,0,10,4,304,0,0,0,0,0,0,121.0,161.0,158.0,187.8571428571429,46.46299090469187,262.69033333333334,1,30,44,304,2012,0.7818314824680298,0.6234898018587336,-0.8660254037844386,0.5000000000000001,-0.8674563547295971,0.4975132889071803,91751.0,71325.0,87596.0,73809.0,61551.0,77541.0,,78667.85714285714,8129.491915828801,77918.35714285714,11323.339311807707,81530.3,28174.88709294148,77476.7,22266.79134397078,121,0.16946778711484595,0,0,0,0,67680.0,66290.0
2012-10-31,85740,32,175,6.23,,175.0,3,0,10,4,305,0,0,0,0,0,0,141.0,181.0,143.0,185.0,48.93873721296816,260.19033333333334,2,31,44,305,2012,0.9749279121818236,-0.22252093395631434,-0.8660254037844386,0.5000000000000001,-0.858763958275803,0.5123714121284235,79117.0,91751.0,71325.0,73887.0,57316.0,52445.0,,80361.14285714286,8201.828321144367,79948.64285714286,9789.50107636627,82640.13333333333,27640.374402041987,77524.8,22281.716211933774,122,0.17086834733893558,0,0,0,0,65601.5,66341.5
2012-11-01,79272,36,169,10.31,,169.0,4,0,11,4,306,0,0,0,0,0,0,175.0,171.0,168.0,184.14285714285717,49.07283216957028,262.02366666666666,3,1,44,306,2012,0.43388373911755823,-0.900968867902419,-0.5000000000000004,0.8660254037844384,-0.8498170915275277,0.5270777086423724,85740.0,79117.0,91751.0,70738.0,70666.0,88131.0,,81580.28571428571,7092.215397046064,80563.35714285714,9425.197256512804,82344.83333333333,27627.009059830463,77220.48333333334,22128.004311962384,123,0.1722689075630252,0,0,0,0,70702.0,77879.5
2012-11-02,51177,55,261,5.46,,261.0,5,0,11,4,307,0,0,0,0,0,0,169.0,219.0,236.0,183.8571428571429,49.16783695136634,262.7903333333333,4,2,44,307,2012,-0.433883739117558,-0.9009688679024191,-0.5000000000000004,0.8660254037844384,-0.8406184056344783,0.5416278206559811,79272.0,85740.0,79117.0,76261.0,76391.0,67277.0,,77996.85714285714,13589.060397105919,78762.35714285714,12264.976625818268,81808.16666666667,28082.422504653787,76690.46666666666,22367.320623629148,124,0.17366946778711484,0,0,0,0,76326.0,74824.5
2012-11-03,104260,44,367,6.38,,367.0,6,1,11,4,308,0,0,0,0,0,0,261.0,268.0,442.0,189.8571428571429,56.22700588219283,266.9903333333333,5,3,44,308,2012,-0.9749279121818236,-0.2225209339563146,-0.5000000000000004,0.8660254037844384,-0.8311706263658079,0.5560174366570446,51177.0,79272.0,85740.0,87596.0,84545.0,81744.0,,80377.42857142857,16662.90621767552,80170.57142857143,13990.418038040232,82558.7,28379.95458934182,77383.51666666666,22569.068266622042,125,0.17507002801120447,0,0,0,0,86070.5,88154.0
2012-11-04,101081,39,274,9.72,,274.0,7,1,11,4,309,0,0,0,0,0,0,367.0,194.0,270.0,204.0,84.50049309520799,273.19033333333334,6,4,44,309,2012,-0.7818314824680299,0.6234898018587334,-0.5000000000000004,0.8660254037844384,-0.8214765533024145,0.5702422926917867,104260.0,51177.0,79272.0,71325.0,104420.0,85468.0,,84628.28571428571,17730.000768135837,79932.07142857143,13567.291677267225,83079.13333333333,28577.6129510778,78257.93333333333,22451.65507988194,126,0.17647058823529413,0,0,0,0,87872.5,73533.0
2012-11-05,78174,18,130,8.6,,130.0,1,0,11,4,310,0,0,0,0,0,0,274.0,121.0,132.0,215.42857142857144,88.24937609384185,274.9903333333333,0,5,45,310,2012,0.0,1.0,-0.5000000000000004,0.8660254037844384,-0.8115390590073611,0.5842981736283683,101081.0,104260.0,51177.0,91751.0,73035.0,208060.0,,82688.71428571429,17562.78616577575,80299.14285714286,13435.209441882675,78749.6,16108.700188578769,78481.95,22381.364959227474,127,0.17787114845938376,0,0,0,0,82393.0,71676.5
2012-11-06,71337,23,130,9.58,,130.0,2,0,11,4,311,0,0,0,0,0,0,130.0,141.0,161.0,216.7142857142857,86.69624037545145,245.26666666666668,1,6,45,311,2012,0.7818314824680298,0.6234898018587336,-0.5000000000000004,0.8660254037844384,-0.801361088174677,0.5981809144059158,78174.0,101081.0,104260.0,79117.0,73809.0,113170.0,,81577.28571428571,18065.46478518513,80122.57142857143,13542.879626262253,77355.16666666667,14782.405436481105,78433.16666666667,22393.90079203745,128,0.1792717086834734,0,0,0,0,76463.0,70334.0
2012-11-07,79913,36,149,10.57,,149.0,3,0,11,4,312,0,0,0,0,0,0,130.0,175.0,181.0,215.14285714285717,88.3806701555426,218.33333333333331,2,7,45,312,2012,0.9749279121818236,-0.22252093395631434,-0.5000000000000004,0.8660254037844384,-0.7909456567567774,0.6118864012687242,71337.0,78174.0,101081.0,85740.0,73887.0,105175.0,,80744.85714285714,17975.711403896996,80553.0,13424.697269183816,76513.1,13831.988039598162,78524.03333333334,22388.570465538778,129,0.18067226890756302,0,0,0,0,79813.5,71528.0
2012-11-08,82291,43,173,6.53,,173.0,4,0,11,4,313,0,0,0,0,0,0,149.0,169.0,171.0,211.42857142857144,90.8604371969396,203.86666666666667,3,8,45,313,2012,0.43388373911755823,-0.900968867902419,-0.5000000000000004,0.8660254037844384,-0.780295851070776,0.6254105729852457,79913.0,71337.0,78174.0,79272.0,70738.0,58771.0,,81176.14285714286,17970.70023147473,81378.21428571429,13126.734834378605,77297.1,13453.054052314037,78701.55,22375.28394095001,130,0.18207282913165265,0,0,0,0,75005.0,74969.0
2012-11-09,82617,66,250,8.28,,250.0,5,0,11,4,314,0,0,0,0,0,1,173.0,261.0,219.0,212.0,90.56121318386415,205.66666666666663,4,9,45,314,2012,-0.433883739117558,-0.9009688679024191,-0.5000000000000004,0.8660254037844384,-0.7694148268839381,0.6387494220515268,82291.0,79913.0,71337.0,51177.0,76261.0,58796.0,,85667.57142857143,12237.874159852408,81832.21428571429,13045.801742491585,78091.13333333333,13019.416803860458,78456.93333333333,22248.446096084896,131,0.18347338935574228,0,0,0,0,63719.0,63784.0
2012-11-10,173448,157,1479,10.18,,1021.7100000000002,6,1,11,4,315,0,0,0,0,1,1,250.0,367.0,268.0,210.42857142857144,89.6602051132627,209.86666666666667,5,10,45,315,2012,-0.9749279121818236,-0.2225209339563146,-0.5000000000000004,0.8660254037844384,-0.7583058084785625,0.6518989958787125,82617.0,82291.0,79913.0,104260.0,87596.0,85021.0,,95551.57142857143,35530.41990490755,87964.5,27799.10102793866,81038.7,21735.015206121785,79420.81666666667,24971.660015204667,132,0.18487394957983194,0,0,0,0,95928.0,94402.5
2012-11-11,141094,190,1129,7.89,,1021.7100000000002,7,1,11,4,316,0,0,0,1,1,1,1021.7100000000002,274.0,194.0,303.9585714285714,321.626499759611,238.12366666666668,6,11,45,316,2012,-0.7818314824680299,0.6234898018587334,-0.5000000000000004,0.8660254037844384,-0.7469720876965551,0.6648553979642866,173448.0,82617.0,82291.0,101081.0,71325.0,73388.0,,101267.71428571429,39558.56971510428,92948.0,30690.072601864187,83295.56666666667,24279.42092089561,80402.45,26209.555797440604,133,0.18627450980392157,0,0,0,0,86203.0,102750.5
2012-11-12,162427,68,993,9.11,,993.0,1,0,11,4,317,0,0,1,0,1,1,1021.7100000000002,130.0,121.0,410.7742857142858,419.33758309414407,263.0806666666667,0,12,46,317,2012,0.0,1.0,-0.5000000000000004,0.8660254037844384,-0.7354170229639858,0.6776147890466887,141094.0,173448.0,82617.0,78174.0,91751.0,88712.0,,113303.85714285714,43936.203888625394,97996.28571428571,35856.072571041346,85752.73333333334,28251.660969094264,81894.13333333333,28244.732653961964,134,0.1876750700280112,0,0,0,0,84962.5,75604.5
2012-11-13,94505,29,148,6.45,,148.0,2,0,11,4,318,0,0,0,1,0,1,993.0,130.0,141.0,534.0600000000001,448.8542939158172,283.814,1,13,46,318,2012,0.7818314824680298,0.6234898018587336,-0.5000000000000004,0.8660254037844384,-0.7236440382959124,0.690173388242972,162427.0,141094.0,173448.0,71337.0,79117.0,75741.0,,116613.57142857143,41024.05908674061,99095.42857142857,35466.561997972785,86378.2,28230.067847036364,82441.01666666666,28164.496620409773,135,0.18907563025210083,0,0,0,0,75227.0,72573.0
2012-11-14,67444,43,157,7.95,,157.0,3,0,11,4,319,0,0,0,0,0,0,148.0,149.0,175.0,536.6314285714286,446.1973810780969,280.014,2,14,46,319,2012,0.9749279121818236,-0.22252093395631434,-0.5000000000000004,0.8660254037844384,-0.711656622281775,0.7025274741691566,94505.0,162427.0,141094.0,79913.0,85740.0,51602.0,,114832.28571428571,43101.32345885409,97788.57142857143,36323.267028839175,86906.26666666666,27700.317065200612,82396.7,28186.322966097454,136,0.19047619047619047,0,0,0,0,82826.5,76900.0
2012-11-15,73742,46,190,10.7,,190.0,4,0,11,4,320,0,0,0,0,0,0,157.0,173.0,169.0,537.7742857142858,445.04781982228775,280.814,3,15,46,320,2012,0.43388373911755823,-0.900968867902419,-0.5000000000000004,0.8660254037844384,-0.6994583270516471,0.7146733860429608,67444.0,94505.0,162427.0,82291.0,79272.0,61551.0,,113611.0,44282.01296990315,97393.57142857143,36569.3506488579,87312.63333333333,27403.356044763797,82550.56666666667,28112.12677491761,137,0.19187675070028012,0,0,0,0,80781.5,76514.5
2012-11-16,100493,85,280,14.53,,280.0,5,0,11,4,321,0,0,0,0,0,0,190.0,250.0,261.0,540.2028571428572,442.76607069325325,281.8806666666667,4,16,46,321,2012,-0.433883739117558,-0.9009688679024191,-0.5000000000000004,0.8660254037844384,-0.6870527672236675,0.7266075247685652,73742.0,67444.0,94505.0,82617.0,51177.0,57316.0,,116164.71428571429,42683.298309425816,100916.14285714286,34064.4661913423,88751.86666666667,26902.862320134125,83114.3,28127.38808681746,138,0.19327731092436976,0,0,0,0,66897.0,79439.0
2012-11-17,142017,89,498,19.24,,498.0,6,1,11,4,322,0,0,0,0,0,0,280.0,1021.7100000000002,367.0,544.4885714285715,439.6229477794418,286.44733333333335,5,17,46,322,2012,-0.9749279121818236,-0.2225209339563146,-0.5000000000000004,0.8660254037844384,-0.6744436188329457,0.7383263540031063,100493.0,73742.0,67444.0,173448.0,104260.0,70666.0,,111674.57142857143,36916.61753581601,103613.07142857143,35799.99278569827,91130.23333333334,28363.121420901156,84397.5,29029.895996649237,139,0.19467787114845939,0,0,0,0,138854.0,130522.0
2012-11-18,106408,79,365,14.42,,365.0,7,1,11,4,323,0,0,0,0,0,0,498.0,1021.7100000000002,274.0,469.67285714285714,386.1884632626186,297.44733333333335,6,18,46,323,2012,-0.7818314824680299,0.6234898018587334,-0.5000000000000004,0.8660254037844384,-0.661634618242279,0.749826401204568,142017.0,100493.0,73742.0,141094.0,101081.0,76391.0,,106719.42857142857,34562.45509632842,103993.57142857143,35799.31950516617,92130.8,28354.689565791658,85150.55,29004.62532630773,140,0.19607843137254902,0,0,0,0,121087.5,106209.5
2012-11-19,80932,38,247,8.53,,247.0,1,0,11,4,324,0,0,0,0,0,0,365.0,993.0,130.0,375.8571428571428,299.84742151713795,301.74733333333336,0,19,47,324,2012,0.0,1.0,-0.5000000000000004,0.8660254037844384,-0.6486295610349818,0.7611042586607742,106408.0,142017.0,100493.0,162427.0,78174.0,84545.0,,95077.28571428571,25100.668448697386,104190.57142857143,35653.59954147323,92010.36666666667,28395.663720052387,85336.36666666667,28940.14630757687,141,0.19747899159663865,0,0,0,0,120300.5,127089.0
2012-11-20,80284,33,255,14.24,,255.0,2,0,11,4,325,0,0,0,0,0,0,247.0,148.0,130.0,269.2857142857143,126.28501400366063,295.24733333333336,1,20,47,325,2012,0.7818314824680298,0.6234898018587336,-0.5000000000000004,0.8660254037844384,-0.6354323008901775,0.7721565844991641,80932.0,106408.0,142017.0,94505.0,71337.0,104420.0,,93045.71428571429,25722.5068549853,104829.64285714286,35095.231226801196,91205.83333333333,28373.851660899214,85597.28333333334,28820.613725155705,142,0.19887955182072828,0,0,0,0,82921.0,86811.0
2012-11-21,101002,47,279,13.66,,279.0,3,0,11,4,326,0,0,0,0,0,0,255.0,157.0,149.0,284.57142857142856,115.1417346040047,294.74733333333336,2,21,47,326,2012,0.9749279121818236,-0.22252093395631434,-0.5000000000000004,0.8660254037844384,-0.622046748440868,0.7829801036770624,80284.0,80932.0,106408.0,67444.0,79913.0,73035.0,,97839.71428571429,23154.775639266423,106336.0,34388.97688549012,92138.06666666667,28215.245458284866,85948.9,28878.624991740173,143,0.20028011204481794,0,0,0,0,73678.5,76592.0
2012-11-22,80042,32,406,14.64,,406.0,4,0,11,4,327,0,0,0,0,0,0,279.0,190.0,173.0,302.0,100.97524449091472,299.64733333333334,3,22,47,327,2012,0.43388373911755823,-0.900968867902419,-0.5000000000000004,0.8660254037844384,-0.6084768701151264,0.7935716089521472,101002.0,80284.0,80932.0,73742.0,82291.0,73809.0,,98739.71428571429,22163.22257490471,106175.35714285714,34514.96178494897,92345.83333333333,28098.329405590255,86308.45,28664.190704191737,144,0.20168067226890757,0,0,0,0,78016.5,76507.0
2012-11-23,298630,120,1862,15.32,,1021.7100000000002,5,0,11,4,328,1,0,0,0,0,0,406.0,280.0,250.0,332.85714285714283,93.7930853375816,307.814,4,23,47,328,2012,-0.433883739117558,-0.9009688679024191,-0.5000000000000004,0.8660254037844384,-0.594726686960764,0.8039279618328208,80042.0,101002.0,80284.0,100493.0,82617.0,73887.0,,127045.0,78837.36267997134,121604.85714285714,61166.54088741552,99837.26666666666,46766.01663080408,90264.53333333334,39486.26544760686,145,0.2030812324929972,0,0,0,0,91555.0,75835.0
2012-11-24,101387,74,509,15.82,,509.0,6,1,11,4,329,0,0,0,0,0,0,1021.7100000000002,498.0,1021.7100000000002,438.8157142857143,272.6159405865783,335.8376666666667,5,24,47,329,2012,-0.9749279121818236,-0.2225209339563146,-0.5000000000000004,0.8660254037844384,-0.5808002734538013,0.8140460935082175,298630.0,80042.0,101002.0,142017.0,173448.0,70738.0,,121240.71428571429,79046.73994693329,116457.64285714286,59476.97116804269,100858.9,46442.05560907648,90710.75,39457.672642897596,146,0.20448179271708683,0,0,0,0,157732.5,123138.5
2012-11-25,117553,51,381,16.87,,381.0,7,1,11,4,330,0,0,0,0,0,0,509.0,365.0,1021.7100000000002,440.38714285714286,273.04531826019206,347.1043333333334,6,25,47,330,2012,-0.7818314824680299,0.6234898018587334,-0.5000000000000004,0.8660254037844384,-0.5667017562911184,0.8239230057575536,101387.0,298630.0,80042.0,106408.0,141094.0,76261.0,,122832.85714285714,78810.07546506682,114776.14285714286,59058.183054258756,102235.3,46299.57671970812,91507.05,39510.076601183115,147,0.20588235294117646,0,0,0,0,123751.0,103744.5
2012-11-26,91151,32,150,14.04,,150.0,1,0,11,4,331,0,0,0,0,0,0,381.0,247.0,993.0,442.67285714285714,272.37520535187525,352.50433333333336,0,26,48,331,2012,0.0,1.0,-0.5000000000000004,0.8660254037844384,-0.5524353131676203,0.8335557718385695,117553.0,101387.0,298630.0,80932.0,162427.0,87596.0,,124292.71428571429,77994.98694513278,109685.0,57690.79629568979,102353.8,46265.35333710202,91901.23333333334,39384.28416684077,148,0.20728291316526612,0,0,0,0,121679.5,79553.0
2012-11-27,70434,23,141,10.28,,141.0,2,0,11,4,332,0,0,0,0,0,0,150.0,255.0,148.0,428.8157142857143,286.11038265310265,348.571,1,27,48,332,2012,0.7818314824680298,0.6234898018587336,-0.5000000000000004,0.8660254037844384,-0.5380051715382992,0.8429415373547832,91151.0,117553.0,101387.0,80284.0,94505.0,71325.0,,122885.57142857143,79003.63045003513,107965.64285714286,58530.58744018731,102324.1,46286.240378420945,91817.91666666667,39424.97948122021,149,0.20868347338935575,0,0,0,0,87394.5,75810.5
2012-11-28,115107,24,164,10.84,,164.0,3,0,11,4,333,0,0,0,0,0,0,141.0,279.0,157.0,412.53,300.5340573601158,346.8043333333334,2,28,48,333,2012,0.9749279121818236,-0.22252093395631434,-0.5000000000000004,0.8660254037844384,-0.5234156073655503,0.8520775211013093,70434.0,91151.0,117553.0,101002.0,67444.0,91751.0,,124900.57142857143,78530.92346937215,111370.14285714286,57366.911139352225,103102.63333333333,46298.69070427246,92290.2,39533.064527587216,150,0.21008403361344538,0,0,0,0,84223.0,90457.5
2012-11-29,105957,38,164,10.03,,164.0,4,0,11,4,334,0,0,0,0,0,0,164.0,406.0,190.0,396.1014285714286,311.9754082417701,348.2376666666667,3,29,48,334,2012,0.43388373911755823,-0.900968867902419,-0.5000000000000004,0.8660254037844384,-0.5086709438521042,0.8609610158889945,115107.0,70434.0,91151.0,80042.0,73742.0,79117.0,,128602.71428571429,76652.09508055275,113671.21428571429,56379.079850567876,103997.3,46078.01406172378,92763.8,39523.585099858596,151,0.211484593837535,0,0,0,0,76892.0,81166.5
2012-11-30,105142,65,210,15.31,,210.0,5,0,11,4,335,0,0,0,0,0,0,164.0,1021.7100000000002,280.0,361.53,323.87722411432395,349.00433333333336,4,30,48,335,2012,-0.433883739117558,-0.9009688679024191,-0.5000000000000004,0.8660254037844384,-0.49377555015997737,0.8695893893466109,105957.0,115107.0,70434.0,298630.0,100493.0,85740.0,,100961.57142857143,16052.828721206297,114003.28571428571,56309.13762905163,104644.03333333334,45948.903942113895,93642.08333333333,39196.60229882943,152,0.21288515406162464,1,0,0,1,199561.5,190623.5
2012-12-01,134072,63,458,10.62,,458.0,6,1,12,4,336,0,0,0,0,0,0,210.0,509.0,498.0,245.57142857142856,142.8155653781679,350.17100000000005,5,1,48,336,2012,-0.9749279121818236,-0.2225209339563146,-2.4492935982947064e-16,1.0,-0.4787338401157883,0.8779600847008883,105142.0,105957.0,115107.0,101387.0,142017.0,79272.0,,105630.85714285714,20370.17323955613,113435.78571428571,56044.50365170468,106470.7,45994.72055322183,94407.76666666666,39534.38197675054,153,0.21428571428571427,0,0,0,0,121702.0,137417.5
2012-12-02,124170,62,322,10.99,,322.0,7,1,12,4,337,0,0,0,0,0,0,458.0,381.0,365.0,238.28571428571428,127.63060537571488,359.8043333333334,6,2,48,337,2012,-0.7818314824680299,0.6234898018587334,-2.4492935982947064e-16,1.0,-0.4635502709028512,0.8860706215341378,134072.0,105142.0,105957.0,117553.0,106408.0,51177.0,,106576.14285714286,21154.08202868173,114704.5,56074.210269482704,108903.8,44886.134844392276,95355.98333333334,39554.90483224369,154,0.21568627450980393,0,0,0,0,111980.5,129323.5
2012-12-03,99255,30,159,14.26,,159.0,1,0,12,4,338,0,0,0,0,0,0,322.0,150.0,247.0,229.8571428571429,118.23765414259069,361.8376666666667,0,3,49,338,2012,0.0,1.0,-2.4492935982947064e-16,1.0,-0.4482293417404106,0.893918596519257,124170.0,134072.0,105142.0,91151.0,80932.0,104260.0,,107733.85714285714,20376.674176032633,116013.28571428571,55435.51080646441,108736.96666666666,44913.28326628407,95647.83333333333,39517.35189275492,155,0.21708683473389356,0,0,0,0,86041.5,126789.0
2012-12-04,97244,19,168,16.48,,168.0,2,0,12,4,339,0,0,0,0,0,0,159.0,141.0,255.0,231.14285714285717,117.26953081317794,354.90433333333334,1,4,49,339,2012,0.7818314824680298,0.6234898018587336,-2.4492935982947064e-16,1.0,-0.4327755925504317,0.9015016841318838,99255.0,124170.0,134072.0,70434.0,80284.0,101081.0,,111563.85714285714,13585.093318641395,117224.71428571429,54776.05074571103,108609.06666666667,44941.29162848774,95844.1,39495.17293856883,156,0.2184873949579832,0,0,0,0,75359.0,82469.5
2012-12-05,113868,28,205,15.27,,205.0,3,0,12,4,340,0,0,0,0,0,0,168.0,164.0,279.0,235.0,114.21471008587304,351.37100000000004,2,5,49,340,2012,0.9749279121818236,-0.22252093395631434,-2.4492935982947064e-16,1.0,-0.41719360261231697,0.9088176373395028,97244.0,99255.0,124170.0,115107.0,101002.0,78174.0,,111386.85714285714,13539.229870129064,118143.71428571429,54590.55411167565,109798.86666666667,44578.78166969151,94274.23333333334,36734.696183680986,157,0.21988795518207283,0,0,0,0,108054.5,91275.5
2012-12-06,96710,29,213,13.8,,213.0,4,0,12,4,341,0,0,0,0,0,0,205.0,164.0,406.0,240.8571428571429,110.97211146864583,353.87100000000004,3,6,49,341,2012,0.43388373911755823,-0.900968867902419,-2.4492935982947064e-16,1.0,-0.4014879892059737,0.9158642882672868,113868.0,97244.0,99255.0,105957.0,80042.0,71337.0,,110065.85714285714,14569.236841470516,119334.28571428571,53872.70666820305,110644.63333333333,44061.59837325182,93999.9,36652.56107161513,158,0.22128851540616246,0,0,0,0,92999.5,89849.5
2012-12-07,124599,54,273,12.79,,273.0,5,0,12,4,342,0,0,0,0,0,0,213.0,210.0,1021.7100000000002,247.8571428571429,106.78237771503414,356.6376666666667,4,7,49,342,2012,-0.433883739117558,-0.9009688679024191,-2.4492935982947064e-16,1.0,-0.38566340624360745,0.9226395488404875,96710.0,113868.0,97244.0,105142.0,298630.0,79913.0,,112845.42857142857,15310.463326944708,106903.5,16283.339280239506,112134.16666666667,43741.02424583486,94323.63333333333,36838.248734100845,159,0.22268907563025211,0,0,0,0,201886.0,102817.5
2012-12-08,119663,40,412,10.19,,412.0,6,1,12,4,343,0,0,0,0,0,0,273.0,458.0,509.0,256.85714285714283,105.70939499626428,360.771,5,8,49,343,2012,-0.9749279121818236,-0.2225209339563146,-2.4492935982947064e-16,1.0,-0.3697245428906732,0.9291414114031743,124599.0,96710.0,113868.0,134072.0,101387.0,82291.0,,110787.0,12732.59447245551,108208.92857142857,16537.66761279942,113379.9,43392.575262205944,95338.5,36680.62669811005,160,0.22408963585434175,0,0,0,0,117729.5,138044.5
2012-12-09,119595,54,435,17.02,,435.0,7,1,12,4,344,0,0,0,0,0,0,412.0,322.0,381.0,250.28571428571428,91.61097875566804,368.7376666666667,6,9,49,344,2012,-0.7818314824680299,0.6234898018587334,-2.4492935982947064e-16,1.0,-0.3536761221763721,0.935367949313148,119663.0,124599.0,96710.0,124170.0,117553.0,82617.0,,110133.42857142857,12029.130321254272,108354.78571428571,16635.136498843982,114612.5,43012.12516196191,96351.81666666667,36493.335581269865,161,0.22549019607843138,0,0,0,0,120861.5,115289.0
2012-12-10,114907,27,189,12.27,,189.0,1,0,12,4,345,0,0,0,0,0,0,435.0,159.0,150.0,266.42857142857144,113.65717038952012,374.9043333333333,0,10,50,345,2012,0.0,1.0,-2.4492935982947064e-16,1.0,-0.33752289959411347,0.941317317512847,119595.0,119663.0,124599.0,99255.0,91151.0,173448.0,,112369.42857142857,11087.897018177924,110051.64285714286,15942.472767408666,112661.13333333333,41554.069526202926,96849.91666666667,36539.98742371354,162,0.226890756302521,0,0,0,0,95203.0,90093.5
2012-12-11,124434,27,212,12.56,,212.0,2,0,12,4,346,0,0,0,0,0,0,189.0,168.0,141.0,270.7142857142857,109.41772294851562,347.14733333333334,1,11,50,346,2012,0.7818314824680298,0.6234898018587336,-2.4492935982947064e-16,1.0,-0.32126966169236515,0.9469877530760751,114907.0,119595.0,119663.0,97244.0,70434.0,141094.0,,116253.71428571429,9563.910701421597,113908.78571428571,11546.2966102597,112105.8,41271.34798096032,97700.68333333333,36578.69669421229,163,0.22829131652661064,0,0,0,0,83839.0,88764.0
2012-12-12,104530,33,244,12.9,,244.0,3,0,12,4,347,0,0,0,0,0,0,212.0,205.0,164.0,277.0,103.64522822268935,320.15700000000004,2,12,50,347,2012,0.9749279121818236,-0.22252093395631434,-2.4492935982947064e-16,1.0,-0.3049212246562894,0.9523775757303973,124434.0,114907.0,119595.0,113868.0,115107.0,162427.0,,114919.71428571429,10552.30843171767,113153.28571428571,11805.003928768869,110175.9,40176.264616149885,97964.31666666667,36569.815988604554,164,0.22969187675070027,0,0,0,0,114487.5,107435.0
2012-12-13,126595,47,235,10.81,,235.0,4,0,12,4,348,0,0,0,0,0,0,244.0,213.0,164.0,282.57142857142856,100.1180255878984,295.19033333333334,3,13,50,348,2012,0.43388373911755823,-0.900968867902419,-2.4492935982947064e-16,1.0,-0.2884824328806098,0.9574851883550389,104530.0,124434.0,114907.0,96710.0,105957.0,94505.0,,119189.0,7585.493589741192,114627.42857142857,12121.580645306374,111245.56666666667,40171.83738656528,98811.88333333333,36635.27824522157,165,0.23109243697478993,0,0,0,0,101333.5,88376.0
2012-12-14,97560,56,299,18.55,,299.0,5,0,12,4,349,0,0,0,0,0,0,235.0,273.0,210.0,285.7142857142857,97.89060950148108,298.0903333333334,4,14,50,349,2012,-0.433883739117558,-0.9009688679024191,-2.4492935982947064e-16,1.0,-0.27195815753410524,0.9623090774541487,126595.0,104530.0,124434.0,124599.0,105142.0,67444.0,,115326.28571428571,10640.64446222282,114085.85714285714,12731.979402924364,112249.43333333333,39408.560288066365,99577.85,36108.13912323955,166,0.23249299719887956,0,0,0,0,114870.5,211614.5
2012-12-15,123533,47,601,18.21,,601.0,6,1,12,4,350,0,0,0,0,0,0,299.0,412.0,458.0,289.42857142857144,97.82102218312998,302.8236666666667,5,15,50,350,2012,-0.9749279121818236,-0.2225209339563146,-2.4492935982947064e-16,1.0,-0.2553532951161881,0.9668478136052773,97560.0,126595.0,104530.0,119663.0,134072.0,73742.0,,115879.14285714286,10998.055880148171,113333.07142857143,11731.65306382254,113909.13333333333,38774.26378387615,100610.88333333333,35887.73534991422,167,0.2338935574229692,0,0,0,0,126867.5,110525.0
2012-12-16,128205,35,486,18.08,,486.0,7,1,12,4,351,0,0,0,0,0,0,601.0,435.0,322.0,316.42857142857144,149.6460904298953,316.5236666666667,6,16,50,351,2012,-0.7818314824680299,0.6234898018587334,-2.4492935982947064e-16,1.0,-0.23867276600594997,0.9711000518829505,123533.0,97560.0,126595.0,119595.0,124170.0,100493.0,,117109.14285714286,11925.269101486216,113621.28571428571,12063.244176669094,114832.86666666667,38773.721593219634,101792.36666666667,35604.007949956525,168,0.23529411764705882,0,0,0,0,121882.5,118574.0
2012-12-17,134018,32,349,17.52,,349.0,1,0,12,4,352,0,0,0,0,0,0,486.0,189.0,159.0,323.7142857142857,157.4205771023538,323.3903333333334,0,17,51,352,2012,0.0,1.0,-2.4492935982947064e-16,1.0,-0.22192151300416674,0.9750645322571945,128205.0,123533.0,97560.0,114907.0,99255.0,142017.0,,119839.28571428571,13429.795949235422,116104.35714285714,12450.211481720597,114566.23333333334,38607.48655974538,102848.23333333334,35604.662382927636,169,0.23669467787114845,0,0,0,0,107081.0,103029.0
2012-12-18,98110,32,339,14.29,,339.0,2,0,12,4,353,0,0,0,0,0,0,349.0,212.0,168.0,346.57142857142856,145.78621007358367,318.4236666666667,1,18,51,353,2012,0.7818314824680298,0.6234898018587336,-2.4492935982947064e-16,1.0,-0.20510449986861926,0.9787400799669153,134018.0,128205.0,123533.0,124434.0,97244.0,106408.0,,116078.71428571429,15460.776669950958,116166.21428571429,12351.054786339984,114289.63333333333,38697.571051355575,103210.21666666666,35441.14977957156,170,0.23809523809523808,0,0,0,0,110839.0,97434.0
2012-12-19,100354,37,439,18.88,,439.0,3,0,12,4,354,0,0,0,0,0,0,339.0,244.0,205.0,364.7142857142857,133.64469597370777,317.557,2,19,51,354,2012,0.9749279121818236,-0.22252093395631434,-2.4492935982947064e-16,1.0,-0.1882267098432439,0.9821256058680006,98110.0,134018.0,128205.0,104530.0,113868.0,80932.0,,115482.14285714286,16050.006473815778,115200.92857142857,13052.646848962977,114937.03333333334,38280.477839488114,103473.7,35358.70257431664,171,0.23949579831932774,0,0,0,0,109199.0,109818.5
2012-12-20,124814,39,438,16.42,,438.0,4,0,12,4,355,0,0,0,0,0,0,439.0,235.0,213.0,392.57142857142856,124.28442801742727,323.95700000000005,3,20,51,355,2012,0.43388373911755823,-0.900968867902419,-2.4492935982947064e-16,1.0,-0.1712931441814778,0.9852201067560606,100354.0,98110.0,134018.0,126595.0,96710.0,80284.0,,115227.71428571429,15857.443433230332,117208.35714285714,12117.725723451502,116421.36666666667,37750.121677340634,103813.6,35465.81405212157,172,0.24089635854341737,0,0,0,0,111652.5,116276.0
2012-12-21,124510,69,529,18.12,,529.0,5,0,12,4,356,0,0,0,0,0,0,438.0,299.0,273.0,421.57142857142856,103.30191534664652,330.057,4,21,51,356,2012,-0.433883739117558,-0.9009688679024191,-2.4492935982947064e-16,1.0,-0.154308820664281,0.9880226656636976,124814.0,100354.0,98110.0,97560.0,124599.0,101002.0,,119077.71428571429,14017.883063124522,117202.0,12113.572864290229,117204.96666666666,37662.90004993328,104671.51666666666,35330.994581985135,173,0.242296918767507,0,0,0,0,111079.5,101351.0
2012-12-22,126332,67,784,19.93,,784.0,6,1,12,4,357,0,0,0,0,0,0,529.0,601.0,412.0,454.4285714285714,93.97492066655715,338.3903333333334,5,22,51,357,2012,-0.9749279121818236,-0.2225209339563146,-2.4492935982947064e-16,1.0,-0.13727877211326517,0.9905324521322227,124510.0,124814.0,100354.0,123533.0,119663.0,80042.0,,119477.57142857143,14204.824084997288,117678.35714285714,12346.678068378671,118747.96666666666,37030.79722058323,105546.9,35203.80742009576,174,0.24369747899159663,0,0,0,0,121598.0,128802.5
2012-12-23,135585,49,783,17.36,,783.0,7,1,12,4,358,0,0,0,0,0,0,784.0,486.0,435.0,480.57142857142856,150.18750185779678,350.9903333333333,6,23,51,358,2012,-0.7818314824680299,0.6234898018587334,-2.4492935982947064e-16,1.0,-0.12020804489935275,0.9927487224577402,126332.0,124510.0,124814.0,128205.0,119595.0,298630.0,,120531.85714285714,15199.576643540504,118820.5,13244.556052902213,113313.13333333333,15320.637102385424,106575.2,35164.424791859965,175,0.24509803921568626,0,0,0,0,123900.0,126187.5
2012-12-24,103600,41,363,21.33,,363.0,1,0,12,4,359,0,0,0,0,0,0,783.0,349.0,189.0,523.0,188.9312044104943,343.03333333333336,0,24,52,359,2012,0.0,1.0,-2.4492935982947064e-16,1.0,-0.10310169744743544,0.9946708199115211,135585.0,126332.0,124510.0,134018.0,114907.0,101387.0,,116186.42857142857,15048.78329364378,118012.85714285714,13833.219675600241,113386.9,15266.466263090138,107122.9,34851.31076964989,176,0.24649859943977592,0,1,0,1,124462.5,116636.5
2012-12-25,0,0,0,0.0,,0.0,2,0,12,4,360,0,0,0,0,0,0,363.0,339.0,212.0,525.0,186.84485542824015,338.1666666666667,1,25,52,360,2012,0.7818314824680298,0.6234898018587336,-2.4492935982947064e-16,1.0,-0.0859647987374467,0.9962981749346077,103600.0,135585.0,126332.0,98110.0,124434.0,117553.0,,102170.71428571429,46826.35023400926,109124.71428571429,34269.82275644635,109468.46666666666,25688.783196553723,105851.88333333333,37300.46296576944,177,0.24789915966386555,0,1,0,1,111272.0,97677.0
2012-12-26,108910,40,757,18.68,,757.0,3,0,12,4,361,0,0,0,0,0,0,0.0,439.0,244.0,476.57142857142856,268.9726486360383,325.46666666666664,2,26,52,361,2012,0.9749279121818236,-0.22252093395631434,-2.4492935982947064e-16,1.0,-0.06880242680232064,0.9976303053065857,0.0,103600.0,135585.0,100354.0,104530.0,91151.0,,103393.0,46882.65866678926,109437.57142857143,34244.633674409655,110060.43333333333,25455.683902493736,106207.11666666667,37225.071528584,178,0.24929971988795518,0,1,0,1,102442.0,107111.0
2012-12-27,96406,43,435,19.44,,435.0,4,0,12,4,362,0,0,0,0,0,0,757.0,438.0,235.0,522.0,287.7672670753225,345.7,3,27,52,362,2012,0.43388373911755823,-0.900968867902419,-2.4492935982947064e-16,1.0,-0.05161966722325418,0.9986668162884759,108910.0,0.0,103600.0,124814.0,126595.0,70434.0,,99334.71428571429,45939.4043812582,107281.21428571429,34030.95920160531,110926.16666666667,24484.66652485457,106625.13333333333,36966.65162670807,179,0.2507002801120448,0,1,0,1,125704.5,110762.0
2012-12-28,104696,39,443,12.12,,443.0,5,0,12,4,363,0,0,0,0,0,0,435.0,529.0,299.0,521.5714285714286,287.91541416583743,355.5,4,28,52,363,2012,-0.433883739117558,-0.9009688679024191,-2.4492935982947064e-16,1.0,-0.034421611622745804,0.9994074007397048,96406.0,108910.0,0.0,124510.0,97560.0,115107.0,,96504.14285714286,44724.0365665883,107790.92857142857,33927.43886016002,110579.13333333333,24497.14310962268,106840.88333333333,36916.11091177628,180,0.25210084033613445,0,1,0,1,111035.0,124554.5
2012-12-29,123156,48,506,12.61,,506.0,6,1,12,4,364,0,0,0,0,0,0,443.0,784.0,601.0,509.2857142857143,289.37675228308296,364.8,5,29,52,364,2012,-0.9749279121818236,-0.2225209339563146,-2.4492935982947064e-16,1.0,-0.01721335615583528,0.9998518392091162,104696.0,96406.0,108910.0,126332.0,123533.0,105957.0,,96050.42857142857,44385.838792183684,107764.0,33914.13008671265,111152.43333333333,24586.331966447706,107574.86666666667,36793.14621118337,181,0.2535014005602241,0,1,0,1,124932.5,122997.5
2012-12-30,101759,48,483,17.19,,483.0,7,1,12,4,365,0,0,0,0,0,0,506.0,783.0,486.0,469.57142857142856,263.29188944519166,376.2,6,30,52,365,2012,-0.7818314824680299,0.6234898018587334,-2.4492935982947064e-16,1.0,6.432490598706546e-16,1.0,123156.0,104696.0,96406.0,135585.0,128205.0,105142.0,,91218.14285714286,41082.77145969496,105875.0,33420.92378228861,111039.66666666667,24622.581210573047,107841.85,36689.99470498323,182,0.2549019607843137,0,1,0,1,131895.0,127590.0
2012-12-31,103153,28,406,13.42,,406.0,1,0,12,4,366,0,0,0,1,0,0,483.0,363.0,349.0,426.7142857142857,225.4704077299386,385.3,0,31,1,366,2012,0.0,1.0,-2.4492935982947064e-16,1.0,0.017213356155833904,0.9998518392091162,101759.0,123156.0,104696.0,103600.0,134018.0,134072.0,,91154.28571428571,41060.65949589824,103670.35714285714,32424.81295505551,110009.03333333334,24269.83272818384,108239.86666666667,36503.872774559764,183,0.25630252100840334,0,1,0,1,118809.0,109253.5
2013-01-01,67313,31,234,17.79,,234.0,2,0,1,1,1,0,0,1,0,0,0,406.0,0.0,339.0,432.8571428571428,224.02635899333256,383.56666666666666,1,1,1,1,2013,0.7818314824680298,0.6234898018587336,0.49999999999999994,0.8660254037844387,0.017213356155834685,0.9998518392091162,103153.0,101759.0,123156.0,0.0,98110.0,124170.0,,100770.42857142857,16969.96476972532,101470.57142857143,33844.64902988432,108113.8,25323.002792745174,108508.8,36133.915023264184,184,0.25770308123249297,0,0,1,1,49055.0,62217.0
2013-01-02,89545,23,310,13.41,,310.0,3,0,1,1,2,0,0,0,1,0,0,234.0,757.0,439.0,466.2857142857143,155.71524682971182,380.6333333333333,2,2,1,2,2013,0.9749279121818236,-0.22252093395631434,0.49999999999999994,0.8660254037844387,0.03442161162274574,0.9994074007397048,67313.0,103153.0,101759.0,108910.0,100354.0,99255.0,,98004.0,17000.313526520735,100698.5,33995.03434949114,107790.13333333333,25501.561030966175,108263.55,36213.09193799012,185,0.25910364145658266,0,0,0,0,104632.0,106720.0
2013-01-03,83721,34,225,20.01,,225.0,4,0,1,1,3,0,0,0,0,0,0,310.0,435.0,438.0,402.4285714285714,97.339367066734,385.6666666666667,3,3,1,3,2013,0.43388373911755823,-0.900968867902419,0.49999999999999994,0.8660254037844387,0.051619667223253764,0.998666816288476,89545.0,67313.0,103153.0,96406.0,124814.0,97244.0,,96191.85714285714,17853.699023158406,97763.28571428571,33523.43851793756,107339.36666666667,25812.029652701753,107974.21666666666,36340.577904647966,186,0.2605042016806723,0,0,0,0,110610.0,111500.5
2013-01-04,104264,48,229,16.95,,229.0,5,0,1,1,4,0,0,0,0,0,0,225.0,443.0,529.0,372.4285714285714,116.16777686153932,387.56666666666666,4,4,1,4,2013,-0.433883739117558,-0.9009688679024191,0.49999999999999994,0.8660254037844387,0.06880242680231986,0.9976303053065857,83721.0,89545.0,67313.0,104696.0,124510.0,113868.0,,96130.14285714286,17820.118765303654,96317.14285714286,32707.639714145305,107019.23333333334,25787.8116327413,108409.05,36133.459431046555,187,0.2619047619047619,0,0,0,0,114603.0,101128.0
2013-01-05,105933,53,327,17.04,,327.0,6,1,1,1,5,0,0,0,0,0,0,229.0,506.0,784.0,341.85714285714283,122.4873171277046,388.3666666666667,5,5,1,5,2013,-0.9749279121818236,-0.2225209339563146,0.49999999999999994,0.8660254037844387,0.08596479873744647,0.9962981749346078,104264.0,83721.0,89545.0,123156.0,126332.0,96710.0,,93669.71428571429,14310.036626022262,94860.07142857143,31706.72860272435,107326.66666666667,25715.54594126813,108985.65,35806.40800893808,188,0.26330532212885155,0,0,0,0,124744.0,123344.5
2013-01-06,81640,34,215,15.17,,215.0,7,1,1,1,6,0,0,0,0,0,0,327.0,483.0,783.0,316.2857142857143,98.9271015878432,392.1666666666667,6,6,1,6,2013,-0.7818314824680299,0.6234898018587334,0.49999999999999994,0.8660254037844387,0.10310169744743485,0.9946708199115211,105933.0,104264.0,83721.0,101759.0,135585.0,124599.0,,90795.57142857143,14434.423506063,91006.85714285714,29583.65601231447,105894.7,25915.875362477123,109014.43333333333,35783.32826054981,189,0.2647058823529412,0,0,0,0,118672.0,114982.0
2013-01-07,71331,21,165,17.52,,165.0,1,0,1,1,7,0,0,0,0,0,0,215.0,406.0,363.0,278.0,71.79136438319047,390.23333333333335,0,7,2,7,2013,0.0,1.0,0.49999999999999994,0.8660254037844387,0.1202080448993527,0.9927487224577402,81640.0,105933.0,104264.0,103153.0,103600.0,119663.0,,86249.57142857143,14897.51757684426,88701.92857142857,29783.422734194624,104283.63333333333,26525.56507699739,108831.76666666666,35949.64593652606,190,0.2661064425770308,0,0,0,0,103376.5,118585.5
2013-01-08,75197,17,125,12.71,,125.0,2,0,1,1,8,0,0,0,0,0,0,165.0,234.0,0.0,243.57142857142856,56.29048807408839,382.0,1,8,2,8,2013,0.7818314824680298,0.6234898018587336,0.49999999999999994,0.8660254037844387,0.13727877211326478,0.9905324521322229,71331.0,81640.0,105933.0,67313.0,0.0,119595.0,,87375.85714285714,13455.49541300976,94073.14285714286,16272.041311389474,102803.7,26878.04557646157,108708.1,36053.964136028604,191,0.26750700280112044,0,0,0,0,33656.5,82711.5
2013-01-09,78595,26,161,14.89,,161.0,3,0,1,1,9,0,0,0,0,0,0,125.0,310.0,757.0,228.0,72.20572461146492,371.6666666666667,2,9,2,9,2013,0.9749279121818236,-0.22252093395631434,0.49999999999999994,0.8660254037844387,0.15430882066428117,0.9880226656636976,75197.0,71331.0,81640.0,89545.0,108910.0,114907.0,,85811.57142857143,13793.546097809065,91907.78571428571,16162.466120750285,101593.3,27130.635391913806,107127.21666666666,35237.45216702605,192,0.2689075630252101,0,0,0,0,99227.5,94949.5
2013-01-10,69737,37,147,16.83,,147.0,4,0,1,1,10,0,0,0,0,0,0,161.0,225.0,435.0,206.7142857142857,65.67017152841522,370.73333333333335,3,10,2,10,2013,0.43388373911755823,-0.900968867902419,0.49999999999999994,0.8660254037844387,0.1712931441814776,0.9852201067560606,78595.0,75197.0,71331.0,83721.0,96406.0,124434.0,,83813.85714285714,15097.774697270006,90002.85714285714,17133.94362013681,99770.06666666667,27379.49824851125,105937.93333333333,35275.77223979833,193,0.2703081232492997,0,0,0,0,90063.5,104267.5
2013-01-11,79331,38,187,15.83,,187.0,5,0,1,1,11,0,0,0,0,0,0,147.0,229.0,443.0,195.57142857142856,68.60237396975243,368.56666666666666,4,11,2,11,2013,-0.433883739117558,-0.9009688679024191,0.49999999999999994,0.8660254037844387,0.1882267098432442,0.9821256058680006,69737.0,78595.0,75197.0,104264.0,104696.0,104530.0,,80252.0,12115.669509633755,88191.07142857143,16798.535776230012,98930.1,27613.96633558387,104553.0,34645.97174911797,194,0.27170868347338933,0,0,0,0,104480.0,114387.0
2013-01-12,89031,36,280,17.35,,280.0,6,1,1,1,12,0,0,0,0,0,0,187.0,327.0,506.0,189.57142857142856,67.0095941957998,366.6666666666667,5,12,2,12,2013,-0.9749279121818236,-0.2225209339563146,0.49999999999999994,0.8660254037844387,0.2051044998686192,0.9787400799669153,79331.0,69737.0,78595.0,105933.0,123156.0,126595.0,,77837.42857142857,6550.861008476915,85753.57142857143,13483.494232775109,97677.96666666666,27164.259809515355,104461.76666666666,34680.07021006652,195,0.27310924369747897,0,0,0,0,114544.5,116132.5
2013-01-13,93407,33,231,15.49,,231.0,7,1,1,1,13,0,0,0,0,0,0,280.0,215.0,483.0,182.8571428571429,51.50543198352556,368.1666666666667,6,13,2,13,2013,-0.7818314824680299,0.6234898018587334,0.49999999999999994,0.8660254037844387,0.2219215130041655,0.9750645322571948,89031.0,79331.0,69737.0,81640.0,101759.0,97560.0,,79518.42857142857,8809.600423347814,85157.0,12892.689276067877,97539.53333333334,27175.461576809408,104894.48333333334,34370.95421146319,196,0.27450980392156865,0,0,0,0,91699.5,108612.5
2013-01-14,65091,22,129,18.47,,129.0,1,0,1,1,14,0,0,0,0,0,0,231.0,165.0,406.0,185.14285714285717,53.48653591147568,365.9,0,14,3,14,2013,0.0,1.0,0.49999999999999994,0.8660254037844387,0.2386727660059501,0.9711000518829505,93407.0,89031.0,79331.0,71331.0,103153.0,123533.0,,78627.0,10010.06620024741,82438.28571428571,12818.81824283588,95591.46666666666,27342.06292160846,104750.3,34521.66596737061,197,0.2759103641456583,0,0,0,0,87242.0,87465.5
2013-01-15,74162,18,142,15.58,,142.0,2,0,1,1,15,0,0,0,0,0,0,129.0,125.0,234.0,180.0,57.33817808987935,350.1666666666667,1,15,3,15,2013,0.7818314824680298,0.6234898018587336,0.49999999999999994,0.8660254037844387,0.255353295116187,0.9668478136052775,65091.0,93407.0,89031.0,75197.0,67313.0,128205.0,,78479.14285714286,10076.59701864636,82927.5,12318.089648030975,93790.03333333334,26895.896599581934,104311.45,34743.35541469816,198,0.2773109243697479,0,0,0,0,71255.0,37598.5
2013-01-16,57698,25,137,12.58,,137.0,3,0,1,1,16,0,0,0,0,0,0,142.0,161.0,310.0,182.42857142857144,54.929825361872105,338.7,2,16,3,16,2013,0.9749279121818236,-0.22252093395631434,0.49999999999999994,0.8660254037844387,0.2719581575341055,0.9623090774541486,74162.0,65091.0,93407.0,78595.0,89545.0,134018.0,,75493.85714285714,12771.620915511303,80652.71428571429,13847.661804454718,91246.03333333334,26567.07571604936,102906.13333333333,34897.32016007539,199,0.27871148459383754,0,0,0,0,84070.0,93752.5
2013-01-17,83602,25,132,14.56,,132.0,4,0,1,1,17,0,0,0,0,0,0,137.0,147.0,225.0,179.0,57.1926568713157,331.6333333333333,3,17,3,17,2013,0.43388373911755823,-0.900968867902419,0.49999999999999994,0.8660254037844387,0.288482432880609,0.9574851883550393,57698.0,74162.0,65091.0,69737.0,83721.0,98110.0,,77474.57142857143,12805.101702799933,80644.21428571429,13845.669926723838,90762.43333333333,26569.866902556,102526.03333333334,34982.62819247733,200,0.2801120448179272,0,0,0,0,76729.0,83071.5
2013-01-18,81221,42,185,11.41,,185.0,5,0,1,1,18,0,0,0,0,0,1,132.0,187.0,229.0,176.85714285714286,58.84847370274706,324.7333333333333,4,18,3,18,2013,-0.433883739117558,-0.9009688679024191,0.49999999999999994,0.8660254037844387,0.30492122465628907,0.9523775757303974,83602.0,57698.0,74162.0,79331.0,104264.0,100354.0,,77744.57142857143,12870.527557915015,78998.28571428571,12078.73132938543,90124.66666666667,26561.324877806233,102530.85,34979.624339652684,201,0.2815126050420168,0,0,0,0,91797.5,92013.5
2013-01-19,158470,85,1026,14.16,,1021.7100000000002,6,1,1,1,19,0,0,0,0,1,1,185.0,280.0,327.0,176.57142857142858,58.79585343331991,316.26666666666665,5,19,3,19,2013,-0.9749279121818236,-0.2225209339563146,0.49999999999999994,0.8660254037844387,0.3212696616923644,0.9469877530760753,81221.0,83602.0,57698.0,89031.0,105933.0,124814.0,,87664.42857142857,33402.3184467643,82750.92857142857,23680.187591721602,91246.53333333334,28701.551439183433,103833.95,35587.86095858571,202,0.28291316526610644,0,0,0,0,97482.0,106093.5
2013-01-20,107860,77,806,16.89,,806.0,7,1,1,1,20,0,0,0,1,1,1,1021.7100000000002,231.0,215.0,282.53000000000003,328.05307441530465,335.72366666666665,6,20,3,20,2013,-0.7818314824680299,0.6234898018587334,0.49999999999999994,0.8660254037844387,0.3375228995941133,0.9413173175128471,158470.0,81221.0,83602.0,93407.0,81640.0,124510.0,,89729.14285714286,34252.328214923735,84623.78571428571,24604.395617852213,90691.53333333334,28192.62614858757,103948.25,35589.624339565,203,0.28431372549019607,0,0,0,0,87523.5,97583.0
2013-01-21,89920,53,589,12.34,,589.0,1,0,1,1,21,0,0,1,0,1,1,806.0,129.0,165.0,364.67285714285714,380.7550119921508,344.957,0,21,4,21,2013,0.0,1.0,0.49999999999999994,0.8660254037844387,0.3536761221763716,0.9353679493131483,107860.0,158470.0,81221.0,65091.0,71331.0,126332.0,,93276.14285714286,32517.333349197947,85951.57142857143,24331.937248475333,89477.8,27377.349590113925,104112.88333333333,35499.89664300624,204,0.2857142857142857,0,0,0,0,68211.0,84122.0
2013-01-22,46705,21,101,16.3,,101.0,2,0,1,1,22,0,0,0,1,0,1,589.0,142.0,125.0,430.38714285714286,372.9161377894627,338.457,1,22,4,22,2013,0.7818314824680298,0.6234898018587336,0.49999999999999994,0.8660254037844387,0.3697245428906731,0.9291414114031743,89920.0,107860.0,158470.0,74162.0,75197.0,135585.0,,89353.71428571429,36606.2029748798,83916.42857142857,26403.974766964733,86515.13333333333,27022.580316230484,99914.13333333333,25629.466402631515,205,0.28711484593837533,0,0,0,0,74679.5,70737.5
2013-01-23,63246,15,123,14.8,,123.0,3,0,1,1,23,0,0,0,0,0,0,101.0,137.0,161.0,424.53,378.4810162126145,315.72366666666665,2,23,4,23,2013,0.9749279121818236,-0.22252093395631434,0.49999999999999994,0.8660254037844387,0.38566340624360707,0.9226395488404876,46705.0,89920.0,107860.0,57698.0,78595.0,103600.0,,90146.28571428571,35859.01999364686,82820.07142857143,26954.84759446182,85170.0,27146.889037489986,99278.45,26061.6740505957,206,0.28851540616246496,0,0,0,0,68146.5,73621.5
2013-01-24,65406,32,105,9.29,,105.0,4,0,1,1,24,0,0,0,0,0,0,123.0,132.0,147.0,422.53,380.2863214737023,307.72366666666665,3,24,4,24,2013,0.43388373911755823,-0.900968867902419,0.49999999999999994,0.8660254037844387,0.401487989205973,0.9158642882672872,63246.0,46705.0,89920.0,83602.0,69737.0,0.0,,87546.85714285714,37052.14962017985,82510.71428571429,27140.762438779177,87350.2,22256.918786967253,98409.33333333333,26310.242340628494,207,0.28991596638655465,0,0,0,0,76669.5,83661.5
2013-01-25,62256,34,109,10.32,,109.0,5,0,1,1,25,0,0,0,0,0,0,105.0,185.0,187.0,418.67285714285714,383.8444986672896,311.22366666666665,4,25,4,25,2013,-0.433883739117558,-0.9009688679024191,0.49999999999999994,0.8660254037844387,0.4171936026123168,0.9088176373395029,65406.0,63246.0,46705.0,81221.0,79331.0,108910.0,,84837.57142857143,38265.302236957665,81291.07142857143,27673.07811536558,85795.06666666667,22328.336171831066,97927.75,26706.809589091088,208,0.2913165266106443,0,0,0,0,80276.0,92742.5
2013-01-26,62727,24,223,8.4,,223.0,6,1,1,1,26,0,0,0,0,0,0,109.0,1021.7100000000002,280.0,407.8157142857143,392.5321061967264,289.6236666666666,5,26,4,26,2013,-0.9749279121818236,-0.2225209339563146,0.49999999999999994,0.8660254037844387,0.4327755925504312,0.901501684131884,62256.0,65406.0,63246.0,158470.0,89031.0,96406.0,,71160.0,20587.25836530939,79412.21428571429,27998.196475373745,84672.43333333333,22621.18164797267,97799.3,26859.383858614638,209,0.2927170868347339,0,0,0,0,123750.5,132201.5
2013-01-27,55214,40,183,13.8,,183.0,7,1,1,1,27,0,0,0,0,0,0,223.0,806.0,231.0,293.7142857142857,285.9619521811217,282.557,6,27,4,27,2013,-0.7818314824680299,0.6234898018587334,0.49999999999999994,0.8660254037844387,0.4482293417404106,0.893918596519257,62727.0,62256.0,65406.0,107860.0,93407.0,104696.0,,63639.142857142855,13256.778849939044,76684.14285714286,28387.691525234528,83023.03333333334,22912.922401973337,96801.08333333333,27314.343621392694,210,0.29411764705882354,0,0,0,0,100633.5,94750.0
2013-01-28,47465,19,79,14.27,,79.0,1,0,1,1,28,0,0,0,0,0,0,183.0,589.0,129.0,204.7142857142857,175.60344936410414,273.89033333333333,0,28,5,28,2013,0.0,1.0,0.49999999999999994,0.8660254037844387,0.4635502709028509,0.886070621534138,55214.0,62727.0,62256.0,89920.0,65091.0,123156.0,,57574.142857142855,7830.314838893173,75425.14285714286,29317.046243432582,80500.0,22505.023333500023,95826.21666666666,28016.800373874776,211,0.29551820728291317,0,0,0,0,77505.5,80625.5
2013-01-29,50359,31,87,7.48,,87.0,2,0,1,1,29,0,0,0,0,0,0,79.0,101.0,142.0,131.85714285714286,51.62502161881324,259.657,1,29,5,29,2013,0.7818314824680298,0.6234898018587336,0.49999999999999994,0.8660254037844387,0.47873384011578846,0.8779600847008882,47465.0,55214.0,62727.0,46705.0,74162.0,101759.0,,58096.142857142855,7069.837514129351,73724.92857142857,30076.320091149428,78786.66666666667,22785.56382711522,94913.16666666667,28594.769416899508,212,0.2969187675070028,0,0,0,0,60433.5,60951.0
2013-01-30,51822,22,104,8.72,,104.0,3,0,1,1,30,0,0,0,0,0,0,87.0,123.0,137.0,129.85714285714286,53.264836967205056,246.457,2,30,5,30,2013,0.9749279121818236,-0.22252093395631434,0.49999999999999994,0.8660254037844387,0.49377555015997715,0.869589389346611,50359.0,47465.0,55214.0,63246.0,57698.0,103153.0,,56464.142857142855,7001.136656014544,73305.21428571429,30356.870965181955,77075.63333333333,22820.001545050196,93542.33333333333,28657.141215876163,213,0.29831932773109243,0,0,0,0,60472.0,70920.5
2013-01-31,58230,27,143,7.3,,143.0,4,0,1,1,31,0,0,0,0,0,0,104.0,105.0,132.0,127.14285714285714,54.14926460389776,236.39033333333336,3,31,5,31,2013,0.43388373911755823,-0.900968867902419,0.49999999999999994,0.8660254037844387,0.5086709438521044,0.8609610158889943,51822.0,50359.0,47465.0,65406.0,83602.0,67313.0,,55439.0,5914.67812592818,71492.92857142857,30452.070750517265,76772.86666666667,23013.429738447034,92443.33333333333,28726.976537250717,214,0.29971988795518206,0,0,0,0,74504.0,67571.5
2013-02-01,68048,28,174,10.89,,174.0,5,0,2,1,32,0,0,0,0,0,0,143.0,109.0,185.0,132.57142857142858,53.45982024803729,233.35700000000003,4,1,5,32,2013,-0.433883739117558,-0.9009688679024191,0.8660254037844386,0.5000000000000001,0.5234156073655503,0.8520775211013093,58230.0,51822.0,50359.0,62256.0,81221.0,89545.0,,56266.42857142857,7275.798120186838,70552.0,30331.640342160154,76056.3,22936.578508258783,91923.21666666666,28883.639695698075,215,0.3011204481792717,0,0,0,0,71738.5,70793.5
2013-02-02,65177,36,281,7.75,,281.0,6,1,2,1,33,0,0,0,0,0,0,174.0,223.0,1021.7100000000002,141.85714285714286,54.321354215534775,228.8236666666667,5,2,5,33,2013,-0.9749279121818236,-0.2225209339563146,0.8660254037844386,0.5000000000000001,0.5380051715382996,0.8429415373547828,68048.0,58230.0,51822.0,62727.0,158470.0,83721.0,,56616.42857142857,7685.75771274685,63888.21428571428,16728.006493848712,75438.16666666667,22972.74341037335,91388.76666666666,29079.530060762743,216,0.3025210084033613,0,0,0,0,110598.5,75879.0
2013-02-03,46463,18,156,6.8,,156.0,7,1,2,1,34,0,0,0,0,0,0,281.0,183.0,806.0,150.14285714285714,70.71168826398453,230.69033333333337,6,3,5,34,2013,-0.7818314824680299,0.6234898018587334,0.8660254037844386,0.5000000000000001,0.5524353131676196,0.8335557718385699,65177.0,68048.0,58230.0,55214.0,107860.0,104264.0,,55366.28571428572,8608.237677060377,59502.71428571428,11564.54870201692,73511.46666666666,22895.510539801522,90265.35,29495.42042122095,217,0.30392156862745096,0,0,0,0,81537.0,74310.5
2013-02-04,43802,21,117,9.39,,117.0,1,0,2,1,35,0,0,0,0,0,0,156.0,79.0,589.0,146.28571428571428,69.3438636691921,228.25700000000003,0,4,6,35,2013,0.0,1.0,0.8660254037844386,0.5000000000000001,0.5667017562911176,0.8239230057575542,46463.0,65177.0,68048.0,47465.0,89920.0,105933.0,,54843.0,9255.5940562091,56208.57142857143,8357.337197515086,71440.43333333333,22670.616633207992,89383.55,30084.475648833504,218,0.30532212885154064,0,0,0,0,68692.5,56278.0
2013-02-05,44982,14,116,6.79,,116.0,2,0,2,1,36,0,0,0,0,0,0,117.0,87.0,101.0,151.71428571428572,64.51799306062999,221.25700000000003,1,5,6,36,2013,0.7818314824680298,0.6234898018587336,0.8660254037844386,0.5000000000000001,0.5808002734538009,0.8140460935082178,43802.0,46463.0,65177.0,50359.0,46705.0,81640.0,,54074.857142857145,9891.064055138706,56085.5,8519.173350561974,70218.5,23086.025627922736,88056.6,30260.223590870795,219,0.3067226890756303,0,0,0,0,48532.0,62260.5
2013-02-06,54021,18,112,6.21,,112.0,3,0,2,1,37,0,0,0,0,0,0,116.0,104.0,123.0,155.85714285714286,60.47431568147693,217.957,2,6,6,37,2013,0.9749279121818236,-0.22252093395631434,0.8660254037844386,0.5000000000000001,0.5947266869607634,0.8039279618328213,44982.0,43802.0,46463.0,51822.0,63246.0,71331.0,,54389.0,9842.388124840427,55426.57142857143,8276.021310102875,69641.5,23272.824376631197,86962.56666666667,30284.758650530894,220,0.3081232492997199,0,0,0,0,57534.0,54760.0
2013-02-07,39233,28,112,11.53,,112.0,4,0,2,1,38,0,0,0,0,0,0,112.0,143.0,105.0,157.0,59.39696961967057,216.19033333333337,3,7,6,38,2013,0.43388373911755823,-0.900968867902419,0.8660254037844386,0.5000000000000001,0.6084768701151261,0.7935716089521474,54021.0,44982.0,43802.0,58230.0,65406.0,75197.0,,51675.142857142855,11140.253848522636,53557.07142857143,8788.60805872535,68442.7,23894.744717485377,85623.2,30592.574547606306,221,0.30952380952380953,0,0,0,0,61818.0,70916.0
2013-02-08,57136,36,190,16.0,,190.0,5,0,2,1,39,0,0,0,0,0,0,112.0,174.0,109.0,152.57142857142858,61.72481171257188,215.75700000000003,4,8,6,39,2013,-0.433883739117558,-0.9009688679024191,0.8660254037844386,0.5000000000000001,0.6220467484408675,0.7829801036770629,39233.0,54021.0,44982.0,68048.0,62256.0,78595.0,,50116.28571428572,9031.166364582225,53191.357142857145,8500.588781482735,67727.4,23901.542711139296,84660.35,30564.40442228483,222,0.31092436974789917,0,0,0,0,65152.0,74634.5
2013-02-09,67640,28,322,15.31,,322.0,6,1,2,1,40,0,0,0,0,0,0,190.0,281.0,223.0,154.85714285714286,62.93496265041868,216.7236666666667,5,9,6,40,2013,-0.9749279121818236,-0.2225209339563146,0.8660254037844386,0.5000000000000001,0.6354323008901774,0.7721565844991642,57136.0,39233.0,54021.0,65177.0,62727.0,69737.0,,50468.142857142855,9736.192093225663,53542.28571428572,9010.638195007095,67657.5,23898.529129100916,83713.78333333334,30188.890092549907,223,0.3123249299719888,0,0,0,0,63952.0,111823.5
2013-02-10,62646,29,232,15.96,,232.0,7,1,2,1,41,0,0,0,0,0,0,322.0,156.0,183.0,160.71428571428572,76.97340295131059,222.55700000000004,6,10,6,41,2013,-0.7818314824680299,0.6234898018587334,0.8660254037844386,0.5000000000000001,0.6486295610349814,0.7611042586607747,67640.0,57136.0,39233.0,46463.0,55214.0,79331.0,,52780.0,10516.707897436328,54073.142857142855,9329.970169439957,67101.33333333333,23811.48377733238,83015.71666666666,30183.63986378776,224,0.3137254901960784,0,0,0,0,50838.5,77161.5
2013-02-11,51888,24,137,14.06,,137.0,1,0,2,1,42,0,0,0,0,0,0,232.0,117.0,79.0,171.57142857142858,81.42861319965552,224.05700000000004,0,11,7,42,2013,0.0,1.0,0.8660254037844386,0.5000000000000001,0.6616346182422783,0.7498264012045686,62646.0,67640.0,57136.0,43802.0,47465.0,89031.0,,53935.142857142855,9784.83149963198,54389.07142857143,9162.37460373254,65863.23333333334,23596.58399690495,81770.6,29894.967743979265,225,0.31512605042016806,0,0,0,0,45633.5,66861.0
2013-02-12,58522,21,146,11.07,,146.0,2,0,2,1,43,0,0,0,0,0,0,137.0,116.0,87.0,174.42857142857142,79.5232820056645,219.29033333333336,1,12,7,43,2013,0.7818314824680298,0.6234898018587336,0.8660254037844386,0.5000000000000001,0.6744436188329455,0.7383263540031065,51888.0,62646.0,67640.0,44982.0,50359.0,93407.0,,55869.42857142857,9029.099509495998,54972.142857142855,9145.90458879027,64700.4,23045.55735269933,81119.96666666666,29970.21954471127,226,0.3165266106442577,0,0,0,0,47670.5,45843.5
2013-02-13,52541,16,137,14.78,,137.0,3,0,2,1,44,0,0,0,0,0,0,146.0,112.0,104.0,178.71428571428572,76.60442608125301,216.457,2,13,7,44,2013,0.9749279121818236,-0.22252093395631434,0.8660254037844386,0.5000000000000001,0.6870527672236669,0.7266075247685656,58522.0,51888.0,62646.0,54021.0,51822.0,65091.0,,55658.0,9096.672120433197,55023.5,9128.857665076885,64282.066666666666,23151.88385413603,79936.76666666666,29667.228886585293,227,0.3179271708683473,0,0,0,0,52921.5,58633.5
2013-02-14,52895,30,184,9.8,,184.0,4,0,2,1,45,0,0,0,0,0,0,137.0,112.0,143.0,182.28571428571428,73.49538372286717,216.7236666666667,3,14,7,45,2013,0.43388373911755823,-0.900968867902419,0.8660254037844386,0.5000000000000001,0.699458327051647,0.7146733860429609,52541.0,58522.0,51888.0,39233.0,58230.0,74162.0,,57609.71428571428,5883.393088864226,54642.42857142857,9096.002517710733,63573.166666666664,23164.522578322474,78681.6,29179.58187697787,228,0.31932773109243695,0,0,0,0,48731.5,52319.5
2013-02-15,47174,31,192,9.82,,192.0,5,0,2,1,46,0,0,0,0,0,1,184.0,190.0,174.0,192.57142857142856,66.74792666656974,218.1236666666667,4,15,7,46,2013,-0.433883739117558,-0.9009688679024191,0.8660254037844386,0.5000000000000001,0.7116566222817746,0.7025274741691571,52895.0,52541.0,58522.0,57136.0,68048.0,57698.0,,56186.57142857143,7096.809890299132,53151.42857142857,8414.864821020357,63222.36666666667,23335.618288999493,77234.2,28534.946044384473,229,0.32072829131652664,0,0,0,0,62592.0,59696.0
2013-02-16,155812,76,1163,11.0,,1021.7100000000002,6,1,2,1,47,0,0,0,0,1,1,192.0,322.0,281.0,192.8571428571429,66.73936512391255,219.957,5,16,7,47,2013,-0.9749279121818236,-0.2225209339563146,0.8660254037844386,0.5000000000000001,0.7236440382959124,0.6901733882429719,47174.0,52895.0,52541.0,67640.0,65177.0,83602.0,,68782.57142857143,38698.87755416664,59625.357142857145,28727.289881566674,65629.36666666667,28633.042537073972,78195.9,30175.623008579845,230,0.32212885154061627,0,0,0,0,66408.5,65183.5
2013-02-17,135770,56,881,11.1,,881.0,7,1,2,1,48,0,0,0,1,1,1,1021.7100000000002,232.0,156.0,292.8157142857143,323.2908974828059,249.61400000000003,6,17,7,48,2013,-0.7818314824680299,0.6234898018587334,0.8660254037844386,0.5000000000000001,0.7354170229639855,0.6776147890466889,155812.0,47174.0,52895.0,62646.0,46463.0,81221.0,,79228.85714285714,45955.41793386492,66004.42857142857,34844.05550165194,67447.66666666667,31268.087505152715,78786.16666666667,30952.784142547538,231,0.3235294117647059,0,0,0,0,54554.5,58930.0
2013-02-18,109483,42,739,13.27,,739.0,1,0,2,1,49,0,0,1,0,1,1,881.0,137.0,117.0,385.53,389.2712545684993,272.814,0,18,8,49,2013,0.0,1.0,0.8660254037844386,0.5000000000000001,0.7469720876965552,0.6648553979642865,135770.0,155812.0,47174.0,51888.0,43802.0,158470.0,,87456.71428571429,45396.971050626635,70695.92857142857,36026.38197523141,65814.76666666666,27389.287360500897,78530.65,30627.956857229412,232,0.32492997198879553,0,0,0,0,47845.0,49676.5
2013-02-19,55050,22,93,10.97,,93.0,2,0,2,1,50,0,0,0,1,0,1,739.0,146.0,116.0,471.53,391.70450976044,263.39033333333333,1,19,8,50,2013,0.7818314824680298,0.6234898018587336,0.8660254037844386,0.5000000000000001,0.7583058084785624,0.6518989958787126,109483.0,135770.0,155812.0,58522.0,44982.0,107860.0,,86960.71428571429,45783.1213648083,71415.07142857143,35571.21914059674,64054.433333333334,26267.93912696927,77372.98333333334,30169.875396501,233,0.32633053221288516,0,0,0,0,51752.0,54440.5
2013-02-20,48088,24,114,12.17,,114.0,3,0,2,1,51,0,0,0,0,0,0,93.0,137.0,112.0,463.9585714285714,399.4805861127076,239.62366666666668,2,20,8,51,2013,0.9749279121818236,-0.22252093395631434,0.8660254037844386,0.5000000000000001,0.7694148268839378,0.6387494220515272,55050.0,109483.0,135770.0,52541.0,54021.0,89920.0,,86324.57142857143,46368.27876130101,70991.28571428571,35828.797425939585,62660.03333333333,25955.999284576235,76068.91666666667,29705.232960376303,234,0.3277310924369748,0,0,0,0,53281.0,52181.5
2013-02-21,47331,34,98,9.08,,98.0,4,0,2,1,52,0,0,0,0,0,0,114.0,184.0,112.0,460.67285714285714,402.6996306063319,223.7903333333333,3,21,8,52,2013,0.43388373911755823,-0.900968867902419,0.8660254037844386,0.5000000000000001,0.7802958510707755,0.6254105729852463,48088.0,55050.0,109483.0,52895.0,39233.0,46705.0,,85529.71428571429,47079.08848138523,71569.71428571429,35338.66015358468,62680.9,25942.978705096797,74598.01666666666,28881.858102282757,235,0.3291316526610644,0,0,0,0,46064.0,55562.5
2013-02-22,47501,42,135,9.54,,135.0,5,0,2,1,53,0,0,0,0,0,0,98.0,192.0,190.0,448.38714285714286,413.70865653316486,223.6903333333333,4,22,8,53,2013,-0.433883739117558,-0.9009688679024191,0.8660254037844386,0.5000000000000001,0.7909456567567772,0.6118864012687243,47331.0,48088.0,55050.0,47174.0,57136.0,63246.0,,85576.42857142857,47034.828318517175,70881.5,35732.99668104672,62156.066666666666,26089.998548701893,73663.03333333334,28835.072677866683,236,0.33053221288515405,0,0,0,0,52155.0,57611.0
2013-02-23,60330,46,233,9.97,,233.0,6,1,2,1,54,0,0,0,0,0,0,135.0,1021.7100000000002,322.0,440.2442857142857,420.1075470185042,224.09033333333332,5,23,8,54,2013,-0.9749279121818236,-0.2225209339563146,0.8660254037844386,0.5000000000000001,0.8013610881746766,0.5981809144059165,47501.0,47331.0,48088.0,155812.0,67640.0,65406.0,,71936.14285714286,35766.82669471149,70359.35714285714,35837.2621284417,61986.86666666667,26084.65416046889,74668.53333333334,27230.05849316603,237,0.3319327731092437,0,0,0,0,111726.0,110494.5
2013-02-24,46444,22,165,7.27,,165.0,7,1,2,1,55,0,0,0,0,0,0,233.0,881.0,232.0,327.57142857142856,335.3912427513361,228.357,6,24,8,55,2013,-0.7818314824680299,0.6234898018587334,0.8660254037844386,0.5000000000000001,0.8115390590073611,0.5842981736283684,60330.0,47501.0,47331.0,135770.0,62646.0,62256.0,,59175.28571428572,22769.888945083367,69202.07142857143,36363.25250423588,61459.8,26238.32455674009,73627.43333333333,27092.497534492788,238,0.3333333333333333,0,0,0,0,99208.0,91116.5
2013-02-25,54205,26,101,7.18,,101.0,1,0,2,1,56,0,0,0,0,0,0,165.0,739.0,137.0,225.28571428571428,231.6007443034343,230.22366666666667,0,25,9,56,2013,0.0,1.0,0.8660254037844386,0.5000000000000001,0.8214765533024142,0.5702422926917871,46444.0,60330.0,47501.0,109483.0,51888.0,62727.0,,51278.42857142857,5293.426894339299,69367.57142857143,36283.57473635082,61175.73333333333,26270.244149047747,72924.08333333333,27038.857061575814,239,0.33473389355742295,0,0,0,0,80685.5,76642.5
2013-02-26,46611,15,92,7.53,,92.0,2,0,2,1,57,0,0,0,0,0,0,101.0,93.0,146.0,134.14285714285714,50.37998468779903,226.157,1,26,9,57,2013,0.7818314824680298,0.6234898018587336,0.8660254037844386,0.5000000000000001,0.8311706263658079,0.5560174366570446,54205.0,46444.0,60330.0,55050.0,58522.0,55214.0,,50072.857142857145,5252.119109736312,68516.78571428571,36694.762525416445,60888.96666666667,26384.27447067061,71956.0,26921.599993376884,240,0.33613445378151263,0,0,0,0,56786.0,50016.0
2013-02-27,48287,20,101,7.89,,101.0,3,0,2,1,58,0,0,0,0,0,0,92.0,114.0,137.0,134.0,50.51732376126043,223.12366666666668,2,27,9,58,2013,0.9749279121818236,-0.22252093395631434,0.8660254037844386,0.5000000000000001,0.8406184056344782,0.5416278206559814,46611.0,54205.0,46444.0,48088.0,52541.0,47465.0,,50101.28571428572,5240.109754394029,68212.92857142857,36854.49419513345,60916.36666666667,26370.276109709233,70708.18333333333,26234.58029789113,241,0.33753501400560226,0,0,0,0,50314.5,51054.5
2013-02-28,60919,45,113,10.45,,113.0,4,0,2,1,59,0,0,0,0,0,0,101.0,98.0,184.0,132.14285714285714,51.60241780972604,223.857,3,28,9,59,2013,0.43388373911755823,-0.900968867902419,0.8660254037844386,0.5000000000000001,0.8498170915275278,0.5270777086423722,48287.0,46611.0,54205.0,47331.0,52895.0,50359.0,,52042.42857142857,6425.531258377109,68786.07142857143,36659.83151890513,61268.36666666667,26294.864646770035,70027.51666666666,25943.48991492508,242,0.3389355742296919,0,0,0,0,50113.0,43282.0
2013-03-01,57251,27,159,7.91,,159.0,5,0,3,1,60,0,0,0,0,0,0,113.0,135.0,192.0,134.28571428571428,50.24179629788432,224.72366666666667,4,1,9,60,2013,-0.433883739117558,-0.9009688679024191,1.0,6.123233995736766e-17,0.8587639582758029,0.5123714121284237,60919.0,48287.0,46611.0,47501.0,47174.0,51822.0,,53435.28571428572,6333.1008390910465,69505.85714285714,36300.016075133484,61449.333333333336,26246.24782422389,69262.48333333334,25624.948330988285,243,0.3403361344537815,0,0,0,0,47337.5,52318.5
2013-03-02,75306,25,243,6.93,,243.0,6,1,3,1,61,0,0,0,0,0,0,159.0,233.0,1021.7100000000002,137.71428571428572,51.11005865030975,226.557,5,2,9,61,2013,-0.9749279121818236,-0.2225209339563146,1.0,6.123233995736766e-17,0.8674563547295969,0.49751328890718066,57251.0,60919.0,48287.0,60330.0,155812.0,58230.0,,55574.71428571428,10323.113011010579,63755.42857142857,26677.46460595912,62018.53333333333,26358.943823659803,69395.7,25635.41626198849,244,0.34173669467787116,0,0,0,0,108071.0,63985.0
2013-03-03,51458,26,159,8.46,,159.0,7,1,3,1,62,0,0,0,0,0,0,243.0,165.0,881.0,139.14285714285714,54.25995629506961,229.89033333333333,6,3,9,62,2013,-0.7818314824680299,0.6234898018587334,1.0,6.123233995736766e-17,0.8758917051442429,0.48250774176121847,75306.0,57251.0,60919.0,46444.0,135770.0,68048.0,,56291.0,9741.542571208493,57733.142857142855,16891.75909615812,61465.53333333333,26402.076584647883,68760.91666666667,25599.552845202077,245,0.3431372549019608,0,0,0,0,91107.0,54545.0
2013-03-04,51761,27,109,6.09,,109.0,1,0,3,1,63,0,0,0,0,0,0,159.0,101.0,739.0,138.28571428571428,53.82909462894054,229.39033333333333,0,4,10,63,2013,0.0,1.0,1.0,6.123233995736766e-17,0.8840675099433636,0.4673592171580022,51458.0,75306.0,57251.0,54205.0,109483.0,65177.0,,55941.857142857145,9871.694458206815,53610.142857142855,7985.278761640176,61018.333333333336,26450.619664644546,68228.25,25615.493951787616,246,0.3445378151260504,0,0,0,0,81844.0,53046.5
2013-03-05,51724,20,88,8.57,,88.0,2,0,3,1,64,0,0,0,0,0,0,109.0,92.0,93.0,139.42857142857142,52.98382502505572,223.657,1,5,10,64,2013,0.7818314824680298,0.6234898018587336,1.0,6.123233995736766e-17,0.8919813464595485,0.45207220393230435,51761.0,51458.0,75306.0,46611.0,55050.0,46463.0,,56672.28571428572,9234.833074006408,53372.57142857143,7988.621636324653,61193.7,26368.102097368403,67352.58333333333,25258.281325840653,247,0.34593837535014005,0,0,0,0,50830.5,52566.5
2013-03-06,62918,16,100,9.37,,100.0,3,0,3,1,65,0,0,0,0,0,0,88.0,101.0,114.0,138.85714285714286,53.598596285812654,221.39033333333333,2,6,10,65,2013,0.9749279121818236,-0.22252093395631434,1.0,6.123233995736766e-17,0.8996308696522433,0.43665123195606403,51724.0,51761.0,51458.0,48287.0,48088.0,43802.0,,58762.42857142857,8658.405373915482,54431.857142857145,8214.032494711637,61830.9,26163.510194148508,66635.66666666667,24750.019539568842,248,0.3473389355742297,0,0,0,0,48187.5,50414.0
2013-03-07,47226,26,109,8.6,,109.0,4,0,3,1,66,0,0,0,0,0,0,100.0,113.0,98.0,138.71428571428572,53.71751510049059,220.82366666666667,3,7,10,66,2013,0.43388373911755823,-0.900968867902419,1.0,6.123233995736766e-17,0.9070138128026359,0.4211008707960896,62918.0,51724.0,51761.0,60919.0,47331.0,44982.0,,56806.28571428572,9586.977464496444,54424.357142857145,8221.059753950509,61905.7,26116.845222100907,66062.1,24795.13039377022,249,0.3487394957983193,0,0,0,0,54125.0,56907.0
2013-03-08,46874,26,133,11.79,,133.0,5,0,3,1,67,0,0,0,0,0,0,109.0,159.0,135.0,138.14285714285714,54.05684838337195,220.59033333333332,4,8,10,67,2013,-0.433883739117558,-0.9009688679024191,1.0,6.123233995736766e-17,0.9141279881853337,0.40542572835999735,47226.0,62918.0,51724.0,57251.0,47501.0,54021.0,,55323.857142857145,10283.726536435668,54379.57142857143,8263.276698876824,61667.46666666667,26223.626740591917,65654.48333333334,24907.817769739784,250,0.35014005602240894,0,0,0,0,52376.0,52212.5
2013-03-09,74794,28,278,8.12,,278.0,6,1,3,1,68,0,0,0,0,0,0,133.0,243.0,233.0,134.42857142857142,53.272435470441806,221.2903333333333,5,9,10,68,2013,-0.9749279121818236,-0.2225209339563146,1.0,6.123233995736766e-17,0.9209712877166346,0.38963044953078796,46874.0,47226.0,62918.0,75306.0,60330.0,39233.0,,55250.71428571428,10118.408714059862,55412.71428571428,9821.720665706582,62852.833333333336,25977.12995625903,65647.76666666666,24905.255115844742,251,0.35154061624649857,0,0,0,0,67818.0,115559.0
2013-03-10,75218,62,195,9.72,,195.0,7,1,3,1,69,0,0,0,0,0,0,278.0,159.0,165.0,139.42857142857142,65.41879735686871,226.82366666666667,6,10,10,69,2013,-0.7818314824680299,0.6234898018587334,1.0,6.123233995736766e-17,0.9275416835791966,0.37371971479046906,74794.0,46874.0,47226.0,51458.0,46444.0,57136.0,,58645.0,12368.998598647111,57468.0,10765.805104053512,63455.566666666666,26049.583808553507,65591.48333333334,24879.3020833033,252,0.35294117647058826,0,0,0,0,48951.0,93614.0
2013-03-11,67678,14,108,10.17,,108.0,1,0,3,1,70,0,0,0,0,0,0,195.0,109.0,101.0,144.57142857142858,68.55376756691825,226.99033333333333,0,11,11,70,2013,0.0,1.0,1.0,6.123233995736766e-17,0.9338372288229252,0.35769823883312546,75218.0,74794.0,46874.0,51761.0,54205.0,67640.0,,60918.857142857145,12355.602014586668,58430.357142857145,11050.11091908941,63456.833333333336,26049.79521672552,65557.16666666667,24874.906776874403,253,0.3543417366946779,0,0,0,0,52983.0,80622.0
2013-03-12,54757,19,99,9.54,,99.0,2,0,3,1,71,0,0,0,0,0,0,108.0,88.0,92.0,144.42857142857142,68.64123431013645,219.857,1,12,11,71,2013,0.7818314824680298,0.6234898018587336,1.0,6.123233995736766e-17,0.9398560579418954,0.3415707691678556,67678.0,75218.0,74794.0,51724.0,46611.0,62646.0,,61352.142857142855,12028.260728087753,59012.21428571428,10584.534829926977,63193.86666666667,26098.036786692264,65147.6,24846.56599619734,254,0.3557422969187675,0,0,0,0,49167.5,53387.0
2013-03-13,57463,24,112,8.6,,112.0,3,0,3,1,72,0,0,0,0,0,0,99.0,100.0,101.0,146.0,67.24581771381776,215.42366666666663,2,13,11,72,2013,0.9749279121818236,-0.22252093395631434,1.0,6.123233995736766e-17,0.9455963874271426,0.3253420847119801,54757.0,67678.0,75218.0,62918.0,48287.0,51888.0,,60572.857142857145,12086.472168345545,59667.642857142855,10144.253921894475,63379.7,26034.527730463604,64621.46666666667,24665.829644463967,255,0.35714285714285715,0,0,0,0,55602.5,55503.0
2013-03-14,62036,44,128,10.23,,128.0,4,0,3,1,73,0,0,0,0,0,0,112.0,109.0,113.0,147.71428571428572,66.01947764539972,214.59033333333332,3,14,11,73,2013,0.43388373911755823,-0.900968867902419,1.0,6.123233995736766e-17,0.9510565162951535,0.30901699437494745,57463.0,54757.0,67678.0,47226.0,60919.0,58522.0,,62688.57142857143,10560.660646271866,59747.42857142857,10159.234675250715,63496.833333333336,26019.81941160711,64098.61666666667,24376.1001845352,256,0.3585434173669468,0,0,0,0,54072.5,47278.5
2013-03-15,55702,40,174,8.95,,174.0,5,0,3,1,74,0,0,0,0,0,0,128.0,133.0,159.0,150.42857142857142,64.53644227064571,213.99033333333333,4,15,11,74,2013,-0.433883739117558,-0.9009688679024191,1.0,6.123233995736766e-17,0.9562348265919056,0.29260033563334836,62036.0,57463.0,54757.0,46874.0,57251.0,52541.0,,63949.71428571428,8724.90173228881,59636.78571428572,10196.879576831281,63602.2,25980.294351283104,63942.13333333333,24399.746621681537,257,0.3599439775910364,0,0,0,0,52062.5,47187.5
2013-03-16,72162,37,309,13.09,,309.0,6,1,3,1,75,0,0,0,0,0,0,174.0,278.0,243.0,156.28571428571428,64.55156668822816,215.22366666666667,5,16,11,75,2013,-0.9749279121818236,-0.2225209339563146,1.0,6.123233995736766e-17,0.9611297838723007,0.27609697309746883,55702.0,62036.0,57463.0,74794.0,75306.0,52895.0,,63573.71428571428,8221.89083512807,59412.21428571428,9854.102052355913,64244.433333333334,25944.60097803005,63908.8,24386.91102933174,258,0.36134453781512604,0,0,0,0,75050.0,67562.0
2013-03-17,68069,34,218,15.83,,218.0,7,1,3,1,76,0,0,0,0,0,0,309.0,195.0,159.0,160.71428571428572,74.57817885886439,219.39033333333333,6,17,11,76,2013,-0.7818314824680299,0.6234898018587334,1.0,6.123233995736766e-17,0.9657399376548549,0.2595117970697999,72162.0,55702.0,62036.0,75218.0,51458.0,47174.0,,62552.42857142857,6866.755246770386,60598.71428571428,9822.676733955137,64940.933333333334,25750.273869227727,64081.65,24378.89645298273,259,0.3627450980392157,0,0,0,0,63338.0,60831.0
2013-03-18,59324,20,135,6.27,,135.0,1,0,3,1,77,0,0,0,0,0,0,218.0,108.0,109.0,164.0,76.8136272632229,220.257,0,18,12,77,2013,0.0,1.0,1.0,6.123233995736766e-17,0.9700639218515071,0.2428497220959356,68069.0,72162.0,55702.0,67678.0,51761.0,155812.0,,61359.0,6545.931713667733,61138.92857142857,9501.978656002353,61724.666666666664,19202.09181373193,63677.01666666667,24250.553872753306,260,0.3641456582633053,0,0,0,0,59719.5,60941.5
2013-03-19,61777,14,107,7.83,,107.0,2,0,3,1,78,0,0,0,0,0,0,135.0,99.0,88.0,167.85714285714286,74.16519527700441,190.7,1,19,12,78,2013,0.7818314824680298,0.6234898018587336,1.0,6.123233995736766e-17,0.9741004551724205,0.22611568550828828,59324.0,68069.0,72162.0,54757.0,51724.0,135770.0,,62361.857142857145,5868.611347061428,61857.0,9107.419891326332,59258.23333333333,13166.941518199297,63352.95,24141.809147115764,261,0.36554621848739494,0,0,0,0,53240.5,50684.0
2013-03-20,63108,17,131,6.2,,131.0,3,0,3,1,79,0,0,0,0,0,0,107.0,112.0,100.0,169.0,72.9794491620758,164.9,2,20,12,79,2013,0.9749279121818236,-0.22252093395631434,1.0,6.123233995736766e-17,0.9778483415056568,0.20931464596304847,61777.0,59324.0,68069.0,57463.0,62918.0,109483.0,,63168.28571428572,5456.635615294124,61870.57142857143,9109.26393812963,57712.4,9188.237636727064,61763.583333333336,20661.94061167525,262,0.36694677871148457,0,0,0,0,60190.5,52875.0
2013-03-21,61319,30,143,6.81,,143.0,4,0,3,1,80,0,0,0,0,0,0,131.0,128.0,109.0,171.71428571428572,70.82775888429221,144.63333333333333,3,21,12,80,2013,0.43388373911755823,-0.900968867902419,1.0,6.123233995736766e-17,0.9813064702716093,0.19245158197082998,63108.0,61777.0,59324.0,62036.0,47226.0,55050.0,,63065.857142857145,5488.071592966408,62877.21428571428,8087.868904234999,57921.36666666667,9196.882517099779,60987.9,19755.818086351584,263,0.36834733893557425,0,0,0,0,54631.0,61477.5
2013-03-22,70011,48,193,9.03,,193.0,5,0,3,1,81,0,0,0,0,0,0,143.0,174.0,133.0,173.85714285714286,69.49922918380364,146.3,4,22,12,81,2013,-0.433883739117558,-0.9009688679024191,1.0,6.123233995736766e-17,0.9844738167520922,0.1755314904214282,61319.0,63108.0,61777.0,55702.0,46874.0,48088.0,,65110.0,4923.964459660645,64529.857142857145,6832.771358648267,58652.13333333333,9259.3667942191,60656.083333333336,19426.08430435009,264,0.3697478991596639,0,0,0,0,51288.0,56476.5
2013-03-23,77313,42,262,6.5,,262.0,6,1,3,1,82,0,0,0,0,0,0,193.0,309.0,278.0,176.57142857142858,69.87574005060021,148.93333333333334,5,23,12,82,2013,-0.9749279121818236,-0.2225209339563146,1.0,6.123233995736766e-17,0.9873494423939864,0.15855938510313475,70011.0,61319.0,63108.0,72162.0,74794.0,47331.0,,65845.85714285714,6335.937984454893,64709.78571428572,7149.668149142364,59651.53333333333,9606.815474850047,61166.21666666667,19455.380641391006,265,0.3711484593837535,0,0,0,0,73478.0,73734.0
2013-03-24,52505,29,200,6.36,,200.0,7,1,3,1,83,0,0,0,0,0,0,262.0,218.0,195.0,169.85714285714286,55.88806840888488,154.4,6,24,12,83,2013,-0.7818314824680299,0.6234898018587334,1.0,6.123233995736766e-17,0.989932495087353,0.141540295217043,77313.0,70011.0,61319.0,68069.0,75218.0,47501.0,,63622.42857142857,7950.841923074268,63087.42857142857,7158.730223830618,59818.333333333336,9430.39658848419,60987.2,19485.312450185535,266,0.37254901960784315,0,0,0,0,71643.5,59763.5
2013-03-25,62659,27,159,8.03,,159.0,1,0,3,1,84,0,0,0,0,0,0,200.0,135.0,108.0,167.28571428571428,53.67406041939409,156.56666666666666,0,25,13,84,2013,0.0,1.0,1.0,6.123233995736766e-17,0.9922222094179323,0.12447926388678915,52505.0,77313.0,70011.0,59324.0,67678.0,60330.0,,64098.857142857145,7747.66783035546,62728.92857142857,7035.773058660332,59895.96666666667,9444.330156358425,60941.416666666664,19477.979757500914,267,0.3739495798319328,0,0,0,0,63501.0,55542.5
2013-03-26,44887,18,147,8.99,,147.0,2,0,3,1,85,0,0,0,0,0,0,159.0,107.0,99.0,170.71428571428572,52.00869890609424,154.1,1,26,13,85,2013,0.7818314824680298,0.6234898018587336,1.0,6.123233995736766e-17,0.994217906893952,0.10738134666416309,62659.0,52505.0,77313.0,61777.0,54757.0,46444.0,,61686.0,10670.12510079744,62023.92857142857,8280.42990768278,59844.066666666666,9524.738490150237,60651.933333333334,19586.876512627106,268,0.3753501400560224,0,0,0,0,58267.0,56750.5
2013-03-27,55907,24,154,7.82,,154.0,3,0,3,1,86,0,0,0,0,0,0,147.0,131.0,112.0,176.42857142857142,45.65032728198548,153.5,2,27,13,86,2013,0.9749279121818236,-0.22252093395631434,1.0,6.123233995736766e-17,0.995918996147179,0.09025161003104117,44887.0,62659.0,52505.0,63108.0,57463.0,54205.0,,60657.28571428572,10855.69284928862,61912.78571428572,8356.451033401072,59900.8,9495.014148634056,60538.26666666667,19594.41785077408,269,0.37675070028011204,0,0,0,0,60285.5,63013.0
2013-03-28,60303,27,166,6.48,,166.0,4,0,3,1,87,0,0,0,0,0,0,154.0,143.0,128.0,179.71428571428572,42.55864301452882,155.26666666666668,3,28,13,87,2013,0.43388373911755823,-0.900968867902419,1.0,6.123233995736766e-17,0.9973249731081555,0.07309512989807777,55907.0,44887.0,62659.0,61319.0,62036.0,46611.0,,60512.142857142855,10852.16254068859,61789.0,8367.314007034227,60357.2,9157.242223018717,60623.083333333336,19581.990751874455,270,0.37815126050420167,0,0,0,0,61677.5,54272.5
2013-03-29,64454,41,231,7.65,,231.0,5,0,3,1,88,0,0,0,0,0,0,166.0,193.0,174.0,183.0,40.06661120351135,157.73333333333332,4,29,13,88,2013,-0.433883739117558,-0.9009688679024191,1.0,6.123233995736766e-17,0.9984354211555643,0.055916990100603484,60303.0,55907.0,44887.0,70011.0,55702.0,48287.0,,59718.28571428572,10226.72216490191,62414.142857142855,8202.882578301978,60896.1,8894.35914750635,60906.23333333333,19511.203942008964,271,0.3795518207282913,0,0,0,0,62856.5,58442.5
2013-03-30,84927,26,292,7.5,,292.0,6,1,3,1,89,0,0,0,0,0,0,231.0,262.0,309.0,188.42857142857144,44.02596636401889,162.06666666666666,5,30,13,89,2013,-0.9749279121818236,-0.2225209339563146,1.0,6.123233995736766e-17,0.9992500112396835,0.03872228089217446,64454.0,60303.0,55907.0,77313.0,72162.0,60919.0,,60806.0,12550.820198961801,63325.92857142857,9903.005553593772,61696.36666666667,9917.67829993098,61482.36666666667,19703.899209716492,272,0.38095238095238093,0,0,0,0,74737.5,76053.5
2013-03-31,44513,11,0,6.28,,0.0,7,1,3,1,90,0,0,0,0,0,0,292.0,200.0,218.0,192.7142857142857,52.93931836141677,168.03333333333333,6,31,13,90,2013,-0.7818314824680299,0.6234898018587334,1.0,6.123233995736766e-17,0.9997685019798909,0.021516097436222254,84927.0,64454.0,60303.0,52505.0,68069.0,57251.0,,59664.28571428572,13739.05135874002,61643.357142857145,10977.945195199085,61271.76666666667,10376.61195349116,61360.55,19787.05336138432,273,0.38235294117647056,0,0,0,0,60287.0,63861.5
2013-04-01,54638,17,158,8.7,,158.0,1,0,4,2,91,0,0,0,0,0,0,0.0,159.0,135.0,164.14285714285714,89.61664386230306,162.73333333333332,0,1,14,91,2013,0.0,1.0,0.8660254037844387,-0.4999999999999998,0.9999907397361901,0.004303538296244289,44513.0,84927.0,64454.0,62659.0,59324.0,75306.0,,58518.42857142857,13782.074757417631,61308.642857142855,11124.559763854204,60582.833333333336,10094.99103203088,61300.683333333334,19802.113676336787,274,0.38375350140056025,0,0,0,0,60991.5,65168.5
2013-04-02,60785,15,138,6.14,,138.0,2,0,4,2,92,0,0,0,0,0,0,158.0,147.0,107.0,164.0,89.62700485902675,159.9,1,2,14,92,2013,0.7818314824680298,0.6234898018587336,0.8660254037844387,-0.4999999999999998,0.9999166586547379,-0.01291029607500882,54638.0,44513.0,84927.0,44887.0,61777.0,51458.0,,60789.57142857143,12402.206656574539,61237.78571428572,11124.506358476481,60893.73333333333,9946.815463125551,61179.63333333333,19782.357795899134,275,0.3851540616246499,0,0,0,0,53332.0,49822.0
2013-04-03,61005,26,161,6.12,,161.0,3,0,4,2,93,0,0,0,0,0,0,138.0,154.0,131.0,162.71428571428572,89.97539346160946,159.2,2,3,14,93,2013,0.9749279121818236,-0.22252093395631434,0.8660254037844387,-0.4999999999999998,0.9995462806873573,-0.030120304846908114,60785.0,54638.0,44513.0,55907.0,63108.0,51761.0,,61517.857142857145,12215.990100800593,61087.57142857143,11111.50107365758,61201.86666666667,9796.18535093571,61110.1,19775.400135830445,276,0.3865546218487395,0,0,0,0,59507.5,56685.0
2013-04-04,60064,37,161,7.53,,161.0,4,0,4,2,94,0,0,0,0,0,0,161.0,166.0,143.0,163.71428571428572,89.90126859637799,160.93333333333334,3,4,14,94,2013,0.43388373911755823,-0.900968867902419,0.8660254037844387,-0.4999999999999998,0.9988797155850336,-0.04732138832243185,61005.0,60785.0,54638.0,60303.0,61319.0,51724.0,,61483.71428571428,12220.284690004682,60997.92857142857,11114.552369714416,61479.86666666667,9634.955110513569,61336.78333333333,19682.390928976918,277,0.38795518207282914,0,0,0,0,60811.0,61169.5
2013-04-05,76913,23,234,10.1,,234.0,5,0,4,2,95,0,0,0,0,0,0,161.0,231.0,193.0,163.0,89.89994438263021,163.36666666666667,4,5,14,95,2013,-0.433883739117558,-0.9009688679024191,0.8660254037844387,-0.4999999999999998,0.9979171608653922,-0.06450844944931623,60064.0,61005.0,60785.0,64454.0,70011.0,62918.0,,63263.57142857143,13558.989439447496,61490.92857142857,11683.59771688043,61946.36666666667,10037.383827586806,61888.63333333333,19646.568614846015,278,0.38935574229691877,0,0,0,0,67232.5,60078.0
2013-04-06,80747,28,289,8.14,,289.0,6,1,4,2,96,0,0,0,0,0,0,234.0,292.0,262.0,163.42857142857142,90.28447105834825,167.83333333333334,5,6,14,96,2013,-0.9749279121818236,-0.2225209339563146,0.8660254037844387,-0.4999999999999998,0.9966589017541702,-0.08167639533042241,76913.0,60064.0,61005.0,84927.0,77313.0,47226.0,,62666.42857142857,12496.314441428265,61736.21428571428,12070.943989461088,63063.73333333333,10206.560634974185,62484.71666666667,19667.471494479345,279,0.3907563025210084,0,0,0,0,81120.0,78544.5
2013-04-07,57345,27,201,8.88,,201.0,7,1,4,2,97,0,0,0,0,0,0,289.0,0.0,200.0,163.0,89.5767827062348,173.83333333333334,6,7,14,97,2013,-0.7818314824680299,0.6234898018587334,0.8660254037844387,-0.4999999999999998,0.9951053111006976,-0.09882013873287143,80747.0,76913.0,60064.0,44513.0,52505.0,46874.0,,64499.57142857143,10101.11373161637,62081.92857142857,11853.575062559807,63412.76666666667,9804.96749078775,62540.11666666667,19647.89836614839,280,0.39215686274509803,0,0,0,0,48509.0,56291.0
2013-04-08,48803,15,120,7.91,,120.0,1,0,4,2,98,0,0,0,0,0,0,201.0,158.0,159.0,191.7142857142857,53.61502987569287,176.1,0,8,15,98,2013,0.0,1.0,0.8660254037844387,-0.4999999999999998,0.9932568492674143,-0.11593459959550041,57345.0,80747.0,76913.0,54638.0,62659.0,74794.0,,63666.0,11228.40791623347,61092.21428571428,12368.936259085585,62546.4,9912.338725391644,62699.61666666667,19493.72561993935,281,0.39355742296918766,0,0,0,0,58648.5,56981.0
2013-04-09,56522,16,92,9.91,,92.0,2,0,4,2,99,0,0,0,0,0,0,120.0,138.0,147.0,186.28571428571428,59.22756758389434,170.83333333333334,1,9,15,99,2013,0.7818314824680298,0.6234898018587336,0.8660254037844387,-0.4999999999999998,0.9911140639934547,-0.1330147065341959,48803.0,57345.0,80747.0,60785.0,44887.0,75218.0,,63057.0,11522.46554923617,61923.28571428572,11560.828978984255,61923.2,9673.019556370871,62689.38333333333,19496.856681980382,282,0.3949579831932773,0,0,0,0,52836.0,61281.0
2013-04-10,47574,23,96,8.13,,96.0,3,0,4,2,100,0,0,0,0,0,0,92.0,161.0,154.0,179.71428571428572,67.45792339356021,167.4,2,10,15,100,2013,0.9749279121818236,-0.22252093395631434,0.8660254037844387,-0.4999999999999998,0.9886775902323405,-0.1500553983446526,56522.0,48803.0,57345.0,61005.0,55907.0,67678.0,,61138.28571428572,12950.840432372053,61328.07142857143,12096.510472441774,61253.066666666666,9952.926046744058,62354.95,19582.40877690821,283,0.3963585434173669,0,0,0,0,58456.0,62056.5
2013-04-11,59646,33,124,6.71,,124.0,4,0,4,2,101,0,0,0,0,0,0,96.0,161.0,166.0,170.42857142857142,74.56285300080097,167.0,3,11,15,101,2013,0.43388373911755823,-0.900968867902419,0.8660254037844387,-0.4999999999999998,0.9859481499638304,-0.16705162550211924,47574.0,56522.0,48803.0,60064.0,60303.0,54757.0,,61078.57142857143,12957.58126679957,61281.142857142855,12102.066300729648,61416.03333333333,9882.671017853863,62304.95,19585.482766601563,284,0.39775910364145656,0,0,0,0,60183.5,60691.5
2013-04-12,63640,30,176,9.37,,176.0,5,0,4,2,102,0,0,0,0,0,0,124.0,234.0,231.0,165.14285714285714,76.62555833712533,167.83333333333334,4,12,15,102,2013,-0.433883739117558,-0.9009688679024191,0.8660254037844387,-0.4999999999999998,0.9829265519799822,-0.18399835165768005,59646.0,47574.0,56522.0,76913.0,64454.0,57463.0,,59182.42857142857,11090.970484394726,61223.0,12087.596853482131,61621.933333333334,9861.796922829466,62500.816666666666,19538.247871318268,285,0.39915966386554624,0,0,0,0,70683.5,73462.0
2013-04-13,54429,30,263,8.81,,263.0,6,1,4,2,103,0,0,0,0,0,0,176.0,289.0,292.0,156.85714285714286,70.8576708889696,169.96666666666667,5,13,15,103,2013,-0.9749279121818236,-0.2225209339563146,0.8660254037844387,-0.4999999999999998,0.9796136916454901,-0.20089055513063506,63640.0,59646.0,47574.0,80747.0,84927.0,62036.0,,55422.71428571428,5725.293870602819,59044.57142857143,10066.208037972372,61368.36666666667,9948.200452354795,62432.6,19559.508803925695,286,0.4005602240896359,0,0,0,0,82837.0,79030.0
2013-04-14,61693,27,207,9.59,,207.0,7,1,4,2,104,0,0,0,0,0,0,263.0,201.0,0.0,153.14285714285714,63.024938374764496,174.46666666666667,6,14,15,104,2013,-0.7818314824680299,0.6234898018587334,0.8660254037844387,-0.4999999999999998,0.9760105506323683,-0.21772323039653177,54429.0,63640.0,59646.0,57345.0,44513.0,55702.0,,56043.857142857145,6185.93176566992,60271.71428571428,9165.3040020805,61568.066666666666,9890.495869628008,62585.13333333333,19516.70122121542,287,0.4019607843137255,0,0,0,0,50929.0,54925.0
2013-04-15,45471,18,84,8.38,,84.0,1,0,4,2,105,0,0,0,0,0,0,207.0,120.0,158.0,154.0,63.820059542435445,175.56666666666666,0,15,16,105,2013,0.0,1.0,0.8660254037844387,-0.4999999999999998,0.9721181966290613,-0.23449138957040985,61693.0,54429.0,63640.0,48803.0,54638.0,72162.0,,55567.857142857145,6920.546400118332,59616.92857142857,9896.993921732826,60678.36666666667,10102.87172722607,62461.4,19602.521563153492,288,0.40336134453781514,0,0,0,0,51720.5,55731.0
2013-04-16,45733,24,95,7.28,,95.0,2,0,4,2,106,0,0,0,0,0,0,84.0,92.0,138.0,148.85714285714286,68.30917110566386,168.06666666666666,1,16,16,106,2013,0.7818314824680298,0.6234898018587336,0.8660254037844387,-0.4999999999999998,0.9679377830240642,-0.25119006388481935,45471.0,61693.0,54429.0,56522.0,60785.0,68069.0,,54026.57142857143,7816.103779103401,58541.78571428572,10555.976740716736,59933.833333333336,10359.21233220366,62437.38333333333,19622.441496263742,289,0.40476190476190477,0,0,0,0,58653.5,50704.5
2013-04-17,65114,22,111,8.2,,111.0,3,0,4,2,107,0,0,0,0,0,0,95.0,96.0,161.0,149.28571428571428,67.9011887125066,163.96666666666667,2,17,16,107,2013,0.9749279121818236,-0.22252093395631434,0.8660254037844387,-0.4999999999999998,0.9634705485641488,-0.2678143051621742,45733.0,45471.0,61693.0,47574.0,61005.0,59324.0,,56532.28571428572,8204.612883703228,58835.28571428572,10686.054783462796,60126.833333333336,10401.309407236173,60925.75,15331.708322590224,290,0.4061624649859944,0,0,0,0,54289.5,51740.5
2013-04-18,40984,35,107,11.22,,107.0,4,0,4,2,108,0,0,0,0,0,0,111.0,124.0,161.0,151.42857142857142,66.1535011491132,163.16666666666666,3,18,16,108,2013,0.43388373911755823,-0.900968867902419,0.8660254037844387,-0.4999999999999998,0.9587178169872964,-0.2843591872810034,65114.0,45733.0,45471.0,59646.0,60064.0,61777.0,,53866.28571428572,9884.289853336055,57472.42857142857,11687.101099498255,59433.73333333333,10965.059356203215,59345.98333333333,12013.331152207453,291,0.40756302521008403,0,0,0,0,59855.0,59974.5
2013-04-19,48461,29,158,10.21,,158.0,5,0,4,2,109,0,0,0,0,0,0,107.0,176.0,234.0,149.0,67.62396025078688,163.16666666666666,4,19,16,109,2013,-0.433883739117558,-0.9009688679024191,0.8660254037844387,-0.4999999999999998,0.9536809966304457,-0.30081980763566735,40984.0,65114.0,45733.0,63640.0,76913.0,63108.0,,51697.857142857145,9008.99699242506,55440.142857142855,10455.384154787376,58945.5,11120.798720849927,58328.95,10132.669441682478,292,0.40896358543417366,0,0,0,0,70276.5,64047.0
2013-04-20,53272,32,245,9.94,,245.0,6,1,4,2,110,0,0,0,0,0,0,158.0,263.0,289.0,146.42857142857142,66.76290672436093,164.06666666666666,5,20,16,110,2013,-0.9749279121818236,-0.2225209339563146,0.8660254037844387,-0.4999999999999998,0.9483615800121715,-0.3171912885891061,48461.0,40984.0,65114.0,54429.0,80747.0,61319.0,,51532.57142857143,8961.024027366937,53477.642857142855,7500.973727632994,58677.26666666667,11158.558471765888,58299.316666666666,10145.01376479363,293,0.4103641456582633,0,0,0,0,67588.0,69678.0
2013-04-21,62082,24,178,11.66,,178.0,7,1,4,2,111,0,0,0,0,0,0,245.0,207.0,201.0,143.85714285714286,61.67773388462696,167.46666666666667,6,21,16,111,2013,-0.7818314824680299,0.6234898018587334,0.8660254037844387,-0.4999999999999998,0.9427611433904207,-0.3334687789181868,53272.0,48461.0,40984.0,61693.0,57345.0,70011.0,,51588.142857142855,9035.432353214966,53816.0,7790.110110804891,58412.96666666667,10973.215746828226,58532.55,10066.836635453781,294,0.4117647058823529,0,0,0,0,59519.0,53103.0
2013-04-22,47642,18,98,9.81,,98.0,1,0,4,2,112,0,0,0,0,0,0,178.0,84.0,120.0,139.71428571428572,57.56652466412025,166.96666666666667,0,22,17,112,2013,0.0,1.0,0.8660254037844387,-0.4999999999999998,0.9368813462954315,-0.3496474552512284,62082.0,53272.0,48461.0,45471.0,48803.0,77313.0,,51898.28571428572,8825.281047730352,53733.07142857143,7853.502055323477,57423.933333333334,10539.563077161853,58537.73333333333,10061.049693974874,295,0.41316526610644255,0,0,0,0,47137.0,50054.5
2013-04-23,54165,18,111,6.86,,111.0,2,0,4,2,113,0,0,0,0,0,0,98.0,95.0,92.0,141.71428571428572,55.51490576327015,161.5,1,23,17,113,2013,0.7818314824680298,0.6234898018587336,0.8660254037844387,-0.4999999999999998,0.9307239310379795,-0.36572252349726897,47642.0,62082.0,53272.0,45733.0,56522.0,52505.0,,53102.857142857145,8409.1598159105,53564.71428571428,7814.2820471295345,57479.26666666667,10517.181663037654,58648.8,9973.549511464123,296,0.41456582633053224,0,0,0,0,51127.5,53259.0
2013-04-24,54728,23,102,9.04,,102.0,3,0,4,2,114,0,0,0,0,0,0,111.0,111.0,96.0,144.0,53.56615847093516,158.53333333333333,2,24,17,114,2013,0.9749279121818236,-0.22252093395631434,0.8660254037844387,-0.4999999999999998,0.9242907221930933,-0.3816892202666588,54165.0,47642.0,62082.0,65114.0,47574.0,62659.0,,51619.142857142855,6673.9230449207125,54075.71428571428,7623.990136693426,57214.9,10482.111745484768,58555.433333333334,9983.760458553905,297,0.41596638655462187,0,0,0,0,56344.0,63059.5
2013-04-25,59609,21,114,10.3,,114.0,4,0,4,2,115,0,0,0,0,0,0,102.0,107.0,124.0,142.71428571428572,54.5885039353962,156.63333333333333,3,25,17,115,2013,0.43388373911755823,-0.900968867902419,0.8660254037844387,-0.4999999999999998,0.9175836260593937,-0.39754281428255595,54728.0,54165.0,47642.0,40984.0,59646.0,44887.0,,54279.857142857145,5298.163877815664,54073.07142857143,7621.916793687344,57705.63333333333,10226.56337085744,58774.85,9856.932057556616,298,0.4173669467787115,0,0,0,0,50315.0,50524.0
2013-04-26,67198,40,165,8.77,,165.0,5,0,4,2,116,0,0,0,0,0,0,114.0,158.0,176.0,143.71428571428572,53.88479775012089,155.53333333333333,4,26,17,116,2013,-0.433883739117558,-0.9009688679024191,0.8660254037844387,-0.4999999999999998,0.9106046300942162,-0.4132786077829042,59609.0,54728.0,54165.0,48461.0,63640.0,55907.0,,56956.57142857143,6471.591299856742,54327.21428571428,8014.651920831682,58082.0,10364.920513027657,58991.4,9897.474218460178,299,0.41876750700280113,0,0,0,0,56050.5,62687.0
2013-04-27,60659,29,274,6.65,,274.0,6,1,4,2,117,0,0,0,0,0,0,165.0,245.0,263.0,144.71428571428572,54.25776222721287,155.9,5,27,17,117,2013,-0.9749279121818236,-0.2225209339563146,0.8660254037844387,-0.4999999999999998,0.9033558023246845,-0.4288919379124835,67198.0,59609.0,54728.0,53272.0,54429.0,60303.0,,58011.857142857145,6372.146143662362,54772.21428571428,8191.736879587788,58093.86666666667,10367.754393021914,59225.53333333333,9764.912315238318,300,0.42016806722689076,0,0,0,0,53850.5,67009.5
2013-04-28,58062,22,180,7.69,,180.0,7,1,4,2,118,0,0,0,0,0,0,274.0,178.0,207.0,148.85714285714286,63.50965430921661,159.5,6,28,17,118,2013,-0.7818314824680299,0.6234898018587334,0.8660254037844387,-0.4999999999999998,0.895839290734909,-0.4443781781046132,60659.0,67198.0,59609.0,62082.0,61693.0,64454.0,,57437.57142857143,6120.366297783833,54512.857142857145,8011.255926288123,57880.8,10297.98674800425,59388.45,9660.304085863712,301,0.4215686274509804,0,0,0,0,61887.5,59713.5
2013-04-29,59629,15,114,10.28,,114.0,1,0,4,2,119,0,0,0,0,0,0,180.0,98.0,84.0,149.14285714285714,63.666915980564006,157.8,0,29,18,119,2013,0.0,1.0,0.8660254037844387,-0.4999999999999998,0.8880573226294932,-0.45973273945210397,58062.0,60659.0,67198.0,47642.0,45471.0,84927.0,,59150.0,4341.18954512095,55524.142857142855,7668.340677568768,57037.53333333333,8955.125116026036,59366.95,9658.275254710952,302,0.42296918767507,0,0,0,0,46556.5,48222.5
2013-04-30,58775,14,102,7.53,,102.0,2,0,4,2,120,0,0,0,0,0,0,114.0,111.0,95.0,151.42857142857142,61.78418660373965,151.86666666666667,1,30,18,120,2013,0.7818314824680298,0.6234898018587336,0.8660254037844387,-0.4999999999999998,0.8800122039735357,-0.47495107206704995,59629.0,58062.0,60659.0,54165.0,45733.0,44513.0,,59808.57142857143,3771.161309072906,56455.71428571428,7162.922012575934,57512.933333333334,8640.339253131071,59392.35,9654.619535069642,303,0.42436974789915966,0,0,0,0,49949.0,55343.5
2013-05-01,59088,17,110,10.8,,110.0,3,0,5,2,121,0,0,0,0,0,0,102.0,102.0,111.0,150.14285714285714,62.85016195001302,155.26666666666668,2,1,18,121,2013,0.9749279121818236,-0.22252093395631434,0.49999999999999994,-0.8660254037844387,0.8717063187093218,-0.4900286664290592,58775.0,59629.0,58062.0,54728.0,65114.0,54638.0,,60431.42857142857,3090.8819052791205,56025.28571428572,6773.058205164972,57661.26666666667,8627.470000880567,59122.05,9425.851281835892,304,0.4257703081232493,0,0,0,0,59921.0,51151.0
2013-05-02,55019,26,121,9.93,,121.0,4,0,5,2,122,0,0,0,0,0,0,110.0,114.0,107.0,151.28571428571428,61.89430314580469,153.66666666666666,3,2,18,122,2013,0.43388373911755823,-0.900968867902419,0.49999999999999994,-0.8660254037844387,0.8631421280499114,-0.5049610547215204,59088.0,58775.0,59629.0,59609.0,40984.0,60785.0,,59775.71428571428,3717.740609307767,57027.78571428572,5240.877600886673,57469.066666666666,8619.703886958807,59181.4,9387.91116132234,305,0.4271708683473389,0,0,0,0,50296.5,59627.5
2013-05-03,70042,24,152,11.43,,152.0,5,0,5,2,123,0,0,0,0,0,0,121.0,165.0,158.0,152.28571428571428,61.24463047406498,153.1,4,3,18,123,2013,-0.433883739117558,-0.9009688679024191,0.49999999999999994,-0.8660254037844387,0.854322169749827,-0.5197438121555155,55019.0,59088.0,58775.0,67198.0,48461.0,61005.0,,60182.0,4691.843845085593,58569.28571428572,5682.504992431959,57770.3,8900.858424893757,59486.083333333336,9439.513114583542,306,0.42857142857142855,0,0,0,0,57829.5,65419.0
2013-05-04,75799,33,252,10.39,,252.0,6,1,5,2,124,0,0,0,0,0,0,152.0,274.0,245.0,150.42857142857142,60.9914123541371,152.8,5,4,18,124,2013,-0.9749279121818236,-0.2225209339563146,0.49999999999999994,-0.8660254037844387,0.8452490573530633,-0.5343725582809786,70042.0,55019.0,59088.0,60659.0,53272.0,60064.0,,62344.857142857145,7560.840945921621,60178.357142857145,7083.759786214832,58294.8,9485.111921612703,59887.333333333336,9614.04453006059,307,0.42997198879551823,0,0,0,0,56965.5,57544.0
2013-05-05,56464,25,202,10.49,,202.0,7,1,5,2,125,0,0,0,0,0,0,252.0,180.0,178.0,147.28571428571428,53.69268816053791,155.83333333333334,6,5,18,125,2013,-0.7818314824680299,0.6234898018587334,0.49999999999999994,-0.8660254037844387,0.8359254794186372,-0.548842958284719,75799.0,70042.0,55019.0,58062.0,62082.0,76913.0,,62116.57142857143,7733.851021260284,59777.07142857143,7126.622109163385,57613.166666666664,8811.882326931081,59779.76666666667,9615.666345431599,308,0.43137254901960786,0,0,0,0,60072.0,59877.5
2013-05-06,53667,17,132,8.19,,132.0,1,0,5,2,126,0,0,0,0,0,0,202.0,114.0,98.0,150.42857142857142,56.49736614172724,154.76666666666668,0,6,19,126,2013,0.0,1.0,0.49999999999999994,-0.8660254037844387,0.8263541987239096,-0.5631507242749186,56464.0,75799.0,70042.0,59629.0,47642.0,80747.0,,61264.857142857145,8356.674327118704,60207.42857142857,6491.022009304692,56710.5,7673.92047333282,59887.11666666667,9508.496409486006,309,0.4327731092436975,0,0,0,0,53635.5,52550.0
2013-05-07,46729,15,120,7.76,,120.0,2,0,5,2,127,0,0,0,0,0,0,132.0,102.0,111.0,153.0,54.9514937619231,149.53333333333333,1,7,19,127,2013,0.7818314824680298,0.6234898018587336,0.49999999999999994,-0.8660254037844387,0.8165380514459161,-0.5772916165517272,53667.0,56464.0,75799.0,58775.0,54165.0,57345.0,,59544.0,10028.013628497629,59676.28571428572,7279.799674215388,56356.63333333333,7885.503309689784,59884.7,9511.877688590781,310,0.4341736694677871,0,0,0,0,56470.0,52254.0
2013-05-08,55048,17,124,7.73,,124.0,3,0,5,2,128,0,0,0,0,0,0,120.0,110.0,102.0,155.57142857142858,52.53524893775977,146.83333333333334,2,8,19,128,2013,0.9749279121818236,-0.22252093395631434,0.49999999999999994,-0.8660254037844387,0.8064799463209448,-0.5912614448635781,46729.0,53667.0,56464.0,59088.0,54728.0,48803.0,,58966.857142857145,10173.828899494587,59699.142857142855,7263.552138611854,56564.8,7760.663086671763,59555.6,9327.089436834574,311,0.43557422969187676,0,0,0,0,56908.0,62101.0
2013-05-09,55154,27,135,5.96,,135.0,4,0,5,2,129,0,0,0,0,0,0,124.0,121.0,114.0,157.57142857142858,50.74727297388228,146.96666666666667,3,9,19,129,2013,0.43388373911755823,-0.900968867902419,0.49999999999999994,-0.8660254037844387,0.7961828637826158,-0.6050560696488488,55048.0,46729.0,53667.0,55019.0,59609.0,56522.0,,58986.142857142855,10165.222303333618,59380.92857142857,7364.687151581017,56519.2,7764.941101093453,59221.2,9113.256456802741,312,0.4369747899159664,0,0,0,0,57314.0,48001.5
2013-05-10,51498,27,177,7.98,,177.0,5,0,5,2,130,0,0,0,0,0,0,135.0,152.0,165.0,159.57142857142858,49.32158804843024,148.4,4,10,19,130,2013,-0.433883739117558,-0.9009688679024191,0.49999999999999994,-0.8660254037844387,0.7856498550787147,-0.6186714032625031,55154.0,55048.0,46729.0,70042.0,67198.0,47574.0,,56337.0,9171.55991821096,58259.5,7277.62401791663,56650.0,7641.126442504858,58951.53333333333,9098.148719245764,313,0.438375350140056,0,0,0,0,68620.0,59251.5
2013-05-11,69116,31,270,10.21,,270.0,6,1,5,2,131,0,0,0,0,0,0,177.0,252.0,274.0,163.14285714285714,49.58638445994559,151.1,5,11,19,131,2013,-0.9749279121818236,-0.2225209339563146,0.49999999999999994,-0.8660254037844387,0.7748840413670407,-0.6321034111873487,51498.0,55154.0,55048.0,75799.0,60659.0,59646.0,,55382.28571428572,6866.077354508587,58863.57142857143,7822.683522584091,56965.666666666664,7958.195434563967,59190.85,9174.474742873641,314,0.43977591036414565,0,0,0,0,68229.0,64535.5
2013-05-12,55799,32,185,8.58,,185.0,7,1,5,2,132,0,0,0,0,0,0,270.0,202.0,180.0,165.71428571428572,55.120214941871424,155.96666666666667,6,12,19,132,2013,-0.7818314824680299,0.6234898018587334,0.49999999999999994,-0.8660254037844387,0.7638886127905428,-0.6453481132295501,69116.0,51498.0,55154.0,56464.0,58062.0,63640.0,,55287.28571428572,6853.2045962524435,58701.92857142857,7863.79332485583,56704.3,7859.583151840292,59163.11666666667,9182.298052695212,315,0.4411764705882353,0,0,0,0,57263.0,59273.0
2013-05-13,55903,17,77,9.04,,77.0,1,0,5,2,133,0,0,0,0,0,0,185.0,132.0,114.0,163.28571428571428,53.60881235305229,156.26666666666668,0,13,20,133,2013,0.0,1.0,0.49999999999999994,-0.8660254037844387,0.7526668275320085,-0.6584015846980488,55799.0,69116.0,51498.0,53667.0,59629.0,54429.0,,55606.71428571428,6817.1110135767185,58435.78571428572,7893.001195592809,56753.433333333334,7849.469653437232,59060.9,9183.911191289404,316,0.4425770308123249,0,0,0,0,56648.0,50654.5
2013-05-14,56423,15,92,8.02,,92.0,2,0,5,2,134,0,0,0,0,0,0,77.0,120.0,102.0,155.42857142857142,62.28658802357901,150.06666666666666,1,14,20,134,2013,0.7818314824680298,0.6234898018587336,0.49999999999999994,-0.8660254037844387,0.7412220108485958,-0.6712599575675313,55903.0,55799.0,69116.0,46729.0,58775.0,61693.0,,56991.57142857143,5586.676437654876,58267.78571428572,7910.237701170183,56577.76666666667,7793.886077244111,59072.916666666664,9179.912580898419,317,0.44397759103641454,0,0,0,0,52752.0,50447.0
2013-05-15,60619,21,119,8.5,,119.0,3,0,5,2,135,0,0,0,0,0,0,92.0,124.0,110.0,151.42857142857142,65.7440926189245,146.23333333333332,2,15,20,135,2013,0.9749279121818236,-0.22252093395631434,0.49999999999999994,-0.8660254037844387,0.7295575540864875,-0.6839194216246106,56423.0,55903.0,55799.0,55048.0,59088.0,45471.0,,57787.42857142857,5659.987775521096,58377.142857142855,7932.999324701688,57082.7,7535.931666311239,58880.53333333333,9020.525084244233,318,0.44537815126050423,0,0,0,0,57068.0,54888.0
2013-05-16,68519,24,142,7.26,,142.0,4,0,5,2,136,0,0,0,0,0,0,119.0,135.0,121.0,150.71428571428572,66.11786013303391,147.4,3,16,20,136,2013,0.43388373911755823,-0.900968867902419,0.49999999999999994,-0.8660254037844387,0.717676913675962,-0.6963762255968722,60619.0,56423.0,55903.0,55154.0,55019.0,45733.0,,59696.71428571428,6769.131473443452,59341.42857142857,8305.16291429435,57842.23333333333,7500.768368380276,58888.03333333333,9028.477770162968,319,0.44677871148459386,0,0,0,0,55086.5,57381.5
2013-05-17,53621,28,211,8.45,,211.0,5,0,5,2,137,0,0,0,0,0,0,142.0,177.0,152.0,151.71428571428572,65.89313137121934,148.96666666666667,4,17,20,137,2013,-0.433883739117558,-0.9009688679024191,0.49999999999999994,-0.8660254037844387,0.705583610107178,-0.7086266782644596,68519.0,60619.0,56423.0,51498.0,70042.0,65114.0,,60000.0,6376.759338932866,58168.5,7823.26371742068,57459.13333333333,7409.5034722813425,58792.98333333333,9053.794731139813,320,0.4481792717086835,0,0,0,0,60770.0,59348.0
2013-05-18,70866,28,272,5.65,,272.0,6,1,5,2,138,0,0,0,0,0,0,211.0,270.0,252.0,156.57142857142858,69.23596643088806,152.3,5,18,20,138,2013,-0.9749279121818236,-0.2225209339563146,0.49999999999999994,-0.8660254037844387,0.6932812268869777,-0.7206671495538609,53621.0,68519.0,60619.0,69116.0,75799.0,40984.0,,60250.0,6813.092273948314,57816.142857142855,7039.988612940564,58455.2,7121.291777431431,58944.46666666667,9179.72829897144,321,0.4495798319327731,0,0,0,0,72457.5,64887.5
2013-05-19,57643,32,203,6.62,,203.0,7,1,5,2,139,0,0,0,0,0,0,272.0,185.0,202.0,156.85714285714286,69.78402054775529,157.8,6,19,20,139,2013,-0.7818314824680299,0.6234898018587334,0.49999999999999994,-0.8660254037844387,0.6807734094770161,-0.7324940716135789,70866.0,53621.0,68519.0,55799.0,56464.0,48461.0,,60513.42857142857,6645.909063906546,57900.357142857145,7029.613815929154,58761.26666666667,6869.815115382829,58853.38333333333,9164.816957665513,322,0.45098039215686275,0,0,0,0,56131.5,56930.5
2013-05-20,45434,15,114,7.48,,114.0,1,0,5,2,140,0,0,0,0,0,0,203.0,77.0,132.0,159.42857142857142,71.3088520518483,159.3,0,20,21,140,2013,0.0,1.0,0.49999999999999994,-0.8660254037844387,0.6680638642135335,-0.7441039398713607,57643.0,70866.0,53621.0,55903.0,53667.0,53272.0,,59017.857142857145,8712.869990777508,57312.28571428572,7721.3404120168725,58500.0,7225.607269551485,58588.63333333333,9320.501688626146,323,0.4523809523809524,0,0,0,0,54785.0,57766.0
2013-05-21,45027,16,111,5.23,,111.0,2,0,5,2,141,0,0,0,0,0,0,114.0,92.0,120.0,164.71428571428572,65.29858162245772,154.93333333333334,1,21,21,141,2013,0.7818314824680298,0.6234898018587336,0.49999999999999994,-0.8660254037844387,0.6551563572090853,-0.7554933140726803,45434.0,57643.0,70866.0,56423.0,46729.0,62082.0,,57389.857142857145,10213.901742699723,57190.71428571428,7911.839545201489,57931.5,7595.524656687448,58172.23333333333,9359.557294989505,324,0.453781512605042,0,0,0,0,51576.0,57599.0
2013-05-22,53738,18,130,7.56,,130.0,3,0,5,2,142,0,0,0,0,0,0,111.0,119.0,124.0,167.42857142857142,62.088262827626224,152.7,2,22,21,142,2013,0.9749279121818236,-0.22252093395631434,0.49999999999999994,-0.8660254037844387,0.6420547132365637,-0.766658819300159,45027.0,45434.0,57643.0,60619.0,55048.0,47642.0,,56406.857142857145,10182.39826741181,57097.142857142855,7946.799538248214,58134.7,7389.509745998652,57779.316666666666,9031.496599690725,325,0.45518207282913165,0,0,0,0,57833.5,59853.5
2013-05-23,70762,28,182,9.54,,182.0,4,0,5,2,143,0,0,0,0,0,0,130.0,142.0,135.0,169.0,60.78376976353703,153.76666666666668,3,23,21,143,2013,0.43388373911755823,-0.900968867902419,0.49999999999999994,-0.8660254037844387,0.6287628145958344,-0.7775971469736269,53738.0,45027.0,45434.0,68519.0,55154.0,54165.0,,56727.28571428572,10651.563323667368,58212.0,8711.278825134339,58687.933333333334,7696.951810153046,58083.6,9157.459003272106,326,0.4565826330532213,0,0,0,0,61836.5,61769.0
2013-05-24,65019,32,213,10.98,,213.0,5,0,5,2,144,0,1,0,0,0,1,182.0,211.0,177.0,174.71428571428572,59.692864692843386,156.13333333333333,4,24,21,144,2013,-0.433883739117558,-0.9009688679024191,0.49999999999999994,-0.8660254037844387,0.6152845999633276,-0.7883050558305255,70762.0,53738.0,45027.0,53621.0,51498.0,54728.0,,58355.57142857143,10964.177440755948,59177.78571428572,8659.019256764252,59030.96666666667,7743.562676823067,58122.933333333334,9182.478644858154,327,0.4579831932773109,0,0,0,0,52559.5,61831.5
2013-05-25,129930,58,1229,12.0,,1021.7100000000002,6,1,5,2,145,0,1,0,0,1,1,213.0,272.0,270.0,175.0,59.89991652748787,159.83333333333334,5,25,21,145,2013,-0.9749279121818236,-0.2225209339563146,0.49999999999999994,-0.8660254037844387,0.6016240632249226,-0.7987793728863649,65019.0,70762.0,53738.0,70866.0,69116.0,59609.0,,66793.28571428571,29408.90445491121,63521.642857142855,20787.685672817723,61375.0,15086.445345820068,59540.316666666666,12911.224449924452,328,0.45938375350140054,0,0,0,0,69991.0,73332.5
2013-05-26,94548,65,815,11.37,,815.0,7,1,5,2,146,0,1,0,1,1,1,1021.7100000000002,203.0,185.0,282.1014285714286,328.82158589061504,190.09033333333332,6,26,21,146,2013,-0.7818314824680299,0.6234898018587334,0.49999999999999994,-0.8660254037844387,0.5877852522924732,-0.8090169943749473,129930.0,65019.0,70762.0,57643.0,55799.0,67198.0,,72065.42857142857,30771.550637220887,66289.42857142857,22211.23949616606,62286.666666666664,16233.246725913148,60184.333333333336,13668.43124256649,329,0.46078431372549017,0,0,0,0,56721.0,57053.5
2013-05-27,97742,44,840,15.18,,840.0,1,0,5,2,147,0,1,1,0,1,1,815.0,114.0,77.0,369.53,381.435747712945,211.757,0,27,22,147,2013,0.0,1.0,0.49999999999999994,-0.8660254037844387,0.5737722679043246,-0.8190148866680801,94548.0,129930.0,65019.0,45434.0,55903.0,60659.0,,79538.0,29553.646244301828,69277.92857142857,23484.46225932996,63522.76666666667,17469.800292333774,60808.316666666666,14503.031639230829,330,0.46218487394957986,0,0,0,0,50668.5,49550.5
2013-05-28,49562,26,124,13.59,,124.0,2,0,5,2,148,0,0,0,1,0,1,840.0,111.0,92.0,473.2442857142857,398.687272259731,230.62366666666668,1,28,22,148,2013,0.7818314824680298,0.6234898018587336,0.49999999999999994,-0.8660254037844387,0.5595892624101765,-0.8287700871745038,97742.0,94548.0,129930.0,45027.0,56423.0,58062.0,,80185.85714285714,28708.655665893857,68787.85714285714,23842.21506506462,63239.433333333334,17629.6169745068,60560.11666666667,14566.871000625679,331,0.4635854341736695,0,0,0,0,50725.0,45878.0
2013-05-29,46836,18,124,13.11,,124.0,3,0,5,2,149,0,0,0,0,0,0,124.0,130.0,119.0,475.1014285714286,396.7441980432134,228.757,2,29,22,149,2013,0.9749279121818236,-0.22252093395631434,0.49999999999999994,-0.8660254037844387,0.545240438540651,-0.8382797052177744,49562.0,97742.0,94548.0,53738.0,60619.0,59629.0,,79199.85714285714,29863.690084719816,67803.35714285714,24481.469116321627,62813.0,17873.000712884248,59925.26666666667,14314.775120177132,332,0.4649859943977591,0,0,0,0,57178.5,54393.0
2013-05-30,55244,26,117,7.96,,117.0,4,0,5,2,150,0,0,0,0,0,0,124.0,182.0,142.0,474.2442857142857,397.6195473002279,229.09033333333332,3,30,22,150,2013,0.43388373911755823,-0.900968867902419,0.49999999999999994,-0.8660254037844387,0.5307300481619334,-0.8475409228928311,46836.0,49562.0,97742.0,70762.0,68519.0,58775.0,,76983.0,31143.01522010998,66855.14285714286,24707.656947274034,62695.3,17912.093004544455,60104.11666666667,14185.401586581826,333,0.46638655462184875,0,0,0,0,69640.5,62958.0
2013-05-31,65413,25,173,9.52,,173.0,5,0,5,2,151,0,0,0,0,0,0,117.0,213.0,211.0,464.9585714285714,406.2472588801298,229.59033333333332,4,31,22,151,2013,-0.433883739117558,-0.9009688679024191,0.49999999999999994,-0.8660254037844387,0.5160623910158528,-0.8565509959010036,55244.0,46836.0,49562.0,65019.0,53621.0,59088.0,,77039.28571428571,31118.13460944326,67697.42857142857,24421.133753415314,62906.13333333333,17905.392134741218,60283.7,14183.233281422594,334,0.4677871148459384,0,0,0,0,59320.0,58258.5
2013-06-01,62144,24,274,9.5,,274.0,6,1,6,2,152,0,0,0,0,0,0,173.0,1021.7100000000002,272.0,459.2442857142857,410.6395674983576,231.6903333333333,5,1,22,152,2013,-0.9749279121818236,-0.2225209339563146,1.2246467991473532e-16,-1.0,0.5012418134457758,-0.865307254363206,65413.0,55244.0,46836.0,129930.0,70866.0,55019.0,,67355.57142857143,20728.60918197476,67074.42857142857,24445.32356950068,63143.63333333333,17844.317887241352,60306.35,14185.132408676847,335,0.469187675070028,0,0,0,0,100398.0,99523.0
2013-06-02,70022,25,210,10.54,,210.0,7,1,6,2,153,0,0,0,0,0,0,274.0,815.0,203.0,352.42857142857144,329.09717771648,236.7903333333333,6,2,22,153,2013,-0.7818314824680299,0.6234898018587334,1.2246467991473532e-16,-1.0,0.48627270710868997,-0.8738071036110808,62144.0,65413.0,55244.0,94548.0,57643.0,70042.0,,63851.857142857145,17126.008509754713,67958.64285714286,24301.39378911032,63142.96666666667,17844.051647698998,60456.63333333333,14240.31728360897,336,0.47058823529411764,0,0,0,0,76095.5,75173.5
2013-06-03,49671,13,139,8.51,,139.0,1,0,6,2,154,0,0,0,0,0,0,210.0,840.0,114.0,266.0,259.439781066821,238.72366666666667,0,3,23,154,2013,0.0,1.0,1.2246467991473532e-16,-1.0,0.4711595076738638,-0.8820480249558537,70022.0,62144.0,65413.0,97742.0,45434.0,75799.0,,56984.57142857143,8965.104941887024,68261.28571428571,24024.101150010527,62272.03333333333,17842.663088852543,60283.416666666664,14308.221548267033,337,0.47198879551820727,0,0,0,0,71588.0,76822.5
2013-06-04,53656,14,128,10.15,,128.0,2,0,6,2,155,0,0,0,0,0,0,139.0,124.0,111.0,165.85714285714286,58.17625108647158,234.957,1,4,23,155,2013,0.7818314824680298,0.6234898018587336,1.2246467991473532e-16,-1.0,0.4559066935084588,-0.8900275764346767,49671.0,70022.0,62144.0,49562.0,45027.0,56464.0,,57569.42857142857,8522.8032918976,68877.64285714286,23486.83831296932,62178.433333333334,17881.504707346437,59895.8,14164.381107648547,338,0.4733893557422969,0,0,0,0,47294.5,52992.5
2013-06-05,57811,18,135,8.32,,135.0,3,0,6,2,156,0,0,0,0,0,0,128.0,124.0,130.0,166.42857142857142,57.71440358309507,232.49033333333333,2,5,23,156,2013,0.9749279121818236,-0.22252093395631434,1.2246467991473532e-16,-1.0,0.440518784350495,-0.8977433935342337,53656.0,49671.0,70022.0,46836.0,53738.0,53667.0,,59137.28571428572,7111.887834564629,69168.57142857143,23309.435704862615,62316.566666666666,17829.41743818512,59513.53333333333,13899.126919863078,339,0.47478991596638653,0,0,0,0,50287.0,53727.5
2013-06-06,53589,35,142,9.3,,142.0,4,0,6,2,157,0,0,0,0,0,0,135.0,117.0,182.0,168.0,56.50368719532083,232.59033333333332,3,6,23,157,2013,0.43388373911755823,-0.900968867902419,1.2246467991473532e-16,-1.0,0.42500033996955416,-0.9051931898913974,57811.0,53656.0,49671.0,55244.0,70762.0,46729.0,,58900.857142857145,7288.211976165593,67941.92857142857,23668.229599594557,62545.23333333333,17665.849766658925,59450.933333333334,13917.505408981839,340,0.47619047619047616,0,0,0,0,63003.0,61881.5
2013-06-07,62201,26,172,9.93,,172.0,5,0,6,2,158,0,0,0,0,0,0,142.0,173.0,213.0,171.57142857142858,53.450466611175415,233.32366666666667,4,7,23,158,2013,-0.433883739117558,-0.9009688679024191,1.2246467991473532e-16,-1.0,0.4093559588156213,-0.9123747579707273,53589.0,57811.0,53656.0,65413.0,65019.0,55048.0,,58442.0,6900.6918976771,67740.64285714286,23706.95082624556,62783.666666666664,17609.352596009227,59674.23333333333,13851.092510745937,341,0.47759103641456585,0,0,0,0,65216.0,59517.0
2013-06-08,55355,25,272,11.23,,272.0,6,1,6,2,159,0,0,0,0,0,0,172.0,274.0,1021.7100000000002,171.42857142857142,53.44734836845552,234.92366666666663,5,8,23,159,2013,-0.9749279121818236,-0.2225209339563146,1.2246467991473532e-16,-1.0,0.39359027665646673,-0.9192859697186104,62201.0,53589.0,57811.0,62144.0,129930.0,55154.0,,57472.142857142855,6769.511268143618,62413.857142857145,15676.775300557783,62790.36666666667,17606.387550689087,59654.78333333333,13856.412310002957,342,0.4789915966386555,0,0,0,0,96037.0,66505.0
2013-06-09,56933,44,182,10.08,,182.0,7,1,6,2,160,0,0,0,0,0,0,272.0,210.0,815.0,171.14285714285714,52.80918029859506,239.49033333333333,6,9,23,160,2013,-0.7818314824680299,0.6234898018587334,1.2246467991473532e-16,-1.0,0.3777079652039649,-0.9259247771938498,55355.0,62201.0,53589.0,70022.0,94548.0,51498.0,,55602.28571428572,3942.818311575442,59727.07142857143,12683.332196622963,62971.53333333333,17513.903987351394,59810.76666666667,13770.523970394455,343,0.4803921568627451,0,0,0,0,82285.0,63832.5
2013-06-10,53765,13,123,8.85,,123.0,1,0,6,2,161,0,0,0,0,0,0,182.0,139.0,840.0,167.14285714285714,50.37998468779891,239.657,0,10,24,161,2013,0.0,1.0,1.2246467991473532e-16,-1.0,0.36171373072976765,-0.9322892131745133,56933.0,55355.0,62201.0,49671.0,97742.0,69116.0,,56187.142857142855,3137.8326080576576,56585.857142857145,6466.126076683222,62459.833333333336,17552.403148333033,59712.75,13792.628960727694,344,0.48179271708683474,0,0,0,0,73706.5,47552.5
2013-06-11,58902,18,130,8.63,,130.0,2,0,6,2,162,0,0,0,0,0,0,123.0,128.0,124.0,164.85714285714286,52.19970808165041,234.757,1,11,24,162,2013,0.7818314824680298,0.6234898018587336,1.2246467991473532e-16,-1.0,0.3456123126707335,-0.9383773917408641,53765.0,56933.0,55355.0,53656.0,49562.0,55799.0,,56936.57142857143,3058.001082250813,57253.0,6160.2888169058015,62563.26666666667,17520.912977970394,59633.78333333333,13783.32330850711,345,0.4831932773109244,0,0,0,0,51609.0,49341.5
2013-06-12,47527,14,122,11.3,,122.0,3,0,6,2,163,0,0,0,0,0,0,130.0,135.0,124.0,165.14285714285714,51.96931328976283,232.92366666666663,2,12,24,163,2013,0.9749279121818236,-0.22252093395631434,1.2246467991473532e-16,-1.0,0.3294084822245304,-0.9441875088341993,58902.0,53765.0,56933.0,57811.0,46836.0,55903.0,,55467.42857142857,4632.763173209591,57302.357142857145,6072.549453288935,62284.066666666666,17696.56204665942,59518.75,13856.107114199454,346,0.484593837535014,0,0,0,0,52323.5,55774.5
2013-06-13,39091,21,159,13.93,,159.0,4,0,6,2,164,0,0,0,0,0,0,122.0,142.0,117.0,163.28571428571428,53.4375469924605,234.42366666666663,3,13,24,164,2013,0.43388373911755823,-0.900968867902419,1.2246467991473532e-16,-1.0,0.3131070409358269,-0.9497178427914316,47527.0,58902.0,53765.0,53589.0,55244.0,56423.0,,53396.28571428572,7782.528053580088,56148.57142857143,7786.406959609908,61706.333333333336,18171.05874799239,59142.05,14101.064986135605,347,0.48599439775910364,0,0,0,0,54416.5,62175.5
2013-06-14,66338,19,178,10.06,,178.0,5,0,6,2,165,0,0,0,0,0,0,159.0,172.0,173.0,165.71428571428572,52.69001893374201,236.657,4,14,24,165,2013,-0.433883739117558,-0.9009688679024191,1.2246467991473532e-16,-1.0,0.29671281927349075,-0.9549667548552551,39091.0,47527.0,58902.0,62201.0,65413.0,60619.0,,53987.28571428572,8669.1643717697,56214.642857142855,7874.493562295905,61896.96666666667,18189.24816456019,59489.833333333336,14015.23921461696,348,0.48739495798319327,0,0,0,0,63807.0,63610.0
2013-06-15,72452,32,277,11.04,,277.0,6,1,6,2,166,0,0,0,0,0,0,178.0,272.0,274.0,166.57142857142858,52.85785070311104,238.62366666666668,5,15,24,166,2013,-0.9749279121818236,-0.2225209339563146,1.2246467991473532e-16,-1.0,0.28023067519921585,-0.9599326896597447,66338.0,39091.0,47527.0,55355.0,62144.0,68519.0,,56429.71428571428,11167.238508456841,56950.92857142857,8888.212993919367,62028.066666666666,18252.685680390397,59935.15,13995.191528745521,349,0.4887955182072829,0,0,0,0,58749.5,92642.5
2013-06-16,63775,20,159,8.47,,159.0,7,1,6,2,167,0,0,0,0,0,0,277.0,182.0,210.0,167.28571428571428,54.52740682664169,243.12366666666668,6,16,24,167,2013,-0.7818314824680299,0.6234898018587334,1.2246467991473532e-16,-1.0,0.26366549272800704,-0.9646141756912435,72452.0,66338.0,39091.0,56933.0,70022.0,53621.0,,57407.142857142855,11512.715107343563,56504.71428571428,8320.18784392781,62366.53333333333,18185.435359731993,59912.833333333336,13987.859050591276,350,0.49019607843137253,0,0,0,0,63477.5,75740.5
2013-06-17,49001,18,107,13.17,,107.0,1,0,6,2,168,0,0,0,0,0,0,159.0,123.0,139.0,164.0,54.18486873657621,241.39033333333333,0,17,25,168,2013,0.0,1.0,1.2246467991473532e-16,-1.0,0.24702218048093552,-0.9690098257244062,63775.0,72452.0,66338.0,53765.0,49671.0,70866.0,,56726.57142857143,11898.259296456512,56456.857142857145,8364.328322448648,61637.7,18270.99861783985,60046.45,13841.504779350364,351,0.49159663865546216,0,0,0,0,51718.0,75753.5
2013-06-18,37414,12,133,12.78,,133.0,2,0,6,2,169,0,0,0,0,0,0,107.0,130.0,128.0,161.71428571428572,56.491044380840485,235.89033333333333,1,18,25,169,2013,0.7818314824680298,0.6234898018587336,1.2246467991473532e-16,-1.0,0.23030567023061221,-0.9731183372332619,49001.0,63775.0,72452.0,58902.0,53656.0,57643.0,,53656.857142857145,13854.556114970139,55296.71428571428,9787.937689819159,60963.4,18789.43386422096,59862.333333333336,14069.813355304563,352,0.49299719887955185,0,0,0,0,56279.0,54232.0
2013-06-19,52252,15,136,11.77,,136.0,3,0,6,2,170,0,0,0,0,0,0,133.0,122.0,135.0,162.14285714285714,56.22107722028739,233.557,2,19,25,170,2013,0.9749279121818236,-0.22252093395631434,1.2246467991473532e-16,-1.0,0.21352091543979612,-0.9769384927771817,37414.0,49001.0,63775.0,47527.0,57811.0,45434.0,,54331.857142857145,13619.235483053242,54899.642857142855,9790.850309636871,61190.666666666664,18635.72639024184,59845.333333333336,14078.524674327526,353,0.4943977591036415,0,0,0,0,52669.0,47181.5
2013-06-20,60202,23,136,8.85,,136.0,4,0,6,2,171,0,0,0,0,0,0,136.0,159.0,142.0,164.14285714285714,54.785729806914006,234.2903333333333,3,20,25,171,2013,0.43388373911755823,-0.900968867902419,1.2246467991473532e-16,-1.0,0.19667288979357647,-0.980469160361632,52252.0,37414.0,49001.0,39091.0,53589.0,45027.0,,57347.71428571428,11912.23839466908,55372.0,9881.85304952011,61696.5,18386.1416753733,59814.0,14075.55411198157,354,0.4957983193277311,0,0,0,0,46340.0,47167.5
2013-06-21,52947,18,187,10.45,,187.0,5,0,6,2,172,0,0,0,0,0,0,136.0,178.0,172.0,160.85714285714286,55.82540810846066,235.12366666666668,4,21,25,172,2013,-0.433883739117558,-0.9009688679024191,1.2246467991473532e-16,-1.0,0.1797665857255624,-0.9837092937736097,60202.0,52252.0,37414.0,66338.0,62201.0,53738.0,,55434.71428571428,11286.663275953675,54711.0,9697.706889934294,61670.13333333333,18398.511125544475,59902.416666666664,14014.327562421087,355,0.49719887955182074,0,0,0,0,64269.5,65875.5
2013-06-22,54013,23,238,12.35,,238.0,6,1,6,2,173,0,0,0,0,0,0,187.0,277.0,272.0,162.14285714285714,56.38684412587909,237.02366666666663,5,22,25,173,2013,-0.9749279121818236,-0.2225209339563146,1.2246467991473532e-16,-1.0,0.16280701293851715,-0.986657932891657,52947.0,60202.0,52252.0,72452.0,55355.0,70762.0,,52800.57142857143,8447.829166066676,54615.142857142855,9697.484105582444,61111.833333333336,18367.20261223393,59899.88333333333,14015.395976424925,356,0.49859943977591037,0,0,0,0,63903.5,67298.0
2013-06-23,50509,23,172,11.53,,172.0,7,1,6,2,174,0,0,0,0,0,0,238.0,159.0,182.0,156.57142857142858,43.63048300923383,238.89033333333333,6,23,25,174,2013,-0.7818314824680299,0.6234898018587334,1.2246467991473532e-16,-1.0,0.1457991969198751,-0.9893142039703663,54013.0,52947.0,60202.0,63775.0,56933.0,65019.0,,50905.42857142857,6926.605201615481,54156.28571428572,9731.296944384252,60628.166666666664,18451.619816910883,59829.566666666666,14052.318576247866,357,0.5,0,0,0,0,60354.0,66898.5
2013-06-24,52520,15,128,11.89,,128.0,1,0,6,2,175,0,0,0,0,0,0,172.0,107.0,123.0,158.42857142857142,44.02596636401873,237.52366666666663,0,24,26,175,2013,0.0,1.0,1.2246467991473532e-16,-1.0,0.12874817745258132,-0.99167731989929,50509.0,54013.0,52947.0,49001.0,53765.0,129930.0,,51408.142857142855,6892.9686257946605,54067.357142857145,9740.831717823028,58047.833333333336,13047.209507660396,59711.416666666664,14083.970534259373,358,0.5014005602240896,0,0,0,0,51383.0,49336.0
2013-06-25,50092,16,120,12.29,,120.0,2,0,6,2,176,0,0,0,0,0,0,128.0,133.0,130.0,161.42857142857142,40.5127845782749,207.7333333333333,1,25,26,176,2013,0.7818314824680298,0.6234898018587336,1.2246467991473532e-16,-1.0,0.11165900712169512,-0.993746580436178,52520.0,50509.0,54013.0,37414.0,58902.0,94548.0,,53219.28571428572,3366.814207045159,53438.07142857143,9688.911659642357,56565.96666666667,11144.529901390666,59426.316666666666,14102.97640239451,359,0.5028011204481793,0,0,0,0,48158.0,45535.0
2013-06-26,57597,16,146,10.41,,146.0,3,0,6,2,177,0,0,0,0,0,0,120.0,136.0,122.0,159.57142857142858,42.292068377167865,184.56666666666663,2,26,26,177,2013,0.9749279121818236,-0.22252093395631434,1.2246467991473532e-16,-1.0,0.09453674981719912,-0.9955213724144752,50092.0,52520.0,50509.0,52252.0,47527.0,97742.0,,53982.857142857145,3700.4521988791803,54157.357142857145,9589.609092916517,55227.8,7995.02531276332,59375.28333333333,14103.98025813106,360,0.5042016806722689,0,0,0,0,49889.5,55031.5
2013-06-27,56097,16,149,13.63,,149.0,4,0,6,2,178,0,0,0,0,0,0,146.0,136.0,159.0,161.0,41.52509281546915,161.43333333333334,3,27,26,178,2013,0.43388373911755823,-0.900968867902419,1.2246467991473532e-16,-1.0,0.07738647923346301,-0.9970011699250151,57597.0,50092.0,52520.0,60202.0,39091.0,49562.0,,53396.42857142857,2755.1361646411456,55372.07142857143,8555.688611087497,55445.63333333333,7924.042726839861,59342.53333333333,14109.361817501684,361,0.5056022408963585,0,0,0,0,49646.5,56895.5
2013-06-28,46924,20,175,12.68,,175.0,5,0,6,2,179,0,0,0,0,0,0,149.0,187.0,178.0,162.85714285714286,40.4986772270756,162.26666666666668,4,28,26,179,2013,-0.433883739117558,-0.9009688679024191,1.2246467991473532e-16,-1.0,0.06021327736579302,-0.9981855344718586,56097.0,57597.0,50092.0,52947.0,66338.0,46836.0,,52536.0,3698.031818864259,53985.357142857145,8207.848725993506,55448.566666666666,7920.761308251937,59130.78333333333,14200.03520297814,362,0.5070028011204482,0,0,0,0,59642.5,57574.0
2013-06-29,58733,24,259,13.77,,259.0,6,1,6,2,180,0,0,0,0,0,0,175.0,238.0,277.0,161.14285714285714,39.5492459743906,163.96666666666667,5,29,26,180,2013,-0.9749279121818236,-0.2225209339563146,1.2246467991473532e-16,-1.0,0.04302223300453059,-0.99907411510223,46924.0,56097.0,57597.0,54013.0,72452.0,55244.0,,53210.28571428572,4379.71246066388,53005.42857142857,6468.109481427952,55564.86666666667,7943.236584030917,59130.083333333336,14200.054074009771,363,0.5084033613445378,0,0,0,0,63232.5,54684.0
2013-06-30,55385,24,222,14.41,,222.0,7,1,6,2,181,0,0,0,0,0,0,259.0,172.0,159.0,164.14285714285714,46.53109559362268,168.7,6,30,26,181,2013,-0.7818314824680299,0.6234898018587334,1.2246467991473532e-16,-1.0,0.02581844022713308,-0.9996666485105112,58733.0,46924.0,56097.0,50509.0,63775.0,65413.0,,53906.857142857145,4264.724353287453,52406.142857142855,5741.377533138177,55230.6,7722.44782346951,59068.36666666667,14208.284732849237,364,0.5098039215686274,0,0,0,0,57142.0,53721.0
2013-07-01,44741,16,156,13.41,,156.0,1,0,7,3,182,0,0,0,0,0,0,222.0,128.0,107.0,171.28571428571428,51.509592264335495,170.33333333333334,0,1,27,182,2013,0.0,1.0,-0.4999999999999997,-0.8660254037844388,0.008606996888688698,-0.9999629591162655,55385.0,58733.0,46924.0,52520.0,49001.0,62144.0,74455.0,52795.57142857143,5516.220259596251,52101.857142857145,6040.807178071417,54650.5,7837.995300304042,58897.066666666666,14319.455410374963,365,0.511204481792717,0,0,0,0,50760.5,53142.5
2013-07-02,60339,16,177,15.63,,177.0,2,0,7,3,183,0,0,0,0,0,0,156.0,120.0,133.0,175.28571428571428,48.59257242869626,166.4,1,2,27,183,2013,0.7818314824680298,0.6234898018587336,-0.4999999999999997,-0.8660254037844388,-0.008606996888688009,-0.9999629591162655,44741.0,55385.0,58733.0,50092.0,37414.0,70022.0,74705.0,54259.42857142857,6016.172478055594,53739.357142857145,4714.668233815297,54327.73333333333,7368.482765893288,58735.35,14246.059156327847,366,0.5126050420168067,0,0,0,0,43753.0,54497.0
2013-07-03,51421,17,192,13.03,,192.0,3,0,7,3,184,0,0,0,1,0,0,177.0,146.0,136.0,183.42857142857144,42.13018372796847,165.3,2,3,27,184,2013,0.9749279121818236,-0.22252093395631434,-0.4999999999999997,-0.8660254037844388,-0.02581844022713239,-0.9996666485105112,60339.0,44741.0,55385.0,57597.0,52252.0,49671.0,66793.0,53377.142857142855,5896.811071208152,53680.0,4739.997387211434,54386.066666666666,7337.206693583727,58329.05,14098.015650035408,367,0.5140056022408963,0,0,0,0,54924.5,52562.0
2013-07-04,59344,28,228,13.73,,228.0,4,0,7,3,185,0,0,1,0,0,0,192.0,149.0,136.0,190.0,38.77284272958759,167.06666666666666,3,4,27,185,2013,0.43388373911755823,-0.900968867902419,-0.4999999999999997,-0.8660254037844388,-0.04302223300453034,-0.99907411510223,51421.0,60339.0,44741.0,56097.0,60202.0,53656.0,78958.0,53841.0,6262.772309448849,53618.71428571428,4653.950405153493,54575.666666666664,7390.985004269416,58377.05,14096.460754778704,368,0.5154061624649859,0,0,0,0,58149.5,47594.0
2013-07-05,52429,28,249,15.05,,249.0,5,0,7,3,186,0,0,0,1,0,0,228.0,175.0,187.0,201.28571428571428,36.266211481737336,170.4,4,5,27,186,2013,-0.433883739117558,-0.9009688679024191,-0.4999999999999997,-0.8660254037844388,-0.060213277365792774,-0.9981855344718586,59344.0,51421.0,60339.0,46924.0,52947.0,57811.0,67374.0,54627.42857142857,5555.079773118803,53581.71428571428,4661.75405133806,54396.26666666667,7375.047365988692,58356.416666666664,14104.37564428043,369,0.5168067226890757,0,0,0,0,49935.5,56631.0
2013-07-06,58719,28,299,14.18,,299.0,6,1,7,3,187,0,0,0,0,0,0,249.0,259.0,238.0,211.8571428571429,38.06760902844912,174.2,5,6,27,187,2013,-0.9749279121818236,-0.2225209339563146,-0.4999999999999997,-0.8660254037844388,-0.07738647923346322,-0.9970011699250151,52429.0,59344.0,51421.0,58733.0,54013.0,53589.0,80129.0,54625.42857142857,5553.357538676969,53917.857142857145,4860.667647352985,54567.26666666667,7415.048770660002,58556.25,14021.539104843067,370,0.5182072829131653,0,0,0,0,56373.0,65592.5
2013-07-07,53877,17,217,10.5,,217.0,7,1,7,3,188,0,0,0,0,0,0,299.0,222.0,172.0,217.57142857142856,48.02380362159706,179.43333333333334,6,7,27,188,2013,-0.7818314824680299,0.6234898018587334,-0.4999999999999997,-0.8660254037844388,-0.09453674981719933,-0.9955213724144752,58719.0,52429.0,59344.0,55385.0,50509.0,62201.0,79426.0,54410.0,5548.228095527376,54158.42857142857,4761.304664678807,54289.8,7273.946068462329,58536.73333333333,14027.318794828563,371,0.5196078431372549,0,0,0,0,52947.0,59580.0
2013-07-08,52491,13,155,12.18,,155.0,1,0,7,3,189,0,0,0,0,0,0,217.0,156.0,128.0,216.8571428571429,47.98412435875218,180.9333333333333,0,8,28,189,2013,0.0,1.0,-0.4999999999999997,-0.8660254037844388,-0.11165900712169444,-0.9937465804361781,53877.0,58719.0,52429.0,44741.0,52520.0,55355.0,81983.0,55517.142857142855,3792.7486263733076,54156.357142857145,4762.078547589135,54194.333333333336,7278.276758595723,58492.35,14042.408224369128,372,0.5210084033613446,0,0,0,0,48630.5,46871.0
2013-07-09,54147,14,159,11.8,,159.0,2,0,7,3,190,0,0,0,0,0,0,155.0,177.0,120.0,216.7142857142857,48.19652230093751,177.03333333333333,1,9,28,190,2013,0.7818314824680298,0.6234898018587336,-0.4999999999999997,-0.8660254037844388,-0.12874817745258066,-0.99167731989929,52491.0,53877.0,58719.0,60339.0,50092.0,56933.0,81009.0,54632.57142857143,3147.998615900847,54446.0,4616.964403988231,54101.46666666667,7259.878605109148,58536.5,14024.197416233514,373,0.5224089635854342,0,0,0,0,55215.5,48876.5
2013-07-10,56023,13,165,10.88,,165.0,3,0,7,3,191,0,0,0,0,0,0,159.0,192.0,146.0,214.14285714285717,51.06345259063663,176.26666666666668,2,10,28,191,2013,0.9749279121818236,-0.22252093395631434,-0.4999999999999997,-0.8660254037844388,-0.14579919691987442,-0.9893142039703664,54147.0,52491.0,53877.0,51421.0,57597.0,53765.0,67071.0,55290.0,2829.9878091609235,54333.57142857143,4553.053492975037,54176.73333333333,7267.9703846841385,58318.28333333333,13958.499887944643,374,0.5238095238095238,0,0,0,0,54509.0,51836.5
2013-07-11,50445,14,161,13.04,,161.0,4,0,7,3,192,0,0,0,0,0,0,165.0,228.0,149.0,210.28571428571428,53.95280124242639,177.66666666666666,3,11,28,192,2013,0.43388373911755823,-0.900968867902419,-0.4999999999999997,-0.8660254037844388,-0.16280701293851646,-0.9866579328916572,56023.0,54147.0,52491.0,59344.0,56097.0,58902.0,86437.0,54018.71428571428,2701.201073243997,53929.857142857145,4634.514029077516,53894.833333333336,7242.33738266658,58229.05,13991.951363678996,375,0.5252100840336135,0,0,0,0,57720.5,59773.0
2013-07-12,51196,18,190,12.44,,190.0,5,0,7,3,193,0,0,0,0,0,0,161.0,249.0,175.0,200.7142857142857,56.18337323952196,178.7,4,12,28,193,2013,-0.433883739117558,-0.9009688679024191,-0.4999999999999997,-0.8660254037844388,-0.17976658572556214,-0.9837092937736098,50445.0,56023.0,54147.0,52429.0,46924.0,47527.0,92355.0,53842.57142857143,2857.8040437336176,54235.0,4263.546140516103,54017.13333333333,7161.626075869693,58150.6,14018.384717026975,376,0.5266106442577031,0,0,0,0,49676.5,52688.0
2013-07-13,50875,27,254,10.94,,254.0,6,1,7,3,194,0,0,0,0,0,0,190.0,299.0,259.0,192.28571428571428,52.002289326895,180.96666666666667,5,13,28,194,2013,-0.9749279121818236,-0.2225209339563146,-0.4999999999999997,-0.8660254037844388,-0.19667288979357622,-0.9804691603616321,51196.0,50445.0,56023.0,58719.0,58733.0,39091.0,80387.0,52722.0,2050.9926864811405,53673.71428571428,4141.337083016405,54409.933333333334,6617.199490634435,58058.13333333333,14048.239073516148,377,0.5280112044817927,0,0,0,0,58726.0,56366.0
2013-07-14,46370,21,197,11.74,,197.0,7,1,7,3,195,0,0,0,0,0,0,254.0,217.0,222.0,185.8571428571429,37.32036339332088,184.13333333333333,6,14,28,195,2013,-0.7818314824680299,0.6234898018587334,-0.4999999999999997,-0.8660254037844388,-0.2135209154397959,-0.9769384927771817,50875.0,51196.0,50445.0,53877.0,55385.0,66338.0,82752.0,51649.57142857143,3060.5713985648636,53029.78571428572,4536.768371676437,53744.333333333336,6375.880187152322,57820.65,14124.446151223514,378,0.5294117647058824,0,0,0,0,54631.0,52193.0
2013-07-15,53682,12,164,10.95,,164.0,1,0,7,3,196,0,0,0,0,0,0,197.0,155.0,156.0,183.0,35.246749259092454,184.76666666666668,0,15,29,196,2013,0.0,1.0,-0.4999999999999997,-0.8660254037844388,-0.23030567023061196,-0.973118337233262,46370.0,50875.0,51196.0,52491.0,44741.0,72452.0,77308.0,51819.71428571428,3147.027894923652,53668.42857142857,3858.8637569247617,53118.666666666664,5308.376356310075,57573.36666666667,14063.719132198912,379,0.530812324929972,0,0,0,0,48616.0,52505.5
2013-07-16,64027,16,192,10.49,,192.0,2,0,7,3,197,0,0,0,0,0,0,164.0,159.0,177.0,184.28571428571428,34.203870569056406,181.0,1,16,29,197,2013,0.7818314824680298,0.6234898018587336,-0.4999999999999997,-0.8660254037844388,-0.24702218048093527,-0.9690098257244063,53682.0,46370.0,50875.0,54147.0,60339.0,63775.0,71923.0,53231.142857142855,5613.66426464833,53931.857142857145,4432.508733249343,53127.066666666666,5325.990618126337,57746.8,14078.308225837865,380,0.5322128851540616,0,0,0,0,57243.0,52119.5
2013-07-17,43632,17,171,12.09,,171.0,3,0,7,3,198,0,0,0,0,0,0,192.0,165.0,192.0,189.0,32.36252977338662,182.1,2,17,29,198,2013,0.9749279121818236,-0.22252093395631434,-0.4999999999999997,-0.8660254037844388,-0.2636654927280072,-0.9646141756912435,64027.0,53682.0,46370.0,56023.0,51421.0,49001.0,57302.0,51461.0,6474.238642496814,53375.5,5195.130304873724,52948.1,5554.712502880514,57292.9,14087.185934357214,381,0.5336134453781513,0,0,0,0,53722.0,56810.0
2013-07-18,55929,19,174,13.3,,174.0,4,0,7,3,199,0,0,0,0,0,0,171.0,161.0,228.0,189.8571428571429,31.69347236381954,184.2333333333333,3,18,29,199,2013,0.43388373911755823,-0.900968867902419,-0.4999999999999997,-0.8660254037844388,-0.2802306751992161,-0.9599326896597445,43632.0,64027.0,53682.0,50445.0,59344.0,37414.0,78192.0,52244.42857142857,6659.9429641486695,53131.57142857143,4968.564871179888,53565.26666666667,4737.745571350636,57264.333333333336,14088.201780654215,382,0.5350140056022409,0,0,0,0,54894.5,53271.0
2013-07-19,60429,28,181,12.28,,181.0,5,0,7,3,200,0,0,0,0,0,0,174.0,190.0,249.0,191.7142857142857,30.05946487500121,185.6,4,19,29,200,2013,-0.433883739117558,-0.9009688679024191,-0.4999999999999997,-0.8660254037844388,-0.2967128192734901,-0.9549667548552553,55929.0,43632.0,64027.0,51196.0,52429.0,52252.0,77528.0,53563.42857142857,7301.126873233123,53703.0,5328.542216577453,53837.833333333336,4892.281564086522,57514.25,14007.551936063795,383,0.5364145658263305,0,0,0,0,51812.5,49060.0
2013-07-20,45831,27,263,9.96,,263.0,6,1,7,3,201,0,0,0,0,0,0,181.0,254.0,299.0,190.42857142857144,30.336211271114877,187.1,5,20,29,201,2013,-0.9749279121818236,-0.2225209339563146,-0.4999999999999997,-0.8660254037844388,-0.3131070409358267,-0.9497178427914317,60429.0,55929.0,43632.0,50875.0,58719.0,60202.0,73533.0,52842.857142857145,7839.716861991231,52782.42857142857,5505.6440371438985,53358.8,4950.864511062539,57527.65,13995.783449558956,384,0.5378151260504201,0,0,0,0,54797.0,54804.0
2013-07-21,47839,20,206,10.11,,206.0,7,1,7,3,202,0,0,0,0,0,0,263.0,197.0,217.0,191.7142857142857,33.50479709789975,191.33333333333331,6,21,29,202,2013,-0.7818314824680299,0.6234898018587334,-0.4999999999999997,-0.8660254037844388,-0.3294084822245302,-0.9441875088341994,45831.0,60429.0,55929.0,46370.0,53877.0,52947.0,76333.0,53052.71428571428,7655.057036893612,52351.142857142855,5647.959520681306,53188.53333333333,5052.311227570193,57429.333333333336,14043.494078074129,385,0.5392156862745098,0,0,0,0,50123.5,50877.5
2013-07-22,47013,17,177,7.71,,177.0,1,0,7,3,203,0,0,0,0,0,0,206.0,164.0,155.0,193.0,33.911649915626384,191.96666666666667,0,22,30,203,2013,0.0,1.0,-0.4999999999999997,-0.8660254037844388,-0.3456123126707333,-0.9383773917408642,47839.0,45831.0,60429.0,53682.0,52491.0,54013.0,61181.0,52100.0,7972.116887418655,51959.857142857145,5824.520803757885,52955.2,5173.119337765228,57033.51666666667,13995.945889388817,386,0.5406162464985994,0,0,0,0,53086.5,49211.5
2013-07-23,49912,19,173,6.2,,173.0,2,0,7,3,204,0,0,0,0,0,0,177.0,192.0,159.0,194.8571428571429,32.38018206366657,189.9333333333333,1,23,30,204,2013,0.7818314824680298,0.6234898018587336,-0.4999999999999997,-0.8660254037844388,-0.3617137307297674,-0.9322892131745134,47013.0,47839.0,45831.0,64027.0,54147.0,50509.0,74311.0,50083.57142857143,5991.661034502847,51657.357142857145,5812.152991886971,52935.3,5183.990735078645,56781.73333333333,13985.736040897129,387,0.542016806722689,0,0,0,0,59087.0,62183.0
2013-07-24,46908,23,173,8.11,,173.0,3,0,7,3,205,0,0,0,0,0,0,173.0,171.0,165.0,192.14285714285717,33.43864317137973,189.96666666666667,2,24,30,205,2013,0.9749279121818236,-0.22252093395631434,-0.4999999999999997,-0.8660254037844388,-0.37770796520396466,-0.9259247771938499,49912.0,47013.0,47839.0,43632.0,56023.0,52520.0,73508.0,50551.57142857143,5512.536072660187,51006.28571428572,5796.004133201563,52748.23333333333,5299.463510149325,55398.03333333333,10228.236171760498,388,0.5434173669467787,0,0,0,0,49827.5,47526.5
2013-07-25,44247,18,144,8.99,,144.0,4,0,7,3,206,0,0,0,0,0,0,173.0,174.0,161.0,192.42857142857144,33.23580971811956,191.46666666666667,3,25,30,206,2013,0.43388373911755823,-0.900968867902419,-0.4999999999999997,-0.8660254037844388,-0.39359027665646645,-0.9192859697186105,46908.0,49912.0,47013.0,55929.0,50445.0,50092.0,76533.0,48882.71428571428,5379.956899278454,50563.57142857143,6072.2989527385935,52553.4,5503.985024037535,54559.683333333334,8946.022605456781,389,0.5448179271708683,0,0,0,0,53187.0,57636.5
2013-07-26,58961,22,184,8.1,,184.0,5,0,7,3,207,0,0,0,0,0,0,144.0,181.0,190.0,188.14285714285717,37.64938499466084,192.26666666666668,4,26,30,207,2013,-0.433883739117558,-0.9009688679024191,-0.4999999999999997,-0.8660254037844388,-0.4093559588156211,-0.9123747579707274,44247.0,46908.0,49912.0,60429.0,51196.0,57597.0,58962.0,48673.0,4858.169854310561,51118.21428571428,6475.73356912122,52598.86666666667,5552.505192491545,53913.333333333336,6951.942690726121,390,0.5462184873949579,0,0,0,0,55812.5,56429.0
2013-07-27,60904,24,250,8.41,,250.0,6,1,7,3,208,0,0,0,0,0,0,184.0,263.0,254.0,188.57142857142856,37.57151910182832,193.53333333333333,5,27,30,208,2013,-0.9749279121818236,-0.2225209339563146,-0.4999999999999997,-0.8660254037844388,-0.42500033996955394,-0.9051931898913975,58961.0,44247.0,46908.0,45831.0,50875.0,56097.0,81790.0,50826.28571428572,6463.678099304407,51834.57142857143,6981.705386930323,52759.1,5723.656790778304,54102.36666666667,6985.738772832762,391,0.5476190476190477,0,0,0,0,48353.0,52275.0
2013-07-28,43961,39,144,8.92,,144.0,7,1,7,3,209,0,0,0,0,0,0,250.0,206.0,197.0,186.7142857142857,33.36522284112752,196.9,6,28,30,209,2013,-0.7818314824680299,0.6234898018587334,-0.4999999999999997,-0.8660254037844388,-0.4405187843504952,-0.8977433935342336,60904.0,58961.0,44247.0,47839.0,46370.0,46924.0,86450.0,50272.28571428572,6912.966891146957,51662.5,7154.298318009858,52660.333333333336,5851.945419721906,54054.45,7046.02508312545,392,0.5490196078431373,0,0,0,0,47104.5,50858.0
2013-07-29,53217,12,144,6.17,,144.0,1,0,7,3,210,0,0,0,0,0,0,144.0,177.0,164.0,177.85714285714286,35.55009878761977,195.86666666666667,0,29,31,210,2013,0.0,1.0,-0.4999999999999997,-0.8660254037844388,-0.455906693508459,-0.8900275764346766,43961.0,60904.0,58961.0,47013.0,53682.0,58733.0,69722.0,51158.57142857143,6822.567328534022,51629.28571428572,7145.275162151483,52476.46666666667,5740.152225143333,54020.666666666664,7045.0842500565295,393,0.5504201680672269,0,0,0,0,50347.5,49752.0
2013-07-30,52164,16,137,9.06,,137.0,2,0,7,3,211,0,0,0,0,0,0,144.0,173.0,192.0,173.14285714285714,37.79959687363773,192.03333333333333,1,30,31,211,2013,0.7818314824680298,0.6234898018587336,-0.4999999999999997,-0.8660254037844388,-0.47115950767386394,-0.8820480249558535,53217.0,43961.0,60904.0,49912.0,64027.0,55385.0,87795.0,51480.28571428572,6807.067349803501,50781.92857142857,6203.255007398523,52369.1,5713.937348636209,53799.85,6887.837309898239,394,0.5518207282913166,0,0,0,0,56969.5,52029.5
2013-07-31,47537,15,158,6.84,,158.0,3,0,7,3,212,0,0,0,0,0,0,137.0,173.0,171.0,168.0,40.19535628237006,189.2,2,31,31,212,2013,0.9749279121818236,-0.22252093395631434,-0.4999999999999997,-0.8660254037844388,-0.4862727071086902,-0.8738071036110807,52164.0,53217.0,43961.0,46908.0,43632.0,44741.0,75027.0,51570.142857142855,6740.476996686222,51060.857142857145,5939.202949077541,52462.3,5607.027654095793,53556.4,6845.92943808111,395,0.5532212885154062,0,0,0,0,45270.0,51465.5
2013-08-01,55715,28,186,9.86,,186.0,4,0,8,3,213,0,0,0,0,0,0,158.0,144.0,174.0,165.85714285714286,40.28411006599901,189.26666666666668,3,1,31,213,2013,0.43388373911755823,-0.900968867902419,-0.8660254037844385,-0.5000000000000004,-0.5012418134457756,-0.8653072543632061,47537.0,52164.0,53217.0,44247.0,55929.0,60339.0,76894.0,53208.42857142857,6018.966407868283,51045.57142857143,5925.97068600835,52308.166666666664,5444.228060814754,53317.95,6503.285100558919,396,0.5546218487394958,0,0,0,0,50088.0,47346.0
2013-08-02,57361,23,178,9.31,,178.0,5,0,8,3,214,0,0,0,0,0,0,186.0,184.0,181.0,171.85714285714286,39.60820020916784,189.56666666666663,4,2,31,214,2013,-0.433883739117558,-0.9009688679024191,-0.8660254037844385,-0.5000000000000004,-0.5160623910158526,-0.8565509959010037,55715.0,47537.0,52164.0,58961.0,60429.0,51421.0,70693.0,52979.857142857145,5790.132365457889,50826.42857142857,5600.042907999031,52506.166666666664,5518.3608765982035,53446.11666666667,6505.9695094077815,397,0.5560224089635855,0,0,0,0,59695.0,55078.5
2013-08-03,51138,26,234,6.6,,234.0,6,1,8,3,215,0,0,0,0,0,0,178.0,250.0,263.0,171.0,39.36580580486911,189.1,5,3,31,215,2013,-0.9749279121818236,-0.2225209339563146,-0.8660254037844385,-0.5000000000000004,-0.5307300481619331,-0.8475409228928312,57361.0,55715.0,47537.0,60904.0,45831.0,59344.0,76223.0,51584.71428571428,4621.133147987358,51205.5,5412.359683738283,52232.63333333333,5369.094821825088,53404.15,6512.710383276672,398,0.5574229691876751,0,0,0,0,53367.5,55889.5
2013-08-04,48789,24,209,6.05,,209.0,7,1,8,3,216,0,0,0,0,0,0,234.0,144.0,206.0,168.71428571428572,34.130701163391905,189.3,6,4,31,216,2013,-0.7818314824680299,0.6234898018587334,-0.8660254037844385,-0.5000000000000004,-0.5452404385406507,-0.8382797052177745,51138.0,57361.0,55715.0,43961.0,47839.0,52429.0,81892.0,52274.42857142857,3523.5939917996643,51273.357142857145,5372.7157666112325,52111.3,5405.5099421316945,53253.78333333333,6513.390470932573,399,0.5588235294117647,0,0,0,0,45900.0,45165.5
2013-08-05,51296,15,139,6.63,,139.0,1,0,8,3,217,0,0,0,0,0,0,209.0,144.0,177.0,178.0,35.11409973215889,187.96666666666667,0,5,32,217,2013,0.0,1.0,-0.8660254037844385,-0.5000000000000004,-0.5595892624101763,-0.828770087174504,48789.0,51138.0,57361.0,53217.0,47013.0,58719.0,73603.0,52000.0,3512.7385328257838,51579.28571428572,5231.550357480935,51863.86666666667,5260.565432657042,53215.566666666666,6518.115544366839,400,0.5602240896358543,0,0,0,0,50115.0,53449.5
2013-08-06,51713,15,129,8.51,,129.0,2,0,8,3,218,0,0,0,0,0,0,139.0,137.0,173.0,177.28571428571428,35.96161975270436,182.63333333333333,1,6,32,218,2013,0.7818314824680298,0.6234898018587336,-0.8660254037844385,-0.5000000000000004,-0.5737722679043243,-0.8190148866680802,51296.0,48789.0,51138.0,52164.0,49912.0,53877.0,67039.0,51935.57142857143,3513.3651417190686,51707.92857142857,5209.495036274515,51791.73333333333,5246.827842534687,53040.76666666667,6412.845129620413,401,0.561624649859944,0,0,0,0,51038.0,58095.5
2013-08-07,44394,13,139,7.3,,139.0,3,0,8,3,219,0,0,0,0,0,0,129.0,158.0,173.0,176.14285714285714,37.54743032232066,179.7,2,7,32,219,2013,0.9749279121818236,-0.22252093395631434,-0.8660254037844385,-0.5000000000000004,-0.5877852522924734,-0.8090169943749472,51713.0,51296.0,48789.0,47537.0,46908.0,52491.0,67392.0,51486.57142857143,4285.227915258798,51528.357142857145,5426.485583295696,51521.833333333336,5415.173363565846,52858.083333333336,6501.315228844186,402,0.5630252100840336,0,0,0,0,47222.5,45584.5
2013-08-08,50544,29,156,9.98,,156.0,4,0,8,3,220,0,0,0,0,0,0,139.0,186.0,144.0,173.42857142857142,39.70246483892045,179.16666666666666,3,8,32,220,2013,0.43388373911755823,-0.900968867902419,-0.8660254037844385,-0.5000000000000004,-0.6016240632249227,-0.7987793728863648,44394.0,51713.0,51296.0,55715.0,44247.0,54147.0,68397.0,50747.857142857145,3859.361148712227,51978.142857142855,5022.458727588658,51401.73333333333,5394.8599798605155,52751.6,6485.7452512726595,403,0.5644257703081232,0,0,0,0,49981.0,55822.0
2013-08-09,45910,31,181,14.3,,181.0,5,0,8,3,221,0,0,0,0,0,0,156.0,178.0,184.0,169.14285714285714,39.73843048162392,179.06666666666666,4,9,32,221,2013,-0.433883739117558,-0.9009688679024191,-0.8660254037844385,-0.5000000000000004,-0.6152845999633277,-0.7883050558305253,50544.0,44394.0,51713.0,57361.0,58961.0,56023.0,69336.0,49112.0,2895.6005134223883,51045.92857142857,4834.3476763722365,51064.63333333333,5412.070956051393,52620.683333333334,6543.959249623544,404,0.5658263305322129,0,0,0,0,58161.0,58895.0
2013-08-10,53592,33,236,11.03,,236.0,6,1,8,3,222,0,0,0,0,0,0,181.0,234.0,250.0,169.57142857142858,39.86584646393092,179.6,5,10,32,222,2013,-0.9749279121818236,-0.2225209339563146,-0.8660254037844385,-0.5000000000000004,-0.6287628145958345,-0.7775971469736268,45910.0,50544.0,44394.0,51138.0,60904.0,50445.0,91534.0,49462.57142857143,3301.8286780277276,50523.642857142855,4012.5177326644516,51169.53333333333,5430.115149178243,52532.183333333334,6493.281193721209,405,0.5672268907563025,0,0,0,0,56021.0,48484.5
2013-08-11,58804,27,183,12.78,,183.0,7,1,8,3,223,0,0,0,0,0,0,236.0,209.0,144.0,169.85714285714286,40.4080378614147,182.1,6,11,32,223,2013,-0.7818314824680299,0.6234898018587334,-0.8660254037844385,-0.5000000000000004,-0.6420547132365636,-0.7666588193001592,53592.0,45910.0,50544.0,48789.0,43961.0,51196.0,68738.0,50893.28571428572,4793.961851964839,51583.857142857145,4104.9983951492095,51423.13333333333,5606.195333694857,52720.13333333333,6509.137841492304,406,0.5686274509803921,0,0,0,0,46375.0,48314.0
2013-08-12,39774,23,135,11.7,,135.0,1,0,8,3,224,0,0,0,0,0,0,183.0,139.0,144.0,166.14285714285714,37.284619578894144,181.86666666666667,0,12,33,224,2013,0.0,1.0,-0.8660254037844385,-0.5000000000000004,-0.655156357209085,-0.7554933140726804,58804.0,53592.0,45910.0,51296.0,53217.0,50875.0,62394.0,49247.28571428572,6356.145915943133,50623.642857142855,5136.300398702933,51053.1,5996.399709193468,52731.51666666667,6485.453042710904,407,0.5700280112044818,0,0,0,0,52256.5,49154.5
2013-08-13,55519,22,155,13.0,,155.0,2,0,8,3,225,0,0,0,0,0,0,135.0,129.0,137.0,165.57142857142858,37.79707723646165,177.9,1,13,33,225,2013,0.7818314824680298,0.6234898018587336,-0.8660254037844385,-0.5000000000000004,-0.6680638642135333,-0.7441039398713608,39774.0,58804.0,53592.0,51713.0,52164.0,46370.0,75697.0,49791.0,6752.639261799696,50863.28571428572,5289.673414792874,51358.066666666666,5982.647816139253,52551.2,6246.745318801238,408,0.5714285714285714,0,0,0,0,51938.5,50812.5
2013-08-14,49673,18,135,7.48,,135.0,3,0,8,3,226,0,0,0,0,0,0,155.0,139.0,158.0,169.28571428571428,34.75971943554918,176.5,2,14,33,226,2013,0.9749279121818236,-0.22252093395631434,-0.8660254037844385,-0.5000000000000004,-0.6807734094770159,-0.7324940716135792,55519.0,39774.0,58804.0,44394.0,47537.0,53682.0,66363.0,50545.142857142855,6331.061217746674,51015.857142857145,5216.653021550736,51224.433333333334,5973.716048360393,52171.55,5683.580193066339,409,0.572829131652661,0,0,0,0,45965.5,45651.0
2013-08-15,49114,24,131,10.33,,131.0,4,0,8,3,227,0,0,0,0,0,0,135.0,156.0,186.0,168.71428571428572,35.368132010395485,175.53333333333333,3,15,33,227,2013,0.43388373911755823,-0.900968867902419,-0.8660254037844385,-0.5000000000000004,-0.6932812268869771,-0.7206671495538615,49673.0,55519.0,39774.0,50544.0,55715.0,64027.0,69877.0,50340.857142857145,6354.133259240736,50544.357142857145,5055.064780946141,50727.333333333336,5470.952078357095,51927.2,5488.058051775698,410,0.5742296918767507,0,0,0,0,53129.5,47395.5
2013-08-16,46781,17,162,7.5,,162.0,5,0,8,3,228,0,0,0,0,0,0,131.0,181.0,178.0,165.14285714285714,38.028185036139405,173.5,4,16,33,228,2013,-0.433883739117558,-0.9009688679024191,-0.8660254037844385,-0.5000000000000004,-0.7055836101071774,-0.70862667826446,49114.0,49673.0,55519.0,45910.0,57361.0,43632.0,86485.0,50465.28571428572,6260.747658075198,49788.642857142855,4738.537742760097,50832.3,5359.192664044324,51890.2,5515.535343809575,411,0.5756302521008403,0,0,0,0,51635.5,52435.5
2013-08-17,54216,20,237,8.3,,237.0,6,1,8,3,229,0,0,0,0,0,0,162.0,236.0,234.0,162.42857142857142,37.38028510171791,173.2,5,17,33,229,2013,-0.9749279121818236,-0.2225209339563146,-0.8660254037844385,-0.5000000000000004,-0.7176769136759615,-0.6963762255968726,46781.0,49114.0,49673.0,53592.0,51138.0,55929.0,61505.0,50554.42857142857,6316.877626832722,50008.5,4875.390520847614,50775.2,5311.934178549565,52170.23333333333,5184.7078546290495,412,0.5770308123249299,0,0,0,0,52365.0,57248.0
2013-08-18,50812,24,154,9.12,,154.0,7,1,8,3,230,0,0,0,0,0,0,237.0,183.0,209.0,162.57142857142858,37.7087838699736,175.3,6,18,33,230,2013,-0.7818314824680299,0.6234898018587334,-0.8660254037844385,-0.5000000000000004,-0.7295575540864876,-0.6839194216246105,54216.0,46781.0,49114.0,58804.0,48789.0,60429.0,76455.0,49412.71428571428,5201.025402561877,50153.0,4866.43712665579,50454.63333333333,4989.662786500719,52146.23333333333,5187.654982342047,413,0.5784313725490197,0,0,0,0,53796.5,51382.5
2013-08-19,41252,12,134,12.12,,134.0,1,0,8,3,231,0,0,0,0,0,0,154.0,135.0,139.0,158.42857142857142,36.66904754174899,174.4,0,19,34,231,2013,0.0,1.0,-0.8660254037844385,-0.5000000000000004,-0.7412220108485957,-0.6712599575675315,50812.0,54216.0,46781.0,39774.0,51296.0,45831.0,73931.0,49623.857142857145,4755.4243914561275,49435.57142857143,5396.467743801642,50302.0,5201.5146136355,51830.4,5265.168547851738,414,0.5798319327731093,0,0,0,0,45535.0,46495.5
2013-08-20,41390,16,116,9.33,,116.0,2,0,8,3,232,0,0,0,0,0,0,134.0,155.0,129.0,158.28571428571428,36.777322205014165,170.1,1,20,34,232,2013,0.7818314824680298,0.6234898018587336,-0.8660254037844385,-0.5000000000000004,-0.7526668275320083,-0.6584015846980489,41252.0,50812.0,54216.0,55519.0,51713.0,47839.0,53599.0,47605.42857142857,4834.074949671977,48698.21428571428,5754.710674790771,50087.03333333333,5434.84266487592,51637.78333333333,5432.36858192502,415,0.5812324929971989,0,0,0,0,53616.0,53841.5
2013-08-21,48058,14,144,11.79,,144.0,3,0,8,3,233,0,0,0,0,0,0,116.0,135.0,139.0,152.71428571428572,40.15683539039684,167.1,2,21,34,233,2013,0.9749279121818236,-0.22252093395631434,-0.8660254037844385,-0.5000000000000004,-0.7638886127905429,-0.64534811322955,41390.0,41252.0,50812.0,49673.0,44394.0,47013.0,74885.0,47374.71428571428,4756.873087588847,48959.92857142857,5625.776711698709,50121.86666666667,5417.78305425661,51538.53333333333,5442.6271649357195,416,0.5826330532212886,0,0,0,0,47033.5,48605.0
2013-08-22,41436,22,136,12.62,,136.0,4,0,8,3,234,0,0,0,0,0,0,144.0,131.0,156.0,154.0,39.63584236521282,166.0,3,22,34,234,2013,0.43388373911755823,-0.900968867902419,-0.8660254037844385,-0.5000000000000004,-0.7748840413670406,-0.6321034111873488,48058.0,41390.0,41252.0,49114.0,50544.0,49912.0,75273.0,46277.857142857145,5157.334467486297,48309.357142857145,5946.017032850345,49839.333333333336,5645.334682564218,51387.316666666666,5595.607370712691,417,0.5840336134453782,0,0,0,0,49829.0,52414.5
2013-08-23,48679,21,150,9.39,,150.0,5,0,8,3,235,0,0,0,0,0,0,136.0,162.0,181.0,154.71428571428572,39.19487332851192,164.76666666666668,4,23,34,235,2013,-0.433883739117558,-0.9009688679024191,-0.8660254037844385,-0.5000000000000004,-0.7856498550787144,-0.6186714032625032,41436.0,48058.0,41390.0,46781.0,45910.0,46908.0,71139.0,46549.0,5237.465958520881,48507.142857142855,5905.985189191252,49898.36666666667,5622.839560488103,51323.3,5604.393870369599,418,0.5854341736694678,0,0,0,0,46345.5,52071.0
2013-08-24,51018,32,228,12.52,,228.0,6,1,8,3,236,0,0,0,0,0,0,150.0,237.0,236.0,153.0,39.085376634576086,164.0,5,24,34,236,2013,-0.9749279121818236,-0.2225209339563146,-0.8660254037844385,-0.5000000000000004,-0.7961828637826154,-0.6050560696488494,48679.0,41436.0,48058.0,54216.0,53592.0,44247.0,82682.0,46092.142857142855,4551.819065991325,48323.28571428572,5774.1065033552395,50124.066666666666,5523.182602844975,51338.73333333333,5602.220240458057,419,0.5868347338935574,0,0,0,0,53904.0,52677.0
2013-08-25,39849,32,180,13.0,,180.0,7,1,8,3,237,0,0,0,0,0,0,228.0,154.0,183.0,151.71428571428572,35.8781004965159,166.8,6,25,34,237,2013,-0.7818314824680299,0.6234898018587334,-0.8660254037844385,-0.5000000000000004,-0.8064799463209447,-0.5912614448635782,51018.0,48679.0,41436.0,50812.0,58804.0,58961.0,83619.0,44526.0,4543.20918147787,46969.357142857145,5332.977283731146,49487.0,5570.76984093681,51042.933333333334,5733.20042212245,420,0.5882352941176471,0,0,0,0,54808.0,49800.5
2013-08-26,42755,12,126,12.54,,126.0,1,0,8,3,238,0,0,0,0,0,0,180.0,134.0,135.0,155.42857142857142,37.46490421206288,166.66666666666666,0,26,35,238,2013,0.0,1.0,-0.8660254037844385,-0.5000000000000004,-0.8165380514459157,-0.5772916165517278,39849.0,51018.0,48679.0,41252.0,39774.0,60904.0,69476.0,44740.71428571428,4395.815196080633,47182.28571428572,5076.956302422203,48882.03333333333,5265.251138414588,50820.566666666666,5792.287494523048,421,0.5896358543417367,0,0,0,0,40513.0,46274.0
2013-08-27,52448,12,112,12.7,,112.0,2,0,8,3,239,0,0,0,0,0,0,126.0,116.0,155.0,154.28571428571428,38.33933700398015,162.53333333333333,1,27,35,239,2013,0.7818314824680298,0.6234898018587336,-0.8660254037844385,-0.5000000000000004,-0.8263541987239094,-0.5631507242749187,42755.0,39849.0,51018.0,41390.0,55519.0,43961.0,72818.0,46320.42857142857,4943.777801679533,46962.92857142857,4744.507795891575,49164.933333333334,5219.53160095183,50912.63333333333,5773.172617085489,422,0.5910364145658263,0,0,0,0,48454.5,46551.5
2013-08-28,56799,15,112,12.9,,112.0,3,0,8,3,240,0,0,0,0,0,0,112.0,144.0,135.0,153.71428571428572,39.02868298108577,161.46666666666667,2,28,35,240,2013,0.9749279121818236,-0.22252093395631434,-0.8660254037844385,-0.5000000000000004,-0.8359254794186365,-0.5488429582847199,52448.0,42755.0,39849.0,48058.0,49673.0,53217.0,69929.0,47569.142857142855,6357.566710321566,47471.92857142857,5395.234969778625,49284.333333333336,5354.642950415858,50880.4,5734.035524533243,423,0.592436974789916,0,0,0,0,48865.5,46226.0
2013-08-29,45157,20,128,10.17,,128.0,4,0,8,3,241,0,0,0,0,0,0,112.0,136.0,131.0,149.14285714285714,42.10870286701854,160.4,3,29,35,241,2013,0.43388373911755823,-0.900968867902419,-0.8660254037844385,-0.5000000000000004,-0.8452490573530634,-0.5343725582809785,56799.0,52448.0,42755.0,41436.0,49114.0,52164.0,71877.0,48100.71428571428,5898.26162848799,47189.28571428572,5406.231183032857,49050.76666666667,5377.4741903441545,50709.933333333334,5749.860711258066,424,0.5938375350140056,0,0,0,0,45275.0,45990.0
2013-08-30,40892,27,159,10.47,,159.0,5,0,8,3,242,0,0,0,0,0,0,128.0,150.0,162.0,148.0,42.63019274332843,160.1,4,30,35,242,2013,-0.433883739117558,-0.9009688679024191,-0.8660254037844385,-0.5000000000000004,-0.8543221697498269,-0.5197438121555157,45157.0,56799.0,52448.0,48679.0,46781.0,47537.0,65458.0,46988.28571428572,6476.95411219093,46768.642857142855,5663.42725275552,48829.26666666667,5575.196758138265,50645.78333333333,5838.373540321545,425,0.5952380952380952,0,0,0,0,47730.0,47294.5
2013-08-31,55755,24,253,14.49,,253.0,6,1,8,3,243,0,0,0,0,0,0,159.0,228.0,237.0,149.28571428571428,42.83578833060926,160.13333333333333,5,31,35,243,2013,-0.9749279121818236,-0.2225209339563146,-0.8660254037844385,-0.5000000000000004,-0.8631421280499115,-0.5049610547215202,40892.0,45157.0,56799.0,51018.0,54216.0,55715.0,66024.0,47665.0,7177.704995330923,46878.57142857143,5831.54296397279,48830.6,5576.904818241525,50569.38333333333,5738.518615584642,426,0.5966386554621849,0,0,0,0,52617.0,52305.0
2013-09-01,42003,19,203,11.33,,203.0,7,1,9,3,244,0,0,0,0,0,0,253.0,180.0,154.0,152.85714285714286,50.79510662596208,162.36666666666667,6,1,35,244,2013,-0.7818314824680299,0.6234898018587334,-1.0,-1.8369701987210297e-16,-0.8717063187093217,-0.4900286664290594,55755.0,40892.0,45157.0,39849.0,50812.0,57361.0,82854.0,47972.71428571428,6824.249231338718,46249.357142857145,5849.695595066993,48318.666666666664,5470.738078763971,50412.416666666664,5842.6899403185525,427,0.5980392156862745,0,0,0,0,45330.5,49326.5
2013-09-02,49234,15,226,10.11,,226.0,1,0,9,3,245,0,0,0,0,0,0,203.0,126.0,134.0,156.14285714285714,53.51457300408481,163.2,0,2,36,245,2013,0.0,1.0,-1.0,-1.8369701987210297e-16,-0.8800122039735356,-0.4749510720670502,42003.0,55755.0,40892.0,42755.0,41252.0,51138.0,97531.0,48898.28571428572,6426.40111089355,46819.5,5712.535712731428,48255.2,5447.899414231831,50243.916666666664,5725.347252562801,428,0.5994397759103641,0,0,0,0,42003.5,41264.5
2013-09-03,38580,14,91,10.17,,91.0,2,0,9,3,246,0,0,0,0,0,0,226.0,112.0,116.0,170.42857142857142,57.33776284107226,162.93333333333334,1,3,36,246,2013,0.7818314824680298,0.6234898018587336,-1.0,-1.8369701987210297e-16,-0.888057322629493,-0.4597327394521046,49234.0,42003.0,55755.0,52448.0,41390.0,48789.0,82978.0,46917.142857142855,7236.295632171814,46618.78571428572,5961.902886451078,47914.9,5725.198574180145,50013.1,5911.8843985967715,429,0.6008403361344538,0,0,0,0,46919.0,53983.5
2013-09-04,40779,16,81,11.86,,81.0,3,0,9,3,247,0,0,0,0,0,0,91.0,112.0,144.0,167.42857142857142,61.31573246418122,159.0,2,4,36,247,2013,0.9749279121818236,-0.22252093395631434,-1.0,-1.8369701987210297e-16,-0.8958392907349089,-0.4443781781046134,38580.0,49234.0,42003.0,56799.0,48058.0,51296.0,62677.0,44628.57142857143,6021.442652641124,46098.857142857145,6141.428784613938,47564.333333333336,5832.020365210593,49714.1,5917.775720771696,430,0.6022408963585434,0,0,0,0,52428.5,53236.0
2013-09-05,40200,28,91,10.58,,91.0,4,0,9,3,248,0,0,0,0,0,0,81.0,128.0,136.0,163.0,66.85556571196348,157.06666666666666,3,5,36,248,2013,0.43388373911755823,-0.900968867902419,-1.0,-1.8369701987210297e-16,-0.9033558023246842,-0.4288919379124841,40779.0,38580.0,49234.0,45157.0,41436.0,51713.0,48616.0,43920.42857142857,6236.577235875919,46010.57142857143,6221.971462416232,47180.566666666666,5927.623962451653,49486.15,6017.2841298339545,431,0.603641456582633,0,0,0,0,43296.5,47135.5
2013-09-06,41521,21,117,7.74,,117.0,5,0,9,3,249,0,0,0,0,0,0,91.0,159.0,150.0,157.71428571428572,71.39260999504614,155.8,4,6,36,249,2013,-0.433883739117558,-0.9009688679024191,-1.0,-1.8369701987210297e-16,-0.9106046300942162,-0.41327860778290443,40200.0,40779.0,38580.0,40892.0,48679.0,44394.0,64733.0,44010.28571428572,6190.028694448301,45499.28571428572,6279.662122568969,47084.8,5996.998251424403,49303.316666666666,6090.648011755922,432,0.6050420168067226,0,0,0,0,44785.5,43836.5
2013-09-07,54134,26,181,11.48,,181.0,6,1,9,3,250,0,0,0,0,0,0,117.0,253.0,228.0,151.71428571428572,73.01304514882777,155.06666666666666,5,7,36,250,2013,-0.9749279121818236,-0.2225209339563146,-1.0,-1.8369701987210297e-16,-0.9175836260593934,-0.3975428142825566,41521.0,40200.0,40779.0,55755.0,51018.0,50544.0,74264.0,43778.71428571428,5687.334340863035,45721.857142857145,6540.128108097786,47204.46666666667,6103.281213234178,49303.1,6090.473012439449,433,0.6064425770308123,0,0,0,0,53386.5,54985.5
2013-09-08,39474,28,134,11.87,,134.0,7,1,9,3,251,0,0,0,0,0,0,181.0,203.0,180.0,141.42857142857142,60.3375426050734,155.9,6,8,36,251,2013,-0.7818314824680299,0.6234898018587334,-1.0,-1.8369701987210297e-16,-0.9242907221930934,-0.3816892202666586,54134.0,41521.0,40200.0,42003.0,39849.0,45910.0,74461.0,43417.42857142857,5895.455081590026,45695.07142857143,6566.7449314334235,46989.933333333334,6261.416992504501,49027.28333333333,6155.371762008376,434,0.6078431372549019,0,0,0,0,40926.0,46407.5
2013-09-09,47425,12,97,9.53,,97.0,1,0,9,3,252,0,0,0,0,0,0,134.0,226.0,126.0,131.57142857142858,53.89451778816699,154.33333333333334,0,9,37,252,2013,0.0,1.0,-1.0,-1.8369701987210297e-16,-0.9307239310379793,-0.3657225234972692,39474.0,54134.0,41521.0,49234.0,42755.0,53592.0,71640.0,43159.0,5631.739991630592,46028.642857142855,6524.384210343296,46784.36666666667,6137.193588015836,48976.95,6155.929861124457,435,0.6092436974789915,0,0,0,0,45994.5,45243.0
2013-09-10,37989,15,80,11.18,,80.0,2,0,9,3,253,0,0,0,0,0,1,97.0,91.0,112.0,113.14285714285714,34.94962360993594,149.7,1,10,37,253,2013,0.7818314824680298,0.6234898018587336,-1.0,-1.8369701987210297e-16,-0.9368813462954315,-0.34964745525122826,47425.0,39474.0,54134.0,38580.0,52448.0,58804.0,97294.0,43074.57142857143,5715.63256508373,44995.857142857145,6574.269913921992,46090.53333333333,5903.63405751563,48756.833333333336,6309.444973217178,436,0.6106442577030813,0,0,0,0,45514.0,39985.0
2013-09-11,81062,35,370,7.82,,370.0,3,0,9,3,254,0,0,0,0,1,1,80.0,81.0,112.0,111.57142857142856,36.33114890768501,146.26666666666668,2,11,37,254,2013,0.9749279121818236,-0.22252093395631434,-1.0,-1.8369701987210297e-16,-0.9427611433904206,-0.33346877891818705,37989.0,47425.0,39474.0,40779.0,56799.0,39774.0,115615.0,48829.28571428572,15285.988461270466,46728.92857142857,11372.288488076845,47466.8,8584.299113437668,49259.95,7560.699273607649,437,0.6120448179271709,0,0,0,0,48789.0,44418.5
2013-09-12,78259,40,406,10.23,,406.0,4,0,9,3,255,0,0,0,0,1,1,370.0,91.0,128.0,152.85714285714286,101.52081653767462,154.1,3,12,37,255,2013,0.43388373911755823,-0.900968867902419,-1.0,-1.8369701987210297e-16,-0.9483615800121716,-0.31719128858910595,81062.0,37989.0,47425.0,40200.0,45157.0,55519.0,82196.0,54266.28571428572,18196.544486195573,49093.357142857145,14127.669036366202,48224.8,10176.206668769977,49791.433333333334,8425.47675534158,438,0.6134453781512605,0,0,0,0,42678.5,40818.0
2013-09-13,77871,71,539,8.99,,539.0,5,0,9,3,256,0,0,0,0,1,1,406.0,117.0,159.0,197.8571428571429,134.11366891736347,162.46666666666667,4,13,37,256,2013,-0.433883739117558,-0.9009688679024191,-1.0,-1.8369701987210297e-16,-0.9536809966304455,-0.300819807635668,78259.0,81062.0,37989.0,41521.0,40892.0,49673.0,72926.0,59459.142857142855,19116.595141643913,51734.71428571428,15830.591477499325,49164.73333333333,11527.173194563911,50194.583333333336,9161.36380064956,439,0.6148459383753502,0,0,0,0,41206.5,45100.0
2013-09-14,49614,22,183,11.23,,183.0,6,1,9,3,257,0,0,0,0,0,1,539.0,181.0,253.0,258.1428571428572,179.0339153823734,175.93333333333334,5,14,37,257,2013,-0.9749279121818236,-0.2225209339563146,-1.0,-1.8369701987210297e-16,-0.9587178169872964,-0.2843591872810036,77871.0,78259.0,81062.0,54134.0,55755.0,49114.0,61692.0,58813.42857142857,19400.671473406466,51296.07142857143,15795.666813130436,49181.4,11527.458773099937,49954.36666666667,8979.679223002437,440,0.6162464985994398,0,0,0,0,54944.5,52576.0
2013-09-15,40887,23,149,7.59,,149.0,7,1,9,3,258,0,0,0,0,0,0,183.0,134.0,203.0,258.42857142857144,178.89182685155214,177.66666666666666,6,15,37,258,2013,-0.7818314824680299,0.6234898018587334,-1.0,-1.8369701987210297e-16,-0.9634705485641486,-0.26781430516217486,49614.0,77871.0,78259.0,39474.0,42003.0,46781.0,70103.0,59015.28571428572,19171.917142131657,51216.357142857145,15848.899018335887,48984.933333333334,11619.638613685243,49908.61666666667,9019.341676324986,441,0.6176470588235294,0,0,0,0,40738.5,39661.5
2013-09-16,45380,13,120,8.45,,120.0,1,0,9,3,259,0,0,0,0,0,0,149.0,97.0,226.0,260.57142857142856,177.235114224822,177.23333333333332,0,16,38,259,2013,0.0,1.0,-1.0,-1.8369701987210297e-16,-0.9679377830240642,-0.25119006388481957,40887.0,49614.0,77871.0,47425.0,49234.0,54216.0,64510.0,58723.142857142855,19392.280693002314,50941.07142857143,15919.294473467367,48690.4,11594.429449018922,49732.8,9002.79767778426,442,0.6190476190476191,0,0,0,0,48329.5,45090.0
2013-09-17,43350,23,99,14.62,,99.0,2,0,9,3,260,0,0,0,0,0,0,120.0,80.0,91.0,263.85714285714283,173.87872073318664,173.33333333333334,1,17,38,260,2013,0.7818314824680298,0.6234898018587336,-1.0,-1.8369701987210297e-16,-0.9721181966290612,-0.23449138957041052,45380.0,40887.0,49614.0,37989.0,38580.0,50812.0,66669.0,59489.0,18523.347357681687,51281.78571428572,15683.686395441318,48441.666666666664,11627.339468960134,49448.15,8928.56917158029,443,0.6204481792717087,0,0,0,0,38284.5,45218.5
2013-09-18,38693,18,93,7.48,,93.0,3,0,9,3,261,0,0,0,0,0,0,99.0,370.0,81.0,266.57142857142856,170.6486225580282,171.5,2,18,38,261,2013,0.9749279121818236,-0.22252093395631434,-1.0,-1.8369701987210297e-16,-0.9760105506323682,-0.21772323039653224,43350.0,45380.0,40887.0,81062.0,40779.0,41252.0,65025.0,53436.28571428572,17172.255818754886,51132.78571428572,15800.614521538186,48356.36666666667,11691.11449064351,49329.183333333334,9024.619615424595,444,0.6218487394957983,0,0,0,0,60920.5,68930.5
2013-09-19,43556,25,99,8.32,,99.0,4,0,9,3,262,0,0,0,0,0,0,93.0,406.0,91.0,227.0,174.73503750917652,170.13333333333333,3,19,38,262,2013,0.43388373911755823,-0.900968867902419,-1.0,-1.8369701987210297e-16,-0.9796136916454901,-0.20089055513063528,38693.0,43350.0,45380.0,78259.0,40200.0,41390.0,61225.0,48478.71428571428,13408.507991996246,51372.5,15646.699940832994,48428.566666666666,11653.236125002306,49257.8,9053.49923697447,445,0.623249299719888,0,0,0,0,59229.5,61708.0
2013-09-20,46276,26,155,12.69,,155.0,5,0,9,3,263,0,0,0,0,0,0,99.0,539.0,117.0,183.14285714285717,160.2460905102197,169.56666666666666,4,20,38,263,2013,-0.433883739117558,-0.9009688679024191,-1.0,-1.8369701987210297e-16,-0.9829265519799822,-0.18399835165767986,43556.0,38693.0,43350.0,77871.0,41521.0,48058.0,69783.0,43965.142857142855,3583.9391935209005,51712.142857142855,15466.979978985277,48369.166666666664,11659.730029060536,49245.51666666667,9057.095737768612,446,0.6246498599439776,0,0,0,0,59696.0,59381.5
2013-09-21,59841,26,194,13.27,,194.0,6,1,9,3,264,0,0,0,0,0,0,155.0,183.0,181.0,128.28571428571428,34.5577501472259,169.93333333333334,5,21,38,264,2013,-0.9749279121818236,-0.2225209339563146,-1.0,-1.8369701987210297e-16,-0.9859481499638303,-0.1670516255021195,46276.0,43556.0,38693.0,49614.0,54134.0,41436.0,64629.0,45426.142857142855,6858.806101855877,52119.78571428572,15610.261946151779,48982.666666666664,11766.071208273488,49411.0,9159.606415939183,447,0.6260504201680672,0,0,0,0,51874.0,52684.5
2013-09-22,49698,21,145,11.68,,145.0,7,1,9,3,265,0,0,0,0,0,0,194.0,149.0,134.0,129.85714285714286,37.57848928766102,171.86666666666667,6,22,38,265,2013,-0.7818314824680299,0.6234898018587334,-1.0,-1.8369701987210297e-16,-0.9886775902323404,-0.15005539834465262,59841.0,46276.0,43556.0,40887.0,39474.0,48679.0,79905.0,46684.857142857145,6693.451287852595,52850.07142857143,15207.099361630651,49016.63333333333,11766.635172160055,49457.5,9153.76426876586,448,0.6274509803921569,0,0,0,0,40180.5,41445.0
2013-09-23,48900,23,89,12.05,,89.0,1,0,9,3,266,0,0,0,0,0,0,145.0,120.0,97.0,129.28571428571428,37.268012583243,171.7,0,23,39,266,2013,0.0,1.0,-1.0,-1.8369701987210297e-16,-0.9911140639934546,-0.13301470653419636,49698.0,59841.0,46276.0,45380.0,47425.0,51018.0,58469.0,47187.71428571428,6711.282657194553,52955.42857142857,15171.69070601964,48946.03333333333,11760.56531447759,49535.05,9128.548321342432,449,0.6288515406162465,0,0,0,0,46402.5,47307.0
2013-09-24,57468,16,92,6.5,,92.0,2,0,9,3,267,0,0,0,0,0,0,89.0,99.0,80.0,124.85714285714286,40.27583465482564,167.06666666666666,1,24,39,267,2013,0.7818314824680298,0.6234898018587336,-1.0,-1.8369701987210297e-16,-0.9932568492674143,-0.11593459959550066,48900.0,49698.0,59841.0,43350.0,37989.0,39849.0,61265.0,49204.57142857143,7446.812782596747,54346.78571428572,14575.030429727225,49533.333333333336,11730.50291520699,49510.166666666664,9104.421801774772,450,0.6302521008403361,0,0,0,0,40669.5,40965.0
2013-09-25,42379,22,95,12.13,,95.0,3,0,9,3,268,0,0,0,0,0,0,92.0,93.0,370.0,123.85714285714286,41.1032381993948,164.13333333333333,2,25,39,268,2013,0.9749279121818236,-0.22252093395631434,-1.0,-1.8369701987210297e-16,-0.9951053111006974,-0.09882013873287211,57468.0,48900.0,49698.0,38693.0,81062.0,42755.0,74614.0,49731.142857142855,6669.388688342375,51583.71428571428,12662.029807071478,49520.8,11738.193232879381,49201.416666666664,9025.250633247635,451,0.6316526610644257,0,0,0,0,59877.5,39736.0
2013-09-26,43503,29,105,8.97,,105.0,4,0,9,3,269,0,0,0,0,0,0,95.0,99.0,406.0,124.14285714285714,40.85922405621756,163.1,3,26,39,269,2013,0.43388373911755823,-0.900968867902419,-1.0,-1.8369701987210297e-16,-0.99665890175417,-0.08167639533042288,42379.0,57468.0,48900.0,43556.0,78259.0,52448.0,69775.0,49723.57142857143,6677.592451803247,49101.142857142855,10196.884168571014,49222.63333333333,11774.824908232891,49193.78333333333,9029.950428926455,452,0.6330532212885154,0,0,0,0,60907.5,41878.0
2013-09-27,52715,9,137,11.0,,137.0,5,0,9,3,270,0,0,0,0,0,0,105.0,155.0,539.0,125.0,40.303018910912,162.86666666666667,4,27,39,270,2013,-0.433883739117558,-0.9009688679024191,-1.0,-1.8369701987210297e-16,-0.9979171608653922,-0.06450844944931625,43503.0,42379.0,57468.0,46276.0,77871.0,56799.0,67500.0,50643.42857142857,6566.091959380896,47304.28571428572,6150.968359392121,49086.5,11707.627739773114,49185.416666666664,9026.391413078063,453,0.634453781512605,0,0,0,0,62073.5,43898.5
2013-09-28,59892,27,212,7.09,,212.0,6,1,9,3,271,0,0,0,0,0,0,137.0,194.0,183.0,122.42857142857144,38.608535942444696,163.7,5,28,39,271,2013,-0.9749279121818236,-0.2225209339563146,-1.0,-1.8369701987210297e-16,-0.9988797155850335,-0.04732138832243232,52715.0,43503.0,42379.0,59841.0,49614.0,45157.0,75433.0,50650.71428571428,6578.015955039996,48038.42857142857,7002.294148395987,49577.666666666664,11845.366314573743,49314.21666666667,9124.220306771214,454,0.6358543417366946,0,0,0,0,54727.5,56987.5
2013-09-29,48382,18,134,11.05,,134.0,7,1,9,3,272,0,0,0,0,0,0,212.0,145.0,149.0,125.0,44.34335726276631,166.5,6,29,39,272,2013,-0.7818314824680299,0.6234898018587334,-1.0,-1.8369701987210297e-16,-0.9995462806873573,-0.03012030484690836,59892.0,52715.0,43503.0,49698.0,40887.0,40892.0,86770.0,50462.71428571428,6628.395424592646,48573.78571428572,6693.166505745078,49827.333333333336,11734.398594210856,49328.3,9122.082542296665,455,0.6372549019607843,0,0,0,0,45292.5,44586.0
2013-09-30,37965,12,72,8.83,,72.0,1,0,9,3,273,0,0,0,0,0,0,134.0,89.0,120.0,123.42857142857144,43.70681542146156,165.66666666666666,0,30,40,273,2013,0.0,1.0,-1.0,-1.8369701987210297e-16,-0.9999166586547379,-0.012910296075008843,48382.0,59892.0,52715.0,48900.0,45380.0,55755.0,77541.0,48900.57142857143,8167.848653044832,48044.142857142855,7236.653379281715,49234.333333333336,11873.202877686968,49032.46666666667,9198.944866661937,456,0.6386554621848739,0,0,0,0,47140.0,48162.5
2013-10-01,39833,11,71,9.75,,71.0,2,0,10,4,274,0,0,0,0,0,0,72.0,92.0,99.0,121.0,46.33213427705077,159.63333333333333,1,1,40,274,2013,0.7818314824680298,0.6234898018587336,-0.8660254037844386,0.5000000000000001,-0.9999907397361901,0.004303538296243821,37965.0,48382.0,59892.0,57468.0,43350.0,42003.0,52445.0,46381.28571428572,7796.0986549743975,47792.92857142857,7469.442090836032,49162.0,11925.272170681432,48740.333333333336,9208.286448125593,457,0.6400560224089635,0,0,0,0,50409.0,47728.5
2013-10-02,45884,14,88,7.49,,88.0,3,0,10,4,275,0,0,0,0,0,0,71.0,95.0,93.0,118.0,49.11890335366479,155.23333333333332,2,2,40,275,2013,0.9749279121818236,-0.22252093395631434,-0.8660254037844386,0.5000000000000001,-0.9997685019798909,0.021516097436222233,39833.0,37965.0,48382.0,42379.0,38693.0,49234.0,88131.0,46882.0,7606.454758952979,48306.57142857143,7029.854191663247,49050.333333333336,11940.249796189513,48652.76666666667,9210.080677183289,458,0.6414565826330533,0,0,0,0,40536.0,61720.5
2013-10-03,55240,23,111,12.65,,111.0,4,0,10,4,276,0,0,0,0,0,0,88.0,105.0,99.0,117.0,49.732618404155325,150.63333333333333,3,3,40,276,2013,0.43388373911755823,-0.900968867902419,-0.8660254037844386,0.5000000000000001,-0.9992500112396835,0.03872228089217399,45884.0,39833.0,37965.0,43503.0,43556.0,38580.0,67277.0,48558.71428571428,8019.848828880372,49141.142857142855,7115.521602126659,49605.666666666664,11823.33990777201,48760.28333333333,9249.268475135761,459,0.6428571428571429,0,0,0,0,43529.5,60881.0
2013-10-04,44228,20,149,10.57,,149.0,5,0,10,4,277,0,0,0,0,0,0,111.0,137.0,155.0,117.85714285714286,49.54267040114195,151.3,4,4,40,277,2013,-0.433883739117558,-0.9009688679024191,-0.8660254037844386,0.5000000000000001,-0.9984354211555643,0.05591699010060302,55240.0,45884.0,39833.0,52715.0,46276.0,40779.0,81744.0,47346.28571428572,7927.7817980878945,48994.857142857145,7199.5125674445935,49720.63333333333,11751.100263917642,48642.48333333333,9261.427384755889,460,0.6442577030812325,0,0,0,0,49495.5,65293.0
2013-10-05,54176,27,246,11.7,,246.0,6,1,10,4,278,0,0,0,0,0,0,149.0,212.0,194.0,119.57142857142856,50.5135531082406,153.56666666666666,5,5,40,278,2013,-0.9749279121818236,-0.2225209339563146,-0.8660254037844386,0.5000000000000001,-0.9973249731081555,0.07309512989807776,44228.0,55240.0,45884.0,59892.0,59841.0,40200.0,85468.0,46529.71428571428,6604.050189448917,48590.21428571428,6683.745382281271,50186.5,11637.127334675426,48683.53333333333,9280.706087008968,461,0.6456582633053222,0,0,0,0,59866.5,54753.0
2013-10-06,37202,19,158,10.29,,158.0,7,1,10,4,279,0,0,0,0,0,0,246.0,134.0,145.0,124.42857142857144,61.35377506140686,158.73333333333332,6,6,40,279,2013,-0.7818314824680299,0.6234898018587334,-0.8660254037844386,0.5000000000000001,-0.9959189961471792,0.0902516100310407,54176.0,44228.0,55240.0,48382.0,49698.0,41521.0,208060.0,44932.57142857143,7386.926601709657,47697.642857142855,7327.779300580993,50042.53333333333,11773.939374542573,48563.666666666664,9382.929192207925,462,0.6470588235294118,0,0,0,0,49040.0,44634.5
2013-10-07,37733,12,91,10.27,,91.0,1,0,10,4,280,0,0,0,0,0,0,158.0,72.0,89.0,127.85714285714286,62.63499706348563,160.1,0,7,41,280,2013,0.0,1.0,-0.8660254037844386,0.5000000000000001,-0.994217906893952,0.10738134666416306,37202.0,54176.0,44228.0,37965.0,48900.0,54134.0,113170.0,44899.42857142857,7423.826458485708,46900.0,7780.615508576997,49495.833333333336,11956.763903340712,48350.15,9482.337292906197,463,0.6484593837535014,0,0,0,0,43432.5,41672.5
2013-10-08,49917,7,97,9.15,,97.0,2,0,10,4,281,0,0,0,0,0,0,91.0,71.0,92.0,130.57142857142858,60.174349858992045,157.1,1,8,41,281,2013,0.7818314824680298,0.6234898018587336,-0.8660254037844386,0.5000000000000001,-0.9922222094179324,0.12447926388678869,37733.0,37202.0,54176.0,39833.0,57468.0,39474.0,105175.0,46340.0,7253.2728015242665,46360.642857142855,7234.2172465534095,49843.933333333334,11805.999231639518,48416.933333333334,9478.970120105458,464,0.6498599439775911,0,0,0,0,48650.5,41591.5
2013-10-09,39031,17,103,10.87,,103.0,3,0,10,4,282,0,0,0,0,0,0,97.0,88.0,95.0,134.28571428571428,56.579484755855546,155.86666666666667,2,9,41,282,2013,0.9749279121818236,-0.22252093395631434,-0.8660254037844386,0.5000000000000001,-0.989932495087353,0.141540295217043,49917.0,37733.0,37202.0,45884.0,42379.0,47425.0,58771.0,45361.0,7769.215490210808,46121.5,7428.687758123463,49564.13333333333,11963.718954530405,48174.25,9530.488378517117,465,0.6512605042016807,0,0,0,0,44131.5,42288.5
2013-10-10,50630,24,126,11.95,,126.0,4,0,10,4,283,0,0,0,0,0,0,103.0,111.0,105.0,136.42857142857142,54.79007556987284,156.06666666666666,3,10,41,283,2013,0.43388373911755823,-0.900968867902419,-0.8660254037844386,0.5000000000000001,-0.9873494423939864,0.15855938510313475,39031.0,49917.0,37733.0,55240.0,43503.0,37989.0,58796.0,44702.42857142857,6943.77373040379,46630.57142857143,7479.469856925723,49985.5,11762.905501823487,48038.01666666667,9433.89836830169,466,0.6526610644257703,0,0,0,0,49371.5,49398.0
2013-10-11,41728,28,164,13.23,,164.0,5,0,10,4,284,0,0,0,0,0,1,126.0,149.0,137.0,138.57142857142858,53.91616066591145,157.6,4,11,41,284,2013,-0.433883739117558,-0.9009688679024191,-0.8660254037844386,0.5000000000000001,-0.9844738167520923,0.17553149042142777,50630.0,39031.0,49917.0,44228.0,52715.0,81062.0,85021.0,44345.28571428572,7035.922676149875,45845.78571428572,7367.520177504445,48674.36666666667,10277.994177328414,48070.583333333336,9408.224467826256,467,0.65406162464986,0,0,0,0,48471.5,45252.0
2013-10-12,102486,57,918,13.58,,918.0,6,1,10,4,285,0,0,0,0,1,1,164.0,246.0,212.0,140.71428571428572,54.69221238200272,150.73333333333332,5,12,41,285,2013,-0.9749279121818236,-0.2225209339563146,-0.8660254037844386,0.5000000000000001,-0.9813064702716093,0.19245158197082995,41728.0,50630.0,39031.0,54176.0,59892.0,78259.0,73388.0,51246.71428571428,23264.12455344267,48888.21428571428,16610.638695535694,49481.933333333334,13214.874325686178,48853.36666666667,11710.606698762722,468,0.6554621848739496,0,0,0,0,57034.0,57008.5
2013-10-13,90225,40,716,10.11,,716.0,7,1,10,4,286,0,0,0,0,1,1,918.0,158.0,134.0,236.7142857142857,301.8066236768804,167.8,6,13,41,286,2013,-0.7818314824680299,0.6234898018587334,-0.8660254037844386,0.5000000000000001,-0.9778483415056567,0.20931464596304888,102486.0,41728.0,50630.0,37202.0,48382.0,77871.0,88712.0,58821.42857142857,26355.693975920665,51877.0,19942.77770175309,49893.73333333333,14279.627636730582,49529.23333333333,12871.393025590047,469,0.6568627450980392,0,0,0,0,42792.0,43450.0
2013-10-14,74783,32,417,10.35,,417.0,1,0,10,4,287,0,0,0,0,1,1,716.0,91.0,72.0,316.42857142857144,347.7455281969164,173.7,0,14,42,287,2013,0.0,1.0,-0.8660254037844386,0.5000000000000001,-0.9741004551724206,0.22611568550828803,90225.0,102486.0,41728.0,37733.0,37965.0,49614.0,75741.0,64114.28571428572,25105.39522170674,54506.857142857145,20389.669299227742,50732.7,14984.597368171384,49957.05,13277.540251607219,470,0.6582633053221288,0,0,0,0,37849.0,43316.5
2013-10-15,34354,7,96,12.23,,96.0,2,0,10,4,288,0,0,0,0,0,1,417.0,97.0,71.0,363.0,334.08481956932235,181.5,1,15,42,288,2013,0.7818314824680298,0.6234898018587336,-0.8660254037844386,0.5000000000000001,-0.970063921851507,0.2428497220959358,74783.0,90225.0,102486.0,49917.0,39833.0,40887.0,51602.0,61891.0,27175.957217118717,54115.5,20742.511726663462,50514.933333333334,15178.82818368687,49749.933333333334,13424.039573468766,471,0.6596638655462185,0,0,0,0,44875.0,53692.5
2013-10-16,46147,14,102,11.0,,102.0,3,0,10,4,289,0,0,0,0,0,0,96.0,103.0,88.0,362.8571428571428,334.2177077751509,179.73333333333332,2,16,42,289,2013,0.9749279121818236,-0.22252093395631434,-0.8660254037844386,0.5000000000000001,-0.965739937654855,0.25951179706979943,34354.0,74783.0,90225.0,39031.0,45884.0,45380.0,61551.0,62907.57142857143,26297.198576129387,54134.28571428572,20734.600893670035,50540.5,15170.52452608523,49615.45,13418.956804063462,472,0.6610644257703081,0,0,0,0,42457.5,40705.0
2013-10-17,39127,23,93,10.48,,93.0,4,0,10,4,290,0,0,0,0,0,0,102.0,126.0,111.0,362.7142857142857,334.34748106608805,179.13333333333333,3,17,42,290,2013,0.43388373911755823,-0.900968867902419,-0.8660254037844386,0.5000000000000001,-0.9611297838723007,0.27609697309746883,46147.0,34354.0,74783.0,50630.0,55240.0,43350.0,57316.0,61264.28571428572,27523.111559283447,52983.357142857145,21112.261973362067,50399.73333333333,15258.880796697307,49420.7,13485.9222886783,473,0.6624649859943977,0,0,0,0,52935.0,47066.5
2013-10-18,46926,31,128,9.02,,128.0,5,0,10,4,291,0,0,0,0,0,0,93.0,164.0,149.0,358.0,338.4489129346801,178.93333333333334,4,18,42,291,2013,-0.433883739117558,-0.9009688679024191,-0.8660254037844386,0.5000000000000001,-0.9562348265919058,0.2926003356333479,39127.0,46147.0,34354.0,41728.0,44228.0,38693.0,70666.0,62006.857142857145,26972.79527862949,53176.07142857143,21038.379264368978,50674.166666666664,15114.425240497123,49515.26666666667,13447.509501468641,474,0.6638655462184874,0,0,0,0,42978.0,47221.5
2013-10-19,49200,31,194,9.59,,194.0,6,1,10,4,292,0,0,0,0,0,0,128.0,918.0,246.0,352.85714285714283,342.1415051171219,180.1,5,19,42,292,2013,-0.9749279121818236,-0.2225209339563146,-0.8660254037844386,0.5000000000000001,-0.9510565162951536,0.30901699437494723,46926.0,39127.0,46147.0,102486.0,54176.0,43556.0,76391.0,54394.57142857143,20351.152455959676,52820.642857142855,21062.206220209675,50862.3,15057.788345982806,49645.433333333334,13405.259547575053,475,0.665266106442577,0,0,0,0,78331.0,81189.0
2013-10-20,46881,16,146,9.26,,146.0,7,1,10,4,293,0,0,0,0,0,0,194.0,716.0,158.0,249.42857142857144,235.70168797504545,183.26666666666668,6,20,42,293,2013,-0.7818314824680299,0.6234898018587334,-0.8660254037844386,0.5000000000000001,-0.9455963874271428,0.3253420847119795,49200.0,46926.0,39127.0,90225.0,37202.0,46276.0,84545.0,48202.57142857143,12840.460361128522,53512.0,20665.207862492018,50882.46666666667,15051.838136651479,49625.816666666666,13408.482697678877,476,0.6666666666666666,0,0,0,0,63713.5,69303.5
2013-10-21,42050,15,73,12.43,,73.0,1,0,10,4,294,0,0,0,0,0,0,146.0,417.0,91.0,168.0,115.41663658242666,182.96666666666667,0,21,43,294,2013,0.0,1.0,-0.8660254037844386,0.5000000000000001,-0.9398560579418953,0.341570769167856,46881.0,49200.0,46926.0,74783.0,37733.0,59841.0,104420.0,43526.42857142857,5284.179244283096,53820.357142857145,20442.659079661207,50289.433333333334,15037.176458372482,49636.05,13402.359205960427,477,0.6680672268907563,0,0,0,0,56258.0,56374.0
2013-10-22,45332,13,76,7.13,,76.0,2,0,10,4,295,0,0,0,0,0,0,73.0,96.0,97.0,118.85714285714286,40.91629085270055,178.93333333333334,1,22,43,295,2013,0.7818314824680298,0.6234898018587336,-0.8660254037844386,0.5000000000000001,-0.9338372288229252,0.35769823883312546,42050.0,46881.0,49200.0,34354.0,49917.0,49698.0,73035.0,45094.71428571428,3402.090127861608,53492.857142857145,20546.466017886818,50143.9,15064.201173300124,49580.26666666667,13413.371079795443,478,0.6694677871148459,0,0,0,0,42135.5,37093.5
2013-10-23,47482,15,98,8.22,,98.0,3,0,10,4,296,0,0,0,0,0,0,76.0,102.0,103.0,116.0,43.40122886124994,176.63333333333333,2,23,43,296,2013,0.9749279121818236,-0.22252093395631434,-0.8660254037844386,0.5000000000000001,-0.9275416835791965,0.3737197147904692,45332.0,42050.0,46881.0,46147.0,39031.0,48900.0,73809.0,45285.42857142857,3506.7203983749764,54096.5,20210.294713909516,50096.63333333333,15070.46203553061,49521.333333333336,13414.71501515601,479,0.6708683473389355,0,0,0,0,42589.0,46015.5
2013-10-24,44470,25,101,8.84,,101.0,4,0,10,4,297,0,0,0,0,0,0,98.0,93.0,126.0,115.42857142857144,43.64194138233284,176.93333333333334,3,24,43,297,2013,0.43388373911755823,-0.900968867902419,-0.8660254037844386,0.5000000000000001,-0.9209712877166347,0.38963044953078774,47482.0,45332.0,42050.0,39127.0,50630.0,57468.0,73887.0,46048.71428571428,2325.3305653376547,53656.5,20358.084089808013,49663.36666666667,15038.039478059622,49598.35,13371.4381917616,480,0.6722689075630253,0,0,0,0,44878.5,47183.5
2013-10-25,58791,31,165,14.12,,165.0,5,0,10,4,298,0,0,0,0,0,0,101.0,128.0,164.0,116.57142857142856,43.0575473169607,177.23333333333332,4,25,43,298,2013,-0.433883739117558,-0.9009688679024191,-0.8660254037844386,0.5000000000000001,-0.9141279881853337,0.4054257283599973,44470.0,47482.0,45332.0,46926.0,41728.0,42379.0,70738.0,47743.71428571428,5384.050727667205,54875.28571428572,20098.12176233462,50210.433333333334,15062.409871948657,49865.61666666667,13392.581861551587,481,0.6736694677871149,0,0,0,0,44327.0,45577.0
2013-10-26,49263,24,209,9.42,,209.0,6,1,10,4,299,0,0,0,0,0,0,165.0,194.0,918.0,121.85714285714286,46.80252333449684,179.56666666666666,5,26,43,299,2013,-0.9749279121818236,-0.2225209339563146,-0.8660254037844386,0.5000000000000001,-0.9070138128026362,0.42110087079608916,58791.0,44470.0,47482.0,49200.0,102486.0,43503.0,76261.0,47752.71428571428,5386.942661481906,51073.642857142855,14711.406556228365,50402.433333333334,15010.584301805538,49812.53333333333,13388.48421119603,482,0.6750700280112045,0,0,0,0,75843.0,51688.0
2013-10-27,45999,13,149,9.73,,149.0,7,1,10,4,300,0,0,0,0,0,0,209.0,146.0,716.0,124.0,50.82650227325568,183.03333333333333,6,27,43,300,2013,-0.7818314824680299,0.6234898018587334,-0.8660254037844386,0.5000000000000001,-0.8996308696522434,0.4366512319560638,49263.0,58791.0,44470.0,46881.0,90225.0,52715.0,87596.0,47626.71428571428,5420.9378559520255,47914.642857142855,9473.62564505472,50178.566666666666,15024.979618285233,49632.53333333333,13365.543467637586,483,0.6764705882352942,0,0,0,0,68553.0,42041.5
2013-10-28,44404,17,104,10.27,,104.0,1,0,10,4,301,0,0,0,0,0,0,149.0,73.0,417.0,124.42857142857144,51.055058981642354,183.4333333333333,0,28,44,301,2013,0.0,1.0,-0.8660254037844386,0.5000000000000001,-0.8919813464595487,0.45207220393230374,45999.0,49263.0,58791.0,42050.0,74783.0,59892.0,71325.0,47963.0,5079.59860618913,45744.71428571428,5485.928256472702,49662.3,14945.590121481047,49619.98333333333,13370.169865041187,484,0.6778711484593838,0,0,0,0,58416.5,39891.5
2013-10-29,46970,14,104,7.17,,104.0,2,0,10,4,302,0,0,0,0,0,0,104.0,76.0,96.0,128.85714285714286,47.03696621250274,179.83333333333334,1,29,44,302,2013,0.7818314824680298,0.6234898018587336,-0.8660254037844386,0.5000000000000001,-0.8840675099433637,0.46735921715800205,44404.0,45999.0,49263.0,45332.0,34354.0,48382.0,91751.0,48197.0,4974.845525239812,46645.857142857145,4399.514393782548,49615.23333333333,14951.9830438534,49721.28333333333,13325.872698984746,485,0.6792717086834734,0,0,0,0,39843.0,47624.5
2013-10-30,40238,14,91,6.66,,91.0,3,0,10,4,303,0,0,0,0,0,0,104.0,98.0,102.0,132.85714285714286,42.79185503273717,178.83333333333334,2,30,44,303,2013,0.9749279121818236,-0.22252093395631434,-0.8660254037844386,0.5000000000000001,-0.8758917051442433,0.48250774176121763,46970.0,44404.0,45999.0,47482.0,46147.0,37965.0,79117.0,47162.142857142855,5828.557266555958,46223.78571428572,4722.63130987502,49691.0,14896.568063448944,49462.666666666664,13357.323947540803,486,0.680672268907563,0,0,0,0,46814.5,43256.5
2013-10-31,47819,30,69,6.74,,69.0,4,0,10,4,304,0,0,0,0,0,0,91.0,101.0,93.0,131.85714285714286,43.81182706160662,179.46666666666667,3,31,44,304,2013,0.43388373911755823,-0.900968867902419,-0.8660254037844386,0.5000000000000001,-0.8674563547295971,0.4975132889071803,40238.0,46970.0,44404.0,44470.0,39127.0,39833.0,85740.0,47640.57142857143,5706.926343112621,46844.642857142855,4267.282103979768,49957.2,14785.270872940016,49559.6,13323.33198031281,487,0.6820728291316527,0,0,0,0,41798.5,47550.0
2013-11-01,50182,26,119,10.24,,119.0,5,0,11,4,305,0,0,0,0,0,0,69.0,165.0,128.0,127.28571428571428,48.93776416944991,179.4,4,1,44,305,2013,-0.433883739117558,-0.9009688679024191,-0.5000000000000004,0.8660254037844384,-0.858763958275803,0.5123714121284235,47819.0,40238.0,46970.0,58791.0,46926.0,45884.0,79272.0,46410.71428571428,3340.484281970745,47077.21428571428,4359.782425385958,50100.46666666667,14765.251174886014,49575.4,13323.501420740478,488,0.6834733893557423,0,0,0,0,52858.5,50259.5
2013-11-02,61931,27,188,12.09,,188.0,6,1,11,4,306,0,0,0,0,0,0,119.0,209.0,194.0,120.71428571428572,46.03156267067948,180.4333333333333,5,2,44,306,2013,-0.9749279121818236,-0.2225209339563146,-0.5000000000000004,0.8660254037844384,-0.8498170915275277,0.5270777086423724,50182.0,47819.0,40238.0,49263.0,49200.0,55240.0,51177.0,48220.42857142857,6791.8000279046955,47986.57142857143,5894.272587916207,50323.5,14895.522383797372,49964.583333333336,13337.915832529785,489,0.6848739495798319,0,0,0,0,49231.5,75874.5
2013-11-03,58021,31,166,13.83,,166.0,7,1,11,4,307,0,0,0,0,0,0,188.0,149.0,146.0,117.71428571428572,39.54623574886352,183.0,6,3,44,307,2013,-0.7818314824680299,0.6234898018587334,-0.5000000000000004,0.8660254037844384,-0.8406184056344783,0.5416278206559811,61931.0,50182.0,47819.0,45999.0,46881.0,44228.0,104260.0,49937.857142857145,7607.461412511797,48782.28571428572,6458.47715354466,50783.26666666667,14913.747245141167,50251.95,13322.388483142267,490,0.6862745098039216,0,0,0,0,46440.0,68112.0
2013-11-04,53310,13,78,7.66,,78.0,1,0,11,4,308,0,0,0,0,0,0,166.0,104.0,73.0,120.14285714285714,42.21938169225268,183.56666666666663,0,4,45,308,2013,0.0,1.0,-0.5000000000000004,0.8660254037844384,-0.8311706263658079,0.5560174366570446,58021.0,61931.0,50182.0,44404.0,42050.0,54176.0,101081.0,51210.142857142855,7264.727694565674,49586.57142857143,6253.462557339354,50754.4,14907.790827340108,50470.45,13262.104477304805,491,0.6876750700280112,0,0,0,0,43227.0,59593.5
2013-11-05,49528,21,93,8.53,,93.0,2,0,11,4,309,0,0,0,0,0,0,78.0,104.0,76.0,116.42857142857144,44.93275398806877,177.96666666666667,1,5,45,309,2013,0.7818314824680298,0.6234898018587336,-0.5000000000000004,0.8660254037844384,-0.8214765533024145,0.5702422926917867,53310.0,58021.0,61931.0,46970.0,45332.0,37202.0,78174.0,51575.57142857143,7077.82496857003,49886.28571428572,6133.2622318303775,51165.26666666667,14689.659466331526,50603.9,13210.709906250975,492,0.6890756302521008,0,0,0,0,46151.0,40662.0
2013-11-06,37127,23,90,10.1,,90.0,3,0,11,4,310,0,0,0,0,0,0,93.0,91.0,98.0,114.85714285714286,45.62685090831332,175.8,2,6,45,310,2013,0.9749279121818236,-0.22252093395631434,-0.5000000000000004,0.8660254037844384,-0.8115390590073611,0.5842981736283683,49528.0,53310.0,58021.0,40238.0,47482.0,37733.0,71337.0,51131.142857142855,7952.0616913386775,49146.642857142855,7007.575863165751,51145.066666666666,14709.171035348261,50320.45,13315.718448924037,493,0.6904761904761905,0,0,0,0,43860.0,43192.5
2013-11-07,58438,25,90,12.16,,90.0,4,0,11,4,311,0,0,0,0,0,0,90.0,69.0,101.0,114.71428571428572,45.71547617497482,175.76666666666668,3,7,45,311,2013,0.43388373911755823,-0.900968867902419,-0.5000000000000004,0.8660254037844384,-0.801361088174677,0.5981809144059158,37127.0,49528.0,53310.0,47819.0,44470.0,49917.0,79913.0,52648.142857142855,8223.164018563031,50144.357142857145,7279.591119193353,51429.1,14766.796567019064,50636.51666666667,13278.916871149655,494,0.6918767507002801,0,0,0,0,46144.5,43473.0
2013-11-08,60241,19,159,7.42,,159.0,5,0,11,4,312,0,0,0,0,0,1,90.0,119.0,165.0,117.71428571428572,42.812437000300406,175.53333333333333,4,8,45,312,2013,-0.433883739117558,-0.9009688679024191,-0.5000000000000004,0.8660254037844384,-0.7909456567567774,0.6118864012687242,58438.0,37127.0,49528.0,50182.0,58791.0,39031.0,82291.0,54085.142857142855,8591.055376156639,50247.92857142857,7421.016905895296,52136.1,14660.09287816942,50850.11666666667,13329.362977762172,495,0.6932773109243697,0,0,0,0,54486.5,48554.0
2013-11-09,112194,77,917,9.18,,917.0,6,1,11,4,313,0,0,0,0,1,1,159.0,188.0,209.0,123.42857142857144,45.59187479824645,177.4,5,9,45,313,2013,-0.9749279121818236,-0.2225209339563146,-0.5000000000000004,0.8660254037844384,-0.780295851070776,0.6254105729852457,60241.0,58438.0,37127.0,61931.0,49263.0,50630.0,82617.0,61265.57142857143,23794.289643085547,54743.0,18122.22548737838,54188.23333333333,18299.215030617685,52086.86666666667,15397.85027530025,496,0.6946778711484594,0,0,0,0,55597.0,55565.5
2013-11-10,118759,69,701,13.87,,701.0,7,1,11,4,314,0,0,0,0,1,1,917.0,166.0,149.0,227.57142857142856,306.0876002840021,203.76666666666668,6,10,45,314,2013,-0.7818314824680299,0.6234898018587334,-0.5000000000000004,0.8660254037844384,-0.7694148268839381,0.6387494220515268,112194.0,60241.0,58438.0,58021.0,45999.0,41728.0,173448.0,69942.42857142857,32054.540639651186,59940.142857142855,24671.44463001449,56755.933333333334,21597.6617874496,52715.15,17257.012530724784,497,0.696078431372549,0,0,0,0,52010.0,52451.0
2013-11-11,107447,42,633,12.95,,633.0,1,0,11,4,315,0,0,0,0,1,1,701.0,78.0,104.0,304.0,351.56602035274494,221.66666666666663,0,11,46,315,2013,0.0,1.0,-0.5000000000000004,0.8660254037844384,-0.7583058084785625,0.6518989958787125,118759.0,112194.0,60241.0,53310.0,44404.0,102486.0,141094.0,77676.28571428571,33853.185048157065,64443.21428571428,27237.5376588961,56921.3,21975.56299879019,53201.61666666667,18365.107183665255,498,0.6974789915966386,0,0,0,0,48857.0,47680.0
2013-11-12,59863,19,99,12.0,,99.0,2,0,11,4,316,0,0,0,0,0,1,633.0,93.0,104.0,383.2857142857143,354.6720148182517,212.16666666666663,1,12,46,316,2013,0.7818314824680298,0.6234898018587336,-0.5000000000000004,0.8660254037844384,-0.7469720876965551,0.6648553979642866,107447.0,118759.0,112194.0,49528.0,46970.0,90225.0,162427.0,79152.71428571429,32624.012366733266,65364.142857142855,26816.006362036733,55909.23333333333,21069.36368887362,52901.48333333333,18100.352699524232,499,0.6988795518207283,0,0,0,0,48249.0,47430.0
2013-11-13,56404,15,93,7.87,,93.0,3,0,11,4,317,0,0,0,0,0,0,99.0,90.0,91.0,384.1428571428572,353.85987272338406,191.6,2,13,46,317,2013,0.9749279121818236,-0.22252093395631434,-0.5000000000000004,0.8660254037844384,-0.7354170229639858,0.6776147890466887,59863.0,107447.0,118759.0,37127.0,40238.0,74783.0,94505.0,81906.57142857143,29109.60418176536,66518.85714285714,25986.047377116007,55296.6,20766.67642227781,53014.65,18100.676538367545,500,0.7002801120448179,0,0,0,0,38682.5,42304.5
2013-11-14,53373,24,108,13.5,,108.0,4,0,11,4,318,0,0,0,0,0,0,93.0,90.0,69.0,384.57142857142856,353.4458266565789,180.8,3,14,46,318,2013,0.43388373911755823,-0.900968867902419,-0.5000000000000004,0.8660254037844384,-0.7236440382959124,0.690173388242972,56404.0,59863.0,107447.0,58438.0,47819.0,34354.0,67444.0,81183.0,29843.872341459595,66915.57142857143,25719.636481203972,55930.566666666666,20392.223813187455,53222.75,18030.5226905867,501,0.7016806722689075,0,0,0,0,53128.5,51454.0
2013-11-15,55316,27,139,12.57,,139.0,5,0,11,4,319,0,0,0,0,0,0,108.0,159.0,119.0,387.1428571428572,351.00257765977955,181.2,4,15,46,319,2013,-0.433883739117558,-0.9009688679024191,-0.5000000000000004,0.8660254037844384,-0.711656622281775,0.7025274741691566,53373.0,56404.0,59863.0,60241.0,50182.0,46147.0,73742.0,80479.42857142857,30471.324043309713,67282.28571428571,25498.34239387275,56236.2,20309.07571268204,53388.35,18002.87770200611,502,0.7030812324929971,0,0,0,0,55211.5,59516.0
2013-11-16,69373,24,256,9.1,,256.0,6,1,11,4,320,0,0,0,0,0,0,139.0,917.0,188.0,384.2857142857143,353.2434072447847,182.4333333333333,5,16,46,320,2013,-0.9749279121818236,-0.2225209339563146,-0.5000000000000004,0.8660254037844384,-0.6994583270516471,0.7146733860429608,55316.0,53373.0,56404.0,112194.0,61931.0,39127.0,100493.0,74362.14285714286,27161.860383195286,67813.85714285714,25455.738231312454,57244.4,20180.782002892738,53822.066666666666,18070.280256206657,503,0.7044817927170869,0,0,0,0,87062.5,80728.5
2013-11-17,63493,22,191,10.68,,191.0,7,1,11,4,321,0,0,0,0,0,0,256.0,701.0,166.0,289.85714285714283,264.24132188300183,187.86666666666667,6,17,46,321,2013,-0.7818314824680299,0.6234898018587334,-0.5000000000000004,0.8660254037844384,-0.6870527672236675,0.7266075247685652,69373.0,55316.0,53373.0,118759.0,58021.0,46926.0,142017.0,66467.0,18873.810487904553,68204.71428571429,25335.5343355126,57796.63333333333,20115.25555818936,54235.4,18001.861631791544,504,0.7058823529411765,0,0,0,0,88390.0,82379.0
2013-11-18,57343,13,108,8.93,,108.0,1,0,11,4,322,0,0,0,0,0,0,191.0,633.0,78.0,217.0,192.5781226757943,189.96666666666667,0,18,47,322,2013,0.0,1.0,-0.5000000000000004,0.8660254037844384,-0.6744436188329457,0.7383263540031063,63493.0,69373.0,55316.0,107447.0,53310.0,49200.0,106408.0,59309.28571428572,5516.357394582402,68492.78571428571,25175.573375728844,58068.066666666666,20050.08820675995,54465.183333333334,17951.154951268796,505,0.7072829131652661,0,0,0,0,80378.5,75925.5
2013-11-19,62904,15,92,15.88,,92.0,2,0,11,4,323,0,0,0,0,0,0,108.0,99.0,93.0,142.0,60.50895250566848,187.1,1,19,47,323,2013,0.7818314824680298,0.6234898018587336,-0.5000000000000004,0.8660254037844384,-0.661634618242279,0.749826401204568,57343.0,63493.0,69373.0,59863.0,49528.0,46881.0,80932.0,59743.71428571428,5684.415352942111,69448.21428571429,24648.786907827256,58602.166666666664,19954.995038116853,54742.316666666666,17950.93907698088,506,0.7086834733893558,0,0,0,0,54695.5,53416.5
2013-11-20,60184,20,95,12.42,,95.0,3,0,11,4,324,0,0,0,0,0,0,92.0,93.0,90.0,141.0,61.38946706615539,185.3,2,20,47,324,2013,0.9749279121818236,-0.22252093395631434,-0.5000000000000004,0.8660254037844384,-0.6486295610349818,0.7611042586607742,62904.0,57343.0,63493.0,56404.0,37127.0,42050.0,80284.0,60283.71428571428,5490.513446369476,71095.14285714286,23040.944474689368,59206.63333333333,19709.458222200014,54748.03333333333,17952.644862476143,507,0.7100840336134454,0,0,0,0,46765.5,48321.0
2013-11-21,52382,19,113,10.6,,113.0,4,0,11,4,325,0,0,0,0,0,0,95.0,108.0,90.0,141.28571428571428,61.13295424922639,186.03333333333333,3,21,47,325,2013,0.43388373911755823,-0.900968867902419,-0.5000000000000004,0.8660254037844384,-0.6354323008901775,0.7721565844991641,60184.0,62904.0,57343.0,53373.0,58438.0,45332.0,101002.0,60142.142857142855,5706.914619669072,70662.57142857143,23351.60246095564,59441.63333333333,19579.9272470266,54792.76666666667,17943.189638002204,508,0.711484593837535,0,0,0,0,55905.5,50596.0
2013-11-22,61251,23,147,12.27,,147.0,5,0,11,4,326,0,0,0,0,0,0,113.0,139.0,159.0,142.0,60.70694633510439,187.26666666666668,4,22,47,326,2013,-0.433883739117558,-0.9009688679024191,-0.5000000000000004,0.8660254037844384,-0.622046748440868,0.7829801036770624,52382.0,60184.0,62904.0,55316.0,60241.0,47482.0,80042.0,60990.0,5296.525968343354,70734.71428571429,23318.465856743063,59900.6,19450.87042215115,54998.61666666667,17945.28729702029,509,0.7128851540616247,0,0,0,0,57778.5,52749.0
2013-11-23,80011,36,312,15.67,,312.0,6,1,11,4,327,0,0,0,0,0,0,147.0,256.0,917.0,143.14285714285714,60.71635850803391,188.9,5,23,47,327,2013,-0.9749279121818236,-0.2225209339563146,-0.5000000000000004,0.8660254037844384,-0.6084768701151264,0.7935716089521472,61251.0,52382.0,60184.0,69373.0,112194.0,44470.0,298630.0,62509.71428571428,8599.187514222736,68435.92857142857,20309.066434872075,61085.3,19560.669365089463,55374.333333333336,18231.56999261115,510,0.7142857142857143,0,0,0,0,90783.5,65652.0
2013-11-24,65690,66,217,12.09,,217.0,7,1,11,4,328,0,0,0,0,0,0,312.0,191.0,701.0,151.14285714285714,79.00090415395745,195.9333333333333,6,24,47,328,2013,-0.7818314824680299,0.6234898018587334,-0.5000000000000004,0.8660254037844384,-0.594726686960764,0.8039279618328208,80011.0,61251.0,52382.0,63493.0,118759.0,58791.0,101387.0,62823.57142857143,8680.763961333314,64645.28571428572,14239.488195364915,61315.26666666667,19573.316375270733,55762.85,18198.293874980933,511,0.7156862745098039,0,0,0,0,91126.0,60757.0
2013-11-25,69237,18,119,14.27,,119.0,1,0,11,4,329,0,0,0,0,0,0,217.0,108.0,633.0,154.85714285714286,81.75049147951819,197.66666666666663,0,25,48,329,2013,0.0,1.0,-0.5000000000000004,0.8660254037844384,-0.5808002734538013,0.8140460935082175,65690.0,80011.0,61251.0,57343.0,107447.0,49263.0,117553.0,64522.71428571428,8592.824287630794,61916.0,7445.857908931788,61981.066666666666,19488.745418713006,56191.75,18207.703520181025,512,0.7170868347338936,0,0,0,0,82395.0,55326.5
2013-11-26,68470,17,116,13.57,,116.0,2,0,11,4,330,0,0,0,0,0,0,119.0,92.0,99.0,156.42857142857142,80.79987034407274,194.66666666666663,1,26,48,330,2013,0.7818314824680298,0.6234898018587336,-0.5000000000000004,0.8660254037844384,-0.5667017562911184,0.8239230057575536,69237.0,65690.0,80011.0,62904.0,59863.0,45999.0,91151.0,65317.857142857145,8675.202580316283,62530.78571428572,7616.677280593257,62730.1,19284.059000671627,56454.333333333336,18270.21203170929,513,0.7184873949579832,0,0,0,0,61383.5,56216.0
2013-11-27,91900,35,237,23.25,,237.0,3,0,11,4,331,0,0,0,0,0,0,116.0,95.0,93.0,159.85714285714286,78.07353066485537,193.56666666666663,2,27,48,331,2013,0.9749279121818236,-0.22252093395631434,-0.5000000000000004,0.8660254037844384,-0.5524353131676203,0.8335557718385695,68470.0,69237.0,65690.0,60184.0,56404.0,44404.0,70434.0,69848.71428571429,12832.952397562227,65066.21428571428,10702.964069529018,64313.3,19673.379942327603,56987.8,18830.97913941682,514,0.7198879551820728,0,0,0,0,58294.0,48655.5
2013-11-28,91153,58,532,18.97,,532.0,4,0,11,4,332,0,0,0,0,0,0,237.0,113.0,108.0,180.14285714285714,76.85143367005452,198.0,3,28,48,332,2013,0.43388373911755823,-0.900968867902419,-0.5000000000000004,0.8660254037844384,-0.5380051715382992,0.8429415373547832,91900.0,68470.0,69237.0,52382.0,53373.0,46970.0,115107.0,75387.42857142857,12397.264440958377,67764.78571428571,12187.736012254249,65786.06666666667,19981.649049916505,57700.65,19303.31162229132,515,0.7212885154061625,0,0,0,0,52877.5,55410.0
2013-11-29,153255,85,1105,20.97,,1021.7100000000002,5,0,11,4,333,1,0,0,0,0,0,532.0,147.0,139.0,240.0,146.99886620877942,212.26666666666668,4,29,48,333,2013,-0.433883739117558,-0.9009688679024191,-0.5000000000000004,0.8660254037844384,-0.5234156073655503,0.8520775211013093,91153.0,91900.0,68470.0,61251.0,55316.0,40238.0,105957.0,88530.85714285714,30486.130887277173,74760.42857142857,25418.78473374887,69553.3,25017.97411951725,59622.15,22738.029342204398,516,0.7226890756302521,1,0,0,1,58283.5,60746.0
2013-11-30,103991,30,357,23.65,,357.0,6,1,11,4,334,0,0,0,0,0,0,1021.7100000000002,312.0,256.0,364.9585714285714,322.1725759293495,243.2903333333333,5,30,48,334,2013,-0.9749279121818236,-0.2225209339563146,-0.5000000000000004,0.8660254037844384,-0.5086709438521042,0.8609610158889945,153255.0,91153.0,91900.0,80011.0,69373.0,47819.0,105142.0,91956.57142857143,30715.643358920322,77233.14285714286,26514.570046434066,71425.7,25433.80236146528,60691.45,23293.42708149332,517,0.7240896358543417,0,0,0,0,74692.0,96102.5
2013-12-01,74303,30,255,17.5,,255.0,7,1,12,4,335,0,0,0,0,0,0,357.0,217.0,191.0,371.38714285714286,321.3877344016252,252.89033333333333,6,1,48,335,2013,-0.7818314824680299,0.6234898018587334,-2.4492935982947064e-16,1.0,-0.49377555015997737,0.8695893893466109,103991.0,153255.0,91153.0,65690.0,63493.0,50182.0,134072.0,93187.0,29641.813400442825,78005.28571428571,26239.633658408395,72229.73333333334,25118.382300114812,61165.1,23276.15861246313,518,0.7254901960784313,0,0,0,0,64591.5,92224.5
2013-12-02,71661,21,121,13.67,,121.0,1,0,12,4,336,0,0,0,0,0,0,255.0,119.0,108.0,376.8157142857143,318.6546579949912,257.4236666666667,0,2,49,336,2013,0.0,1.0,-2.4492935982947064e-16,1.0,-0.4787338401157883,0.8779600847008883,74303.0,103991.0,153255.0,69237.0,57343.0,61931.0,124170.0,93533.28571428571,29327.88601720384,79028.0,25644.635900350484,72554.06666666667,25043.523863718783,61438.78333333333,23301.835592997955,519,0.726890756302521,0,0,0,0,63290.0,88342.0
2013-12-03,82428,15,90,16.01,,90.0,2,0,12,4,337,0,0,0,0,0,0,121.0,116.0,92.0,377.1014285714286,318.3857492847617,255.1903333333333,1,3,49,337,2013,0.7818314824680298,0.6234898018587336,-2.4492935982947064e-16,1.0,-0.4635502709028512,0.8860706215341378,71661.0,74303.0,103991.0,68470.0,62904.0,58021.0,99255.0,95527.28571428571,27773.11715018861,80422.57142857143,25227.830431167542,73367.63333333333,24951.395751828728,62075.45,23345.442869949307,520,0.7282913165266106,0,0,0,0,65687.0,64166.5
2013-12-04,60937,13,136,15.51,,136.0,3,0,12,4,338,0,0,0,0,0,0,90.0,237.0,95.0,373.38714285714286,322.069768565461,252.657,2,4,49,338,2013,0.9749279121818236,-0.22252093395631434,-2.4492935982947064e-16,1.0,-0.4482293417404106,0.893918596519257,82428.0,71661.0,74303.0,91900.0,60184.0,53310.0,97244.0,91104.0,30752.909580504278,80476.35714285714,25182.123982048448,73621.86666666667,24778.233844735118,62188.13333333333,23322.97382371982,521,0.7296918767507002,0,0,0,0,76042.0,74152.0
2013-12-05,72833,30,120,18.26,,120.0,4,0,12,4,339,0,0,0,0,0,0,136.0,532.0,113.0,358.9585714285714,331.3275147256651,254.59033333333332,3,5,49,339,2013,0.43388373911755823,-0.900968867902419,-2.4492935982947064e-16,1.0,-0.4327755925504317,0.9015016841318838,60937.0,82428.0,71661.0,91153.0,52382.0,49528.0,113868.0,88486.85714285714,31518.06272826523,81937.14285714286,23992.09046542435,74398.7,24358.577828014866,62781.98333333333,23128.803756422563,522,0.7310924369747899,0,0,0,0,71767.5,72263.0
2013-12-06,75580,29,168,12.49,,168.0,5,0,12,4,340,0,0,0,0,0,0,120.0,1021.7100000000002,147.0,300.1014285714286,332.0582910890081,255.49033333333333,4,6,49,340,2013,-0.433883739117558,-0.9009688679024191,-2.4492935982947064e-16,1.0,-0.41719360261231697,0.9088176373395028,72833.0,60937.0,82428.0,153255.0,61251.0,37127.0,96710.0,77390.42857142857,13354.707108446246,82960.64285714286,23338.473173997776,75680.46666666666,23319.22188879509,63412.76666666667,22949.4716296525,523,0.7324929971988795,0,0,0,0,107253.0,104285.5
2013-12-07,76537,41,255,15.17,,255.0,6,1,12,4,341,0,0,0,0,0,0,168.0,357.0,312.0,178.14285714285714,95.03583284114193,258.0903333333333,5,7,49,341,2013,-0.9749279121818236,-0.2225209339563146,-2.4492935982947064e-16,1.0,-0.4014879892059737,0.9158642882672868,75580.0,72833.0,60937.0,103991.0,80011.0,58438.0,124599.0,73468.42857142857,6526.261866672545,82712.5,23390.65730240321,76283.76666666666,23090.75725029311,63856.433333333334,22941.456817163646,524,0.7338935574229691,0,0,0,0,92001.0,86682.0
2013-12-08,68337,27,243,16.12,,243.0,7,1,12,4,342,0,0,0,0,0,0,255.0,255.0,217.0,163.57142857142858,66.61045249022345,263.5903333333333,6,8,49,342,2013,-0.7818314824680299,0.6234898018587334,-2.4492935982947064e-16,1.0,-0.38566340624360745,0.9226395488404875,76537.0,75580.0,72833.0,74303.0,65690.0,60241.0,119663.0,72616.14285714286,6783.59389577975,82901.57142857143,23252.76833713927,76553.63333333333,22943.63779213731,64344.86666666667,22714.803402385824,525,0.7352941176470589,0,0,0,0,69996.5,68898.0
2013-12-09,72386,20,126,14.59,,126.0,1,0,12,4,343,0,0,0,0,0,0,243.0,121.0,119.0,161.85714285714286,63.967253527171664,266.39033333333333,0,9,50,343,2013,0.0,1.0,-2.4492935982947064e-16,1.0,-0.3697245428906732,0.9291414114031743,68337.0,76537.0,75580.0,71661.0,69237.0,112194.0,119595.0,72719.71428571429,6772.10522940233,83126.5,23125.301643770872,75226.7,21940.527614675866,64707.46666666667,22665.754372401894,526,0.7366946778711485,0,0,0,0,70449.0,64502.0
2013-12-10,71111,20,132,19.23,,132.0,2,0,12,4,344,0,0,0,0,0,0,126.0,90.0,116.0,162.57142857142858,63.46089909767783,240.02366666666663,1,10,50,344,2013,0.7818314824680298,0.6234898018587336,-2.4492935982947064e-16,1.0,-0.3536761221763721,0.935367949313148,72386.0,68337.0,76537.0,82428.0,68470.0,118759.0,114907.0,71103.0,5247.368388059189,83315.14285714286,23007.014869573988,73638.43333333333,20347.34238459905,65197.183333333334,22477.487366735422,527,0.7380952380952381,0,0,0,0,75449.0,72666.0
2013-12-11,61570,16,152,16.17,,152.0,3,0,12,4,345,0,0,0,0,0,0,132.0,136.0,237.0,168.57142857142858,57.12517583592763,221.057,2,11,50,345,2013,0.9749279121818236,-0.22252093395631434,-2.4492935982947064e-16,1.0,-0.33752289959411347,0.941317317512847,71111.0,72386.0,68337.0,60937.0,91900.0,107447.0,124434.0,71193.42857142857,5044.510906492046,81148.71428571429,23557.84895962283,72109.2,19421.714817219097,64515.25,21941.295902603208,528,0.7394957983193278,0,0,0,0,76418.5,60560.5
2013-12-12,64893,30,165,13.36,,165.0,4,0,12,4,346,0,0,0,0,0,0,152.0,120.0,532.0,170.85714285714286,55.91192052811989,205.02366666666663,3,12,50,346,2013,0.43388373911755823,-0.900968867902419,-2.4492935982947064e-16,1.0,-0.32126966169236515,0.9469877530760751,61570.0,71111.0,72386.0,72833.0,91153.0,59863.0,104530.0,70059.14285714286,5487.615129500845,79273.0,23744.708683442397,72276.86666666667,19333.861622112563,64093.05,21680.36828399509,529,0.7408963585434174,0,0,0,0,81993.0,62607.5
2013-12-13,77556,28,197,14.83,,197.0,5,0,12,4,347,0,0,0,0,0,0,165.0,168.0,1021.7100000000002,177.28571428571428,51.5031205711981,207.22366666666667,4,13,50,347,2013,-0.433883739117558,-0.9009688679024191,-2.4492935982947064e-16,1.0,-0.3049212246562894,0.9523775757303973,64893.0,61570.0,71111.0,75580.0,153255.0,56404.0,126595.0,70341.42857142857,5857.313458607433,73865.92857142857,10560.62112439282,72981.93333333333,19119.547438976508,64139.26666666667,21706.482512059083,530,0.742296918767507,0,0,0,0,114417.5,68415.5
2013-12-14,113974,61,414,27.04,,414.0,6,1,12,4,348,0,0,0,0,0,0,197.0,255.0,357.0,181.42857142857144,51.797223679964965,210.6903333333333,5,14,50,348,2013,-0.9749279121818236,-0.2225209339563146,-2.4492935982947064e-16,1.0,-0.2884824328806098,0.9574851883550389,77556.0,64893.0,61570.0,76537.0,103991.0,53373.0,97560.0,75689.57142857143,17659.022649976545,74579.0,12841.8373176237,75001.96666666666,20149.9370726894,65466.26666666667,22280.870565308298,531,0.7436974789915967,0,0,0,0,90264.0,78274.0
2013-12-15,79362,22,303,23.34,,303.0,7,1,12,4,349,0,0,0,0,0,0,414.0,243.0,255.0,204.14285714285717,100.964397308207,220.89033333333333,6,15,50,349,2013,-0.7818314824680299,0.6234898018587334,-2.4492935982947064e-16,1.0,-0.27195815753410524,0.9623090774541487,113974.0,77556.0,64893.0,68337.0,74303.0,55316.0,123533.0,77264.57142857143,17383.462139412415,74940.35714285714,12904.498384476248,75803.5,19815.335313059306,66019.85,22205.23089451701,532,0.7450980392156863,0,0,0,0,71320.0,67013.5
2013-12-16,74330,17,188,19.28,,188.0,1,0,12,4,350,0,0,0,0,0,0,303.0,126.0,121.0,212.7142857142857,107.16920311002622,226.357,0,16,51,350,2013,0.0,1.0,-2.4492935982947064e-16,1.0,-0.2553532951161881,0.9668478136052773,79362.0,113974.0,77556.0,72386.0,71661.0,69373.0,128205.0,77542.28571428571,17307.897568396318,75131.0,12871.998673328046,75968.73333333334,19780.50128707121,66606.56666666667,21946.17587271544,533,0.7464985994397759,0,0,0,0,72023.5,70811.5
2013-12-17,64265,15,187,16.54,,187.0,2,0,12,4,351,0,0,0,0,0,0,188.0,132.0,90.0,221.57142857142856,101.20417834400747,224.09033333333332,1,17,51,351,2013,0.7818314824680298,0.6234898018587336,-2.4492935982947064e-16,1.0,-0.23867276600594997,0.9711000518829505,74330.0,79362.0,113974.0,71111.0,82428.0,63493.0,134018.0,76564.28571428571,17914.656017855854,73833.64285714286,12994.698318972383,75994.46666666666,19764.20684091786,66895.55,21796.279825185666,534,0.7478991596638656,0,0,0,0,76769.5,69790.5
2013-12-18,75519,18,252,18.35,,252.0,3,0,12,4,352,0,0,0,0,0,0,187.0,152.0,136.0,229.42857142857144,95.0383381288082,223.957,2,18,51,352,2013,0.9749279121818236,-0.22252093395631434,-2.4492935982947064e-16,1.0,-0.22192151300416674,0.9750645322571945,64265.0,74330.0,79362.0,61570.0,60937.0,57343.0,98110.0,78557.0,16703.677479325845,74875.21428571429,12454.647678545884,76600.33333333333,19448.808949142356,67334.2,21698.73760664507,535,0.7492997198879552,0,0,0,0,61253.5,76735.0
2013-12-19,76019,30,225,18.03,,225.0,4,0,12,4,353,0,0,0,0,0,0,252.0,165.0,120.0,243.7142857142857,88.76882764746155,228.757,3,19,51,353,2013,0.43388373911755823,-0.900968867902419,-2.4492935982947064e-16,1.0,-0.20510449986861926,0.9787400799669153,75519.0,64265.0,74330.0,64893.0,72833.0,62904.0,100354.0,80146.42857142857,15685.07578195651,75102.78571428571,12443.564287667894,77037.5,19276.968460244247,67819.83333333333,21558.835377153566,536,0.7507002801120448,0,0,0,0,68863.0,78023.0
2013-12-20,79533,19,317,18.42,,317.0,5,0,12,4,354,0,0,0,0,0,0,225.0,197.0,168.0,252.28571428571428,82.58271466780889,233.1903333333333,4,20,51,354,2013,-0.433883739117558,-0.9009688679024191,-2.4492935982947064e-16,1.0,-0.1882267098432439,0.9821256058680006,76019.0,75519.0,64265.0,77556.0,75580.0,60184.0,124814.0,80428.85714285714,15648.414333179624,75385.14285714286,12499.946786700128,77682.46666666666,19015.55758289817,68444.55,21341.42041515606,537,0.7521008403361344,0,0,0,0,76568.0,115405.5
2013-12-21,71516,36,458,22.97,,458.0,6,1,12,4,355,0,0,0,0,0,0,317.0,414.0,255.0,269.42857142857144,81.64324251044314,240.59033333333332,5,21,51,355,2013,-0.9749279121818236,-0.2225209339563146,-2.4492935982947064e-16,1.0,-0.1712931441814778,0.9852201067560606,79533.0,76019.0,75519.0,113974.0,76537.0,52382.0,124510.0,74363.42857142857,5257.909497672805,75026.5,12536.33320055708,78320.26666666666,18450.17475654735,68880.95,21127.431936979327,538,0.7535014005602241,0,0,0,0,95255.5,108982.5
2013-12-22,95557,27,475,21.18,,475.0,7,1,12,4,356,0,0,0,0,0,0,458.0,303.0,243.0,275.7142857142857,95.19753898379628,252.09033333333332,6,22,51,356,2013,-0.7818314824680299,0.6234898018587334,-2.4492935982947064e-16,1.0,-0.154308820664281,0.9880226656636976,71516.0,79533.0,76019.0,79362.0,68337.0,61251.0,126332.0,76677.0,9596.76280489089,76970.78571428571,13493.314624877741,79463.8,18418.85705840463,69682.2,21213.567342223465,539,0.7549019607843137,0,0,0,0,73849.5,76832.5
2013-12-23,106029,16,425,18.75,,425.0,1,0,12,4,357,0,0,0,0,0,0,475.0,188.0,126.0,300.2857142857143,121.87386141104292,263.02366666666666,0,23,52,357,2013,0.0,1.0,-2.4492935982947064e-16,1.0,-0.13727877211326517,0.9905324521322227,95557.0,71516.0,79533.0,74330.0,72386.0,80011.0,135585.0,81205.42857142857,14520.514084760182,79373.85714285714,15465.636945560116,80331.06666666667,19047.328026810766,70708.18333333333,21460.719836041673,540,0.7563025210084033,0,0,0,0,73358.0,72995.5
2013-12-24,66580,20,209,21.18,,209.0,2,0,12,4,358,0,0,0,0,0,0,425.0,187.0,132.0,334.1428571428572,118.35036765388416,266.7903333333333,1,24,52,358,2013,0.7818314824680298,0.6234898018587336,-2.4492935982947064e-16,1.0,-0.12020804489935275,0.9927487224577402,106029.0,95557.0,71516.0,64265.0,71111.0,65690.0,103600.0,81536.14285714286,14090.371492956758,79050.21428571429,15697.522064025115,80360.73333333334,19024.417197894698,70838.0,21410.910712191177,541,0.757703081232493,0,1,0,1,67688.0,73346.5
2013-12-25,0,0,0,0.0,,0.0,3,0,12,4,359,0,0,0,0,0,0,209.0,252.0,152.0,337.2857142857143,114.0039681849048,266.52366666666666,2,25,52,359,2013,0.9749279121818236,-0.22252093395631434,-2.4492935982947064e-16,1.0,-0.10310169744743544,0.9946708199115211,66580.0,106029.0,95557.0,75519.0,61570.0,69237.0,0.0,70747.71428571429,34128.27923054572,74652.35714285714,26129.795856034296,78052.83333333333,23975.73700867621,70016.95,23127.97593745632,542,0.7591036414565826,0,1,0,1,68544.5,68228.0
2013-12-26,83700,27,423,16.61,,423.0,4,0,12,4,360,0,0,0,0,0,0,0.0,225.0,165.0,301.2857142857143,170.97632807469216,262.557,3,26,52,360,2013,0.43388373911755823,-0.900968867902419,-2.4492935982947064e-16,1.0,-0.0859647987374467,0.9962981749346077,0.0,66580.0,106029.0,76019.0,64893.0,68470.0,108910.0,71845.0,34447.98895920249,75995.71428571429,26072.843639514173,78560.5,23927.023404871157,70645.3,22976.0256400788,543,0.7605042016806722,0,1,0,1,70456.0,74426.0
2013-12-27,85283,25,276,19.35,,276.0,5,0,12,4,361,0,0,0,0,0,0,423.0,317.0,197.0,329.57142857142856,172.62276514880378,272.7903333333333,4,27,52,361,2013,-0.433883739117558,-0.9009688679024191,-2.4492935982947064e-16,1.0,-0.06880242680232064,0.9976303053065857,83700.0,0.0,66580.0,79533.0,77556.0,91900.0,96406.0,72666.42857142857,34729.27426469468,76547.64285714286,26189.935990191636,78339.93333333333,23830.11806145742,71326.61666666667,22790.04108629405,544,0.7619047619047619,0,1,0,1,78544.5,77556.5
2013-12-28,74210,23,360,16.73,,360.0,6,1,12,4,362,0,0,0,0,0,0,276.0,458.0,414.0,323.7142857142857,173.81188517639248,274.0903333333333,5,28,52,362,2013,-0.9749279121818236,-0.2225209339563146,-2.4492935982947064e-16,1.0,-0.05161966722325418,0.9986668162884759,85283.0,83700.0,0.0,71516.0,113974.0,91153.0,104696.0,73051.28571428571,34729.32782588944,73707.35714285714,23872.50906411994,77775.16666666667,23716.482053021162,71780.61666666667,22566.84028789537,545,0.7633053221288515,0,1,0,1,92745.0,74026.5
2013-12-29,78641,17,287,21.34,,287.0,7,1,12,4,363,0,0,0,0,0,0,360.0,475.0,303.0,309.7142857142857,164.91180904321183,268.357,6,29,52,363,2013,-0.7818314824680299,0.6234898018587334,-2.4492935982947064e-16,1.0,-0.034421611622745804,0.9994074007397048,74210.0,85283.0,83700.0,95557.0,79362.0,153255.0,123156.0,70634.71428571429,33467.935588730776,73655.85714285714,23860.146481777374,75288.03333333334,18964.252732140943,72420.66666666667,22198.6497174228,546,0.7647058823529411,0,1,0,1,87459.5,81947.0
2013-12-30,77576,17,342,15.14,,342.0,1,0,12,4,364,0,0,0,0,0,0,287.0,425.0,188.0,282.85714285714283,147.94303923180314,243.86666666666667,0,30,1,364,2013,0.0,1.0,-2.4492935982947064e-16,1.0,-0.01721335615583528,0.9998518392091162,78641.0,74210.0,85283.0,106029.0,74330.0,103991.0,101759.0,66570.0,30001.080386101698,73887.71428571429,23882.96160422773,74407.53333333334,18182.75012151953,72916.61666666667,21970.93626534809,547,0.7661064425770309,0,1,0,1,90179.5,89207.5
2013-12-31,64577,21,269,16.64,,269.0,2,0,12,4,365,0,0,0,0,0,0,342.0,209.0,187.0,271.0,137.61782830239198,243.36666666666667,1,31,1,365,2013,0.7818314824680298,0.6234898018587336,-2.4492935982947064e-16,1.0,6.432490598706546e-16,1.0,77576.0,78641.0,74210.0,66580.0,64265.0,74303.0,103153.0,66283.85714285714,30010.519685762298,73910.0,23873.435401009192,74083.33333333333,18271.170948138522,73156.53333333334,21796.37397651942,548,0.7675070028011205,0,1,0,1,65422.5,68845.5
2014-01-01,60975,17,157,19.15,,157.0,3,0,1,1,1,0,0,0,0,0,0,269.0,0.0,252.0,279.57142857142856,134.95537181213783,243.83333333333331,2,1,1,1,2014,0.9749279121818236,-0.22252093395631434,0.49999999999999994,0.8660254037844387,0.017213356155834685,0.9998518392091162,64577.0,77576.0,78641.0,0.0,75519.0,71661.0,67313.0,74994.57142857143,9194.98227036817,72871.14285714286,24113.271382109433,73727.13333333333,18423.55061203003,73140.6,21805.066708824128,549,0.7689075630252101,0,0,1,1,37759.5,30785.0
2014-01-02,56136,17,175,17.06,,175.0,4,0,1,1,2,0,0,0,0,0,0,157.0,423.0,225.0,302.0,84.28127510505126,245.03333333333333,3,2,1,2,2014,0.43388373911755823,-0.900968867902419,0.49999999999999994,0.8660254037844387,0.03442161162274574,0.9994074007397048,60975.0,64577.0,77576.0,83700.0,76019.0,82428.0,89545.0,71056.85714285714,10634.913154771279,71450.92857142857,24496.10019029502,72850.73333333334,18619.687281965016,73109.18333333333,21828.565491266174,550,0.7703081232492998,0,0,0,0,79859.5,74296.5
2014-01-03,51043,23,178,12.52,,178.0,5,0,1,1,3,0,0,0,0,0,0,175.0,276.0,317.0,266.57142857142856,76.7264777045861,247.86666666666667,4,3,1,3,2014,-0.433883739117558,-0.9009688679024191,0.49999999999999994,0.8660254037844387,0.051619667223253764,0.998666816288476,56136.0,60975.0,64577.0,85283.0,79533.0,60937.0,83721.0,66165.42857142857,10872.7265034604,69415.92857142857,24952.188957358845,72520.93333333333,18923.13583937427,73071.4,21865.347999184072,551,0.7717086834733894,0,0,0,0,82408.0,81419.5
2014-01-04,66171,19,218,19.99,,218.0,6,1,1,1,4,0,0,0,0,0,0,178.0,360.0,458.0,252.57142857142856,83.37237180836547,249.26666666666668,5,4,1,4,2014,-0.9749279121818236,-0.2225209339563146,0.49999999999999994,0.8660254037844387,0.06880242680231986,0.9976303053065857,51043.0,56136.0,60975.0,74210.0,71516.0,72833.0,104264.0,65017.0,10290.365834118942,69034.14285714286,24958.474983790336,72298.86666666667,18958.40445915189,73348.78333333334,21666.27485137466,552,0.773109243697479,0,0,0,0,72863.0,94092.0
2014-01-05,59696,18,137,17.87,,137.0,7,1,1,1,5,0,0,0,0,0,0,218.0,287.0,475.0,232.28571428571428,68.8953657989517,252.53333333333333,6,5,1,5,2014,-0.7818314824680299,0.6234898018587334,0.49999999999999994,0.8660254037844387,0.08596479873744647,0.9962981749346078,66171.0,51043.0,56136.0,78641.0,95557.0,75580.0,105933.0,62310.57142857143,8433.822282080428,66472.64285714286,23842.289779707913,71769.4,19084.989817059108,73724.93333333333,21218.041597888263,553,0.7745098039215687,0,0,0,0,87099.0,79001.5
2014-01-06,49215,13,95,20.87,,95.0,1,0,1,1,6,0,0,0,0,0,0,137.0,342.0,425.0,210.8571428571429,72.28514963076977,251.5,0,6,2,6,2014,0.0,1.0,0.49999999999999994,0.8660254037844387,0.10310169744743485,0.9946708199115211,59696.0,66171.0,51043.0,77576.0,106029.0,76537.0,81640.0,58259.0,6459.233881300068,62414.5,21290.07295485575,70858.66666666667,19497.087445323283,73571.21666666666,21363.576177406543,554,0.7759103641456583,0,0,0,0,91802.5,75953.0
2014-01-07,55556,11,93,18.21,,93.0,2,0,1,1,7,0,0,0,0,0,0,95.0,269.0,209.0,175.57142857142858,56.06501328177495,246.16666666666663,1,7,2,7,2014,0.7818314824680298,0.6234898018587336,0.49999999999999994,0.8660254037844387,0.1202080448993527,0.9927487224577402,49215.0,59696.0,66171.0,64577.0,66580.0,68337.0,71331.0,56970.28571428572,5860.799254774311,61627.07142857143,21327.989380026163,70432.63333333333,19692.74662457089,73493.13333333333,21421.606537789976,555,0.7773109243697479,0,0,0,0,65578.5,64421.0
2014-01-08,48237,16,95,18.49,,95.0,3,0,1,1,8,0,0,0,0,0,0,93.0,157.0,0.0,150.42857142857142,45.686822107535335,241.16666666666663,2,8,2,8,2014,0.9749279121818236,-0.22252093395631434,0.49999999999999994,0.8660254037844387,0.13727877211326478,0.9905324521322229,55556.0,49215.0,59696.0,60975.0,0.0,72386.0,75197.0,55150.57142857143,6365.883412304106,65072.57142857143,12796.268084059691,69627.66666666667,20099.50692195594,72427.18333333333,21051.256494156532,556,0.7787114845938375,0,0,0,0,30487.5,68247.0
2014-01-09,53836,18,101,16.61,,101.0,4,0,1,1,9,0,0,0,0,0,0,95.0,175.0,423.0,141.57142857142858,50.00619009301654,240.13333333333333,3,9,2,9,2014,0.43388373911755823,-0.900968867902419,0.49999999999999994,0.8660254037844387,0.15430882066428117,0.9880226656636976,48237.0,55556.0,49215.0,56136.0,83700.0,71111.0,78595.0,54822.0,6365.900617090058,62939.42857142857,11910.736796393852,69051.83333333333,20301.982334132048,71345.13333333333,20283.964414157344,557,0.7801120448179272,0,0,0,0,69918.0,66077.5
2014-01-10,55243,24,124,15.48,,124.0,5,0,1,1,10,0,0,0,0,0,0,101.0,178.0,276.0,131.0,49.581582602143534,239.1,4,10,2,10,2014,-0.433883739117558,-0.9009688679024191,0.49999999999999994,0.8660254037844387,0.1712931441814776,0.9852201067560606,53836.0,48237.0,55556.0,51043.0,85283.0,61570.0,69737.0,55422.0,6144.435748436765,60793.71428571428,10151.907872442132,68840.93333333333,20414.933511311563,70475.06666666667,19823.55493685385,558,0.7815126050420168,0,0,0,0,68163.0,65288.0
2014-01-11,57560,25,182,15.7,,182.0,6,1,1,1,11,0,0,0,0,0,0,124.0,218.0,360.0,123.28571428571428,45.0433653483463,238.16666666666663,5,11,2,11,2014,-0.9749279121818236,-0.2225209339563146,0.49999999999999994,0.8660254037844387,0.1882267098432442,0.9821256058680006,55243.0,53836.0,48237.0,66171.0,74210.0,64893.0,79331.0,54191.857142857145,4182.539636336354,59604.42857142857,9407.25830012537,68596.5,20507.523133870025,70436.68333333333,19846.666919492454,559,0.7829131652661064,0,0,0,0,70190.5,68843.5
2014-01-12,52049,29,144,18.34,,144.0,7,1,1,1,12,0,0,0,0,0,0,182.0,137.0,287.0,118.14285714285714,32.82493245196444,238.7333333333333,6,12,2,12,2014,-0.7818314824680299,0.6234898018587334,0.49999999999999994,0.8660254037844387,0.2051044998686192,0.9787400799669153,57560.0,55243.0,53836.0,59696.0,78641.0,77556.0,89031.0,53099.42857142857,3437.6414810712363,57705.0,7818.314091335281,67746.26666666666,20651.506467440086,70364.1,19906.729837853516,560,0.7843137254901961,0,0,0,0,69168.5,77626.5
2014-01-13,46333,10,83,13.42,,83.0,1,0,1,1,13,0,0,0,0,0,0,144.0,95.0,342.0,119.14285714285714,33.59279968201563,236.96666666666667,0,13,3,13,2014,0.0,1.0,0.49999999999999994,0.8660254037844387,0.2219215130041655,0.9750645322571948,52049.0,57560.0,55243.0,49215.0,77576.0,113974.0,93407.0,52687.71428571428,4090.9143930702357,55473.357142857145,5944.49314145398,65491.566666666666,19061.670657474624,70246.76666666666,20028.94766891893,561,0.7857142857142857,0,0,0,0,63395.5,77622.0
2014-01-14,49599,13,92,17.0,,92.0,2,0,1,1,14,0,0,0,0,0,0,83.0,93.0,269.0,117.42857142857144,35.2933286559781,225.9333333333333,1,14,3,14,2014,0.7818314824680298,0.6234898018587336,0.49999999999999994,0.8660254037844387,0.2386727660059501,0.9711000518829505,46333.0,52049.0,57560.0,55556.0,64577.0,79362.0,65091.0,51836.71428571428,4013.667679080541,54403.5,5512.14338808156,64499.46666666667,19089.379825430315,70151.48333333334,20114.596976031895,562,0.7871148459383753,0,0,0,0,60066.5,61068.0
2014-01-15,37711,13,92,15.0,,92.0,3,0,1,1,15,0,0,0,0,0,0,92.0,95.0,157.0,117.28571428571428,35.41051767349073,218.9,2,15,3,15,2014,0.9749279121818236,-0.22252093395631434,0.49999999999999994,0.8660254037844387,0.255353295116187,0.9668478136052775,49599.0,46333.0,52049.0,48237.0,60975.0,74330.0,74162.0,50333.0,6675.913595406526,52741.78571428572,6746.99502546342,63278.833333333336,19602.966374898657,69623.78333333334,20546.060104886656,563,0.788515406162465,0,0,0,0,54606.0,24118.5
2014-01-16,48195,24,92,17.18,,92.0,4,0,1,1,16,0,0,0,0,0,0,92.0,101.0,175.0,116.85714285714286,35.74179892613167,215.7,3,16,3,16,2014,0.43388373911755823,-0.900968867902419,0.49999999999999994,0.8660254037844387,0.2719581575341055,0.9623090774541486,37711.0,49599.0,46333.0,53836.0,56136.0,64265.0,57698.0,49527.142857142855,6521.261749809164,52174.57142857143,6773.441151509969,62743.166666666664,19793.72398807503,69368.81666666667,20717.63366460402,564,0.7899159663865546,0,0,0,0,54986.0,68768.0
2014-01-17,53964,14,103,15.71,,103.0,5,0,1,1,17,0,0,0,0,0,1,92.0,124.0,178.0,115.57142857142856,36.5598009789288,212.53333333333333,4,17,3,17,2014,-0.433883739117558,-0.9009688679024191,0.49999999999999994,0.8660254037844387,0.288482432880609,0.9574851883550393,48195.0,37711.0,49599.0,55243.0,51043.0,75519.0,83602.0,49344.42857142857,6350.093381390639,52383.21428571428,6780.88784949834,62024.666666666664,19704.995299343034,69312.5,20755.435535161305,565,0.7913165266106442,0,0,0,0,53143.0,70263.0
2014-01-18,81364,35,689,16.82,,689.0,6,1,1,1,18,0,0,0,0,1,1,103.0,182.0,218.0,112.57142857142856,36.61446500522547,207.56666666666663,5,18,3,18,2014,-0.9749279121818236,-0.2225209339563146,0.49999999999999994,0.8660254037844387,0.30492122465628907,0.9523775757303974,53964.0,48195.0,37711.0,57560.0,66171.0,76019.0,81221.0,52745.0,13654.988429141953,53468.42857142857,9731.159174482902,62202.833333333336,19859.449674778556,69620.16666666667,20795.61084897292,566,0.7927170868347339,0,0,0,0,61865.5,65885.0
2014-01-19,63086,48,463,16.96,,463.0,7,1,1,1,19,0,0,0,0,1,1,689.0,144.0,137.0,185.0,223.14867988256893,223.03333333333333,6,19,3,19,2014,-0.7818314824680299,0.6234898018587334,0.49999999999999994,0.8660254037844387,0.3212696616923644,0.9469877530760753,81364.0,53964.0,48195.0,52049.0,59696.0,79533.0,158470.0,54321.71428571428,14188.034415359632,53710.57142857143,9938.019983216733,61654.6,19589.725502996796,69668.53333333334,20776.658242956975,567,0.7941176470588235,0,0,0,0,55872.5,65345.0
2014-01-20,53616,31,413,18.26,,413.0,1,0,1,1,20,0,0,0,0,1,1,463.0,83.0,95.0,230.57142857142856,244.89375733356763,227.9,0,20,4,20,2014,0.0,1.0,0.49999999999999994,0.8660254037844387,0.3375228995941133,0.9413173175128471,63086.0,81364.0,53964.0,46333.0,49215.0,71516.0,107860.0,55362.142857142855,13765.312436562834,54024.92857142857,9854.130063186692,61057.933333333334,19551.571556788833,69689.1,20759.86036880313,568,0.7955182072829131,0,0,0,0,47774.0,61954.5
2014-01-21,34729,10,74,12.7,,74.0,2,0,1,1,21,0,0,0,0,0,1,413.0,92.0,93.0,277.7142857142857,243.5102422799461,226.4,1,21,4,21,2014,0.7818314824680298,0.6234898018587336,0.49999999999999994,0.8660254037844387,0.3536761221763716,0.9353679493131483,53616.0,63086.0,81364.0,49599.0,55556.0,95557.0,89920.0,53237.857142857145,15799.93459299303,52537.28571428572,11098.703918986235,59030.333333333336,18996.68468050618,69247.06666666667,21219.84193048576,569,0.7969187675070029,0,0,0,0,52577.5,57088.0
2014-01-22,34272,12,85,15.06,,85.0,3,0,1,1,22,0,0,0,0,0,0,74.0,92.0,95.0,275.1428571428572,245.88169822865933,213.03333333333333,2,22,4,22,2014,0.9749279121818236,-0.22252093395631434,0.49999999999999994,0.8660254037844387,0.3697245428906731,0.9291414114031743,34729.0,53616.0,63086.0,37711.0,48237.0,106029.0,46705.0,52746.57142857143,16405.072953786224,51539.78571428572,12097.533411520659,56638.433333333334,17318.32960544957,68484.75,21643.9388420282,570,0.7983193277310925,0,0,0,0,42974.0,49343.0
2014-01-23,31752,24,77,12.39,,77.0,4,0,1,1,23,0,0,0,0,0,0,85.0,92.0,101.0,274.1428571428572,246.76333369676868,201.7,3,23,4,23,2014,0.43388373911755823,-0.900968867902419,0.49999999999999994,0.8660254037844387,0.38566340624360707,0.9226395488404876,34272.0,34729.0,53616.0,48195.0,53836.0,66580.0,63246.0,50397.57142857143,18240.016135383434,49962.357142857145,13167.565107590646,55477.5,17789.844545365704,67919.11666666667,22155.625623052703,571,0.7997198879551821,0,0,0,0,51015.5,52165.5
2014-01-24,36008,22,122,14.03,,122.0,5,0,1,1,24,0,0,0,0,0,0,77.0,103.0,124.0,272.0,248.66644325280396,197.3,4,24,4,24,2014,-0.433883739117558,-0.9009688679024191,0.49999999999999994,0.8660254037844387,0.401487989205973,0.9158642882672872,31752.0,34272.0,34729.0,53964.0,55243.0,0.0,65406.0,47832.42857142857,18905.333373214584,48588.42857142857,13571.501247463053,56677.76666666667,14897.312557184245,67365.3,22534.19730196901,572,0.8011204481792717,0,0,0,0,54603.5,52503.5
2014-01-25,44687,17,165,13.54,,165.0,6,1,1,1,25,0,0,0,0,0,0,122.0,689.0,182.0,274.7142857142857,246.60948500663565,201.36666666666667,5,25,4,25,2014,-0.9749279121818236,-0.2225209339563146,0.49999999999999994,0.8660254037844387,0.4171936026123168,0.9088176373395029,36008.0,31752.0,34272.0,81364.0,57560.0,83700.0,62256.0,42592.857142857145,11816.83443832809,47668.92857142857,13351.199101805234,55377.333333333336,14140.686354442443,66968.91666666667,22722.821567225936,573,0.8025210084033614,0,0,0,0,69462.0,73767.5
2014-01-26,35334,21,150,11.87,,150.0,7,1,1,1,26,0,0,0,0,0,0,165.0,463.0,144.0,199.8571428571429,166.37150053562692,192.76666666666668,6,26,4,26,2014,-0.7818314824680299,0.6234898018587334,0.49999999999999994,0.8660254037844387,0.4327755925504312,0.901501684131884,44687.0,36008.0,31752.0,63086.0,52049.0,85283.0,62727.0,38628.28571428572,7751.588798740626,46475.0,13672.875022635733,53712.36666666667,13420.306537131562,66026.15,22844.03681995272,574,0.803921568627451,0,0,0,0,57567.5,61391.0
2014-01-27,33081,11,74,16.59,,74.0,1,0,1,1,27,0,0,0,0,0,0,150.0,413.0,83.0,155.14285714285714,119.24963811465456,188.56666666666663,0,27,5,27,2014,0.0,1.0,0.49999999999999994,0.8660254037844387,0.4482293417404106,0.893918596519257,35334.0,44687.0,36008.0,53616.0,46333.0,74210.0,55214.0,35694.71428571428,4211.545310780932,45528.42857142857,14134.390018207852,52341.4,13354.771882790817,65058.28333333333,22991.143998852873,575,0.8053221288515406,0,0,0,0,49974.5,51415.5
2014-01-28,32518,16,82,10.06,,82.0,2,0,1,1,28,0,0,0,0,0,0,74.0,74.0,92.0,106.71428571428572,38.72860392403288,179.03333333333333,1,28,5,28,2014,0.7818314824680298,0.6234898018587336,0.49999999999999994,0.8660254037844387,0.4635502709028509,0.886070621534138,33081.0,35334.0,44687.0,34729.0,49599.0,78641.0,47465.0,35378.857142857145,4375.751989794371,44308.357142857145,14488.76067114488,50803.96666666667,12868.74751959136,63046.0,20262.77441642302,576,0.8067226890756303,0,0,0,0,42164.0,45142.5
2014-01-29,29639,10,82,14.51,,82.0,3,0,1,1,29,0,0,0,0,0,0,82.0,85.0,92.0,107.85714285714286,37.70688960666707,172.2,2,29,5,29,2014,0.9749279121818236,-0.22252093395631434,0.49999999999999994,0.8660254037844387,0.47873384011578846,0.8779600847008882,32518.0,33081.0,35334.0,34272.0,37711.0,77576.0,50359.0,34717.0,4891.108872229165,43731.78571428572,14925.520860276525,49206.066666666666,12397.372819391541,61806.8,19987.97062879639,577,0.8081232492997199,0,0,0,0,35991.5,41254.5
2014-01-30,28327,22,79,12.32,,79.0,4,0,1,1,30,0,0,0,0,0,0,82.0,77.0,92.0,107.42857142857144,38.02568054555019,163.53333333333333,3,30,5,30,2014,0.43388373911755823,-0.900968867902419,0.49999999999999994,0.8660254037844387,0.49377555015997715,0.869589389346611,29639.0,32518.0,33081.0,31752.0,48195.0,64577.0,51822.0,34227.71428571428,5383.659651026804,42312.642857142855,15405.335886819032,47997.73333333333,12612.27984239914,61040.53333333333,20378.25832902051,578,0.8095238095238095,0,0,0,0,39973.5,42794.0
2014-01-31,30686,21,90,7.01,,90.0,5,0,1,1,31,0,0,0,0,0,0,79.0,122.0,103.0,107.71428571428572,37.765567587922575,157.2,4,31,5,31,2014,-0.433883739117558,-0.9009688679024191,0.49999999999999994,0.8660254037844387,0.5086709438521044,0.8609610158889943,28327.0,29639.0,32518.0,36008.0,53964.0,60975.0,58230.0,33467.42857142857,5465.510493300664,40649.92857142857,15306.953917265007,46988.1,12749.20465227208,60357.61666666667,20700.344797825714,579,0.8109243697478992,0,0,0,0,44986.0,45625.5
2014-02-01,35363,20,160,9.59,,160.0,6,1,2,1,32,0,0,0,0,0,0,90.0,165.0,689.0,103.14285714285714,37.68478283263296,154.96666666666667,5,1,5,32,2014,-0.9749279121818236,-0.2225209339563146,0.8660254037844386,0.5000000000000001,0.5234156073655503,0.8520775211013093,30686.0,28327.0,29639.0,44687.0,81364.0,56136.0,68048.0,32135.428571428572,2724.141140319186,37364.142857142855,9864.869564088662,46295.666666666664,12799.244746935366,59573.2,20741.53398115784,580,0.8123249299719888,0,0,0,0,63025.5,51123.5
2014-02-02,27745,18,90,10.09,,90.0,7,1,2,1,33,0,0,0,0,0,0,160.0,150.0,463.0,102.42857142857144,36.34032261302722,154.46666666666667,6,2,5,33,2014,-0.7818314824680299,0.6234898018587334,0.8660254037844386,0.5000000000000001,0.5380051715382996,0.8429415373547828,35363.0,30686.0,28327.0,35334.0,63086.0,51043.0,65177.0,31051.285714285714,2749.0335704438035,34839.78571428572,6832.074458909742,45519.066666666666,13201.745116965847,59020.0,21143.286481865525,581,0.8137254901960784,0,0,0,0,49210.0,43691.5
2014-02-03,28000,10,73,5.62,,73.0,1,0,2,1,34,0,0,0,0,0,0,90.0,74.0,413.0,93.85714285714286,29.72332737894657,151.53333333333333,0,3,6,34,2014,0.0,1.0,0.8660254037844386,0.5000000000000001,0.5524353131676196,0.8335557718385699,27745.0,35363.0,30686.0,33081.0,53616.0,66171.0,46463.0,30325.428571428572,2794.209420518196,33010.07142857143,4421.717582469459,44246.7,12980.282113054422,58272.78333333333,21437.025113851993,582,0.8151260504201681,0,0,0,0,43348.5,39707.0
2014-02-04,26481,11,51,9.59,,51.0,2,0,2,1,35,0,0,0,0,0,0,73.0,82.0,74.0,93.71428571428572,29.83685799875616,146.7,1,4,6,35,2014,0.7818314824680298,0.6234898018587336,0.8660254037844386,0.5000000000000001,0.5667017562911176,0.8239230057575542,28000.0,27745.0,35363.0,32518.0,34729.0,59696.0,43802.0,29463.0,2932.90010058274,32420.928571428572,4714.832821316745,43139.53333333333,13033.522658059805,57454.46666666667,21700.666203525558,583,0.8165266106442577,0,0,0,0,33623.5,41058.5
2014-02-05,28546,13,59,8.06,,59.0,3,0,2,1,36,0,0,0,0,0,0,51.0,82.0,85.0,89.28571428571429,33.89058023361758,143.83333333333334,2,5,6,36,2014,0.9749279121818236,-0.22252093395631434,0.8660254037844386,0.5000000000000001,0.5808002734538009,0.8140460935082178,26481.0,28000.0,27745.0,29639.0,34272.0,49215.0,44982.0,29306.85714285714,2951.007366339282,32011.928571428572,4789.669194683911,42450.566666666666,13245.8560095765,56654.61666666667,21869.174448386366,584,0.8179271708683473,0,0,0,0,31955.5,33675.0
2014-02-06,31681,19,64,10.72,,64.0,4,0,2,1,37,0,0,0,0,0,0,59.0,79.0,77.0,86.0,35.77708763999439,142.63333333333333,3,6,6,37,2014,0.43388373911755823,-0.900968867902419,0.8660254037844386,0.5000000000000001,0.5947266869607634,0.8039279618328213,28546.0,26481.0,28000.0,28327.0,31752.0,55556.0,54021.0,29786.0,3036.446827021942,32006.85714285714,4790.00316134685,41654.73333333333,13148.172816372327,56043.683333333334,22048.55802540651,585,0.819327731092437,0,0,0,0,30039.5,38261.0
2014-02-07,30934,15,103,11.4,,103.0,5,0,2,1,38,0,0,0,0,0,0,64.0,90.0,122.0,83.85714285714286,36.70344475853316,141.66666666666666,4,7,6,38,2014,-0.433883739117558,-0.9009688679024191,0.8660254037844386,0.5000000000000001,0.6084768701151261,0.7935716089521474,31681.0,28546.0,26481.0,30686.0,36008.0,48237.0,39233.0,29821.428571428572,3050.114033777411,31644.428571428572,4654.00249106204,41077.96666666667,13228.73974106295,55352.816666666666,22176.86335472073,586,0.8207282913165266,0,0,0,0,33347.0,42325.0
2014-02-08,38859,32,192,11.22,,192.0,6,1,2,1,39,0,0,0,0,0,0,103.0,160.0,165.0,85.71428571428571,37.38856458737887,141.93333333333334,5,8,6,39,2014,-0.9749279121818236,-0.2225209339563146,0.8660254037844386,0.5000000000000001,0.6220467484408675,0.7829801036770629,30934.0,31681.0,28546.0,35363.0,44687.0,53836.0,57136.0,30320.85714285714,4184.13381830961,31228.14285714286,3520.182116292644,40578.73333333333,13011.488928379018,54815.28333333333,22179.30473310166,587,0.8221288515406162,0,0,0,0,40025.0,58363.5
2014-02-09,42119,23,136,8.74,,136.0,7,1,2,1,40,0,0,0,0,0,0,192.0,90.0,150.0,90.28571428571428,48.338095003540126,144.96666666666667,6,9,6,40,2014,-0.7818314824680299,0.6234898018587334,0.8660254037844386,0.5000000000000001,0.6354323008901774,0.7721565844991642,38859.0,30934.0,31681.0,27745.0,35334.0,55243.0,67640.0,32374.285714285714,5889.071905212272,31712.785714285714,4468.31815165327,40141.26666666667,12718.784467873735,54491.1,22221.01451230192,588,0.8235294117647058,0,0,0,0,31539.5,45415.5
2014-02-10,28109,19,69,5.9,,69.0,1,0,2,1,41,0,0,0,0,0,0,136.0,73.0,74.0,96.85714285714286,51.3271486688676,145.36666666666667,0,10,7,41,2014,0.0,1.0,0.8660254037844386,0.5000000000000001,0.6486295610349814,0.7611042586607747,42119.0,38859.0,30934.0,28000.0,33081.0,57560.0,62646.0,32389.85714285714,5875.707005077978,31357.64285714286,4548.082970745988,39159.566666666666,12461.953125505435,53878.03333333333,22435.55754688411,589,0.8249299719887955,0,0,0,0,30540.5,40808.0
2014-02-11,34032,13,89,10.75,,89.0,2,0,2,1,42,0,0,0,0,0,0,69.0,51.0,82.0,96.28571428571428,51.658217435092304,141.6,1,11,7,42,2014,0.7818314824680298,0.6234898018587336,0.8660254037844386,0.5000000000000001,0.6616346182422783,0.7498264012045686,28109.0,42119.0,38859.0,26481.0,32518.0,52049.0,51888.0,33468.57142857143,5272.258619641082,31465.785714285714,4595.54794889009,38559.0,12251.730397137115,53152.63333333333,22360.5080624844,590,0.8263305322128851,0,0,0,0,29499.5,30605.0
2014-02-12,32637,13,94,11.36,,94.0,3,0,2,1,43,0,0,0,0,0,0,89.0,59.0,82.0,101.71428571428572,47.97122153164275,139.76666666666668,2,12,7,43,2014,0.9749279121818236,-0.22252093395631434,0.8660254037844386,0.5000000000000001,0.6744436188329455,0.7383263540031065,34032.0,28109.0,42119.0,28546.0,29639.0,46333.0,58522.0,34053.0,4845.0863425397765,31679.928571428572,4573.673737384691,38102.46666666667,12207.154998361348,51797.01666666667,21037.068858380924,591,0.8277310924369747,0,0,0,0,29092.5,31409.0
2014-02-13,28738,23,125,7.8,,125.0,4,0,2,1,44,0,0,0,0,0,0,94.0,64.0,79.0,106.71428571428572,44.47364120357828,140.13333333333333,3,13,7,44,2014,0.43388373911755823,-0.900968867902419,0.8660254037844386,0.5000000000000001,0.6870527672236669,0.7266075247685656,32637.0,34032.0,28109.0,31681.0,28327.0,49599.0,52541.0,33632.57142857143,5199.914898570908,31709.285714285714,4551.763283498987,37407.1,12123.561094428485,50953.28333333333,20927.68602130914,592,0.8291316526610645,0,0,0,0,30004.0,31716.5
2014-02-14,35529,19,166,8.09,,166.0,5,0,2,1,45,0,0,0,0,0,1,125.0,103.0,90.0,115.42857142857144,40.50867044167508,141.23333333333332,4,14,7,45,2014,-0.433883739117558,-0.9009688679024191,0.8660254037844386,0.5000000000000001,0.699458327051647,0.7146733860429609,28738.0,32637.0,34032.0,30934.0,30686.0,37711.0,52895.0,34289.0,5091.3743069364045,32055.214285714286,4650.962748615551,37334.36666666667,12128.219409019961,50306.6,20792.135151118408,593,0.8305322128851541,0,0,0,0,30810.0,33471.0
2014-02-15,72639,66,617,12.99,,617.0,6,1,2,1,46,0,0,0,0,1,1,166.0,192.0,160.0,124.42857142857144,44.1242833477468,143.7,5,15,7,46,2014,-0.9749279121818236,-0.2225209339563146,0.8660254037844386,0.5000000000000001,0.7116566222817746,0.7025274741691571,35529.0,28738.0,32637.0,38859.0,35363.0,48195.0,47174.0,39114.71428571428,15504.609666314122,34717.78571428572,11825.85535158883,38149.166666666664,13613.208953282932,50446.166666666664,20915.159773347023,594,0.8319327731092437,0,0,0,0,37111.0,41773.0
2014-02-16,66425,51,544,11.42,,544.0,7,1,2,1,47,0,0,0,0,1,1,617.0,136.0,90.0,185.14285714285717,193.19198445365885,161.2,6,16,7,47,2014,-0.7818314824680299,0.6234898018587334,0.8660254037844386,0.5000000000000001,0.7236440382959124,0.6901733882429719,72639.0,35529.0,28738.0,42119.0,27745.0,53964.0,155812.0,42587.0,18685.048042039743,37480.642857142855,14325.666839665722,38564.53333333333,14285.877033010414,50294.6,20762.77976409238,595,0.8333333333333334,0,0,0,0,34932.0,38726.5
2014-02-17,61519,28,419,9.91,,419.0,1,0,2,1,48,0,0,0,0,1,1,544.0,69.0,73.0,243.42857142857144,233.2815588817205,175.9,0,17,8,48,2014,0.0,1.0,0.8660254037844386,0.5000000000000001,0.7354170229639855,0.6776147890466889,66425.0,72639.0,35529.0,28109.0,28000.0,81364.0,135770.0,47359.857142857145,18637.47615628766,39874.857142857145,15381.381981809343,37903.03333333333,12595.138527070168,50052.933333333334,20541.49443416183,596,0.834733893557423,0,0,0,0,28054.5,30595.0
2014-02-18,32546,18,64,9.86,,64.0,2,0,2,1,49,0,0,0,0,0,1,419.0,89.0,51.0,293.42857142857144,227.09091948883756,166.9,1,18,8,49,2014,0.7818314824680298,0.6234898018587336,0.8660254037844386,0.5000000000000001,0.7469720876965552,0.6648553979642865,61519.0,66425.0,72639.0,34032.0,26481.0,63086.0,109483.0,47147.57142857143,18822.13340597663,40308.07142857143,15057.119820941763,36885.03333333333,11691.308585745284,49269.816666666666,20292.709178748846,597,0.8361344537815126,0,0,0,0,30256.5,33275.0
2014-02-19,35221,11,82,10.36,,82.0,3,0,2,1,50,0,0,0,0,0,0,64.0,94.0,59.0,289.85714285714283,231.00463817235973,153.6,2,19,8,50,2014,0.9749279121818236,-0.22252093395631434,0.8660254037844386,0.5000000000000001,0.7583058084785624,0.6518989958787126,32546.0,61519.0,66425.0,32637.0,28546.0,53616.0,55050.0,47516.71428571428,18512.91798280584,40784.857142857145,14758.748570344198,36271.86666666667,11257.914851747199,48664.9,20158.847924691738,598,0.8375350140056023,0,0,0,0,30591.5,31138.0
2014-02-20,25316,19,66,12.95,,66.0,4,0,2,1,51,0,0,0,0,0,0,82.0,125.0,64.0,288.1428571428572,232.73835708181588,142.56666666666666,3,20,8,51,2014,0.43388373911755823,-0.900968867902419,0.8660254037844386,0.5000000000000001,0.7694148268839378,0.6387494220515272,35221.0,32546.0,61519.0,28738.0,31681.0,34729.0,48088.0,47027.857142857145,19126.454318809963,40330.21428571428,15153.52230279542,35958.1,11432.22283375741,47494.21666666667,19415.371313045944,599,0.8389355742296919,0,0,0,0,30209.5,28532.5
2014-02-21,33092,29,88,12.19,,88.0,5,0,2,1,52,0,0,0,0,0,0,66.0,166.0,103.0,279.7142857142857,240.56787973855683,142.3,4,21,8,52,2014,-0.433883739117558,-0.9009688679024191,0.8660254037844386,0.5000000000000001,0.7802958510707755,0.6254105729852463,25316.0,35221.0,32546.0,35529.0,30934.0,34272.0,47331.0,46679.71428571428,19390.992339350825,40484.357142857145,15061.28597843409,35918.76666666667,11440.251129638284,46278.6,17913.57855513098,600,0.8403361344537815,0,0,0,0,33231.5,33107.5
2014-02-22,31934,29,159,9.7,,159.0,6,1,2,1,53,0,0,0,0,0,0,88.0,617.0,192.0,268.57142857142856,248.3920671994559,142.4,5,22,8,53,2014,-0.9749279121818236,-0.2225209339563146,0.8660254037844386,0.5000000000000001,0.7909456567567772,0.6118864012687243,33092.0,25316.0,35221.0,72639.0,38859.0,31752.0,47501.0,40864.71428571428,16139.576117051362,39989.71428571428,15231.525452310909,35924.833333333336,11438.01337369284,45701.166666666664,17806.157978010142,601,0.8417366946778712,0,0,0,0,55749.0,54001.0
2014-02-23,28618,15,107,7.87,,107.0,7,1,2,1,54,0,0,0,0,0,0,159.0,544.0,136.0,203.14285714285717,196.14146983867565,145.13333333333333,6,23,8,54,2014,-0.7818314824680299,0.6234898018587334,0.8660254037844386,0.5000000000000001,0.8013610881746766,0.5981809144059165,31934.0,33092.0,25316.0,66425.0,42119.0,36008.0,60330.0,35463.71428571428,11939.944873048084,39025.357142857145,15511.172204908595,35678.5,11515.47510736185,46178.13333333333,16922.597754528793,602,0.8431372549019608,0,0,0,0,54272.0,47085.0
2014-02-24,27414,13,58,8.42,,58.0,1,0,2,1,55,0,0,0,0,0,0,107.0,419.0,69.0,140.71428571428572,126.89065408940871,144.63333333333333,0,24,9,55,2014,0.0,1.0,0.8660254037844386,0.5000000000000001,0.8115390590073611,0.5842981736283684,28618.0,31934.0,33092.0,61519.0,28109.0,44687.0,46444.0,30591.571428571428,3538.5791808359263,38975.71428571428,15549.860946341249,35102.73333333333,11481.292898279633,45240.03333333333,16358.00995725284,603,0.8445378151260504,0,0,0,0,44814.0,44759.5
2014-02-25,27637,13,63,10.92,,63.0,2,0,2,1,56,0,0,0,0,0,0,58.0,64.0,89.0,89.14285714285714,35.09239505186331,141.06666666666666,1,25,9,56,2014,0.7818314824680298,0.6234898018587336,0.8660254037844386,0.5000000000000001,0.8214765533024142,0.5702422926917871,27414.0,28618.0,31934.0,32546.0,34032.0,35334.0,54205.0,29890.285714285714,3572.962016510433,38518.92857142857,15798.201618510891,34846.166666666664,11561.665862797747,44279.26666666667,15643.555094526353,604,0.84593837535014,0,0,0,0,33289.0,29513.5
2014-02-26,35402,10,66,10.6,,66.0,3,0,2,1,57,0,0,0,0,0,0,63.0,82.0,94.0,89.0,35.213633723315894,138.16666666666666,2,26,9,57,2014,0.9749279121818236,-0.22252093395631434,0.8660254037844386,0.5000000000000001,0.8311706263658079,0.5560174366570446,27637.0,27414.0,28618.0,35221.0,32637.0,33081.0,46611.0,29916.14285714286,3618.3362856688996,38716.42857142857,15736.174247765663,34923.53333333333,11557.21147829429,43632.46666666667,15180.487137922615,605,0.8473389355742297,0,0,0,0,33929.0,31883.5
2014-02-27,27506,18,60,7.43,,60.0,4,0,2,1,58,0,0,0,0,0,0,66.0,66.0,125.0,86.71428571428571,36.24782423683676,137.9,3,27,9,58,2014,0.43388373911755823,-0.900968867902419,0.8660254037844386,0.5000000000000001,0.8406184056344782,0.5416278206559814,35402.0,27637.0,27414.0,25316.0,28738.0,32518.0,48287.0,30229.0,3227.9111408666618,38628.42857142857,15799.585183037028,34756.46666666667,11629.18571209657,42780.21666666667,14606.284874451034,606,0.8487394957983193,0,0,0,0,27027.0,28498.5
2014-02-28,40853,21,79,6.82,,79.0,5,0,2,1,59,0,0,0,0,0,0,60.0,88.0,166.0,85.85714285714286,36.88463352774484,137.16666666666666,4,28,9,59,2014,-0.433883739117558,-0.9009688679024191,0.8660254037844386,0.5000000000000001,0.8498170915275278,0.5270777086423722,27506.0,35402.0,27637.0,33092.0,35529.0,29639.0,60919.0,31337.714285714286,5141.081880767885,39008.71428571428,15783.309623818383,35130.26666666667,11639.244420710986,42168.166666666664,13874.596482960254,607,0.8501400560224089,0,0,0,0,34310.5,32013.0
2014-03-01,42069,22,136,8.05,,136.0,6,1,3,1,60,0,0,0,0,0,0,79.0,159.0,617.0,84.57142857142857,36.95428321073073,137.06666666666666,5,1,9,60,2014,-0.9749279121818236,-0.2225209339563146,1.0,6.123233995736766e-17,0.8587639582758029,0.5123714121284237,40853.0,27506.0,35402.0,31934.0,72639.0,28327.0,57251.0,32785.57142857143,6566.521678360556,36825.142857142855,12557.819101794928,35588.333333333336,11632.675650150473,41793.03333333333,13559.1433582303,608,0.8515406162464986,0,0,0,0,52286.5,35396.5
2014-03-02,33756,18,109,6.04,,109.0,7,1,3,1,61,0,0,0,0,0,0,136.0,107.0,544.0,81.28571428571429,29.50544743892683,138.96666666666667,6,2,9,61,2014,-0.7818314824680299,0.6234898018587334,1.0,6.123233995736766e-17,0.8674563547295969,0.49751328890718066,42069.0,40853.0,27506.0,28618.0,66425.0,30686.0,75306.0,33519.57142857143,6304.985193139836,34491.642857142855,9228.382853642628,35690.666666666664,11601.52420227991,41339.38333333333,13360.370128451172,609,0.8529411764705882,0,0,0,0,47521.5,35368.5
2014-03-03,29661,11,65,8.09,,65.0,1,0,3,1,62,0,0,0,0,0,0,109.0,58.0,419.0,81.57142857142857,29.80412243776957,139.6,0,3,10,62,2014,0.0,1.0,1.0,6.123233995736766e-17,0.8758917051442429,0.48250774176121847,33756.0,42069.0,40853.0,27414.0,61519.0,35363.0,51458.0,33840.57142857143,5991.748683457328,32216.071428571428,5019.0527219061005,35500.6,11653.667922219758,40898.13333333333,13300.460414442785,610,0.8543417366946778,0,0,0,0,44466.5,27761.5
2014-03-04,30804,12,63,7.21,,63.0,2,0,3,1,63,0,0,0,0,0,0,65.0,63.0,64.0,82.57142857142857,28.987682113021048,136.43333333333334,1,4,10,63,2014,0.7818314824680298,0.6234898018587336,1.0,6.123233995736766e-17,0.8840675099433636,0.4673592171580022,29661.0,33756.0,42069.0,27637.0,32546.0,27745.0,51761.0,34293.0,5548.422298275286,32091.64285714286,5031.82113548949,35602.566666666666,11596.711943874001,40560.816666666666,13295.455348799538,611,0.8557422969187675,0,0,0,0,30091.5,30834.5
2014-03-05,32668,11,67,8.04,,67.0,3,0,3,1,64,0,0,0,0,0,0,63.0,66.0,82.0,82.57142857142857,28.987682113021048,135.53333333333333,2,5,10,64,2014,0.9749279121818236,-0.22252093395631434,1.0,6.123233995736766e-17,0.8919813464595485,0.45207220393230435,30804.0,29661.0,33756.0,35402.0,35221.0,28000.0,51724.0,33902.42857142857,5553.570348797787,31909.285714285714,4955.36744626176,35758.166666666664,11522.2639510413,40002.433333333334,12899.274970252922,612,0.8571428571428571,0,0,0,0,35311.5,34019.5
2014-03-06,40452,21,73,7.13,,73.0,4,0,3,1,65,0,0,0,0,0,0,67.0,60.0,66.0,82.71428571428571,28.894718581509117,135.33333333333334,3,6,10,65,2014,0.43388373911755823,-0.900968867902419,1.0,6.123233995736766e-17,0.8996308696522433,0.43665123195606403,32668.0,30804.0,29661.0,27506.0,25316.0,26481.0,62918.0,35751.857142857145,5213.647904892418,32990.42857142857,5056.3443577089065,36223.86666666667,11416.223159301995,39681.7,12637.903535511052,613,0.8585434173669467,0,0,0,0,26411.0,28122.0
2014-03-07,30147,18,86,13.4,,86.0,5,0,3,1,66,0,0,0,0,0,0,73.0,79.0,88.0,84.57142857142857,27.579322827417197,136.06666666666666,4,7,10,66,2014,-0.433883739117558,-0.9009688679024191,1.0,6.123233995736766e-17,0.9070138128026359,0.4211008707960896,40452.0,32668.0,30804.0,40853.0,33092.0,28546.0,47226.0,34222.42857142857,5035.067853138891,32780.07142857143,5112.739029044928,36277.23333333333,11382.78739477758,39363.9,12633.857272545558,614,0.8599439775910365,0,0,0,0,36972.5,38191.0
2014-03-08,43578,20,154,9.73,,154.0,6,1,3,1,67,0,0,0,0,0,0,86.0,136.0,159.0,85.57142857142857,27.470330315067123,136.96666666666667,5,8,10,67,2014,-0.9749279121818236,-0.2225209339563146,1.0,6.123233995736766e-17,0.9141279881853337,0.40542572835999735,30147.0,40452.0,32668.0,42069.0,31934.0,31681.0,46874.0,34438.0,5442.7962482531375,33611.78571428572,5857.383561054987,36673.8,11424.301830021961,39164.26666666667,12467.197606718728,615,0.8613445378151261,0,0,0,0,37001.5,57354.0
2014-03-09,32921,29,110,11.06,,110.0,7,1,3,1,68,0,0,0,0,0,0,154.0,109.0,107.0,88.14285714285714,33.21861210941903,139.96666666666667,6,9,10,68,2014,-0.7818314824680299,0.6234898018587334,1.0,6.123233995736766e-17,0.9209712877166346,0.38963044953078796,43578.0,30147.0,40452.0,33756.0,28618.0,30934.0,74794.0,34318.71428571428,5469.319693047785,33919.142857142855,5685.561874096033,36740.03333333333,11395.601230853885,38909.0,12435.040824423786,616,0.8627450980392157,0,0,0,0,31187.0,50090.5
2014-03-10,42364,14,70,8.35,,70.0,1,0,3,1,69,0,0,0,0,0,0,110.0,65.0,58.0,88.28571428571429,33.32523711200385,140.2,0,10,11,69,2014,0.0,1.0,1.0,6.123233995736766e-17,0.9275416835791966,0.37371971479046906,32921.0,43578.0,30147.0,29661.0,27414.0,38859.0,75218.0,36133.42857142857,5765.714059771461,34987.0,5773.062405557405,36856.86666666667,11435.971040396025,38717.8,12288.97289056682,617,0.8641456582633054,0,0,0,0,28537.5,45590.0
2014-03-11,32625,12,62,7.02,,62.0,2,0,3,1,70,0,0,0,0,0,0,70.0,63.0,63.0,89.0,32.79227551319341,136.13333333333333,1,11,11,70,2014,0.7818314824680298,0.6234898018587336,1.0,6.123233995736766e-17,0.9338372288229252,0.35769823883312546,42364.0,32921.0,43578.0,30804.0,27637.0,42119.0,67678.0,36393.57142857143,5521.070151614298,35343.28571428572,5428.178862034718,36540.4,11416.678194943193,38340.833333333336,12119.200463316793,618,0.865546218487395,0,0,0,0,29220.5,31675.0
2014-03-12,32704,14,70,7.44,,70.0,3,0,3,1,71,0,0,0,0,0,0,62.0,67.0,66.0,88.85714285714286,32.926324683187886,133.66666666666666,2,12,11,71,2014,0.9749279121818236,-0.22252093395631434,1.0,6.123233995736766e-17,0.9398560579418954,0.3415707691678556,32625.0,42364.0,32921.0,32668.0,35402.0,28109.0,54757.0,36398.71428571428,5517.036695977345,35150.57142857143,5473.636629887182,36693.566666666666,11330.157115151485,37926.566666666666,11873.433300920755,619,0.8669467787114846,0,0,0,0,34035.0,33944.5
2014-03-13,31822,18,75,10.98,,75.0,4,0,3,1,72,0,0,0,0,0,0,70.0,73.0,60.0,89.28571428571429,32.612442848877166,133.7,3,13,11,72,2014,0.43388373911755823,-0.900968867902419,1.0,6.123233995736766e-17,0.9455963874271426,0.3253420847119801,32704.0,32625.0,42364.0,40452.0,27506.0,34032.0,57463.0,35165.857142857145,5423.771671342338,35458.857142857145,5120.084342110827,36619.9,11355.215676446463,37589.45,11752.19448302957,620,0.8683473389355743,0,0,0,0,33979.0,32884.0
2014-03-14,41783,18,126,8.81,,126.0,5,0,3,1,73,0,0,0,0,0,0,75.0,86.0,79.0,89.57142857142857,32.454363563095264,133.23333333333332,4,14,11,73,2014,-0.433883739117558,-0.9009688679024191,1.0,6.123233995736766e-17,0.9510565162951535,0.30901699437494745,31822.0,32704.0,32625.0,30147.0,40853.0,32637.0,62036.0,36828.142857142855,5412.3176005776495,35525.28571428572,5200.847969744395,36924.76666666667,11367.364913716992,37513.61666666667,11709.420796646576,621,0.8697478991596639,0,0,0,0,35500.0,31619.5
2014-03-15,42210,22,187,11.28,,187.0,6,1,3,1,74,0,0,0,0,0,0,126.0,154.0,136.0,95.28571428571428,35.131724911224474,134.3,5,15,11,74,2014,-0.9749279121818236,-0.2225209339563146,1.0,6.123233995736766e-17,0.9562348265919056,0.29260033563334836,41783.0,31822.0,32704.0,43578.0,42069.0,28738.0,55702.0,36632.71428571428,5146.1240985905115,35535.357142857145,5214.612923272372,37373.833333333336,11298.692759550006,37390.46666666667,11618.666424054349,622,0.8711484593837535,0,0,0,0,42823.5,37756.0
2014-03-16,43200,18,139,9.46,,139.0,7,1,3,1,75,0,0,0,0,0,0,187.0,110.0,109.0,100.0,45.118362854457885,136.36666666666667,6,16,11,75,2014,-0.7818314824680299,0.6234898018587334,1.0,6.123233995736766e-17,0.9611297838723007,0.27609697309746883,42210.0,41783.0,31822.0,32921.0,33756.0,35529.0,72162.0,38101.142857142855,5372.057347316406,36209.92857142857,5565.749855683677,37629.53333333333,11342.219902930465,37481.95,11642.817632394142,623,0.8725490196078431,0,0,0,0,33338.5,30769.5
2014-03-17,38388,12,83,7.89,,83.0,1,0,3,1,76,0,0,0,0,0,0,139.0,70.0,65.0,104.14285714285714,47.46025906456951,135.46666666666667,0,17,12,76,2014,0.0,1.0,1.0,6.123233995736766e-17,0.9657399376548549,0.2595117970697999,43200.0,42210.0,41783.0,42364.0,29661.0,72639.0,68069.0,37533.142857142855,5046.549462374207,36833.28571428572,5255.941113540943,36487.833333333336,9222.425378814994,37318.5,11558.403997356349,624,0.8739495798319328,0,0,0,0,36012.5,34889.0
2014-03-18,32568,12,72,10.52,,72.0,2,0,3,1,77,0,0,0,0,0,0,83.0,62.0,63.0,106.0,46.137475729243455,117.66666666666669,1,18,12,77,2014,0.7818314824680298,0.6234898018587336,1.0,6.123233995736766e-17,0.9700639218515071,0.2428497220959356,38388.0,43200.0,42210.0,32625.0,30804.0,66425.0,59324.0,37525.0,5055.82637491956,36959.28571428572,5119.660692311029,35359.26666666667,7304.844943636322,36961.9,11364.582390263457,625,0.8753501400560224,0,0,0,0,31714.5,30131.0
2014-03-19,35232,16,91,7.05,,91.0,3,0,3,1,78,0,0,0,0,0,0,72.0,70.0,67.0,107.42857142857144,44.6798132749632,101.93333333333334,2,19,12,78,2014,0.9749279121818236,-0.22252093395631434,1.0,6.123233995736766e-17,0.9741004551724205,0.22611568550828828,32568.0,38388.0,43200.0,32704.0,32668.0,61519.0,61777.0,37886.142857142855,4734.11591283837,37142.42857142857,4998.775522592888,34483.03333333333,5382.324305528159,36193.03333333333,9756.394646965968,626,0.876750700280112,0,0,0,0,32686.0,34053.0
2014-03-20,32948,18,85,9.56,,85.0,4,0,3,1,79,0,0,0,0,0,0,91.0,75.0,73.0,110.42857142857144,42.39440663914969,91.0,3,20,12,79,2014,0.43388373911755823,-0.900968867902419,1.0,6.123233995736766e-17,0.9778483415056568,0.20931464596304847,35232.0,32568.0,38388.0,31822.0,40452.0,32546.0,63108.0,38047.0,4507.4276108070435,36606.42857142857,5018.87714555724,34496.433333333334,5377.834057552245,35690.73333333333,9102.250812842316,627,0.8781512605042017,0,0,0,0,36137.0,29664.0
2014-03-21,30500,22,117,8.78,,117.0,5,0,3,1,80,0,0,0,0,0,0,85.0,126.0,86.0,111.85714285714286,41.15186739962182,91.7,4,21,12,80,2014,-0.433883739117558,-0.9009688679024191,1.0,6.123233995736766e-17,0.9813064702716093,0.19245158197082998,32948.0,35232.0,32568.0,41783.0,30147.0,35221.0,61319.0,36435.142857142855,4944.935976281445,36631.642857142855,4984.699768864046,34339.066666666666,5424.768960173184,35305.46666666667,8815.365942136887,628,0.8795518207282913,0,0,0,0,35965.0,41318.0
2014-03-22,43841,26,183,9.24,,183.0,6,1,3,1,81,0,0,0,0,0,0,117.0,187.0,154.0,110.57142857142856,40.77522590518553,92.86666666666666,5,22,12,81,2014,-0.9749279121818236,-0.2225209339563146,1.0,6.123233995736766e-17,0.9844738167520922,0.1755314904214282,30500.0,32948.0,35232.0,42210.0,43578.0,25316.0,70011.0,36668.142857142855,5288.8573570153985,36650.42857142857,5013.3055687114975,34956.566666666666,5416.600433299218,35457.333333333336,8883.491765899482,629,0.8809523809523809,0,0,0,0,42894.0,42139.5
2014-03-23,30775,21,133,10.85,,133.0,7,1,3,1,82,0,0,0,0,0,0,183.0,139.0,110.0,110.0,39.53479480153989,96.76666666666668,6,23,12,82,2014,-0.7818314824680299,0.6234898018587334,1.0,6.123233995736766e-17,0.9873494423939864,0.15855938510313475,43841.0,30500.0,32948.0,43200.0,32921.0,33092.0,77313.0,34893.142857142855,4793.079609484446,36497.142857142855,5166.572273272099,34879.333333333336,5460.444558971682,35399.05,8902.850947727882,630,0.8823529411764706,0,0,0,0,38060.5,38478.0
2014-03-24,35433,11,74,8.41,,74.0,1,0,3,1,83,0,0,0,0,0,0,133.0,83.0,70.0,109.14285714285714,38.8605565727348,98.26666666666668,0,24,13,83,2014,0.0,1.0,1.0,6.123233995736766e-17,0.989932495087353,0.141540295217043,30775.0,43841.0,30500.0,38388.0,42364.0,31934.0,52505.0,34471.0,4558.356063319137,36002.07142857143,4885.584327925741,34995.96666666667,5432.661908552564,35460.4,8889.966630125637,631,0.8837535014005602,0,0,0,0,40376.0,34024.5
2014-03-25,33959,13,90,11.4,,90.0,2,0,3,1,84,0,0,0,0,0,0,74.0,72.0,62.0,107.85714285714286,40.0017856744261,95.43333333333334,1,25,13,84,2014,0.7818314824680298,0.6234898018587336,1.0,6.123233995736766e-17,0.9922222094179323,0.12447926388678915,35433.0,30775.0,43841.0,32568.0,32625.0,28618.0,62659.0,34669.71428571428,4491.398880611729,36097.357142857145,4827.314615922376,35174.0,5302.395723990003,35426.25,8891.762763262255,632,0.8851540616246498,0,0,0,0,32596.5,31686.0
2014-03-26,30864,15,92,8.87,,92.0,3,0,3,1,85,0,0,0,0,0,0,90.0,91.0,70.0,110.42857142857144,37.83233688639363,94.86666666666666,2,26,13,85,2014,0.9749279121818236,-0.22252093395631434,1.0,6.123233995736766e-17,0.994217906893952,0.10738134666416309,33959.0,35433.0,30775.0,35232.0,32704.0,27414.0,44887.0,34045.71428571428,4698.89432789887,35965.92857142857,4950.290503740912,35289.0,5163.894420512613,35195.86666666667,8826.588590809819,633,0.8865546218487395,0,0,0,0,33968.0,33950.0
2014-03-27,27058,26,105,10.32,,105.0,4,0,3,1,86,0,0,0,0,0,0,92.0,85.0,75.0,110.57142857142856,37.74854144138879,96.0,3,27,13,86,2014,0.43388373911755823,-0.900968867902419,1.0,6.123233995736766e-17,0.995918996147179,0.09025161003104117,30864.0,33959.0,35433.0,32948.0,31822.0,27637.0,55907.0,33204.28571428572,5402.8512137660555,35625.642857142855,5400.340553465626,35269.7,5194.471345773635,35057.933333333334,8888.838516081467,634,0.8879551820728291,0,0,0,0,32385.0,36700.0
2014-03-28,48764,27,134,14.18,,134.0,5,0,3,1,87,0,0,0,0,0,0,105.0,117.0,126.0,113.42857142857144,36.216281526668574,97.4,4,28,13,87,2014,-0.433883739117558,-0.9009688679024191,1.0,6.123233995736766e-17,0.9973249731081555,0.07309512989807777,27058.0,30864.0,33959.0,30500.0,41783.0,35402.0,60303.0,35813.42857142857,7770.488720304507,36124.28571428572,6265.596974794051,35715.1,5749.424674965139,35319.316666666666,9058.682774547777,635,0.8893557422969187,0,0,0,0,36141.5,30323.5
2014-03-29,46627,23,192,12.52,,192.0,6,1,3,1,88,0,0,0,0,0,0,134.0,183.0,187.0,115.85714285714286,37.05594226494216,99.66666666666669,5,29,13,88,2014,-0.9749279121818236,-0.2225209339563146,1.0,6.123233995736766e-17,0.9984354211555643,0.055916990100603484,48764.0,27058.0,30864.0,43841.0,42210.0,27506.0,64454.0,36211.42857142857,8303.268088673258,36439.78571428572,6692.290032091058,36352.46666666667,5866.661476355669,35554.46666666667,9167.206549114397,636,0.8907563025210085,0,0,0,0,43025.5,43709.5
2014-03-30,37544,17,134,14.71,,134.0,7,1,3,1,89,0,0,0,0,0,0,192.0,133.0,139.0,117.14285714285714,39.82640904152328,104.06666666666666,6,30,13,89,2014,-0.7818314824680299,0.6234898018587334,1.0,6.123233995736766e-17,0.9992500112396835,0.03872228089217446,46627.0,48764.0,27058.0,30775.0,43200.0,40853.0,84927.0,37178.42857142857,7951.319950321446,36035.78571428572,6417.892443169081,36242.166666666664,5809.961001016104,35686.21666666667,9137.505957412723,637,0.8921568627450981,0,0,0,0,36987.5,31848.0
2014-03-31,36594,10,97,6.97,,97.0,1,0,3,1,90,0,0,0,0,0,0,134.0,74.0,83.0,117.28571428571428,39.89450373887736,105.9,0,31,14,90,2014,0.0,1.0,1.0,6.123233995736766e-17,0.9997685019798909,0.021516097436222254,37544.0,46627.0,48764.0,35433.0,38388.0,42069.0,44513.0,37344.28571428572,7920.894408972649,35907.642857142855,6385.140605730146,36059.666666666664,5705.672829454583,35824.0,9086.8445027386,638,0.8935574229691877,0,0,0,0,36910.5,38898.5
2014-04-01,29111,11,76,11.94,,76.0,2,0,4,2,91,0,0,0,0,0,0,97.0,90.0,72.0,120.57142857142856,36.54156146479769,104.6,1,1,14,91,2014,0.7818314824680298,0.6234898018587336,0.8660254037844387,-0.4999999999999998,0.9999907397361901,0.004303538296244289,36594.0,37544.0,46627.0,33959.0,32568.0,33756.0,54638.0,36651.71428571428,8459.833109352336,35660.71428571428,6587.854645874002,35904.833333333336,5831.969733397026,35797.75,9104.197038514889,639,0.8949579831932774,0,0,0,0,33263.5,33292.0
2014-04-02,31723,13,89,8.25,,89.0,3,0,4,2,92,0,0,0,0,0,0,76.0,92.0,91.0,118.57142857142856,38.80660228559378,103.5,2,2,14,92,2014,0.9749279121818236,-0.22252093395631434,0.8660254037844387,-0.4999999999999998,0.9999166586547379,-0.01291029607500882,29111.0,36594.0,37544.0,30864.0,35232.0,29661.0,60785.0,36774.42857142857,8367.61449193933,35410.07142857143,6671.639557044406,35973.566666666666,5767.641020700992,35737.083333333336,9119.25841894962,640,0.896358543417367,0,0,0,0,33048.0,31784.0
2014-04-03,35000,16,84,11.4,,84.0,4,0,4,2,93,0,0,0,0,0,0,89.0,105.0,85.0,118.14285714285714,39.163880346684174,104.3,3,3,14,93,2014,0.43388373911755823,-0.900968867902419,0.8660254037844387,-0.4999999999999998,0.9995462806873573,-0.030120304846908114,31723.0,29111.0,36594.0,27058.0,32948.0,30804.0,61005.0,37909.0,7301.035086433457,35556.642857142855,6635.833175989225,36113.433333333334,5688.286019551457,35858.0,9059.393680838048,641,0.8977591036414566,0,0,0,0,30003.0,29440.0
2014-04-04,38267,19,107,11.21,,107.0,5,0,4,2,94,0,0,0,0,0,0,84.0,134.0,117.0,115.14285714285714,41.09512773808341,105.0,4,4,14,94,2014,-0.433883739117558,-0.9009688679024191,0.8660254037844387,-0.4999999999999998,0.9988797155850336,-0.04732138832243185,35000.0,31723.0,29111.0,48764.0,30500.0,32668.0,60064.0,36409.42857142857,5573.550898578603,36111.42857142857,6503.922150568705,36300.066666666666,5663.139180234526,36029.11666666667,9005.255038486897,642,0.8991596638655462,0,0,0,0,39632.0,45273.5
2014-04-05,39104,20,182,11.06,,182.0,6,1,4,2,95,0,0,0,0,0,0,107.0,192.0,183.0,111.28571428571428,40.289429075601966,106.33333333333331,5,5,14,95,2014,-0.9749279121818236,-0.2225209339563146,0.8660254037844387,-0.4999999999999998,0.9979171608653922,-0.06450844944931623,38267.0,35000.0,31723.0,46627.0,43841.0,40452.0,76913.0,35334.71428571428,3677.9453373806955,35773.07142857143,6186.333914540714,36255.13333333333,5634.334821268225,36239.5,8925.50638263411,643,0.9005602240896359,0,0,0,0,45234.0,44418.5
2014-04-06,32669,19,146,9.36,,146.0,7,1,4,2,96,0,0,0,0,0,0,182.0,134.0,133.0,109.85714285714286,36.99292081569196,109.96666666666668,6,6,14,96,2014,-0.7818314824680299,0.6234898018587334,0.8660254037844387,-0.4999999999999998,0.9966589017541702,-0.08167639533042241,39104.0,38267.0,35000.0,37544.0,30775.0,30147.0,80747.0,34638.28571428572,3651.339741075905,35908.357142857145,6088.562829122707,36339.2,5558.358666194879,36308.21666666667,8881.031391644783,644,0.9019607843137255,0,0,0,0,34159.5,40372.0
2014-04-07,31464,11,76,9.32,,76.0,1,0,4,2,97,0,0,0,0,0,0,146.0,97.0,74.0,111.57142857142856,38.5437290310488,111.96666666666668,0,7,15,97,2014,0.0,1.0,0.8660254037844387,-0.4999999999999998,0.9951053111006976,-0.09882013873287143,32669.0,39104.0,38267.0,36594.0,35433.0,43578.0,57345.0,33905.42857142857,3707.771246860548,35624.857142857145,6203.714146282856,35935.4,5453.37888677774,36304.6,8882.991663180663,645,0.9033613445378151,0,0,0,0,36013.5,37491.0
2014-04-08,35668,10,83,8.89,,83.0,2,0,4,2,98,0,0,0,0,0,0,76.0,76.0,90.0,108.57142857142856,40.62781125803987,109.36666666666666,1,8,15,98,2014,0.7818314824680298,0.6234898018587336,0.8660254037844387,-0.4999999999999998,0.9932568492674143,-0.11593459959550041,31464.0,32669.0,39104.0,29111.0,33959.0,32921.0,48803.0,34842.142857142855,3067.666943491238,35746.92857142857,6185.199834645954,36026.96666666667,5424.002399826901,36383.5,8855.462084432134,646,0.9047619047619048,0,0,0,0,31535.0,30839.5
2014-04-09,44241,12,83,9.74,,83.0,3,0,4,2,99,0,0,0,0,0,0,83.0,89.0,92.0,109.57142857142856,39.76957439574772,108.46666666666668,2,9,15,99,2014,0.9749279121818236,-0.22252093395631434,0.8660254037844387,-0.4999999999999998,0.9911140639934547,-0.1330147065341959,35668.0,31464.0,32669.0,31723.0,30864.0,42364.0,56522.0,36630.42857142857,4333.7279124382485,36702.42857142857,6402.292831049242,36089.53333333333,5509.769296961697,36473.2,8908.064100977283,647,0.9061624649859944,0,0,0,0,31293.5,33477.5
2014-04-10,31363,16,85,10.63,,85.0,4,0,4,2,100,0,0,0,0,0,0,83.0,84.0,105.0,108.71428571428572,40.34730179212268,108.9,3,10,15,100,2014,0.43388373911755823,-0.900968867902419,0.8660254037844387,-0.4999999999999998,0.9886775902323405,-0.1500553983446526,44241.0,35668.0,31464.0,35000.0,27058.0,32625.0,47574.0,36110.857142857145,4758.939147491011,37009.92857142857,5993.793603698357,36047.46666666667,5541.857062911473,36293.933333333334,8900.746159669514,648,0.907563025210084,0,0,0,0,31029.0,33974.0
2014-04-11,37368,27,124,7.6,,124.0,5,0,4,2,101,0,0,0,0,0,0,85.0,107.0,134.0,108.85714285714286,40.24685731593695,109.66666666666669,4,11,15,101,2014,-0.433883739117558,-0.9009688679024191,0.8660254037844387,-0.4999999999999998,0.9859481499638304,-0.16705162550211924,31363.0,44241.0,35668.0,38267.0,48764.0,32704.0,59646.0,35982.42857142857,4702.853915696254,36195.92857142857,4959.264670435276,36202.933333333334,5510.1572474793065,36448.25,8836.466543270593,649,0.9089635854341737,0,0,0,0,43515.5,34383.5
2014-04-12,35179,17,192,7.48,,192.0,6,1,4,2,102,0,0,0,0,0,0,124.0,182.0,192.0,111.28571428571428,40.627225213781145,111.46666666666668,5,12,15,102,2014,-0.9749279121818236,-0.2225209339563146,0.8660254037844387,-0.4999999999999998,0.9829265519799822,-0.18399835165768005,37368.0,31363.0,44241.0,39104.0,46627.0,31822.0,63640.0,35421.71428571428,4498.175471391383,35378.21428571428,3947.654399544181,36314.833333333336,5451.900548611352,36467.36666666667,8832.3904301574,650,0.9103641456582633,0,0,0,0,42865.5,41472.5
2014-04-13,40109,15,137,9.81,,137.0,7,1,4,2,103,0,0,0,0,0,0,192.0,146.0,134.0,112.71428571428572,43.59554367789551,115.36666666666666,6,13,15,103,2014,-0.7818314824680299,0.6234898018587334,0.8660254037844387,-0.4999999999999998,0.9796136916454901,-0.20089055513063506,35179.0,37368.0,31363.0,32669.0,37544.0,41783.0,54429.0,36484.57142857143,4616.763832568547,35561.42857142857,4112.003436736778,36259.03333333333,5402.345636680019,36591.9,8830.144242636372,651,0.9117647058823529,0,0,0,0,35106.5,31722.0
2014-04-14,35733,12,90,6.83,,90.0,1,0,4,2,104,0,0,0,0,0,0,137.0,76.0,97.0,111.42857142857144,42.57094918234242,115.73333333333332,0,14,16,104,2014,0.0,1.0,0.8660254037844387,-0.4999999999999998,0.9760105506323683,-0.21772323039653177,40109.0,35179.0,37368.0,31464.0,36594.0,42210.0,61693.0,37094.42857142857,4095.5726444189863,35499.92857142857,4101.798113478412,36043.13333333333,5284.457155648033,36708.48333333333,8770.6693954217,652,0.9131652661064426,0,0,0,0,34029.0,33448.5
2014-04-15,36752,12,108,7.39,,108.0,2,0,4,2,105,0,0,0,0,0,0,90.0,83.0,76.0,113.42857142857144,40.926182095966986,112.5,1,15,16,105,2014,0.7818314824680298,0.6234898018587336,0.8660254037844387,-0.4999999999999998,0.9721181966290613,-0.23449138957040985,35733.0,40109.0,35179.0,35668.0,29111.0,43200.0,45471.0,37249.28571428572,4052.920457903672,36045.71428571428,3672.147211490307,35828.2,5111.633104311969,36728.86666666667,8769.30281608678,653,0.9145658263305322,0,0,0,0,32389.5,34813.5
2014-04-16,30683,15,101,9.56,,101.0,3,0,4,2,106,0,0,0,0,0,0,108.0,83.0,89.0,117.0,38.867295592394086,111.46666666666668,2,16,16,106,2014,0.9749279121818236,-0.22252093395631434,0.8660254037844387,-0.4999999999999998,0.9679377830240642,-0.25119006388481935,36752.0,35733.0,40109.0,44241.0,31723.0,38388.0,45733.0,35312.42857142857,3329.8927839165463,35971.42857142857,3775.388267639165,35571.36666666667,5171.795536156719,36029.6,7427.406916165739,654,0.9159663865546218,0,0,0,0,37982.0,37552.5
2014-04-17,41618,15,123,7.69,,123.0,4,0,4,2,107,0,0,0,0,0,0,101.0,85.0,84.0,119.57142857142856,36.78250101545915,112.06666666666666,3,17,16,107,2014,0.43388373911755823,-0.900968867902419,0.8660254037844387,-0.4999999999999998,0.9634705485641488,-0.2678143051621742,30683.0,36752.0,35733.0,31363.0,35000.0,32568.0,65114.0,36777.42857142857,3551.2388851000146,36444.142857142855,4048.816614520957,35873.03333333333,5253.859280916528,35616.15,6313.705103159523,655,0.9173669467787114,0,0,0,0,33181.5,29210.5
2014-04-18,58069,25,187,13.55,,187.0,5,0,4,2,108,0,0,0,0,0,0,123.0,124.0,107.0,125.0,33.48631561299645,113.76666666666668,4,18,16,108,2014,-0.433883739117558,-0.9009688679024191,0.8660254037844387,-0.4999999999999998,0.9587178169872964,-0.2843591872810034,41618.0,30683.0,36752.0,37368.0,38267.0,35232.0,40984.0,39734.71428571428,8826.392745893489,37858.57142857143,7067.863519145933,36634.26666666667,6631.569767528957,35558.65,6085.386657701414,656,0.9187675070028011,0,0,0,0,37817.5,43066.0
2014-04-19,47013,26,221,16.41,,221.0,6,1,4,2,109,0,0,0,0,0,0,187.0,192.0,182.0,134.0,40.83299319586082,116.96666666666668,5,19,16,109,2014,-0.9749279121818236,-0.2225209339563146,0.8660254037844387,-0.4999999999999998,0.9536809966304457,-0.30081980763566735,58069.0,41618.0,30683.0,35179.0,39104.0,32948.0,48461.0,41425.28571428572,8940.953914698448,38423.5,7479.178695654876,37103.1,6855.375974246117,35799.76666666667,6248.419128519732,657,0.9201680672268907,0,0,0,0,37141.5,40903.0
2014-04-20,30812,7,0,0.0,,0.0,7,1,4,2,110,0,0,0,0,0,0,221.0,137.0,146.0,138.14285714285714,48.45763982224829,121.5,6,20,16,110,2014,-0.7818314824680299,0.6234898018587334,0.8660254037844387,-0.4999999999999998,0.9483615800121715,-0.3171912885891061,47013.0,58069.0,41618.0,40109.0,32669.0,30500.0,53272.0,40097.142857142855,9816.69855278188,38290.857142857145,7604.501833247686,37113.5,6845.242439221505,35726.28333333333,6281.18067842132,658,0.9215686274509803,0,0,0,0,36389.0,38826.5
2014-04-21,41069,9,95,16.04,,95.0,1,0,4,2,111,0,0,0,0,0,0,0.0,90.0,76.0,118.57142857142856,71.28547571293132,117.6,0,21,17,111,2014,0.0,1.0,0.8660254037844387,-0.4999999999999998,0.9427611433904207,-0.3334687789181868,30812.0,47013.0,58069.0,35733.0,31464.0,43841.0,62082.0,40859.42857142857,9626.669809391362,38976.92857142857,7370.900210800702,37021.1,6769.5911573688145,35988.833333333336,6166.854106023046,659,0.9229691876750701,0,0,0,0,33598.5,36163.5
2014-04-22,32370,10,95,8.31,,95.0,2,0,4,2,112,0,0,0,0,0,0,95.0,108.0,83.0,119.28571428571428,70.97585102393138,114.66666666666669,1,22,17,112,2014,0.7818314824680298,0.6234898018587336,0.8660254037844387,-0.4999999999999998,0.9368813462954315,-0.3496474552512284,41069.0,30812.0,47013.0,36752.0,35668.0,30775.0,47642.0,40233.42857142857,10070.525687323727,38741.357142857145,7535.647546134294,37074.26666666667,6724.960540498316,35976.8,6173.303524046226,660,0.9243697478991597,0,0,0,0,36210.0,32931.5
2014-04-23,33575,15,89,8.88,,89.0,3,0,4,2,113,0,0,0,0,0,0,95.0,101.0,83.0,117.42857142857144,71.48859382879844,113.4,2,23,17,113,2014,0.9749279121818236,-0.22252093395631434,0.8660254037844387,-0.4999999999999998,0.9307239310379795,-0.36572252349726897,32370.0,41069.0,30812.0,30683.0,44241.0,35433.0,54165.0,40646.57142857143,9664.558118147312,37979.5,7475.791686915378,37012.333333333336,6749.10919451858,36004.15,6158.706717708461,661,0.9257703081232493,0,0,0,0,37462.0,31203.0
2014-04-24,30431,20,117,10.19,,117.0,4,0,4,2,114,0,0,0,0,0,0,89.0,123.0,85.0,115.71428571428572,72.08956069990046,113.9,3,24,17,114,2014,0.43388373911755823,-0.900968867902419,0.8660254037844387,-0.4999999999999998,0.9242907221930933,-0.3816892202666588,33575.0,32370.0,41069.0,41618.0,31363.0,33959.0,54728.0,39048.42857142857,10375.916856791346,37912.92857142857,7543.090230487365,36894.73333333333,6834.345272646246,36034.36666666667,6126.215471142981,662,0.927170868347339,0,0,0,0,36490.5,38309.0
2014-04-25,41945,22,127,7.14,,127.0,5,0,4,2,115,0,0,0,0,0,0,117.0,187.0,124.0,114.85714285714286,72.02413616612185,114.8,4,25,17,115,2014,-0.433883739117558,-0.9009688679024191,0.8660254037844387,-0.4999999999999998,0.9175836260593937,-0.39754281428255595,30431.0,33575.0,32370.0,58069.0,37368.0,30864.0,59609.0,36745.0,6524.638048709328,38239.857142857145,7616.48532771199,37264.1,6796.5064065649085,36276.55,6066.588328427414,663,0.9285714285714286,0,0,0,0,47718.5,48168.0
2014-04-26,44658,25,196,8.15,,196.0,6,1,4,2,116,0,0,0,0,0,0,127.0,221.0,192.0,106.28571428571428,65.26028472129605,115.96666666666668,5,26,17,116,2014,-0.9749279121818236,-0.2225209339563146,0.8660254037844387,-0.4999999999999998,0.9106046300942162,-0.4132786077829042,41945.0,30431.0,33575.0,47013.0,35179.0,27058.0,67198.0,36408.57142857143,5941.616863479141,38916.92857142857,7743.715987960638,37850.76666666667,6643.021818021371,36560.23333333333,6053.692595955731,664,0.9299719887955182,0,0,0,0,41096.0,43058.5
2014-04-27,41867,18,127,8.46,,127.0,7,1,4,2,117,0,0,0,0,0,0,196.0,0.0,137.0,102.71428571428572,58.24292313438567,119.0,6,27,17,117,2014,-0.7818314824680299,0.6234898018587334,0.8660254037844387,-0.4999999999999998,0.9033558023246845,-0.4288919379124835,44658.0,41945.0,30431.0,30812.0,40109.0,48764.0,60659.0,37987.857142857145,5669.078303350803,39042.5,7778.708205489731,37620.86666666667,6365.879616514064,36667.98333333333,6090.15336561143,665,0.9313725490196079,0,0,0,0,35460.5,31740.5
2014-04-28,33916,10,79,7.0,,79.0,1,0,4,2,118,0,0,0,0,0,0,127.0,95.0,90.0,120.85714285714286,36.717064930938186,118.76666666666668,0,28,18,118,2014,0.0,1.0,0.8660254037844387,-0.4999999999999998,0.895839290734909,-0.4443781781046132,41867.0,44658.0,41945.0,41069.0,35733.0,46627.0,58062.0,36966.0,5665.8027968975575,38912.71428571428,7852.977430724727,37197.166666666664,6165.639559539301,36774.816666666666,5981.971197397956,666,0.9327731092436975,0,0,0,0,38401.0,36266.5
2014-04-29,34440,9,61,8.23,,61.0,2,0,4,2,119,0,0,0,0,0,0,79.0,95.0,108.0,118.57142857142856,39.02075149992526,115.0,1,29,18,119,2014,0.7818314824680298,0.6234898018587336,0.8660254037844387,-0.4999999999999998,0.8880573226294932,-0.45973273945210397,33916.0,41867.0,44658.0,32370.0,36752.0,37544.0,59629.0,37261.71428571428,5435.274593317324,38747.57142857143,7925.882554248179,37093.7,6185.630562732932,36667.933333333334,5965.137604410277,667,0.9341736694677871,0,0,0,0,34561.0,34019.0
2014-04-30,34789,11,83,6.92,,83.0,3,0,4,2,120,0,0,0,0,0,0,61.0,89.0,101.0,113.71428571428572,44.214304946528685,112.56666666666666,2,30,18,120,2014,0.9749279121818236,-0.22252093395631434,0.8660254037844387,-0.4999999999999998,0.8800122039735357,-0.47495107206704995,34440.0,33916.0,41867.0,33575.0,30683.0,36594.0,58775.0,37435.142857142855,5316.094601257838,39040.857142857145,7676.556367951003,37033.53333333333,6199.421773555321,36546.6,5927.334974934883,668,0.9355742296918768,0,0,0,0,32129.0,38908.0
2014-05-01,35608,15,83,8.77,,83.0,4,0,5,2,121,0,0,0,0,0,0,83.0,117.0,123.0,112.85714285714286,44.82718138000715,112.1,3,1,18,121,2014,0.43388373911755823,-0.900968867902419,0.49999999999999994,-0.8660254037844387,0.8717063187093218,-0.4900286664290592,34789.0,34440.0,33916.0,30431.0,41618.0,29111.0,59088.0,38174.71428571428,4472.449802747292,38611.57142857143,7689.386118483076,37250.1,6024.120072244799,36577.46666666667,5917.370366110193,669,0.9369747899159664,0,0,0,0,36024.5,30897.0
2014-05-02,37658,15,116,8.36,,116.0,5,0,5,2,122,0,0,0,0,0,0,83.0,127.0,187.0,108.0,46.1266372789794,112.33333333333331,4,2,18,122,2014,-0.433883739117558,-0.9009688679024191,0.49999999999999994,-0.8660254037844387,0.8631421280499114,-0.5049610547215204,35608.0,34789.0,34440.0,41945.0,58069.0,31723.0,55019.0,37562.28571428572,4152.174157967627,37153.642857142855,5271.15924495868,37447.933333333334,5933.115899024689,36710.75,5848.605838871015,670,0.938375350140056,0,0,0,0,50007.0,39656.5
2014-05-03,32217,18,169,8.81,,169.0,6,1,5,2,123,0,0,0,0,0,0,116.0,196.0,221.0,106.42857142857144,45.55530390948543,113.23333333333332,5,3,18,123,2014,-0.9749279121818236,-0.2225209339563146,0.49999999999999994,-0.8660254037844387,0.854322169749827,-0.5197438121555155,37658.0,35608.0,34789.0,44658.0,47013.0,35000.0,70042.0,35785.0,3150.529267704918,36096.78571428572,4580.3326916210935,37355.166666666664,5994.152841028024,36734.3,5827.224304496679,671,0.9397759103641457,0,0,0,0,45835.5,39918.5
2014-05-04,31154,13,121,10.64,,121.0,7,1,5,2,124,0,0,0,0,0,0,169.0,127.0,0.0,102.57142857142856,37.05786980231832,116.06666666666666,6,4,18,124,2014,-0.7818314824680299,0.6234898018587334,0.49999999999999994,-0.8660254037844387,0.8452490573530633,-0.5343725582809786,32217.0,37658.0,35608.0,41867.0,30812.0,38267.0,75799.0,34254.57142857143,2145.3423858161395,36121.21428571428,4550.795656189637,37118.066666666666,6096.643270506414,36709.066666666666,5848.370469457637,672,0.9411764705882353,0,0,0,0,36339.5,40988.0
2014-05-05,31095,12,66,9.22,,66.0,1,0,5,2,125,0,0,0,0,0,0,121.0,79.0,95.0,101.71428571428572,36.46328877887032,116.53333333333332,0,5,19,125,2014,0.0,1.0,0.49999999999999994,-0.8660254037844387,0.8359254794186372,-0.548842958284719,31154.0,32217.0,37658.0,33916.0,41069.0,39104.0,56464.0,33851.57142857143,2461.2450004782563,35408.78571428572,4497.034222318307,36851.1,6181.446044134551,36553.11666666667,5871.580161790286,673,0.9425770308123249,0,0,0,0,37492.5,34824.5
2014-05-06,35453,11,63,10.61,,63.0,2,0,5,2,126,0,0,0,0,0,0,66.0,61.0,95.0,99.85714285714286,38.106992234270045,112.66666666666669,1,6,19,126,2014,0.7818314824680298,0.6234898018587336,0.49999999999999994,-0.8660254037844387,0.8263541987239096,-0.5631507242749186,31095.0,31154.0,32217.0,34440.0,32370.0,32669.0,53667.0,33996.28571428572,2530.4179967138875,35629.0,4411.453048599607,36943.9,6137.236120318879,36641.55,5813.127255529902,674,0.9439775910364145,0,0,0,0,33405.0,35596.0
2014-05-07,28961,11,68,10.06,,68.0,3,0,5,2,127,0,0,0,0,0,0,63.0,83.0,89.0,100.14285714285714,37.77313230074234,109.9,2,7,19,127,2014,0.9749279121818236,-0.22252093395631434,0.49999999999999994,-0.8660254037844387,0.8165380514459161,-0.5772916165517272,35453.0,31095.0,31154.0,34789.0,33575.0,31464.0,46729.0,33163.71428571428,3116.931488621466,35299.42857142857,4737.043864207643,36860.46666666667,6230.605504051866,36397.933333333334,5823.782371803212,675,0.9453781512605042,0,0,0,0,34182.0,32736.0
2014-05-08,36191,20,85,6.96,,85.0,4,0,5,2,128,0,0,0,0,0,0,68.0,83.0,117.0,98.0,39.3022476032418,109.63333333333334,3,8,19,128,2014,0.43388373911755823,-0.900968867902419,0.49999999999999994,-0.8660254037844387,0.8064799463209448,-0.5912614448635781,28961.0,35453.0,31095.0,35608.0,30431.0,35668.0,55048.0,33247.0,3199.8161926374464,35710.857142857145,4527.16649125689,36877.9,6227.884997442895,36452.433333333334,5805.966490928695,676,0.9467787114845938,0,0,0,0,33019.5,38613.0
2014-05-09,39915,21,113,13.77,,113.0,5,0,5,2,129,0,0,0,0,0,0,85.0,116.0,127.0,98.28571428571428,39.18211448145639,109.7,4,9,19,129,2014,-0.433883739117558,-0.9009688679024191,0.49999999999999994,-0.8660254037844387,0.7961828637826158,-0.6050560696488488,36191.0,28961.0,35453.0,37658.0,41945.0,44241.0,55154.0,33569.42857142857,3779.5617848783054,35565.857142857145,4340.808181701701,36733.7,6100.296545363532,36411.61666666667,5772.213326019318,677,0.9481792717086834,0,0,0,0,39801.5,47863.5
2014-05-10,33740,21,173,12.91,,173.0,6,1,5,2,130,0,0,0,0,0,0,113.0,169.0,196.0,97.85714285714286,38.97190685364758,110.7,5,10,19,130,2014,-0.9749279121818236,-0.2225209339563146,0.49999999999999994,-0.8660254037844387,0.7856498550787147,-0.6186714032625031,39915.0,36191.0,28961.0,32217.0,44658.0,31363.0,51498.0,33787.0,3732.2735251673207,34786.0,3476.3621126775843,36812.933333333334,6043.3046562134405,36430.2,5761.600977482766,678,0.9495798319327731,0,0,0,0,38437.5,39615.0
2014-05-11,36898,14,142,11.47,,142.0,7,1,5,2,131,0,0,0,0,0,0,173.0,121.0,127.0,98.42857142857144,40.19891019607672,113.63333333333334,6,11,19,131,2014,-0.7818314824680299,0.6234898018587334,0.49999999999999994,-0.8660254037844387,0.7748840413670407,-0.6321034111873487,33740.0,39915.0,36191.0,31154.0,41867.0,37368.0,69116.0,34607.57142857143,3688.076818484941,34431.07142857143,2904.407246933961,36797.26666666667,6042.425232061413,36500.1,5741.032525984184,679,0.9509803921568627,0,0,0,0,36510.5,30983.0
2014-05-12,31505,14,72,10.82,,72.0,1,0,5,2,132,0,0,0,0,0,0,142.0,66.0,79.0,101.42857142857144,42.85968246443553,114.23333333333332,0,12,20,132,2014,0.0,1.0,0.49999999999999994,-0.8660254037844387,0.7638886127905428,-0.6453481132295501,36898.0,33740.0,39915.0,31095.0,33916.0,35179.0,55799.0,34666.142857142855,3625.723855478913,34258.857142857145,3006.965576460844,36674.8,6113.172704115248,36494.816666666666,5745.554719399805,680,0.9523809523809523,0,0,0,0,32505.5,36082.0
2014-05-13,31564,10,75,8.16,,75.0,2,0,5,2,133,0,0,0,0,0,0,72.0,63.0,61.0,102.28571428571428,42.08607958978785,110.23333333333332,1,13,20,133,2014,0.7818314824680298,0.6234898018587336,0.49999999999999994,-0.8660254037844387,0.7526668275320085,-0.6584015846980488,31505.0,36898.0,33740.0,35453.0,34440.0,40109.0,55903.0,34110.57142857143,3779.7435917064417,34053.42857142857,3090.7128307554353,36389.96666666667,6146.622792840478,36324.5,5737.595532235344,681,0.9537815126050421,0,0,0,0,34946.5,33911.5
2014-05-14,35303,13,77,12.22,,77.0,3,0,5,2,134,0,0,0,0,0,0,75.0,68.0,83.0,104.0,40.43101120014845,108.16666666666669,2,14,20,134,2014,0.9749279121818236,-0.22252093395631434,0.49999999999999994,-0.8660254037844387,0.7412220108485958,-0.6712599575675313,31564.0,31505.0,36898.0,28961.0,34789.0,35733.0,56423.0,35016.57142857143,3024.2552172470632,34090.142857142855,3103.1506038747384,36375.63333333333,6148.708608363996,36209.38333333333,5686.572629826805,682,0.9551820728291317,0,0,0,0,31875.0,31268.0
2014-05-15,28183,21,100,10.1,,100.0,4,0,5,2,135,0,0,0,0,0,0,77.0,85.0,83.0,105.28571428571428,39.22037857081392,107.73333333333332,3,15,20,135,2014,0.43388373911755823,-0.900968867902419,0.49999999999999994,-0.8660254037844387,0.7295575540864875,-0.6839194216246106,35303.0,31564.0,31505.0,36191.0,35608.0,36752.0,60619.0,33872.57142857143,3895.167555537571,33559.78571428572,3439.997902024426,36090.0,6327.068030459578,35959.1,5704.12427569245,683,0.9565826330532213,0,0,0,0,35899.5,33311.0
2014-05-16,38993,17,117,10.44,,117.0,5,0,5,2,136,0,0,0,0,0,0,100.0,113.0,116.0,107.42857142857144,38.32691457647284,107.46666666666668,4,16,20,136,2014,-0.433883739117558,-0.9009688679024191,0.49999999999999994,-0.8660254037844387,0.717676913675962,-0.6963762255968722,28183.0,35303.0,31564.0,39915.0,37658.0,30683.0,68519.0,33740.857142857145,3665.6147019095397,33655.142857142855,3578.0717595489778,36367.0,6263.775979170724,35969.183333333334,5709.023314290185,684,0.957983193277311,0,0,0,0,38786.5,40930.0
2014-05-17,33476,20,166,10.28,,166.0,6,1,5,2,137,0,0,0,0,0,0,117.0,173.0,169.0,108.0,38.45343504378422,108.0,5,17,20,137,2014,-0.9749279121818236,-0.2225209339563146,0.49999999999999994,-0.8660254037844387,0.705583610107178,-0.7086266782644596,38993.0,28183.0,35303.0,33740.0,32217.0,41618.0,53621.0,33703.142857142855,3666.9828391820106,33745.07142857143,3554.8924567586146,36095.6,6204.522647452687,35984.316666666666,5701.052622079458,685,0.9593837535014006,0,0,0,0,32978.5,39199.0
2014-05-18,37105,16,131,9.71,,131.0,7,1,5,2,138,0,0,0,0,0,0,166.0,142.0,121.0,107.0,36.5239647354975,109.43333333333334,6,18,20,138,2014,-0.7818314824680299,0.6234898018587334,0.49999999999999994,-0.8660254037844387,0.6932812268869777,-0.7206671495538609,33476.0,38993.0,28183.0,36898.0,31154.0,58069.0,70866.0,33732.71428571428,3697.746553162722,34170.142857142855,3576.958890048555,35396.8,4623.500222065819,36015.53333333333,5701.991238472519,686,0.9607843137254902,0,0,0,0,34026.0,39382.5
2014-05-19,35208,9,87,9.95,,87.0,1,0,5,2,139,0,0,0,0,0,0,131.0,72.0,66.0,105.42857142857144,34.9707360653482,107.56666666666666,0,19,21,139,2014,0.0,1.0,0.49999999999999994,-0.8660254037844387,0.6807734094770161,-0.7324940716135789,37105.0,33476.0,38993.0,31505.0,31095.0,47013.0,57643.0,34261.71428571428,3589.2164286131992,34463.92857142857,3472.3363552131304,35003.3,4069.991740650067,36053.2,5688.833492175392,687,0.9621848739495799,0,0,0,0,31300.0,32710.5
2014-05-20,34508,11,86,7.62,,86.0,2,0,5,2,140,0,0,0,0,0,0,87.0,75.0,63.0,107.57142857142856,32.9841231648235,103.1,1,20,21,140,2014,0.7818314824680298,0.6234898018587336,0.49999999999999994,-0.8660254037844387,0.6680638642135335,-0.7441039398713607,35208.0,37105.0,33476.0,31564.0,35453.0,30812.0,45434.0,34682.28571428572,3387.223037350847,34396.42857142857,3460.796367095878,35126.5,3993.974468085448,36120.0,5645.8904238364075,688,0.9635854341736695,0,0,0,0,33508.5,33002.0
2014-05-21,34898,11,97,8.9,,97.0,3,0,5,2,141,0,0,0,0,0,0,86.0,77.0,68.0,109.14285714285714,31.397603790884904,105.96666666666668,2,21,21,141,2014,0.9749279121818236,-0.22252093395631434,0.49999999999999994,-0.8660254037844387,0.6551563572090853,-0.7554933140726803,34508.0,35208.0,37105.0,35303.0,28961.0,41069.0,45027.0,34624.42857142857,3378.300699914974,34820.5,3087.10005195294,34920.8,3833.0354442968032,35970.95,5555.933049300238,689,0.9649859943977591,0,0,0,0,32132.0,35046.0
2014-05-22,39580,15,99,8.94,,99.0,4,0,5,2,142,0,0,0,0,0,0,97.0,100.0,85.0,112.0,28.78657094317652,106.03333333333332,3,22,21,142,2014,0.43388373911755823,-0.900968867902419,0.49999999999999994,-0.8660254037844387,0.6420547132365637,-0.766658819300159,34898.0,34508.0,35208.0,28183.0,36191.0,32370.0,53738.0,36252.57142857143,2344.754276901165,35062.57142857143,3326.428177126492,35161.13333333333,3893.147921698352,36117.7,5532.6003672532115,690,0.9663865546218487,0,0,0,0,32187.0,31895.5
2014-05-23,34627,18,128,8.02,,128.0,5,0,5,2,143,0,1,0,0,0,1,99.0,117.0,113.0,111.85714285714286,28.8584393862418,106.16666666666669,4,23,21,143,2014,-0.433883739117558,-0.9009688679024191,0.49999999999999994,-0.8660254037844387,0.6287628145958344,-0.7775971469736269,39580.0,34898.0,34508.0,38993.0,39915.0,33575.0,70762.0,35628.857142857145,2057.3702007309507,34684.857142857145,3019.079377179883,35196.2,3883.0933758424567,36104.26666666667,5535.268872151307,691,0.9677871148459384,0,0,0,0,39454.0,38325.5
2014-05-24,65615,42,691,9.4,,691.0,6,1,5,2,144,0,1,0,0,1,1,128.0,166.0,173.0,113.42857142857144,29.47799825212441,107.46666666666668,5,24,21,144,2014,-0.9749279121818236,-0.2225209339563146,0.49999999999999994,-0.8660254037844387,0.6152845999633276,-0.7883050558305255,34627.0,39580.0,34898.0,33476.0,33740.0,30431.0,65019.0,40220.142857142855,11345.860264557135,36961.642857142855,8778.037984802548,36369.0,6691.751170219401,36631.86666666667,6711.099325104196,692,0.969187675070028,0,0,0,0,33608.0,32846.5
2014-05-25,80678,49,563,9.73,,563.0,7,1,5,2,145,0,1,0,0,1,1,691.0,131.0,142.0,188.42857142857144,222.35996128114496,126.6,6,25,21,145,2014,-0.7818314824680299,0.6234898018587334,0.49999999999999994,-0.8660254037844387,0.6016240632249226,-0.7987793728863649,65615.0,34627.0,39580.0,37105.0,36898.0,41945.0,129930.0,46444.857142857145,18833.8165934627,40088.78571428572,14612.720692173383,37660.1,10472.943805595813,37462.1,8755.365161343994,693,0.9705882352941176,0,0,0,0,37001.5,34129.5
2014-05-26,71236,45,530,11.83,,530.0,1,0,5,2,146,0,1,0,0,1,1,563.0,87.0,72.0,250.14285714285717,260.45116533394406,141.13333333333333,0,26,22,146,2014,0.0,1.0,0.49999999999999994,-0.8660254037844387,0.5877852522924732,-0.8090169943749473,80678.0,65615.0,34627.0,35208.0,31505.0,44658.0,94548.0,51591.71428571428,20129.492133966764,42926.71428571428,16547.425360639467,38546.03333333333,12085.354669251741,38198.4,9674.912070200086,694,0.9719887955182073,0,0,0,0,33356.5,33151.5
2014-05-27,23770,16,69,11.58,,69.0,2,0,5,2,147,0,0,0,0,0,1,530.0,86.0,75.0,313.42857142857144,267.9171869209197,152.26666666666668,1,27,22,147,2014,0.7818314824680298,0.6234898018587336,0.49999999999999994,-0.8660254037844387,0.5737722679043246,-0.8190148866680801,71236.0,80678.0,65615.0,34508.0,31564.0,41867.0,97742.0,50057.71428571428,21973.093855245545,42370.0,17081.600794196886,37942.8,12362.350734498435,37781.833333333336,9750.068792745948,695,0.9733893557422969,0,0,0,0,33036.0,34980.5
2014-05-28,32741,8,91,10.83,,91.0,3,0,5,2,148,0,0,0,0,0,0,69.0,97.0,77.0,311.0,270.3879928300564,150.33333333333334,2,28,22,148,2014,0.9749279121818236,-0.22252093395631434,0.49999999999999994,-0.8660254037844387,0.5595892624101765,-0.8287700871745038,23770.0,71236.0,80678.0,34898.0,35303.0,33916.0,49562.0,49749.57142857143,22234.68804111529,42187.0,17176.595032866,37903.63333333333,12377.40062255641,37550.4,9701.23702613691,696,0.9747899159663865,0,0,0,0,35100.5,31929.5
2014-05-29,28366,13,76,11.28,,76.0,4,0,5,2,149,0,0,0,0,0,0,91.0,99.0,100.0,310.1428571428572,271.1877753952222,150.73333333333332,3,29,22,149,2014,0.43388373911755823,-0.900968867902419,0.49999999999999994,-0.8660254037844387,0.545240438540651,-0.8382797052177744,32741.0,23770.0,71236.0,39580.0,28183.0,34440.0,46836.0,48147.57142857143,23459.753585357947,42200.07142857143,17165.184022694513,37701.166666666664,12485.220573316403,37397.433333333334,9773.429237646244,697,0.9761904761904762,0,0,0,0,33881.5,37885.5
2014-05-30,36205,20,95,13.28,,95.0,5,0,5,2,150,0,0,0,0,0,0,76.0,128.0,117.0,306.85714285714283,274.29389868741674,151.23333333333332,4,30,22,150,2014,-0.433883739117558,-0.9009688679024191,0.49999999999999994,-0.8660254037844387,0.5307300481619334,-0.8475409228928311,28366.0,32741.0,23770.0,34627.0,38993.0,34789.0,55244.0,48373.0,23315.315653020887,42000.92857142857,17221.333855533267,37748.36666666667,12476.505112668056,37390.95,9774.100240223332,698,0.9775910364145658,0,0,0,0,36810.0,37271.0
2014-05-31,33030,19,154,8.36,,154.0,6,1,5,2,151,0,0,0,0,0,0,95.0,691.0,166.0,302.1428571428572,278.136913870027,151.63333333333333,5,31,22,151,2014,-0.9749279121818236,-0.2225209339563146,0.49999999999999994,-0.8660254037844387,0.5160623910158528,-0.8565509959010036,36205.0,28366.0,32741.0,65615.0,33476.0,35608.0,65413.0,43718.0,22539.082996726673,41969.07142857143,17238.720639948828,37662.433333333334,12500.610320778316,37456.26666666667,9730.829420754471,699,0.9789915966386554,0,0,0,0,49545.5,49677.5
2014-06-01,35912,16,115,11.26,,115.0,7,1,6,2,152,0,0,0,0,0,0,154.0,563.0,131.0,225.42857142857144,221.24711458974025,154.0,6,1,22,152,2014,-0.7818314824680299,0.6234898018587334,1.2246467991473532e-16,-1.0,0.5012418134457758,-0.865307254363206,33030.0,36205.0,28366.0,80678.0,37105.0,37658.0,62144.0,37322.857142857145,15581.338436610304,41883.857142857145,17267.53873983979,37604.23333333333,12504.695495150294,37526.083333333336,9703.987807382118,700,0.9803921568627451,0,0,0,0,58891.5,58788.0
2014-06-02,31303,15,73,7.93,,73.0,1,0,6,2,153,0,0,0,0,0,0,115.0,530.0,87.0,161.42857142857142,164.95944667589956,153.96666666666667,0,2,23,153,2014,0.0,1.0,1.2246467991473532e-16,-1.0,0.48627270710868997,-0.8738071036110808,35912.0,33030.0,36205.0,71236.0,35208.0,32217.0,70022.0,31618.14285714286,4377.969675110684,41604.92857142857,17414.584685364625,37573.76666666667,12519.37847604393,37464.46666666667,9731.996202404593,701,0.9817927170868347,0,0,0,0,53222.0,51370.5
2014-06-03,31352,11,88,9.35,,88.0,2,0,6,2,154,0,0,0,0,0,0,73.0,69.0,86.0,96.14285714285714,30.02459309426295,150.76666666666668,1,3,23,154,2014,0.7818314824680298,0.6234898018587336,1.2246467991473532e-16,-1.0,0.4711595076738638,-0.8820480249558537,31303.0,35912.0,33030.0,23770.0,34508.0,31154.0,49671.0,32701.285714285714,2746.6588014216477,41379.5,17533.540547059638,37580.36666666667,12515.929098782177,37349.21666666667,9763.226135831339,702,0.9831932773109243,0,0,0,0,29139.0,27667.0
2014-06-04,31166,16,85,11.33,,85.0,3,0,6,2,155,0,0,0,0,0,0,88.0,91.0,97.0,98.85714285714286,27.948933023332582,149.66666666666666,2,4,23,155,2014,0.9749279121818236,-0.22252093395631434,1.2246467991473532e-16,-1.0,0.4559066935084588,-0.8900275764346767,31352.0,31303.0,35912.0,32741.0,34898.0,31095.0,53656.0,32476.285714285714,2806.716866986581,41112.92857142857,17667.520110096353,37582.73333333333,12514.667127244831,37216.916666666664,9792.782880890472,703,0.9845938375350141,0,0,0,0,33819.5,34022.0
2014-06-05,29406,20,83,10.21,,83.0,4,0,6,2,156,0,0,0,0,0,0,85.0,76.0,99.0,98.0,28.31960451701035,150.3,3,5,23,156,2014,0.43388373911755823,-0.900968867902419,1.2246467991473532e-16,-1.0,0.440518784350495,-0.8977433935342337,31166.0,31352.0,31303.0,28366.0,39580.0,35453.0,57811.0,32624.85714285714,2570.461983675742,40386.21428571428,17942.526158558303,37381.166666666664,12598.568933738312,37162.53333333333,9827.466367394065,704,0.9859943977591037,0,0,0,0,33973.0,28274.5
2014-06-06,31805,28,92,11.88,,92.0,5,0,6,2,157,0,0,0,0,0,0,83.0,95.0,128.0,99.0,27.525745524264007,150.96666666666667,4,6,23,157,2014,-0.433883739117558,-0.9009688679024191,1.2246467991473532e-16,-1.0,0.42500033996955416,-0.9051931898913974,29406.0,31166.0,31352.0,36205.0,34627.0,28961.0,53589.0,31996.285714285714,2030.2987230356584,40184.642857142855,18027.852466529246,37475.96666666667,12543.605395148184,37168.21666666667,9824.213049247623,705,0.9873949579831933,0,0,0,0,35416.0,37599.0
2014-06-07,34901,18,141,11.99,,141.0,6,1,6,2,158,0,0,0,0,0,0,92.0,154.0,691.0,98.57142857142856,27.6215926577787,151.76666666666668,5,7,23,158,2014,-0.9749279121818236,-0.2225209339563146,1.2246467991473532e-16,-1.0,0.4093559588156213,-0.9123747579707273,31805.0,29406.0,31166.0,33030.0,65615.0,36191.0,62201.0,32263.571428571428,2294.972247990372,37990.78571428572,16499.129879987682,37432.96666666667,12550.371469933809,37155.433333333334,9826.696926587654,706,0.988795518207283,0,0,0,0,49322.5,33253.0
2014-06-08,28767,16,116,9.6,,116.0,7,1,6,2,159,0,0,0,0,0,0,141.0,115.0,563.0,96.71428571428572,23.38599499496727,153.63333333333333,6,8,23,159,2014,-0.7818314824680299,0.6234898018587334,1.2246467991473532e-16,-1.0,0.39359027665646673,-0.9192859697186104,34901.0,31805.0,29406.0,35912.0,80678.0,39915.0,55355.0,31242.85714285714,1967.374005162384,34282.857142857145,11126.110688598388,37061.36666666667,12639.072954009589,36897.53333333333,9840.63194792209,707,0.9901960784313726,0,0,0,0,58295.0,36508.5
2014-06-09,22414,11,72,12.6,,72.0,1,0,6,2,160,0,0,0,0,0,0,116.0,73.0,530.0,96.85714285714286,23.51898928829064,153.73333333333332,0,9,24,160,2014,0.0,1.0,1.2246467991473532e-16,-1.0,0.3777079652039649,-0.9259247771938498,28767.0,34901.0,31805.0,31303.0,71236.0,33740.0,56933.0,29973.0,3870.4156538195407,30795.571428571428,4060.628479478165,36683.833333333336,12907.99901713785,36748.38333333333,9992.58294952356,708,0.9915966386554622,0,0,0,0,51269.5,33255.5
2014-06-10,26838,10,77,12.36,,77.0,2,0,6,2,161,0,0,0,0,0,0,72.0,88.0,69.0,96.71428571428572,23.69046422588565,150.36666666666667,1,10,24,161,2014,0.7818314824680298,0.6234898018587336,1.2246467991473532e-16,-1.0,0.36171373072976765,-0.9322892131745133,22414.0,28767.0,34901.0,31352.0,23770.0,36898.0,53765.0,29328.14285714286,3976.9419335533494,31014.714285714286,3720.882183001468,36348.5,13032.31769883788,36572.88333333333,10073.656603192367,709,0.9929971988795518,0,0,0,0,27561.0,32930.0
2014-06-11,38848,11,84,10.95,,84.0,3,0,6,2,162,0,0,0,0,0,0,77.0,85.0,91.0,95.14285714285714,24.707816384214578,148.2,2,11,24,162,2014,0.9749279121818236,-0.22252093395631434,1.2246467991473532e-16,-1.0,0.3456123126707335,-0.9383773917408641,26838.0,22414.0,28767.0,31166.0,32741.0,31505.0,58902.0,30425.571428571428,5380.766948342869,31450.928571428572,4258.032020406942,36593.26666666667,13007.14461478306,36634.03333333333,10076.187544036708,710,0.9943977591036415,0,0,0,0,31953.5,33032.0
2014-06-12,35089,15,77,11.1,,77.0,4,0,6,2,163,0,0,0,0,0,0,84.0,83.0,76.0,95.0,24.779023386725143,148.6,3,12,24,163,2014,0.43388373911755823,-0.900968867902419,1.2246467991473532e-16,-1.0,0.3294084822245304,-0.9441875088341993,38848.0,26838.0,22414.0,29406.0,28366.0,31564.0,47527.0,31237.428571428572,5624.502551548817,31931.14285714286,4262.458442966889,36710.76666666667,12976.03045853833,36550.36666666667,10067.68239360642,711,0.9957983193277311,0,0,0,0,28886.0,34493.0
2014-06-13,39513,19,106,12.91,,106.0,5,0,6,2,164,0,0,0,0,0,0,77.0,92.0,95.0,94.14285714285714,25.360261377650044,148.66666666666666,4,13,24,164,2014,-0.433883739117558,-0.9009688679024191,1.2246467991473532e-16,-1.0,0.3131070409358269,-0.9497178427914316,35089.0,38848.0,26838.0,31805.0,36205.0,35303.0,39091.0,32338.571428571428,6448.326781864628,32167.428571428572,4596.221235792446,36851.1,12983.044019956682,36613.36666666667,10074.305684056882,712,0.9971988795518207,0,0,0,0,34005.0,33216.0
2014-06-14,36099,18,149,11.54,,149.0,6,1,6,2,165,0,0,0,0,0,0,106.0,141.0,154.0,96.14285714285714,25.71269836370212,149.63333333333333,5,14,24,165,2014,-0.9749279121818236,-0.2225209339563146,1.2246467991473532e-16,-1.0,0.29671281927349075,-0.9549667548552551,39513.0,35089.0,38848.0,34901.0,33030.0,28183.0,66338.0,32509.714285714286,6542.874794112061,32386.64285714286,4712.248370872343,37114.96666666667,12880.83909368743,36602.48333333333,10074.506097145113,713,0.9985994397759104,0,0,0,0,33965.5,50258.0
