Date,Sales,Num_Employees,Num_Customers,Pct_On_Sale,TouristEvent,Num_Customers_Clean,Day_of_Week,Is_Weekend,Month,Quarter,Day_of_Year,Is_Black_Friday,Is_Memorial_Day,Is_Holiday,Holiday_Nearby,Is_Tourist_Event,Event_Nearby,Lag_Customers_1,Lag_Customers_7,Lag_Customers_14,Rolling_Mean_7,Rolling_Std_7,Rolling_Mean_30,DayOfWeek,DayOfMonth,WeekOfYear,DayOfYear,Year,DoW_sin,DoW_cos,Month_sin,Month_cos,DayOfYear_sin,DayOfYear_cos,lag_1,lag_2,lag_3,lag_7,lag_14,lag_30,lag_365,rolling_mean_7,rolling_std_7,rolling_mean_14,rolling_std_14,rolling_mean_30,rolling_std_30,rolling_mean_60,rolling_std_60,Days_Since_Start,Trend,is_black_friday,is_christmas,is_new_year,is_holiday,lag_7_14_avg,lag_7_21_avg
2012-07-01,53618,25,238,10.37,,238.0,7,1,7,3,183,0,0,0,0,0,0,247.0552033660589,247.65114568599716,248.2233714285714,247.4028126894322,125.31713950737671,247.3522792397661,6,1,26,183,2012,-0.7818314824680299,0.6234898018587334,-0.4999999999999997,-0.8660254037844388,-0.008606996888688009,-0.9999629591162655,,,,,,,,53618.0,,53618.0,,53618.0,,53618.0,,0,0.0,0,0,0,0,,
2012-07-02,50357,17,213,9.0,,213.0,1,0,7,3,184,0,0,0,0,0,0,238.0,247.65114568599716,248.2233714285714,247.4028126894322,125.31713950737671,247.3522792397661,0,2,27,184,2012,0.0,1.0,-0.4999999999999997,-0.8660254037844388,-0.02581844022713239,-0.9996666485105112,53618.0,,,,,,,51987.5,2305.8752134493316,51987.5,2305.8752134493316,51987.5,2305.8752134493316,51987.5,2305.8752134493316,1,0.0014005602240896359,0,0,0,0,,
2012-07-03,39831,15,258,9.32,,258.0,2,0,7,3,185,0,0,0,0,0,0,213.0,247.65114568599716,248.2233714285714,247.4028126894322,125.31713950737671,247.3522792397661,1,3,27,185,2012,0.7818314824680298,0.6234898018587336,-0.4999999999999997,-0.8660254037844388,-0.04302223300453034,-0.99907411510223,50357.0,53618.0,,,,,,47935.333333333336,7205.462811876372,47935.333333333336,7205.462811876372,47935.333333333336,7205.462811876372,47935.333333333336,7205.462811876372,2,0.0028011204481792717,0,0,0,0,,
2012-07-04,56826,24,255,10.5,,255.0,3,0,7,3,186,0,0,0,0,0,0,258.0,247.65114568599716,248.2233714285714,247.4028126894322,125.31713950737671,247.3522792397661,2,4,27,186,2012,0.9749279121818236,-0.22252093395631434,-0.4999999999999997,-0.8660254037844388,-0.060213277365792774,-0.9981855344718586,39831.0,50357.0,53618.0,,,,,50158.0,7373.835591694009,50158.0,7373.835591694009,50158.0,7373.835591694009,50158.0,7373.835591694009,3,0.004201680672268907,0,0,0,0,,
2012-07-05,55282,22,216,10.2,,216.0,4,0,7,3,187,0,0,0,0,0,0,255.0,247.65114568599716,248.2233714285714,247.4028126894322,125.31713950737671,247.3522792397661,3,5,27,187,2012,0.43388373911755823,-0.900968867902419,-0.4999999999999997,-0.8660254037844388,-0.07738647923346322,-0.9970011699250151,56826.0,39831.0,50357.0,,,,,51182.8,6784.627012592512,51182.8,6784.627012592512,51182.8,6784.627012592512,51182.8,6784.627012592512,4,0.0056022408963585435,0,0,0,0,,
2012-07-06,71907,33,246,12.53,,246.0,5,0,7,3,188,0,0,0,0,0,0,216.0,247.65114568599716,248.2233714285714,247.4028126894322,125.31713950737671,247.3522792397661,4,6,27,188,2012,-0.433883739117558,-0.9009688679024191,-0.4999999999999997,-0.8660254037844388,-0.09453674981719933,-0.9955213724144752,55282.0,56826.0,39831.0,,,,,54636.833333333336,10411.868639522238,54636.833333333336,10411.868639522238,54636.833333333336,10411.868639522238,54636.833333333336,10411.868639522238,5,0.0070028011204481795,0,0,0,0,,
2012-07-07,50442,24,367,8.77,,367.0,6,1,7,3,189,0,0,0,0,0,0,246.0,247.65114568599716,248.2233714285714,247.4028126894322,125.31713950737671,247.3522792397661,5,7,27,189,2012,-0.9749279121818236,-0.2225209339563146,-0.4999999999999997,-0.8660254037844388,-0.11165900712169444,-0.9937465804361781,71907.0,55282.0,56826.0,,,,,54037.57142857143,9636.0249905782,54037.57142857143,9636.0249905782,54037.57142857143,9636.0249905782,54037.57142857143,9636.0249905782,6,0.008403361344537815,0,0,0,0,,
2012-07-08,52975,24,242,11.52,,242.0,7,1,7,3,190,0,0,0,0,0,0,367.0,238.0,248.2233714285714,256.1428571428572,51.95969133674223,247.3522792397661,6,8,27,190,2012,-0.7818314824680299,0.6234898018587334,-0.4999999999999997,-0.8660254037844388,-0.12874817745258066,-0.99167731989929,50442.0,71907.0,55282.0,53618.0,,,,53945.71428571428,9643.752895256177,53904.75,8929.132028686454,53904.75,8929.132028686454,53904.75,8929.132028686454,7,0.00980392156862745,0,0,0,0,,
2012-07-09,58618,18,175,9.69,,175.0,1,0,7,3,191,0,0,0,0,0,0,242.0,213.0,248.2233714285714,256.7142857142857,51.74847593799032,247.3522792397661,0,9,28,191,2012,0.0,1.0,-0.4999999999999997,-0.8660254037844388,-0.14579919691987442,-0.9893142039703664,52975.0,50442.0,71907.0,50357.0,,,,55125.857142857145,9636.856704489132,54428.444444444445,8498.913270399797,54428.444444444445,8498.913270399797,54428.444444444445,8498.913270399797,8,0.011204481792717087,0,0,0,0,,
2012-07-10,55134,17,175,7.27,,175.0,2,0,7,3,192,0,0,0,0,0,0,175.0,258.0,248.2233714285714,251.28571428571428,58.63364871730876,247.3522792397661,1,10,28,192,2012,0.7818314824680298,0.6234898018587336,-0.4999999999999997,-0.8660254037844388,-0.16280701293851646,-0.9866579328916572,58618.0,52975.0,50442.0,39831.0,,,,57312.0,6950.142804288271,54499.0,8015.957986694069,54499.0,8015.957986694069,54499.0,8015.957986694069,9,0.012605042016806723,0,0,0,0,,
2012-07-11,61280,23,188,11.45,,188.0,3,0,7,3,193,0,0,0,0,0,0,175.0,255.0,248.2233714285714,239.42857142857144,65.08675529080946,247.3522792397661,2,11,28,193,2012,0.9749279121818236,-0.22252093395631434,-0.4999999999999997,-0.8660254037844388,-0.17976658572556214,-0.9837092937736098,55134.0,58618.0,52975.0,56826.0,,,,57948.28571428572,7100.489671243005,55115.454545454544,7874.655705027824,55115.454545454544,7874.655705027824,55115.454545454544,7874.655705027824,10,0.014005602240896359,0,0,0,0,,
2012-07-12,55462,29,205,9.43,,205.0,4,0,7,3,194,0,0,0,0,0,0,188.0,216.0,248.2233714285714,229.8571428571429,67.30385965016808,247.3522792397661,3,12,28,194,2012,0.43388373911755823,-0.900968867902419,-0.4999999999999997,-0.8660254037844388,-0.19667288979357622,-0.9804691603616321,61280.0,55134.0,58618.0,55282.0,,,,57974.0,7089.541945711305,55144.333333333336,7508.856048128447,55144.333333333336,7508.856048128447,55144.333333333336,7508.856048128447,11,0.015406162464985995,0,0,0,0,,
2012-07-13,58950,28,213,7.96,,213.0,5,0,7,3,195,0,0,0,0,0,0,205.0,246.0,248.2233714285714,228.28571428571428,67.8078517717879,247.3522792397661,4,13,28,195,2012,-0.433883739117558,-0.9009688679024191,-0.4999999999999997,-0.8660254037844388,-0.2135209154397959,-0.9769384927771817,55462.0,61280.0,55134.0,71907.0,,,,56123.0,3750.7845845902743,55437.07692307692,7266.252615820831,55437.07692307692,7266.252615820831,55437.07692307692,7266.252615820831,12,0.01680672268907563,0,0,0,0,,
2012-07-14,58198,26,275,10.2,,275.0,6,1,7,3,196,0,0,0,0,0,0,213.0,367.0,248.2233714285714,223.57142857142856,67.51754622036441,247.3522792397661,5,14,28,196,2012,-0.9749279121818236,-0.2225209339563146,-0.4999999999999997,-0.8660254037844388,-0.23030567023061196,-0.973118337233262,58950.0,55462.0,61280.0,50442.0,,,,57231.0,2823.9607527962153,55634.28571428572,7020.077486188305,55634.28571428572,7020.077486188305,55634.28571428572,7020.077486188305,13,0.018207282913165267,0,0,0,0,,
2012-07-15,54487,34,209,7.37,,209.0,7,1,7,3,197,0,0,0,0,0,0,275.0,242.0,238.0,210.42857142857144,37.00386080243126,247.3522792397661,6,15,28,197,2012,-0.7818314824680299,0.6234898018587334,-0.4999999999999997,-0.8660254037844388,-0.24702218048093527,-0.9690098257244063,58198.0,58950.0,55462.0,52975.0,53618.0,,,57447.0,2481.1937315198434,55696.357142857145,7004.703140990815,55557.8,6771.198756497995,55557.8,6771.198756497995,14,0.0196078431372549,0,0,0,0,53296.5,
2012-07-16,53061,15,180,10.01,,180.0,1,0,7,3,198,0,0,0,0,0,0,209.0,175.0,213.0,205.7142857142857,34.31576064392894,247.3522792397661,0,16,29,198,2012,0.0,1.0,-0.4999999999999997,-0.8660254037844388,-0.2636654927280072,-0.9646141756912435,54487.0,58198.0,58950.0,58618.0,50357.0,,,56653.142857142855,2898.0517840192542,55889.5,6882.365277118928,55401.75,6571.312608604159,55401.75,6571.312608604159,15,0.02100840336134454,0,0,0,0,54487.5,
2012-07-17,54143,15,188,7.96,,188.0,2,0,7,3,199,0,0,0,0,0,0,180.0,175.0,258.0,206.42857142857144,33.61476432986516,247.3522792397661,1,17,29,199,2012,0.7818314824680298,0.6234898018587336,-0.4999999999999997,-0.8660254037844388,-0.2802306751992161,-0.9599326896597445,53061.0,54487.0,58198.0,55134.0,39831.0,,,56511.57142857143,3006.796460085217,56911.78571428572,5161.35238954007,55327.705882352944,6369.966098464593,55327.705882352944,6369.966098464593,16,0.022408963585434174,0,0,0,0,47482.5,
2012-07-18,61069,17,197,6.62,,197.0,3,0,7,3,200,0,0,0,0,0,0,188.0,188.0,255.0,208.28571428571428,31.904619758034357,247.3522792397661,2,18,29,200,2012,0.9749279121818236,-0.22252093395631434,-0.4999999999999997,-0.8660254037844388,-0.2967128192734901,-0.9549667548552553,54143.0,53061.0,54487.0,61280.0,56826.0,,,56481.42857142857,2951.576802159764,57214.857142857145,5279.156399057931,55646.666666666664,6326.20460512323,55646.666666666664,6326.20460512323,17,0.023809523809523808,0,0,0,0,59053.0,
2012-07-19,68382,24,217,9.35,,217.0,4,0,7,3,201,0,0,0,0,0,0,197.0,205.0,216.0,209.57142857142856,31.122645254204247,247.3522792397661,3,19,29,201,2012,0.43388373911755823,-0.900968867902419,-0.4999999999999997,-0.8660254037844388,-0.3131070409358267,-0.9497178427914317,61069.0,54143.0,53061.0,55462.0,55282.0,,,58327.142857142855,5307.362352699988,58150.57142857143,6019.293885425509,56316.94736842105,6806.888532734764,56316.94736842105,6806.888532734764,18,0.025210084033613446,0,0,0,0,55372.0,
2012-07-20,53759,32,217,8.83,,217.0,5,0,7,3,202,0,0,0,0,0,0,217.0,213.0,246.0,211.28571428571428,31.159344696330777,247.3522792397661,4,20,29,202,2012,-0.433883739117558,-0.9009688679024191,-0.4999999999999997,-0.8660254037844388,-0.3294084822245302,-0.9441875088341994,68382.0,61069.0,54143.0,58950.0,71907.0,,,57585.57142857143,5562.35938720081,56854.28571428572,4620.491689263107,56189.05,6649.982615529316,56189.05,6649.982615529316,19,0.02661064425770308,0,0,0,0,65428.5,
2012-07-21,61388,31,305,7.11,,305.0,6,1,7,3,203,0,0,0,0,0,0,217.0,275.0,367.0,211.8571428571429,31.232614211368627,247.3522792397661,5,21,29,203,2012,-0.9749279121818236,-0.2225209339563146,-0.4999999999999997,-0.8660254037844388,-0.3456123126707333,-0.9383773917408642,53759.0,68382.0,61069.0,58198.0,50442.0,,,58041.28571428572,5748.459466508853,57636.142857142855,4371.3685035016915,56436.619047619046,6580.140913963702,56436.619047619046,6580.140913963702,20,0.028011204481792718,0,0,0,0,54320.0,
2012-07-22,58726,33,222,6.38,,222.0,7,1,7,3,204,0,0,0,0,0,0,305.0,209.0,242.0,216.14285714285717,41.65904692232152,247.3522792397661,6,22,29,204,2012,-0.7818314824680299,0.6234898018587334,-0.4999999999999997,-0.8660254037844388,-0.3617137307297674,-0.9322892131745134,61388.0,53759.0,68382.0,54487.0,52975.0,,,58646.857142857145,5530.786364480536,58046.92857142857,4165.003656186151,56540.681818181816,6440.08323952685,56540.681818181816,6440.08323952685,21,0.029411764705882353,0,0,0,0,53731.0,54052.5
2012-07-23,60517,26,184,8.38,,184.0,1,0,7,3,205,0,0,0,0,0,0,222.0,180.0,175.0,218.0,41.57723736212717,247.3522792397661,0,23,30,205,2012,0.0,1.0,-0.4999999999999997,-0.8660254037844388,-0.37770796520396466,-0.9259247771938499,58726.0,61388.0,53759.0,53061.0,58618.0,,,59712.0,4964.7342325647205,58182.57142857143,4215.647276047181,56713.565217391304,6346.408367416007,56713.565217391304,6346.408367416007,22,0.03081232492997199,0,0,0,0,55839.5,51709.0
2012-07-24,53215,22,184,7.1,,184.0,2,0,7,3,206,0,0,0,0,0,0,184.0,188.0,175.0,218.57142857142856,40.991288273067376,247.3522792397661,1,24,30,206,2012,0.7818314824680298,0.6234898018587336,-0.4999999999999997,-0.8660254037844388,-0.39359027665646645,-0.9192859697186105,60517.0,58726.0,61388.0,54143.0,55134.0,,,59579.42857142857,5147.260399382143,58045.5,4351.408291046091,56567.791666666664,6247.857865799438,56567.791666666664,6247.857865799438,23,0.03221288515406162,0,0,0,0,54638.5,46987.0
2012-07-25,60523,24,205,6.49,,205.0,3,0,7,3,207,0,0,0,0,0,0,184.0,197.0,188.0,218.0,41.513050156948594,247.3522792397661,2,25,30,207,2012,0.9749279121818236,-0.22252093395631434,-0.4999999999999997,-0.8660254037844388,-0.4093559588156211,-0.9123747579707274,53215.0,60517.0,58726.0,61069.0,61280.0,,,59501.42857142857,5125.014694520166,57991.42857142857,4312.654790341951,56726.0,6167.251102936111,56726.0,6167.251102936111,24,0.03361344537815126,0,0,0,0,61174.5,58947.5
2012-07-26,55644,28,209,11.38,,209.0,4,0,7,3,208,0,0,0,0,0,0,205.0,217.0,205.0,219.14285714285717,40.94479442464191,247.3522792397661,3,26,30,208,2012,0.43388373911755823,-0.900968867902419,-0.4999999999999997,-0.8660254037844388,-0.42500033996955394,-0.9051931898913975,60523.0,53215.0,60517.0,68382.0,55462.0,,,57681.71428571428,3426.1333752149694,58004.42857142857,4304.710598943834,56684.38461538462,6046.372016850589,56684.38461538462,6046.372016850589,25,0.0350140056022409,0,0,0,0,61922.0,61832.0
2012-07-27,67097,41,239,8.23,,239.0,5,0,7,3,209,0,0,0,0,0,0,209.0,217.0,213.0,218.0,41.12582319338215,247.3522792397661,4,27,30,209,2012,-0.433883739117558,-0.9009688679024191,-0.4999999999999997,-0.8660254037844388,-0.4405187843504952,-0.8977433935342336,55644.0,60523.0,53215.0,53759.0,58950.0,,,59587.142857142855,4439.888340509305,58586.357142857145,4945.368549805632,57070.03703703704,6258.447438840511,57070.03703703704,6258.447438840511,26,0.036414565826330535,0,0,0,0,56354.5,62833.0
2012-07-28,69754,39,301,10.29,,301.0,6,1,7,3,210,0,0,0,0,0,0,239.0,305.0,275.0,221.14285714285717,41.87054880393681,247.3522792397661,5,28,30,210,2012,-0.9749279121818236,-0.2225209339563146,-0.4999999999999997,-0.8660254037844388,-0.455906693508459,-0.8900275764346766,67097.0,55644.0,60523.0,61388.0,58198.0,,,60782.28571428572,5893.484869307961,59411.78571428572,5771.038330498942,57523.03571428572,6592.670933370957,57523.03571428572,6592.670933370957,27,0.037815126050420166,0,0,0,0,59793.0,55915.0
2012-07-29,71237,27,214,10.23,,214.0,7,1,7,3,211,0,0,0,0,0,0,301.0,222.0,209.0,220.57142857142856,40.54157184445424,247.3522792397661,6,29,30,211,2012,-0.7818314824680299,0.6234898018587334,-0.4999999999999997,-0.8660254037844388,-0.47115950767386394,-0.8820480249558535,69754.0,67097.0,55644.0,58726.0,54487.0,,,62569.57142857143,6965.522135421551,60608.21428571428,6376.069951582455,57995.93103448276,6956.746257775534,57995.93103448276,6956.746257775534,28,0.0392156862745098,0,0,0,0,56606.5,55850.5
2012-07-30,56619,16,180,6.19,,180.0,1,0,7,3,212,0,0,0,0,0,0,214.0,184.0,180.0,219.42857142857144,40.60729467660186,247.3522792397661,0,30,31,212,2012,0.0,1.0,-0.4999999999999997,-0.8660254037844388,-0.4862727071086902,-0.8738071036110807,71237.0,69754.0,67097.0,60517.0,53061.0,,,62012.71428571428,7304.526147403076,60862.357142857145,6117.783857262039,57950.03333333333,6840.371181113076,57950.03333333333,6840.371181113076,29,0.04061624649859944,0,0,0,0,56789.0,59567.5
2012-07-31,45829,14,172,8.24,,172.0,2,0,7,3,213,0,0,0,0,0,0,180.0,184.0,188.0,218.8571428571429,41.21257320862393,223.9,1,31,31,213,2012,0.7818314824680298,0.6234898018587336,-0.4999999999999997,-0.8660254037844388,-0.5012418134457756,-0.8653072543632061,56619.0,71237.0,69754.0,53215.0,54143.0,53618.0,,60957.57142857143,9099.96483248045,60268.5,7138.57004372941,57690.4,7151.224421805995,57559.032258064515,7068.969210494889,30,0.04201680672268908,0,0,0,0,53679.0,54174.5
2012-08-01,57814,22,218,8.26,,218.0,3,0,8,3,214,0,0,0,0,0,0,172.0,205.0,197.0,217.14285714285717,43.11004744228643,221.7,2,1,31,214,2012,0.9749279121818236,-0.22252093395631434,-0.8660254037844385,-0.5000000000000004,-0.5160623910158526,-0.8565509959010037,45829.0,56619.0,71237.0,60523.0,61069.0,50357.0,,60570.57142857143,9178.788642973588,60036.0,7163.456149094522,57938.96666666667,7015.852176141631,57567.0,6954.165027219763,31,0.04341736694677871,0,0,0,0,60796.0,60901.5
2012-08-02,66691,33,222,10.14,,222.0,4,0,8,3,215,0,0,0,0,0,0,218.0,209.0,217.0,219.0,42.77849927241484,221.86666666666667,3,2,31,215,2012,0.43388373911755823,-0.900968867902419,-0.8660254037844385,-0.5000000000000004,-0.5307300481619331,-0.8475409228928312,57814.0,45829.0,56619.0,55644.0,68382.0,39831.0,,62148.71428571428,9140.16558409977,59915.21428571428,7024.820897564383,58834.3,6302.966592995222,57843.48484848485,7026.506680604221,32,0.04481792717086835,0,0,0,0,62013.0,55553.0
2012-08-03,59139,23,231,12.05,,231.0,5,0,8,3,216,0,0,0,0,0,0,222.0,239.0,217.0,220.8571428571429,42.55360764740777,220.66666666666663,4,3,31,216,2012,-0.433883739117558,-0.9009688679024191,-0.8660254037844385,-0.5000000000000004,-0.5452404385406507,-0.8382797052177745,66691.0,57814.0,45829.0,67097.0,53759.0,56826.0,,61011.857142857145,8914.234878899617,60299.5,6805.8882283595585,58911.4,6291.689891956828,57881.58823529412,6922.791677725882,33,0.046218487394957986,0,0,0,0,60428.0,63023.5
2012-08-04,66645,25,310,8.63,,310.0,6,1,8,3,217,0,0,0,0,0,0,231.0,301.0,305.0,219.7142857142857,42.090039541100765,219.86666666666667,5,4,31,217,2012,-0.9749279121818236,-0.2225209339563146,-0.8660254037844385,-0.5000000000000004,-0.5595892624101763,-0.828770087174504,59139.0,66691.0,57814.0,69754.0,61388.0,55282.0,,60567.71428571428,8472.582225710681,60675.0,7012.450597659533,59290.166666666664,6406.644148626208,58131.97142857143,6979.233159822049,34,0.047619047619047616,0,0,0,0,65571.0,63976.0
2012-08-05,68447,30,243,10.11,,243.0,7,1,8,3,218,0,0,0,0,0,0,310.0,214.0,222.0,221.0,45.022216737961685,223.0,6,5,31,218,2012,-0.7818314824680299,0.6234898018587334,-0.8660254037844385,-0.5000000000000004,-0.5737722679043243,-0.8190148866680802,66645.0,59139.0,66691.0,71237.0,58726.0,71907.0,,60169.142857142855,7935.630292727676,61369.357142857145,7280.762646096313,59174.833333333336,6199.476196356867,58418.5,7090.38365071212,35,0.049019607843137254,0,0,0,0,64981.5,62862.0
2012-08-06,54153,15,172,11.27,,172.0,1,0,8,3,219,0,0,0,0,0,0,243.0,180.0,184.0,225.14285714285717,45.60127400058237,222.9,0,6,32,219,2012,0.0,1.0,-0.8660254037844385,-0.5000000000000004,-0.5877852522924734,-0.8090169943749472,68447.0,66645.0,59139.0,56619.0,60517.0,50442.0,,59816.857142857145,8170.751626555366,60914.78571428572,7532.391418999092,59298.53333333333,6054.548103717559,58303.21621621621,7026.293195068298,36,0.05042016806722689,0,0,0,0,58568.0,54840.0
2012-08-07,52186,18,172,9.07,,172.0,2,0,8,3,220,0,0,0,0,0,0,172.0,172.0,184.0,224.0,46.99999999999998,216.4,1,7,32,220,2012,0.7818314824680298,0.6234898018587336,-0.8660254037844385,-0.5000000000000004,-0.6016240632249227,-0.7987793728863648,54153.0,68447.0,66645.0,45829.0,53215.0,52975.0,,60725.0,6549.349356997227,60841.28571428572,7617.840067676891,59272.23333333333,6084.602770494771,58142.23684210526,7001.3748589375455,37,0.05182072829131653,0,0,0,0,49522.0,49986.0
2012-08-08,59029,17,206,10.51,,206.0,3,0,8,3,221,0,0,0,0,0,0,172.0,218.0,205.0,224.0,46.99999999999998,214.06666666666663,2,8,32,221,2012,0.9749279121818236,-0.22252093395631434,-0.8660254037844385,-0.5000000000000004,-0.6152845999633277,-0.7883050558305253,52186.0,54153.0,68447.0,57814.0,60523.0,58618.0,,60898.57142857143,6475.022106967224,60734.57142857143,7633.09080168796,59285.933333333334,6083.541521488792,58164.97435897436,6910.096413704635,38,0.05322128851540616,0,0,0,0,59168.5,59441.5
2012-08-09,54063,27,189,9.07,,189.0,4,0,8,3,222,0,0,0,0,0,0,206.0,222.0,209.0,222.28571428571428,47.47179613803786,215.1,3,9,32,222,2012,0.43388373911755823,-0.900968867902419,-0.8660254037844385,-0.5000000000000004,-0.6287628145958345,-0.7775971469736268,59029.0,52186.0,54153.0,66691.0,55644.0,55134.0,,59094.57142857143,6350.162251395442,60621.642857142855,7725.334870582474,59250.23333333333,6111.823175606855,58062.425,6851.696349519996,39,0.0546218487394958,0,0,0,0,61167.5,67536.5
2012-08-10,53911,32,252,14.35,,252.0,5,0,8,3,223,0,0,0,0,0,0,189.0,231.0,239.0,217.57142857142856,49.11502534139333,215.56666666666663,4,10,32,223,2012,-0.433883739117558,-0.9009688679024191,-0.8660254037844385,-0.5000000000000004,-0.6420547132365636,-0.7666588193001592,54063.0,59029.0,52186.0,59139.0,67097.0,61280.0,,58347.71428571428,6644.674978614725,59679.78571428572,7678.809675169236,59004.6,6175.185272105412,57961.170731707316,6796.502688524588,40,0.056022408963585436,0,0,0,0,63118.0,56449.0
2012-08-11,71035,31,289,12.02,,289.0,6,1,8,3,224,0,0,0,0,0,0,252.0,310.0,301.0,220.57142857142856,50.68812202366261,217.7,5,11,32,224,2012,-0.9749279121818236,-0.2225209339563146,-0.8660254037844385,-0.5000000000000004,-0.655156357209085,-0.7554933140726804,53911.0,54063.0,59029.0,66645.0,69754.0,55462.0,,58974.857142857145,7684.175783790379,59771.28571428572,7814.520118428182,59523.7,6512.457680847346,58272.45238095238,7009.668097644891,41,0.05742296918767507,0,0,0,0,68199.5,64016.5
2012-08-12,52517,28,248,8.74,,248.0,7,1,8,3,225,0,0,0,0,0,0,289.0,243.0,214.0,217.57142857142856,44.7915808415567,220.5,6,12,32,225,2012,-0.7818314824680299,0.6234898018587334,-0.8660254037844385,-0.5000000000000004,-0.6680638642135333,-0.7441039398713608,71035.0,53911.0,54063.0,68447.0,71237.0,58950.0,,56699.142857142855,6708.323745630536,58434.142857142855,7285.381378086938,59309.26666666667,6636.722056149008,58138.604651162794,6981.110906068961,42,0.058823529411764705,0,0,0,0,69842.0,63586.5
2012-08-13,48202,15,181,10.67,,181.0,1,0,8,3,226,0,0,0,0,0,0,248.0,172.0,180.0,218.28571428571428,45.30163457578646,221.66666666666663,0,13,33,226,2012,0.0,1.0,-0.8660254037844385,-0.5000000000000004,-0.6807734094770159,-0.7324940716135792,52517.0,71035.0,53911.0,54153.0,56619.0,58198.0,,55849.0,7423.712436061446,57832.92857142857,7777.382132868323,58976.066666666666,6938.5035201295805,57912.77272727273,7060.206709746903,43,0.06022408963585434,0,0,0,0,55386.0,57335.0
2012-08-14,51847,28,172,8.8,,172.0,2,0,8,3,227,0,0,0,0,0,0,181.0,172.0,172.0,219.57142857142856,43.87427926419279,218.53333333333333,1,14,33,227,2012,0.7818314824680298,0.6234898018587336,-0.8660254037844385,-0.5000000000000004,-0.6932812268869771,-0.7206671495538615,48202.0,52517.0,71035.0,52186.0,45829.0,54487.0,,55800.57142857143,7452.639976481331,58262.78571428572,7208.381373614511,58888.066666666666,7013.734442006521,57777.97777777778,7037.846182310223,44,0.06162464985994398,0,0,0,0,49007.5,52700.5
2012-08-15,47950,27,181,9.35,,181.0,3,0,8,3,228,0,0,0,0,0,0,172.0,206.0,218.0,219.57142857142856,43.87427926419279,217.3,2,15,33,228,2012,0.9749279121818236,-0.22252093395631434,-0.8660254037844385,-0.5000000000000004,-0.7055836101071774,-0.70862667826446,51847.0,48202.0,52517.0,59029.0,57814.0,53061.0,,54217.857142857145,7820.11173041604,57558.21428571428,7719.566320805772,58717.7,7219.221245373714,57564.32608695652,7108.470149693401,45,0.06302521008403361,0,0,0,0,58421.5,59776.0
2012-08-16,79361,55,252,8.6,,252.0,4,0,8,3,229,0,0,0,0,0,0,181.0,189.0,222.0,216.0,46.12302389624219,217.33333333333331,3,16,33,229,2012,0.43388373911755823,-0.900968867902419,-0.8660254037844385,-0.5000000000000004,-0.7176769136759615,-0.6963762255968726,47950.0,51847.0,48202.0,54063.0,66691.0,54143.0,,57831.857142857145,12299.400831321978,58463.21428571428,9426.556163541154,59558.3,8084.504570366442,58028.085106382976,7716.233936740934,46,0.06442577030812324,0,0,0,0,60377.0,54853.5
2012-08-17,58840,31,240,9.63,,240.0,5,0,8,3,230,0,0,0,0,0,0,252.0,252.0,231.0,225.0,46.12302389624223,219.46666666666667,4,17,33,230,2012,-0.433883739117558,-0.9009688679024191,-0.8660254037844385,-0.5000000000000004,-0.7295575540864876,-0.6839194216246105,79361.0,47950.0,51847.0,53911.0,59139.0,61069.0,,58536.0,12178.013494271825,58441.857142857145,9425.245925027784,59484.0,8080.3835176991115,58045.0,7634.604472191636,47,0.06582633053221289,0,0,0,0,56525.0,60504.0
2012-08-18,55232,26,286,7.19,,286.0,6,1,8,3,231,0,0,0,0,0,0,240.0,289.0,310.0,223.28571428571428,45.16530484680425,220.9,5,18,33,231,2012,-0.9749279121818236,-0.2225209339563146,-0.8660254037844385,-0.5000000000000004,-0.7412220108485957,-0.6712599575675315,58840.0,79361.0,47950.0,71035.0,66645.0,68382.0,,56278.42857142857,10869.215624216602,57626.642857142855,9150.729181597779,59045.666666666664,7936.4422513614645,57987.5918367347,7565.339268439893,48,0.06722689075630252,0,0,0,0,68840.0,70394.5
2012-08-19,65389,34,218,9.87,,218.0,7,1,8,3,232,0,0,0,0,0,0,286.0,248.0,243.0,222.8571428571429,44.44632932511062,223.2,6,19,33,232,2012,-0.7818314824680299,0.6234898018587334,-0.8660254037844385,-0.5000000000000004,-0.7526668275320083,-0.6584015846980489,55232.0,58840.0,79361.0,52517.0,68447.0,53759.0,,58117.28571428572,11210.289079149352,57408.21428571428,8905.797957411893,59433.333333333336,7953.326830840095,58135.62,7560.550705808542,49,0.06862745098039216,0,0,0,0,60482.0,61877.0
2012-08-20,51590,26,143,9.13,,143.0,1,0,8,3,233,0,0,0,0,0,0,218.0,181.0,172.0,218.57142857142856,43.04206137743687,223.2333333333333,0,20,34,233,2012,0.0,1.0,-0.8660254037844385,-0.5000000000000004,-0.7638886127905429,-0.64534811322955,65389.0,55232.0,58840.0,48202.0,54153.0,61388.0,,58601.28571428572,10775.560800785663,57225.142857142855,9003.666217860224,59106.73333333333,8070.602147912205,58007.27450980392,7540.476725190342,50,0.0700280112044818,0,0,0,0,51177.5,52410.5
2012-08-21,61107,18,168,11.23,,168.0,2,0,8,3,234,0,0,0,0,0,0,143.0,172.0,172.0,213.14285714285717,50.34689189820476,217.83333333333331,1,21,34,234,2012,0.7818314824680298,0.6234898018587336,-0.8660254037844385,-0.5000000000000004,-0.7748840413670406,-0.6321034111873488,51590.0,65389.0,55232.0,51847.0,52186.0,58726.0,,59924.142857142855,10368.902504260375,57862.357142857145,8935.018984157383,59186.1,8078.432522719861,58066.88461538462,7478.548387650197,51,0.07142857142857142,0,0,0,0,52016.5,48838.0
2012-08-22,52338,23,168,11.51,,168.0,3,0,8,3,235,0,0,0,0,0,0,168.0,181.0,206.0,212.57142857142856,50.91122058006833,216.03333333333333,2,22,34,235,2012,0.9749279121818236,-0.22252093395631434,-0.8660254037844385,-0.5000000000000004,-0.7856498550787144,-0.6186714032625032,61107.0,51590.0,65389.0,47950.0,59029.0,60517.0,,60551.0,9630.711742476076,57384.42857142857,9046.07429274656,58913.46666666667,8169.468812062654,57958.79245283019,7447.978374024858,52,0.07282913165266107,0,0,0,0,53489.5,52882.0
2012-08-23,56459,31,190,8.09,,190.0,4,0,8,3,236,0,0,0,0,0,0,168.0,252.0,189.0,210.7142857142857,52.46813091682182,215.5,3,23,34,236,2012,0.43388373911755823,-0.900968867902419,-0.8660254037844385,-0.5000000000000004,-0.7961828637826154,-0.6050560696488494,52338.0,61107.0,51590.0,79361.0,54063.0,53215.0,,57279.28571428572,4907.531888647823,57555.57142857143,9000.954878526767,59021.6,8112.713520275999,57931.01851851852,7380.202455398461,53,0.0742296918767507,0,0,0,0,66712.0,73026.0
2012-08-24,61924,49,257,12.94,,257.0,5,0,8,3,237,0,0,0,0,0,0,190.0,240.0,252.0,201.8571428571429,49.485447596333934,215.7,4,24,34,237,2012,-0.433883739117558,-0.9009688679024191,-0.8660254037844385,-0.5000000000000004,-0.8064799463209447,-0.5912614448635782,56459.0,52338.0,61107.0,58840.0,53911.0,60523.0,,57719.857142857145,5200.673591903632,58127.92857142857,9006.140738102285,59068.3,8125.676197432264,58003.61818181818,7331.345173651209,54,0.07563025210084033,0,0,0,0,56375.5,58989.5
2012-08-25,74817,35,345,9.75,,345.0,6,1,8,3,238,0,0,0,0,0,0,257.0,286.0,289.0,204.28571428571428,52.02151569531672,217.4333333333333,5,25,34,238,2012,-0.9749279121818236,-0.2225209339563146,-0.8660254037844385,-0.5000000000000004,-0.8165380514459157,-0.5772916165517278,61924.0,56459.0,52338.0,55232.0,71035.0,55644.0,,60517.71428571428,8099.473886499985,58398.07142857143,9467.955489352058,59707.4,8587.910614988637,58303.857142857145,7603.907329138742,55,0.07703081232492998,0,0,0,0,63133.5,60938.5
2012-08-26,70306,31,244,14.87,,244.0,7,1,8,3,239,0,0,0,0,0,0,345.0,218.0,248.0,212.7142857142857,69.35828305668632,221.96666666666667,6,26,34,239,2012,-0.7818314824680299,0.6234898018587334,-0.8660254037844385,-0.5000000000000004,-0.8263541987239094,-0.5631507242749187,74817.0,61924.0,56459.0,65389.0,52517.0,67097.0,,61220.142857142855,8777.206606291305,59668.71428571428,9805.636726107885,59814.36666666667,8702.347941130933,58514.42105263158,7701.567073718014,56,0.0784313725490196,0,0,0,0,58953.0,66918.0
2012-08-27,49529,15,164,9.36,,164.0,1,0,8,3,240,0,0,0,0,0,0,244.0,143.0,181.0,216.42857142857144,70.37721492750602,222.13333333333333,0,27,35,240,2012,0.0,1.0,-0.8660254037844385,-0.5000000000000004,-0.8359254794186365,-0.5488429582847199,70306.0,74817.0,61924.0,51590.0,48202.0,69754.0,,60925.71428571428,9179.43795872575,59763.5,9692.023443176202,59140.2,8689.177507205395,58359.5,7724.348996017769,57,0.07983193277310924,0,0,0,0,49896.0,52871.5
2012-08-28,55764,19,164,10.72,,164.0,2,0,8,3,241,0,0,0,0,0,0,164.0,168.0,172.0,219.42857142857144,67.096589935349,217.56666666666663,1,28,35,241,2012,0.7818314824680298,0.6234898018587336,-0.8660254037844385,-0.5000000000000004,-0.8452490573530634,-0.5343725582809785,49529.0,70306.0,74817.0,61107.0,51847.0,71237.0,,60162.42857142857,9381.761399245928,60043.28571428572,9500.55968738824,58624.433333333334,8400.817007407913,58315.50847457627,7664.922095950873,58,0.08123249299719888,0,0,0,0,56477.0,56646.5
2012-08-29,59431,29,139,10.91,,139.0,3,0,8,3,242,0,0,0,0,0,0,164.0,168.0,181.0,218.8571428571429,67.62255188773578,215.9,2,29,35,242,2012,0.9749279121818236,-0.22252093395631434,-0.8660254037844385,-0.5000000000000004,-0.8543221697498269,-0.5197438121555157,55764.0,49529.0,70306.0,52338.0,47950.0,56619.0,,61175.71428571428,8758.146221552548,60863.357142857145,8849.599474701527,58718.166666666664,8393.353844820786,58334.1,7601.051851162957,59,0.08263305322128851,0,0,0,0,50144.0,55683.5
2012-08-30,57705,35,144,10.15,,144.0,4,0,8,3,243,0,0,0,0,0,0,139.0,190.0,252.0,214.7142857142857,72.00396814461979,214.53333333333333,3,30,35,243,2012,0.43388373911755823,-0.900968867902419,-0.8660254037844385,-0.5000000000000004,-0.8631421280499115,-0.5049610547215202,59431.0,55764.0,49529.0,56459.0,79361.0,45829.0,,61353.71428571428,8658.400809123386,59316.5,7084.186243371172,59114.03333333333,8036.978869182012,58402.21666666667,7576.34492192566,60,0.08403361344537816,0,0,0,0,67910.0,55261.0
2012-08-31,60339,40,219,9.22,,219.0,5,0,8,3,244,0,0,0,0,0,0,144.0,257.0,240.0,208.14285714285717,76.58857306288918,213.6,4,31,35,244,2012,-0.433883739117558,-0.9009688679024191,-0.8660254037844385,-0.5000000000000004,-0.8717063187093217,-0.4900286664290594,57705.0,59431.0,55764.0,61924.0,58840.0,57814.0,,61127.28571428572,8661.725746337264,59423.57142857143,7087.757513588393,59198.2,8036.116292219083,58568.583333333336,7505.957054101937,61,0.08543417366946779,0,0,0,0,60382.0,57917.5
2012-09-01,57587,50,346,12.87,,346.0,6,1,9,3,245,0,0,0,0,0,0,219.0,345.0,286.0,202.7142857142857,73.84604319283521,213.63333333333333,5,1,35,245,2012,-0.9749279121818236,-0.2225209339563146,-1.0,-1.8369701987210297e-16,-0.8800122039735356,-0.4749510720670502,60339.0,57705.0,59431.0,74817.0,55232.0,66691.0,,58665.857142857145,6229.872776351357,59591.78571428572,7008.1247593673215,58894.73333333333,7914.384416052678,58864.51666666667,7093.3676004399895,62,0.08683473389355742,0,0,0,0,65024.5,72926.0
2012-09-02,63844,41,299,10.89,,299.0,7,1,9,3,246,0,0,0,1,0,0,346.0,244.0,218.0,202.8571428571429,74.1674424785533,217.76666666666668,6,2,35,246,2012,-0.7818314824680299,0.6234898018587334,-1.0,-1.8369701987210297e-16,-0.888057322629493,-0.4597327394521046,57587.0,60339.0,57705.0,70306.0,65389.0,59139.0,,57742.71428571428,4438.8958354635,59481.42857142857,6921.442132013625,59051.566666666666,7965.842192777227,58981.48333333333,7117.006134727681,63,0.08823529411764706,0,0,0,0,67847.5,61411.5
2012-09-03,63584,19,304,9.82,,304.0,1,0,9,3,247,0,0,1,0,0,0,299.0,164.0,143.0,210.7142857142857,81.77553482086245,220.03333333333333,0,3,36,247,2012,0.0,1.0,-1.0,-1.8369701987210297e-16,-0.8958392907349089,-0.4443781781046134,63844.0,57587.0,60339.0,49529.0,51590.0,66645.0,,59750.57142857143,3072.9427186950447,60338.142857142855,6604.56550550327,58949.53333333333,7884.412845142224,59119.85,7124.5613194124335,64,0.0896358543417367,0,0,0,0,50559.5,48865.5
2012-09-04,49566,21,119,8.12,,119.0,2,0,9,3,248,0,0,0,1,0,0,304.0,164.0,168.0,230.7142857142857,85.48238470724887,219.83333333333331,1,4,36,248,2012,0.7818314824680298,0.6234898018587336,-1.0,-1.8369701987210297e-16,-0.9033558023246842,-0.4288919379124841,63584.0,63844.0,57587.0,55764.0,61107.0,68447.0,,58865.142857142855,4813.223432329291,59513.78571428572,7195.071637838398,58320.166666666664,7853.663244026621,58747.5,7028.090416201624,65,0.09103641456582633,0,0,0,0,58435.5,53805.5
2012-09-05,59376,24,110,8.13,,110.0,3,0,9,3,249,0,0,0,0,0,0,119.0,139.0,168.0,224.28571428571428,92.721292566692,215.7,2,5,36,249,2012,0.9749279121818236,-0.22252093395631434,-1.0,-1.8369701987210297e-16,-0.9106046300942162,-0.41327860778290443,49566.0,63584.0,63844.0,59431.0,52338.0,54153.0,,58857.28571428572,4812.190551584783,60016.5,6894.739954375487,58494.26666666667,7815.901002326024,58896.4,6943.2721348787045,66,0.09243697478991597,0,0,0,0,55884.5,53690.5
2012-09-06,53397,30,148,6.9,,148.0,4,0,9,3,250,0,0,0,0,0,0,110.0,144.0,190.0,220.14285714285717,97.68218631771876,213.63333333333333,3,6,36,250,2012,0.43388373911755823,-0.900968867902419,-1.0,-1.8369701987210297e-16,-0.9175836260593934,-0.3975428142825566,59376.0,49566.0,63584.0,57705.0,56459.0,52186.0,,58241.857142857145,5240.527308982411,59797.78571428572,7062.789699202786,58534.63333333333,7785.264509418369,58903.433333333334,6937.383503658723,67,0.0938375350140056,0,0,0,0,57082.0,68533.0
2012-09-07,46680,29,168,7.47,,168.0,5,0,9,3,251,0,0,0,0,0,0,148.0,219.0,257.0,220.7142857142857,97.17289451576208,212.83333333333331,4,7,36,251,2012,-0.433883739117558,-0.9009688679024191,-1.0,-1.8369701987210297e-16,-0.9242907221930934,-0.3816892202666586,53397.0,59376.0,49566.0,60339.0,61924.0,59029.0,,56290.57142857143,6675.885455806414,58708.92857142857,7841.879459418138,58123.0,8079.144359782596,58704.46666666667,7114.63720257708,68,0.09523809523809523,0,0,0,0,61131.5,59589.5
2012-09-08,66426,24,228,6.8,,228.0,6,1,9,3,252,0,0,0,0,0,0,168.0,346.0,345.0,213.42857142857144,99.2133343572612,211.56666666666663,5,8,36,252,2012,-0.9749279121818236,-0.2225209339563146,-1.0,-1.8369701987210297e-16,-0.9307239310379793,-0.3657225234972692,46680.0,53397.0,59376.0,57587.0,74817.0,54063.0,,57553.28571428572,7716.753780234399,58109.57142857143,6762.395885327201,58535.1,8179.5920366609325,58892.666666666664,7167.741269322913,69,0.09663865546218488,0,0,0,0,66202.0,56409.5
2012-09-09,58921,44,182,6.53,,182.0,7,1,9,3,253,0,0,0,0,0,1,228.0,299.0,244.0,196.57142857142856,81.35079828097797,212.86666666666667,6,9,36,253,2012,-0.7818314824680299,0.6234898018587334,-1.0,-1.8369701987210297e-16,-0.9368813462954315,-0.34964745525122826,66426.0,46680.0,53397.0,63844.0,70306.0,53911.0,,56850.0,7258.615731207523,57296.357142857145,5798.786857307625,58702.1,8132.93855936124,58853.35,7160.890809145781,70,0.09803921568627451,0,0,0,0,67075.0,64616.5
2012-09-10,78926,50,414,8.22,,414.0,1,0,9,3,254,0,0,0,0,1,1,182.0,304.0,164.0,179.85714285714286,67.66690124284918,210.53333333333333,0,10,37,254,2012,0.0,1.0,-1.0,-1.8369701987210297e-16,-0.9427611433904206,-0.33346877891818705,58921.0,66426.0,46680.0,63584.0,49529.0,71035.0,,59041.71428571428,10988.651368787796,59396.142857142855,7760.4484887957915,58965.13333333333,8656.323404203482,59244.416666666664,7599.79605946635,71,0.09943977591036414,0,0,0,0,56556.5,57587.0
2012-09-11,107188,60,473,5.89,,473.0,2,0,9,3,255,0,0,0,0,1,1,414.0,119.0,164.0,195.57142857142856,104.20789660234824,214.7,1,11,37,255,2012,0.7818314824680298,0.6234898018587336,-1.0,-1.8369701987210297e-16,-0.9483615800121716,-0.31719128858910595,78926.0,58921.0,66426.0,49566.0,55764.0,52517.0,,67273.42857142857,20324.24898044323,63069.28571428572,14845.099525166144,60787.5,12257.66748006015,60048.38333333333,9800.87843363563,72,0.10084033613445378,0,0,0,0,52665.0,55336.5
2012-09-12,59675,43,461,8.57,,461.0,3,0,9,3,256,0,0,0,0,1,1,473.0,110.0,139.0,246.14285714285717,140.4497876721174,222.2,2,12,37,256,2012,0.9749279121818236,-0.22252093395631434,-1.0,-1.8369701987210297e-16,-0.9536809966304455,-0.300819807635668,107188.0,78926.0,58921.0,59376.0,59431.0,48202.0,,67316.14285714286,20305.19041549534,63086.71428571428,14840.64206276686,61169.933333333334,12028.295860417931,60073.0,9798.006545781978,73,0.10224089635854341,0,0,0,0,59403.5,55857.0
2012-09-13,51733,25,156,9.14,,156.0,4,0,9,3,257,0,0,0,0,0,1,461.0,148.0,144.0,296.2857142857143,146.2790874615078,231.53333333333333,3,13,37,257,2012,0.43388373911755823,-0.900968867902419,-1.0,-1.8369701987210297e-16,-0.9587178169872964,-0.2843591872810036,59675.0,107188.0,78926.0,53397.0,57705.0,51847.0,,67078.42857142857,20504.067863533346,62660.142857142855,15090.947448755463,61166.13333333333,12031.360357439831,60027.1,9831.013534141564,74,0.10364145658263306,0,0,0,0,55551.0,54928.0
2012-09-14,53967,29,173,8.37,,173.0,5,0,9,3,258,0,0,0,0,0,0,156.0,168.0,219.0,297.42857142857144,144.9527016453496,231.0,4,14,37,258,2012,-0.433883739117558,-0.9009688679024191,-1.0,-1.8369701987210297e-16,-0.9634705485641486,-0.26781430516217486,51733.0,59675.0,107188.0,46680.0,60339.0,47950.0,,68119.42857142857,19453.914334970763,62205.0,15261.464522928838,61366.7,11852.265693921578,60042.2,9820.82307089536,75,0.10504201680672269,0,0,0,0,53509.5,54302.0
2012-09-15,72378,32,250,9.47,,250.0,6,1,9,3,259,0,0,0,0,0,0,173.0,228.0,346.0,298.1428571428572,144.21907937975084,230.7333333333333,5,15,37,259,2012,-0.9749279121818236,-0.2225209339563146,-1.0,-1.8369701987210297e-16,-0.9679377830240642,-0.25119006388481957,53967.0,51733.0,59675.0,66426.0,57587.0,79361.0,,68969.71428571429,19497.58757482821,63261.5,15428.238858315324,61133.933333333334,11551.441686208913,60346.11666666667,9916.853367624824,76,0.10644257703081232,0,0,0,0,62006.5,70621.5
2012-09-16,55815,25,182,7.09,,182.0,7,1,9,3,260,0,0,0,0,0,0,250.0,182.0,299.0,301.2857142857143,142.66711170380083,230.66666666666663,6,16,37,260,2012,-0.7818314824680299,0.6234898018587334,-1.0,-1.8369701987210297e-16,-0.9721181966290612,-0.23449138957041052,72378.0,53967.0,51733.0,58921.0,63844.0,58840.0,,68526.0,19797.420707422134,62688.0,15553.638283249165,61033.1,11585.309137750333,60258.55,9933.544646033753,77,0.10784313725490197,0,0,0,0,61382.5,64613.5
2012-09-17,49625,20,123,5.81,,123.0,1,0,9,3,261,0,0,0,0,0,0,182.0,414.0,304.0,301.2857142857143,142.66711170380083,228.7333333333333,0,17,38,261,2012,0.0,1.0,-1.0,-1.8369701987210297e-16,-0.9760105506323682,-0.21772323039653224,55815.0,72378.0,53967.0,78926.0,63584.0,55232.0,,64340.142857142855,20322.668791512686,61690.92857142857,15934.540767026961,60846.2,11726.489733755028,59945.933333333334,9968.646984789095,78,0.1092436974789916,0,0,0,0,71255.0,64227.5
2012-09-18,56618,19,110,8.34,,110.0,2,0,9,3,262,0,0,0,0,0,0,123.0,473.0,119.0,259.7142857142857,146.68982501150091,223.3,1,18,38,262,2012,0.7818314824680298,0.6234898018587336,-1.0,-1.8369701987210297e-16,-0.9796136916454901,-0.20089055513063528,49625.0,55815.0,72378.0,107188.0,49566.0,65389.0,,57115.857142857145,7488.053828790021,62194.642857142855,15630.328460583114,60553.833333333336,11718.659712357168,59993.583333333336,9945.378114501005,79,0.11064425770308123,0,0,0,0,78377.0,81476.0
2012-09-19,51181,17,110,6.06,,110.0,3,0,9,3,263,0,0,0,0,0,0,110.0,461.0,110.0,207.8571428571429,120.55901538448364,219.7,2,19,38,263,2012,0.9749279121818236,-0.22252093395631434,-1.0,-1.8369701987210297e-16,-0.9829265519799822,-0.18399835165767986,56618.0,49625.0,55815.0,59675.0,59376.0,51590.0,,55902.42857142857,7689.735102874523,61609.28571428572,15895.213989067337,60540.2,11729.680447774208,59823.46666666667,10008.219546472566,80,0.11204481792717087,0,0,0,0,59525.5,59553.0
2012-09-20,54540,57,152,9.45,,152.0,4,0,9,3,264,0,0,0,0,0,0,110.0,156.0,148.0,157.71428571428572,50.16876281018602,218.6,3,20,38,264,2012,0.43388373911755823,-0.900968867902419,-1.0,-1.8369701987210297e-16,-0.9859481499638303,-0.1670516255021195,51181.0,56618.0,49625.0,51733.0,53397.0,61107.0,,56303.42857142857,7507.092487711027,61690.92857142857,15852.666863553695,60321.3,11779.907382546746,59753.7,10030.564810465521,81,0.1134453781512605,0,0,0,0,52565.0,54719.0
2012-09-21,64774,42,186,9.54,,186.0,5,0,9,3,265,0,0,0,0,0,0,152.0,173.0,168.0,157.14285714285714,50.21430264850974,218.06666666666663,4,21,38,265,2012,-0.433883739117558,-0.9009688679024191,-1.0,-1.8369701987210297e-16,-0.9886775902323404,-0.15005539834465262,54540.0,51181.0,56618.0,53967.0,46680.0,52338.0,,57847.28571428572,8038.924507550436,62983.357142857145,15261.27264885329,60735.833333333336,11707.879224555641,59824.65,10051.090121879102,82,0.11484593837535013,0,0,0,0,50323.5,57153.0
2012-09-22,63478,43,296,6.75,,296.0,6,1,9,3,266,0,0,0,0,0,0,186.0,250.0,228.0,159.0,51.13055185828993,218.66666666666663,5,22,38,266,2012,-0.9749279121818236,-0.2225209339563146,-1.0,-1.8369701987210297e-16,-0.9911140639934546,-0.13301470653419636,64774.0,54540.0,51181.0,72378.0,66426.0,56459.0,,56575.857142857145,5729.942042422727,62772.78571428572,15230.424698248278,60969.8,11689.58364026532,59995.7,10023.991857335694,83,0.11624649859943978,0,0,0,0,69402.0,64982.5
2012-09-23,48914,42,216,10.45,,216.0,7,1,9,3,267,0,0,0,0,0,0,296.0,182.0,182.0,165.57142857142858,65.66545805027425,222.2,6,23,38,267,2012,-0.7818314824680299,0.6234898018587334,-1.0,-1.8369701987210297e-16,-0.9932568492674143,-0.11593459959550066,63478.0,64774.0,54540.0,55815.0,58921.0,61924.0,,55590.0,6433.184359242293,62058.0,15654.030451759558,60536.13333333333,11892.527960528578,59802.21666666667,10125.169372245915,84,0.11764705882352941,0,0,0,0,57368.0,59829.5
2012-09-24,43787,19,119,9.75,,119.0,1,0,9,3,268,0,0,0,0,0,0,216.0,123.0,414.0,170.42857142857142,68.28825458514564,220.83333333333331,0,24,39,268,2012,0.0,1.0,-1.0,-1.8369701987210297e-16,-0.9951053111006974,-0.09882013873287211,48914.0,63478.0,64774.0,49625.0,78926.0,74817.0,,54756.0,7606.749831564044,59548.07142857143,15558.169604938881,59501.8,11956.86120847025,59604.6,10321.507487781959,85,0.11904761904761904,0,0,0,0,64275.5,56604.5
2012-09-25,49372,21,106,8.21,,106.0,2,0,9,3,269,0,0,0,0,0,0,119.0,110.0,473.0,169.85714285714286,68.76634004954367,213.3,1,25,39,269,2012,0.7818314824680298,0.6234898018587336,-1.0,-1.8369701987210297e-16,-0.99665890175417,-0.08167639533042288,43787.0,48914.0,63478.0,56618.0,107188.0,70306.0,,53720.857142857145,7801.662481560585,55418.357142857145,7554.735719117805,58804.0,11915.367842730924,59309.183333333334,10357.02600872858,86,0.12044817927170869,0,0,0,0,81903.0,53092.0
2012-09-26,45250,21,119,11.81,,119.0,3,0,9,3,270,0,0,0,0,0,0,106.0,110.0,461.0,169.28571428571428,69.36068599649741,208.7,2,26,39,270,2012,0.9749279121818236,-0.22252093395631434,-1.0,-1.8369701987210297e-16,-0.9979171608653922,-0.06450844944931625,49372.0,43787.0,48914.0,51181.0,59675.0,49529.0,,52873.57142857143,8420.955208231851,54388.0,7905.090813471463,58661.36666666667,12055.015692386227,58900.78333333333,10421.10821084257,87,0.12184873949579832,0,0,0,0,55428.0,55278.5
2012-09-27,51868,38,131,6.77,,131.0,4,0,9,3,271,0,0,0,0,0,0,119.0,152.0,156.0,170.57142857142858,68.15144200689373,207.2,3,27,39,271,2012,0.43388373911755823,-0.900968867902419,-1.0,-1.8369701987210297e-16,-0.9988797155850335,-0.04732138832243232,45250.0,49372.0,43787.0,54540.0,51733.0,55764.0,,52491.857142857145,8393.342290739924,54397.642857142855,7901.6846461531795,58531.5,12108.1731209785,58577.96666666667,10332.108459516337,88,0.12324929971988796,0,0,0,0,53136.5,53968.5
2012-09-28,69335,37,182,9.9,,182.0,5,0,9,3,272,0,0,0,0,0,0,131.0,186.0,173.0,167.57142857142858,69.55299452661257,206.1,4,28,39,272,2012,-0.433883739117558,-0.9009688679024191,-1.0,-1.8369701987210297e-16,-0.9995462806873573,-0.03012030484690836,51868.0,45250.0,49372.0,64774.0,53967.0,59431.0,,53143.42857142857,9596.50786930922,55495.357142857145,8848.05748005345,58861.63333333333,12267.513455389439,58789.9,10421.276085205103,89,0.12464985994397759,0,0,0,0,59370.5,55727.0
2012-09-29,66380,45,292,9.13,,292.0,6,1,9,3,273,0,0,0,0,0,0,182.0,296.0,250.0,167.0,69.3926028718716,207.53333333333333,5,29,39,273,2012,-0.9749279121818236,-0.2225209339563146,-1.0,-1.8369701987210297e-16,-0.9999166586547379,-0.012910296075008843,69335.0,51868.0,45250.0,63478.0,72378.0,57705.0,,53558.0,10163.317617786011,55066.92857142857,8079.545307696531,59150.8,12341.329807070895,59132.416666666664,10325.353319011869,90,0.12605042016806722,0,0,0,0,67928.0,64952.0
2012-09-30,61925,24,182,10.86,,182.0,7,1,9,3,274,0,0,0,0,0,0,292.0,216.0,182.0,166.42857142857142,68.15877821395419,212.46666666666667,6,30,39,274,2012,-0.7818314824680299,0.6234898018587334,-1.0,-1.8369701987210297e-16,-0.9999907397361901,0.004303538296243821,66380.0,69335.0,51868.0,48914.0,55815.0,60339.0,,55416.71428571428,10360.29577625215,55503.357142857145,8285.458230744198,59203.666666666664,12349.989167476286,59200.933333333334,10330.09506226735,91,0.12745098039215685,0,0,0,0,52364.5,53917.5
2012-10-01,44538,15,102,9.78,,102.0,1,0,10,4,275,0,0,0,0,0,0,182.0,119.0,123.0,161.57142857142858,65.18398868550716,211.2333333333333,0,1,40,275,2012,0.0,1.0,-0.8660254037844386,0.5000000000000001,-0.9997685019798909,0.021516097436222233,61925.0,66380.0,69335.0,43787.0,49625.0,57587.0,,55524.0,10222.768460647027,55140.0,8665.893411263767,58768.7,12635.386855014058,58831.71666666667,10453.012082473057,92,0.12885154061624648,0,0,0,0,46706.0,61356.5
2012-10-02,55900,24,123,7.06,,123.0,2,0,10,4,276,0,0,0,0,0,0,102.0,106.0,110.0,159.14285714285714,67.31624016889337,203.1,1,2,40,276,2012,0.7818314824680298,0.6234898018587336,-0.8660254037844386,0.5000000000000001,-0.9992500112396835,0.03872228089217399,44538.0,61925.0,66380.0,49372.0,56618.0,63844.0,,56456.57142857143,9859.313834426506,55088.71428571428,8658.595128795188,58503.9,12608.568825098326,58777.73333333333,10459.759793830488,93,0.13025210084033614,0,0,0,0,52995.0,78280.0
2012-10-03,58416,20,114,7.16,,114.0,3,0,10,4,277,0,0,0,0,0,0,123.0,119.0,110.0,161.57142857142858,65.35762425011326,197.2333333333333,2,3,40,277,2012,0.9749279121818236,-0.22252093395631434,-0.8660254037844386,0.5000000000000001,-0.9984354211555643,0.05591699010060302,55900.0,44538.0,61925.0,45250.0,51181.0,63584.0,,58337.42857142857,8531.560698511183,55605.5,8623.260848069383,58331.63333333333,12572.019099581017,58640.583333333336,10408.679787808887,94,0.13165266106442577,0,0,0,0,48215.5,52462.5
2012-10-04,52914,33,152,11.73,,152.0,4,0,10,4,278,0,0,0,0,0,0,114.0,131.0,152.0,160.85714285714286,65.92528238197241,190.9,3,4,40,278,2012,0.43388373911755823,-0.900968867902419,-0.8660254037844386,0.5000000000000001,-0.9973249731081555,0.07309512989807776,58416.0,55900.0,44538.0,51868.0,54540.0,49566.0,,58486.857142857145,8407.624881193073,55489.357142857145,8649.625128445598,58443.23333333333,12506.212317479862,58381.7,10353.663884861146,95,0.1330532212885154,0,0,0,0,53204.0,51800.5
2012-10-05,64401,31,186,9.79,,186.0,5,0,10,4,279,0,0,0,0,0,1,152.0,182.0,186.0,163.85714285714286,64.80850914149163,192.0,4,5,40,279,2012,-0.433883739117558,-0.9009688679024191,-0.8660254037844386,0.5000000000000001,-0.9959189961471792,0.0902516100310407,52914.0,58416.0,55900.0,69335.0,64774.0,59376.0,,57782.0,7504.9545190715835,55462.71428571428,8619.347828519925,58610.73333333333,12552.700344007131,58552.5,10367.242008577152,96,0.13445378151260504,0,0,0,0,67054.5,61651.0
2012-10-06,171665,88,1231,8.87,,1225.67,6,1,10,4,280,0,0,0,0,1,1,186.0,292.0,296.0,164.42857142857142,65.01245301954845,194.53333333333333,5,6,40,280,2012,-0.9749279121818236,-0.2225209339563146,-0.8660254037844386,0.5000000000000001,-0.994217906893952,0.10738134666416306,64401.0,52914.0,58416.0,66380.0,63478.0,53397.0,,72822.71428571429,44063.96209948399,63190.357142857145,32306.830598561908,62553.0,24109.93391915886,60543.816666666666,17877.78069635144,97,0.13585434173669467,0,0,0,0,64929.0,69379.0
2012-10-07,97231,107,798,9.9,,798.0,7,1,10,4,281,0,0,0,1,1,1,1225.67,182.0,216.0,297.81,410.4437387754869,230.45566666666667,6,7,40,281,2012,-0.7818314824680299,0.6234898018587334,-0.8660254037844386,0.5000000000000001,-0.9922222094179324,0.12447926388678869,171665.0,64401.0,52914.0,61925.0,48914.0,46680.0,,77866.42857142857,44625.716415751216,66641.57142857143,33231.942019953975,64238.03333333333,24721.071515226024,61180.51666666667,18492.609175515543,98,0.13725490196078433,0,0,0,0,55419.5,58870.0
2012-10-08,78493,34,497,11.48,,497.0,1,0,10,4,282,0,0,1,0,1,1,798.0,102.0,119.0,385.81,445.9735523174741,251.45566666666667,0,8,41,282,2012,0.0,1.0,-0.8660254037844386,0.5000000000000001,-0.989932495087353,0.141540295217043,97231.0,171665.0,64401.0,44538.0,43787.0,66426.0,,82717.14285714286,42177.462051940216,69120.57142857143,32685.911297387127,64640.26666666667,24855.702915903992,61587.683333333334,18601.865683259373,99,0.13865546218487396,0,0,0,0,44162.5,47081.5
2012-10-09,62610,22,102,8.52,,102.0,2,0,10,4,283,0,0,0,1,0,1,497.0,123.0,106.0,442.23857142857145,428.73462469724313,260.4223333333333,1,9,41,283,2012,0.7818314824680298,0.6234898018587336,-0.8660254037844386,0.5000000000000001,-0.9873494423939864,0.15855938510313475,78493.0,97231.0,171665.0,55900.0,49372.0,58921.0,,83675.71428571429,41537.80579068617,70066.14285714286,32259.35565873075,64763.23333333333,24835.54974528598,61732.666666666664,18574.899895404385,100,0.1400560224089636,0,0,0,0,52636.0,56259.0
2012-10-10,49746,18,106,10.96,,106.0,3,0,10,4,284,0,0,0,0,0,0,102.0,114.0,119.0,439.23857142857145,431.4058975191298,257.7556666666667,2,10,41,284,2012,0.9749279121818236,-0.22252093395631434,-0.8660254037844386,0.5000000000000001,-0.9844738167520923,0.17553149042142777,62610.0,78493.0,97231.0,58416.0,45250.0,78926.0,,82437.14285714286,42533.84885566071,70387.28571428571,32014.758326142633,63790.566666666666,24833.155206203704,61377.85,18597.512382241533,101,0.14145658263305322,0,0,0,0,51833.0,54798.5
2012-10-11,56806,40,149,8.02,,149.0,4,0,10,4,285,0,0,0,0,0,0,106.0,152.0,131.0,438.0957142857143,432.4205061379162,247.489,3,11,41,285,2012,0.43388373911755823,-0.900968867902419,-0.8660254037844386,0.5000000000000001,-0.9813064702716093,0.19245158197082995,49746.0,62610.0,78493.0,52914.0,51868.0,107188.0,,82993.14285714286,42106.89840326472,70740.0,31821.651354432837,62111.166666666664,23462.89642302227,61449.333333333336,18571.100703637167,102,0.14285714285714285,0,0,0,0,52391.0,53727.0
2012-10-12,60275,45,234,10.86,,234.0,5,0,10,4,286,0,0,0,0,0,0,149.0,186.0,182.0,437.6671428571429,432.7526725014452,236.689,4,12,41,286,2012,-0.433883739117558,-0.9009688679024191,-0.8660254037844386,0.5000000000000001,-0.9778483415056567,0.20931464596304888,56806.0,49746.0,62610.0,64401.0,69335.0,59675.0,,82403.71428571429,42438.11104700697,70092.85714285714,31944.31033932248,62131.166666666664,23461.00385023879,61650.55,18490.363513513315,103,0.14425770308123248,0,0,0,0,66868.0,64587.5
2012-10-13,71615,35,318,10.97,,318.0,6,1,10,4,287,0,0,0,0,0,0,234.0,1225.67,292.0,444.5242857142857,428.459267758992,229.12233333333333,5,13,41,287,2012,-0.9749279121818236,-0.2225209339563146,-0.8660254037844386,0.5000000000000001,-0.9741004551724206,0.22611568550828803,60275.0,56806.0,49746.0,171665.0,66380.0,51733.0,,68110.85714285714,15941.447481628606,70466.78571428571,31928.141209666366,62793.9,23437.949707832733,61980.01666666667,18488.83621154519,104,0.14565826330532214,0,0,0,0,119022.5,117571.5
2012-10-14,58551,37,226,7.3,,226.0,7,1,10,4,288,0,0,0,0,0,0,318.0,798.0,182.0,314.85714285714283,254.81655399615687,234.5223333333333,6,14,41,288,2012,-0.7818314824680299,0.6234898018587334,-0.8660254037844386,0.5000000000000001,-0.970063921851507,0.2428497220959358,71615.0,60275.0,56806.0,97231.0,61925.0,53967.0,,62585.142857142855,9612.94272372008,70225.78571428571,32010.204294108302,62946.7,23393.319640518064,62156.7,18402.94310038295,105,0.14705882352941177,0,0,0,0,79578.0,73072.5
2012-10-15,48499,27,115,11.47,,115.0,1,0,10,4,289,0,0,0,0,0,0,226.0,497.0,102.0,233.14285714285717,139.83136101679636,236.289,0,15,42,289,2012,0.0,1.0,-0.8660254037844386,0.5000000000000001,-0.965739937654855,0.25951179706979943,58551.0,71615.0,60275.0,78493.0,44538.0,72378.0,,58300.28571428572,7866.506037504462,70508.71428571429,31782.386908544104,62150.73333333333,23467.4789191977,61642.333333333336,18345.137912797167,106,0.1484593837535014,0,0,0,0,61515.5,61140.0
2012-10-16,63233,29,137,7.51,,137.0,2,0,10,4,290,0,0,0,0,0,0,115.0,102.0,123.0,178.57142857142858,82.46990793183784,231.789,1,16,42,290,2012,0.7818314824680298,0.6234898018587336,-0.8660254037844386,0.5000000000000001,-0.9611297838723007,0.27609697309746883,48499.0,58551.0,71615.0,62610.0,55900.0,55815.0,,58389.28571428572,7926.68582940526,71032.5,31582.909318782866,62398.0,23437.481033003816,61715.55,18342.530241911114,107,0.14985994397759103,0,0,0,0,59255.0,55991.0
2012-10-17,53068,20,123,6.45,,123.0,3,0,10,4,291,0,0,0,0,0,0,137.0,106.0,114.0,183.57142857142856,77.99328420417028,230.289,2,17,42,291,2012,0.9749279121818236,-0.22252093395631434,-0.8660254037844386,0.5000000000000001,-0.9562348265919058,0.2926003356333479,63233.0,48499.0,58551.0,49746.0,58416.0,49625.0,,58863.857142857145,7405.260032089087,70650.5,31778.979924447885,62512.76666666667,23381.14051919112,61679.48333333333,18357.616152331102,108,0.15126050420168066,0,0,0,0,54081.0,47498.0
2012-10-18,61053,54,145,13.02,,145.0,4,0,10,4,292,0,0,0,0,0,0,123.0,149.0,152.0,186.0,75.39672848782476,230.289,3,18,42,292,2012,0.43388373911755823,-0.900968867902419,-0.8660254037844386,0.5000000000000001,-0.9510565162951536,0.30901699437494723,53068.0,63233.0,48499.0,56806.0,52914.0,56618.0,,59470.57142857143,7382.503095318003,71231.85714285714,31502.799941145997,62660.6,23356.5919449469,61607.21666666667,18351.299217934356,109,0.15266106442577032,0,0,0,0,54860.0,54337.0
2012-10-19,75176,55,204,14.93,,204.0,5,0,10,4,293,0,0,0,0,0,0,145.0,234.0,186.0,185.42857142857144,75.73827113346206,231.45566666666667,4,19,42,293,2012,-0.433883739117558,-0.9009688679024191,-0.8660254037844386,0.5000000000000001,-0.9455963874271428,0.3253420847119795,61053.0,53068.0,63233.0,60275.0,64401.0,51181.0,,61599.28571428572,9498.258800332522,72001.5,31454.66335182946,63460.433333333334,23360.771163586858,62000.316666666666,18385.668880575384,110,0.15406162464985995,0,0,0,0,62338.0,64805.0
2012-10-20,92254,64,383,15.54,,383.0,6,1,10,4,294,0,0,0,0,0,0,204.0,318.0,1225.67,181.14285714285717,73.34264010207811,234.589,5,20,42,294,2012,-0.9749279121818236,-0.2225209339563146,-0.8660254037844386,0.5000000000000001,-0.9398560579418953,0.341570769167856,75176.0,61053.0,53068.0,71615.0,171665.0,54540.0,,64547.71428571428,14831.531048347444,66329.28571428571,14907.562151361422,64717.566666666666,23873.320179479728,62519.433333333334,18795.17374254437,111,0.15546218487394958,0,0,0,0,121640.0,68997.5
2012-10-21,77484,42,234,13.11,,234.0,7,1,10,4,295,0,0,0,0,0,0,383.0,226.0,798.0,190.42857142857144,94.59361702013769,242.289,6,21,42,295,2012,-0.7818314824680299,0.6234898018587334,-0.8660254037844386,0.5000000000000001,-0.9338372288229252,0.35769823883312546,92254.0,75176.0,61053.0,58551.0,97231.0,64774.0,,67252.42857142857,15275.385590955799,64918.78571428572,12498.36568502873,65141.23333333333,23986.864873528586,62938.53333333333,18844.588661269034,112,0.1568627450980392,0,0,0,0,77891.0,60238.0
2012-10-22,54736,22,115,7.23,,115.0,1,0,10,4,296,0,0,0,0,0,0,234.0,115.0,497.0,191.57142857142856,95.14174888529472,243.889,0,22,43,296,2012,0.0,1.0,-0.8660254037844386,0.5000000000000001,-0.9275416835791965,0.3737197147904692,77484.0,92254.0,75176.0,48499.0,78493.0,63478.0,,68143.42857142857,14138.818690130376,63221.857142857145,12120.658720720432,64849.833333333336,24060.753581346922,62909.816666666666,18855.939364157974,113,0.15826330532212884,0,0,0,0,63496.0,46518.5
2012-10-23,54725,26,141,9.39,,141.0,2,0,10,4,297,0,0,0,0,0,0,115.0,137.0,102.0,191.57142857142856,95.14174888529472,237.85566666666668,1,23,43,297,2012,0.7818314824680298,0.6234898018587336,-0.8660254037844386,0.5000000000000001,-0.9209712877166347,0.38963044953078774,54736.0,77484.0,92254.0,63233.0,62610.0,48914.0,,66928.0,14972.409147049973,62658.642857142855,12332.621061528374,65043.53333333333,23951.180159150652,62789.833333333336,18885.200078517824,114,0.15966386554621848,0,0,0,0,62921.5,59566.5
2012-10-24,60454,28,158,7.83,,158.0,3,0,10,4,298,0,0,0,0,0,0,141.0,123.0,106.0,192.14285714285717,94.77065046983844,235.35566666666668,2,24,43,298,2012,0.9749279121818236,-0.22252093395631434,-0.8660254037844386,0.5000000000000001,-0.9141279881853337,0.4054257283599973,54725.0,54736.0,77484.0,53068.0,49746.0,43787.0,,67983.14285714286,14065.667449841221,63423.5,11790.315659309308,65599.1,23632.295171197835,62550.45,18821.08502737361,115,0.16106442577030813,0,0,0,0,51407.0,55742.0
2012-10-25,68056,34,149,6.64,,149.0,4,0,10,4,299,0,0,0,0,0,0,158.0,145.0,149.0,197.14285714285717,91.37729216719887,236.65566666666663,3,25,43,299,2012,0.43388373911755823,-0.900968867902419,-0.8660254037844386,0.5000000000000001,-0.9070138128026362,0.42110087079608916,60454.0,54725.0,54736.0,61053.0,56806.0,49372.0,,68983.57142857143,13735.78314545795,64227.07142857143,11687.529958591227,66221.9,23435.27922973955,62512.95,18807.607280237087,116,0.16246498599439776,0,0,0,0,58929.5,56983.5
2012-10-26,70350,42,192,8.24,,192.0,5,0,10,4,300,0,0,0,0,0,0,149.0,204.0,234.0,197.7142857142857,91.00863381334504,238.089,4,26,43,300,2012,-0.433883739117558,-0.9009688679024191,-0.8660254037844386,0.5000000000000001,-0.8996308696522434,0.4366512319560638,68056.0,60454.0,54725.0,75176.0,60275.0,45250.0,,68294.14285714286,13492.122422961835,64946.71428571428,11735.546327478582,67058.56666666667,23106.483156037175,62859.96666666667,18755.993648103093,117,0.1638655462184874,0,0,0,0,67725.5,69788.5
2012-10-27,69006,43,235,11.1,,235.0,6,1,10,4,301,0,0,0,0,0,0,192.0,383.0,318.0,196.0,90.98351499035472,240.5223333333333,5,27,43,301,2012,-0.9749279121818236,-0.2225209339563146,-0.8660254037844386,0.5000000000000001,-0.8919813464595487,0.45207220393230374,70350.0,68056.0,60454.0,92254.0,71615.0,51868.0,,64973.0,8577.550757646317,64760.357142857145,11641.85148906337,67629.83333333333,22929.145858466916,63080.666666666664,18748.988239067745,118,0.16526610644257703,0,0,0,0,81934.5,131959.5
2012-10-28,74692,41,170,9.09,,170.0,7,1,10,4,302,0,0,0,0,0,0,235.0,234.0,226.0,174.85714285714286,46.70984397115475,243.989,6,28,43,302,2012,-0.7818314824680299,0.6234898018587334,-0.8660254037844386,0.5000000000000001,-0.8840675099433637,0.46735921715800205,69006.0,70350.0,68056.0,77484.0,58551.0,69335.0,,64574.142857142855,7940.051352238811,65913.28571428571,11778.066880882865,67808.4,22963.716648601145,63335.01666666667,18802.078139281566,119,0.16666666666666666,0,0,0,0,68017.5,87357.5
2012-10-29,67921,22,107,10.41,,107.0,1,0,10,4,303,0,0,0,0,0,0,170.0,115.0,115.0,165.71428571428572,38.79739804726846,243.589,0,29,44,303,2012,0.0,1.0,-0.8660254037844386,0.5000000000000001,-0.8758917051442433,0.48250774176121763,74692.0,69006.0,70350.0,54736.0,48499.0,66380.0,,66457.71428571429,6681.367143389209,67300.57142857143,10659.870396919525,67859.76666666666,22962.13478553759,63505.28333333333,18796.485927519705,120,0.16806722689075632,0,0,0,0,51617.5,66614.5
2012-10-30,68049,26,124,5.99,,124.0,2,0,10,4,304,0,0,0,0,0,0,107.0,141.0,137.0,164.57142857142858,40.615502552832496,237.4223333333333,1,30,44,304,2012,0.7818314824680298,0.6234898018587336,-0.8660254037844386,0.5000000000000001,-0.8674563547295971,0.4975132889071803,67921.0,74692.0,69006.0,54725.0,63233.0,61925.0,,68361.14285714286,4230.018220156522,67644.57142857143,10596.026771420487,68063.9,22934.760265543024,63633.78333333333,18800.82687785947,121,0.16946778711484595,0,0,0,0,58979.0,58667.5
2012-10-31,83138,23,153,6.62,,153.0,3,0,10,4,305,0,0,0,0,0,0,124.0,158.0,123.0,162.14285714285714,42.71388755985909,235.489,2,31,44,305,2012,0.9749279121818236,-0.22252093395631434,-0.8660254037844386,0.5000000000000001,-0.858763958275803,0.5123714121284235,68049.0,67921.0,74692.0,60454.0,53068.0,44538.0,,71601.71428571429,5622.60025001134,69792.42857142857,10460.802342476027,69350.56666666667,22650.408241252568,64059.63333333333,18950.3205875719,122,0.17086834733893558,0,0,0,0,56761.0,55100.0
2012-11-01,70912,29,149,10.95,,149.0,4,0,11,4,306,0,0,0,0,0,0,153.0,149.0,145.0,161.42857142857142,42.8363441595157,237.189,3,1,44,306,2012,0.43388373911755823,-0.900968867902419,-0.5000000000000004,0.8660254037844384,-0.8498170915275277,0.5270777086423724,83138.0,68049.0,67921.0,68056.0,61053.0,55900.0,,72009.71428571429,5422.48665940522,70496.64285714286,10154.582115457077,69850.96666666666,22508.387047534285,64177.433333333334,18970.914487367383,123,0.1722689075630252,0,0,0,0,64554.5,62431.0
2012-11-02,49629,61,230,5.8,,230.0,5,0,11,4,307,0,0,0,0,0,0,149.0,192.0,204.0,161.42857142857142,42.8363441595157,238.05566666666667,4,2,44,307,2012,-0.433883739117558,-0.9009688679024191,-0.5000000000000004,0.8660254037844384,-0.8406184056344783,0.5416278206559811,70912.0,83138.0,68049.0,70350.0,75176.0,58416.0,,69049.57142857143,10109.605743337044,68671.85714285714,11460.45484301524,69558.06666666667,22718.512045941945,63944.85,19063.63084632398,124,0.17366946778711484,0,0,0,0,72763.0,65312.5
2012-11-03,82309,38,325,6.78,,325.0,6,1,11,4,308,0,0,0,0,0,0,230.0,235.0,383.0,166.85714285714286,49.27957173592609,241.9223333333333,5,3,44,308,2012,-0.9749279121818236,-0.2225209339563146,-0.5000000000000004,0.8660254037844384,-0.8311706263658079,0.5560174366570446,49629.0,70912.0,83138.0,69006.0,92254.0,52914.0,,70950.0,11282.389788220064,67961.5,10115.623975962986,70537.9,22609.543333474823,64490.566666666666,19113.63056038465,125,0.17507002801120447,0,0,0,0,80630.0,70310.5
2012-11-04,65587,32,244,10.32,,244.0,7,1,11,4,309,0,0,0,0,0,0,325.0,170.0,234.0,179.71428571428572,75.03269128789704,247.689,6,4,44,309,2012,-0.7818314824680299,0.6234898018587334,-0.5000000000000004,0.8660254037844384,-0.8214765533024145,0.5702422926917867,82309.0,49629.0,70912.0,74692.0,77484.0,64401.0,,69649.28571428571,11303.908744534387,67111.71428571429,9747.135172240834,70577.43333333333,22599.47743168097,64594.083333333336,19102.276885577718,126,0.17647058823529413,0,0,0,0,76088.0,66621.5
2012-11-05,68065,15,115,9.13,,115.0,1,0,11,4,310,0,0,0,0,0,0,244.0,107.0,115.0,190.28571428571428,78.5657140779076,249.62233333333333,0,5,45,310,2012,0.0,1.0,-0.5000000000000004,0.8660254037844384,-0.8115390590073611,0.5842981736283683,65587.0,82309.0,49629.0,67921.0,54736.0,171665.0,,69669.85714285714,11300.369793780625,68063.78571428571,9072.980437952723,67124.1,12093.323719137847,64838.55,19050.338624531636,127,0.17787114845938376,0,0,0,0,61328.5,58210.0
2012-11-06,63822,27,115,10.18,,115.0,2,0,11,4,311,0,0,0,0,0,0,115.0,124.0,141.0,191.42857142857144,77.19856894800024,212.6,1,6,45,311,2012,0.7818314824680298,0.6234898018587336,-0.5000000000000004,0.8660254037844384,-0.801361088174677,0.5981809144059158,68065.0,65587.0,82309.0,68049.0,54725.0,97231.0,,69066.0,11512.369405701522,68713.57142857143,8340.379549694802,66010.46666666666,10681.080501113374,65124.25,18901.354837660514,128,0.1792717086834734,0,0,0,0,61387.0,65641.0
2012-11-07,69768,25,132,11.23,,132.0,3,0,11,4,312,0,0,0,0,0,0,115.0,153.0,158.0,190.14285714285717,78.57147186146057,189.83333333333331,2,7,45,312,2012,0.9749279121818236,-0.22252093395631434,-0.5000000000000004,0.8660254037844384,-0.7909456567567774,0.6118864012687242,63822.0,68065.0,65587.0,83138.0,60454.0,78493.0,,67156.0,9765.097848972076,69378.85714285714,7995.1905337102435,65719.63333333333,10445.667039275293,65179.95,18910.178130564,129,0.18067226890756302,0,0,0,0,71796.0,68103.0
2012-11-08,68089,40,153,6.94,,153.0,4,0,11,4,313,0,0,0,0,0,0,132.0,149.0,149.0,187.14285714285717,80.6007207813695,177.66666666666666,3,8,45,313,2012,0.43388373911755823,-0.900968867902419,-0.5000000000000004,0.8660254037844384,-0.780295851070776,0.6254105729852457,69768.0,63822.0,68065.0,70912.0,68056.0,62610.0,,66752.71428571429,9641.6396723497,69381.21428571429,7994.775382216071,65902.26666666666,10437.317444807268,65332.75,18895.781353792678,130,0.18207282913165265,0,0,0,0,69484.0,65982.5
2012-11-09,68943,53,222,8.8,,222.0,5,0,11,4,314,0,0,0,0,0,1,153.0,230.0,192.0,187.7142857142857,80.29884657891955,179.36666666666667,4,9,45,314,2012,-0.433883739117558,-0.9009688679024191,-0.5000000000000004,0.8660254037844384,-0.7694148268839381,0.6387494220515268,68089.0,69768.0,63822.0,49629.0,70350.0,49746.0,,69511.85714285714,6000.735633474965,69280.71428571429,7990.502616602681,66542.16666666667,9991.595113008674,65166.36666666667,18817.850829182873,131,0.18347338935574228,0,0,0,0,59989.5,62402.5
2012-11-10,165555,128,1321,10.82,,1225.67,6,1,11,4,315,0,0,0,0,1,1,222.0,325.0,235.0,186.57142857142856,79.65102456519823,183.2333333333333,5,10,45,315,2012,-0.9749279121818236,-0.2225209339563146,-0.5000000000000004,0.8660254037844384,-0.7583058084785625,0.6518989958787125,68943.0,68089.0,69768.0,82309.0,69006.0,56806.0,,81404.14285714286,37163.12279858699,76177.07142857143,26937.03763183919,70167.13333333333,20518.842423377646,66139.15,22226.82021283586,132,0.18487394957983194,0,0,0,0,75657.5,87281.5
2012-11-11,106754,145,1010,8.38,,1010.0,7,1,11,4,316,0,0,0,1,1,1,1225.67,244.0,170.0,315.23857142857145,404.7102771295607,219.12233333333333,6,11,45,316,2012,-0.7818314824680299,0.6234898018587334,-0.5000000000000004,0.8660254037844384,-0.7469720876965551,0.6648553979642866,165555.0,68943.0,68089.0,65587.0,74692.0,60275.0,,87285.14285714286,37498.70286391504,78467.21428571429,28137.25769311947,71716.43333333333,21478.45635415802,66923.8,22817.88658256753,133,0.18627450980392157,0,0,0,0,70139.5,71535.5
2012-11-12,144189,67,890,9.69,,890.0,1,0,11,4,317,0,0,1,0,1,1,1010.0,115.0,107.0,424.6671428571429,478.9813276358586,244.989,0,12,46,317,2012,0.0,1.0,-0.5000000000000004,0.8660254037844384,-0.7354170229639858,0.6776147890466887,106754.0,165555.0,68943.0,68065.0,67921.0,71615.0,,98160.0,41788.582451829265,83914.92857142857,32915.75812110079,74135.56666666667,25226.624537665906,68464.73333333334,24809.574126422718,134,0.1876750700280112,0,0,0,0,67993.0,61400.5
2012-11-13,56477,30,133,6.86,,133.0,2,0,11,4,318,0,0,0,1,0,1,890.0,115.0,124.0,535.3814285714286,485.0044725714248,264.0556666666667,1,13,46,318,2012,0.7818314824680298,0.6234898018587336,-0.5000000000000004,0.8660254037844384,-0.7236440382959124,0.690173388242972,144189.0,106754.0,165555.0,63822.0,68049.0,58551.0,,97110.71428571429,42872.6427562468,83088.35714285714,33485.197504861164,74066.43333333333,25273.604779094825,68506.56666666667,24786.81976467187,135,0.18907563025210083,0,0,0,0,65935.5,59273.5
2012-11-14,67196,43,141,8.45,,141.0,3,0,11,4,319,0,0,0,0,0,0,133.0,132.0,153.0,537.9528571428572,482.4451632643269,260.9556666666667,2,14,46,319,2012,0.9749279121818236,-0.22252093395631434,-0.5000000000000004,0.8660254037844384,-0.711656622281775,0.7025274741691566,56477.0,144189.0,106754.0,69768.0,83138.0,48499.0,,96743.28571428571,43156.11594631088,81949.64285714286,33753.37139082928,74689.66666666667,24848.336148187733,68420.2,24782.129169960568,136,0.19047619047619047,0,0,0,0,76453.0,65111.0
2012-11-15,73558,31,171,11.37,,171.0,4,0,11,4,320,0,0,0,0,0,0,141.0,153.0,149.0,539.2385714285714,481.1933586556301,261.82233333333335,3,15,46,320,2012,0.43388373911755823,-0.900968867902419,-0.5000000000000004,0.8660254037844384,-0.6994583270516471,0.7146733860429608,67196.0,56477.0,144189.0,68089.0,70912.0,63233.0,,97524.57142857143,42596.78899031844,82138.64285714286,33694.168702535826,75033.83333333333,24755.512383811754,68715.91666666667,24734.981975573002,137,0.19187675070028012,0,0,0,0,69500.5,68072.5
2012-11-16,67597,57,253,15.44,,253.0,5,0,11,4,321,0,0,0,0,0,0,171.0,222.0,230.0,541.8100000000001,478.8276336010696,262.9556666666667,4,16,46,321,2012,-0.433883739117558,-0.9009688679024191,-0.5000000000000004,0.8660254037844384,-0.6870527672236675,0.7266075247685652,73558.0,67196.0,56477.0,68943.0,49629.0,53068.0,,97332.28571428571,42750.07423663841,83422.07142857143,32687.780489078752,75518.13333333333,24451.21721070461,69015.45,24608.37198344141,138,0.19327731092436976,0,0,0,0,59286.0,69646.5
2012-11-17,144419,71,450,20.45,,450.0,6,1,11,4,322,0,0,0,0,0,0,253.0,1225.67,325.0,546.2385714285714,475.5086593122701,267.289,5,17,46,322,2012,-0.9749279121818236,-0.2225209339563146,-0.5000000000000004,0.8660254037844384,-0.6744436188329457,0.7383263540031063,67597.0,73558.0,67196.0,165555.0,82309.0,61053.0,,94312.85714285714,37559.76206628831,87858.5,36515.77393770027,78297.0,27319.580584451596,70478.8,26403.730258290074,139,0.19467787114845939,0,0,0,0,123932.0,117280.5
2012-11-18,82361,66,329,15.33,,329.0,7,1,11,4,323,0,0,0,0,0,0,450.0,1010.0,244.0,435.4285714285714,369.3087493966973,277.4556666666667,6,18,46,323,2012,-0.7818314824680299,0.6234898018587334,-0.5000000000000004,0.8660254037844384,-0.661634618242279,0.749826401204568,144419.0,67597.0,73558.0,106754.0,65587.0,75176.0,,90828.14285714286,37344.06819665193,89056.64285714286,36000.35026241388,78536.5,27322.770384790772,70998.46666666666,26324.19770597534,140,0.19607843137254902,0,0,0,0,86170.5,90723.0
2012-11-19,76179,31,222,9.07,,222.0,1,0,11,4,324,0,0,0,0,0,0,329.0,890.0,115.0,338.1428571428572,268.72441184940686,281.62233333333336,0,19,47,324,2012,0.0,1.0,-0.5000000000000004,0.8660254037844384,-0.6486295610349818,0.7611042586607742,82361.0,144419.0,67597.0,144189.0,68065.0,92254.0,,81112.42857142857,29080.13972832744,89636.21428571429,35700.47383908461,78000.66666666667,27201.834460620266,71359.11666666667,26242.994998240658,141,0.19747899159663865,0,0,0,0,106127.0,106055.0
2012-11-20,76429,37,231,15.14,,231.0,2,0,11,4,325,0,0,0,0,0,0,222.0,133.0,115.0,242.7142857142857,114.36303931736362,276.2556666666667,1,20,47,325,2012,0.7818314824680298,0.6234898018587336,-0.5000000000000004,0.8660254037844384,-0.6354323008901775,0.7721565844991641,76179.0,82361.0,144419.0,56477.0,63822.0,77484.0,,83962.71428571429,27178.69392688745,90536.71428571429,35154.07194584471,77965.5,27203.20736255827,71553.36666666667,26236.5601991499,142,0.19887955182072828,0,0,0,0,60149.5,62263.0
2012-11-21,85711,45,253,14.52,,253.0,3,0,11,4,326,0,0,0,0,0,0,231.0,141.0,132.0,256.7142857142857,104.24444715141836,276.15566666666666,2,21,47,326,2012,0.9749279121818236,-0.22252093395631434,-0.5000000000000004,0.8660254037844384,-0.622046748440868,0.7829801036770624,76429.0,76179.0,82361.0,67196.0,69768.0,54736.0,,86607.71428571429,26156.739225384383,91675.5,34684.630193413424,78998.0,26877.000580550208,71923.91666666667,26277.546312001417,143,0.20028011204481794,0,0,0,0,68482.0,75167.0
2012-11-22,71897,30,369,15.56,,369.0,4,0,11,4,327,0,0,0,0,0,0,253.0,171.0,153.0,272.7142857142857,91.31760378976692,280.7556666666667,3,22,47,327,2012,0.43388373911755823,-0.900968867902419,-0.5000000000000004,0.8660254037844384,-0.6084768701151264,0.7935716089521472,85711.0,76429.0,76179.0,73558.0,68089.0,54725.0,,86370.42857142857,26301.983390720066,91947.5,34499.87372942333,79570.4,26522.754099205013,72306.96666666666,26103.379153916227,144,0.20168067226890757,0,0,0,0,70823.5,72235.0
2012-11-23,252073,119,1693,16.28,,1225.67,5,0,11,4,328,1,0,0,0,0,0,369.0,253.0,222.0,301.0,85.00784277543706,288.35566666666665,4,23,47,328,2012,-0.433883739117558,-0.9009688679024191,-0.5000000000000004,0.8660254037844384,-0.594726686960764,0.8039279618328208,71897.0,85711.0,76429.0,67597.0,68943.0,60454.0,,112724.14285714286,66325.00627322138,105028.21428571429,54199.51338012969,85957.7,40923.82338135423,75778.4,34685.312934967325,145,0.2030812324929972,0,0,0,0,68270.0,58613.0
2012-11-24,100190,67,463,16.81,,463.0,6,1,11,4,329,0,0,0,0,0,0,1225.67,450.0,1225.67,439.9528571428572,356.1163979522374,323.94466666666665,5,24,47,329,2012,-0.9749279121818236,-0.2225209339563146,-0.5000000000000004,0.8660254037844384,-0.5808002734538013,0.8140460935082175,252073.0,71897.0,85711.0,144419.0,165555.0,68056.0,,106405.71428571429,64893.65882404403,100359.28571428571,51323.5335665642,87028.83333333333,40859.59473956648,76625.36666666667,34650.010925704104,146,0.20448179271708683,0,0,0,0,154987.0,113364.0
2012-11-25,103886,46,347,17.93,,347.0,7,1,11,4,330,0,0,0,0,0,0,463.0,329.0,1010.0,441.81,356.2114110562248,334.41133333333335,6,25,47,330,2012,-0.7818314824680299,0.6234898018587334,-0.5000000000000004,0.8660254037844384,-0.5667017562911184,0.8239230057575536,100190.0,252073.0,71897.0,82361.0,106754.0,70350.0,,109480.71428571429,64069.14628408457,100154.42857142857,51301.76491448086,88146.7,40846.29717582564,77602.63333333333,34576.90952358613,147,0.20588235294117646,0,0,0,0,94557.5,73974.0
2012-11-26,77744,29,138,14.92,,138.0,1,0,11,4,331,0,0,0,0,0,0,347.0,222.0,890.0,444.38142857142856,355.32519623712653,339.57800000000003,0,26,48,331,2012,0.0,1.0,-0.5000000000000004,0.8660254037844384,-0.5524353131676203,0.8335557718385695,103886.0,100190.0,252073.0,76179.0,144189.0,69006.0,,109704.28571428571,63936.16348023572,95408.35714285714,49970.880132036196,88437.96666666666,40736.108052619755,78033.9,34411.46508670564,148,0.20728291316526612,0,0,0,0,110184.0,72122.0
2012-11-27,67053,21,129,10.93,,129.0,2,0,11,4,332,0,0,0,0,0,0,138.0,231.0,133.0,432.38142857142856,365.3637572077346,336.3446666666667,1,27,48,332,2012,0.7818314824680298,0.6234898018587336,-0.5000000000000004,0.8660254037844384,-0.5380051715382992,0.8429415373547832,77744.0,103886.0,100190.0,76429.0,56477.0,74692.0,,108364.85714285714,64841.25108660527,96163.78571428571,49413.90453051195,88183.33333333333,40848.71353845952,77995.86666666667,34422.50184107587,149,0.20868347338935575,0,0,0,0,66453.0,70125.5
2012-11-28,89181,17,150,11.52,,150.0,3,0,11,4,333,0,0,0,0,0,0,129.0,253.0,141.0,417.81,376.595179691226,334.978,2,28,48,333,2012,0.9749279121818236,-0.22252093395631434,-0.5000000000000004,0.8660254037844384,-0.5234156073655503,0.8520775211013093,67053.0,77744.0,103886.0,85711.0,67196.0,67921.0,,108860.57142857143,64652.18487892769,97734.14285714286,48767.61526141825,88892.0,40669.08996039739,78375.88333333333,34417.9504398168,150,0.21008403361344538,0,0,0,0,76453.5,77739.5
2012-11-29,101655,41,150,10.66,,150.0,4,0,11,4,334,0,0,0,0,0,0,150.0,369.0,171.0,403.0957142857143,386.0025614706525,336.41133333333335,3,29,48,334,2012,0.43388373911755823,-0.900968867902419,-0.5000000000000004,0.8660254037844384,-0.5086709438521042,0.8609610158889945,89181.0,67053.0,77744.0,71897.0,73558.0,68049.0,,113111.71428571429,62767.47989661069,99741.07142857143,48271.780610437374,90012.2,40537.80251380525,79038.05,34478.217457769715,151,0.211484593837535,0,0,0,0,72727.5,69993.0
2012-11-30,102925,50,193,16.27,,193.0,5,0,11,4,335,0,0,0,0,0,0,150.0,1225.67,253.0,371.81,397.9177503370934,337.278,4,30,48,335,2012,-0.433883739117558,-0.9009688679024191,-0.5000000000000004,0.8660254037844384,-0.49377555015997737,0.8695893893466109,101655.0,89181.0,67053.0,252073.0,67597.0,83138.0,,91804.85714285714,14457.952176669318,102264.5,47377.2834493332,90671.76666666666,40583.04575480727,80011.16666666667,34311.53801895203,152,0.21288515406162464,1,0,0,1,159835.0,160508.0
2012-12-01,115844,54,421,11.28,,421.0,6,1,12,4,336,0,0,0,0,0,0,193.0,463.0,450.0,224.28571428571428,129.47549869340082,338.61133333333333,5,1,48,336,2012,-0.9749279121818236,-0.2225209339563146,-2.4492935982947064e-16,1.0,-0.4787338401157883,0.8779600847008883,102925.0,101655.0,89181.0,100190.0,144419.0,70912.0,,94041.14285714286,16964.45911730925,100223.42857142857,46017.52857121075,92169.5,40657.705414459444,81010.23333333334,34469.92606354111,153,0.21428571428571427,0,0,0,0,122304.5,132872.5
2012-12-02,93857,51,296,11.68,,296.0,7,1,12,4,337,0,0,0,0,0,0,421.0,347.0,329.0,218.28571428571428,116.9354726415592,347.678,6,2,48,337,2012,-0.7818314824680299,0.6234898018587334,-2.4492935982947064e-16,1.0,-0.4635502709028512,0.8860706215341378,115844.0,102925.0,101655.0,103886.0,82361.0,49629.0,,92608.42857142857,16408.845397702855,101044.57142857143,45776.205916500876,93643.76666666666,39855.93493094272,81600.91666666667,34379.728455702716,154,0.21568627450980393,0,0,0,0,93123.5,105320.0
2012-12-03,107839,25,147,15.15,,147.0,1,0,12,4,338,0,0,0,0,0,0,296.0,138.0,222.0,211.0,108.89138319138668,349.878,0,3,49,338,2012,0.0,1.0,-2.4492935982947064e-16,1.0,-0.4482293417404106,0.893918596519257,93857.0,115844.0,102925.0,77744.0,76179.0,82309.0,,96907.71428571429,15796.272289312272,103306.0,45232.105815024115,94494.76666666666,39878.12148040259,82516.33333333333,34334.14976408475,155,0.21708683473389356,0,0,0,0,76961.5,110966.5
2012-12-04,95985,16,154,17.51,,154.0,2,0,12,4,339,0,0,0,0,0,0,147.0,129.0,231.0,212.28571428571428,107.93472454175642,343.94466666666665,1,4,49,339,2012,0.7818314824680298,0.6234898018587336,-2.4492935982947064e-16,1.0,-0.4327755925504317,0.9015016841318838,107839.0,93857.0,115844.0,67053.0,76429.0,65587.0,,101040.85714285714,9010.185503613286,104702.85714285714,44636.283212818525,95508.03333333334,39502.69879604764,83042.73333333334,34293.798031905266,156,0.2184873949579832,0,0,0,0,71741.0,61765.0
2012-12-05,90907,22,189,16.22,,189.0,3,0,12,4,340,0,0,0,0,0,0,154.0,150.0,253.0,215.8571428571429,105.09587459621302,340.94466666666665,2,5,49,340,2012,0.9749279121818236,-0.22252093395631434,-2.4492935982947064e-16,1.0,-0.41719360261231697,0.9088176373395028,95985.0,107839.0,93857.0,89181.0,85711.0,68065.0,,101287.42857142857,8647.869908386696,105074.0,44487.5762311578,96269.43333333333,39174.274934806584,81696.76666666666,32282.401510214022,157,0.21988795518207283,0,0,0,0,87446.0,78188.5
2012-12-06,98244,30,197,14.66,,197.0,4,0,12,4,341,0,0,0,0,0,0,189.0,150.0,369.0,221.42857142857144,102.0112038664665,343.41133333333335,3,6,49,341,2012,0.43388373911755823,-0.900968867902419,-2.4492935982947064e-16,1.0,-0.4014879892059737,0.9158642882672868,90907.0,95985.0,107839.0,101655.0,71897.0,63822.0,,100800.14285714286,8719.51012440051,106955.92857142857,43522.96485316562,97416.83333333333,38692.268613878216,81713.65,32290.92720654637,158,0.22128851540616246,0,0,0,0,86776.0,87606.5
2012-12-07,116818,35,254,13.59,,254.0,5,0,12,4,342,0,0,0,0,0,0,197.0,193.0,1225.67,228.14285714285717,97.99392595365084,346.1446666666667,4,7,49,342,2012,-0.433883739117558,-0.9009688679024191,-2.4492935982947064e-16,1.0,-0.38566340624360745,0.9226395488404875,98244.0,90907.0,95985.0,102925.0,252073.0,69768.0,,102784.85714285714,10650.995531382168,97294.85714285714,13464.53438800296,98985.16666666667,38485.919979849794,82352.4,32603.6801292873,159,0.22268907563025211,0,0,0,0,177499.0,85261.0
2012-12-08,95923,52,382,10.82,,382.0,6,1,12,4,343,0,0,0,0,0,0,254.0,421.0,463.0,236.8571428571429,97.0557032008403,350.21133333333336,5,8,49,343,2012,-0.9749279121818236,-0.2225209339563146,-2.4492935982947064e-16,1.0,-0.3697245428906732,0.9291414114031743,116818.0,98244.0,90907.0,115844.0,100190.0,68089.0,,99939.0,9133.398290523224,96990.07142857143,13442.234077507557,99912.96666666666,38048.4239688859,82907.61666666667,32545.37911801479,160,0.22408963585434175,0,0,0,0,108017.0,130131.5
2012-12-09,123381,51,405,18.09,,405.0,7,1,12,4,344,0,0,0,0,0,0,382.0,296.0,347.0,231.28571428571428,85.10721529481606,357.8446666666667,6,9,49,344,2012,-0.7818314824680299,0.6234898018587334,-2.4492935982947064e-16,1.0,-0.3536761221763721,0.935367949313148,95923.0,116818.0,98244.0,93857.0,103886.0,68943.0,,104156.71428571429,12169.13191527759,98382.57142857143,15116.974751859301,101727.56666666667,37817.90352664428,84134.86666666667,32661.83534520858,161,0.22549019607843138,0,0,0,0,98871.5,88109.0
2012-12-10,102663,28,176,13.04,,176.0,1,0,12,4,345,0,0,0,0,0,0,405.0,147.0,138.0,246.8571428571429,106.26292638455618,363.94466666666665,0,10,50,345,2012,0.0,1.0,-2.4492935982947064e-16,1.0,-0.33752289959411347,0.941317317512847,123381.0,95923.0,116818.0,107839.0,77744.0,165555.0,,103417.28571428571,12064.902965686366,100162.5,13919.591703505803,99631.16666666667,35849.64193932988,84899.15,32547.829428435696,162,0.226890756302521,0,0,0,0,92791.5,92009.0
2012-12-11,124714,30,198,13.35,,198.0,2,0,12,4,346,0,0,0,0,0,0,176.0,154.0,129.0,251.0,102.2089363346804,328.9556666666667,1,11,50,346,2012,0.7818314824680298,0.6234898018587336,-2.4492935982947064e-16,1.0,-0.32126966169236515,0.9469877530760751,102663.0,123381.0,95923.0,95985.0,67053.0,106754.0,,107521.42857142857,13867.074611673264,104281.14285714286,11727.244832552835,100229.83333333333,36121.61913933435,85973.13333333333,32783.82660753273,163,0.22829131652661064,0,0,0,0,81519.0,86207.0
2012-12-12,109979,29,228,13.71,,228.0,3,0,12,4,347,0,0,0,0,0,0,198.0,189.0,150.0,257.2857142857143,96.4394702835489,301.889,2,12,50,347,2012,0.9749279121818236,-0.22252093395631434,-2.4492935982947064e-16,1.0,-0.3049212246562894,0.9523775757303973,124714.0,102663.0,123381.0,90907.0,89181.0,144189.0,,110246.0,11774.350258082133,105766.71428571429,10959.442275454108,99089.5,35214.61139802329,86612.53333333334,32873.041253739495,164,0.22969187675070027,0,0,0,0,90044.0,88309.0
2012-12-13,106397,36,220,11.49,,220.0,4,0,12,4,348,0,0,0,0,0,0,228.0,197.0,150.0,262.85714285714283,92.89856219093458,279.82233333333335,3,13,50,348,2012,0.43388373911755823,-0.900968867902419,-2.4492935982947064e-16,1.0,-0.2884824328806098,0.9574851883550389,109979.0,124714.0,102663.0,98244.0,101655.0,56477.0,,111410.71428571429,10747.734842193211,106105.42857142857,10895.682833929324,100753.5,34299.14261595549,87409.96666666666,32760.920060116034,165,0.23109243697478993,0,0,0,0,99949.5,85070.5
2012-12-14,104054,52,280,19.72,,280.0,5,0,12,4,349,0,0,0,0,0,0,220.0,254.0,193.0,266.1428571428572,90.55832111854552,282.7223333333333,4,14,50,349,2012,-0.433883739117558,-0.9009688679024191,-2.4492935982947064e-16,1.0,-0.27195815753410524,0.9623090774541487,106397.0,109979.0,124714.0,116818.0,102925.0,67196.0,,109587.28571428571,10760.197407022515,106186.07142857143,10874.490067367502,101982.1,33710.74120069149,88335.88333333333,32425.90414723731,166,0.23249299719887956,0,0,0,0,109871.5,184445.5
2012-12-15,115390,60,564,19.35,,564.0,6,1,12,4,350,0,0,0,0,0,0,280.0,382.0,421.0,269.85714285714283,90.51045717011344,287.35566666666665,5,15,50,350,2012,-0.9749279121818236,-0.2225209339563146,-2.4492935982947064e-16,1.0,-0.2553532951161881,0.9668478136052773,104054.0,106397.0,109979.0,95923.0,115844.0,73558.0,,112368.28571428571,9013.99052795674,106153.64285714286,10844.108429551407,103376.5,33357.78866683728,89205.16666666667,32440.64922136975,167,0.2338935574229692,0,0,0,0,105883.5,98056.5
2012-12-16,115025,44,456,19.22,,456.0,7,1,12,4,351,0,0,0,0,0,0,564.0,405.0,296.0,295.85714285714283,140.4545342467671,300.4556666666667,6,16,50,351,2012,-0.7818314824680299,0.6234898018587334,-2.4492935982947064e-16,1.0,-0.23867276600594997,0.9711000518829505,115390.0,104054.0,106397.0,123381.0,93857.0,67597.0,,111174.57142857143,7781.556503621,107665.64285714286,10466.865209993655,104957.43333333333,32721.423069638906,90237.78333333334,32256.42459727551,168,0.23529411764705882,0,0,0,0,108619.0,113633.5
2012-12-17,119704,28,327,18.61,,327.0,1,0,12,4,352,0,0,0,0,0,0,456.0,176.0,147.0,303.1428571428572,148.1704295413774,307.2223333333333,0,17,51,352,2012,0.0,1.0,-2.4492935982947064e-16,1.0,-0.22192151300416674,0.9750645322571945,115025.0,115390.0,104054.0,102663.0,107839.0,144419.0,,113609.0,7327.288447986638,108513.14285714286,10951.132283271623,104133.6,31996.73434155643,91215.3,32245.69679780969,169,0.23669467787114845,0,0,0,0,105251.0,90203.5
2012-12-18,123221,24,319,15.18,,319.0,2,0,12,4,353,0,0,0,0,0,0,327.0,198.0,154.0,324.7142857142857,137.15771248908385,303.12233333333336,1,18,51,353,2012,0.7818314824680298,0.6234898018587336,-2.4492935982947064e-16,1.0,-0.20510449986861926,0.9787400799669153,119704.0,115025.0,115390.0,124714.0,95985.0,82361.0,,113395.71428571429,6962.830116992205,110458.57142857143,10973.52016807371,105495.6,31907.501363829117,92016.05,32436.62567114009,170,0.23809523809523808,0,0,0,0,110349.5,95883.5
2012-12-19,123225,27,414,20.06,,414.0,3,0,12,4,354,0,0,0,0,0,0,319.0,228.0,189.0,342.0,125.67020331009294,302.789,2,19,51,354,2012,0.9749279121818236,-0.22252093395631434,-2.4492935982947064e-16,1.0,-0.1882267098432439,0.9821256058680006,123221.0,119704.0,115025.0,109979.0,90907.0,76179.0,,115288.0,7645.932731415545,112767.0,9889.97099630185,107063.8,31571.299552075692,92532.23333333334,32685.948268054333,171,0.23949579831932774,0,0,0,0,100443.0,99580.0
2012-12-20,95441,36,414,17.45,,414.0,4,0,12,4,355,0,0,0,0,0,0,414.0,220.0,197.0,368.57142857142856,116.90716707835244,309.189,3,20,51,355,2012,0.43388373911755823,-0.900968867902419,-2.4492935982947064e-16,1.0,-0.1712931441814778,0.9852201067560606,123225.0,123221.0,119704.0,106397.0,98244.0,76429.0,,113722.85714285714,10396.053312492626,112566.78571428571,10229.149104988519,107697.53333333334,31122.78889942479,92831.51666666666,32627.98502559159,172,0.24089635854341737,0,0,0,0,102320.5,104026.0
2012-12-21,127238,62,500,19.26,,500.0,5,0,12,4,356,0,0,0,0,0,0,414.0,280.0,254.0,396.2857142857143,97.1403010868208,315.289,4,21,51,356,2012,-0.433883739117558,-0.9009688679024191,-2.4492935982947064e-16,1.0,-0.154308820664281,0.9880226656636976,95441.0,123225.0,123221.0,104054.0,116818.0,85711.0,,117034.85714285714,10494.875152958635,113311.07142857143,10918.148747449268,109081.76666666666,31034.547384446727,94039.88333333333,32535.630457872583,173,0.242296918767507,0,0,0,0,110436.0,103489.5
2012-12-22,153805,65,741,21.18,,741.0,6,1,12,4,357,0,0,0,0,0,0,500.0,564.0,382.0,427.7142857142857,88.44718628596881,323.52233333333334,5,22,51,357,2012,-0.9749279121818236,-0.2225209339563146,-2.4492935982947064e-16,1.0,-0.13727877211326517,0.9905324521322227,127238.0,95441.0,123225.0,115390.0,95923.0,71897.0,,122522.71428571429,17317.506775074737,117445.5,14271.493548868104,111812.03333333334,31252.57553798517,95691.21666666666,33017.2175731738,174,0.24369747899159663,0,0,0,0,105656.5,115617.0
2012-12-23,136464,54,741,18.45,,741.0,7,1,12,4,358,0,0,0,0,0,0,741.0,456.0,405.0,453.0,142.61603462911685,335.9223333333333,6,23,51,358,2012,-0.7818314824680299,0.6234898018587334,-2.4492935982947064e-16,1.0,-0.12020804489935275,0.9927487224577402,153805.0,127238.0,95441.0,115025.0,123381.0,252073.0,,125585.42857142857,17662.853873380092,118380.0,15094.647507796088,107958.4,17433.664272676924,96958.05,33100.39406310829,175,0.24509803921568626,0,0,0,0,119203.0,104441.0
2012-12-24,92521,33,345,22.67,,345.0,1,0,12,4,359,0,0,0,0,0,0,741.0,327.0,176.0,493.7142857142857,179.52132119028337,319.76666666666665,0,24,52,359,2012,0.0,1.0,-2.4492935982947064e-16,1.0,-0.10310169744743544,0.9946708199115211,136464.0,153805.0,127238.0,119704.0,102663.0,100190.0,,121702.14285714286,21698.557251797214,117655.57142857143,16115.796410852405,107702.76666666666,17606.867466365475,97365.8,32888.335074813745,176,0.24649859943977592,0,1,0,1,111183.5,113771.5
2012-12-25,0,0,0,0.0,,0.0,2,0,12,4,360,0,0,0,0,0,0,345.0,319.0,198.0,496.2857142857143,176.84429524840456,315.8333333333333,1,25,52,360,2012,0.7818314824680298,0.6234898018587336,-2.4492935982947064e-16,1.0,-0.0859647987374467,0.9962981749346077,92521.0,136464.0,153805.0,123221.0,124714.0,103886.0,,104099.14285714286,50769.10101439185,108747.42857142857,35146.274085739016,104239.9,26402.47281437463,96193.3,35050.73142702581,177,0.24789915966386555,0,1,0,1,123967.5,109603.0
2012-12-26,124572,33,721,19.86,,721.0,3,0,12,4,361,0,0,0,0,0,0,0.0,414.0,228.0,450.7142857142857,254.28836274704264,304.26666666666665,2,26,52,361,2012,0.9749279121818236,-0.22252093395631434,-2.4492935982947064e-16,1.0,-0.06880242680232064,0.9976303053065857,0.0,92521.0,136464.0,123225.0,109979.0,77744.0,,104291.57142857143,50856.15330471211,109789.78571428571,35401.08292819601,105800.83333333333,26165.186622137106,97119.4,35054.2954887154,178,0.24929971988795518,0,1,0,1,116602.0,107066.0
2012-12-27,104057,52,415,20.66,,415.0,4,0,12,4,362,0,0,0,0,0,0,721.0,414.0,220.0,494.57142857142856,272.7079372655281,323.7,3,27,52,362,2012,0.43388373911755823,-0.900968867902419,-2.4492935982947064e-16,1.0,-0.05161966722325418,0.9986668162884759,124572.0,0.0,92521.0,95441.0,106397.0,67053.0,,105522.42857142857,50710.30026486119,109622.64285714286,35423.850576015415,107034.3,25127.190866428526,97608.81666666667,34940.672381785196,179,0.2507002801120448,0,1,0,1,100919.0,96842.5
2012-12-28,103119,50,423,12.88,,423.0,5,0,12,4,363,0,0,0,0,0,0,415.0,500.0,280.0,494.7142857142857,272.6589532032735,333.2333333333333,4,28,52,363,2012,-0.433883739117558,-0.9009688679024191,-2.4492935982947064e-16,1.0,-0.034421611622745804,0.9994074007397048,104057.0,124572.0,0.0,127238.0,104054.0,89181.0,,102076.85714285714,49800.123839968415,109555.85714285714,35436.03620796022,107498.9,24913.65057394616,98195.45,34728.61662411246,180,0.25210084033613445,0,1,0,1,115646.0,122028.0
2012-12-29,114553,31,483,13.4,,483.0,6,1,12,4,364,0,0,0,0,0,0,423.0,741.0,564.0,483.7142857142857,273.96028561679924,342.3333333333333,5,29,52,364,2012,-0.9749279121818236,-0.2225209339563146,-2.4492935982947064e-16,1.0,-0.01721335615583528,0.9998518392091162,103119.0,104057.0,124572.0,153805.0,115390.0,101655.0,,96469.42857142857,44981.59734401445,109496.07142857143,35426.14069704479,107928.83333333333,24920.61426303783,98970.51666666666,34562.94901666429,181,0.2535014005602241,0,1,0,1,134597.5,124864.0
2012-12-30,103833,44,462,18.27,,462.0,7,1,12,4,365,0,0,0,0,0,0,483.0,741.0,456.0,446.8571428571428,249.8735870871702,353.43333333333334,6,30,52,365,2012,-0.7818314824680299,0.6234898018587334,-2.4492935982947064e-16,1.0,6.432490598706546e-16,1.0,114553.0,103119.0,104057.0,136464.0,115025.0,102925.0,,91807.85714285714,41718.519670239875,108696.64285714286,35418.05591591155,107959.1,24914.878163182035,99315.43333333333,34505.48626207034,182,0.2549019607843137,0,1,0,1,125744.5,129922.5
2012-12-31,101981,30,389,14.26,,389.0,1,0,12,4,366,0,0,0,1,0,0,462.0,345.0,327.0,407.0,214.945729584625,362.4,0,31,1,366,2012,0.0,1.0,-2.4492935982947064e-16,1.0,0.017213356155833904,0.9998518392091162,103833.0,114553.0,103119.0,92521.0,119704.0,115844.0,,93159.28571428571,41898.3075422476,107430.71428571429,35310.93184276501,107497.0,24892.14209343981,99833.25,34304.555343907676,183,0.25630252100840334,0,1,0,1,106112.5,97592.0
2013-01-01,90940,28,224,18.91,,224.0,2,0,1,1,1,0,0,1,0,0,0,389.0,0.0,319.0,413.2857142857143,213.46874422712293,361.3333333333333,1,1,1,1,2013,0.7818314824680298,0.6234898018587336,0.49999999999999994,0.8660254037844387,0.017213356155834685,0.9998518392091162,101981.0,103833.0,114553.0,0.0,123221.0,93857.0,,106150.71428571429,10627.33307269956,105124.92857142857,35254.44027127164,107399.76666666666,24952.88278651325,100521.76666666666,33688.88776927903,184,0.25770308123249297,0,0,1,1,61610.5,62357.0
2013-01-02,92188,23,298,14.25,,298.0,3,0,1,1,2,0,0,0,1,0,0,224.0,721.0,414.0,445.2857142857143,147.9129409322869,358.93333333333334,2,2,1,2,2013,0.9749279121818236,-0.22252093395631434,0.49999999999999994,0.8660254037844387,0.03442161162274574,0.9994074007397048,90940.0,101981.0,103833.0,124572.0,123225.0,107839.0,,101524.42857142857,7994.135722664484,102908.0,35003.655839838306,106878.06666666667,25106.5208000841,100686.41666666667,33622.44221475394,185,0.25910364145658266,0,0,0,0,123898.5,117275.5
2013-01-03,61243,26,216,21.26,,216.0,4,0,1,1,3,0,0,0,0,0,0,298.0,415.0,414.0,384.8571428571428,92.54085326929716,363.9666666666666,3,3,1,3,2013,0.43388373911755823,-0.900968867902419,0.49999999999999994,0.8660254037844387,0.051619667223253764,0.998666816288476,92188.0,90940.0,101981.0,104057.0,95441.0,95985.0,,95408.14285714286,17018.392740684743,100465.28571428571,36716.17457539047,105720.0,26394.52076760861,100614.01666666666,33703.88203033852,186,0.2605042016806723,0,0,0,0,99749.0,105227.0
2013-01-04,88401,51,221,18.01,,221.0,5,0,1,1,4,0,0,0,0,0,0,216.0,423.0,500.0,356.42857142857144,110.55143168507178,366.03333333333336,4,4,1,4,2013,-0.433883739117558,-0.9009688679024191,0.49999999999999994,0.8660254037844387,0.06880242680231986,0.9976303053065857,61243.0,92188.0,90940.0,103119.0,127238.0,90907.0,,93305.57142857143,16814.930050971034,97691.21428571429,35997.90520439204,105636.46666666666,26446.930939516184,100952.95,33472.47159166902,187,0.2619047619047619,0,0,0,0,115178.5,103586.5
2013-01-05,79165,40,315,18.1,,315.0,6,1,1,1,5,0,0,0,0,0,0,221.0,483.0,741.0,327.57142857142856,116.48298465563862,367.1,5,5,1,5,2013,-0.9749279121818236,-0.2225209339563146,0.49999999999999994,0.8660254037844387,0.08596479873744647,0.9962981749346078,88401.0,61243.0,92188.0,114553.0,153805.0,98244.0,,88250.14285714286,14526.1389046158,92359.78571428571,32394.877525214175,105000.5,26857.042294533163,101208.66666666667,33241.81019804641,188,0.26330532212885155,0,0,0,0,134179.0,114971.5
2013-01-06,86869,44,207,16.12,,207.0,7,1,1,1,6,0,0,0,0,0,0,315.0,462.0,741.0,303.57142857142856,94.32012359134042,371.03333333333336,6,6,1,6,2013,-0.7818314824680299,0.6234898018587334,0.49999999999999994,0.8660254037844387,0.10310169744743485,0.9946708199115211,79165.0,88401.0,61243.0,103833.0,136464.0,116818.0,,85826.71428571429,12806.40038827323,88817.28571428571,29809.448541924194,104002.2,26959.049918540215,101493.68333333333,33040.36955999038,189,0.2647058823529412,0,0,0,0,120148.5,109429.0
2013-01-07,77608,18,160,18.62,,160.0,1,0,1,1,7,0,0,0,0,0,0,207.0,389.0,345.0,267.1428571428572,68.69601776771965,369.4666666666666,0,7,2,7,2013,0.0,1.0,0.49999999999999994,0.8660254037844387,0.1202080448993527,0.9927487224577402,86869.0,79165.0,88401.0,101981.0,92521.0,95923.0,,82344.85714285714,10845.478004350978,87752.07142857143,29933.11381798859,103391.7,27352.816041308317,101652.33333333333,32899.806302385245,190,0.2661064425770308,0,0,0,0,97251.0,110842.5
2013-01-08,82376,20,122,13.51,,122.0,2,0,1,1,8,0,0,0,0,0,0,160.0,224.0,0.0,234.42857142857144,53.93470479155663,362.06666666666666,1,8,2,8,2013,0.7818314824680298,0.6234898018587336,0.49999999999999994,0.8660254037844387,0.13727877211326478,0.9905324521322229,77608.0,86869.0,79165.0,90940.0,0.0,123381.0,,81121.42857142857,10176.716937158646,93636.07142857143,16388.698397015905,102024.86666666667,27344.015513369664,101876.21666666666,32718.6535569449,191,0.26750700280112044,0,0,0,0,45470.0,107080.5
2013-01-09,79878,18,155,15.83,,155.0,3,0,1,1,9,0,0,0,0,0,0,122.0,298.0,721.0,219.8571428571429,68.91886188707339,352.6333333333333,2,9,2,9,2013,0.9749279121818236,-0.22252093395631434,0.49999999999999994,0.8660254037844387,0.15430882066428117,0.9880226656636976,82376.0,77608.0,86869.0,92188.0,124572.0,102663.0,,79362.85714285714,8933.294491742392,90443.64285714286,14091.003969293224,101265.36666666667,27640.50727425529,100448.26666666666,31747.600673184097,192,0.2689075630252101,0,0,0,0,108380.0,107706.5
2013-01-10,74915,27,143,17.88,,143.0,4,0,1,1,10,0,0,0,0,0,0,155.0,216.0,415.0,199.42857142857144,62.81946922957626,351.93333333333334,3,10,2,10,2013,0.43388373911755823,-0.900968867902419,0.49999999999999994,0.8660254037844387,0.1712931441814776,0.9852201067560606,79878.0,82376.0,77608.0,61243.0,104057.0,124714.0,,81316.0,4891.716535805261,88362.07142857143,14077.77082694714,99605.4,27679.053680754114,99917.61666666667,31906.109300274733,193,0.2703081232492997,0,0,0,0,82650.0,78342.0
2013-01-11,82048,45,181,16.82,,181.0,5,0,1,1,11,0,0,0,0,0,0,143.0,221.0,423.0,189.0,65.60741827974404,350.1,4,11,2,11,2013,-0.433883739117558,-0.9009688679024191,0.49999999999999994,0.8660254037844387,0.1882267098432442,0.9821256058680006,74915.0,79878.0,82376.0,88401.0,103119.0,109979.0,,80408.42857142857,3832.887112745667,86857.0,13492.945182290916,98674.36666666667,27787.628351707932,98881.93333333333,31449.986728927597,194,0.27170868347338933,0,0,0,0,95760.0,107819.5
2013-01-12,79905,26,273,18.44,,273.0,6,1,1,1,12,0,0,0,0,0,0,181.0,315.0,483.0,183.28571428571428,64.07993520001446,348.53333333333336,5,12,2,12,2013,-0.9749279121818236,-0.2225209339563146,0.49999999999999994,0.8660254037844387,0.2051044998686192,0.9787400799669153,82048.0,74915.0,79878.0,79165.0,114553.0,106397.0,,80514.14285714286,3802.9646079773047,84382.14285714286,10962.47951919597,97791.3,27954.194213897037,99272.4,31057.572570516288,195,0.27310924369747897,0,0,0,0,96859.0,116485.0
2013-01-13,81254,31,225,16.47,,225.0,7,1,1,1,13,0,0,0,0,0,0,273.0,207.0,462.0,177.28571428571428,50.14217880425671,350.3,6,13,2,13,2013,-0.7818314824680299,0.6234898018587334,0.49999999999999994,0.8660254037844387,0.2219215130041655,0.9750645322571948,79905.0,82048.0,74915.0,86869.0,103833.0,104054.0,,79712.0,2659.3979895215093,82769.35714285714,9435.29294810094,97031.3,28087.67377847809,99506.7,30863.908365652496,196,0.27450980392156865,0,0,0,0,95351.0,111666.5
2013-01-14,64780,22,126,19.63,,126.0,1,0,1,1,14,0,0,0,0,0,0,225.0,160.0,389.0,179.85714285714286,52.33363663848978,348.46666666666664,0,14,3,14,2013,0.0,1.0,0.49999999999999994,0.8660254037844387,0.2386727660059501,0.9711000518829505,81254.0,79905.0,82048.0,77608.0,101981.0,115390.0,,77879.42857142857,6291.051418672861,80112.14285714286,8827.407101287892,95344.3,28464.33373012618,99360.4,31009.45563184003,197,0.2759103641456583,0,0,0,0,89794.5,85064.5
2013-01-15,82000,15,139,16.55,,139.0,2,0,1,1,15,0,0,0,0,0,0,126.0,122.0,224.0,175.0,55.93746508378757,333.8666666666667,1,15,3,15,2013,0.7818314824680298,0.6234898018587336,0.49999999999999994,0.8660254037844387,0.255353295116187,0.9668478136052775,64780.0,81254.0,79905.0,82376.0,90940.0,115025.0,,77825.71428571429,6247.71592168691,79473.57142857143,8290.927364983265,94243.46666666666,28315.169515142643,99600.45,30814.537193589153,198,0.2773109243697479,0,0,0,0,86658.0,41188.0
2013-01-16,70111,25,134,13.37,,134.0,3,0,1,1,16,0,0,0,0,0,0,139.0,155.0,298.0,177.42857142857142,53.571936505528114,323.3,2,16,3,16,2013,0.9749279121818236,-0.22252093395631434,0.49999999999999994,0.8660254037844387,0.2719581575341055,0.9623090774541486,82000.0,64780.0,81254.0,79878.0,92188.0,119704.0,,76430.42857142857,6780.8665831922135,77896.64285714286,7769.765827647784,92590.36666666667,28225.001705486426,98361.98333333334,30474.080039501754,199,0.27871148459383754,0,0,0,0,86033.0,102225.0
2013-01-17,70391,30,130,15.47,,130.0,4,0,1,1,17,0,0,0,0,0,0,134.0,143.0,216.0,174.42857142857142,55.587340114025366,316.8666666666667,3,17,3,17,2013,0.43388373911755823,-0.900968867902419,0.49999999999999994,0.8660254037844387,0.288482432880609,0.9574851883550393,70111.0,82000.0,64780.0,74915.0,61243.0,123221.0,,75784.14285714286,7154.663826917089,78550.07142857143,6550.476688047908,90829.36666666667,27894.143167837497,98162.48333333334,30619.441073340804,200,0.2801120448179272,0,0,0,0,68079.0,89486.0
2013-01-18,72639,43,182,12.13,,182.0,5,0,1,1,18,0,0,0,0,0,1,130.0,181.0,221.0,172.57142857142858,57.011277079939774,310.56666666666666,4,18,3,18,2013,-0.433883739117558,-0.9009688679024191,0.49999999999999994,0.8660254037844387,0.30492122465628907,0.9523775757303974,70391.0,70111.0,82000.0,82048.0,88401.0,123225.0,,74440.0,6647.609394863121,77424.21428571429,6063.56010149115,89143.16666666667,27392.754979831014,98103.48333333334,30665.893915615598,201,0.2815126050420168,0,0,0,0,85224.5,92583.5
2013-01-19,169665,103,1010,15.05,,1010.0,6,1,1,1,19,0,0,0,0,1,1,182.0,273.0,315.0,172.71428571428572,57.03716415845065,302.8333333333333,5,19,3,19,2013,-0.9749279121818236,-0.2225209339563146,0.49999999999999994,0.8660254037844387,0.3212696616923644,0.9469877530760753,72639.0,70391.0,70111.0,79905.0,79165.0,95441.0,,87262.85714285714,36860.319692177465,83888.5,25416.957167486547,91617.3,31084.418206743445,99657.41666666667,31886.932353632666,202,0.28291316526610644,0,0,0,0,79535.0,97229.0
2013-01-20,87423,75,794,17.95,,794.0,7,1,1,1,20,0,0,0,1,1,1,1010.0,225.0,207.0,278.0,324.7855702870229,322.7,6,20,3,20,2013,-0.7818314824680299,0.6234898018587334,0.49999999999999994,0.8660254037844387,0.3375228995941133,0.9413173175128471,169665.0,72639.0,70391.0,81254.0,86869.0,127238.0,,88144.14285714286,36766.33794849385,83928.07142857143,25422.38510708558,90290.13333333333,30352.47382150352,99685.95,31875.00492651348,203,0.28431372549019607,0,0,0,0,84061.5,92543.5
2013-01-21,90523,45,581,13.11,,581.0,1,0,1,1,21,0,0,1,0,1,1,794.0,126.0,160.0,359.2857142857143,376.4105534677592,332.5,0,21,4,21,2013,0.0,1.0,0.49999999999999994,0.8660254037844387,0.3536761221763716,0.9353679493131483,87423.0,169665.0,72639.0,64780.0,77608.0,153805.0,,91821.71428571429,35297.983194106564,84850.57142857143,25409.727591293376,88180.73333333334,27884.822366462995,99996.38333333333,31689.941778132332,204,0.2857142857142857,0,0,0,0,71194.0,83380.5
2013-01-22,58552,18,100,17.32,,100.0,2,0,1,1,22,0,0,0,1,0,1,581.0,139.0,122.0,424.2857142857143,368.6166546634025,327.1666666666667,1,22,4,22,2013,0.7818314824680298,0.6234898018587336,0.49999999999999994,0.8660254037844387,0.3697245428906731,0.9291414114031743,90523.0,87423.0,169665.0,82000.0,82376.0,136464.0,,88472.0,37433.3839907642,83148.85714285714,26367.89283858785,85583.66666666667,26841.541128648314,96771.03333333334,25115.684477603543,205,0.28711484593837533,0,0,0,0,82188.0,86470.0
2013-01-23,55688,16,122,15.72,,122.0,3,0,1,1,23,0,0,0,0,0,0,100.0,134.0,155.0,418.7142857142857,373.90404931644986,305.8,2,23,4,23,2013,0.9749279121818236,-0.22252093395631434,0.49999999999999994,0.8660254037844387,0.38566340624360707,0.9226395488404876,58552.0,90523.0,87423.0,70111.0,79878.0,92521.0,,86411.57142857143,38977.549511897014,81421.0,27372.162093855637,84355.9,27350.839069711205,96029.33333333333,25664.120559458097,206,0.28851540616246496,0,0,0,0,74994.5,81149.5
2013-01-24,55406,25,105,9.87,,105.0,4,0,1,1,24,0,0,0,0,0,0,122.0,130.0,143.0,417.0,375.4512840125423,298.3666666666667,3,24,4,24,2013,0.43388373911755823,-0.900968867902419,0.49999999999999994,0.8660254037844387,0.401487989205973,0.9158642882672872,55688.0,58552.0,90523.0,70391.0,74915.0,0.0,,84270.85714285714,40389.982963719194,80027.5,28212.551417764396,86202.76666666666,22979.627324614306,95221.33333333333,26170.73476210985,207,0.28991596638655465,0,0,0,0,72653.0,65817.0
2013-01-25,60298,24,108,10.97,,108.0,5,0,1,1,25,0,0,0,0,0,0,105.0,182.0,181.0,413.4285714285714,378.7408336153089,301.8666666666667,4,25,4,25,2013,-0.433883739117558,-0.9009688679024191,0.49999999999999994,0.8660254037844387,0.4171936026123168,0.9088176373395029,55406.0,55688.0,58552.0,72639.0,82048.0,124572.0,,82507.85714285714,41242.66589115606,78473.92857142857,28687.581498363965,84060.3,22264.080282776802,94930.56666666667,26463.484095128355,208,0.2913165266106443,0,0,0,0,77343.5,80520.0
2013-01-26,68043,22,222,8.93,,222.0,6,1,1,1,26,0,0,0,0,0,0,108.0,1010.0,273.0,402.8571428571428,387.2150257808654,281.43333333333334,5,26,4,26,2013,-0.9749279121818236,-0.2225209339563146,0.49999999999999994,0.8660254037844387,0.4327755925504312,0.901501684131884,60298.0,55406.0,55688.0,169665.0,79905.0,104057.0,,67990.42857142857,14962.839267745556,77626.64285714286,28816.94362859126,82859.83333333333,22119.145347465364,94947.06666666667,26446.11073893141,209,0.2927170868347339,0,0,0,0,124785.0,124415.0
2013-01-27,55481,37,182,14.66,,182.0,7,1,1,1,27,0,0,0,0,0,0,222.0,794.0,225.0,290.2857142857143,281.3637706396676,275.0,6,27,4,27,2013,-0.7818314824680299,0.6234898018587334,0.49999999999999994,0.8660254037844387,0.4482293417404106,0.893918596519257,68043.0,60298.0,55406.0,87423.0,81254.0,103119.0,,63427.28571428572,12756.857080466065,75785.71428571429,29385.02581359992,81271.9,22323.608848574146,94385.4,26924.1887171105,210,0.29411764705882354,0,0,0,0,84338.5,87146.0
2013-01-28,50500,17,78,15.16,,78.0,1,0,1,1,28,0,0,0,0,0,0,182.0,581.0,126.0,202.8571428571429,172.95705495047858,266.96666666666664,0,28,5,28,2013,0.0,1.0,0.49999999999999994,0.8660254037844387,0.4635502709028509,0.886070621534138,55481.0,68043.0,60298.0,90523.0,64780.0,114553.0,,57709.71428571428,5485.238333148221,74765.71428571429,30037.044624234277,79136.8,22092.65793222592,93532.81666666667,27493.996785425898,211,0.29551820728291317,0,0,0,0,77651.5,84065.5
2013-01-29,51493,27,87,7.94,,87.0,2,0,1,1,29,0,0,0,0,0,0,78.0,100.0,139.0,131.0,51.53962876596341,253.46666666666667,1,29,5,29,2013,0.7818314824680298,0.6234898018587336,0.49999999999999994,0.8660254037844387,0.47873384011578846,0.8779600847008882,50500.0,55481.0,68043.0,58552.0,82000.0,103833.0,,56701.28571428572,5935.017992511811,72586.64285714286,30573.643822006958,77392.13333333333,22141.739357483024,92675.61666666667,27993.436658781517,212,0.2969187675070028,0,0,0,0,70276.0,70464.0
2013-01-30,53103,22,105,9.26,,105.0,3,0,1,1,30,0,0,0,0,0,0,87.0,122.0,134.0,129.14285714285714,53.05477852003072,240.96666666666667,2,30,5,30,2013,0.9749279121818236,-0.22252093395631434,0.49999999999999994,0.8660254037844387,0.49377555015997715,0.869589389346611,51493.0,50500.0,55481.0,55688.0,70111.0,101981.0,,56332.0,6087.048272083697,71371.78571428571,31014.315920675595,75762.86666666667,22068.198658943027,91629.93333333333,28283.650439166715,213,0.29831932773109243,0,0,0,0,62899.5,67783.0
2013-01-31,44946,33,143,7.75,,143.0,4,0,1,1,31,0,0,0,0,0,0,105.0,105.0,130.0,126.71428571428572,53.81980517032199,231.5,3,31,5,31,2013,0.43388373911755823,-0.900968867902419,0.49999999999999994,0.8660254037844387,0.5086709438521044,0.8609610158889943,53103.0,51493.0,50500.0,55406.0,70391.0,90940.0,,54837.71428571428,7477.368425551827,69554.28571428571,31811.530588351536,74229.73333333334,22569.414251383998,90814.75,28916.15184716509,214,0.29971988795518206,0,0,0,0,62898.5,65160.5
2013-02-01,56644,32,173,11.58,,173.0,5,0,2,1,32,0,0,0,0,0,0,143.0,108.0,182.0,132.14285714285714,53.177152272470494,228.8,4,1,5,32,2013,-0.433883739117558,-0.9009688679024191,0.8660254037844386,0.5000000000000001,0.5234156073655503,0.8520775211013093,44946.0,53103.0,51493.0,60298.0,72639.0,92188.0,,54315.71428571428,7153.167030863989,68411.78571428571,31979.008675592577,73044.93333333333,22527.08827157657,89961.5,29159.58991452134,215,0.3011204481792717,0,0,0,0,66468.5,71173.0
2013-02-02,61963,30,283,8.24,,283.0,6,1,2,1,33,0,0,0,0,0,0,173.0,222.0,1010.0,141.42857142857142,53.92852412486093,224.63333333333333,5,2,5,33,2013,-0.9749279121818236,-0.2225209339563146,0.8660254037844386,0.5000000000000001,0.5380051715382996,0.8429415373547828,56644.0,44946.0,53103.0,68043.0,169665.0,61243.0,,53447.142857142855,5350.521514413493,60718.78571428572,13171.53952323289,73068.93333333333,22514.46110749533,89394.46666666666,29370.503246709537,216,0.3025210084033613,0,0,0,0,118854.0,73974.0
2013-02-03,57455,15,156,7.23,,156.0,7,1,2,1,34,0,0,0,0,0,0,283.0,182.0,794.0,150.14285714285714,71.2610893625887,226.86666666666667,6,3,5,34,2013,-0.7818314824680299,0.6234898018587334,0.8660254037844386,0.5000000000000001,0.5524353131676196,0.8335557718385699,61963.0,56644.0,44946.0,55481.0,87423.0,88401.0,,53729.142857142855,5524.764834470476,58578.21428571428,10701.371178703861,72037.4,22496.688357975327,88836.93333333333,29657.408931057318,217,0.30392156862745096,0,0,0,0,71452.0,68367.5
2013-02-04,45633,15,117,9.98,,117.0,1,0,2,1,35,0,0,0,0,0,0,156.0,78.0,581.0,146.42857142857142,69.99013535934219,224.7,0,4,6,35,2013,0.0,1.0,0.8660254037844386,0.5000000000000001,0.5667017562911176,0.8239230057575542,57455.0,61963.0,56644.0,50500.0,90523.0,79165.0,,53033.857142857145,6256.654708617732,55371.78571428572,6151.448524579173,70919.66666666667,22958.612273833765,87960.08333333333,30148.251590135274,218,0.30532212885154064,0,0,0,0,70511.5,57640.0
2013-02-05,46066,16,117,7.21,,117.0,2,0,2,1,36,0,0,0,0,0,0,117.0,87.0,100.0,152.0,65.0102556011998,218.1,1,5,6,36,2013,0.7818314824680298,0.6234898018587336,0.8660254037844386,0.5000000000000001,0.5808002734538009,0.8140460935082178,45633.0,57455.0,61963.0,51493.0,58552.0,86869.0,,52258.57142857143,6792.688295934517,54479.92857142857,6547.29716946409,69559.56666666667,23188.63113338583,86780.88333333333,30383.14973132857,219,0.3067226890756303,0,0,0,0,55022.5,66746.5
2013-02-06,53132,20,114,6.6,,114.0,3,0,2,1,37,0,0,0,0,0,0,117.0,105.0,122.0,156.28571428571428,60.86792884520352,215.1,2,6,6,37,2013,0.9749279121818236,-0.22252093395631434,0.8660254037844386,0.5000000000000001,0.5947266869607634,0.8039279618328213,46066.0,45633.0,57455.0,53103.0,55688.0,77608.0,,52262.71428571428,6793.297964766945,54297.357142857145,6546.655782883211,68743.7,23325.86570541161,86067.7,30665.821169669875,220,0.3081232492997199,0,0,0,0,54395.5,61607.0
2013-02-07,49638,24,114,12.26,,114.0,4,0,2,1,38,0,0,0,0,0,0,114.0,143.0,105.0,157.57142857142858,59.68767919444552,213.56666666666663,3,7,6,38,2013,0.43388373911755823,-0.900968867902419,0.8660254037844386,0.5000000000000001,0.6084768701151261,0.7935716089521474,53132.0,46066.0,45633.0,44946.0,55406.0,82376.0,,52933.0,6152.278981538303,53885.357142857145,6652.166964544227,67652.43333333333,23431.666311128898,84838.65,30622.73707824895,221,0.30952380952380953,0,0,0,0,50176.0,57668.5
2013-02-08,56361,46,191,17.0,,191.0,5,0,2,1,39,0,0,0,0,0,0,114.0,173.0,108.0,153.42857142857142,61.83541903811313,213.3,4,8,6,39,2013,-0.433883739117558,-0.9009688679024191,0.8660254037844386,0.5000000000000001,0.6220467484408675,0.7829801036770629,49638.0,53132.0,46066.0,56644.0,60298.0,79878.0,,52892.57142857143,6124.696478389135,53604.142857142855,6440.060365903508,66868.53333333334,23401.91828820486,84066.95,30749.09600072607,222,0.31092436974789917,0,0,0,0,58471.0,64641.5
2013-02-09,80969,26,326,16.27,,326.0,6,1,2,1,40,0,0,0,0,0,0,191.0,283.0,222.0,156.0,63.14533500848127,214.5,5,9,6,40,2013,-0.9749279121818236,-0.2225209339563146,0.8660254037844386,0.5000000000000001,0.6354323008901774,0.7721565844991642,56361.0,49638.0,53132.0,61963.0,68043.0,74915.0,,55607.71428571428,12107.02690884262,54527.42857142857,9062.12459139069,67070.33333333333,23499.596067450486,83337.86666666667,30284.086624164356,223,0.3123249299719888,0,0,0,0,65003.0,115814.0
2013-02-10,67314,24,235,16.96,,235.0,7,1,2,1,41,0,0,0,0,0,0,326.0,156.0,182.0,162.14285714285714,77.92181673837901,220.6,6,10,6,41,2013,-0.7818314824680299,0.6234898018587334,0.8660254037844386,0.5000000000000001,0.6486295610349814,0.7611042586607747,80969.0,56361.0,49638.0,57455.0,55481.0,82048.0,,57016.142857142855,12904.905829807549,55372.642857142855,9688.109354390836,66579.2,23329.123400768338,82626.78333333334,30148.531797791296,224,0.3137254901960784,0,0,0,0,56468.0,72439.0
2013-02-11,43742,21,140,14.94,,140.0,1,0,2,1,42,0,0,0,0,0,0,235.0,117.0,78.0,173.42857142857142,82.47192884623864,222.4,0,11,7,42,2013,0.0,1.0,0.8660254037844386,0.5000000000000001,0.6616346182422783,0.7498264012045686,67314.0,80969.0,56361.0,45633.0,50500.0,79905.0,,56746.0,13199.341233562016,54889.92857142857,10108.79296959808,65373.76666666667,23550.064523937304,81582.53333333334,30395.327443911545,225,0.31512605042016806,0,0,0,0,48066.5,68078.0
2013-02-12,67691,31,149,11.77,,149.0,2,0,2,1,43,0,0,0,0,0,0,140.0,117.0,87.0,176.71428571428572,80.27808809738453,217.96666666666667,1,12,7,43,2013,0.7818314824680298,0.6234898018587336,0.8660254037844386,0.5000000000000001,0.6744436188329455,0.7383263540031065,43742.0,67314.0,80969.0,46066.0,51493.0,81254.0,,59835.28571428572,12807.943338859614,56046.92857142857,10604.887330952446,64921.666666666664,23364.146243296844,80976.48333333334,30302.05284285615,226,0.3165266106442577,0,0,0,0,48779.5,52309.0
2013-02-13,45803,17,140,15.71,,140.0,3,0,2,1,44,0,0,0,0,0,0,149.0,114.0,105.0,181.28571428571428,77.1615497634979,215.4333333333333,2,13,7,44,2013,0.9749279121818236,-0.22252093395631434,0.8660254037844386,0.5000000000000001,0.6870527672236669,0.7266075247685656,67691.0,43742.0,67314.0,53132.0,53103.0,64780.0,,58788.28571428572,13714.700236295308,55525.5,10935.095889629065,64289.1,23623.56778267753,79816.7,30294.270851942467,227,0.3179271708683473,0,0,0,0,53117.5,54410.0
2013-02-14,58641,28,188,10.42,,188.0,4,0,2,1,45,0,0,0,0,0,0,140.0,114.0,143.0,185.0,73.94141825346155,215.9,3,14,7,45,2013,0.43388373911755823,-0.900968867902419,0.8660254037844386,0.5000000000000001,0.699458327051647,0.7146733860429609,45803.0,67691.0,43742.0,49638.0,44946.0,82000.0,,60074.42857142857,13122.962290798676,56503.71428571428,10520.588104565828,63510.46666666667,23403.61941317588,78876.96666666666,30057.18501708728,228,0.31932773109243695,0,0,0,0,47292.0,52522.0
2013-02-15,51558,34,196,10.44,,196.0,5,0,2,1,46,0,0,0,0,0,1,188.0,191.0,173.0,195.57142857142856,67.06926057655414,217.53333333333333,4,15,7,46,2013,-0.433883739117558,-0.9009688679024191,0.8660254037844386,0.5000000000000001,0.7116566222817746,0.7025274741691571,58641.0,45803.0,67691.0,56361.0,56644.0,70111.0,,59388.28571428572,13470.44478001519,56140.42857142857,10602.861737897223,62892.03333333333,23468.22743770431,77741.2,29774.49404189517,229,0.32072829131652664,0,0,0,0,56502.5,58329.5
2013-02-16,154237,106,1190,11.69,,1190.0,6,1,2,1,47,0,0,0,0,1,1,196.0,326.0,283.0,196.28571428571428,67.03907886627098,219.6,5,16,7,47,2013,-0.9749279121818236,-0.2225209339563146,0.8660254037844386,0.5000000000000001,0.7236440382959124,0.6901733882429719,51558.0,58641.0,45803.0,80969.0,61963.0,70391.0,,69855.14285714286,38410.89901503042,62731.42857142857,28341.768382247523,65686.9,28782.959108795985,78258.13333333333,30828.08295906635,230,0.32212885154061627,0,0,0,0,71466.0,74506.0
2013-02-17,118496,48,902,11.79,,902.0,7,1,2,1,48,0,0,0,1,1,1,1190.0,235.0,156.0,319.7142857142857,385.3495012261442,254.9333333333333,6,17,7,48,2013,-0.7818314824680299,0.6234898018587334,0.8660254037844386,0.5000000000000001,0.7354170229639855,0.6776147890466889,154237.0,51558.0,58641.0,67314.0,57455.0,72639.0,,77166.85714285714,42500.2556754215,67091.5,31935.06568443581,67215.46666666666,30340.411871517736,78179.31666666667,30717.01491968242,231,0.3235294117647059,0,0,0,0,62384.5,61397.5
2013-02-18,113859,42,759,14.1,,759.0,1,0,2,1,49,0,0,1,0,1,1,902.0,140.0,117.0,415.0,439.5622822763574,278.93333333333334,0,18,8,49,2013,0.0,1.0,0.8660254037844386,0.5000000000000001,0.7469720876965552,0.6648553979642865,118496.0,154237.0,51558.0,43742.0,45633.0,169665.0,,87183.57142857143,41561.96320297826,71964.78571428571,33572.28310372565,65355.26666666667,25100.88553450043,78486.28333333334,30983.315824177665,232,0.32492997198879553,0,0,0,0,44687.5,47121.0
2013-02-19,44020,30,96,11.65,,96.0,2,0,2,1,50,0,0,0,1,0,1,759.0,149.0,117.0,503.4285714285714,437.2763646112367,270.56666666666666,1,19,8,50,2013,0.7818314824680298,0.6234898018587336,0.8660254037844386,0.5000000000000001,0.7583058084785624,0.6518989958787126,113859.0,118496.0,154237.0,67691.0,46066.0,87423.0,,83802.0,44285.94414333595,71818.64285714286,33697.913020535256,63908.5,25035.832196591018,77099.31666666667,30624.505509666367,233,0.32633053221288516,0,0,0,0,56878.5,59592.0
2013-02-20,34326,20,118,12.93,,118.0,3,0,2,1,51,0,0,0,0,0,0,96.0,140.0,114.0,495.8571428571428,444.8297159481101,247.3,2,20,8,51,2013,0.9749279121818236,-0.22252093395631434,0.8660254037844386,0.5000000000000001,0.7694148268839378,0.6387494220515272,44020.0,113859.0,118496.0,45803.0,53132.0,90523.0,,82162.42857142857,46102.426374531016,70475.35714285714,34855.07055179101,62035.26666666667,25078.165060924814,75108.0,29412.793873714734,234,0.3277310924369748,0,0,0,0,49467.5,49453.0
2013-02-21,47280,33,100,9.65,,100.0,4,0,2,1,52,0,0,0,0,0,0,118.0,188.0,114.0,492.7142857142857,447.8305908434999,231.86666666666667,3,21,8,52,2013,0.43388373911755823,-0.900968867902419,0.8660254037844386,0.5000000000000001,0.7802958510707755,0.6254105729852463,34326.0,44020.0,113859.0,58641.0,49638.0,58552.0,,80539.42857142857,47254.0820524434,70306.92857142857,34969.01842722691,61659.53333333333,25216.21399804903,73621.6,28498.85811402614,235,0.3291316526610644,0,0,0,0,54139.5,51793.5
2013-02-22,49506,44,140,10.13,,140.0,5,0,2,1,53,0,0,0,0,0,0,100.0,196.0,191.0,480.1428571428572,458.9082800776313,231.86666666666667,4,22,8,53,2013,-0.433883739117558,-0.9009688679024191,0.8660254037844386,0.5000000000000001,0.7909456567567772,0.6118864012687243,47280.0,34326.0,44020.0,51558.0,56361.0,55688.0,,80246.28571428571,47469.707149979,69817.28571428571,35226.35863062808,61453.46666666667,25291.84225947494,72904.68333333333,28556.35124433008,236,0.33053221288515405,0,0,0,0,53959.5,54101.0
2013-02-23,62562,38,240,10.59,,240.0,6,1,2,1,54,0,0,0,0,0,0,140.0,1190.0,326.0,472.1428571428572,465.1331094684721,232.46666666666667,5,23,8,54,2013,-0.9749279121818236,-0.2225209339563146,0.8660254037844386,0.5000000000000001,0.8013610881746766,0.5981809144059165,49506.0,47280.0,34326.0,154237.0,80969.0,55406.0,,67149.85714285714,34539.184638265564,68502.5,35121.47012594563,61692.0,25266.572785893008,73947.38333333333,26945.98848675875,237,0.3319327731092437,0,0,0,0,117603.0,108100.0
2013-02-24,48780,29,170,7.73,,170.0,7,1,2,1,55,0,0,0,0,0,0,240.0,902.0,235.0,336.42857142857144,343.4471609737842,236.96666666666667,6,24,8,55,2013,-0.7818314824680299,0.6234898018587334,0.8660254037844386,0.5000000000000001,0.8115390590073611,0.5842981736283684,62562.0,49506.0,47280.0,118496.0,67314.0,60298.0,,57190.42857142857,26345.2253603139,67178.64285714286,35516.79747258739,61308.066666666666,25375.75932199503,72684.18333333333,26301.348922352154,238,0.3333333333333333,0,0,0,0,92905.0,87975.5
2013-02-25,54579,29,105,7.63,,105.0,1,0,2,1,56,0,0,0,0,0,0,170.0,759.0,140.0,231.8571428571429,237.703196284378,239.03333333333333,0,25,9,56,2013,0.0,1.0,0.8660254037844386,0.5000000000000001,0.8214765533024142,0.5702422926917871,48780.0,62562.0,49506.0,113859.0,43742.0,68043.0,,48721.857142857145,8735.951129835365,67952.71428571429,35082.14963027946,60859.26666666667,25371.599681714928,71859.55,26075.717382220984,239,0.33473389355742295,0,0,0,0,78800.5,79746.0
2013-02-26,53930,15,96,8.0,,96.0,2,0,2,1,57,0,0,0,0,0,0,105.0,96.0,149.0,138.42857142857142,51.84546634906806,235.13333333333333,1,26,9,57,2013,0.7818314824680298,0.6234898018587336,0.8660254037844386,0.5000000000000001,0.8311706263658079,0.5560174366570446,54579.0,48780.0,62562.0,44020.0,67691.0,55481.0,,50137.57142857143,8649.553126360259,66969.78571428571,35282.25293298985,60807.566666666666,25384.513904840864,71039.73333333334,25848.52510946161,240,0.33613445378151263,0,0,0,0,55855.5,45043.0
2013-02-27,56624,23,105,8.38,,105.0,3,0,2,1,58,0,0,0,0,0,0,96.0,118.0,140.0,138.42857142857142,51.84546634906806,232.26666666666668,2,27,9,58,2013,0.9749279121818236,-0.22252093395631434,0.8660254037844386,0.5000000000000001,0.8406184056344782,0.5416278206559814,53930.0,54579.0,48780.0,34326.0,45803.0,50500.0,,53323.0,5321.777491278647,67742.71428571429,34899.332637279345,61011.7,25323.315565931047,70074.25,25271.109074429223,241,0.33753501400560226,0,0,0,0,40064.5,43729.0
2013-02-28,50793,36,118,11.11,,118.0,4,0,2,1,59,0,0,0,0,0,0,105.0,100.0,188.0,136.57142857142858,52.92087534819331,233.16666666666663,3,28,9,59,2013,0.43388373911755823,-0.900968867902419,0.8660254037844386,0.5000000000000001,0.8498170915275278,0.5270777086423722,56624.0,53930.0,54579.0,47280.0,58641.0,51493.0,,53824.857142857145,4796.664133492885,67182.14285714286,35119.11235924247,60988.36666666667,25332.70944911608,69190.25,24996.384252849566,242,0.3389355742296919,0,0,0,0,52960.5,48459.0
2013-03-01,62563,29,166,8.41,,166.0,5,0,3,1,60,0,0,0,0,0,0,118.0,140.0,196.0,139.14285714285714,51.25891327833783,234.2,4,1,9,60,2013,-0.433883739117558,-0.9009688679024191,1.0,6.123233995736766e-17,0.8587639582758029,0.5123714121284237,50793.0,56624.0,53930.0,49506.0,51558.0,53103.0,,55690.142857142855,5344.709204082409,67968.21428571429,34864.737102956045,61303.7,25290.01185032654,68533.28333333334,24635.34912433123,243,0.3403361344537815,0,0,0,0,50532.0,52933.5
2013-03-02,73088,29,253,7.37,,253.0,6,1,3,1,61,0,0,0,0,0,0,166.0,240.0,1190.0,142.85714285714286,52.26352638768418,236.2333333333333,5,2,9,61,2013,-0.9749279121818236,-0.2225209339563146,1.0,6.123233995736766e-17,0.8674563547295969,0.49751328890718066,62563.0,50793.0,56624.0,62562.0,154237.0,44946.0,,57193.857142857145,8276.77891107824,62171.857142857145,24675.88178412625,62241.76666666667,25184.04844571447,68235.75,24467.376442669374,244,0.34173669467787116,0,0,0,0,108399.5,71765.5
2013-03-03,54216,25,166,8.99,,166.0,7,1,3,1,62,0,0,0,0,0,0,253.0,170.0,902.0,144.71428571428572,56.361080796693386,239.9,6,3,9,62,2013,-0.7818314824680299,0.6234898018587334,1.0,6.123233995736766e-17,0.8758917051442429,0.48250774176121847,73088.0,62563.0,50793.0,48780.0,118496.0,56644.0,,57970.42857142857,7581.596288759144,57580.42857142857,18628.841182483553,62160.833333333336,25206.549518457265,67602.88333333333,24328.023175552713,245,0.3431372549019608,0,0,0,0,83638.0,58047.0
2013-03-04,65566,24,114,6.47,,114.0,1,0,3,1,63,0,0,0,0,0,0,166.0,105.0,759.0,144.14285714285714,56.08157324061824,239.66666666666663,0,4,10,63,2013,0.0,1.0,1.0,6.123233995736766e-17,0.8840675099433636,0.4673592171580022,54216.0,73088.0,62563.0,54579.0,113859.0,61963.0,,59540.0,7893.3479377687645,54130.92857142857,9771.794004758067,62280.933333333334,25214.156752785217,67674.93333333333,24315.266632001276,246,0.3445378151260504,0,0,0,0,84219.0,49160.5
2013-03-05,45190,17,92,9.11,,92.0,2,0,3,1,64,0,0,0,0,0,0,114.0,96.0,96.0,145.42857142857142,55.12971716130681,234.03333333333333,1,5,10,64,2013,0.7818314824680298,0.6234898018587336,1.0,6.123233995736766e-17,0.8919813464595485,0.45207220393230435,65566.0,54216.0,73088.0,53930.0,44020.0,57455.0,,58291.42857142857,9463.680888131901,54214.5,9683.272664755297,61872.1,25393.899179554537,66954.75,24330.904473442137,247,0.34593837535014005,0,0,0,0,48975.0,60810.5
2013-03-06,65256,19,105,9.96,,105.0,3,0,3,1,65,0,0,0,0,0,0,92.0,105.0,118.0,144.85714285714286,55.74474137060968,231.9,2,6,10,65,2013,0.9749279121818236,-0.22252093395631434,1.0,6.123233995736766e-17,0.8996308696522433,0.43665123195606403,45190.0,65566.0,54216.0,56624.0,34326.0,45633.0,,59524.57142857143,9767.701740211258,56423.78571428572,8213.422814829528,62526.2,25213.26987561691,66722.93333333333,24278.801887945956,248,0.3473389355742297,0,0,0,0,45475.0,51213.5
2013-03-07,58460,26,114,9.14,,114.0,4,0,3,1,66,0,0,0,0,0,0,105.0,118.0,100.0,144.85714285714286,55.74474137060968,231.5,3,7,10,66,2013,0.43388373911755823,-0.900968867902419,1.0,6.123233995736766e-17,0.9070138128026359,0.4211008707960896,65256.0,45190.0,65566.0,50793.0,47280.0,46066.0,,60619.857142857145,9027.212571416234,57222.357142857145,7788.519209581461,62939.333333333336,25035.172348233362,66249.45,24155.96004037177,249,0.3487394957983193,0,0,0,0,49036.5,54717.0
2013-03-08,63427,27,141,12.52,,141.0,5,0,3,1,67,0,0,0,0,0,0,114.0,166.0,140.0,144.28571428571428,56.08539407520821,231.4,4,8,10,67,2013,-0.433883739117558,-0.9009688679024191,1.0,6.123233995736766e-17,0.9141279881853337,0.40542572835999735,58460.0,65256.0,45190.0,62563.0,49506.0,53132.0,,60743.28571428572,9064.040723546352,58216.71428571428,7614.290152566427,63282.5,24966.568620305334,66013.1,24112.276853805823,250,0.35014005602240894,0,0,0,0,56034.5,57060.5
2013-03-09,74105,26,294,8.63,,294.0,6,1,3,1,68,0,0,0,0,0,0,141.0,253.0,240.0,140.71428571428572,55.26214583152496,232.3,5,9,10,68,2013,-0.9749279121818236,-0.2225209339563146,1.0,6.123233995736766e-17,0.9209712877166346,0.38963044953078796,63427.0,58460.0,65256.0,73088.0,62562.0,49638.0,,60888.57142857143,9299.970319973734,59041.21428571428,8672.43777438311,64098.066666666666,24905.03104406313,65875.25,24040.68091806555,251,0.35154061624649857,0,0,0,0,67825.0,113662.5
2013-03-10,51200,61,206,10.32,,206.0,7,1,3,1,69,0,0,0,0,0,0,294.0,166.0,170.0,146.57142857142858,69.4882655390032,238.3,6,10,10,69,2013,-0.7818314824680299,0.6234898018587334,1.0,6.123233995736766e-17,0.9275416835791966,0.37371971479046906,74105.0,63427.0,58460.0,54216.0,48780.0,56361.0,,60457.71428571428,9720.960424332572,59214.07142857143,8474.028689193374,63926.03333333333,24978.036301551216,65397.28333333333,24042.64742895303,252,0.35294117647058826,0,0,0,0,51498.0,86356.0
2013-03-11,61658,16,114,10.81,,114.0,1,0,3,1,70,0,0,0,0,0,0,206.0,114.0,105.0,152.28571428571428,72.91253729803996,238.8,0,11,11,70,2013,0.0,1.0,1.0,6.123233995736766e-17,0.9338372288229252,0.35769823883312546,51200.0,74105.0,63427.0,65566.0,54579.0,80969.0,,59899.42857142857,9488.121975346821,59719.71428571428,8386.933806899657,63282.333333333336,24771.658860735286,65176.333333333336,24014.59690403486,253,0.3543417366946779,0,0,0,0,60072.5,89712.5
2013-03-12,52338,18,105,10.13,,105.0,2,0,3,1,71,0,0,0,0,0,0,114.0,92.0,96.0,152.28571428571428,72.91253729803996,231.7333333333333,1,12,11,71,2013,0.7818314824680298,0.6234898018587336,1.0,6.123233995736766e-17,0.9398560579418954,0.3415707691678556,61658.0,51200.0,74105.0,45190.0,53930.0,67314.0,,60920.57142857143,7891.50952727417,59606.0,8481.728978311918,62783.13333333333,24838.419542332416,64681.166666666664,23967.071078324323,254,0.3557422969187675,0,0,0,0,49560.0,44605.0
2013-03-13,50639,20,118,9.13,,118.0,3,0,3,1,72,0,0,0,0,0,0,105.0,105.0,105.0,154.14285714285714,71.2681054690163,227.4,2,13,11,72,2013,0.9749279121818236,-0.22252093395631434,1.0,6.123233995736766e-17,0.9455963874271426,0.3253420847119801,52338.0,61658.0,51200.0,65256.0,56624.0,43742.0,,58832.42857142857,8466.088448572904,59178.5,8788.859300710754,63013.03333333333,24687.561485539638,64193.4,23949.78915458665,255,0.35714285714285715,0,0,0,0,60940.0,49791.0
2013-03-14,55281,41,136,10.87,,136.0,4,0,3,1,73,0,0,0,0,0,0,118.0,114.0,118.0,156.0,69.93091829322213,226.66666666666663,3,14,11,73,2013,0.43388373911755823,-0.900968867902419,1.0,6.123233995736766e-17,0.9510565162951535,0.30901699437494745,50639.0,52338.0,61658.0,58460.0,50793.0,67691.0,,58378.28571428572,8573.97363564724,59499.07142857143,8537.734310011603,62599.36666666667,24710.435067107752,63760.51666666667,23870.79456439007,256,0.3585434173669468,0,0,0,0,54626.5,52870.0
2013-03-15,64014,44,184,9.51,,184.0,5,0,3,1,74,0,0,0,0,0,0,136.0,141.0,166.0,159.14285714285714,68.20173157974926,226.2333333333333,4,15,11,74,2013,-0.433883739117558,-0.9009688679024191,1.0,6.123233995736766e-17,0.9562348265919056,0.29260033563334836,55281.0,50639.0,52338.0,63427.0,62563.0,45803.0,,58462.142857142855,8634.240739223638,59602.71428571428,8586.457713512118,63206.4,24506.431953180447,63747.75,23870.444914036932,257,0.3599439775910364,0,0,0,0,62995.0,56466.5
2013-03-16,97248,41,328,13.91,,328.0,6,1,3,1,75,0,0,0,0,0,0,184.0,294.0,253.0,165.28571428571428,68.23174795189853,227.7,5,16,11,75,2013,-0.9749279121818236,-0.2225209339563146,1.0,6.123233995736766e-17,0.9611297838723007,0.27609697309746883,64014.0,55281.0,50639.0,74105.0,73088.0,58641.0,,61768.28571428572,16484.489424044645,61328.42857142857,12866.401318127719,64493.3,25260.501612883385,64001.88333333333,24147.617132743177,258,0.36134453781512604,0,0,0,0,73596.5,68333.5
2013-03-17,72894,37,233,16.82,,233.0,7,1,3,1,76,0,0,0,0,0,0,328.0,206.0,166.0,170.14285714285714,79.24314601576702,232.36666666666667,6,17,11,76,2013,-0.7818314824680299,0.6234898018587334,1.0,6.123233995736766e-17,0.9657399376548549,0.2595117970697999,97248.0,64014.0,55281.0,51200.0,54216.0,51558.0,,64867.42857142857,16203.34533213408,62662.57142857143,13039.385189106426,65204.5,25183.99253596866,64048.26666666667,24162.218976325225,259,0.3627450980392157,0,0,0,0,52708.0,49990.0
2013-03-18,57391,21,145,6.67,,145.0,1,0,3,1,77,0,0,0,0,0,0,233.0,114.0,114.0,174.0,81.89220557130768,233.6,0,18,12,77,2013,0.0,1.0,1.0,6.123233995736766e-17,0.9700639218515071,0.2428497220959356,72894.0,97248.0,64014.0,61658.0,65566.0,154237.0,,64257.857142857145,16422.981412526806,62078.642857142855,13082.337803355209,61976.3,18767.541119324043,63831.6,24162.665202781307,260,0.3641456582633053,0,0,0,0,63612.0,58118.5
2013-03-19,68274,15,114,8.32,,114.0,2,0,3,1,78,0,0,0,0,0,0,145.0,105.0,92.0,178.42857142857142,78.88991727476353,198.76666666666668,1,19,12,78,2013,0.7818314824680298,0.6234898018587336,1.0,6.123233995736766e-17,0.9741004551724205,0.22611568550828828,57391.0,72894.0,97248.0,52338.0,45190.0,118496.0,,66534.42857142857,15578.04479448745,63727.5,12216.043314806508,60302.23333333333,15509.181875937922,63758.85,24142.260598536144,261,0.36554621848739494,0,0,0,0,48764.0,53134.0
2013-03-20,57489,25,141,6.59,,141.0,3,0,3,1,79,0,0,0,0,0,0,114.0,118.0,105.0,179.71428571428572,77.55581707328437,172.5,2,20,12,79,2013,0.9749279121818236,-0.22252093395631434,1.0,6.123233995736766e-17,0.9778483415056568,0.20931464596304847,68274.0,57391.0,72894.0,50639.0,65256.0,113859.0,,67513.0,14597.401549591272,63172.71428571428,12317.235687807917,58423.23333333333,11757.865668632689,61889.25,19744.791299097564,262,0.36694677871148457,0,0,0,0,57947.5,53631.5
2013-03-21,52470,34,154,7.24,,154.0,4,0,3,1,80,0,0,0,0,0,0,141.0,136.0,114.0,183.0,74.94887146137239,151.9,3,21,12,80,2013,0.43388373911755823,-0.900968867902419,1.0,6.123233995736766e-17,0.9813064702716093,0.19245158197082998,57489.0,68274.0,57391.0,55281.0,58460.0,44020.0,,67111.42857142857,15022.460959700446,62744.857142857145,12594.44745700464,58704.9,11499.299110125794,61306.7,19492.692344151237,263,0.36834733893557425,0,0,0,0,56870.5,53037.0
2013-03-22,58655,51,207,9.59,,207.0,5,0,3,1,81,0,0,0,0,0,0,154.0,184.0,141.0,185.57142857142856,73.35951913432255,153.83333333333334,4,22,12,81,2013,-0.433883739117558,-0.9009688679024191,1.0,6.123233995736766e-17,0.9844738167520922,0.1755314904214282,52470.0,57489.0,68274.0,64014.0,63427.0,34326.0,,66345.85714285714,15339.81976674434,62404.0,12639.061643601835,59515.86666666667,10538.475054027962,60775.566666666666,19113.599473306756,264,0.3697478991596639,0,0,0,0,63720.5,63288.5
2013-03-23,69722,34,281,6.91,,281.0,6,1,3,1,82,0,0,0,0,0,0,207.0,328.0,294.0,188.8571428571429,73.79121124593937,156.8,5,23,12,82,2013,-0.9749279121818236,-0.2225209339563146,1.0,6.123233995736766e-17,0.9873494423939864,0.15855938510313475,58655.0,52470.0,57489.0,97248.0,74105.0,47280.0,,62413.57142857143,7746.786793184553,62090.92857142857,12378.529678217174,60263.933333333334,10435.986891961735,60961.73333333333,19145.945423639318,265,0.3711484593837535,0,0,0,0,85676.5,85168.0
2013-03-24,79295,27,215,6.75,,215.0,7,1,3,1,83,0,0,0,0,0,0,281.0,233.0,206.0,182.14285714285717,59.83986567339128,162.83333333333334,6,24,12,83,2013,-0.7818314824680299,0.6234898018587334,1.0,6.123233995736766e-17,0.989932495087353,0.141540295217043,69722.0,58655.0,52470.0,72894.0,51200.0,49506.0,,63328.0,9392.96034272533,64097.71428571428,12748.909651287882,61256.9,10788.329797389539,61355.183333333334,19277.84122390156,266,0.37254901960784315,0,0,0,0,62047.0,63555.0
2013-03-25,69379,23,171,8.53,,171.0,1,0,3,1,84,0,0,0,0,0,0,215.0,145.0,114.0,179.57142857142858,57.63638070656734,165.33333333333334,0,25,13,84,2013,0.0,1.0,1.0,6.123233995736766e-17,0.9922222094179323,0.12447926388678915,79295.0,69722.0,58655.0,57391.0,61658.0,62562.0,,65040.57142857143,9221.375075644877,64649.21428571428,12802.141366425076,61484.13333333333,10888.098386052978,61588.066666666666,19289.150962210373,267,0.3739495798319328,0,0,0,0,59524.5,61478.5
2013-03-26,63557,18,158,9.55,,158.0,2,0,3,1,85,0,0,0,0,0,0,171.0,114.0,105.0,183.28571428571428,55.84715536090223,163.03333333333333,1,26,13,85,2013,0.7818314824680298,0.6234898018587336,1.0,6.123233995736766e-17,0.994217906893952,0.10738134666416309,69379.0,79295.0,69722.0,68274.0,52338.0,48780.0,,64366.71428571428,9117.473054787295,65450.57142857143,12314.060804401755,61976.7,10624.61848775505,61642.38333333333,19290.045186345378,268,0.3753501400560224,0,0,0,0,60306.0,56732.0
2013-03-27,60798,24,167,8.31,,167.0,3,0,3,1,86,0,0,0,0,0,0,158.0,141.0,118.0,189.57142857142856,48.7779224064095,162.63333333333333,2,27,13,86,2013,0.9749279121818236,-0.22252093395631434,1.0,6.123233995736766e-17,0.995918996147179,0.09025161003104117,63557.0,69379.0,79295.0,57489.0,50639.0,54579.0,,64839.42857142857,8781.025430953834,66176.21428571429,11655.83770001149,62184.0,10535.600063103037,61521.63333333333,19271.967439312586,269,0.37675070028011204,0,0,0,0,54064.0,61372.5
2013-03-28,64010,29,180,6.88,,180.0,4,0,3,1,87,0,0,0,0,0,0,167.0,154.0,136.0,193.28571428571428,45.33105736583646,164.7,3,28,13,87,2013,0.43388373911755823,-0.900968867902419,1.0,6.123233995736766e-17,0.9973249731081555,0.07309512989807777,60798.0,63557.0,69379.0,52470.0,55281.0,53930.0,,66488.0,6967.772480021376,66799.71428571429,11254.76118345927,62520.0,10423.425328854637,61663.78333333333,19258.106516822478,270,0.37815126050420167,0,0,0,0,53875.5,55465.0
2013-03-29,79834,37,251,8.13,,251.0,5,0,3,1,88,0,0,0,0,0,0,180.0,207.0,184.0,197.0,42.555845661906375,167.5,4,29,13,88,2013,-0.433883739117558,-0.9009688679024191,1.0,6.123233995736766e-17,0.9984354211555643,0.055916990100603484,64010.0,60798.0,63557.0,58655.0,64014.0,56624.0,,69513.57142857143,7571.661747533149,67929.71428571429,11737.386817205163,63293.666666666664,10824.367543309174,62152.683333333334,19342.055108319808,271,0.3795518207282913,0,0,0,0,61334.5,61041.0
2013-03-30,82225,29,317,7.97,,317.0,6,1,3,1,89,0,0,0,0,0,0,251.0,281.0,328.0,203.28571428571428,47.26772784086511,172.36666666666667,5,30,13,89,2013,-0.9749279121818236,-0.2225209339563146,1.0,6.123233995736766e-17,0.9992500112396835,0.03872228089217446,79834.0,64010.0,60798.0,69722.0,97248.0,50793.0,,71299.71428571429,8973.899184381182,66856.64285714286,9280.392088924584,64341.4,11090.59466270475,62664.88333333333,19461.53040221481,272,0.38095238095238093,0,0,0,0,83485.0,71913.5
2013-03-31,47556,12,0,6.68,,0.0,7,1,3,1,90,0,0,0,0,0,0,317.0,215.0,233.0,208.42857142857144,57.896048059883874,179.0,6,31,13,90,2013,-0.7818314824680299,0.6234898018587334,1.0,6.123233995736766e-17,0.9997685019798909,0.021516097436222254,82225.0,79834.0,64010.0,79295.0,72894.0,62563.0,,66765.57142857143,11825.927826280302,65046.78571428572,10413.898916489215,63841.166666666664,11504.298078614382,62572.433333333334,19520.80797366329,273,0.38235294117647056,0,0,0,0,76094.5,65247.5
2013-04-01,67497,17,172,9.25,,172.0,1,0,4,2,91,0,0,0,0,0,0,0.0,171.0,145.0,177.71428571428572,97.38876438568984,173.46666666666667,0,1,14,91,2013,0.0,1.0,0.8660254037844387,-0.4999999999999998,0.9999907397361901,0.004303538296244289,47556.0,82225.0,79834.0,69379.0,57391.0,73088.0,,66496.71428571429,11777.905893583338,65768.64285714286,10190.25999975641,63654.8,11394.094914653788,62948.28333333333,19392.35350975169,274,0.38375350140056025,0,0,0,0,63385.0,65518.5
2013-04-02,61698,19,150,6.53,,150.0,2,0,4,2,92,0,0,0,0,0,0,172.0,158.0,114.0,177.85714285714286,97.37800670827151,170.76666666666668,1,2,14,92,2013,0.7818314824680298,0.6234898018587336,0.8660254037844387,-0.4999999999999998,0.9999166586547379,-0.01291029607500882,67497.0,47556.0,82225.0,63557.0,68274.0,54216.0,,66231.14285714286,11875.79081477105,65298.92857142857,10217.415987227008,63904.2,11261.482536688467,63032.51666666667,19375.474891493825,275,0.3851540616246499,0,0,0,0,65915.5,57947.5
2013-04-03,65300,30,176,6.5,,176.0,3,0,4,2,93,0,0,0,0,0,0,150.0,167.0,141.0,176.71428571428572,97.69632249256576,170.23333333333332,2,3,14,93,2013,0.9749279121818236,-0.22252093395631434,0.8660254037844387,-0.4999999999999998,0.9995462806873573,-0.030120304846908114,61698.0,67497.0,47556.0,60798.0,57489.0,65566.0,,66874.28571428571,11652.317376303523,65856.85714285714,9968.371905158765,63895.333333333336,11260.233657566341,63088.13333333333,19377.14214770674,276,0.3865546218487395,0,0,0,0,59143.5,55718.5
2013-04-04,53170,40,176,8.0,,176.0,4,0,4,2,94,0,0,0,0,0,0,176.0,180.0,154.0,178.0,97.60635225229956,172.3,3,4,14,94,2013,0.43388373911755823,-0.900968867902419,0.8660254037844387,-0.4999999999999998,0.9988797155850336,-0.04732138832243185,65300.0,61698.0,67497.0,64010.0,52470.0,45190.0,,65325.71428571428,12763.723342796126,65906.85714285714,9897.564190299401,64161.333333333336,10891.334104448084,63016.71666666667,19406.13033850323,277,0.38795518207282914,0,0,0,0,58240.0,59645.5
2013-04-05,88866,33,255,10.73,,255.0,5,0,4,2,95,0,0,0,0,0,0,176.0,251.0,207.0,177.42857142857142,97.6044007594895,175.1,4,5,14,95,2013,-0.433883739117558,-0.9009688679024191,0.8660254037844387,-0.4999999999999998,0.9979171608653922,-0.06450844944931623,53170.0,65300.0,61698.0,79834.0,58655.0,65256.0,,66616.0,14773.15492145612,68064.78571428571,11377.585009256372,64948.333333333336,11789.175029876293,63737.26666666667,19551.806927521484,278,0.38935574229691877,0,0,0,0,69244.5,71924.0
2013-04-06,87143,34,317,8.65,,317.0,6,1,4,2,96,0,0,0,0,0,0,255.0,317.0,281.0,178.0,98.11727676612304,180.1,5,6,14,96,2013,-0.9749279121818236,-0.2225209339563146,0.8660254037844387,-0.4999999999999998,0.9966589017541702,-0.08167639533042241,88866.0,53170.0,65300.0,82225.0,69722.0,58460.0,,67318.57142857143,15725.447739859661,69309.14285714286,12472.72927912443,65904.43333333333,12392.483443975083,64421.88333333333,19641.511204840903,279,0.3907563025210084,0,0,0,0,75973.5,89736.5
2013-04-07,53175,29,220,9.44,,220.0,7,1,4,2,97,0,0,0,0,0,0,317.0,0.0,215.0,178.0,98.11727676612304,186.86666666666667,6,7,14,97,2013,-0.7818314824680299,0.6234898018587334,0.8660254037844387,-0.4999999999999998,0.9951053111006976,-0.09882013873287143,87143.0,88866.0,53170.0,47556.0,79295.0,63427.0,,68121.28571428571,14655.540314323844,67443.42857142857,12813.026572829782,65562.7,12602.726960381717,64422.6,19641.093064960623,280,0.39215686274509803,0,0,0,0,63425.5,60225.0
2013-04-08,57735,17,133,8.4,,133.0,1,0,4,2,98,0,0,0,0,0,0,220.0,172.0,171.0,209.42857142857144,59.05888909344965,189.5,0,8,15,98,2013,0.0,1.0,0.8660254037844387,-0.4999999999999998,0.9932568492674143,-0.11593459959550041,53175.0,87143.0,88866.0,67497.0,69379.0,74105.0,,66726.71428571429,15179.924041469105,66611.71428571429,13053.381869070496,65017.03333333333,12574.471282456949,64557.55,19565.460130446856,281,0.39355742296918766,0,0,0,0,68438.0,62444.0
2013-04-09,56743,18,101,10.53,,101.0,2,0,4,2,99,0,0,0,0,0,0,133.0,150.0,158.0,203.8571428571429,64.7441852509515,184.13333333333333,1,9,15,99,2013,0.7818314824680298,0.6234898018587336,0.8660254037844387,-0.4999999999999998,0.9911140639934547,-0.1330147065341959,57735.0,53175.0,87143.0,61698.0,63557.0,51200.0,,66018.85714285714,15564.16672390571,66125.0,13300.734184478388,65201.8,12404.014323513667,64563.916666666664,19562.809711452515,282,0.3949579831932773,0,0,0,0,62627.5,64986.0
2013-04-10,57210,19,106,8.64,,106.0,3,0,4,2,100,0,0,0,0,0,0,101.0,176.0,167.0,196.8571428571429,73.58312435929986,180.63333333333333,2,10,15,100,2013,0.9749279121818236,-0.22252093395631434,0.8660254037844387,-0.4999999999999998,0.9886775902323405,-0.1500553983446526,56743.0,57735.0,53175.0,65300.0,60798.0,61658.0,,64863.142857142855,15922.673534183908,65868.71428571429,13445.058087974523,65053.53333333333,12474.219521527813,64167.933333333334,19465.33340423063,283,0.3963585434173669,0,0,0,0,63049.0,61394.5
2013-04-11,67788,32,137,7.13,,137.0,4,0,4,2,101,0,0,0,0,0,0,106.0,176.0,180.0,186.8571428571429,81.24741754137698,180.36666666666667,3,11,15,101,2013,0.43388373911755823,-0.900968867902419,0.8660254037844387,-0.4999999999999998,0.9859481499638304,-0.16705162550211924,57210.0,56743.0,57735.0,53170.0,64010.0,52338.0,,66951.42857142857,15069.217153490668,66138.57142857143,13442.796038795557,65568.53333333334,12248.031787649212,64175.833333333336,19466.72801210257,284,0.39775910364145656,0,0,0,0,58590.0,52820.0
2013-04-12,62286,36,194,9.96,,194.0,5,0,4,2,102,0,0,0,0,0,0,137.0,255.0,251.0,181.28571428571428,83.42404586551422,181.4333333333333,4,12,15,102,2013,-0.433883739117558,-0.9009688679024191,0.8660254037844387,-0.4999999999999998,0.9829265519799822,-0.18399835165768005,67788.0,57210.0,56743.0,88866.0,79834.0,50639.0,,63154.28571428572,11569.194436293843,64885.142857142855,12873.635335337523,65956.76666666666,11939.179928180678,64484.9,19283.151099569208,285,0.39915966386554624,0,0,0,0,84350.0,73760.5
2013-04-13,62133,33,291,9.36,,291.0,6,1,4,2,103,0,0,0,0,0,0,194.0,317.0,317.0,172.57142857142858,77.40985540798859,183.96666666666667,5,13,15,103,2013,-0.9749279121818236,-0.2225209339563146,0.8660254037844387,-0.4999999999999998,0.9796136916454901,-0.20089055513063506,62286.0,67788.0,57210.0,87143.0,82225.0,55281.0,,59581.42857142857,4818.454346128589,63450.0,11872.933284122708,66185.16666666667,11792.546892535334,64392.26666666667,19280.83819285906,286,0.4005602240896359,0,0,0,0,84684.0,78432.5
2013-04-14,66940,28,229,10.19,,229.0,7,1,4,2,104,0,0,0,0,0,0,291.0,220.0,0.0,168.85714285714286,69.54957122184751,189.13333333333333,6,14,15,104,2013,-0.7818314824680299,0.6234898018587334,0.8660254037844387,-0.4999999999999998,0.9760105506323683,-0.21772323039653177,62133.0,62286.0,67788.0,53175.0,47556.0,64014.0,,61547.857142857145,4570.61941202006,64834.57142857143,10972.999777175257,66282.7,11786.068822394005,64744.55,19127.926367828128,287,0.4019607843137255,0,0,0,0,50365.5,66235.0
2013-04-15,46503,18,92,8.9,,92.0,1,0,4,2,105,0,0,0,0,0,0,229.0,133.0,172.0,170.14285714285714,70.72582878371126,190.63333333333333,0,15,16,105,2013,0.0,1.0,0.8660254037844387,-0.4999999999999998,0.9721181966290613,-0.23449138957040985,66940.0,62133.0,62286.0,57735.0,67497.0,97248.0,,59943.28571428572,7293.040877309435,63335.0,11970.358891862768,64591.2,10787.896619631802,64542.25,19257.321639653175,288,0.40336134453781514,0,0,0,0,62616.0,63557.0
2013-04-16,59137,22,106,7.74,,106.0,2,0,4,2,106,0,0,0,0,0,0,92.0,101.0,150.0,164.28571428571428,75.82812645651178,182.76666666666668,1,16,16,106,2013,0.7818314824680298,0.6234898018587336,0.8660254037844387,-0.4999999999999998,0.9679377830240642,-0.25119006388481935,46503.0,66940.0,62133.0,56743.0,61698.0,72894.0,,60285.28571428572,7173.100113486936,63152.07142857143,12016.777857288807,64132.63333333333,10714.936398940245,64668.566666666666,19195.466622614065,289,0.40476190476190477,0,0,0,0,59220.5,60150.0
2013-04-17,61607,19,124,8.71,,124.0,3,0,4,2,107,0,0,0,0,0,0,106.0,106.0,176.0,165.0,75.15317691222361,178.53333333333333,2,17,16,107,2013,0.9749279121818236,-0.22252093395631434,0.8660254037844387,-0.4999999999999998,0.9634705485641488,-0.2678143051621742,59137.0,46503.0,66940.0,57210.0,65300.0,57391.0,,60913.42857142857,7050.387621901263,62888.28571428572,12006.52975822585,64273.166666666664,10650.923084759954,63124.73333333333,15173.211257340701,290,0.4061624649859944,0,0,0,0,61255.0,59004.0
2013-04-18,43996,33,119,11.92,,119.0,4,0,4,2,108,0,0,0,0,0,0,124.0,137.0,176.0,167.57142857142858,73.07725853017268,177.83333333333334,3,18,16,108,2013,0.43388373911755823,-0.900968867902419,0.8660254037844387,-0.4999999999999998,0.9587178169872964,-0.2843591872810034,61607.0,59137.0,46503.0,67788.0,53170.0,68274.0,,57514.57142857143,8720.873825811605,62233.0,12801.741558205076,63463.9,11242.36470201464,61883.066666666666,13523.852845698002,291,0.40756302521008403,0,0,0,0,60479.0,65899.0
2013-04-19,65194,38,176,10.85,,176.0,5,0,4,2,109,0,0,0,0,0,0,119.0,194.0,255.0,165.0,74.63243262818104,178.0,4,19,16,109,2013,-0.433883739117558,-0.9009688679024191,0.8660254037844387,-0.4999999999999998,0.9536809966304457,-0.30081980763566735,43996.0,61607.0,59137.0,62286.0,88866.0,57489.0,,57930.0,9049.133181324325,60542.142857142855,10340.080686020034,63720.73333333333,11189.044940702433,61071.98333333333,11688.596800694791,292,0.40896358543417366,0,0,0,0,75576.0,71060.0
2013-04-20,69515,35,274,10.57,,274.0,6,1,4,2,110,0,0,0,0,0,0,176.0,291.0,317.0,162.42857142857142,73.77184906375665,179.16666666666666,5,20,16,110,2013,-0.9749279121818236,-0.2225209339563146,0.8660254037844387,-0.4999999999999998,0.9483615800121715,-0.3171912885891061,65194.0,43996.0,61607.0,62133.0,87143.0,52470.0,,58984.57142857143,10000.691957012723,59283.0,7547.974185679905,64288.9,11029.673454227815,61496.9,11520.398680277774,293,0.4103641456582633,0,0,0,0,74638.0,72179.0
2013-04-21,58095,35,199,12.39,,199.0,7,1,4,2,111,0,0,0,0,0,0,274.0,229.0,220.0,160.0,68.95650803223708,183.16666666666663,6,21,16,111,2013,-0.7818314824680299,0.6234898018587334,0.8660254037844387,-0.4999999999999998,0.9427611433904207,-0.3334687789181868,69515.0,65194.0,43996.0,66940.0,53175.0,58655.0,,57721.0,9366.689578857531,59634.42857142857,7353.751200936339,64270.23333333333,11040.006111577988,61893.05,10965.55051432471,294,0.4117647058823529,0,0,0,0,60057.5,57248.0
2013-04-22,61062,21,110,10.43,,110.0,1,0,4,2,112,0,0,0,0,0,0,199.0,92.0,133.0,155.71428571428572,64.75779048555782,182.9,0,22,17,112,2013,0.0,1.0,0.8660254037844387,-0.4999999999999998,0.9368813462954315,-0.3496474552512284,58095.0,69515.0,65194.0,46503.0,57735.0,69722.0,,59800.857142857145,7973.365651312811,59872.07142857143,7341.394915286586,63981.566666666666,11005.70613969565,62122.75,10797.314696963213,295,0.41316526610644255,0,0,0,0,52119.0,57000.0
2013-04-23,69615,15,124,7.29,,124.0,2,0,4,2,113,0,0,0,0,0,0,110.0,106.0,101.0,158.28571428571428,62.10935057277128,177.2,1,23,17,113,2013,0.7818314824680298,0.6234898018587336,0.8660254037844387,-0.4999999999999998,0.9307239310379795,-0.36572252349726897,61062.0,58095.0,69515.0,59137.0,56743.0,79295.0,,61297.71428571428,8771.544746400494,60791.5,7715.856378513286,63658.9,10678.293126389848,62457.9,10710.797793799702,296,0.41456582633053224,0,0,0,0,57940.0,60417.5
2013-04-24,67613,23,115,9.61,,115.0,3,0,4,2,114,0,0,0,0,0,0,124.0,124.0,106.0,160.85714285714286,59.91780083700365,174.16666666666666,2,24,17,114,2013,0.9749279121818236,-0.22252093395631434,0.8660254037844387,-0.4999999999999998,0.9242907221930933,-0.3816892202666588,69615.0,61062.0,58095.0,61607.0,57210.0,69379.0,,62155.71428571428,9094.632221156935,61534.57142857143,7844.2691645093855,63600.03333333333,10650.503926829168,62542.083333333336,10731.459520196653,297,0.41596638655462187,0,0,0,0,59408.5,63453.5
2013-04-25,52736,30,128,10.95,,128.0,4,0,4,2,115,0,0,0,0,0,0,115.0,119.0,137.0,159.57142857142858,60.928529559523184,172.3,3,25,17,115,2013,0.43388373911755823,-0.900968867902419,0.8660254037844387,-0.4999999999999998,0.9175836260593937,-0.39754281428255595,67613.0,69615.0,61062.0,43996.0,67788.0,63557.0,,63404.28571428572,6381.187081683079,60459.42857142857,7952.018144560949,63239.333333333336,10833.673584400382,62608.01666666667,10657.37007895105,298,0.4173669467787115,0,0,0,0,55892.0,48583.0
2013-04-26,62041,40,185,9.32,,185.0,5,0,4,2,116,0,0,0,0,0,0,128.0,176.0,194.0,160.85714285714286,60.01785448633459,171.3,4,26,17,116,2013,-0.433883739117558,-0.9009688679024191,0.8660254037844387,-0.4999999999999998,0.9106046300942162,-0.4132786077829042,52736.0,67613.0,69615.0,65194.0,62286.0,60798.0,,62953.857142857145,6344.979128639248,60441.92857142857,7947.957748951542,63280.76666666667,10826.389230545225,62732.38333333333,10605.499898864071,299,0.41876750700280113,0,0,0,0,63740.0,77030.0
2013-04-27,81078,26,310,7.06,,310.0,6,1,4,2,117,0,0,0,0,0,0,185.0,274.0,291.0,162.14285714285714,60.49084936701447,171.9,5,27,17,117,2013,-0.9749279121818236,-0.2225209339563146,0.8660254037844387,-0.4999999999999998,0.9033558023246845,-0.4288919379124835,62041.0,52736.0,67613.0,69515.0,62133.0,64010.0,,64605.71428571428,9200.43563668439,61795.142857142855,9681.70955070301,63849.7,11303.96571897948,63184.85,10800.907990433037,300,0.42016806722689076,0,0,0,0,65824.0,78329.0
2013-04-28,65525,27,203,8.18,,203.0,7,1,4,2,118,0,0,0,0,0,0,310.0,199.0,229.0,167.28571428571428,72.01785492897862,176.23333333333332,6,28,17,118,2013,-0.7818314824680299,0.6234898018587334,0.8660254037844387,-0.4999999999999998,0.895839290734909,-0.4443781781046132,81078.0,62041.0,52736.0,58095.0,66940.0,79834.0,,65667.14285714286,8741.256268001021,61694.07142857143,9631.122472039622,63372.73333333333,10900.95449137321,63333.2,10770.35186432456,301,0.4215686274509804,0,0,0,0,62517.5,55635.0
2013-04-29,55537,16,128,10.93,,128.0,1,0,4,2,119,0,0,0,0,0,0,203.0,110.0,92.0,167.85714285714286,72.32664002387253,174.63333333333333,0,29,18,119,2013,0.0,1.0,0.8660254037844387,-0.4999999999999998,0.8880573226294932,-0.45973273945210397,65525.0,81078.0,62041.0,61062.0,46503.0,82225.0,,64877.857142857145,9447.301350625688,62339.357142857145,8801.975858662736,62483.13333333333,10386.235203660102,63412.26666666667,10693.873823428816,302,0.42296918767507,0,0,0,0,53782.5,59398.5
2013-04-30,45956,16,115,8.0,,115.0,2,0,4,2,120,0,0,0,0,0,0,128.0,124.0,106.0,170.42857142857142,70.21599329416125,168.33333333333334,1,30,18,120,2013,0.7818314824680298,0.6234898018587336,0.8660254037844387,-0.4999999999999998,0.8800122039735357,-0.47495107206704995,55537.0,65525.0,81078.0,69615.0,59137.0,47556.0,,61498.0,11482.894031268606,61397.857142857145,9817.259196530676,62429.8,10469.304990929662,63135.48333333333,10928.566791595556,303,0.42436974789915966,0,0,0,0,64376.0,63179.0
2013-05-01,61859,20,124,11.47,,124.0,3,0,5,2,121,0,0,0,0,0,0,115.0,115.0,124.0,169.14285714285714,71.28213561014316,172.16666666666666,2,1,18,121,2013,0.9749279121818236,-0.22252093395631434,0.49999999999999994,-0.8660254037844387,0.8717063187093218,-0.4900286664290592,45956.0,55537.0,65525.0,67613.0,61607.0,67497.0,,60676.0,11173.990931325492,61415.857142857145,9817.903159002866,62241.86666666667,10425.72050179797,62948.333333333336,10851.115750905601,304,0.4257703081232493,0,0,0,0,64610.0,62411.5
2013-05-02,52768,23,137,10.55,,137.0,4,0,5,2,122,0,0,0,0,0,0,124.0,128.0,119.0,170.42857142857142,70.21599329416125,170.56666666666666,3,2,18,122,2013,0.43388373911755823,-0.900968867902419,0.49999999999999994,-0.8660254037844387,0.8631421280499114,-0.5049610547215204,61859.0,45956.0,55537.0,52736.0,43996.0,61698.0,,60680.57142857143,11170.207083385934,62042.42857142857,8853.176819774688,61944.2,10568.290219591747,62924.2,10872.455218017694,305,0.4271708683473389,0,0,0,0,48366.0,60262.0
2013-05-03,65527,24,173,12.14,,173.0,5,0,5,2,123,0,0,0,0,0,0,137.0,185.0,176.0,171.71428571428572,69.38711284216554,170.13333333333333,4,3,18,123,2013,-0.433883739117558,-0.9009688679024191,0.49999999999999994,-0.8660254037844387,0.854322169749827,-0.5197438121555155,52768.0,61859.0,45956.0,62041.0,65194.0,65300.0,,61178.57142857143,11317.701722775928,62066.21428571428,8862.737606046137,61951.76666666667,10570.856702577996,62923.55,10872.29576808172,306,0.42857142857142855,0,0,0,0,63617.5,62163.5
2013-05-04,70526,37,288,11.04,,288.0,6,1,5,2,124,0,0,0,0,0,0,173.0,310.0,274.0,170.0,69.15200647848177,170.03333333333333,5,4,18,124,2013,-0.9749279121818236,-0.2225209339563146,0.49999999999999994,-0.8660254037844387,0.8452490573530633,-0.5343725582809786,65527.0,52768.0,61859.0,81078.0,69515.0,53170.0,,59671.142857142855,8602.548177305858,62138.42857142857,8931.94823019095,62530.3,10548.58114057581,63345.816666666666,10661.845487677589,307,0.42997198879551823,0,0,0,0,75296.5,71605.5
2013-05-05,67566,26,230,11.15,,230.0,7,1,5,2,125,0,0,0,0,0,0,288.0,203.0,199.0,166.85714285714286,61.84234949026576,173.76666666666668,6,5,18,125,2013,-0.7818314824680299,0.6234898018587334,0.49999999999999994,-0.8660254037844387,0.8359254794186372,-0.548842958284719,70526.0,65527.0,52768.0,65525.0,58095.0,88866.0,,59962.71428571428,8864.621061920228,62814.92857142857,8960.761364151642,61820.3,9365.325883646436,63384.316666666666,10673.024935364274,308,0.43137254901960786,0,0,0,0,61810.0,66232.5
2013-05-06,57438,16,151,8.7,,151.0,1,0,5,2,126,0,0,0,0,0,0,230.0,128.0,110.0,170.71428571428572,65.22196533304364,172.93333333333334,0,6,19,126,2013,0.0,1.0,0.49999999999999994,-0.8660254037844387,0.8263541987239096,-0.5631507242749186,67566.0,70526.0,65527.0,55537.0,61062.0,87143.0,,60234.28571428572,8734.60567158623,62556.07142857143,9067.009849442547,60830.13333333333,8077.476252041863,63367.28333333333,10681.828855492218,309,0.4327731092436975,0,0,0,0,58299.5,51020.0
2013-05-07,57682,15,137,8.25,,137.0,2,0,5,2,127,0,0,0,0,0,0,151.0,115.0,124.0,174.0,63.26136261573873,167.4,1,7,19,127,2013,0.7818314824680298,0.6234898018587336,0.49999999999999994,-0.8660254037844387,0.8165380514459161,-0.5772916165517272,57438.0,67566.0,70526.0,45956.0,69615.0,53175.0,,61909.42857142857,6334.587749206078,61703.71428571428,8911.943588660703,60980.36666666667,7971.404996582574,63271.53333333333,10707.003403391147,310,0.4341736694677871,0,0,0,0,57785.5,52546.5
2013-05-08,62173,15,142,8.21,,142.0,3,0,5,2,128,0,0,0,0,0,0,137.0,124.0,115.0,177.14285714285714,60.3197827455983,164.63333333333333,2,8,19,128,2013,0.9749279121818236,-0.22252093395631434,0.49999999999999994,-0.8660254037844387,0.8064799463209448,-0.5912614448635781,57682.0,57438.0,67566.0,61859.0,67613.0,57735.0,,61954.28571428572,6335.282859097349,61315.142857142855,8751.625535663736,61128.3,7950.252809469906,63072.666666666664,10612.772357275371,311,0.43557422969187676,0,0,0,0,64736.0,61733.0
2013-05-09,74119,32,155,6.33,,155.0,4,0,5,2,129,0,0,0,0,0,0,142.0,137.0,128.0,179.71428571428572,58.01641803752409,164.93333333333334,3,9,19,129,2013,0.43388373911755823,-0.900968867902419,0.49999999999999994,-0.8660254037844387,0.7961828637826158,-0.6050560696488488,62173.0,57682.0,57438.0,52768.0,52736.0,56743.0,,65004.42857142857,6315.109945128255,62842.5,9001.538037383369,61707.5,8247.156926000034,63454.65,10590.635357815272,312,0.4369747899159664,0,0,0,0,52752.0,48382.0
2013-05-10,72687,32,204,8.48,,204.0,5,0,5,2,130,0,0,0,0,0,0,155.0,173.0,185.0,182.28571428571428,56.177439972864136,166.73333333333332,4,10,19,130,2013,-0.433883739117558,-0.9009688679024191,0.49999999999999994,-0.8660254037844387,0.7856498550787147,-0.6186714032625031,74119.0,62173.0,57682.0,65527.0,62041.0,57210.0,,66027.28571428571,6960.7093439848895,63602.92857142857,9370.724407300671,62223.4,8437.988102254852,63638.46666666667,10654.443571225716,313,0.438375350140056,0,0,0,0,63784.0,65360.5
2013-05-11,71898,34,310,10.85,,310.0,6,1,5,2,131,0,0,0,0,0,0,204.0,288.0,310.0,186.7142857142857,56.544125205348166,170.0,5,11,19,131,2013,-0.9749279121818236,-0.2225209339563146,0.49999999999999994,-0.8660254037844387,0.7748840413670407,-0.6321034111873487,72687.0,74119.0,62173.0,70526.0,81078.0,67788.0,,66223.28571428571,7125.854234506802,62947.21428571428,8315.633184444818,62360.4,8563.877012758678,63964.46666666667,10601.931135997489,314,0.43977591036414565,0,0,0,0,75802.0,70020.5
2013-05-12,52078,32,213,9.12,,213.0,7,1,5,2,132,0,0,0,0,0,0,310.0,230.0,203.0,189.8571428571429,63.31779257951791,175.76666666666668,6,12,19,132,2013,-0.7818314824680299,0.6234898018587334,0.49999999999999994,-0.8660254037844387,0.7638886127905428,-0.6453481132295501,71898.0,72687.0,74119.0,67566.0,65525.0,62286.0,,64010.71428571428,8838.219196842707,61986.71428571428,8759.723453911605,62020.13333333333,8767.314823992,63988.45,10572.863570585172,315,0.4411764705882353,0,0,0,0,66545.5,62830.5
2013-05-13,60400,18,89,9.61,,89.0,1,0,5,2,133,0,0,0,0,0,0,213.0,151.0,128.0,187.42857142857144,61.83002814937396,176.4,0,13,20,133,2013,0.0,1.0,0.49999999999999994,-0.8660254037844387,0.7526668275320085,-0.6584015846980488,52078.0,71898.0,72687.0,57438.0,55537.0,62133.0,,64433.857142857145,8536.861707298187,62334.07142857143,8578.844574024686,61962.36666666667,8772.253378903251,64073.76666666667,10521.939752157215,316,0.4425770308123249,0,0,0,0,56487.5,59250.0
2013-05-14,50828,15,107,8.52,,107.0,2,0,5,2,134,0,0,0,0,0,0,89.0,137.0,115.0,178.57142857142858,71.588772729754,169.66666666666666,1,14,20,134,2013,0.7818314824680298,0.6234898018587336,0.49999999999999994,-0.8660254037844387,0.7412220108485958,-0.6712599575675313,60400.0,52078.0,71898.0,57682.0,45956.0,66940.0,,63454.71428571428,9747.553329157648,62682.07142857143,7938.264027086423,61425.3,8948.443363570887,63854.0,10660.008166117817,317,0.44397759103641454,0,0,0,0,51819.0,63648.5
2013-05-15,59353,22,138,9.03,,138.0,3,0,5,2,135,0,0,0,0,0,0,107.0,142.0,124.0,174.28571428571428,75.2943430493824,165.6,2,15,20,135,2013,0.9749279121818236,-0.22252093395631434,0.49999999999999994,-0.8660254037844387,0.7295575540864875,-0.6839194216246106,50828.0,60400.0,52078.0,62173.0,61859.0,46503.0,,63051.857142857145,9866.897408821123,62503.07142857143,7986.359336771797,61853.63333333333,8506.143473511092,63222.416666666664,9729.97864943008,318,0.44537815126050423,0,0,0,0,62016.0,64893.0
2013-05-16,61104,27,164,7.72,,164.0,4,0,5,2,136,0,0,0,0,0,0,138.0,155.0,137.0,173.71428571428572,75.59478440058821,167.13333333333333,3,16,20,136,2013,0.43388373911755823,-0.900968867902419,0.49999999999999994,-0.8660254037844387,0.717676913675962,-0.6963762255968722,59353.0,50828.0,60400.0,74119.0,52768.0,59137.0,,61192.57142857143,8575.623201011407,63098.5,7500.704856621939,61919.2,8492.05046276047,63025.916666666664,9650.07070895632,319,0.44677871148459386,0,0,0,0,63443.5,63427.5
2013-05-17,62021,26,244,8.98,,244.0,5,0,5,2,137,0,0,0,0,0,0,164.0,204.0,173.0,175.0,75.29940238806671,169.06666666666666,4,17,20,137,2013,-0.433883739117558,-0.9009688679024191,0.49999999999999994,-0.8660254037844387,0.705583610107178,-0.7086266782644596,61104.0,59353.0,50828.0,72687.0,65527.0,61607.0,,59668.857142857145,6994.764099634452,62848.07142857143,7471.8592317520925,61933.0,8491.862010995848,63103.083333333336,9622.720559126883,320,0.4481792717086835,0,0,0,0,69107.0,67364.0
2013-05-18,70817,28,315,6.0,,315.0,6,1,5,2,138,0,0,0,0,0,0,244.0,310.0,288.0,180.7142857142857,79.27949353545397,173.06666666666666,5,18,20,138,2013,-0.9749279121818236,-0.2225209339563146,0.49999999999999994,-0.8660254037844387,0.6932812268869777,-0.7206671495538609,62021.0,61104.0,59353.0,71898.0,70526.0,43996.0,,59514.42857142857,6684.8406327844095,62868.857142857145,7495.22941463569,62827.03333333333,7931.7139752426,63145.46666666667,9651.439391143043,321,0.4495798319327731,0,0,0,0,71212.0,76488.0
2013-05-19,79140,33,236,7.04,,236.0,7,1,5,2,139,0,0,0,0,0,0,315.0,213.0,230.0,181.42857142857144,80.64915197499417,179.6,6,19,20,139,2013,-0.7818314824680299,0.6234898018587334,0.49999999999999994,-0.8660254037844387,0.6807734094770161,-0.7324940716135789,70817.0,62021.0,61104.0,52078.0,67566.0,65194.0,,63380.42857142857,9067.923850165014,63695.57142857143,8608.754843532372,63291.9,8465.9110162158,63506.316666666666,9839.287709323262,322,0.45098039215686275,0,0,0,0,59822.0,58801.5
2013-05-20,63527,18,134,7.95,,134.0,1,0,5,2,140,0,0,0,0,0,0,236.0,89.0,151.0,184.7142857142857,82.59482285170637,181.6,0,20,21,140,2013,0.0,1.0,0.49999999999999994,-0.8660254037844387,0.6680638642135335,-0.7441039398713607,79140.0,70817.0,62021.0,60400.0,57438.0,69515.0,,63827.142857142855,8973.155435865408,64130.5,8420.03798410935,63092.3,8384.326354820596,63690.6,9732.042042236977,323,0.4523809523809524,0,0,0,0,58919.0,57968.5
2013-05-21,59158,21,129,5.55,,129.0,2,0,5,2,141,0,0,0,0,0,0,134.0,107.0,137.0,191.14285714285717,75.3357563874963,176.93333333333334,1,21,21,141,2013,0.7818314824680298,0.6234898018587336,0.49999999999999994,-0.8660254037844387,0.6551563572090853,-0.7554933140726803,63527.0,79140.0,70817.0,50828.0,57682.0,58095.0,,65017.142857142855,7371.291054458103,64235.92857142857,8341.962999606945,63127.73333333333,8364.70204318514,63698.98333333333,9727.84651817025,324,0.453781512605042,0,0,0,0,54255.0,48392.0
2013-05-22,68313,24,152,8.04,,152.0,3,0,5,2,142,0,0,0,0,0,0,129.0,138.0,142.0,194.28571428571428,71.60706270034703,174.6,2,22,21,142,2013,0.9749279121818236,-0.22252093395631434,0.49999999999999994,-0.8660254037844387,0.6420547132365637,-0.766658819300159,59158.0,63527.0,79140.0,59353.0,62173.0,61062.0,,66297.14285714286,6991.982919234513,64674.5,8386.447471504594,63369.433333333334,8407.603572970787,63675.5,9714.752199008435,325,0.45518207282913165,0,0,0,0,60763.0,60606.0
2013-05-23,80538,34,213,10.13,,213.0,4,0,5,2,143,0,0,0,0,0,0,152.0,164.0,155.0,196.28571428571428,69.9493013682393,176.0,3,23,21,143,2013,0.43388373911755823,-0.900968867902419,0.49999999999999994,-0.8660254037844387,0.6287628145958344,-0.7775971469736269,68313.0,59158.0,63527.0,61104.0,74119.0,69615.0,,69073.42857142857,8318.712778172106,65133.0,9088.587332050334,63733.53333333333,8908.968072652493,63696.21666666667,9749.88707642868,326,0.4565826330532213,0,0,0,0,67611.5,56936.0
2013-05-24,64509,36,249,11.67,,249.0,5,0,5,2,144,0,1,0,0,0,1,213.0,244.0,204.0,203.28571428571428,68.6190310961284,178.96666666666667,4,24,21,144,2013,-0.433883739117558,-0.9009688679024191,0.49999999999999994,-0.8660254037844387,0.6152845999633276,-0.7883050558305255,80538.0,68313.0,59158.0,62021.0,72687.0,67613.0,,69428.85714285714,8014.766027539422,64548.857142857145,8824.706557397472,63630.066666666666,8880.337788439292,63615.05,9722.007962760046,327,0.4579831932773109,0,0,0,0,67354.0,63774.0
2013-05-25,145705,68,1441,12.76,,1225.67,6,1,5,2,145,0,1,0,0,1,1,249.0,315.0,310.0,204.0,69.13754406977448,183.4333333333333,5,25,21,145,2013,-0.9749279121818236,-0.2225209339563146,0.49999999999999994,-0.8660254037844387,0.6016240632249226,-0.7987793728863649,64509.0,80538.0,68313.0,70817.0,71898.0,52736.0,,80127.14285714286,30001.024023792892,69820.78571428571,23461.236747447445,66729.03333333334,17237.146874647264,64984.183333333334,14381.493432140634,328,0.45938375350140054,0,0,0,0,71357.5,70671.5
2013-05-26,115521,70,956,12.08,,956.0,7,1,5,2,146,0,1,0,1,1,1,1225.67,236.0,213.0,334.0957142857143,396.16796201683394,220.0223333333333,6,26,21,146,2013,-0.7818314824680299,0.6234898018587334,0.49999999999999994,-0.8660254037844387,0.5877852522924732,-0.8090169943749473,145705.0,64509.0,80538.0,79140.0,52078.0,62041.0,,85324.42857142857,32820.310976879155,74352.42857142857,25782.80182517102,68511.7,19369.189077697265,65896.23333333334,15778.847374035626,329,0.46078431372549017,0,0,0,0,65609.0,73353.0
2013-05-27,137842,43,988,16.13,,988.0,1,0,5,2,147,0,1,1,0,1,1,956.0,134.0,89.0,436.9528571428572,455.4813119735464,245.72233333333327,0,27,22,147,2013,0.0,1.0,0.49999999999999994,-0.8660254037844387,0.5737722679043246,-0.8190148866680801,115521.0,145705.0,64509.0,63527.0,60400.0,81078.0,,95940.85714285714,36416.67292797164,79884.0,30444.99045820179,70403.83333333333,23060.02110398194,67126.76666666666,18305.844288018478,330,0.46218487394957986,0,0,0,0,61963.5,60482.5
2013-05-28,74039,28,147,14.44,,147.0,2,0,5,2,148,0,0,0,1,0,1,988.0,129.0,107.0,558.9528571428572,474.7743101276049,268.32233333333335,1,28,22,148,2013,0.7818314824680298,0.6234898018587336,0.49999999999999994,-0.8660254037844387,0.5595892624101765,-0.8287700871745038,137842.0,115521.0,145705.0,59158.0,50828.0,65525.0,,98066.71428571429,34283.43207592797,81541.92857142857,29353.413483756023,70687.63333333333,23050.295663424036,67030.18333333333,18252.87423894582,331,0.4635854341736695,0,0,0,0,54993.0,58420.0
2013-05-29,65022,18,147,13.93,,147.0,3,0,5,2,149,0,0,0,0,0,0,147.0,152.0,138.0,561.5242857142857,472.0987334536832,266.4556666666667,2,29,22,149,2013,0.9749279121818236,-0.22252093395631434,0.49999999999999994,-0.8660254037844387,0.545240438540651,-0.8382797052177744,74039.0,137842.0,115521.0,68313.0,59353.0,55537.0,,97596.57142857143,34778.45280657339,81946.85714285714,29061.42226086284,71003.8,22899.877009758577,66743.46666666666,18144.94168713094,332,0.4649859943977591,0,0,0,0,63833.0,65243.0
2013-05-30,63089,36,138,8.46,,138.0,4,0,5,2,150,0,0,0,0,0,0,147.0,213.0,164.0,560.8100000000001,472.8248365233511,267.089,3,30,22,150,2013,0.43388373911755823,-0.900968867902419,0.49999999999999994,-0.8660254037844387,0.5307300481619334,-0.8475409228928311,65022.0,74039.0,137842.0,80538.0,61104.0,45956.0,,95103.85714285714,36773.013050463094,82088.64285714286,28956.564377614683,71574.9,22463.145113028273,67002.35,17976.571681435817,333,0.46638655462184875,0,0,0,0,70821.0,77328.5
2013-05-31,54891,34,204,10.12,,204.0,5,0,5,2,151,0,0,0,0,0,0,138.0,249.0,244.0,550.0957142857143,482.76510588681225,267.85566666666665,4,31,22,151,2013,-0.433883739117558,-0.9009688679024191,0.49999999999999994,-0.8660254037844387,0.5160623910158528,-0.8565509959010036,63089.0,65022.0,74039.0,64509.0,62021.0,61859.0,,93729.85714285714,38256.4600140882,81579.35714285714,29396.0284434352,71342.63333333333,22602.661679520203,66792.25,18044.23107737574,334,0.4677871148459384,0,0,0,0,63265.0,68598.0
2013-06-01,67756,32,325,10.09,,325.0,6,1,6,2,152,0,0,0,0,0,0,204.0,1225.67,315.0,543.6671428571428,487.7169967209227,270.52233333333334,5,1,22,152,2013,-0.9749279121818236,-0.2225209339563146,1.2246467991473532e-16,-1.0,0.5012418134457758,-0.865307254363206,54891.0,63089.0,65022.0,145705.0,70817.0,52768.0,,82594.28571428571,31322.40816473253,81360.71428571429,29493.45684001156,71842.23333333334,22342.080341323664,66893.21666666666,18032.187798011975,335,0.469187675070028,0,0,0,0,108261.0,108801.5
2013-06-02,66285,31,249,11.2,,249.0,7,1,6,2,153,0,0,0,0,0,0,325.0,956.0,236.0,415.0,386.006908401046,276.789,6,2,22,153,2013,-0.7818314824680299,0.6234898018587334,1.2246467991473532e-16,-1.0,0.48627270710868997,-0.8738071036110808,67756.0,54891.0,63089.0,115521.0,79140.0,65527.0,,75560.57142857143,28053.733707875497,80442.5,29766.752099900343,71867.5,22335.119696227914,66909.63333333333,18031.16108199845,336,0.47058823529411764,0,0,0,0,97330.5,83799.5
2013-06-03,68300,21,165,9.04,,165.0,1,0,6,2,154,0,0,0,0,0,0,249.0,988.0,134.0,314.0,304.81579136696104,279.32233333333335,0,3,23,154,2013,0.0,1.0,1.2246467991473532e-16,-1.0,0.4711595076738638,-0.8820480249558537,66285.0,67756.0,54891.0,137842.0,63527.0,70526.0,,65626.0,5844.3909862372175,80783.42857142857,29584.888049122634,71793.3,22343.42597777114,67161.8,17941.32798478504,337,0.47198879551820727,0,0,0,0,100684.5,99121.0
2013-06-04,62032,20,152,10.78,,152.0,2,0,6,2,155,0,0,0,0,0,0,165.0,147.0,129.0,196.42857142857144,69.08896955582459,275.2223333333333,1,4,23,155,2013,0.7818314824680298,0.6234898018587336,1.2246467991473532e-16,-1.0,0.4559066935084588,-0.8900275764346767,68300.0,66285.0,67756.0,74039.0,59158.0,67566.0,,63910.71428571428,4591.37356769261,80988.71428571429,29432.869815979448,71608.83333333333,22402.296620387304,66714.56666666667,17724.265294105222,338,0.4733893557422969,0,0,0,0,66598.5,62433.5
2013-06-05,67967,18,160,8.84,,160.0,3,0,6,2,156,0,0,0,0,0,0,152.0,147.0,152.0,197.14285714285717,68.51624763861587,272.62233333333336,2,5,23,156,2013,0.9749279121818236,-0.22252093395631434,1.2246467991473532e-16,-1.0,0.440518784350495,-0.8977433935342337,62032.0,68300.0,66285.0,65022.0,68313.0,57438.0,,64331.42857142857,4838.4529503129415,80964.0,29444.475114513913,71959.8,22254.622942288835,66394.96666666666,17521.388519746106,339,0.47478991596638653,0,0,0,0,66667.5,62187.5
2013-06-06,77481,42,169,9.88,,169.0,4,0,6,2,157,0,0,0,0,0,0,160.0,138.0,213.0,199.0,67.09197666884826,272.9223333333333,3,6,23,157,2013,0.43388373911755823,-0.900968867902419,1.2246467991473532e-16,-1.0,0.42500033996955416,-0.9051931898913974,67967.0,62032.0,68300.0,63089.0,80538.0,57682.0,,66387.42857142857,6858.588408148697,80745.64285714286,29459.208808653813,72619.76666666666,22109.71110041193,66800.06666666667,17491.5139423517,340,0.47619047619047616,0,0,0,0,71813.5,62096.5
2013-06-07,71073,30,205,10.56,,205.0,5,0,6,2,158,0,0,0,0,0,0,169.0,204.0,249.0,203.42857142857144,63.31102363953425,273.989,4,7,23,158,2013,-0.433883739117558,-0.9009688679024191,1.2246467991473532e-16,-1.0,0.4093559588156213,-0.9123747579707273,77481.0,67967.0,62032.0,54891.0,64509.0,62173.0,,68699.14285714286,4736.735142430301,81214.5,29232.277546864552,72916.43333333333,22024.24811301576,67022.36666666667,17459.079531881645,341,0.47759103641456585,0,0,0,0,59700.0,58456.0
2013-06-08,73658,30,325,11.93,,325.0,6,1,6,2,159,0,0,0,0,0,0,205.0,325.0,1225.67,203.57142857142856,63.31365609107563,276.089,5,8,23,159,2013,-0.9749279121818236,-0.2225209339563146,1.2246467991473532e-16,-1.0,0.39359027665646673,-0.9192859697186104,71073.0,77481.0,67967.0,67756.0,145705.0,74119.0,,69542.28571428571,5055.433964699653,76068.28571428571,22593.643522114657,72901.06666666667,22023.54094260446,67304.28333333334,17426.81824678564,342,0.4789915966386555,0,0,0,0,106730.5,69286.5
2013-06-09,66214,42,219,10.71,,219.0,7,1,6,2,160,0,0,0,0,0,0,325.0,249.0,956.0,203.57142857142856,63.31365609107563,281.7556666666667,6,9,23,160,2013,-0.7818314824680299,0.6234898018587334,1.2246467991473532e-16,-1.0,0.3777079652039649,-0.9259247771938498,73658.0,71073.0,77481.0,66285.0,115521.0,72687.0,,69532.14285714286,5063.123720543879,72546.35714285714,19617.65297891409,72685.3,22057.392765160435,67454.35,17377.117536932772,343,0.4803921568627451,0,0,0,0,90903.0,72712.5
2013-06-10,64908,20,147,9.4,,147.0,1,0,6,2,161,0,0,0,0,0,0,219.0,165.0,988.0,199.28571428571428,60.68694062073576,282.2556666666667,0,10,24,161,2013,0.0,1.0,1.2246467991473532e-16,-1.0,0.36171373072976765,-0.9322892131745133,66214.0,73658.0,71073.0,68300.0,137842.0,71898.0,,69047.57142857143,5354.627060066022,67336.78571428571,5670.087845996435,72452.3,22102.86810558991,67406.35,17380.157669142158,344,0.48179271708683474,0,0,0,0,103071.0,65913.5
2013-06-11,59804,15,156,9.17,,156.0,2,0,6,2,162,0,0,0,0,0,0,147.0,152.0,147.0,196.7142857142857,62.72881922931999,276.82233333333335,1,11,24,162,2013,0.7818314824680298,0.6234898018587336,1.2246467991473532e-16,-1.0,0.3456123126707335,-0.9383773917408641,64908.0,66214.0,73658.0,62032.0,74039.0,52078.0,,68729.28571428571,5881.4456191857225,66320.0,5652.078514888072,72709.83333333333,21901.381050901375,67364.98333333334,17395.498163480497,345,0.4831932773109244,0,0,0,0,68035.5,60595.0
2013-06-12,70585,16,147,12.01,,147.0,3,0,6,2,163,0,0,0,0,0,0,156.0,160.0,147.0,197.28571428571428,62.270148775889176,274.9223333333333,2,12,24,163,2013,0.9749279121818236,-0.22252093395631434,1.2246467991473532e-16,-1.0,0.3294084822245304,-0.9441875088341993,59804.0,64908.0,66214.0,67967.0,65022.0,60400.0,,69103.28571428571,5908.071871440425,66717.35714285714,5748.5303353536665,73049.33333333333,21782.600917077,67505.85,17386.631469565295,346,0.484593837535014,0,0,0,0,66494.5,68140.0
2013-06-13,63795,32,192,14.8,,192.0,4,0,6,2,164,0,0,0,0,0,0,147.0,169.0,138.0,195.42857142857144,63.74390727187702,276.85566666666665,3,13,24,164,2013,0.43388373911755823,-0.900968867902419,1.2246467991473532e-16,-1.0,0.3131070409358269,-0.9497178427914316,70585.0,59804.0,64908.0,77481.0,63089.0,50828.0,,67148.14285714286,4841.927902141286,66767.78571428571,5717.264046842379,73481.56666666667,21452.60987206425,67453.43333333333,17393.10580774899,347,0.48599439775910364,0,0,0,0,70285.0,79009.5
2013-06-14,68399,28,214,10.69,,214.0,5,0,6,2,165,0,0,0,0,0,0,192.0,205.0,204.0,198.7142857142857,62.73944608647769,279.689,4,14,24,165,2013,-0.433883739117558,-0.9009688679024191,1.2246467991473532e-16,-1.0,0.29671281927349075,-0.9549667548552551,63795.0,70585.0,59804.0,71073.0,54891.0,59353.0,,66766.14285714286,4579.014938776063,67732.64285714286,4586.786517262696,73783.1,21310.276019426357,67818.36666666667,17174.414606722974,348,0.48739495798319327,0,0,0,0,62982.0,67791.0
2013-06-15,72731,34,335,11.73,,335.0,6,1,6,2,166,0,0,0,0,0,0,214.0,325.0,325.0,200.0,62.98147875897019,282.2223333333333,5,15,24,166,2013,-0.9749279121818236,-0.2225209339563146,1.2246467991473532e-16,-1.0,0.28023067519921585,-0.9599326896597447,68399.0,63795.0,70585.0,73658.0,67756.0,61104.0,,66633.71428571429,4354.371968275769,68088.0,4777.4877852757845,74170.66666666667,21177.044465620093,68044.93333333333,17147.59379262408,349,0.4887955182072829,0,0,0,0,70707.0,109681.5
2013-06-16,76261,23,192,9.0,,192.0,7,1,6,2,167,0,0,0,0,0,0,335.0,219.0,249.0,201.42857142857144,66.31454627469749,287.9223333333333,6,16,24,167,2013,-0.7818314824680299,0.6234898018587334,1.2246467991473532e-16,-1.0,0.26366549272800704,-0.9646141756912435,72731.0,68399.0,63795.0,66214.0,66285.0,62021.0,,68069.0,5654.6660084108535,68800.57142857143,5212.083382565071,74645.33333333333,21054.563758422333,68289.16666666667,17158.699019434767,350,0.49019607843137253,0,0,0,0,66249.5,90867.5
2013-06-17,52841,15,129,13.99,,129.0,1,0,6,2,168,0,0,0,0,0,0,192.0,147.0,165.0,197.57142857142856,65.90613816344415,286.189,0,17,25,168,2013,0.0,1.0,1.2246467991473532e-16,-1.0,0.24702218048093552,-0.9690098257244062,76261.0,72731.0,68399.0,64908.0,68300.0,70817.0,,66345.14285714286,8092.689755340993,67696.35714285714,6739.9091024129575,74046.13333333333,21419.896159852193,68436.58333333333,16983.551452570046,351,0.49159663865546216,0,0,0,0,66604.0,101375.0
2013-06-18,57892,21,160,13.59,,160.0,2,0,6,2,169,0,0,0,0,0,0,129.0,156.0,152.0,195.0,68.50790708621359,279.989,1,18,25,169,2013,0.7818314824680298,0.6234898018587336,1.2246467991473532e-16,-1.0,0.23030567023061221,-0.9731183372332619,52841.0,76261.0,72731.0,59804.0,62032.0,79140.0,,66072.0,8377.515443137698,67400.64285714286,7089.315314744153,73337.86666666667,21596.22084553674,68314.88333333333,17033.270242547474,352,0.49299719887955185,0,0,0,0,60918.0,66921.5
2013-06-19,63348,16,165,12.51,,165.0,3,0,6,2,170,0,0,0,0,0,0,160.0,147.0,160.0,195.57142857142856,68.14410501003728,277.4556666666667,2,19,25,170,2013,0.9749279121818236,-0.22252093395631434,1.2246467991473532e-16,-1.0,0.21352091543979612,-0.9769384927771817,57892.0,52841.0,76261.0,70585.0,67967.0,63527.0,,65038.142857142855,8171.776355819736,67070.71428571429,7167.9752792816935,73331.9,21599.04943047263,68212.1,17044.50863375373,353,0.4943977591036415,0,0,0,0,69276.0,67803.5
2013-06-20,62779,31,165,9.4,,165.0,4,0,6,2,171,0,0,0,0,0,0,165.0,192.0,169.0,198.14285714285717,66.32100866600366,278.489,3,20,25,171,2013,0.43388373911755823,-0.900968867902419,1.2246467991473532e-16,-1.0,0.19667288979357647,-0.980469160361632,63348.0,57892.0,52841.0,63795.0,77481.0,59158.0,,64893.0,8206.485544982741,66020.57142857143,6578.191635002064,73452.6,21527.10909623908,68290.16666666667,17008.073057354188,354,0.4957983193277311,0,0,0,0,70638.0,63442.0
2013-06-21,69500,28,228,11.11,,228.0,5,0,6,2,172,0,0,0,0,0,0,165.0,214.0,205.0,194.28571428571428,67.51225638285763,279.689,4,21,25,172,2013,-0.433883739117558,-0.9009688679024191,1.2246467991473532e-16,-1.0,0.1797665857255624,-0.9837092937736097,62779.0,63348.0,57892.0,68399.0,71073.0,68313.0,,65050.28571428572,8294.955007198005,65908.21428571429,6498.204002510209,73492.16666666667,21518.42590397954,68430.8,16982.158652588856,355,0.49719887955182074,0,0,0,0,69736.0,61645.0
2013-06-22,61801,30,291,13.13,,291.0,6,1,6,2,173,0,0,0,0,0,0,228.0,335.0,325.0,196.28571428571428,68.39521008012699,282.2223333333333,5,22,25,173,2013,-0.9749279121818236,-0.2225209339563146,1.2246467991473532e-16,-1.0,0.16280701293851715,-0.986657932891657,69500.0,62779.0,63348.0,72731.0,73658.0,80538.0,,63488.857142857145,7608.501197752502,65061.28571428572,6175.102097300569,72867.6,21578.704423414852,68300.56666666667,17002.872794521234,356,0.49859943977591037,0,0,0,0,73194.5,70243.5
2013-06-23,59220,31,210,12.25,,210.0,7,1,6,2,174,0,0,0,0,0,0,291.0,192.0,219.0,190.0,54.03702434442458,284.82233333333335,6,23,25,174,2013,-0.7818314824680299,0.6234898018587334,1.2246467991473532e-16,-1.0,0.1457991969198751,-0.9893142039703663,61801.0,69500.0,62779.0,76261.0,66214.0,64509.0,,61054.42857142857,5179.223778945249,64561.71428571428,6354.964037041115,72691.3,21670.759255272995,68160.68333333333,17043.102494171646,357,0.5,0,0,0,0,71237.5,71273.0
2013-06-24,52445,18,157,12.64,,157.0,1,0,6,2,175,0,0,0,0,0,0,210.0,129.0,147.0,192.57142857142856,54.57367235476876,283.52233333333334,0,24,26,175,2013,0.0,1.0,1.2246467991473532e-16,-1.0,0.12874817745258132,-0.99167731989929,59220.0,61801.0,69500.0,52841.0,64908.0,145705.0,,60997.857142857145,5284.972451161384,63671.5,7128.558455525505,69582.63333333333,17027.392147468698,68155.83333333333,17047.607143751502,358,0.5014005602240896,0,0,0,0,58874.5,60570.5
2013-06-25,57759,17,148,13.06,,148.0,2,0,6,2,176,0,0,0,0,0,0,157.0,160.0,156.0,196.57142857142856,49.96951451587581,247.9,1,25,26,176,2013,0.7818314824680298,0.6234898018587336,1.2246467991473532e-16,-1.0,0.11165900712169512,-0.993746580436178,52445.0,59220.0,61801.0,57892.0,59804.0,115521.0,,60978.857142857145,5298.22175918815,63525.42857142857,7234.074697241712,67657.23333333334,14769.820388988797,68084.46666666666,17082.566698212355,359,0.5028011204481793,0,0,0,0,58848.0,59962.0
2013-06-26,73283,15,179,11.07,,179.0,3,0,6,2,177,0,0,0,0,0,0,148.0,165.0,147.0,194.8571428571429,51.61210636865603,220.96666666666667,2,26,26,177,2013,0.9749279121818236,-0.22252093395631434,1.2246467991473532e-16,-1.0,0.09453674981719912,-0.9955213724144752,57759.0,52445.0,59220.0,63348.0,70585.0,137842.0,,62398.142857142855,7072.310005191704,63718.142857142855,7468.737848856598,65505.26666666667,6677.546518942753,67954.55,17011.566929716995,360,0.5042016806722689,0,0,0,0,66966.5,65657.5
2013-06-27,62798,20,184,14.48,,184.0,4,0,6,2,178,0,0,0,0,0,0,179.0,165.0,192.0,196.8571428571429,50.522036681789984,194.0,3,27,26,178,2013,0.43388373911755823,-0.900968867902419,1.2246467991473532e-16,-1.0,0.07738647923346301,-0.9970011699250151,73283.0,57759.0,52445.0,62779.0,63795.0,74039.0,,62400.857142857145,7072.48417998947,63646.92857142857,7472.700783150864,65130.566666666666,6495.06943863147,67909.1,17021.807800683022,361,0.5056022408963585,0,0,0,0,63287.0,70130.0
2013-06-28,63079,24,215,13.47,,215.0,5,0,6,2,179,0,0,0,0,0,0,184.0,228.0,214.0,199.57142857142856,49.01311777764867,195.2333333333333,4,28,26,179,2013,-0.433883739117558,-0.9009688679024191,1.2246467991473532e-16,-1.0,0.06021327736579302,-0.9981855344718586,62798.0,73283.0,57759.0,69500.0,68399.0,65022.0,,61483.57142857143,6380.861380126659,63266.92857142857,7346.663821231774,65065.8,6505.867857504577,68034.8,16956.618369698506,362,0.5070028011204482,0,0,0,0,68949.5,70286.5
2013-06-29,63842,37,317,14.64,,317.0,6,1,6,2,180,0,0,0,0,0,0,215.0,291.0,335.0,197.7142857142857,47.99206283582775,197.5,5,29,26,180,2013,-0.9749279121818236,-0.2225209339563146,1.2246467991473532e-16,-1.0,0.04302223300453059,-0.99907411510223,63079.0,62798.0,73283.0,61801.0,72731.0,63089.0,,61775.142857142855,6444.1016810880155,62632.0,6831.900737884425,65090.9,6499.42763713434,68332.9,16717.423079844335,363,0.5084033613445378,0,0,0,0,67266.0,67729.5
2013-06-30,64078,33,274,15.31,,274.0,7,1,6,2,181,0,0,0,0,0,0,317.0,210.0,192.0,201.42857142857144,56.64173120840906,203.46666666666667,6,30,26,181,2013,-0.7818314824680299,0.6234898018587334,1.2246467991473532e-16,-1.0,0.02581844022713308,-0.9996666485105112,63842.0,63079.0,62798.0,59220.0,76261.0,54891.0,,62469.142857142855,6384.377062501972,61761.78571428572,5633.094069576807,65397.13333333333,6212.35939816386,68369.88333333333,16705.308482474557,364,0.5098039215686274,0,0,0,0,67740.5,62717.0
2013-07-01,55986,20,193,14.25,,193.0,1,0,7,3,182,0,0,0,0,0,0,274.0,157.0,129.0,210.57142857142856,63.05779661775118,205.8,0,1,27,182,2013,0.0,1.0,-0.4999999999999997,-0.8660254037844388,0.008606996888688698,-0.9999629591162655,64078.0,63842.0,63079.0,52445.0,52841.0,67756.0,53618.0,62975.0,5542.53377677371,61986.42857142857,5303.0144941601675,65004.8,6426.229346498143,68423.51666666666,16659.47166282493,365,0.511204481792717,0,0,0,0,52643.0,58676.5
2013-07-02,65732,21,220,16.61,,220.0,2,0,7,3,183,0,0,0,0,0,0,193.0,148.0,160.0,215.7142857142857,59.3175473917406,201.4,1,2,27,183,2013,0.7818314824680298,0.6234898018587336,-0.4999999999999997,-0.8660254037844388,-0.008606996888688009,-0.9999629591162655,55986.0,64078.0,63842.0,57759.0,57892.0,66285.0,50357.0,64114.0,5092.989135404083,62546.42857142857,5251.08102737351,64986.36666666667,6423.222950187619,68426.93333333333,16658.888563315842,366,0.5126050420168067,0,0,0,0,57825.5,58781.5
2013-07-03,65802,24,238,13.84,,238.0,3,0,7,3,184,0,0,0,1,0,0,220.0,179.0,165.0,226.0,51.32250968142511,200.4333333333333,2,3,27,184,2013,0.9749279121818236,-0.22252093395631434,-0.4999999999999997,-0.8660254037844388,-0.02581844022713239,-0.9996666485105112,65732.0,55986.0,64078.0,73283.0,63348.0,68300.0,39831.0,63045.28571428572,3327.0347515627213,62721.71428571428,5320.397273029074,64903.1,6394.914711086443,68348.2,16659.963059555874,367,0.5140056022408963,0,0,0,0,68315.5,71934.0
2013-07-04,68036,34,283,14.59,,283.0,4,0,7,3,185,0,0,1,0,0,0,238.0,184.0,165.0,234.42857142857144,46.97821176835454,202.86666666666667,3,4,27,185,2013,0.43388373911755823,-0.900968867902419,-0.4999999999999997,-0.8660254037844388,-0.04302223300453034,-0.99907411510223,65802.0,65732.0,55986.0,62798.0,62779.0,62032.0,56826.0,63793.57142857143,3815.353188420658,63097.21428571428,5506.992061546132,65103.23333333333,6395.912858107636,68356.03333333334,16659.699536394448,368,0.5154061624649859,0,0,0,0,62788.5,63296.5
2013-07-05,64554,37,309,15.99,,309.0,5,0,7,3,186,0,0,0,1,0,0,283.0,215.0,228.0,248.57142857142856,44.07893352784729,207.2333333333333,4,5,27,186,2013,-0.433883739117558,-0.9009688679024191,-0.4999999999999997,-0.8660254037844388,-0.060213277365792774,-0.9981855344718586,68036.0,65802.0,65732.0,63079.0,69500.0,67967.0,55282.0,64004.28571428572,3810.0383950085447,62743.92857142857,5215.581012906987,64989.46666666667,6373.532419220241,68474.63333333333,16605.899389712275,369,0.5168067226890757,0,0,0,0,66289.5,65739.0
2013-07-06,78679,29,372,15.07,,372.0,6,1,7,3,187,0,0,0,0,0,0,309.0,317.0,291.0,262.0,46.40402281411976,212.2,5,6,27,187,2013,-0.9749279121818236,-0.2225209339563146,-0.4999999999999997,-0.8660254037844388,-0.07738647923346322,-0.9970011699250151,64554.0,68036.0,65802.0,63842.0,61801.0,77481.0,71907.0,66123.85714285714,6720.257644579883,63949.5,6715.7648141116115,65029.4,6457.694227124362,68824.58333333333,16595.842874700727,370,0.5182072829131653,0,0,0,0,62821.5,68286.5
2013-07-07,71354,28,269,11.16,,269.0,7,1,7,3,188,0,0,0,0,0,0,372.0,274.0,210.0,269.85714285714283,59.94839050224406,218.96666666666667,6,7,27,188,2013,-0.7818314824680299,0.6234898018587334,-0.4999999999999997,-0.8660254037844388,-0.09453674981719933,-0.9955213724144752,78679.0,64554.0,68036.0,64078.0,59220.0,71073.0,50442.0,67163.28571428571,6911.0679038365,64816.21428571428,6840.272151339711,65038.76666666667,6466.959684764445,68977.6,16575.787725433973,371,0.5196078431372549,0,0,0,0,61649.0,70169.5
2013-07-08,66985,14,193,12.95,,193.0,1,0,7,3,189,0,0,0,0,0,0,269.0,193.0,157.0,269.1428571428572,59.92058236095684,221.1,0,8,28,189,2013,0.0,1.0,-0.4999999999999997,-0.8660254037844388,-0.11165900712169444,-0.9937465804361781,71354.0,78679.0,64554.0,55986.0,52445.0,73658.0,52975.0,68734.57142857143,4905.688122209897,65854.78571428571,5849.5039918396,64816.333333333336,6272.099694258175,68858.7,16563.865006162556,372,0.5210084033613446,0,0,0,0,54215.5,54413.5
2013-07-09,63091,20,197,12.54,,197.0,2,0,7,3,190,0,0,0,0,0,0,193.0,220.0,148.0,269.1428571428572,59.92058236095684,216.7,1,9,28,190,2013,0.7818314824680298,0.6234898018587336,-0.4999999999999997,-0.8660254037844388,-0.12874817745258066,-0.99167731989929,66985.0,71354.0,78679.0,65732.0,57759.0,66214.0,58618.0,68357.28571428571,5263.596796688134,66235.64285714286,5441.175602712928,64712.23333333333,6274.0186795988175,68698.76666666666,16572.59918176843,373,0.5224089635854342,0,0,0,0,61745.5,61812.0
2013-07-10,54318,18,206,11.57,,206.0,3,0,7,3,191,0,0,0,0,0,0,197.0,238.0,179.0,265.85714285714283,63.58309149301834,215.96666666666667,2,10,28,191,2013,0.9749279121818236,-0.22252093395631434,-0.4999999999999997,-0.8660254037844388,-0.14579919691987442,-0.9893142039703664,63091.0,66985.0,71354.0,65802.0,73283.0,64908.0,55134.0,66716.71428571429,7505.158708388903,64881.0,5893.6554022099035,64359.23333333333,6554.281289320829,68405.76666666666,16670.196683604547,374,0.5238095238095238,0,0,0,0,69542.5,64575.0
2013-07-11,64684,16,202,13.86,,202.0,4,0,7,3,192,0,0,0,0,0,0,206.0,283.0,184.0,261.2857142857143,66.9793855991387,217.9333333333333,3,11,28,192,2013,0.43388373911755823,-0.900968867902419,-0.4999999999999997,-0.8660254037844388,-0.16280701293851646,-0.9866579328916572,54318.0,63091.0,66985.0,68036.0,62798.0,59804.0,61280.0,66237.85714285714,7513.884113838931,65015.71428571428,5863.860049601854,64521.9,6497.641489085908,68615.86666666667,16539.8537964833,375,0.5252100840336135,0,0,0,0,65417.0,65407.5
2013-07-12,67486,29,238,13.22,,238.0,5,0,7,3,193,0,0,0,0,0,0,202.0,309.0,215.0,249.7142857142857,69.55025589628046,219.46666666666667,4,12,28,193,2013,-0.433883739117558,-0.9009688679024191,-0.4999999999999997,-0.8660254037844388,-0.17976658572556214,-0.9837092937736098,64684.0,54318.0,63091.0,64554.0,63079.0,70585.0,55462.0,66656.71428571429,7486.043942214903,65330.5,5870.180835243452,64418.6,6422.121207202561,68733.96666666666,16505.457921103378,376,0.5266106442577031,0,0,0,0,63816.5,67027.0
2013-07-13,80126,29,318,11.63,,318.0,6,1,7,3,194,0,0,0,0,0,0,238.0,372.0,317.0,239.57142857142856,64.45374864416888,222.5,5,13,28,194,2013,-0.9749279121818236,-0.2225209339563146,-0.4999999999999997,-0.8660254037844388,-0.19667288979357622,-0.9804691603616321,67486.0,64684.0,54318.0,78679.0,63842.0,63795.0,58950.0,66863.42857142857,7882.811593527917,66493.64285714286,7047.737603243594,64962.96666666667,7030.743005241194,69222.26666666666,16399.786531131136,377,0.5280112044817927,0,0,0,0,71260.5,70240.0
2013-07-14,59657,25,247,12.47,,247.0,7,1,7,3,195,0,0,0,0,0,0,318.0,269.0,274.0,231.8571428571429,46.76689916108225,226.7,6,14,28,195,2013,-0.7818314824680299,0.6234898018587334,-0.4999999999999997,-0.8660254037844388,-0.2135209154397959,-0.9769384927771817,80126.0,67486.0,64684.0,71354.0,64078.0,68399.0,58198.0,65192.42857142857,8010.971702550092,66177.85714285714,7260.1448158594385,64671.566666666666,7064.502343227873,69227.33333333333,16396.73244594661,378,0.5294117647058824,0,0,0,0,67716.0,65287.0
2013-07-15,73362,15,206,11.64,,206.0,1,0,7,3,196,0,0,0,0,0,0,247.0,193.0,193.0,228.7142857142857,44.54104581063109,227.8,0,15,29,196,2013,0.0,1.0,-0.4999999999999997,-0.8660254037844388,-0.23030567023061196,-0.973118337233262,59657.0,80126.0,67486.0,66985.0,55986.0,72731.0,54487.0,66103.42857142857,8590.432116744276,67419.0,6857.887059661661,64692.6,7090.217887805182,69431.63333333333,16370.146388427154,379,0.530812324929972,0,0,0,0,61485.5,59715.0
2013-07-16,67749,20,242,11.15,,242.0,2,0,7,3,197,0,0,0,0,0,0,206.0,197.0,220.0,230.57142857142856,43.0498050435271,223.5,1,16,29,197,2013,0.7818314824680298,0.6234898018587336,-0.4999999999999997,-0.8660254037844388,-0.24702218048093527,-0.9690098257244063,73362.0,59657.0,80126.0,63091.0,65732.0,76261.0,53061.0,66768.85714285714,8498.105248202937,67563.07142857143,6840.885755337561,64408.86666666667,6774.605384783758,69527.1,16342.876336159025,380,0.5322128851540616,0,0,0,0,64411.5,60425.0
2013-07-17,75336,15,215,12.84,,215.0,3,0,7,3,198,0,0,0,0,0,0,242.0,206.0,238.0,237.0,40.48456495999413,225.16666666666663,2,17,29,198,2013,0.9749279121818236,-0.22252093395631434,-0.4999999999999997,-0.8660254037844388,-0.2636654927280072,-0.9646141756912435,67749.0,73362.0,59657.0,54318.0,65802.0,52841.0,54143.0,69771.42857142857,6935.065533388356,68244.07142857143,7120.904895655113,65158.7,6694.522383365383,69602.41666666667,16359.326335319673,381,0.5336134453781513,0,0,0,0,60060.0,63800.5
2013-07-18,72602,30,220,14.13,,220.0,4,0,7,3,199,0,0,0,0,0,0,215.0,202.0,283.0,238.28571428571428,39.466079467961016,228.03333333333333,3,18,29,199,2013,0.43388373911755823,-0.900968867902419,-0.4999999999999997,-0.8660254037844388,-0.2802306751992161,-0.9599326896597445,75336.0,67749.0,73362.0,64684.0,68036.0,57892.0,61069.0,70902.57142857143,6604.854524190848,68570.21428571429,7214.588875525415,65649.03333333334,6682.626086550441,69493.45,16316.43941241949,382,0.5350140056022409,0,0,0,0,66360.0,63741.0
2013-07-19,66844,35,230,13.05,,230.0,5,0,7,3,200,0,0,0,0,0,0,220.0,238.0,309.0,240.8571428571429,37.230939514640845,230.03333333333333,4,19,29,200,2013,-0.433883739117558,-0.9009688679024191,-0.4999999999999997,-0.8660254037844388,-0.2967128192734901,-0.9549667548552553,72602.0,75336.0,67749.0,67486.0,64554.0,63348.0,68382.0,70810.85714285714,6664.392706231167,68733.78571428571,7142.123495674829,65765.56666666667,6671.589381452775,69548.73333333334,16301.493742377474,383,0.5364145658263305,0,0,0,0,66020.0,65282.5
2013-07-20,62779,34,333,10.58,,333.0,6,1,7,3,201,0,0,0,0,0,0,230.0,318.0,372.0,239.7142857142857,37.45537026789014,232.2,5,20,29,201,2013,-0.9749279121818236,-0.2225209339563146,-0.4999999999999997,-0.8660254037844388,-0.3131070409358267,-0.9497178427914317,66844.0,72602.0,75336.0,80126.0,78679.0,62779.0,53759.0,68332.71428571429,5791.304968494201,67598.07142857143,6688.816113072887,65765.56666666667,6671.589381452775,69609.08333333333,16269.044443194452,384,0.5378151260504201,0,0,0,0,79402.5,71984.0
2013-07-21,65386,29,261,10.75,,261.0,7,1,7,3,202,0,0,0,0,0,0,333.0,247.0,269.0,241.8571428571429,42.73729273686133,237.8,6,21,29,202,2013,-0.7818314824680299,0.6234898018587334,-0.4999999999999997,-0.8660254037844388,-0.3294084822245302,-0.9441875088341994,62779.0,66844.0,72602.0,59657.0,71354.0,69500.0,61388.0,69151.14285714286,4654.059318795518,67171.78571428571,6620.862018923548,65628.43333333333,6634.3592403400835,69560.3,16277.382889733428,385,0.5392156862745098,0,0,0,0,65505.5,61867.5
2013-07-22,62722,29,225,8.19,,225.0,1,0,7,3,203,0,0,0,0,0,0,261.0,206.0,193.0,243.8571428571429,43.34139119221003,238.9,0,22,30,203,2013,0.0,1.0,-0.4999999999999997,-0.8660254037844388,-0.3456123126707333,-0.9383773917408642,65386.0,62779.0,66844.0,73362.0,66985.0,61801.0,58726.0,67631.14285714286,4785.2441396652885,66867.28571428571,6727.287719871368,65659.13333333333,6618.148473930552,69263.36666666667,16236.180938154783,386,0.5406162464985994,0,0,0,0,70173.5,64674.0
2013-07-23,56376,25,221,6.59,,221.0,2,0,7,3,204,0,0,0,0,0,0,225.0,242.0,197.0,246.57142857142856,41.11308446572341,236.7,1,23,30,204,2013,0.7818314824680298,0.6234898018587336,-0.4999999999999997,-0.8660254037844388,-0.3617137307297674,-0.9322892131745134,62722.0,65386.0,62779.0,67749.0,63091.0,59220.0,60517.0,66006.42857142857,6397.627733703987,66387.64285714286,7237.291998946848,65564.33333333333,6732.938341663651,69127.81666666667,16310.326616035467,387,0.542016806722689,0,0,0,0,65420.0,66740.5
2013-07-24,62875,29,221,8.62,,221.0,3,0,7,3,205,0,0,0,0,0,0,221.0,215.0,206.0,243.57142857142856,42.25264150660529,237.06666666666663,2,24,30,205,2013,0.9749279121818236,-0.22252093395631434,-0.4999999999999997,-0.8660254037844388,-0.37770796520396466,-0.9259247771938499,56376.0,62722.0,65386.0,75336.0,54318.0,52445.0,53215.0,64226.28571428572,4935.592254711996,66998.85714285714,6459.0506668148655,65912.0,6286.632632981646,67747.31666666667,12859.25400410514,388,0.5434173669467787,0,0,0,0,64827.0,70569.0
2013-07-25,58995,31,185,9.56,,185.0,4,0,7,3,206,0,0,0,0,0,0,221.0,220.0,202.0,244.42857142857144,41.63274809913111,239.2,3,25,30,206,2013,0.43388373911755823,-0.900968867902419,-0.4999999999999997,-0.8660254037844388,-0.39359027665646645,-0.9192859697186105,62875.0,56376.0,62722.0,72602.0,64684.0,57759.0,60523.0,62282.42857142857,3580.598686308265,66592.5,6786.54076094722,65953.2,6235.198480926849,66805.21666666666,11272.652885982823,389,0.5448179271708683,0,0,0,0,68643.0,70319.0
2013-07-26,60165,37,234,8.61,,234.0,5,0,7,3,207,0,0,0,0,0,0,185.0,230.0,238.0,239.42857142857144,46.83252837810169,240.4333333333333,4,26,30,207,2013,-0.433883739117558,-0.9009688679024191,-0.4999999999999997,-0.8660254037844388,-0.4093559588156211,-0.9123747579707274,58995.0,62875.0,56376.0,66844.0,67486.0,73283.0,55644.0,61328.28571428572,3006.2981507894833,66069.57142857143,6991.361787831451,65515.933333333334,6163.0000807563765,65510.6,6370.742758495207,390,0.5462184873949579,0,0,0,0,67165.0,65699.0
2013-07-27,83276,37,319,8.94,,319.0,6,1,7,3,208,0,0,0,0,0,0,234.0,333.0,318.0,240.0,46.72258554489453,242.26666666666668,5,27,30,208,2013,-0.9749279121818236,-0.2225209339563146,-0.4999999999999997,-0.8660254037844388,-0.42500033996955394,-0.9051931898913975,60165.0,58995.0,62875.0,62779.0,80126.0,62798.0,67097.0,64256.42857142857,8886.379256239601,66294.57142857143,7509.983434523094,66198.53333333334,6937.029706871935,65664.55,6684.220260358488,391,0.5476190476190477,0,0,0,0,71452.5,70729.0
2013-07-28,68019,50,185,9.48,,185.0,7,1,7,3,209,0,0,0,0,0,0,319.0,261.0,247.0,238.0,42.15447781671581,246.76666666666668,6,28,30,209,2013,-0.7818314824680299,0.6234898018587334,-0.4999999999999997,-0.8660254037844388,-0.4405187843504952,-0.8977433935342336,83276.0,60165.0,58995.0,65386.0,59657.0,63079.0,69754.0,64632.57142857143,8997.194430435453,66891.85714285714,7270.170147803971,66363.2,6919.034741329519,65714.5,6690.532259488634,392,0.5490196078431373,0,0,0,0,62521.5,68370.0
2013-07-29,59421,16,185,6.56,,185.0,1,0,7,3,210,0,0,0,0,0,0,185.0,225.0,206.0,227.14285714285717,44.9385824261977,245.76666666666668,0,29,31,210,2013,0.0,1.0,-0.4999999999999997,-0.8660254037844388,-0.455906693508459,-0.8900275764346766,68019.0,83276.0,60165.0,62722.0,73362.0,63842.0,71237.0,64161.0,9198.284097229469,65896.07142857143,7270.533632560677,66215.83333333333,7020.915536542589,65653.36666666667,6731.560813208535,393,0.5504201680672269,0,0,0,0,68042.0,64853.5
2013-07-30,76873,15,176,9.63,,176.0,2,0,7,3,211,0,0,0,0,0,0,185.0,221.0,242.0,221.42857142857144,47.71392928295693,241.36666666666667,1,30,31,211,2013,0.7818314824680298,0.6234898018587336,-0.4999999999999997,-0.8660254037844388,-0.47115950767386394,-0.8820480249558535,59421.0,68019.0,83276.0,56376.0,67749.0,64078.0,56619.0,67089.14285714286,9562.262257238146,66547.78571428571,7836.315590088917,66642.33333333333,7270.754352237145,66019.73333333334,6734.075895397644,394,0.5518207282913166,0,0,0,0,62062.5,59733.5
2013-07-31,59125,18,203,7.27,,203.0,3,0,7,3,212,0,0,0,0,0,0,176.0,221.0,215.0,215.0,50.718175571813454,238.1,2,31,31,212,2013,0.9749279121818236,-0.22252093395631434,-0.4999999999999997,-0.8660254037844388,-0.4862727071086902,-0.8738071036110807,76873.0,59421.0,68019.0,62875.0,75336.0,55986.0,45829.0,66553.42857142857,9935.465093243418,65389.857142857145,7632.903488865027,66746.96666666666,7133.400342552429,65875.88333333333,6788.325057615976,395,0.5532212885154062,0,0,0,0,69105.5,58596.5
2013-08-01,73266,39,239,10.48,,239.0,4,0,8,3,213,0,0,0,0,0,0,203.0,185.0,220.0,212.42857142857144,50.81947508208842,238.4333333333333,3,1,31,213,2013,0.43388373911755823,-0.900968867902419,-0.8660254037844385,-0.5000000000000004,-0.5012418134457756,-0.8653072543632061,59125.0,76873.0,59421.0,58995.0,72602.0,65732.0,57814.0,68592.14285714286,9583.971696337636,65437.28571428572,7683.062955203776,66998.1,7228.421425179958,65992.23333333334,6854.955249311284,396,0.5546218487394958,0,0,0,0,65798.5,61839.5
2013-08-02,61587,26,230,9.89,,230.0,5,0,8,3,214,0,0,0,0,0,0,239.0,234.0,230.0,220.14285714285717,50.05473194889927,239.06666666666663,4,2,31,214,2013,-0.433883739117558,-0.9009688679024191,-0.8660254037844385,-0.5000000000000004,-0.5160623910158526,-0.8565509959010037,73266.0,59125.0,76873.0,60165.0,66844.0,65802.0,66691.0,68795.28571428571,9388.658951350417,65061.78571428572,7737.296210101783,66857.6,7293.14593961703,65880.35,6871.414007949739,397,0.5560224089635855,0,0,0,0,63504.5,63825.5
2013-08-03,71103,28,303,7.01,,303.0,6,1,8,3,215,0,0,0,0,0,0,230.0,319.0,333.0,219.57142857142856,49.8927421002863,238.8,5,3,31,215,2013,-0.9749279121818236,-0.2225209339563146,-0.8660254037844385,-0.5000000000000004,-0.5307300481619331,-0.8475409228928312,61587.0,73266.0,59125.0,83276.0,62779.0,68036.0,59139.0,67056.28571428571,7110.404505940996,65656.35714285714,7867.121119494055,66959.83333333333,7331.628689938347,66031.53333333334,6885.08383924627,398,0.5574229691876751,0,0,0,0,73027.5,81701.0
2013-08-04,63591,29,271,6.43,,271.0,7,1,8,3,216,0,0,0,0,0,0,303.0,185.0,261.0,217.28571428571428,44.67181917687472,239.46666666666667,6,4,31,216,2013,-0.7818314824680299,0.6234898018587334,-0.8660254037844385,-0.5000000000000004,-0.5452404385406507,-0.8382797052177745,71103.0,61587.0,73266.0,68019.0,65386.0,64554.0,66645.0,66423.71428571429,7206.796253405959,65528.142857142855,7886.469394886518,66927.73333333334,7344.621982401032,65958.6,6887.41102178857,399,0.5588235294117647,0,0,0,0,66702.5,63838.0
2013-08-05,60464,15,180,7.05,,180.0,1,0,8,3,217,0,0,0,0,0,0,271.0,185.0,225.0,229.57142857142856,46.115279979839904,238.2,0,5,32,217,2013,0.0,1.0,-0.8660254037844385,-0.5000000000000004,-0.5595892624101763,-0.828770087174504,63591.0,71103.0,61587.0,59421.0,62722.0,78679.0,68447.0,66572.71428571429,7046.8935641722865,65366.857142857145,7970.9092026243625,66320.56666666667,7088.087941597284,65674.98333333334,6753.966853187735,400,0.5602240896358543,0,0,0,0,61071.5,66391.5
2013-08-06,61059,16,167,9.04,,167.0,2,0,8,3,218,0,0,0,0,0,0,180.0,176.0,221.0,228.8571428571429,46.95184970239368,231.8,1,6,32,218,2013,0.7818314824680298,0.6234898018587336,-0.8660254037844385,-0.5000000000000004,-0.5737722679043243,-0.8190148866680802,60464.0,63591.0,71103.0,76873.0,56376.0,71354.0,54153.0,64313.57142857143,5575.711131242274,65701.35714285714,7656.650066919013,65977.4,7085.206689609241,65508.083333333336,6742.032848121187,401,0.561624649859944,0,0,0,0,66624.5,72311.0
2013-08-07,67584,14,180,7.75,,180.0,3,0,8,3,219,0,0,0,0,0,0,167.0,203.0,221.0,227.57142857142856,48.730063078340265,228.4,2,7,32,219,2013,0.9749279121818236,-0.22252093395631434,-0.8660254037844385,-0.5000000000000004,-0.5877852522924734,-0.8090169943749472,61059.0,60464.0,63591.0,59125.0,62875.0,66985.0,52186.0,65522.0,5165.3276759573655,66037.71428571429,7626.31031292388,65997.36666666667,7088.98710474671,65406.85,6662.720477670001,402,0.5630252100840336,0,0,0,0,61000.0,67230.5
2013-08-08,65693,30,203,10.6,,203.0,4,0,8,3,220,0,0,0,0,0,0,180.0,239.0,185.0,224.28571428571428,51.36702666664091,227.96666666666667,3,8,32,220,2013,0.43388373911755823,-0.900968867902419,-0.8660254037844385,-0.5000000000000004,-0.6016240632249227,-0.7987793728863648,67584.0,61059.0,60464.0,73266.0,58995.0,63091.0,59029.0,64440.142857142855,3914.7256365593703,66516.14285714286,7355.805690924375,66084.1,7068.08855471139,65398.166666666664,6661.990174895137,403,0.5644257703081232,0,0,0,0,66130.5,72934.0
2013-08-09,75911,32,235,15.2,,235.0,5,0,8,3,221,0,0,0,0,0,0,203.0,230.0,234.0,219.14285714285717,51.45039219620024,228.16666666666663,4,9,32,221,2013,-0.433883739117558,-0.9009688679024191,-0.8660254037844385,-0.5000000000000004,-0.6152845999633277,-0.7883050558305253,65693.0,67584.0,61059.0,61587.0,60165.0,54318.0,54063.0,66486.42857142857,5568.955672810226,67640.85714285714,7512.138790570176,66803.86666666667,6926.618649286561,65581.55,6798.312735400522,404,0.5658263305322129,0,0,0,0,60876.0,64215.5
2013-08-10,81532,44,307,11.72,,307.0,6,1,8,3,222,0,0,0,0,0,0,235.0,303.0,319.0,219.8571428571429,51.66052190802459,229.13333333333333,5,10,32,222,2013,-0.9749279121818236,-0.2225209339563146,-0.8660254037844385,-0.5000000000000004,-0.6287628145958345,-0.7775971469736268,75911.0,65693.0,67584.0,71103.0,83276.0,64684.0,53911.0,67976.28571428571,7911.999024989775,67516.28571428571,7242.544627499137,67365.46666666666,7414.6303915757535,65943.68333333333,7059.042337919141,405,0.5672268907563025,0,0,0,0,77189.5,66941.0
2013-08-11,50409,26,240,13.58,,240.0,7,1,8,3,223,0,0,0,0,0,0,307.0,271.0,185.0,220.42857142857144,52.744216564021,232.63333333333333,6,11,32,223,2013,-0.7818314824680299,0.6234898018587334,-0.8660254037844385,-0.5000000000000004,-0.6420547132365636,-0.7666588193001592,81532.0,75911.0,65693.0,63591.0,68019.0,67486.0,71035.0,66093.14285714286,10329.194699630174,66258.42857142857,8558.232758931139,66796.23333333334,8034.649118718267,65607.41666666667,7310.283787975561,406,0.5686274509803921,0,0,0,0,65805.0,64488.5
2013-08-12,57451,30,176,12.44,,176.0,1,0,8,3,224,0,0,0,0,0,0,240.0,180.0,185.0,216.0,48.95576234384088,232.7,0,12,33,224,2013,0.0,1.0,-0.8660254037844385,-0.5000000000000004,-0.655156357209085,-0.7554933140726804,50409.0,81532.0,75911.0,60464.0,59421.0,80126.0,52517.0,65662.71428571429,10660.332088547066,66117.71428571429,8694.413258644085,66040.4,7800.58395957287,65501.683333333334,7382.464565950722,407,0.5700280112044818,0,0,0,0,59942.5,61593.0
2013-08-13,76398,30,204,13.82,,204.0,2,0,8,3,225,0,0,0,0,0,0,176.0,167.0,176.0,215.42857142857144,49.46667950198741,227.96666666666667,1,13,33,225,2013,0.7818314824680298,0.6234898018587336,-0.8660254037844385,-0.5000000000000004,-0.6680638642135333,-0.7441039398713608,57451.0,50409.0,81532.0,61059.0,76873.0,59657.0,48202.0,67854.0,11122.77036833348,66083.78571428571,8650.027444852498,66598.43333333333,7925.981369383655,65635.0,7506.850062736742,408,0.5714285714285714,0,0,0,0,68966.0,58717.5
2013-08-14,57171,21,176,7.95,,176.0,3,0,8,3,226,0,0,0,0,0,0,204.0,180.0,203.0,220.7142857142857,45.22430867617615,226.53333333333333,2,14,33,226,2013,0.9749279121818236,-0.22252093395631434,-0.8660254037844385,-0.5000000000000004,-0.6807734094770159,-0.7324940716135792,76398.0,57451.0,50409.0,67584.0,59125.0,73362.0,51847.0,66366.42857142857,11838.212363038258,65944.21428571429,8785.648263622103,66058.73333333334,8000.445293354286,65375.666666666664,7526.299569446024,409,0.572829131652661,0,0,0,0,63354.5,65229.5
2013-08-15,54891,22,171,10.98,,171.0,4,0,8,3,227,0,0,0,0,0,0,176.0,203.0,239.0,220.14285714285717,45.8454962216518,225.53333333333333,3,15,33,227,2013,0.43388373911755823,-0.900968867902419,-0.8660254037844385,-0.5000000000000004,-0.6932812268869771,-0.7206671495538615,57171.0,76398.0,57451.0,65693.0,73266.0,67749.0,47950.0,64823.28571428572,12618.918056028935,64631.71428571428,8978.122181842162,65630.13333333333,8247.375652534794,65019.5,7508.066169805202,410,0.5742296918767507,0,0,0,0,69479.5,62344.0
2013-08-16,69029,23,213,7.97,,213.0,5,0,8,3,228,0,0,0,0,0,0,171.0,235.0,230.0,215.57142857142856,49.30468923897951,223.16666666666663,4,16,33,228,2013,-0.433883739117558,-0.9009688679024191,-0.8660254037844385,-0.5000000000000004,-0.7055836101071774,-0.70862667826446,54891.0,57171.0,76398.0,75911.0,61587.0,75336.0,79361.0,63840.142857142855,11856.13197785019,65163.28571428572,9004.25837230158,65419.9,8069.908888730687,65289.3,7352.256778635177,411,0.5756302521008403,0,0,0,0,68749.0,68038.0
2013-08-17,72352,36,312,8.82,,312.0,6,1,8,3,229,0,0,0,0,0,0,213.0,307.0,303.0,212.42857142857144,48.55531945749102,223.1,5,17,33,229,2013,-0.9749279121818236,-0.2225209339563146,-0.8660254037844385,-0.5000000000000004,-0.7176769136759615,-0.6963762255968726,69029.0,54891.0,57171.0,81532.0,71103.0,72602.0,58840.0,62528.71428571428,9923.189855322405,65252.5,9073.55698847344,65411.566666666666,8062.362153575281,65530.3,7342.656805225605,412,0.5770308123249299,0,0,0,0,76317.5,82404.0
2013-08-18,50134,34,204,9.69,,204.0,7,1,8,3,230,0,0,0,0,0,0,312.0,240.0,271.0,213.14285714285717,50.18774276463809,226.16666666666663,6,18,33,230,2013,-0.7818314824680299,0.6234898018587334,-0.8660254037844385,-0.5000000000000004,-0.7295575540864876,-0.6839194216246105,72352.0,69029.0,54891.0,50409.0,63591.0,66844.0,55232.0,62489.42857142857,9979.55280990716,64291.28571428572,9935.004443718266,64854.566666666666,8523.989533332886,65310.066666666666,7602.78203511387,413,0.5784313725490197,0,0,0,0,57000.0,59214.0
2013-08-19,62239,14,177,12.88,,177.0,1,0,8,3,231,0,0,0,0,0,0,204.0,176.0,180.0,208.0,48.80232234911183,225.3,0,19,34,231,2013,0.0,1.0,-0.8660254037844385,-0.5000000000000004,-0.7412220108485957,-0.6712599575675315,50134.0,72352.0,69029.0,57451.0,60464.0,62779.0,65389.0,63173.42857142857,9737.819791191752,64418.07142857143,9893.645159038473,64836.566666666666,8529.092245361508,65301.066666666666,7606.147912266807,414,0.5798319327731093,0,0,0,0,58957.5,58436.0
2013-08-20,49222,16,154,9.91,,154.0,2,0,8,3,232,0,0,0,0,0,0,177.0,204.0,167.0,208.14285714285717,48.694382192844486,220.1,1,20,34,232,2013,0.7818314824680298,0.6234898018587336,-0.8660254037844385,-0.5000000000000004,-0.7526668275320083,-0.6584015846980489,62239.0,50134.0,72352.0,76398.0,61059.0,65386.0,51590.0,59291.142857142855,8974.026213255827,63572.57142857143,10677.524314863627,64297.76666666667,8991.223063913954,64963.1,7862.599446597225,415,0.5812324929971989,0,0,0,0,68728.5,76635.5
2013-08-21,59933,26,190,12.53,,190.0,3,0,8,3,233,0,0,0,0,0,0,154.0,176.0,180.0,201.0,52.88982258746268,216.53333333333333,2,21,34,233,2013,0.9749279121818236,-0.22252093395631434,-0.8660254037844385,-0.5000000000000004,-0.7638886127905429,-0.64534811322955,49222.0,62239.0,50134.0,57171.0,67584.0,62722.0,61107.0,59685.71428571428,8925.861745779735,63026.07142857143,10652.184611360433,64204.8,9022.442395837597,64931.96666666667,7879.013753490185,416,0.5826330532212886,0,0,0,0,62377.5,58148.0
2013-08-22,60593,29,181,13.41,,181.0,4,0,8,3,234,0,0,0,0,0,0,190.0,171.0,203.0,203.0,52.04485245119457,215.36666666666667,3,22,34,234,2013,0.43388373911755823,-0.900968867902419,-0.8660254037844385,-0.5000000000000004,-0.7748840413670406,-0.6321034111873488,59933.0,49222.0,62239.0,54891.0,65693.0,56376.0,52338.0,60500.28571428572,8671.939839011833,62661.78571428572,10641.16445463315,64345.36666666667,8928.628417211932,64954.85,7864.122841224461,417,0.5840336134453782,0,0,0,0,60292.0,64078.5
2013-08-23,73626,28,199,9.98,,199.0,5,0,8,3,235,0,0,0,0,0,0,181.0,213.0,235.0,204.42857142857144,51.14964041208562,214.03333333333333,4,23,34,235,2013,-0.433883739117558,-0.9009688679024191,-0.8660254037844385,-0.5000000000000004,-0.7856498550787144,-0.6186714032625032,60593.0,59933.0,49222.0,69029.0,75911.0,62875.0,56459.0,61157.0,9554.595194635156,62498.57142857143,10437.898121116712,64703.73333333333,9082.015449012004,65307.86666666667,7767.856961771049,418,0.5854341736694678,0,0,0,0,72470.0,65308.0
2013-08-24,69856,42,304,13.31,,304.0,6,1,8,3,236,0,0,0,0,0,0,199.0,312.0,307.0,202.42857142857144,51.032202718339136,213.3,5,24,34,236,2013,-0.9749279121818236,-0.2225209339563146,-0.8660254037844385,-0.5000000000000004,-0.7961828637826154,-0.6050560696488494,73626.0,60593.0,59933.0,72352.0,81532.0,58995.0,61924.0,60800.42857142857,9103.079238315986,61664.57142857143,9192.25799425613,65065.76666666667,9063.057460365448,65509.48333333333,7725.478074158107,419,0.5868347338935574,0,0,0,0,76942.0,71727.5
2013-08-25,65005,41,240,13.82,,240.0,7,1,8,3,237,0,0,0,0,0,0,304.0,204.0,240.0,201.28571428571428,48.17922887757794,217.26666666666668,6,25,34,237,2013,-0.7818314824680299,0.6234898018587334,-0.8660254037844385,-0.5000000000000004,-0.8064799463209447,-0.5912614448635782,69856.0,73626.0,60593.0,50134.0,50409.0,60165.0,74817.0,62924.857142857145,7847.607436423029,62707.142857142855,8627.871177465717,65227.1,9015.765178190733,65371.51666666667,7657.922153664516,420,0.5882352941176471,0,0,0,0,50271.5,56862.5
2013-08-26,66157,19,168,13.33,,168.0,1,0,8,3,238,0,0,0,0,0,0,240.0,177.0,176.0,206.42857142857144,50.388018228070166,217.46666666666667,0,26,35,238,2013,0.0,1.0,-0.8660254037844385,-0.5000000000000004,-0.8165380514459157,-0.5772916165517278,65005.0,69856.0,73626.0,62239.0,57451.0,83276.0,70306.0,63484.57142857143,7929.828095177036,63329.0,8533.115050293005,64656.46666666667,8351.27469408669,65427.5,7651.0644867015,421,0.5896358543417367,0,0,0,0,59845.0,61351.5
2013-08-27,57541,17,150,13.5,,150.0,2,0,8,3,239,0,0,0,0,0,0,168.0,154.0,204.0,205.14285714285717,51.36934420264165,212.4333333333333,1,27,35,239,2013,0.7818314824680298,0.6234898018587336,-0.8660254037844385,-0.5000000000000004,-0.8263541987239094,-0.5631507242749187,66157.0,65005.0,69856.0,49222.0,76398.0,68019.0,49529.0,64673.0,5763.557957836856,61982.07142857143,7765.237293558606,64307.2,8424.581235474216,65335.2,7713.029644589015,422,0.5910364145658263,0,0,0,0,62810.0,55140.5
2013-08-28,55773,22,150,13.71,,150.0,3,0,8,3,240,0,0,0,0,0,0,150.0,190.0,176.0,204.57142857142856,52.05079936260021,211.26666666666668,2,28,35,240,2013,0.9749279121818236,-0.22252093395631434,-0.8660254037844385,-0.5000000000000004,-0.8359254794186365,-0.5488429582847199,57541.0,66157.0,65005.0,59933.0,57171.0,59421.0,55764.0,64078.71428571428,6501.048292758118,61882.21428571428,7840.4885658068615,64185.6,8523.289641754654,65200.71666666667,7809.250954969208,423,0.592436974789916,0,0,0,0,58552.0,63758.5
2013-08-29,61360,28,172,10.81,,172.0,4,0,8,3,241,0,0,0,0,0,0,150.0,181.0,171.0,198.8571428571429,55.96555062842498,210.1,3,29,35,241,2013,0.43388373911755823,-0.900968867902419,-0.8660254037844385,-0.5000000000000004,-0.8452490573530634,-0.5343725582809785,55773.0,57541.0,66157.0,60593.0,54891.0,76873.0,59431.0,64188.28571428572,6438.671387647188,62344.28571428572,7583.174101294792,63668.5,8191.121449682523,65155.416666666664,7823.743863636461,424,0.5938375350140056,0,0,0,0,57742.0,63143.0
2013-08-30,74691,27,213,11.13,,213.0,5,0,8,3,242,0,0,0,0,0,0,172.0,199.0,213.0,197.57142857142856,56.54454628242812,209.96666666666667,4,30,35,242,2013,-0.433883739117558,-0.9009688679024191,-0.8660254037844385,-0.5000000000000004,-0.8543221697498269,-0.5197438121555157,61360.0,55773.0,57541.0,73626.0,69029.0,59125.0,57705.0,64340.42857142857,6705.886216779423,62748.71428571428,8100.450874712157,64187.36666666667,8384.129266094096,65467.166666666664,7824.846322564762,425,0.5952380952380952,0,0,0,0,71327.5,74768.5
2013-08-31,59626,26,340,15.4,,340.0,6,1,8,3,243,0,0,0,0,0,0,213.0,304.0,312.0,199.57142857142856,56.85026280460209,210.3,5,31,35,243,2013,-0.9749279121818236,-0.2225209339563146,-0.8660254037844385,-0.5000000000000004,-0.8631421280499115,-0.5049610547215202,74691.0,61360.0,55773.0,69856.0,72352.0,73266.0,60339.0,62879.0,6411.803620408086,61839.71428571428,7640.908478291379,63732.7,8243.488365015066,65365.4,7860.966303650112,426,0.5966386554621849,0,0,0,0,71104.0,75694.0
2013-09-01,69840,22,272,12.04,,272.0,7,1,9,3,244,0,0,0,0,0,0,340.0,240.0,204.0,204.7142857142857,68.33914028752515,213.66666666666663,6,1,35,244,2013,-0.7818314824680299,0.6234898018587334,-1.0,-1.8369701987210297e-16,-0.8717063187093217,-0.4900286664290594,59626.0,74691.0,61360.0,65005.0,50134.0,61587.0,57587.0,63569.71428571428,6919.337581838309,63247.28571428572,7115.684154669143,64007.8,8306.87832316466,65432.7,7882.024551288997,427,0.5980392156862745,0,0,0,0,57569.5,57707.0
2013-09-02,68029,17,304,10.75,,304.0,1,0,9,3,245,0,0,0,0,0,0,272.0,168.0,177.0,209.28571428571428,72.06181209145878,215.06666666666663,0,2,36,245,2013,0.0,1.0,-1.0,-1.8369701987210297e-16,-0.8800122039735356,-0.4749510720670502,69840.0,59626.0,74691.0,66157.0,62239.0,71103.0,63844.0,63837.142857142855,7070.5250966861395,63660.857142857145,7220.068536401032,63905.333333333336,8234.988015121591,65432.583333333336,7881.985416859498,428,0.5994397759103641,0,0,0,0,64198.0,61804.0
2013-09-03,58249,18,122,10.81,,122.0,2,0,9,3,246,0,0,0,0,0,0,304.0,150.0,154.0,228.7142857142857,77.22416350192084,215.1,1,3,36,246,2013,0.7818314824680298,0.6234898018587336,-1.0,-1.8369701987210297e-16,-0.888057322629493,-0.4597327394521046,68029.0,69840.0,59626.0,57541.0,49222.0,63591.0,63584.0,63938.28571428572,6969.795159934039,64305.642857142855,6156.1050824131235,63727.26666666667,8299.521942748375,65327.5,7935.743386835211,429,0.6008403361344538,0,0,0,0,53381.5,66969.5
2013-09-04,53619,24,109,12.6,,109.0,3,0,9,3,247,0,0,0,0,0,0,122.0,150.0,190.0,224.7142857142857,82.52416673458791,210.13333333333333,2,4,36,247,2013,0.9749279121818236,-0.22252093395631434,-1.0,-1.8369701987210297e-16,-0.8958392907349089,-0.4443781781046134,58249.0,68029.0,69840.0,55773.0,59933.0,60464.0,49566.0,63630.57142857143,7423.175620024473,63854.642857142855,6707.664406163501,63499.1,8484.359270506839,64909.833333333336,7880.403775611408,430,0.6022408963585434,0,0,0,0,57853.0,56472.0
2013-09-05,60216,33,122,11.25,,122.0,4,0,9,3,248,0,0,0,0,0,0,109.0,172.0,181.0,218.8571428571429,89.84139463786252,207.76666666666668,3,5,36,248,2013,0.43388373911755823,-0.900968867902419,-1.0,-1.8369701987210297e-16,-0.9033558023246842,-0.4288919379124841,53619.0,58249.0,68029.0,61360.0,60593.0,61059.0,59376.0,63467.142857142855,7493.753608364009,63827.71428571428,6722.5061653267085,63471.0,8494.109894306323,64724.2,7857.180953471612,431,0.603641456582633,0,0,0,0,60976.5,58125.5
2013-09-06,69810,24,159,8.23,,159.0,5,0,9,3,249,0,0,0,0,0,0,122.0,213.0,199.0,211.7142857142857,95.96651201628298,206.26666666666668,4,6,36,249,2013,-0.433883739117558,-0.9009688679024191,-1.0,-1.8369701987210297e-16,-0.9106046300942162,-0.41327860778290443,60216.0,53619.0,58249.0,74691.0,73626.0,67584.0,53397.0,62769.857142857145,6426.397057673043,63555.142857142855,6362.379608740174,63545.2,8540.871648160137,64771.28333333333,7879.39104825029,432,0.6050420168067226,0,0,0,0,74158.5,71860.0
2013-09-07,80972,37,245,12.2,,245.0,6,1,9,3,250,0,0,0,0,0,0,159.0,340.0,304.0,204.0,97.99489782636618,205.56666666666663,5,7,36,250,2013,-0.9749279121818236,-0.2225209339563146,-1.0,-1.8369701987210297e-16,-0.9175836260593934,-0.3975428142825566,69810.0,60216.0,53619.0,59626.0,69856.0,65693.0,46680.0,65819.28571428571,9166.356413797848,64349.142857142855,7751.220120899404,64054.5,9109.95455058882,65069.3,8148.322512817298,433,0.6064425770308123,0,0,0,0,64741.0,65989.0
2013-09-08,54041,33,181,12.62,,181.0,7,1,9,3,251,0,0,0,0,0,0,245.0,272.0,240.0,190.42857142857144,81.1518271366639,206.96666666666667,6,8,36,251,2013,-0.7818314824680299,0.6234898018587334,-1.0,-1.8369701987210297e-16,-0.9242907221930934,-0.3816892202666586,80972.0,69810.0,60216.0,69840.0,65005.0,75911.0,66426.0,63562.28571428572,9925.019457820055,63566.0,8219.581011219398,63325.5,9002.86782948485,65064.683333333334,8154.5932746089575,434,0.6078431372549019,0,0,0,0,67422.5,59987.0
2013-09-09,66461,17,132,10.13,,132.0,1,0,9,3,252,0,0,0,0,0,0,181.0,304.0,168.0,177.42857142857142,72.76184243328115,205.16666666666663,0,9,37,252,2013,0.0,1.0,-1.0,-1.8369701987210297e-16,-0.9307239310379793,-0.3657225234972692,54041.0,80972.0,69810.0,68029.0,66157.0,81532.0,58921.0,63338.28571428572,9824.593659355081,63587.71428571428,8227.350255080837,62823.13333333333,8348.612925193831,65094.3,8156.413976701151,435,0.6092436974789915,0,0,0,0,67093.0,65134.0
2013-09-10,54205,18,109,11.89,,109.0,2,0,9,3,253,0,0,0,0,0,1,132.0,122.0,150.0,152.85714285714286,47.5795073935136,199.33333333333331,1,10,37,253,2013,0.7818314824680298,0.6234898018587336,-1.0,-1.8369701987210297e-16,-0.9368813462954315,-0.34964745525122826,66461.0,54041.0,80972.0,58249.0,57541.0,50409.0,78926.0,62760.57142857143,10281.987856719434,63349.42857142857,8460.943989107343,62949.666666666664,8181.058844434064,64872.95,8269.829917348256,436,0.6106442577030813,0,0,0,0,57895.0,53735.5
2013-09-11,96577,32,505,8.31,,505.0,3,0,9,3,254,0,0,0,0,1,1,109.0,109.0,150.0,151.0,49.21043249826764,194.96666666666667,2,11,37,254,2013,0.9749279121818236,-0.22252093395631434,-1.0,-1.8369701987210297e-16,-0.9427611433904206,-0.33346877891818705,54205.0,66461.0,54041.0,53619.0,55773.0,57451.0,107188.0,68897.42857142857,15441.67008300564,66264.0,11956.271325124659,64253.86666666667,10154.829110205257,65147.13333333333,9022.566611176178,437,0.6120448179271709,0,0,0,0,54696.0,56776.0
2013-09-12,108415,58,554,10.87,,554.0,4,0,9,3,255,0,0,0,0,1,1,505.0,122.0,172.0,207.57142857142856,138.85226818800018,205.9333333333333,3,12,37,255,2013,0.43388373911755823,-0.900968867902419,-1.0,-1.8369701987210297e-16,-0.9483615800121716,-0.31719128858910595,96577.0,54205.0,66461.0,60216.0,61360.0,76398.0,59675.0,75783.0,20756.784601667212,69625.07142857143,16297.436988039517,65321.1,12810.35705268367,65959.76666666666,10580.87508214508,438,0.6134453781512605,0,0,0,0,60788.0,60404.5
2013-09-13,126171,122,737,9.55,,737.0,5,0,9,3,256,0,0,0,0,1,1,554.0,159.0,213.0,269.2857142857143,183.35276953250013,217.6,4,13,37,256,2013,-0.433883739117558,-0.9009688679024191,-1.0,-1.8369701987210297e-16,-0.9536809966304455,-0.300819807635668,108415.0,96577.0,54205.0,69810.0,74691.0,57171.0,51733.0,83834.57142857143,27792.51649789421,73302.21428571429,22249.222929139494,67621.1,16852.952659237006,66839.91666666667,13102.891292126355,439,0.6148459383753502,0,0,0,0,72250.5,71718.0
2013-09-14,75280,28,250,11.93,,250.0,6,1,9,3,257,0,0,0,0,0,1,737.0,245.0,340.0,351.85714285714283,245.14514650945665,236.3,5,14,37,257,2013,-0.9749279121818236,-0.2225209339563146,-1.0,-1.8369701987210297e-16,-0.9587178169872964,-0.2843591872810036,126171.0,108415.0,96577.0,80972.0,59626.0,54891.0,53967.0,83021.42857142857,27972.9089409567,74420.35714285714,21899.652900681478,68300.73333333334,16732.566476543725,66965.43333333333,13147.74141893629,440,0.6162464985994398,0,0,0,0,70299.0,75414.0
2013-09-15,73757,28,205,8.06,,205.0,7,1,9,3,258,0,0,0,0,0,0,250.0,181.0,272.0,352.57142857142856,244.7889275429327,238.9333333333333,6,15,37,258,2013,-0.7818314824680299,0.6234898018587334,-1.0,-1.8369701987210297e-16,-0.9634705485641486,-0.26781430516217486,75280.0,126171.0,108415.0,54041.0,69840.0,69029.0,72378.0,85838.0,25447.117328556888,74700.14285714286,21861.622175215292,68458.33333333333,16761.902602347254,66939.11666666667,13132.27399608293,441,0.6176470588235294,0,0,0,0,61940.5,59523.0
2013-09-16,74219,18,163,8.98,,163.0,1,0,9,3,259,0,0,0,0,0,0,205.0,132.0,304.0,356.0,242.1390784927816,238.66666666666663,0,16,38,259,2013,0.0,1.0,-1.0,-1.8369701987210297e-16,-0.9679377830240642,-0.25119006388481957,73757.0,75280.0,126171.0,66461.0,68029.0,72352.0,55815.0,86946.28571428571,24617.97999237079,75142.28571428571,21778.760473411672,68520.56666666667,16780.313216186823,66966.06666666667,13145.744606134767,442,0.6190476190476191,0,0,0,0,67245.0,66309.0
2013-09-17,53187,29,137,15.53,,137.0,2,0,9,3,260,0,0,0,0,0,0,163.0,109.0,122.0,360.4285714285714,237.60040484172683,233.7,1,17,38,260,2013,0.7818314824680298,0.6234898018587336,-1.0,-1.8369701987210297e-16,-0.9721181966290612,-0.23449138957041052,74219.0,73757.0,75280.0,54205.0,58249.0,50134.0,49625.0,86800.85714285714,24845.58702887759,74780.71428571429,22120.141352408813,68622.33333333333,16673.880230888786,66738.45,13265.58226110995,443,0.6204481792717087,0,0,0,0,56227.0,55873.0
2013-09-18,58563,22,128,7.94,,128.0,3,0,9,3,261,0,0,0,0,0,0,137.0,505.0,109.0,364.4285714285714,232.8503504706098,231.46666666666667,2,18,38,261,2013,0.9749279121818236,-0.22252093395631434,-1.0,-1.8369701987210297e-16,-0.9760105506323682,-0.21772323039653224,53187.0,74219.0,73757.0,96577.0,53619.0,62239.0,56618.0,81370.28571428571,26454.94608269128,75133.85714285714,21793.362895287897,68499.8,16735.7999374045,66668.18333333333,13298.036802337836,444,0.6218487394957983,0,0,0,0,75098.0,76175.0
2013-09-19,65004,31,137,8.84,,137.0,4,0,9,3,262,0,0,0,0,0,0,128.0,554.0,122.0,310.57142857142856,238.4497551147532,229.83333333333331,3,19,38,262,2013,0.43388373911755823,-0.900968867902419,-1.0,-1.8369701987210297e-16,-0.9796136916454901,-0.20089055513063528,58563.0,53187.0,74219.0,108415.0,60216.0,49222.0,51181.0,75168.71428571429,24036.109479380615,75475.85714285714,21577.75334016005,69025.86666666667,16352.588793749821,66661.81666666667,13298.752499786166,445,0.623249299719888,0,0,0,0,84315.5,84887.5
2013-09-20,74631,27,214,13.48,,214.0,5,0,9,3,263,0,0,0,0,0,0,137.0,737.0,159.0,251.0,218.7761412951604,229.26666666666668,4,20,38,263,2013,-0.433883739117558,-0.9009688679024191,-1.0,-1.8369701987210297e-16,-0.9829265519799822,-0.18399835165767986,65004.0,58563.0,53187.0,126171.0,69810.0,59933.0,54540.0,67805.85714285714,8999.830413746728,75820.21428571429,21518.765353411003,69515.8,16290.830827863567,66860.3,13327.793219879584,446,0.6246498599439776,0,0,0,0,97990.5,100431.0
2013-09-21,64387,26,269,14.1,,269.0,6,1,9,3,264,0,0,0,0,0,0,214.0,250.0,245.0,176.28571428571428,47.03797857658582,230.06666666666663,5,21,38,264,2013,-0.9749279121818236,-0.2225209339563146,-1.0,-1.8369701987210297e-16,-0.9859481499638303,-0.1670516255021195,74631.0,65004.0,58563.0,75280.0,80972.0,60593.0,64774.0,66249.71428571429,8414.832078227846,74635.57142857143,21669.32358716515,69642.26666666666,16233.800750994496,66993.81666666667,13260.941321359312,447,0.6260504201680672,0,0,0,0,78126.0,67453.0
2013-09-22,69700,37,200,12.41,,200.0,7,1,9,3,265,0,0,0,0,0,0,269.0,205.0,181.0,179.0,52.25897052181492,233.0,6,22,38,265,2013,-0.7818314824680299,0.6234898018587334,-1.0,-1.8369701987210297e-16,-0.9886775902323404,-0.15005539834465262,64387.0,74631.0,65004.0,73757.0,54041.0,73626.0,63478.0,65670.14285714286,7937.7810171483725,75754.07142857143,20915.55090013268,69511.4,16216.394149557233,67107.56666666667,13254.282168757512,448,0.6274509803921569,0,0,0,0,63899.0,71798.5
2013-09-23,57310,26,123,12.8,,123.0,1,0,9,3,266,0,0,0,0,0,0,200.0,163.0,132.0,178.28571428571428,51.87714424713465,233.03333333333333,0,23,39,266,2013,0.0,1.0,-1.0,-1.8369701987210297e-16,-0.9911140639934546,-0.13301470653419636,69700.0,64387.0,74631.0,74219.0,66461.0,69856.0,48914.0,63254.57142857143,7461.169900607105,75100.42857142857,21366.444957219417,69093.2,16368.262407307737,67079.48333333334,13273.533630259111,449,0.6288515406162465,0,0,0,0,70340.0,71124.0
2013-09-24,55172,16,128,6.91,,128.0,2,0,9,3,267,0,0,0,0,0,0,123.0,137.0,109.0,172.57142857142858,55.889346459043175,227.0,1,24,39,267,2013,0.7818314824680298,0.6234898018587336,-1.0,-1.8369701987210297e-16,-0.9932568492674143,-0.11593459959550066,57310.0,69700.0,64387.0,53187.0,54205.0,65005.0,43787.0,63538.142857142855,7040.636984170411,75169.5,21295.14417293649,68765.43333333333,16550.386924705785,66996.26666666666,13333.135469690207,450,0.6302521008403361,0,0,0,0,53696.0,55718.0
2013-09-25,51248,25,132,12.89,,132.0,3,0,9,3,268,0,0,0,0,0,0,128.0,128.0,505.0,171.28571428571428,56.93772705249724,223.26666666666668,2,25,39,268,2013,0.9749279121818236,-0.22252093395631434,-1.0,-1.8369701987210297e-16,-0.9951053111006974,-0.09882013873287211,55172.0,57310.0,69700.0,58563.0,96577.0,66157.0,49372.0,62493.142857142855,8327.412611942267,71931.71428571429,21235.805515969612,68268.46666666666,16852.495142658674,66462.46666666666,13311.432084919194,451,0.6316526610644257,0,0,0,0,77570.0,56091.0
2013-09-26,55143,44,146,9.53,,146.0,4,0,9,3,269,0,0,0,0,0,0,132.0,137.0,554.0,171.85714285714286,56.448881215451074,222.06666666666663,3,26,39,269,2013,0.43388373911755823,-0.900968867902419,-1.0,-1.8369701987210297e-16,-0.99665890175417,-0.08167639533042288,51248.0,55172.0,57310.0,65004.0,108415.0,57541.0,45250.0,61084.42857142857,8659.327049626465,68126.57142857143,18832.45130379708,68188.53333333334,16910.717717049978,66247.86666666667,13389.474467816035,452,0.6330532212885154,0,0,0,0,86709.5,62610.0
2013-09-27,71489,15,191,11.69,,191.0,5,0,9,3,270,0,0,0,0,0,0,146.0,214.0,737.0,173.14285714285714,55.61902723417685,221.9333333333333,4,27,39,270,2013,-0.433883739117558,-0.9009688679024191,-1.0,-1.8369701987210297e-16,-0.9979171608653922,-0.06450844944931625,55143.0,51248.0,55172.0,74631.0,126171.0,55773.0,51868.0,60635.57142857143,7887.108360212,64220.71428571428,8940.685074668187,68712.4,16755.558379030652,66449.0,13375.819099265469,453,0.634453781512605,0,0,0,0,100401.0,72220.5
2013-09-28,83596,42,297,7.54,,297.0,6,1,9,3,271,0,0,0,0,0,0,191.0,269.0,250.0,169.85714285714286,53.43977473576621,223.3,5,28,39,271,2013,-0.9749279121818236,-0.2225209339563146,-1.0,-1.8369701987210297e-16,-0.9988797155850335,-0.04732138832243232,71489.0,55143.0,51248.0,64387.0,75280.0,61360.0,69335.0,63379.71428571428,11787.243764826435,64814.71428571428,9951.112179268926,69453.6,16910.204836949404,66561.05,13492.27410996672,454,0.6358543417366946,0,0,0,0,69833.5,72679.5
2013-09-29,61869,28,187,11.75,,187.0,7,1,9,3,272,0,0,0,0,0,0,297.0,200.0,205.0,173.85714285714286,62.39505474909669,227.46666666666667,6,29,39,272,2013,-0.7818314824680299,0.6234898018587334,-1.0,-1.8369701987210297e-16,-0.9995462806873573,-0.03012030484690836,83596.0,71489.0,55143.0,69700.0,73757.0,74691.0,66380.0,62261.0,11454.331698823726,63965.57142857143,9631.432457677938,69026.2,16935.28399607125,66606.78333333334,13471.27589504421,455,0.6372549019607843,0,0,0,0,71728.5,61870.5
2013-09-30,60678,15,101,9.38,,101.0,1,0,9,3,273,0,0,0,0,0,0,187.0,123.0,163.0,172.0,61.67657578043641,226.6,0,30,40,273,2013,0.0,1.0,-1.0,-1.8369701987210297e-16,-0.9999166586547379,-0.012910296075008843,61869.0,83596.0,71489.0,57310.0,74219.0,59626.0,61925.0,62742.142857142855,11281.129426740408,62998.357142857145,9192.45788348032,69061.26666666666,16916.226926938496,66396.98333333334,13463.828203043782,456,0.6386554621848739,0,0,0,0,65764.5,61885.5
2013-10-01,54278,16,101,10.36,,101.0,2,0,10,4,274,0,0,0,0,0,0,101.0,128.0,137.0,168.85714285714286,65.0574837391987,218.63333333333333,1,1,40,274,2013,0.7818314824680298,0.6234898018587336,-0.8660254037844386,0.5000000000000001,-0.9999907397361901,0.004303538296243821,60678.0,61869.0,83596.0,55172.0,53187.0,69840.0,44538.0,62614.42857142857,11385.69103241984,63076.28571428572,9107.112794434275,68542.53333333334,17128.791339152645,66275.16666666667,13540.929156170676,457,0.6400560224089635,0,0,0,0,54179.5,54688.5
2013-10-02,64388,22,123,7.96,,123.0,3,0,10,4,275,0,0,0,0,0,0,101.0,132.0,128.0,165.0,68.5881428042285,212.9333333333333,2,2,40,275,2013,0.9749279121818236,-0.22252093395631434,-0.8660254037844386,0.5000000000000001,-0.9997685019798909,0.021516097436222233,54278.0,60678.0,61869.0,51248.0,58563.0,68029.0,55900.0,64491.57142857143,10223.241182996962,63492.357142857145,9017.678258306216,68421.16666666667,17145.446589819952,66163.25,13528.094360926792,458,0.6414565826330533,0,0,0,0,54905.5,73912.5
2013-10-03,61107,28,156,13.44,,156.0,4,0,10,4,276,0,0,0,0,0,0,123.0,146.0,137.0,163.71428571428572,69.38951478360883,206.9,3,3,40,276,2013,0.43388373911755823,-0.900968867902419,-0.8660254037844386,0.5000000000000001,-0.9992500112396835,0.03872228089217399,64388.0,54278.0,60678.0,55143.0,65004.0,58249.0,58416.0,65343.57142857143,9539.970035892406,63214.0,9027.568383738553,68516.43333333333,17094.842548887813,66121.85,13539.895376539318,459,0.6428571428571429,0,0,0,0,60073.5,81779.0
2013-10-04,65873,26,210,11.23,,210.0,5,0,10,4,277,0,0,0,0,0,0,156.0,191.0,214.0,165.14285714285714,69.06622081120962,208.03333333333333,4,4,40,277,2013,-0.433883739117558,-0.9009688679024191,-0.8660254037844386,0.5000000000000001,-0.9984354211555643,0.05591699010060302,61107.0,64388.0,54278.0,71489.0,74631.0,53619.0,52914.0,64541.28571428572,9165.8290716901,62588.42857142857,8461.244313968155,68924.9,16871.54764756745,66212.0,13519.577944470522,460,0.6442577030812325,0,0,0,0,73060.0,98830.0
2013-10-05,83262,37,347,12.43,,347.0,6,1,10,4,278,0,0,0,0,0,0,210.0,297.0,269.0,167.85714285714286,70.60790458918959,211.4,5,5,40,278,2013,-0.9749279121818236,-0.2225209339563146,-0.8660254037844386,0.5000000000000001,-0.9973249731081555,0.07309512989807776,65873.0,61107.0,64388.0,83596.0,64387.0,60216.0,64401.0,64493.57142857143,9050.24498484572,63936.642857142855,10112.515745787005,69693.1,16985.62073485325,66582.05,13679.065504092665,461,0.6456582633053222,0,0,0,0,73991.5,79438.0
2013-10-06,72649,32,224,10.94,,224.0,7,1,10,4,279,0,0,0,0,0,0,347.0,187.0,200.0,175.0,86.57366805212725,218.9,6,6,40,279,2013,-0.7818314824680299,0.6234898018587334,-0.8660254037844386,0.5000000000000001,-0.9959189961471792,0.0902516100310407,83262.0,65873.0,61107.0,61869.0,69700.0,69810.0,171665.0,66033.57142857143,9438.070474716998,64147.28571428572,10271.26824188241,69787.73333333334,16994.20089311066,66666.46666666666,13700.964681447198,462,0.6470588235294118,0,0,0,0,65784.5,67813.0
2013-10-07,61703,15,128,10.91,,128.0,1,0,10,4,280,0,0,0,0,0,0,224.0,101.0,123.0,180.28571428571428,88.53570708234814,221.06666666666663,0,7,41,280,2013,0.0,1.0,-0.8660254037844386,0.5000000000000001,-0.994217906893952,0.10738134666416306,72649.0,83262.0,65873.0,60678.0,57310.0,80972.0,97231.0,66180.0,9348.659975276873,64461.07142857143,10112.193564544343,69145.43333333333,16920.89268592253,66599.96666666666,13715.445078224364,463,0.6484593837535014,0,0,0,0,58994.0,67448.5
2013-10-08,52454,9,138,9.72,,138.0,2,0,10,4,281,0,0,0,0,0,0,128.0,101.0,128.0,184.14285714285717,85.02436625546105,217.16666666666663,1,8,41,281,2013,0.7818314824680298,0.6234898018587336,-0.8660254037844386,0.5000000000000001,-0.9922222094179324,0.12447926388678869,61703.0,72649.0,83262.0,54278.0,55172.0,54041.0,78493.0,65919.42857142857,9752.391584583656,64266.92857142857,10328.039500194665,69092.53333333334,16972.145290879213,66209.01666666666,13779.704496710743,464,0.6498599439775911,0,0,0,0,54725.0,53732.5
2013-10-09,56547,23,147,11.55,,147.0,3,0,10,4,282,0,0,0,0,0,0,138.0,123.0,132.0,189.42857142857144,79.9955355897168,215.7333333333333,2,9,41,282,2013,0.9749279121818236,-0.22252093395631434,-0.8660254037844386,0.5000000000000001,-0.989932495087353,0.141540295217043,52454.0,61703.0,72649.0,64388.0,51248.0,66461.0,62610.0,64799.28571428572,10387.243405804993,64645.42857142857,9902.557258796087,68762.06666666667,17121.016475893506,65792.6,13686.001559431059,465,0.6512605042016807,0,0,0,0,57818.0,61475.5
2013-10-10,59971,37,178,12.7,,178.0,4,0,10,4,283,0,0,0,0,0,0,147.0,156.0,146.0,192.8571428571429,77.13716910246832,216.2333333333333,3,10,41,283,2013,0.43388373911755823,-0.900968867902419,-0.8660254037844386,0.5000000000000001,-0.9873494423939864,0.15855938510313475,56547.0,52454.0,61703.0,61107.0,55143.0,54205.0,49746.0,64637.0,10463.141386155377,64990.28571428572,9626.395950147165,68954.26666666666,16983.77865825637,65951.96666666666,13558.91332074778,466,0.6526610644257703,0,0,0,0,58125.0,63055.5
2013-10-11,53673,49,233,14.06,,233.0,5,0,10,4,284,0,0,0,0,0,1,178.0,210.0,191.0,196.0,75.82216034906907,218.53333333333333,4,11,41,284,2013,-0.433883739117558,-0.9009688679024191,-0.8660254037844386,0.5000000000000001,-0.9844738167520923,0.17553149042142777,59971.0,56547.0,52454.0,65873.0,71489.0,96577.0,56806.0,62894.142857142855,11212.215874194315,63717.71428571428,9875.583810813141,67524.13333333333,16372.97674941189,65889.0,13607.744801262066,467,0.65406162464986,0,0,0,0,68681.0,70252.0
2013-10-12,147898,73,1308,14.43,,1225.67,6,1,10,4,285,0,0,0,0,1,1,233.0,347.0,297.0,199.28571428571428,77.01885978060638,209.46666666666667,5,12,41,285,2013,-0.9749279121818236,-0.2225209339563146,-0.8660254037844386,0.5000000000000001,-0.9813064702716093,0.19245158197082995,53673.0,59971.0,56547.0,83262.0,83596.0,108415.0,60275.0,72127.85714285714,34078.973177159154,68310.71428571429,24279.919206647224,68840.23333333334,20769.746359554578,67080.66666666667,17200.170096386733,468,0.6554621848739496,0,0,0,0,83429.0,73824.5
2013-10-13,145336,82,1020,10.74,,1020.0,7,1,10,4,286,0,0,0,0,1,1,1225.67,224.0,187.0,324.81,399.3624494532923,231.85566666666668,6,13,41,286,2013,-0.7818314824680299,0.6234898018587334,-0.8660254037844386,0.5000000000000001,-0.9778483415056567,0.20931464596304888,147898.0,53673.0,59971.0,72649.0,61869.0,126171.0,71615.0,82511.71428571429,43917.81651264214,74272.64285714286,31692.58935608455,69479.06666666667,22790.37215191953,68550.08333333333,19894.232964960673,469,0.6568627450980392,0,0,0,0,67259.0,71174.5
2013-10-14,85837,45,595,11.0,,595.0,1,0,10,4,287,0,0,0,0,1,1,1020.0,128.0,101.0,438.5242857142857,472.5025757904095,241.289,0,14,42,287,2013,0.0,1.0,-0.8660254037844386,0.5000000000000001,-0.9741004551724206,0.22611568550828803,145336.0,147898.0,53673.0,61703.0,60678.0,75280.0,58551.0,85959.42857142857,42948.60386111584,76069.71428571429,31575.514348520486,69830.96666666666,22963.874905033423,69065.85,19935.215338797847,470,0.6582633053221288,0,0,0,0,61190.5,59506.5
2013-10-15,60650,10,138,13.0,,138.0,2,0,10,4,288,0,0,0,0,0,1,595.0,138.0,101.0,505.23857142857145,453.9559175525226,252.789,1,15,42,288,2013,0.7818314824680298,0.6234898018587336,-0.8660254037844386,0.5000000000000001,-0.970063921851507,0.2428497220959358,85837.0,145336.0,147898.0,52454.0,54278.0,73757.0,48499.0,87130.28571428571,41983.83126758166,76524.85714285714,31281.794889623583,69394.06666666667,23011.239331718098,68926.2,19964.804146382037,471,0.6596638655462185,0,0,0,0,53366.0,53813.0
2013-10-16,58647,18,147,11.69,,147.0,3,0,10,4,289,0,0,0,0,0,0,138.0,147.0,123.0,505.23857142857145,453.9559175525226,250.55566666666667,2,16,42,289,2013,0.9749279121818236,-0.22252093395631434,-0.8660254037844386,0.5000000000000001,-0.965739937654855,0.25951179706979943,60650.0,85837.0,145336.0,56547.0,64388.0,74219.0,63233.0,87430.28571428571,41735.641697531944,76114.78571428571,31490.07077251873,68875.0,23074.193291835065,68697.78333333334,20003.307467272243,472,0.6610644257703081,0,0,0,0,60467.5,53897.5
2013-10-17,57253,37,133,11.14,,133.0,4,0,10,4,290,0,0,0,0,0,0,147.0,178.0,156.0,505.23857142857145,453.9559175525226,250.0223333333333,3,17,42,290,2013,0.43388373911755823,-0.900968867902419,-0.8660254037844386,0.5000000000000001,-0.9611297838723007,0.27609697309746883,58647.0,60650.0,85837.0,59971.0,61107.0,53187.0,53068.0,87042.0,42045.1811903973,75839.5,31647.81147069434,69010.53333333334,22990.657733438005,68816.43333333333,19912.235661255672,473,0.6624649859943977,0,0,0,0,60539.0,57557.0
2013-10-18,73919,34,183,9.58,,183.0,5,0,10,4,291,0,0,0,0,0,0,133.0,233.0,210.0,498.81,459.6453408516908,249.889,4,18,42,291,2013,-0.433883739117558,-0.9009688679024191,-0.8660254037844386,0.5000000000000001,-0.9562348265919058,0.2926003356333479,57253.0,58647.0,60650.0,53673.0,65873.0,58563.0,61053.0,89934.28571428571,40014.47512969234,76414.21428571429,31525.721694120846,69522.4,22920.869736762954,69011.1,19903.93473722551,474,0.6638655462184874,0,0,0,0,59773.0,62581.0
2013-10-19,76770,42,280,10.2,,280.0,6,1,10,4,292,0,0,0,0,0,0,183.0,1225.67,347.0,491.6671428571429,464.8237826214107,251.72233333333327,5,19,42,292,2013,-0.9749279121818236,-0.2225209339563146,-0.8660254037844386,0.5000000000000001,-0.9510565162951536,0.30901699437494723,73919.0,57253.0,58647.0,147898.0,83262.0,65004.0,75176.0,79773.14285714286,30815.888204131505,75950.5,31464.93610048635,69914.6,22941.544124143013,69470.23333333334,19756.901522636206,475,0.665266106442577,0,0,0,0,115580.0,115747.0
2013-10-20,61713,22,210,9.84,,210.0,7,1,10,4,293,0,0,0,0,0,0,280.0,1020.0,224.0,356.57142857142856,335.3241502103388,256.489,6,20,42,293,2013,-0.7818314824680299,0.6234898018587334,-0.8660254037844386,0.5000000000000001,-0.9455963874271428,0.3253420847119795,76770.0,73919.0,57253.0,145336.0,72649.0,74631.0,92254.0,67827.0,11003.196611288759,75169.35714285714,31688.159127071962,69484.0,22971.180054656506,69499.9,19743.66980784878,476,0.6666666666666666,0,0,0,0,108992.5,103602.5
2013-10-21,57885,16,105,13.21,,105.0,1,0,10,4,294,0,0,0,0,0,0,210.0,595.0,128.0,240.8571428571429,164.45407522205986,256.35566666666665,0,21,43,294,2013,0.0,1.0,-0.8660254037844386,0.5000000000000001,-0.9398560579418953,0.341570769167856,61713.0,76770.0,73919.0,85837.0,61703.0,64387.0,77484.0,63833.857142857145,8054.904808636849,74896.64285714286,31829.083917330707,69267.26666666666,23051.461522867274,69454.76666666666,19767.45663395129,477,0.6680672268907563,0,0,0,0,73770.0,73257.5
2013-10-22,57740,21,110,7.58,,110.0,2,0,10,4,295,0,0,0,0,0,0,105.0,138.0,138.0,170.85714285714286,59.176089122292765,250.889,1,22,43,295,2013,0.7818314824680298,0.6234898018587336,-0.8660254037844386,0.5000000000000001,-0.9338372288229252,0.35769823883312546,57885.0,61713.0,76770.0,60650.0,52454.0,69700.0,54736.0,63418.142857142855,8317.42517106112,75274.21428571429,31572.699882550798,68868.6,23146.943670445115,69190.0,19816.966986458257,478,0.6694677871148459,0,0,0,0,56552.0,57464.0
2013-10-23,57243,26,142,8.74,,142.0,3,0,10,4,296,0,0,0,0,0,0,110.0,147.0,147.0,166.85714285714286,62.61370609120818,247.889,2,23,43,296,2013,0.9749279121818236,-0.22252093395631434,-0.8660254037844386,0.5000000000000001,-0.9275416835791965,0.3737197147904692,57740.0,57885.0,61713.0,58647.0,56547.0,57310.0,54725.0,63217.57142857143,8467.234413848379,75323.92857142857,31541.476289688217,68866.36666666667,23148.10056180724,68979.78333333334,19876.5914796921,479,0.6708683473389355,0,0,0,0,57597.0,61517.5
2013-10-24,78497,34,147,9.39,,147.0,4,0,10,4,297,0,0,0,0,0,0,142.0,133.0,178.0,166.14285714285714,62.90582530372578,248.5223333333333,3,24,43,297,2013,0.43388373911755823,-0.900968867902419,-0.8660254037844386,0.5000000000000001,-0.9209712877166347,0.38963044953078774,57243.0,57740.0,57885.0,57253.0,59971.0,55172.0,60454.0,66252.42857142857,9691.720450246405,76647.21428571429,31234.94372106725,69643.86666666667,23063.839783692063,69204.65,19907.156983871708,480,0.6722689075630253,0,0,0,0,58612.0,59180.0
2013-10-25,79006,53,238,15.01,,238.0,5,0,10,4,298,0,0,0,0,0,0,147.0,183.0,233.0,168.14285714285714,61.89084092558608,249.15566666666663,4,25,43,298,2013,-0.433883739117558,-0.9009688679024191,-0.8660254037844386,0.5000000000000001,-0.9141279881853337,0.4054257283599973,78497.0,57243.0,57740.0,73919.0,53673.0,51248.0,68056.0,66979.14285714286,10517.898577006741,78456.71428571429,30527.404466324122,70569.13333333333,22856.251343972643,69418.8,19942.895480915387,481,0.6736694677871149,0,0,0,0,63796.0,69896.0
2013-10-26,78151,30,303,10.01,,303.0,6,1,10,4,299,0,0,0,0,0,0,238.0,280.0,1225.67,176.0,67.34240862933265,252.689,5,26,43,299,2013,-0.9749279121818236,-0.2225209339563146,-0.8660254037844386,0.5000000000000001,-0.9070138128026362,0.42110087079608916,79006.0,78497.0,57243.0,76770.0,147898.0,55143.0,70350.0,67176.42857142857,10742.704498979336,73474.78571428571,23114.29499807941,71336.06666666667,22706.30479804255,69762.3,19912.31429679235,482,0.6750700280112045,0,0,0,0,112334.0,80016.0
2013-10-27,52426,22,216,10.34,,216.0,7,1,10,4,300,0,0,0,0,0,0,303.0,210.0,1020.0,179.28571428571428,73.53845770686777,257.9223333333333,6,27,43,300,2013,-0.7818314824680299,0.6234898018587334,-0.8660254037844386,0.5000000000000001,-0.8996308696522434,0.4366512319560638,78151.0,79006.0,78497.0,61713.0,145336.0,71489.0,69006.0,65849.71428571429,12026.63083486416,66838.35714285714,11121.51385383738,70700.63333333333,22967.117436536937,69706.51666666666,19956.80736625872,483,0.6764705882352942,0,0,0,0,103524.5,67181.0
2013-10-28,63916,29,151,10.91,,151.0,1,0,10,4,301,0,0,0,0,0,0,216.0,105.0,595.0,180.14285714285714,73.98970327333534,258.7556666666667,0,28,44,301,2013,0.0,1.0,-0.8660254037844386,0.5000000000000001,-0.8919813464595487,0.45207220393230374,52426.0,78151.0,79006.0,57885.0,85837.0,83596.0,74692.0,66711.28571428571,11568.24342347497,65272.57142857143,9692.237446806223,70044.63333333333,22866.928917156747,69749.11666666667,19941.410925459266,484,0.6778711484593838,0,0,0,0,71861.0,59794.0
2013-10-29,62387,18,151,7.62,,151.0,2,0,10,4,302,0,0,0,0,0,0,151.0,110.0,138.0,186.7142857142857,68.00420155087076,253.889,1,29,44,302,2013,0.7818314824680298,0.6234898018587336,-0.8660254037844386,0.5000000000000001,-0.8840675099433637,0.46735921715800205,63916.0,52426.0,78151.0,57740.0,60650.0,61869.0,67921.0,67375.14285714286,11091.108081530914,65396.642857142855,9639.485747591518,70061.9,22860.737406802065,69544.05,19952.99039770782,485,0.6792717086834734,0,0,0,0,59195.0,55097.0
2013-10-30,56379,21,133,7.07,,133.0,3,0,10,4,303,0,0,0,0,0,0,151.0,142.0,147.0,192.57142857142856,61.77609338802304,252.689,2,30,44,303,2013,0.9749279121818236,-0.22252093395631434,-0.8660254037844386,0.5000000000000001,-0.8758917051442433,0.48250774176121763,62387.0,63916.0,52426.0,57243.0,58647.0,60678.0,68049.0,67251.71428571429,11226.636981071926,65234.642857142855,9779.683411637934,69918.6,22934.94116062607,69489.93333333333,19984.72417967926,486,0.680672268907563,0,0,0,0,57945.0,56895.0
2013-10-31,82999,47,101,7.17,,101.0,4,0,10,4,304,0,0,0,0,0,0,133.0,147.0,133.0,191.28571428571428,63.08384443398688,253.75566666666663,3,31,44,304,2013,0.43388373911755823,-0.900968867902419,-0.8660254037844386,0.5000000000000001,-0.8674563547295971,0.4975132889071803,56379.0,62387.0,63916.0,78497.0,57253.0,54278.0,83138.0,67894.85714285714,12075.107969546285,67073.64285714286,10553.408371102225,70875.96666666666,22858.86700586787,69709.25,20060.691464184132,487,0.6820728291316527,0,0,0,0,67875.0,69234.0
2013-11-01,87379,37,174,10.89,,174.0,5,0,11,4,305,0,0,0,0,0,0,101.0,238.0,183.0,184.7142857142857,70.43369053162544,253.75566666666663,4,1,44,305,2013,-0.433883739117558,-0.9009688679024191,-0.5000000000000004,0.8660254037844384,-0.858763958275803,0.5123714121284235,82999.0,56379.0,62387.0,79006.0,73919.0,64388.0,70912.0,69091.0,13668.750357415372,68035.07142857143,11768.194923765237,71642.33333333333,23018.690370388515,70031.75,20188.352754408774,488,0.6834733893557423,0,0,0,0,76462.5,66339.5
2013-11-02,78139,46,275,12.85,,275.0,6,1,11,4,306,0,0,0,0,0,0,174.0,303.0,280.0,175.57142857142858,66.40245262251786,255.45566666666667,5,2,44,306,2013,-0.9749279121818236,-0.2225209339563146,-0.5000000000000004,0.8660254037844384,-0.8498170915275277,0.5270777086423724,87379.0,82999.0,56379.0,78151.0,76770.0,61107.0,49629.0,69089.28571428571,13667.425394154214,68132.85714285714,11851.750535142492,72210.06666666667,22959.850173627074,70363.25,20154.869201502264,489,0.6848739495798319,0,0,0,0,77460.5,113024.5
2013-11-03,90593,48,244,14.7,,244.0,7,1,11,4,307,0,0,0,0,0,0,275.0,216.0,210.0,171.57142857142858,57.72306628162084,259.4223333333333,6,3,44,307,2013,-0.7818314824680299,0.6234898018587334,-0.5000000000000004,0.8660254037844384,-0.8406184056344783,0.5416278206559811,78139.0,87379.0,82999.0,52426.0,61713.0,65873.0,82309.0,74541.71428571429,13524.255354908473,70195.71428571429,13096.388277387214,73034.06666666667,23167.226720659462,70979.48333333334,20199.427188129237,490,0.6862745098039216,0,0,0,0,57069.5,98881.0
2013-11-04,84201,17,115,8.14,,115.0,1,0,11,4,308,0,0,0,0,0,0,244.0,151.0,105.0,175.57142857142858,62.1177836663468,260.5556666666667,0,4,45,308,2013,0.0,1.0,-0.5000000000000004,0.8660254037844384,-0.8311706263658079,0.5560174366570446,90593.0,78139.0,87379.0,63916.0,57885.0,83262.0,65587.0,77439.57142857143,13032.305128118704,72075.42857142857,13082.071693818029,73065.36666666667,23182.15114008211,71379.23333333334,20220.128665089447,491,0.6876750700280112,0,0,0,0,60900.5,74876.5
2013-11-05,83857,32,138,9.07,,138.0,2,0,11,4,309,0,0,0,0,0,0,115.0,151.0,110.0,170.42857142857142,65.86819450705369,252.82233333333332,1,5,45,309,2013,0.7818314824680298,0.6234898018587336,-0.5000000000000004,0.8660254037844384,-0.8214765533024145,0.5702422926917867,84201.0,90593.0,78139.0,62387.0,57740.0,72649.0,68065.0,80506.71428571429,11312.218964675738,73940.92857142857,12738.214604181963,73438.96666666666,23265.37348089964,71613.35,20282.875018374994,492,0.6890756302521008,0,0,0,0,60063.5,61518.5
2013-11-06,75936,30,133,10.73,,133.0,3,0,11,4,310,0,0,0,0,0,0,138.0,133.0,142.0,168.57142857142858,66.68547353773826,249.95566666666667,2,6,45,310,2013,0.9749279121818236,-0.22252093395631434,-0.5000000000000004,0.8660254037844384,-0.8115390590073611,0.5842981736283683,83857.0,84201.0,90593.0,56379.0,57243.0,61703.0,63822.0,83300.57142857143,5031.61928399344,75276.14285714286,11798.330317706443,73913.4,23162.693060921996,71529.41666666667,20253.890359332367,493,0.6904761904761905,0,0,0,0,56811.0,57513.0
2013-11-07,79354,34,133,12.92,,133.0,4,0,11,4,311,0,0,0,0,0,0,133.0,101.0,147.0,168.57142857142858,66.68547353773826,250.12233333333333,3,7,45,311,2013,0.43388373911755823,-0.900968867902419,-0.5000000000000004,0.8660254037844384,-0.801361088174677,0.5981809144059158,75936.0,83857.0,84201.0,82999.0,78497.0,52454.0,69768.0,82779.85714285714,5251.819253953588,75337.35714285714,11818.532758127878,74810.06666666667,22821.476645284496,71951.3,20146.785360179823,494,0.6918767507002801,0,0,0,0,80748.0,70126.0
2013-11-08,90779,28,235,7.88,,235.0,5,0,11,4,312,0,0,0,0,0,1,133.0,174.0,238.0,173.14285714285714,62.229222962175925,249.95566666666667,4,8,45,312,2013,-0.433883739117558,-0.9009688679024191,-0.5000000000000004,0.8660254037844384,-0.7909456567567774,0.6118864012687242,79354.0,75936.0,83857.0,87379.0,79006.0,56547.0,68089.0,83265.57142857143,5869.020016356054,76178.28571428571,12498.909050415004,75951.13333333333,22732.462224959203,72356.6,20278.638451101986,495,0.6932773109243697,0,0,0,0,83192.5,80649.0
2013-11-09,141677,117,1357,9.76,,1225.67,6,1,11,4,313,0,0,0,0,1,1,235.0,275.0,303.0,181.8571428571429,66.4941816287426,252.889,5,9,45,313,2013,-0.9749279121818236,-0.2225209339563146,-0.5000000000000004,0.8660254037844384,-0.780295851070776,0.6254105729852457,90779.0,79354.0,75936.0,78139.0,78151.0,59971.0,68943.0,92342.42857142857,22418.594513313863,80715.85714285714,21535.00132291657,78674.66666666667,25480.334674537517,73814.46666666666,22020.976990339077,496,0.6946778711484594,0,0,0,0,78145.0,77454.5
2013-11-10,154417,131,1040,14.74,,1040.0,7,1,11,4,314,0,0,0,0,1,1,1225.67,244.0,216.0,317.6671428571429,403.7920366853169,287.8113333333333,6,10,45,314,2013,-0.7818314824680299,0.6234898018587334,-0.5000000000000004,0.8660254037844384,-0.7694148268839381,0.6387494220515268,141677.0,90779.0,79354.0,90593.0,52426.0,53673.0,165555.0,101460.14285714286,32362.07451337951,88000.92857142857,27620.174325368273,82032.8,28528.075787993832,74778.46666666666,24193.205351262677,497,0.696078431372549,0,0,0,0,71509.5,76153.0
2013-11-11,120768,74,939,13.76,,939.0,1,0,11,4,315,0,0,0,0,1,1,1040.0,115.0,151.0,431.38142857142856,483.7543092806712,314.71133333333336,0,11,46,315,2013,0.0,1.0,-0.5000000000000004,0.8660254037844384,-0.7583058084785625,0.6518989958787125,154417.0,141677.0,90779.0,84201.0,63916.0,147898.0,106754.0,106684.0,32061.70548593243,92061.78571428571,27983.637694961202,81128.46666666666,26742.281336584954,74984.35,24534.45776435015,498,0.6974789915966386,0,0,0,0,74058.5,71043.0
2013-11-12,85609,27,148,12.75,,148.0,2,0,11,4,316,0,0,0,0,0,1,939.0,138.0,151.0,549.0957142857143,494.0803282819894,305.15566666666666,1,12,46,316,2013,0.7818314824680298,0.6234898018587336,-0.5000000000000004,0.8660254037844384,-0.7469720876965551,0.6648553979642866,120768.0,154417.0,141677.0,83857.0,62387.0,145336.0,144189.0,106934.28571428571,31860.01398678441,93720.5,26750.440104934507,79137.56666666667,23865.930181462423,74308.31666666667,23642.76011124097,499,0.6988795518207283,0,0,0,0,73122.0,70798.5
2013-11-13,83114,27,139,8.37,,139.0,3,0,11,4,317,0,0,0,0,0,0,148.0,133.0,133.0,550.5242857142857,492.7061370248042,276.089,2,13,46,317,2013,0.9749279121818236,-0.22252093395631434,-0.5000000000000004,0.8660254037844384,-0.7354170229639858,0.6776147890466887,85609.0,120768.0,154417.0,75936.0,56379.0,85837.0,56477.0,107959.71428571429,30793.708002957865,95630.14285714286,24759.884605351574,79046.8,23844.741006829176,74438.88333333333,23669.83321680965,500,0.7002801120448179,0,0,0,0,66157.5,66589.5
2013-11-14,83091,34,161,14.34,,161.0,4,0,11,4,318,0,0,0,0,0,0,139.0,133.0,101.0,551.3814285714286,491.863224634267,260.889,3,14,46,318,2013,0.43388373911755823,-0.900968867902419,-0.5000000000000004,0.8660254037844384,-0.7236440382959124,0.690173388242972,83114.0,85609.0,120768.0,79354.0,82999.0,60650.0,67196.0,108493.57142857143,30242.5906951171,95636.71428571429,24756.286292354256,79794.83333333333,23598.440351858684,74594.45,23695.934488191164,501,0.7016806722689075,0,0,0,0,81176.5,78925.5
2013-11-15,91105,38,207,13.36,,207.0,5,0,11,4,319,0,0,0,0,0,0,161.0,235.0,174.0,555.3814285714286,487.9923548727849,261.65566666666666,4,15,46,319,2013,-0.433883739117558,-0.9009688679024191,-0.5000000000000004,0.8660254037844384,-0.711656622281775,0.7025274741691566,83091.0,83114.0,85609.0,90779.0,87379.0,58647.0,73558.0,108540.14285714286,30210.99950033971,95902.85714285714,24680.595279746263,80876.76666666666,23338.053022364897,74875.88333333333,23791.483442818153,502,0.7030812324929971,0,0,0,0,89079.0,84892.5
2013-11-16,119514,31,382,9.67,,382.0,6,1,11,4,320,0,0,0,0,0,0,207.0,1225.67,275.0,551.3814285714286,491.1606306300951,263.65566666666666,5,16,46,320,2013,-0.9749279121818236,-0.2225209339563146,-0.5000000000000004,0.8660254037844384,-0.6994583270516471,0.7146733860429608,91105.0,83091.0,83114.0,141677.0,78139.0,57253.0,67597.0,105374.0,27167.47430292339,98858.21428571429,24866.360855205872,82952.13333333333,23925.758656560025,75981.33333333333,24302.081586693985,503,0.7044817927170869,0,0,0,0,109908.0,109914.0
2013-11-17,103826,35,286,11.35,,286.0,7,1,11,4,321,0,0,0,0,0,0,382.0,1040.0,244.0,430.8571428571428,391.5300876354328,271.9556666666667,6,17,46,321,2013,-0.7818314824680299,0.6234898018587334,-0.5000000000000004,0.8660254037844384,-0.6870527672236675,0.7266075247685652,119514.0,91105.0,83091.0,154417.0,90593.0,73919.0,144419.0,98146.71428571429,16633.173697106,99803.42857142857,24779.370817474086,83949.03333333334,24158.330051162946,76735.71666666666,24454.26740693514,504,0.7058823529411765,0,0,0,0,122505.0,103421.5
2013-11-18,101386,15,161,9.49,,161.0,1,0,11,4,322,0,0,0,0,0,0,286.0,939.0,115.0,323.1428571428572,285.33222073659374,275.389,0,18,47,322,2013,0.0,1.0,-0.5000000000000004,0.8660254037844384,-0.6744436188329457,0.7383263540031063,103826.0,119514.0,91105.0,120768.0,84201.0,76770.0,82361.0,95377.85714285714,13571.28843586812,101030.92857142857,24369.271323547116,84769.56666666667,24323.56134127961,77342.08333333333,24609.01134750065,505,0.7072829131652661,0,0,0,0,102484.5,92342.0
2013-11-19,97977,28,139,16.88,,139.0,2,0,11,4,323,0,0,0,0,0,0,161.0,148.0,138.0,212.0,90.39542761297878,271.4223333333333,1,19,47,323,2013,0.7818314824680298,0.6234898018587336,-0.5000000000000004,0.8660254037844384,-0.661634618242279,0.749826401204568,101386.0,103826.0,119514.0,85609.0,83857.0,61713.0,76179.0,97144.71428571429,12874.727851030444,102039.5,23891.32387016733,85978.36666666667,24037.634686958732,77731.18333333333,24749.582710053008,506,0.7086834733893558,0,0,0,0,84733.0,73998.0
2013-11-20,83951,26,143,13.2,,143.0,3,0,11,4,324,0,0,0,0,0,0,139.0,139.0,133.0,210.7142857142857,91.51450574583636,269.0556666666667,2,20,47,324,2013,0.9749279121818236,-0.22252093395631434,-0.5000000000000004,0.8660254037844384,-0.6486295610349818,0.7611042586607742,97977.0,101386.0,103826.0,83114.0,75936.0,57885.0,76429.0,97264.28571428571,12725.727061276262,102612.0,23306.57247017864,86847.23333333334,23451.088972117366,78057.25,24699.6220849598,507,0.7100840336134454,0,0,0,0,79525.0,69746.5
2013-11-21,93162,32,171,11.26,,171.0,4,0,11,4,325,0,0,0,0,0,0,143.0,161.0,133.0,211.28571428571428,91.00313966326316,270.32233333333335,3,21,47,325,2013,0.43388373911755823,-0.900968867902419,-0.5000000000000004,0.8660254037844384,-0.6354323008901775,0.7721565844991641,83951.0,97977.0,101386.0,83091.0,79354.0,57740.0,85711.0,98703.0,11351.374395493714,103598.28571428571,22525.714309270057,88027.96666666666,22818.228462596926,78448.28333333334,24750.73837562637,508,0.711484593837535,0,0,0,0,81222.5,83045.0
2013-11-22,97410,35,221,13.04,,221.0,5,0,11,4,326,0,0,0,0,0,0,171.0,207.0,235.0,212.7142857142857,90.15674181800298,272.35566666666665,4,22,47,326,2013,-0.433883739117558,-0.9009688679024191,-0.5000000000000004,0.8660254037844384,-0.622046748440868,0.7829801036770624,93162.0,83951.0,97977.0,91105.0,90779.0,57243.0,71897.0,99603.71428571429,10888.72081122321,104071.92857142857,22304.055400357003,89366.86666666667,22117.24536650763,79116.61666666667,24711.646697692675,509,0.7128851540616247,0,0,0,0,90942.0,89242.0
2013-11-23,142896,51,471,16.66,,471.0,6,1,11,4,327,0,0,0,0,0,0,221.0,382.0,1225.67,214.7142857142857,90.16413604405793,274.989,5,23,47,327,2013,-0.9749279121818236,-0.2225209339563146,-0.5000000000000004,0.8660254037844384,-0.6084768701151264,0.7935716089521472,97410.0,93162.0,83951.0,119514.0,141677.0,78497.0,252073.0,102944.0,18757.600281841398,104159.0,22463.95834699177,91513.5,24065.268154792575,80578.68333333333,25840.27542323946,510,0.7142857142857143,0,0,0,0,130595.5,98826.5
2013-11-24,97584,100,327,12.85,,327.0,7,1,11,4,328,0,0,0,0,0,0,471.0,286.0,1040.0,227.42857142857144,119.26421249038768,285.789,6,24,47,328,2013,-0.7818314824680299,0.6234898018587334,-0.5000000000000004,0.8660254037844384,-0.594726686960764,0.8039279618328208,142896.0,97410.0,93162.0,103826.0,154417.0,79006.0,100190.0,102052.28571428571,18856.789252276358,100099.5,17202.04151010516,92132.76666666666,23971.1647807044,81350.95,25640.466647717534,511,0.7156862745098039,0,0,0,0,129121.5,97209.5
2013-11-25,106213,29,180,15.16,,180.0,1,0,11,4,329,0,0,0,0,0,0,327.0,161.0,939.0,233.28571428571428,123.54987425558716,288.7556666666667,0,25,48,329,2013,0.0,1.0,-0.5000000000000004,0.8660254037844384,-0.5808002734538013,0.8140460935082175,97584.0,142896.0,97410.0,101386.0,120768.0,78151.0,103886.0,102741.85714285714,18916.527389460087,99059.85714285714,16271.468672103607,93068.16666666667,23954.266385650757,82202.11666666667,25603.354543915055,512,0.7170868347338936,0,0,0,0,111077.0,92793.5
2013-11-26,96561,27,175,14.42,,175.0,2,0,11,4,330,0,0,0,0,0,0,180.0,139.0,148.0,236.0,121.89476335484356,284.65566666666666,1,26,48,330,2013,0.7818314824680298,0.6234898018587336,-0.5000000000000004,0.8660254037844384,-0.5667017562911184,0.8239230057575536,106213.0,97584.0,142896.0,97977.0,85609.0,52426.0,77744.0,102539.57142857143,18983.425866240552,99842.14285714286,15832.391679266613,94539.33333333333,22694.282810850313,82619.98333333334,25630.12792146983,513,0.7184873949579832,0,0,0,0,91793.0,90917.0
2013-11-27,125205,55,360,24.71,,360.0,3,0,11,4,331,0,0,0,0,0,0,175.0,143.0,139.0,241.14285714285717,117.81118873212412,283.289,2,27,48,331,2013,0.9749279121818236,-0.22252093395631434,-0.5000000000000004,0.8660254037844384,-0.5524353131676203,0.8335557718385695,96561.0,106213.0,97584.0,83951.0,83114.0,63916.0,67053.0,108433.0,18651.550016017496,102848.64285714286,16397.789037677383,96582.3,22600.93595887673,83313.46666666666,26213.264809670774,514,0.7198879551820728,0,0,0,0,83532.5,79943.5
2013-11-28,144955,66,808,20.16,,808.0,4,0,11,4,332,0,0,0,0,0,0,360.0,171.0,161.0,272.1428571428572,116.22166833459328,290.2556666666667,3,28,48,332,2013,0.43388373911755823,-0.900968867902419,-0.5000000000000004,0.8660254037844384,-0.5380051715382992,0.8429415373547832,125205.0,96561.0,106213.0,93162.0,83091.0,62387.0,89181.0,115832.0,21620.66351124932,107267.5,18820.50843648198,99334.56666666667,23309.47512639061,84698.23333333334,27235.862021978104,515,0.7212885154061625,0,0,0,0,88126.5,86258.0
2013-11-29,241814,184,1681,22.28,,1225.67,5,0,11,4,333,1,0,0,0,0,0,808.0,221.0,207.0,363.1428571428572,223.6033903823381,312.15566666666666,4,29,48,333,2013,-0.433883739117558,-0.9009688679024191,-0.5000000000000004,0.8660254037844384,-0.5234156073655503,0.8520775211013093,144955.0,125205.0,96561.0,97410.0,91105.0,56379.0,101655.0,136461.14285714287,50592.95411889079,118032.42857142857,40022.986306360486,105515.73333333334,33766.75617959122,87717.16666666667,33780.772196754806,516,0.7226890756302521,1,0,0,1,94257.5,94094.5
2013-11-30,144977,44,545,25.13,,545.0,6,1,11,4,334,0,0,0,0,0,0,1225.67,471.0,382.0,506.6671428571429,382.8717786550433,348.57800000000003,5,30,48,334,2013,-0.9749279121818236,-0.2225209339563146,-0.5000000000000004,0.8660254037844384,-0.5086709438521042,0.8609610158889945,241814.0,144955.0,125205.0,142896.0,119514.0,82999.0,102925.0,136758.42857142858,50643.15653622292,119851.21428571429,40668.846291023,107581.66666666667,34234.36805854351,89228.81666666667,34284.62598204236,517,0.7240896358543417,0,0,0,0,131205.0,142286.5
2013-12-01,89741,48,388,18.6,,388.0,7,1,12,4,335,0,0,0,0,0,0,545.0,327.0,286.0,517.2385714285714,382.7444252774332,363.378,6,1,48,335,2013,-0.7818314824680299,0.6234898018587334,-2.4492935982947064e-16,1.0,-0.49377555015997737,0.8695893893466109,144977.0,241814.0,144955.0,97584.0,103826.0,87379.0,115844.0,135638.0,51729.409813631784,118845.14285714286,41265.61500041694,107660.4,34188.98915975032,89651.36666666667,34129.16204057892,518,0.7254901960784313,0,0,0,0,100705.0,126000.5
2013-12-02,95841,25,184,14.53,,184.0,1,0,12,4,336,0,0,0,0,0,0,388.0,180.0,161.0,525.9528571428572,378.36051884916566,370.5113333333333,0,2,49,336,2013,0.0,1.0,-2.4492935982947064e-16,1.0,-0.4787338401157883,0.8779600847008883,89741.0,144977.0,241814.0,106213.0,101386.0,78139.0,93857.0,134156.2857142857,52849.14581685711,118449.07142857143,41472.17367467247,108250.46666666666,33812.59824969697,90230.26666666666,33930.788372137846,519,0.726890756302521,0,0,0,0,103799.5,113490.5
2013-12-03,116226,30,139,17.02,,139.0,2,0,12,4,337,0,0,0,0,0,0,184.0,175.0,139.0,526.5242857142857,377.7534876899287,367.478,1,3,49,337,2013,0.7818314824680298,0.6234898018587336,-2.4492935982947064e-16,1.0,-0.4635502709028512,0.8860706215341378,95841.0,89741.0,144977.0,96561.0,97977.0,90593.0,107839.0,136965.57142857142,51008.2318776657,119752.57142857143,41064.00653710156,109104.9,33674.60084739005,91069.48333333334,33940.83841063255,520,0.7282913165266106,0,0,0,0,97269.0,91085.0
2013-12-04,101852,20,208,16.48,,208.0,3,0,12,4,338,0,0,0,0,0,0,139.0,360.0,143.0,521.3814285714286,383.5376536242815,363.978,2,4,49,338,2013,0.9749279121818236,-0.22252093395631434,-2.4492935982947064e-16,1.0,-0.4482293417404106,0.893918596519257,116226.0,95841.0,89741.0,125205.0,83951.0,84201.0,95985.0,133629.42857142858,52643.108491226514,121031.21428571429,40131.584705198824,109693.26666666666,33377.36099765565,91379.31666666667,33953.207151623785,521,0.7296918767507002,0,0,0,0,104578.0,104159.5
2013-12-05,115283,37,184,19.41,,184.0,4,0,12,4,339,0,0,0,0,0,0,208.0,808.0,171.0,499.6671428571429,398.21898777407614,367.078,3,5,49,339,2013,0.43388373911755823,-0.900968867902419,-2.4492935982947064e-16,1.0,-0.4327755925504317,0.9015016841318838,101852.0,116226.0,95841.0,144955.0,93162.0,83857.0,90907.0,129390.57142857143,52773.61830453147,122611.28571428571,39378.31234893832,110740.8,33029.877409442,92089.88333333333,34000.66382507087,522,0.7310924369747899,0,0,0,0,119058.5,114023.0
2013-12-06,117310,38,259,13.27,,259.0,5,0,12,4,340,0,0,0,0,0,0,184.0,1225.67,221.0,410.5242857142857,387.3890432049393,368.6113333333333,4,6,49,340,2013,-0.433883739117558,-0.9009688679024191,-2.4492935982947064e-16,1.0,-0.41719360261231697,0.9088176373395028,115283.0,101852.0,116226.0,241814.0,97410.0,75936.0,98244.0,111604.28571428571,18270.09364794725,124032.71428571429,38752.84772152198,112119.93333333333,32383.97393766569,93016.66666666667,33916.1026845765,523,0.7324929971988795,0,0,0,0,169612.0,166459.5
2013-12-07,136692,64,393,16.12,,393.0,6,1,12,4,341,0,0,0,0,0,0,259.0,545.0,471.0,272.42857142857144,144.58314464101883,372.8113333333333,5,7,49,341,2013,-0.9749279121818236,-0.2225209339563146,-2.4492935982947064e-16,1.0,-0.4014879892059737,0.9158642882672868,117310.0,115283.0,101852.0,144977.0,142896.0,79354.0,116818.0,110420.71428571429,15856.793451748981,123589.57142857143,38555.52079936009,114031.2,32074.0109298953,94420.63333333333,33952.049120141484,524,0.7338935574229691,0,0,0,0,143936.5,132245.5
2013-12-08,114174,47,374,17.13,,374.0,7,1,12,4,342,0,0,0,0,0,0,393.0,388.0,327.0,250.7142857142857,101.9537710365412,381.478,6,8,49,342,2013,-0.7818314824680299,0.6234898018587334,-2.4492935982947064e-16,1.0,-0.38566340624360745,0.9226395488404875,136692.0,117310.0,115283.0,89741.0,97584.0,90779.0,95923.0,113911.14285714286,12972.935422493663,124774.57142857143,37944.86940430667,114811.03333333334,31772.16007709228,95381.08333333333,33676.47478143764,525,0.7352941176470589,0,0,0,0,93662.5,96783.5
2013-12-09,107161,28,194,15.51,,194.0,1,0,12,4,343,0,0,0,0,0,0,374.0,184.0,180.0,248.7142857142857,98.9035123840645,386.1113333333333,0,9,50,343,2013,0.0,1.0,-2.4492935982947064e-16,1.0,-0.3697245428906732,0.9291414114031743,114174.0,136692.0,117310.0,95841.0,106213.0,141677.0,123381.0,115528.28571428571,10882.023627896397,124842.28571428571,37910.02734700344,113660.5,31388.371204624797,96167.58333333333,33385.262598780784,526,0.7366946778711485,0,0,0,0,101027.0,98613.5
2013-12-10,113194,23,203,20.43,,203.0,2,0,12,4,344,0,0,0,0,0,0,194.0,139.0,175.0,250.14285714285717,97.87990698032068,351.7223333333333,1,10,50,344,2013,0.7818314824680298,0.6234898018587336,-2.4492935982947064e-16,1.0,-0.3536761221763721,0.935367949313148,107161.0,114174.0,136692.0,116226.0,96561.0,154417.0,102663.0,115095.14285714286,10909.929917718266,126030.35714285714,37209.6994191385,112286.4,30430.331037894914,97159.6,32983.055021981425,527,0.7380952380952381,0,0,0,0,106393.5,107101.5
2013-12-11,124350,25,236,17.18,,236.0,3,0,12,4,345,0,0,0,0,0,0,203.0,208.0,360.0,259.2857142857143,88.28687008027568,323.82233333333335,2,11,50,345,2013,0.9749279121818236,-0.22252093395631434,-2.4492935982947064e-16,1.0,-0.33752289959411347,0.941317317512847,113194.0,107161.0,114174.0,101852.0,125205.0,120768.0,124714.0,118309.14285714286,9592.72641863913,125969.28571428571,37211.859845254396,112405.8,30471.75717848966,96767.13333333333,32505.729353905932,528,0.7394957983193278,0,0,0,0,113528.5,92901.5
2013-12-12,109785,55,255,14.2,,255.0,4,0,12,4,346,0,0,0,0,0,0,236.0,184.0,808.0,263.2857142857143,86.18529318801912,300.389,3,12,50,346,2013,0.43388373911755823,-0.900968867902419,-2.4492935982947064e-16,1.0,-0.32126966169236515,0.9469877530760751,124350.0,113194.0,107161.0,115283.0,144955.0,85609.0,109979.0,117523.71428571429,10093.79004989843,123457.14285714286,37018.201722223785,113211.66666666667,30055.482631791052,96174.61666666667,31924.218927090533,529,0.7408963585434174,0,0,0,0,130119.0,104222.5
2013-12-13,121560,40,306,15.76,,306.0,5,0,12,4,347,0,0,0,0,0,0,255.0,259.0,1225.67,273.42857142857144,79.19355433126556,303.9556666666667,4,13,50,347,2013,-0.433883739117558,-0.9009688679024191,-2.4492935982947064e-16,1.0,-0.3049212246562894,0.9523775757303973,109785.0,124350.0,113194.0,117310.0,241814.0,83114.0,106397.0,118130.85714285714,10205.98808589956,114867.57142857143,14615.15956761373,114493.2,29543.17959144585,96770.0,32060.97791365173,530,0.742296918767507,0,0,0,0,179562.0,107360.0
2013-12-14,139549,94,643,28.73,,643.0,6,1,12,4,348,0,0,0,0,0,0,306.0,393.0,545.0,280.1428571428572,79.75677311139741,309.52233333333334,5,14,50,348,2013,-0.9749279121818236,-0.2225209339563146,-2.4492935982947064e-16,1.0,-0.2884824328806098,0.9574851883550389,121560.0,109785.0,124350.0,136692.0,144977.0,83091.0,104054.0,118539.0,11090.746232783435,114479.85714285714,13804.481640490354,116375.13333333333,29270.809931578315,98084.98333333334,32172.234990560668,531,0.7436974789915967,0,0,0,0,140834.5,139794.0
2013-12-15,138108,32,473,24.8,,473.0,7,1,12,4,349,0,0,0,0,0,0,643.0,374.0,388.0,315.85714285714283,157.14476189321834,325.589,6,15,50,349,2013,-0.7818314824680299,0.6234898018587334,-2.4492935982947064e-16,1.0,-0.27195815753410524,0.9623090774541487,139549.0,121560.0,109785.0,114174.0,89741.0,91105.0,115390.0,121958.14285714286,13038.95882127315,117934.64285714286,13174.885009611344,117941.9,29129.15604723465,99409.33333333333,32156.756601177112,532,0.7450980392156863,0,0,0,0,101957.5,105879.0
2013-12-16,112943,27,292,20.49,,292.0,1,0,12,4,350,0,0,0,0,0,0,473.0,194.0,184.0,330.0,167.3718415186182,334.4556666666667,0,16,51,350,2013,0.0,1.0,-2.4492935982947064e-16,1.0,-0.2553532951161881,0.9668478136052773,138108.0,139549.0,121560.0,107161.0,95841.0,119514.0,115025.0,122784.14285714286,12094.269406466443,119156.21428571429,11676.422214007958,117722.86666666667,29141.62946209007,100337.5,31720.08848679607,533,0.7464985994397759,0,0,0,0,101501.0,106687.0
2013-12-17,120258,25,292,17.58,,292.0,2,0,12,4,351,0,0,0,0,0,0,292.0,203.0,139.0,344.0,157.93247502229173,331.4556666666667,1,17,51,351,2013,0.7818314824680298,0.6234898018587336,-2.4492935982947064e-16,1.0,-0.23867276600594997,0.9711000518829505,112943.0,138108.0,139549.0,113194.0,116226.0,103826.0,119704.0,123793.28571428571,11437.58488076751,119444.21428571429,11648.279583622641,118270.6,29025.61657380708,101109.81666666667,31629.951906537735,534,0.7478991596638656,0,0,0,0,114710.0,104877.5
2013-12-18,117331,36,394,19.5,,394.0,3,0,12,4,352,0,0,0,0,0,0,292.0,236.0,208.0,356.7142857142857,147.95687917511046,331.65566666666666,2,18,51,352,2013,0.9749279121818236,-0.22252093395631434,-2.4492935982947064e-16,1.0,-0.22192151300416674,0.9750645322571945,120258.0,112943.0,138108.0,124350.0,101852.0,101386.0,123221.0,122790.57142857143,11685.62679615635,120549.85714285714,10531.04147714769,118802.1,28851.23822759651,101785.83333333333,31534.23154807624,535,0.7492997198879552,0,0,0,0,113101.0,124777.5
2013-12-19,135283,41,352,19.16,,352.0,4,0,12,4,353,0,0,0,0,0,0,394.0,255.0,184.0,379.2857142857143,138.20240505108777,339.4223333333333,3,19,51,353,2013,0.43388373911755823,-0.900968867902419,-2.4492935982947064e-16,1.0,-0.20510449986861926,0.9787400799669153,117331.0,120258.0,112943.0,109785.0,115283.0,97977.0,123225.0,126433.14285714286,10903.828370937279,121978.42857142857,11102.63702365881,120045.63333333333,28726.395702095007,103012.0,31379.5995810082,536,0.7507002801120448,0,0,0,0,112534.0,127370.0
2013-12-20,121315,33,496,19.58,,496.0,5,0,12,4,354,0,0,0,0,0,0,352.0,306.0,259.0,393.1428571428572,128.1619139622859,346.52233333333334,4,20,51,354,2013,-0.433883739117558,-0.9009688679024191,-2.4492935982947064e-16,1.0,-0.1882267098432439,0.9821256058680006,135283.0,117331.0,120258.0,121560.0,117310.0,83951.0,95441.0,126398.14285714286,10922.454919851582,122264.5,11024.418113023821,121291.1,27905.766065086256,104069.16666666667,30898.295307136425,537,0.7521008403361344,0,0,0,0,119435.0,181687.0
2013-12-21,136778,56,719,24.41,,719.0,6,1,12,4,355,0,0,0,0,0,0,496.0,643.0,393.0,420.2857142857143,126.74214543146896,358.289,5,21,51,355,2013,-0.9749279121818236,-0.2225209339563146,-2.4492935982947064e-16,1.0,-0.1712931441814778,0.9852201067560606,121315.0,135283.0,117331.0,139549.0,136692.0,93162.0,127238.0,126002.28571428571,10404.322814969497,122270.64285714286,11033.09611757094,122744.96666666666,27523.286421004545,105386.46666666666,30572.76229236269,538,0.7535014005602241,0,0,0,0,138120.5,142263.0
2013-12-22,146999,50,747,22.5,,747.0,7,1,12,4,356,0,0,0,0,0,0,719.0,473.0,374.0,431.1428571428572,150.1026632802021,376.5556666666667,6,22,51,356,2013,-0.7818314824680299,0.6234898018587334,-2.4492935982947064e-16,1.0,-0.154308820664281,0.9880226656636976,136778.0,121315.0,135283.0,138108.0,114174.0,97410.0,153805.0,127272.42857142857,12466.758812366339,124615.28571428571,12562.008808176419,124397.93333333333,27438.229182749154,106882.4,30372.398936523365,539,0.7549019607843137,0,0,0,0,126141.0,113924.5
2013-12-23,151487,28,668,19.92,,668.0,1,0,12,4,357,0,0,0,0,0,0,747.0,292.0,194.0,470.2857142857143,192.55883454649648,394.089,0,23,52,357,2013,0.0,1.0,-2.4492935982947064e-16,1.0,-0.13727877211326517,0.9905324521322227,146999.0,136778.0,121315.0,112943.0,107161.0,142896.0,136464.0,132778.7142857143,13548.057188077848,127781.42857142857,13383.535635619193,124684.3,27681.697604847443,108098.9,30676.41988630162,540,0.7563025210084033,0,0,0,0,110052.0,104392.0
2013-12-24,104938,28,329,22.51,,329.0,2,0,12,4,358,0,0,0,0,0,0,668.0,292.0,203.0,524.0,186.8965845951541,400.65566666666666,1,24,52,358,2013,0.7818314824680298,0.6234898018587336,-2.4492935982947064e-16,1.0,-0.12020804489935275,0.9927487224577402,151487.0,146999.0,136778.0,120258.0,113194.0,97584.0,92521.0,130590.14285714286,16763.587985358514,127191.71428571429,14230.811141963779,124929.43333333333,27465.15188842095,108531.1,30441.36017067374,541,0.757703081232493,0,1,0,1,116726.0,118242.0
2013-12-25,0,0,0,0.0,,0.0,3,0,12,4,359,0,0,0,0,0,0,329.0,394.0,236.0,529.2857142857143,179.623415590985,400.7223333333333,2,25,52,359,2013,0.9749279121818236,-0.22252093395631434,-2.4492935982947064e-16,1.0,-0.10310169744743544,0.9946708199115211,104938.0,151487.0,146999.0,117331.0,124350.0,106213.0,0.0,113828.57142857143,52595.05030215023,118309.57142857143,36896.81057034246,121389.0,35601.588917466666,107228.58333333333,33300.92998767135,542,0.7591036414565826,0,1,0,1,120840.5,109591.5
2013-12-26,132462,47,669,17.65,,669.0,4,0,12,4,360,0,0,0,0,0,0,0.0,352.0,255.0,473.0,268.7167033637227,394.7223333333333,3,26,52,360,2013,0.43388373911755823,-0.900968867902419,-2.4492935982947064e-16,1.0,-0.0859647987374467,0.9962981749346077,0.0,104938.0,151487.0,135283.0,109785.0,96561.0,124572.0,113425.57142857143,52413.756447638625,119929.35714285714,36991.43479781634,122585.7,35340.676909535105,108562.51666666666,32665.433923956974,543,0.7605042016806722,0,1,0,1,122534.0,125283.0
2013-12-27,97911,50,437,20.56,,437.0,5,0,12,4,361,0,0,0,0,0,0,669.0,496.0,306.0,518.2857142857143,271.6221114500285,411.189,4,27,52,361,2013,-0.433883739117558,-0.9009688679024191,-2.4492935982947064e-16,1.0,-0.06880242680232064,0.9976303053065857,132462.0,0.0,104938.0,121315.0,121560.0,125205.0,104057.0,110082.14285714286,52572.83904396695,118240.14285714286,37448.3871026965,121675.9,35621.132769989934,109129.1,32168.962351984457,544,0.7619047619047619,0,1,0,1,121437.5,119312.5
2013-12-28,120220,40,572,17.78,,572.0,6,1,12,4,362,0,0,0,0,0,0,437.0,719.0,643.0,509.8571428571428,273.33887915396,413.7556666666667,5,28,52,362,2013,-0.9749279121818236,-0.2225209339563146,-2.4492935982947064e-16,1.0,-0.05161966722325418,0.9986668162884759,97911.0,132462.0,0.0,136778.0,139549.0,144955.0,103119.0,107716.71428571429,51533.744645989915,116859.5,36955.40769370148,120851.4,35348.94869197096,110092.98333333334,31606.190681676602,545,0.7633053221288515,0,1,0,1,138163.5,136735.0
2013-12-29,103940,35,456,22.68,,456.0,7,1,12,4,363,0,0,0,0,0,0,572.0,747.0,473.0,488.8571428571428,259.9098744894913,405.889,6,29,52,363,2013,-0.7818314824680299,0.6234898018587334,-2.4492935982947064e-16,1.0,-0.034421611622745804,0.9994074007397048,120220.0,97911.0,132462.0,146999.0,138108.0,241814.0,114553.0,101565.42857142857,48546.64151053479,114418.92857142857,36570.43082025585,116255.6,27074.164142986723,110885.66666666667,30822.920280188795,546,0.7647058823529411,0,1,0,1,142553.5,130586.5
2013-12-30,124161,29,544,16.09,,544.0,1,0,12,4,364,0,0,0,0,0,0,456.0,668.0,292.0,447.2857142857143,233.6890485850197,380.23333333333335,0,30,1,364,2013,0.0,1.0,-2.4492935982947064e-16,1.0,-0.01721335615583528,0.9998518392091162,103940.0,120220.0,97911.0,151487.0,112943.0,144977.0,103833.0,97661.71428571429,44818.86148603912,115220.21428571429,36658.396144316306,115561.73333333334,26574.83484223303,111571.7,30649.307303976108,547,0.7661064425770309,0,1,0,1,132215.0,129324.0
2013-12-31,107762,29,428,17.68,,428.0,2,0,12,4,365,0,0,0,0,0,0,544.0,329.0,292.0,429.57142857142856,218.3673183291995,380.2,1,31,1,365,2013,0.7818314824680298,0.6234898018587336,-2.4492935982947064e-16,1.0,6.432490598706546e-16,1.0,124161.0,103940.0,120220.0,104938.0,120258.0,89741.0,101981.0,98065.14285714286,44907.89504615184,114327.64285714286,36678.421874043706,116162.43333333333,26171.67059836273,111911.41666666667,30489.15475160828,548,0.7675070028011205,0,1,0,1,112598.0,109066.0
2014-01-01,68144,20,251,20.35,,251.0,3,0,1,1,1,0,0,0,0,0,0,428.0,0.0,394.0,443.7142857142857,213.92889339350975,381.53333333333336,2,1,1,1,2014,0.9749279121818236,-0.22252093395631434,0.49999999999999994,0.8660254037844387,0.017213356155834685,0.9998518392091162,107762.0,124161.0,103940.0,0.0,117331.0,95841.0,90940.0,107800.0,21273.789295750743,110814.28571428571,38670.28616875784,115239.2,27374.146126692714,111744.83333333333,30703.356666363445,549,0.7689075630252101,0,0,1,1,58665.5,62175.0
2014-01-02,102768,31,279,18.13,,279.0,4,0,1,1,2,0,0,0,0,0,0,251.0,669.0,352.0,479.57142857142856,132.82175668021907,383.76666666666665,3,2,1,2,2014,0.43388373911755823,-0.900968867902419,0.49999999999999994,0.8660254037844387,0.03442161162274574,0.9994074007397048,68144.0,107762.0,124161.0,132462.0,135283.0,116226.0,92188.0,103558.0,18287.470656162342,108491.78571428571,38059.25750959044,114790.6,27467.53080375411,111947.75,30601.258281776092,550,0.7703081232492998,0,0,0,0,133872.5,121123.5
2014-01-03,96437,34,284,13.3,,284.0,5,0,1,1,3,0,0,0,0,0,0,279.0,437.0,496.0,423.8571428571428,121.42683472147506,388.4333333333333,4,3,1,3,2014,-0.433883739117558,-0.9009688679024191,0.49999999999999994,0.8660254037844387,0.051619667223253764,0.998666816288476,102768.0,68144.0,107762.0,97911.0,121315.0,101852.0,61243.0,103347.42857142857,18371.62280853399,106714.78571428571,37995.20910725974,114610.1,27573.076611383975,112151.68333333333,30453.629490346706,551,0.7717086834733894,0,0,0,0,109613.0,109735.5
2014-01-04,91232,32,348,21.24,,348.0,6,1,1,1,4,0,0,0,0,0,0,284.0,572.0,719.0,402.0,131.97853360805897,390.9666666666666,5,4,1,4,2014,-0.9749279121818236,-0.2225209339563146,0.49999999999999994,0.8660254037844387,0.06880242680231986,0.9976303053065857,96437.0,102768.0,68144.0,120220.0,136778.0,115283.0,88401.0,99206.28571428571,17161.758075386508,103461.5,37163.89122780747,113808.4,27900.539569124543,112274.6,30352.205664805446,552,0.773109243697479,0,0,0,0,128499.0,129884.5
2014-01-05,78289,30,219,18.99,,219.0,7,1,1,1,5,0,0,0,0,0,0,348.0,456.0,747.0,370.0,109.05503197927268,396.4333333333333,6,5,1,5,2014,-0.7818314824680299,0.6234898018587334,0.49999999999999994,0.8660254037844387,0.08596479873744647,0.9962981749346078,91232.0,96437.0,102768.0,103940.0,146999.0,117310.0,79165.0,95541.85714285714,18656.027510597993,98553.64285714286,35470.39343020322,112507.7,28631.653027965418,112313.81666666667,30305.94331569236,553,0.7745098039215687,0,0,0,0,125469.5,121024.0
2014-01-06,70490,20,154,22.18,,154.0,1,0,1,1,6,0,0,0,0,0,0,219.0,544.0,668.0,336.1428571428572,114.55628685123754,395.1,0,6,2,6,2014,0.0,1.0,0.49999999999999994,0.8660254037844387,0.10310169744743485,0.9946708199115211,78289.0,91232.0,96437.0,124161.0,151487.0,136692.0,86869.0,87874.57142857143,15733.793205042653,92768.14285714286,32667.2667733246,110300.96666666666,29247.983534953783,112166.08333333333,30490.380375907378,554,0.7759103641456583,0,0,0,0,137824.0,118552.0
2014-01-07,80779,21,149,19.35,,149.0,2,0,1,1,7,0,0,0,0,0,0,154.0,428.0,329.0,280.42857142857144,88.48890164470254,387.1333333333333,1,7,2,7,2014,0.7818314824680298,0.6234898018587336,0.49999999999999994,0.8660254037844387,0.1202080448993527,0.9927487224577402,70490.0,78289.0,91232.0,107762.0,104938.0,114174.0,77608.0,84019.85714285714,13141.150728767601,91042.5,32612.997005087454,109187.8,29727.07091640502,111999.41666666667,30636.2501114488,555,0.7773109243697479,0,0,0,0,106350.0,114010.0
2014-01-08,64433,21,154,19.65,,154.0,3,0,1,1,8,0,0,0,0,0,0,149.0,251.0,0.0,240.57142857142856,72.29305439864756,379.6333333333333,2,8,2,8,2014,0.9749279121818236,-0.22252093395631434,0.49999999999999994,0.8660254037844387,0.13727877211326478,0.9905324521322229,80779.0,70490.0,78289.0,68144.0,0.0,107161.0,82376.0,83489.71428571429,13938.99701932534,95644.85714285714,21393.17551807702,107763.53333333334,30830.62279252108,110712.01666666666,30988.945691448065,556,0.7787114845938375,0,0,0,0,34072.0,92737.5
2014-01-09,79258,32,163,17.65,,163.0,4,0,1,1,9,0,0,0,0,0,0,154.0,279.0,669.0,226.7142857142857,78.95085873654692,378.3,3,9,2,9,2014,0.43388373911755823,-0.900968867902419,0.49999999999999994,0.8660254037844387,0.15430882066428117,0.9880226656636976,64433.0,80779.0,70490.0,102768.0,132462.0,113194.0,79878.0,80131.14285714286,11053.422689052291,91844.57142857143,18934.137142755055,106632.33333333333,31244.29813398062,109459.36666666667,30710.140826088627,557,0.7801120448179272,0,0,0,0,117615.0,119025.5
2014-01-10,88518,34,200,16.45,,200.0,5,0,1,1,10,0,0,0,0,0,0,163.0,284.0,437.0,210.14285714285717,78.31864097269312,376.9666666666666,4,10,2,10,2014,-0.433883739117558,-0.9009688679024191,0.49999999999999994,0.8660254037844387,0.1712931441814776,0.9852201067560606,79258.0,64433.0,80779.0,96437.0,97911.0,124350.0,74915.0,78999.85714285714,9385.881798896466,91173.64285714286,18868.946061664894,105437.93333333333,31228.520579457756,108921.86666666667,30790.97751926843,558,0.7815126050420168,0,0,0,0,97174.0,108876.0
2014-01-11,87469,46,294,16.68,,294.0,6,1,1,1,11,0,0,0,0,0,0,200.0,348.0,572.0,198.14285714285717,71.2306782489792,375.76666666666665,5,11,2,11,2014,-0.9749279121818236,-0.2225209339563146,0.49999999999999994,0.8660254037844387,0.1882267098432442,0.9821256058680006,88518.0,79258.0,64433.0,91232.0,120220.0,109785.0,82048.0,78462.28571428571,8647.223479519927,88834.28571428571,16920.401570196267,104694.06666666667,31386.78608293782,108952.86666666667,30768.0363460539,559,0.7829131652661064,0,0,0,0,105726.0,114005.0
2014-01-12,88838,33,233,19.49,,233.0,7,1,1,1,12,0,0,0,0,0,0,294.0,219.0,456.0,190.42857142857144,52.84839052376574,377.06666666666666,6,12,2,12,2014,-0.7818314824680299,0.6234898018587334,0.49999999999999994,0.8660254037844387,0.2051044998686192,0.9787400799669153,87469.0,88518.0,79258.0,78289.0,103940.0,121560.0,79905.0,79969.28571428571,9490.125740548823,87755.57142857143,16355.254454264332,103603.33333333333,31349.005398437625,109048.26666666666,30695.350041414662,560,0.7843137254901961,0,0,0,0,91114.5,112644.0
2014-01-13,76117,21,135,14.27,,135.0,1,0,1,1,13,0,0,0,0,0,0,233.0,154.0,544.0,192.42857142857144,54.35334133506225,374.6333333333333,0,13,3,13,2014,0.0,1.0,0.49999999999999994,0.8660254037844387,0.2219215130041655,0.9750645322571948,88838.0,87469.0,88518.0,70490.0,124161.0,139549.0,81254.0,80773.14285714286,8763.89242723741,84323.85714285714,12778.149504026376,101488.93333333333,30977.929291155386,108932.03333333334,30808.304063240983,561,0.7857142857142857,0,0,0,0,97325.5,110988.5
2014-01-14,93415,18,150,18.06,,150.0,2,0,1,1,14,0,0,0,0,0,0,135.0,149.0,428.0,189.7142857142857,57.002088516458464,357.7,1,14,3,14,2014,0.7818314824680298,0.6234898018587336,0.49999999999999994,0.8660254037844387,0.2386727660059501,0.9711000518829505,76117.0,88838.0,87469.0,80779.0,107762.0,138108.0,64780.0,82578.28571428571,9981.997089999606,83299.07142857143,11236.11655787686,99999.16666666667,30221.584662671066,108970.53333333334,30787.084741774084,562,0.7871148459383753,0,0,0,0,94270.5,92858.5
2014-01-15,67407,21,150,15.94,,150.0,3,0,1,1,15,0,0,0,0,0,0,150.0,154.0,251.0,189.8571428571429,56.88417639211799,346.93333333333334,2,15,3,15,2014,0.9749279121818236,-0.22252093395631434,0.49999999999999994,0.8660254037844387,0.255353295116187,0.9668478136052775,93415.0,76117.0,88838.0,64433.0,68144.0,112943.0,82000.0,83003.14285714286,9105.809380620109,83246.42857142857,11314.038405139156,98481.3,30688.968104527336,108102.08333333333,31216.559305236507,563,0.788515406162465,0,0,0,0,66288.5,32216.5
2014-01-16,81535,36,150,18.26,,150.0,4,0,1,1,16,0,0,0,0,0,0,150.0,163.0,279.0,189.28571428571428,57.322811880653866,342.2,3,16,3,16,2014,0.43388373911755823,-0.900968867902419,0.49999999999999994,0.8660254037844387,0.2719581575341055,0.9623090774541486,67407.0,93415.0,76117.0,79258.0,102768.0,120258.0,70111.0,83328.42857142857,8989.653865363576,81729.78571428571,9820.431622807544,97190.53333333334,30555.512059577643,107730.56666666667,31400.416834848915,564,0.7899159663865546,0,0,0,0,91013.0,105860.0
2014-01-17,62127,24,167,16.7,,167.0,5,0,1,1,17,0,0,0,0,0,1,150.0,200.0,284.0,187.42857142857144,58.5145484555119,337.46666666666664,4,17,3,17,2014,-0.433883739117558,-0.9009688679024191,0.49999999999999994,0.8660254037844387,0.288482432880609,0.9574851883550393,81535.0,67407.0,93415.0,88518.0,96437.0,117331.0,70391.0,79558.28571428571,11604.268908671527,79279.07142857143,10143.639359521832,95350.4,30960.35866494565,107076.25,31939.277242400967,565,0.7913165266106442,0,0,0,0,92477.5,93214.5
2014-01-18,130440,63,1124,17.87,,1124.0,6,1,1,1,18,0,0,0,0,1,1,167.0,294.0,348.0,182.7142857142857,58.66206691924656,329.9,5,18,3,18,2014,-0.9749279121818236,-0.2225209339563146,0.49999999999999994,0.8660254037844387,0.30492122465628907,0.9523775757303974,62127.0,81535.0,67407.0,87469.0,91232.0,135283.0,72639.0,85697.0,22622.02871097105,82079.64285714286,16875.967799516755,95188.96666666666,30756.920227737504,107617.3,32057.266759316357,566,0.7927170868347339,0,0,0,0,89350.5,103844.5
2014-01-19,90582,58,756,18.02,,756.0,7,1,1,1,19,0,0,0,0,1,1,1124.0,233.0,219.0,301.2857142857143,364.2040244541122,355.6333333333333,6,19,3,19,2014,-0.7818314824680299,0.6234898018587334,0.49999999999999994,0.8660254037844387,0.3212696616923644,0.9469877530760753,130440.0,62127.0,81535.0,88838.0,78289.0,121315.0,169665.0,85946.14285714286,22671.935430016903,82957.71428571429,16983.03391138231,94164.53333333334,30366.057917185943,107727.81666666667,31985.644986510913,567,0.7941176470588235,0,0,0,0,83563.5,96389.0
2014-01-20,88217,51,676,19.41,,676.0,1,0,1,1,20,0,0,0,0,1,1,756.0,135.0,154.0,376.0,399.7695169302768,364.3,0,20,4,20,2014,0.0,1.0,0.49999999999999994,0.8660254037844387,0.3375228995941133,0.9413173175128471,90582.0,130440.0,62127.0,76117.0,70490.0,136778.0,87423.0,87674.71428571429,22255.070453826032,84223.92857142857,16639.32953745555,92545.83333333333,29291.452590019144,107645.4,32030.152380191834,568,0.7955182072829131,0,0,0,0,73303.5,100139.0
2014-01-21,72897,17,122,13.5,,122.0,2,0,1,1,21,0,0,0,0,0,1,676.0,150.0,149.0,453.2857142857143,397.7020301204219,362.8666666666667,1,21,4,21,2014,0.7818314824680298,0.6234898018587336,0.49999999999999994,0.8660254037844387,0.3536761221763716,0.9353679493131483,88217.0,90582.0,130440.0,93415.0,80779.0,146999.0,90523.0,84743.57142857143,22719.36668613468,83660.92857142857,16896.219306124553,90075.76666666666,27617.822245144045,107236.85,32317.960093487345,569,0.7969187675070029,0,0,0,0,87097.0,100588.5
2014-01-22,68068,16,140,16.01,,140.0,3,0,1,1,22,0,0,0,0,0,0,122.0,150.0,154.0,449.2857142857143,401.3845680000312,342.03333333333336,2,22,4,22,2014,0.9749279121818236,-0.22252093395631434,0.49999999999999994,0.8660254037844387,0.3697245428906731,0.9291414114031743,72897.0,88217.0,90582.0,67407.0,64433.0,151487.0,58552.0,84838.0,22636.523923370652,83920.57142857143,16603.408666314757,87295.13333333333,25325.892177814858,105989.71666666666,32362.32520563031,570,0.7983193277310925,0,0,0,0,65920.0,67775.5
2014-01-23,63701,37,126,13.16,,126.0,4,0,1,1,23,0,0,0,0,0,0,140.0,150.0,163.0,447.8571428571428,402.6431126822815,324.43333333333334,3,23,4,23,2014,0.43388373911755823,-0.900968867902419,0.49999999999999994,0.8660254037844387,0.38566340624360707,0.9226395488404876,68068.0,72897.0,88217.0,81535.0,79258.0,104938.0,55688.0,82290.28571428571,24030.88400173328,82809.35714285714,17439.02711474433,85920.56666666667,25454.051233252878,105425.0,32804.10026562672,571,0.7997198879551821,0,0,0,0,80396.5,92151.5
2014-01-24,55694,33,201,14.9,,201.0,5,0,1,1,24,0,0,0,0,0,0,126.0,167.0,200.0,444.4285714285714,405.692764352064,317.6666666666667,4,24,4,24,2014,-0.433883739117558,-0.9009688679024191,0.49999999999999994,0.8660254037844387,0.401487989205973,0.9158642882672872,63701.0,68068.0,72897.0,62127.0,88518.0,0.0,55406.0,81371.28571428571,25032.621088719956,80464.78571428571,18768.327339014322,87777.03333333334,20525.224601204496,104583.01666666666,33425.97333775026,572,0.8011204481792717,0,0,0,0,75322.5,79282.0
2014-01-25,68986,28,271,14.39,,271.0,6,1,1,1,25,0,0,0,0,0,0,201.0,1124.0,294.0,449.2857142857143,402.00444205079583,324.3666666666667,5,25,4,25,2014,-0.9749279121818236,-0.2225209339563146,0.49999999999999994,0.8660254037844387,0.4171936026123168,0.9088176373395029,55694.0,63701.0,68068.0,130440.0,87469.0,132462.0,60298.0,72592.14285714286,12688.156202124967,79144.57142857143,18887.426479882426,85661.16666666667,18973.039345496334,104123.43333333333,33726.358387472384,573,0.8025210084033614,0,0,0,0,108954.5,110836.0
2014-01-26,68500,31,248,12.61,,248.0,7,1,1,1,26,0,0,0,0,0,0,271.0,756.0,233.0,327.42857142857144,271.49208530075526,311.1,6,26,4,26,2014,-0.7818314824680299,0.6234898018587334,0.49999999999999994,0.8660254037844387,0.4327755925504312,0.901501684131884,68986.0,55694.0,63701.0,90582.0,88838.0,97911.0,68043.0,69437.57142857143,9911.166040669113,77691.85714285714,18866.642250919285,84680.8,19077.811718292676,103178.35,33919.53923017368,574,0.803921568627451,0,0,0,0,89710.0,84435.5
2014-01-27,56580,18,122,17.63,,122.0,1,0,1,1,27,0,0,0,0,0,0,248.0,676.0,135.0,254.8571428571429,194.94309303950644,304.8,0,27,5,27,2014,0.0,1.0,0.49999999999999994,0.8660254037844387,0.4482293417404106,0.893918596519257,68500.0,68986.0,55694.0,88217.0,76117.0,120220.0,55481.0,64918.0,6570.791403374861,76296.35714285714,19696.38569190228,82559.46666666666,18519.833422080595,101705.43333333333,33993.399678575064,575,0.8053221288515406,0,0,0,0,82167.0,79353.5
2014-01-28,59124,32,135,10.7,,135.0,2,0,1,1,28,0,0,0,0,0,0,122.0,122.0,150.0,175.71428571428572,63.85064417768108,289.8,1,28,5,28,2014,0.7818314824680298,0.6234898018587336,0.49999999999999994,0.8660254037844387,0.4635502709028509,0.886070621534138,56580.0,68500.0,68986.0,72897.0,93415.0,103940.0,50500.0,62950.42857142857,5800.264817435427,73847.0,19535.313058860596,81065.6,18543.227626279197,98660.6,29054.020256371226,576,0.8067226890756303,0,0,0,0,83156.0,76838.0
2014-01-29,53535,16,135,15.42,,135.0,3,0,1,1,29,0,0,0,0,0,0,135.0,140.0,150.0,177.57142857142858,62.19554416745458,279.1,2,29,5,29,2014,0.9749279121818236,-0.22252093395631434,0.49999999999999994,0.8660254037844387,0.47873384011578846,0.8779600847008882,59124.0,56580.0,68500.0,68068.0,67407.0,124161.0,51493.0,60874.28571428572,6246.9539967966375,72856.14285714286,20226.655120474927,78711.4,17326.619085613173,97136.56666666667,28981.519447812894,577,0.8081232492997199,0,0,0,0,67737.5,66250.5
2014-01-30,42290,32,131,13.09,,131.0,4,0,1,1,30,0,0,0,0,0,0,135.0,126.0,150.0,176.85714285714286,62.72540307145319,265.46666666666664,3,30,5,30,2014,0.43388373911755823,-0.900968867902419,0.49999999999999994,0.8660254037844387,0.49377555015997715,0.869589389346611,53535.0,59124.0,56580.0,63701.0,81535.0,107762.0,53103.0,57815.57142857143,9183.697836513305,70052.92857142857,21603.922166923825,76529.0,17661.408410273685,96345.71666666666,29821.987266303768,578,0.8095238095238095,0,0,0,0,72618.0,71479.5
2014-01-31,55382,31,150,7.45,,150.0,5,0,1,1,31,0,0,0,0,0,0,131.0,201.0,167.0,177.57142857142858,62.074839623520525,255.56666666666663,4,31,5,31,2014,-0.433883739117558,-0.9009688679024191,0.49999999999999994,0.8660254037844387,0.5086709438521044,0.8609610158889943,42290.0,53535.0,59124.0,55694.0,62127.0,68144.0,44946.0,57771.0,9196.458865599569,69571.14285714286,21867.870786778712,76103.6,18020.384523816632,95671.4,30287.37884266851,579,0.8109243697478992,0,0,0,0,58910.5,72106.0
2014-02-01,63565,32,267,10.19,,267.0,6,1,2,1,32,0,0,0,0,0,0,150.0,271.0,1124.0,170.28571428571428,61.85928732673455,252.2,5,1,5,32,2014,-0.9749279121818236,-0.2225209339563146,0.8660254037844386,0.5000000000000001,0.5234156073655503,0.8520775211013093,55382.0,42290.0,53535.0,68986.0,130440.0,102768.0,56644.0,56996.57142857143,8276.927446364332,64794.357142857145,13092.151151957862,74796.83333333333,17431.927289896343,94793.71666666666,30444.25396515137,580,0.8123249299719888,0,0,0,0,99713.0,78227.5
2014-02-02,47161,33,150,10.72,,150.0,7,1,2,1,33,0,0,0,0,0,0,267.0,248.0,756.0,169.71428571428572,60.78298634133981,251.8,6,2,5,33,2014,-0.7818314824680299,0.6234898018587334,0.8660254037844386,0.5000000000000001,0.5380051715382996,0.8429415373547828,63565.0,55382.0,42290.0,68500.0,90582.0,96437.0,61963.0,53948.142857142855,7192.6391407828905,61692.857142857145,11567.594031185876,73154.3,17642.811938968112,93882.2,31042.209630420723,581,0.8137254901960784,0,0,0,0,79541.0,78669.0
2014-02-03,59616,20,122,5.98,,122.0,1,0,2,1,34,0,0,0,0,0,0,150.0,122.0,676.0,155.71428571428572,50.09229576729498,247.33333333333331,0,3,6,34,2014,0.0,1.0,0.8660254037844386,0.5000000000000001,0.5524353131676196,0.8335557718385699,47161.0,63565.0,55382.0,56580.0,88217.0,91232.0,57455.0,54381.857142857145,7464.198135735816,59649.92857142857,8690.726237373061,72100.43333333333,17469.14408949513,92954.41666666667,31223.100762580067,582,0.8151260504201681,0,0,0,0,72398.5,66348.5
2014-02-04,47236,22,85,10.2,,85.0,2,0,2,1,35,0,0,0,0,0,0,122.0,135.0,122.0,155.71428571428572,50.09229576729498,239.8,1,4,6,35,2014,0.7818314824680298,0.6234898018587336,0.8660254037844386,0.5000000000000001,0.5667017562911176,0.8239230057575542,59616.0,47161.0,63565.0,59124.0,72897.0,78289.0,45633.0,52683.57142857143,7557.244402054175,57817.0,8382.487853577968,71065.33333333333,18001.683435327635,91786.51666666666,31604.864196261406,583,0.8165266106442577,0,0,0,0,66010.5,76269.5
2014-02-05,49231,20,98,8.57,,98.0,3,0,2,1,36,0,0,0,0,0,0,85.0,135.0,140.0,148.57142857142858,56.67114828216476,235.33333333333331,2,5,6,36,2014,0.9749279121818236,-0.22252093395631434,0.8660254037844386,0.5000000000000001,0.5808002734538009,0.8140460935082178,47236.0,59616.0,47161.0,53535.0,68068.0,70490.0,46066.0,52068.71428571428,7650.932747368789,56471.5,8118.120971960337,70356.7,18438.247220440207,90328.83333333333,31515.44096512042,584,0.8179271708683473,0,0,0,0,60801.5,60471.0
2014-02-06,49080,30,108,11.39,,108.0,4,0,2,1,37,0,0,0,0,0,0,98.0,131.0,126.0,143.28571428571428,59.78771971376298,233.46666666666667,3,6,6,37,2014,0.43388373911755823,-0.900968867902419,0.8660254037844386,0.5000000000000001,0.5947266869607634,0.8039279618328213,49231.0,47236.0,59616.0,42290.0,63701.0,80779.0,53132.0,53038.71428571428,6556.720361946217,55427.142857142855,8056.767827371812,69300.06666666667,18726.414372131778,89243.93333333333,31799.800642092672,585,0.819327731092437,0,0,0,0,52995.5,61912.5
2014-02-07,63110,27,173,12.12,,173.0,5,0,2,1,38,0,0,0,0,0,0,108.0,150.0,201.0,140.0,61.19095793770012,232.1,4,7,6,38,2014,-0.433883739117558,-0.9009688679024191,0.8660254037844386,0.5000000000000001,0.6084768701151261,0.7935716089521474,49080.0,49231.0,47236.0,55382.0,55694.0,64433.0,49638.0,54142.71428571428,7586.738291569055,55956.857142857145,8315.307116370273,69255.96666666666,18739.824369845242,88509.75,31887.522562496608,586,0.8207282913165266,0,0,0,0,55538.0,58754.5
2014-02-08,68709,62,323,11.92,,323.0,6,1,2,1,39,0,0,0,0,0,0,173.0,267.0,271.0,143.28571428571428,62.42252340759289,232.7333333333333,5,8,6,39,2014,-0.9749279121818236,-0.2225209339563146,0.8660254037844386,0.5000000000000001,0.6220467484408675,0.7829801036770629,63110.0,49080.0,49231.0,63565.0,68986.0,79258.0,56361.0,54877.57142857143,8803.112079583703,55937.07142857143,8282.183960064476,68904.33333333333,18644.402531245894,87768.33333333333,31820.952269607427,587,0.8221288515406162,0,0,0,0,66275.5,97002.5
2014-02-09,72905,33,230,9.29,,230.0,7,1,2,1,40,0,0,0,0,0,0,323.0,150.0,248.0,151.28571428571428,81.5714702693584,238.06666666666663,6,9,6,40,2014,-0.7818314824680299,0.6234898018587334,0.8660254037844386,0.5000000000000001,0.6354323008901774,0.7721565844991642,68709.0,63110.0,49080.0,47161.0,68500.0,88518.0,80969.0,58555.28571428572,10293.463325727327,56251.71428571428,8859.705017042534,68383.9,18292.623833496247,86910.91666666667,31510.126900159026,588,0.8235294117647058,0,0,0,0,57830.5,68871.5
2014-02-10,51029,27,117,6.27,,117.0,1,0,2,1,41,0,0,0,0,0,0,230.0,122.0,122.0,162.71428571428572,86.79806888350011,239.06666666666663,0,10,7,41,2014,0.0,1.0,0.8660254037844386,0.5000000000000001,0.6486295610349814,0.7611042586607747,72905.0,68709.0,63110.0,59616.0,56580.0,87469.0,67314.0,57328.57142857143,10651.434877629361,55855.21428571428,8967.440464759644,67169.23333333334,18191.198680307967,85931.65,31699.635939108754,589,0.8249299719887955,0,0,0,0,58098.0,73916.5
2014-02-11,50004,17,150,11.43,,150.0,2,0,2,1,42,0,0,0,0,0,0,117.0,85.0,135.0,162.0,87.20856227076216,233.16666666666663,1,11,7,42,2014,0.7818314824680298,0.6234898018587336,0.8660254037844386,0.5000000000000001,0.6616346182422783,0.7498264012045686,51029.0,72905.0,68709.0,47236.0,59124.0,88838.0,43742.0,57724.0,10258.43711293286,55203.78571428572,9042.657754125135,65874.76666666666,17976.528798222826,84739.05,31682.54270603123,590,0.8263305322128851,0,0,0,0,53180.0,60066.5
2014-02-12,51667,23,160,12.07,,160.0,3,0,2,1,43,0,0,0,0,0,0,150.0,98.0,135.0,171.28571428571428,80.87379939493074,230.4,2,12,7,43,2014,0.9749279121818236,-0.22252093395631434,0.8660254037844386,0.5000000000000001,0.6744436188329455,0.7383263540031065,50004.0,51029.0,72905.0,49231.0,53535.0,76117.0,67691.0,58072.0,9959.264229851433,55070.357142857145,9082.867783378077,65059.76666666667,18050.257980166818,83274.35,31132.340896933565,591,0.8277310924369747,0,0,0,0,51383.0,58649.5
2014-02-13,64247,32,211,8.29,,211.0,4,0,2,1,44,0,0,0,0,0,0,160.0,108.0,131.0,180.14285714285714,74.66687925139858,231.2333333333333,3,13,7,44,2014,0.43388373911755823,-0.900968867902419,0.8660254037844386,0.5000000000000001,0.6870527672236669,0.7266075247685656,51667.0,50004.0,51029.0,49080.0,42290.0,93415.0,45803.0,60238.71428571428,9305.318097988924,56638.71428571428,8588.53063844277,64087.5,17237.514061408114,82043.33333333333,30378.55038533151,592,0.8291316526610645,0,0,0,0,45685.0,56390.5
2014-02-14,50115,33,281,8.6,,281.0,5,0,2,1,45,0,0,0,0,0,1,211.0,173.0,150.0,194.8571428571429,67.9250286993654,233.26666666666668,4,14,7,45,2014,-0.433883739117558,-0.9009688679024191,0.8660254037844386,0.5000000000000001,0.699458327051647,0.7146733860429609,64247.0,51667.0,50004.0,63110.0,55382.0,67407.0,58641.0,58382.28571428572,9913.414223738804,56262.5,8761.432783687527,63511.1,17410.92543114715,80996.2,30378.22672087832,593,0.8305322128851541,0,0,0,0,59246.0,59402.0
2014-02-15,130963,102,1046,13.8,,1046.0,6,1,2,1,46,0,0,0,0,1,1,281.0,323.0,267.0,210.28571428571428,74.11638209760508,237.63333333333333,5,15,7,46,2014,-0.9749279121818236,-0.2225209339563146,0.8660254037844386,0.5000000000000001,0.7116566222817746,0.7025274741691571,50115.0,64247.0,51667.0,68709.0,63565.0,81535.0,51558.0,67275.71428571429,29431.622011674684,61076.642857142855,21839.078860565973,65158.7,21119.14450682132,81174.61666666667,30643.00873514367,594,0.8319327731092437,0,0,0,0,66137.0,68847.5
2014-02-16,108253,99,925,12.14,,925.0,7,1,2,1,47,0,0,0,0,1,1,1046.0,230.0,150.0,313.57142857142856,327.617081943162,267.5,6,16,7,47,2014,-0.7818314824680299,0.6234898018587334,0.8660254037844386,0.5000000000000001,0.7236440382959124,0.6901733882429719,130963.0,50115.0,64247.0,72905.0,47161.0,62127.0,154237.0,72325.42857142857,33332.35173149923,65440.357142857145,24753.655946320105,66696.23333333334,22523.196396364277,81023.31666666667,30483.456575597334,595,0.8333333333333334,0,0,0,0,60033.0,70702.5
2014-02-17,90446,66,713,10.53,,713.0,1,0,2,1,48,0,0,0,0,1,1,925.0,117.0,122.0,412.8571428571428,396.201728320069,292.76666666666665,0,17,8,48,2014,0.0,1.0,0.8660254037844386,0.5000000000000001,0.7354170229639855,0.6776147890466889,108253.0,130963.0,50115.0,51029.0,59616.0,130440.0,118496.0,77956.42857142857,32452.87389357651,67642.5,25554.063728465164,65363.1,19616.146757463506,80276.03333333334,29669.477024043186,596,0.834733893557423,0,0,0,0,55322.5,53804.5
2014-02-18,51090,24,108,10.48,,108.0,2,0,2,1,49,0,0,0,0,0,1,713.0,150.0,85.0,498.0,385.9326366090335,279.06666666666666,1,18,8,49,2014,0.7818314824680298,0.6234898018587336,0.8660254037844386,0.5000000000000001,0.7469720876965552,0.6648553979642865,90446.0,108253.0,130963.0,50004.0,47236.0,90582.0,113859.0,78111.57142857143,32299.206336261264,67917.78571428571,25337.159260897526,64046.7,19185.79250949104,79105.61666666667,29407.087060078564,597,0.8361344537815126,0,0,0,0,48620.0,54564.0
2014-02-19,46273,22,141,11.01,,141.0,3,0,2,1,50,0,0,0,0,0,0,108.0,160.0,98.0,492.0,392.51496786746907,257.46666666666664,2,19,8,50,2014,0.9749279121818236,-0.22252093395631434,0.8660254037844386,0.5000000000000001,0.7583058084785624,0.6518989958787126,51090.0,90446.0,108253.0,51667.0,49231.0,88217.0,44020.0,77341.0,33089.91586067673,67706.5,25516.6719518827,62648.566666666666,18889.699891161898,77597.2,28711.65447523157,598,0.8375350140056023,0,0,0,0,50449.0,52601.0
2014-02-20,54298,32,113,13.76,,113.0,4,0,2,1,51,0,0,0,0,0,0,141.0,211.0,108.0,489.2857142857143,395.2495896205818,239.63333333333333,3,20,8,51,2014,0.43388373911755823,-0.900968867902419,0.8660254037844386,0.5000000000000001,0.7694148268839378,0.6387494220515272,46273.0,51090.0,90446.0,64247.0,49080.0,72897.0,34326.0,75919.71428571429,33948.59307695623,68079.21428571429,25260.494642146885,62028.6,18846.908568598305,76052.18333333333,27376.906433727563,599,0.8389355742296919,0,0,0,0,56663.5,53268.5
2014-02-21,53338,43,151,12.96,,151.0,5,0,2,1,52,0,0,0,0,0,0,113.0,281.0,173.0,475.2857142857143,408.2706268664267,239.33333333333331,4,21,8,52,2014,-0.433883739117558,-0.9009688679024191,0.8660254037844386,0.5000000000000001,0.7802958510707755,0.6254105729852463,54298.0,46273.0,51090.0,50115.0,63110.0,68068.0,47280.0,76380.14285714286,33559.917587446325,67381.21428571429,25541.810544157277,61537.6,18875.99521121453,74416.36666666667,25672.3732457026,600,0.8403361344537815,0,0,0,0,56612.5,52748.5
2014-02-22,58040,39,272,10.31,,272.0,6,1,2,1,53,0,0,0,0,0,0,151.0,1046.0,323.0,456.7142857142857,421.32913273976,239.7,5,22,8,53,2014,-0.9749279121818236,-0.2225209339563146,0.8660254037844386,0.5000000000000001,0.7909456567567772,0.6118864012687243,53338.0,54298.0,46273.0,130963.0,68709.0,63701.0,49506.0,65962.57142857143,23646.7065913849,66619.14285714286,25658.04394144449,61348.9,18881.917400354072,73634.73333333334,25440.236507446272,601,0.8417366946778712,0,0,0,0,99836.0,97264.0
2014-02-23,39371,32,183,8.37,,183.0,7,1,2,1,54,0,0,0,0,0,0,272.0,925.0,230.0,346.1428571428572,333.26387371542336,244.56666666666663,6,23,8,54,2014,-0.7818314824680299,0.6234898018587334,0.8660254037844386,0.5000000000000001,0.8013610881746766,0.5981809144059165,58040.0,53338.0,54298.0,108253.0,72905.0,55694.0,62562.0,56122.28571428572,16308.551731267456,64223.857142857145,26574.979012531334,60804.8,19281.44202183488,74290.91666666667,23974.289637797523,602,0.8431372549019608,0,0,0,0,90579.0,77707.0
2014-02-24,48786,19,98,8.94,,98.0,1,0,2,1,55,0,0,0,0,0,0,183.0,713.0,117.0,240.14285714285717,215.74555118737197,243.96666666666667,0,24,9,55,2014,0.0,1.0,0.8660254037844386,0.5000000000000001,0.8115390590073611,0.5842981736283684,39371.0,58040.0,53338.0,90446.0,51029.0,68986.0,48780.0,50170.857142857145,6104.375054788318,64063.642857142855,26667.24790567326,60131.46666666667,19338.512917069882,72896.31666666667,22944.723016150205,603,0.8445378151260504,0,0,0,0,70737.5,75031.0
2014-02-25,51603,22,108,11.61,,108.0,2,0,2,1,56,0,0,0,0,0,0,98.0,108.0,150.0,152.28571428571428,60.35371926046843,238.2,1,25,9,56,2014,0.7818314824680298,0.6234898018587336,0.8660254037844386,0.5000000000000001,0.8214765533024142,0.5702422926917871,48786.0,39371.0,58040.0,51090.0,50004.0,68500.0,54579.0,50244.142857142855,6120.307493053097,64177.857142857145,26605.752523892927,59568.23333333333,19332.43639618773,72124.51666666666,22867.743910191275,604,0.84593837535014,0,0,0,0,50547.0,49163.0
2014-02-26,53945,16,113,11.26,,113.0,3,0,2,1,57,0,0,0,0,0,0,108.0,141.0,160.0,152.28571428571428,60.35371926046843,233.53333333333333,2,26,9,57,2014,0.9749279121818236,-0.22252093395631434,0.8660254037844386,0.5000000000000001,0.8311706263658079,0.5560174366570446,51603.0,48786.0,39371.0,46273.0,51667.0,56580.0,53930.0,51340.142857142855,5975.879835599267,64340.57142857143,26530.212141325475,59480.4,19352.45648418862,71019.93333333333,22092.717578321593,605,0.8473389355742297,0,0,0,0,48970.0,47752.0
2014-02-27,47358,25,104,7.89,,104.0,4,0,2,1,58,0,0,0,0,0,0,113.0,113.0,211.0,148.28571428571428,62.1281318076181,233.2333333333333,3,27,9,58,2014,0.43388373911755823,-0.900968867902419,0.8660254037844386,0.5000000000000001,0.8406184056344782,0.5416278206559814,53945.0,51603.0,48786.0,54298.0,64247.0,59124.0,56624.0,50348.71428571428,5979.058836591814,63134.21428571428,26915.97015550592,59088.2,19478.74219085851,70076.9,21870.18697361814,606,0.8487394957983193,0,0,0,0,59272.5,51689.0
2014-02-28,60434,26,136,7.25,,136.0,5,0,2,1,59,0,0,0,0,0,0,104.0,151.0,281.0,147.0,63.06610288683881,232.2,4,28,9,59,2014,-0.433883739117558,-0.9009688679024191,0.8660254037844386,0.5000000000000001,0.8498170915275278,0.5270777086423722,47358.0,53945.0,51603.0,53338.0,50115.0,53535.0,50793.0,51362.42857142857,7071.995353909136,63871.28571428572,26672.20999591019,59318.166666666664,19451.626233022158,69014.78333333334,20716.08306515565,607,0.8501400560224089,0,0,0,0,51726.5,58224.0
2014-03-01,60828,39,235,8.56,,235.0,6,1,3,1,60,0,0,0,0,0,0,136.0,272.0,1046.0,144.85714285714286,63.16230038936354,232.2333333333333,5,1,9,60,2014,-0.9749279121818236,-0.2225209339563146,1.0,6.123233995736766e-17,0.8587639582758029,0.5123714121284237,60434.0,47358.0,53945.0,58040.0,130963.0,42290.0,62563.0,51760.71428571428,7571.60673644813,58861.642857142855,18407.566126698788,59936.1,19184.64995115304,68232.55,20105.304569812277,608,0.8515406162464986,0,0,0,0,94501.5,63374.5
2014-03-02,65313,31,188,6.42,,188.0,7,1,3,1,61,0,0,0,0,0,0,235.0,183.0,925.0,139.57142857142858,51.15615682351813,235.7,6,2,9,61,2014,-0.7818314824680299,0.6234898018587334,1.0,6.123233995736766e-17,0.8674563547295969,0.49751328890718066,60828.0,60434.0,47358.0,39371.0,108253.0,55382.0,73088.0,55466.71428571428,6806.782737688447,55794.5,12010.607854661599,60267.13333333333,19189.038495854937,68185.36666666667,20108.837501454087,609,0.8529411764705882,0,0,0,0,73812.0,56138.0
2014-03-03,61518,21,113,8.6,,113.0,1,0,3,1,62,0,0,0,0,0,0,188.0,98.0,713.0,140.28571428571428,51.89320535392627,236.96666666666667,0,3,10,62,2014,0.0,1.0,1.0,6.123233995736766e-17,0.8758917051442429,0.48250774176121847,65313.0,60828.0,60434.0,48786.0,90446.0,63565.0,54216.0,57285.57142857143,6413.8154753921,53728.21428571428,7057.835800110116,60198.9,19180.544940929987,67497.86666666667,19605.296443206054,610,0.8543417366946778,0,0,0,0,69616.0,49907.5
2014-03-04,57205,22,108,7.66,,108.0,2,0,3,1,63,0,0,0,0,0,0,113.0,108.0,108.0,142.42857142857142,50.13600550122686,231.83333333333331,1,4,10,63,2014,0.7818314824680298,0.6234898018587336,1.0,6.123233995736766e-17,0.8840675099433636,0.4673592171580022,61518.0,65313.0,60828.0,51603.0,51090.0,47161.0,65566.0,58085.857142857145,5916.838216158079,54165.0,7071.212060177331,60533.7,19032.20473239668,66844.0,19275.218320995304,611,0.8557422969187675,0,0,0,0,51346.5,50803.5
2014-03-05,62304,25,118,8.54,,118.0,3,0,3,1,64,0,0,0,0,0,0,108.0,113.0,141.0,142.42857142857142,50.13600550122686,230.4333333333333,2,5,10,64,2014,0.9749279121818236,-0.22252093395631434,1.0,6.123233995736766e-17,0.8919813464595485,0.45207220393230435,57205.0,61518.0,65313.0,53945.0,46273.0,59616.0,45190.0,59280.0,5783.857392202162,55310.07142857143,6992.465928678782,60623.3,19034.06260320584,66361.86666666667,19014.89083784444,612,0.8571428571428571,0,0,0,0,50109.0,52806.0
2014-03-06,52458,41,127,7.58,,127.0,4,0,3,1,65,0,0,0,0,0,0,118.0,104.0,113.0,143.14285714285714,49.68040717569512,230.3,3,6,10,65,2014,0.43388373911755823,-0.900968867902419,1.0,6.123233995736766e-17,0.8996308696522433,0.43665123195606403,62304.0,57205.0,61518.0,47358.0,54298.0,47236.0,65256.0,60008.57142857143,4111.121576777547,55178.642857142855,7030.142416843079,60797.36666666667,18931.012672119647,65931.35,19032.68315812189,613,0.8585434173669467,0,0,0,0,50828.0,55802.5
2014-03-07,59424,23,151,14.24,,151.0,5,0,3,1,66,0,0,0,0,0,0,127.0,136.0,151.0,146.42857142857142,47.366856003106776,231.7,4,7,10,66,2014,-0.433883739117558,-0.9009688679024191,1.0,6.123233995736766e-17,0.9070138128026359,0.4211008707960896,52458.0,62304.0,57205.0,60434.0,53338.0,49231.0,58460.0,59864.28571428572,4111.425734635961,55613.357142857145,7095.432719575271,61137.13333333333,18807.331695348257,65746.91666666667,19041.37423762643,614,0.8599439775910365,0,0,0,0,56886.0,55274.5
2014-03-08,77569,26,269,10.34,,269.0,6,1,3,1,67,0,0,0,0,0,0,151.0,235.0,272.0,148.57142857142858,47.15526532232699,233.46666666666667,5,8,10,67,2014,-0.9749279121818236,-0.2225209339563146,1.0,6.123233995736766e-17,0.9141279881853337,0.40542572835999735,59424.0,52458.0,62304.0,60828.0,58040.0,49080.0,63427.0,62255.857142857145,7894.236239784196,57008.28571428572,9212.897518224983,62086.76666666667,18896.573045785666,65693.41666666667,19002.893815569725,615,0.8613445378151261,0,0,0,0,59434.0,95895.5
2014-03-09,63947,51,193,11.76,,193.0,7,1,3,1,68,0,0,0,0,0,0,269.0,188.0,183.0,153.42857142857142,58.03693405311591,238.83333333333331,6,9,10,68,2014,-0.7818314824680299,0.6234898018587334,1.0,6.123233995736766e-17,0.9209712877166346,0.38963044953078796,77569.0,59424.0,52458.0,65313.0,39371.0,63110.0,74105.0,62060.71428571428,7822.6281967609975,58763.71428571428,7831.581748364507,62114.666666666664,18898.753674165455,65685.31666666667,19003.543743110826,616,0.8627450980392157,0,0,0,0,52342.0,86783.0
2014-03-10,61322,25,123,8.88,,123.0,1,0,3,1,69,0,0,0,0,0,0,193.0,113.0,98.0,154.14285714285714,58.561729742863655,239.5,0,10,11,69,2014,0.0,1.0,1.0,6.123233995736766e-17,0.9275416835791966,0.37371971479046906,63947.0,77569.0,59424.0,61518.0,48786.0,68709.0,51200.0,62032.71428571428,7825.244867612359,59659.142857142855,7301.752664807223,61868.433333333334,18857.95175311967,65386.38333333333,18927.338735182148,617,0.8641456582633054,0,0,0,0,55152.0,75982.0
2014-03-11,62399,20,108,7.46,,108.0,2,0,3,1,70,0,0,0,0,0,0,123.0,108.0,108.0,155.57142857142858,57.50320902018477,232.83333333333331,1,11,11,70,2014,0.7818314824680298,0.6234898018587336,1.0,6.123233995736766e-17,0.9338372288229252,0.35769823883312546,61322.0,63947.0,77569.0,57205.0,51603.0,72905.0,61658.0,62774.71428571428,7531.933521442346,60430.28571428572,6946.957368612255,61518.23333333333,18743.131598430733,64951.066666666666,18685.119465850523,618,0.865546218487395,0,0,0,0,54404.0,54147.5
2014-03-12,53776,21,123,7.91,,123.0,3,0,3,1,71,0,0,0,0,0,0,108.0,118.0,113.0,155.57142857142858,57.50320902018477,228.76666666666668,2,12,11,71,2014,0.9749279121818236,-0.22252093395631434,1.0,6.123233995736766e-17,0.9398560579418954,0.3415707691678556,62399.0,61322.0,63947.0,62304.0,53945.0,51029.0,52338.0,61556.42857142857,8273.913641825087,60418.21428571428,6959.229424391475,61609.8,18696.77374787722,64389.51666666667,18502.30959792164,619,0.8669467787114846,0,0,0,0,58124.5,54288.5
2014-03-13,54897,24,132,11.67,,132.0,4,0,3,1,72,0,0,0,0,0,0,123.0,127.0,104.0,156.28571428571428,56.98746729388349,228.96666666666667,3,13,11,72,2014,0.43388373911755823,-0.900968867902419,1.0,6.123233995736766e-17,0.9455963874271426,0.3253420847119801,53776.0,62399.0,61322.0,52458.0,47358.0,50004.0,50639.0,61904.857142857145,7868.318868063377,60956.71428571428,6110.87443608718,61772.9,18613.195310835563,63823.833333333336,18259.41681561397,620,0.8683473389355743,0,0,0,0,49908.0,53378.0
2014-03-14,74186,27,222,9.36,,222.0,5,0,3,1,73,0,0,0,0,0,0,132.0,151.0,136.0,157.0,56.58916268450477,228.36666666666667,4,14,11,73,2014,-0.433883739117558,-0.9009688679024191,1.0,6.123233995736766e-17,0.9510565162951535,0.30901699437494745,54897.0,53776.0,62399.0,59424.0,60434.0,51667.0,55281.0,64013.71428571428,8990.768593660956,61939.0,7053.033171839927,62523.53333333333,18645.635964839978,63791.65,18239.072535170722,621,0.8697478991596639,0,0,0,0,59929.0,56381.0
2014-03-15,73714,33,330,11.99,,330.0,6,1,3,1,74,0,0,0,0,0,0,222.0,269.0,235.0,167.14285714285714,61.48557709313796,230.4333333333333,5,15,11,74,2014,-0.9749279121818236,-0.2225209339563146,1.0,6.123233995736766e-17,0.9562348265919056,0.29260033563334836,74186.0,54897.0,53776.0,77569.0,60828.0,64247.0,64014.0,63463.0,8095.577887546487,62859.42857142857,7707.360425286482,62839.1,18755.597980612227,63463.3,17870.3445238193,622,0.8711484593837535,0,0,0,0,69198.5,67804.5
2014-03-16,69636,24,245,10.05,,245.0,7,1,3,1,75,0,0,0,0,0,0,330.0,193.0,188.0,175.85714285714286,79.8945733898297,234.4,6,16,11,75,2014,-0.7818314824680299,0.6234898018587334,1.0,6.123233995736766e-17,0.9611297838723007,0.27609697309746883,73714.0,74186.0,54897.0,63947.0,65313.0,50115.0,97248.0,64275.71428571428,8430.880039360867,63168.21428571428,7897.4742230914,63489.8,18637.183843429615,63500.45,17880.995611215378,623,0.8725490196078431,0,0,0,0,64630.0,51659.0
2014-03-17,56931,20,146,8.38,,146.0,1,0,3,1,76,0,0,0,0,0,0,245.0,123.0,113.0,183.28571428571428,84.06290161879652,233.2,0,17,12,76,2014,0.0,1.0,1.0,6.123233995736766e-17,0.9657399376548549,0.2595117970697999,69636.0,73714.0,74186.0,61322.0,61518.0,130963.0,72894.0,63648.42857142857,8840.667562598383,62840.57142857143,8064.585570107115,61022.066666666666,13621.342194065037,63090.38333333333,17741.980111427594,624,0.8739495798319328,0,0,0,0,61420.0,55054.0
2014-03-18,63467,20,127,11.18,,127.0,2,0,3,1,77,0,0,0,0,0,0,146.0,108.0,108.0,186.57142857142856,81.73097565153873,203.2,1,18,12,77,2014,0.7818314824680298,0.6234898018587336,1.0,6.123233995736766e-17,0.9700639218515071,0.2428497220959356,56931.0,69636.0,73714.0,62399.0,57205.0,108253.0,57391.0,63801.0,8824.71261099561,63287.857142857145,7899.950680051758,59529.2,10320.794277106053,63112.71666666667,17741.590246583935,625,0.8753501400560224,0,0,0,0,59802.0,57001.0
2014-03-19,58730,22,161,7.5,,161.0,3,0,3,1,78,0,0,0,0,0,0,127.0,123.0,118.0,189.28571428571428,78.95508065922547,176.6,2,19,12,78,2014,0.9749279121818236,-0.22252093395631434,1.0,6.123233995736766e-17,0.9741004551724205,0.22611568550828828,63467.0,56931.0,69636.0,53776.0,62304.0,90446.0,68274.0,64508.71428571428,8051.518650008012,63032.57142857143,7991.406757013527,58472.0,8510.247542896705,61917.55,15388.536987789794,626,0.876750700280112,0,0,0,0,58040.0,53860.5
2014-03-20,62568,26,152,10.16,,152.0,4,0,3,1,79,0,0,0,0,0,0,161.0,132.0,127.0,194.7142857142857,74.83696565582727,158.2,3,20,12,79,2014,0.43388373911755823,-0.900968867902419,1.0,6.123233995736766e-17,0.9778483415056568,0.20931464596304847,58730.0,63467.0,56931.0,54897.0,52458.0,51090.0,57489.0,65604.57142857143,6975.3938444873875,63754.71428571428,7397.021057660309,58854.6,8424.506315628776,61450.65,14922.006170872519,627,0.8781512605042017,0,0,0,0,53677.5,51127.5
2014-03-21,61478,47,207,9.33,,207.0,5,0,3,1,80,0,0,0,0,0,0,152.0,222.0,151.0,197.57142857142856,72.38521290718907,159.66666666666666,4,21,12,80,2014,-0.433883739117558,-0.9009688679024191,1.0,6.123233995736766e-17,0.9813064702716093,0.19245158197082998,62568.0,58730.0,63467.0,74186.0,59424.0,46273.0,52470.0,63789.142857142855,5947.743617781071,63901.42857142857,7324.531790909332,59361.433333333334,8092.303839231261,61005.0,14502.45849526134,628,0.8795518207282913,0,0,0,0,66805.0,67310.0
2014-03-22,73802,49,325,9.82,,325.0,6,1,3,1,81,0,0,0,0,0,0,207.0,330.0,269.0,195.42857142857144,71.7608462019442,161.86666666666667,5,22,12,81,2014,-0.9749279121818236,-0.2225209339563146,1.0,6.123233995736766e-17,0.9844738167520922,0.1755314904214282,61478.0,62568.0,58730.0,73714.0,77569.0,54298.0,58655.0,63801.71428571428,5972.2600053436145,63632.357142857145,6836.773706126941,60011.566666666666,8447.173510884502,61020.083333333336,14515.501203758891,629,0.8809523809523809,0,0,0,0,75641.5,67271.0
2014-03-23,48120,27,236,11.53,,236.0,7,1,3,1,82,0,0,0,0,0,0,325.0,245.0,193.0,194.7142857142857,70.20615900264595,168.93333333333334,6,23,12,82,2014,-0.7818314824680299,0.6234898018587334,1.0,6.123233995736766e-17,0.9873494423939864,0.15855938510313475,73802.0,61478.0,62568.0,69636.0,63947.0,53338.0,69722.0,60728.0,7743.28283094441,62501.857142857145,7991.731167584563,59837.63333333333,8640.82681022876,60687.61666666667,14579.643175391828,630,0.8823529411764706,0,0,0,0,66791.5,67474.5
2014-03-24,60331,21,133,8.94,,133.0,1,0,3,1,83,0,0,0,0,0,0,236.0,146.0,123.0,193.42857142857144,69.20707368195168,171.76666666666668,0,24,13,83,2014,0.0,1.0,1.0,6.123233995736766e-17,0.989932495087353,0.141540295217043,48120.0,73802.0,61478.0,56931.0,61322.0,58040.0,79295.0,61213.71428571428,7570.111683770614,62431.07142857143,8007.359023608502,59914.0,8634.513184368578,60631.45,14574.327979303305,631,0.8837535014005602,0,0,0,0,59126.5,59224.5
2014-03-25,60559,21,161,12.12,,161.0,2,0,3,1,84,0,0,0,0,0,0,133.0,127.0,108.0,191.57142857142856,70.84691746495223,167.13333333333333,1,25,13,84,2014,0.7818314824680298,0.6234898018587336,1.0,6.123233995736766e-17,0.9922222094179323,0.12447926388678915,60331.0,48120.0,73802.0,63467.0,62399.0,39371.0,69379.0,60798.28571428572,7505.36289849423,62299.642857142855,8023.011017424303,60620.26666666667,7713.683582387588,60712.53333333333,14559.91914960162,632,0.8851540616246498,0,0,0,0,62933.0,60336.0
2014-03-26,51241,22,165,9.43,,165.0,3,0,3,1,85,0,0,0,0,0,0,161.0,161.0,123.0,196.42857142857144,66.72794802493998,166.4,2,26,13,85,2014,0.9749279121818236,-0.22252093395631434,1.0,6.123233995736766e-17,0.994217906893952,0.10738134666416309,60559.0,60331.0,48120.0,58730.0,53776.0,48786.0,63557.0,59728.42857142857,8337.011632016562,62118.57142857143,8255.41898218534,60702.1,7595.929928087424,60416.78333333333,14569.235698915814,633,0.8865546218487395,0,0,0,0,56253.0,60517.0
2014-03-27,57847,48,189,10.96,,189.0,4,0,3,1,86,0,0,0,0,0,0,165.0,152.0,132.0,197.0,66.39026032986096,168.63333333333333,3,27,13,86,2014,0.43388373911755823,-0.900968867902419,1.0,6.123233995736766e-17,0.995918996147179,0.09025161003104117,51241.0,60559.0,60331.0,62568.0,54897.0,51603.0,60798.0,59054.0,8259.61266242745,62329.28571428572,8092.964061251029,60910.23333333333,7421.5547756859005,60239.23333333333,14533.928194338587,634,0.8879551820728291,0,0,0,0,58732.5,57513.0
2014-03-28,86141,41,241,15.07,,241.0,5,0,3,1,87,0,0,0,0,0,0,189.0,207.0,222.0,202.28571428571428,63.62576596975587,171.33333333333334,4,28,13,87,2014,-0.433883739117558,-0.9009688679024191,1.0,6.123233995736766e-17,0.9973249731081555,0.07309512989807777,57847.0,51241.0,60559.0,61478.0,74186.0,53945.0,64010.0,62577.28571428572,13230.408191161765,63183.21428571428,9874.817320051701,61983.433333333334,8611.998741464671,60731.916666666664,14904.109530302072,635,0.8893557422969187,0,0,0,0,67832.0,60451.0
2014-03-29,92237,45,345,13.31,,345.0,6,1,3,1,88,0,0,0,0,0,0,241.0,325.0,330.0,207.14285714285717,65.32081998727188,175.6,5,29,13,88,2014,-0.9749279121818236,-0.2225209339563146,1.0,6.123233995736766e-17,0.9984354211555643,0.055916990100603484,86141.0,57847.0,51241.0,73802.0,73714.0,47358.0,79834.0,65210.857142857145,17104.66192230027,64506.28571428572,12329.994656113106,63479.4,9799.835774837959,61283.8,15446.75202522562,636,0.8907563025210085,0,0,0,0,73758.0,75685.5
2014-03-30,67904,33,242,15.63,,242.0,7,1,3,1,89,0,0,0,0,0,0,345.0,236.0,245.0,210.0,71.48193244916314,183.63333333333333,6,30,13,89,2014,-0.7818314824680299,0.6234898018587334,1.0,6.123233995736766e-17,0.9992500112396835,0.03872228089217446,92237.0,86141.0,57847.0,48120.0,69636.0,60434.0,82225.0,68037.14285714286,15355.005377493537,64382.57142857143,12283.166114735863,63728.4,9814.678045907996,61523.28333333333,15435.9632633507,637,0.8921568627450981,0,0,0,0,58878.0,56033.5
2014-03-31,76969,22,175,7.41,,175.0,1,0,3,1,90,0,0,0,0,0,0,242.0,133.0,146.0,210.8571428571429,71.8805225621627,187.16666666666663,0,31,14,90,2014,0.0,1.0,1.0,6.123233995736766e-17,0.9997685019798909,0.021516097436222254,67904.0,92237.0,86141.0,60331.0,56931.0,60828.0,47556.0,70414.0,15250.707229502446,65813.85714285714,12513.384746908943,64266.433333333334,10088.788624468069,62101.26666666667,15352.621286554293,638,0.8935574229691877,0,0,0,0,58631.0,60826.5
2014-04-01,59201,22,137,12.69,,137.0,2,0,4,2,91,0,0,0,0,0,0,175.0,161.0,127.0,216.8571428571429,65.79368908800893,185.16666666666663,1,1,14,91,2014,0.7818314824680298,0.6234898018587336,0.8660254037844387,-0.4999999999999998,0.9999907397361901,0.004303538296244289,76969.0,67904.0,92237.0,60559.0,63467.0,65313.0,67497.0,70220.0,15404.822394302317,65509.142857142855,12626.360099515416,64062.7,10128.560023432587,62164.916666666664,15332.194865697342,639,0.8949579831932774,0,0,0,0,62013.0,61479.0
2014-04-02,71152,26,161,8.76,,161.0,3,0,4,2,92,0,0,0,0,0,0,137.0,165.0,161.0,213.42857142857144,69.69901276885089,183.46666666666667,2,2,14,92,2014,0.9749279121818236,-0.22252093395631434,0.8660254037844387,-0.4999999999999998,0.9999166586547379,-0.01291029607500882,59201.0,76969.0,67904.0,51241.0,58730.0,61518.0,61698.0,73064.42857142857,12960.723254730516,66396.42857142857,12549.556527342496,64383.833333333336,10197.587602090003,62291.36666666667,15375.16367388876,640,0.896358543417367,0,0,0,0,54985.5,52508.5
2014-04-03,61136,29,152,12.12,,152.0,4,0,4,2,93,0,0,0,0,0,0,161.0,189.0,152.0,212.8571428571429,70.17698713830326,185.06666666666663,3,3,14,93,2014,0.43388373911755823,-0.900968867902419,0.8660254037844387,-0.4999999999999998,0.9995462806873573,-0.030120304846908114,71152.0,59201.0,76969.0,57847.0,62568.0,57205.0,65300.0,73534.28571428571,12362.941932974258,66294.14285714286,12588.934603037624,64514.86666666667,10127.175246057941,62524.28333333333,15247.392490711902,641,0.8977591036414566,0,0,0,0,60207.5,56372.0
2014-04-04,64454,46,194,11.91,,194.0,5,0,4,2,94,0,0,0,0,0,0,152.0,241.0,207.0,207.57142857142856,73.5840950723667,186.53333333333333,4,4,14,94,2014,-0.433883739117558,-0.9009688679024191,0.8660254037844387,-0.4999999999999998,0.9988797155850336,-0.04732138832243185,61136.0,71152.0,59201.0,86141.0,61478.0,62304.0,53170.0,70436.14285714286,11353.317568425624,66506.71428571429,12526.325659484914,64586.53333333333,10118.593955524775,62604.916666666664,15244.544052408313,642,0.8991596638655462,0,0,0,0,73809.5,80163.5
2014-04-05,77276,31,332,11.76,,332.0,6,1,4,2,95,0,0,0,0,0,0,194.0,345.0,325.0,200.8571428571429,72.15591583838595,189.06666666666663,5,5,14,95,2014,-0.9749279121818236,-0.2225209339563146,0.8660254037844387,-0.4999999999999998,0.9979171608653922,-0.06450844944931623,64454.0,61136.0,71152.0,92237.0,73802.0,52458.0,88866.0,68298.85714285714,7221.694870978832,66754.85714285714,12714.949171725306,65413.8,10107.324938226611,63105.583333333336,15224.516545486227,643,0.9005602240896359,0,0,0,0,83019.5,82975.5
2014-04-06,80238,38,265,9.95,,265.0,7,1,4,2,96,0,0,0,0,0,0,332.0,242.0,236.0,199.0,67.86751800382893,195.9,6,6,14,96,2014,-0.7818314824680299,0.6234898018587334,0.8660254037844387,-0.4999999999999998,0.9966589017541702,-0.08167639533042241,77276.0,64454.0,61136.0,67904.0,48120.0,59424.0,87143.0,70060.85714285714,8500.705586960918,69049.0,11969.715252702006,66107.6,10392.339607813974,63622.36666666667,15271.753074384435,644,0.9019607843137255,0,0,0,0,58012.0,68770.0
2014-04-07,58696,19,137,9.9,,137.0,1,0,4,2,97,0,0,0,0,0,0,265.0,175.0,133.0,202.28571428571428,70.79009885032046,199.7,0,7,15,97,2014,0.0,1.0,0.8660254037844387,-0.4999999999999998,0.9951053111006976,-0.09882013873287143,80238.0,77276.0,64454.0,76969.0,60331.0,77569.0,53175.0,67450.42857142857,8825.239861842045,68932.21428571429,12068.88313727979,65478.5,10244.79022100574,63782.63333333333,15166.649190242573,645,0.9033613445378151,0,0,0,0,68650.0,66950.0
2014-04-08,58717,18,152,9.44,,152.0,2,0,4,2,98,0,0,0,0,0,0,137.0,137.0,161.0,196.8571428571429,74.58647905044786,195.3,1,8,15,98,2014,0.7818314824680298,0.6234898018587336,0.8660254037844387,-0.4999999999999998,0.9932568492674143,-0.11593459959550041,58696.0,80238.0,77276.0,59201.0,60559.0,63947.0,57735.0,67381.28571428571,8902.20374802929,68800.64285714286,12176.745659766208,65304.166666666664,10316.001464358402,63709.416666666664,15180.548535556749,646,0.9047619047619048,0,0,0,0,59880.0,61334.0
2014-04-09,70014,25,152,10.35,,152.0,3,0,4,2,99,0,0,0,0,0,0,152.0,161.0,165.0,199.0,72.77362159464131,193.9333333333333,2,9,15,99,2014,0.9749279121818236,-0.22252093395631434,0.8660254037844387,-0.4999999999999998,0.9911140639934547,-0.1330147065341959,58717.0,58696.0,80238.0,71152.0,51241.0,61322.0,56743.0,67218.71428571429,8831.980538819897,70141.57142857143,11078.422129487522,65593.9,10322.361425732453,63731.166666666664,15188.765769438567,647,0.9061624649859944,0,0,0,0,61196.5,64941.0
2014-04-10,63448,37,156,11.3,,156.0,4,0,4,2,100,0,0,0,0,0,0,152.0,152.0,189.0,197.7142857142857,73.63132097532592,194.9,3,10,15,100,2014,0.43388373911755823,-0.900968867902419,0.8660254037844387,-0.4999999999999998,0.9886775902323405,-0.1500553983446526,70014.0,58717.0,58696.0,61136.0,57847.0,62399.0,57210.0,67549.0,8606.959722611977,70541.64285714286,10694.769718146055,65628.86666666667,10312.93803661825,63573.55,15140.946903448592,648,0.907563025210084,0,0,0,0,59491.5,61852.0
2014-04-11,71758,51,227,8.07,,227.0,5,0,4,2,101,0,0,0,0,0,0,156.0,194.0,241.0,198.28571428571428,73.23185619595344,196.5,4,11,15,101,2014,-0.433883739117558,-0.9009688679024191,0.8660254037844387,-0.4999999999999998,0.9859481499638304,-0.16705162550211924,63448.0,70014.0,58717.0,64454.0,86141.0,53776.0,67788.0,68592.42857142857,8611.948944289312,69514.28571428571,9728.144715432305,66228.26666666666,10121.062800037358,63919.03333333333,15086.25262515696,649,0.9089635854341737,0,0,0,0,75297.5,62966.0
2014-04-12,63921,38,351,7.95,,351.0,6,1,4,2,102,0,0,0,0,0,0,227.0,332.0,345.0,203.0,73.96846174778398,199.96666666666667,5,12,15,102,2014,-0.9749279121818236,-0.2225209339563146,0.8660254037844387,-0.4999999999999998,0.9829265519799822,-0.18399835165768005,71758.0,63448.0,70014.0,77276.0,92237.0,54897.0,62286.0,66684.57142857143,7809.528237077603,67491.71428571429,7274.668180945071,66529.06666666667,9904.46243883534,64150.98333333333,14975.26201971232,650,0.9103641456582633,0,0,0,0,84756.5,75539.0
2014-04-13,64134,31,252,10.43,,252.0,7,1,4,2,103,0,0,0,0,0,0,351.0,265.0,242.0,205.7142857142857,79.62351889928512,207.26666666666668,6,13,15,103,2014,-0.7818314824680299,0.6234898018587334,0.8660254037844387,-0.4999999999999998,0.9796136916454901,-0.20089055513063506,63921.0,71758.0,63448.0,80238.0,67904.0,74186.0,62133.0,64384.0,5028.153637270652,67222.42857142857,7327.815402384674,66194.0,9806.037084895508,64358.76666666667,14885.32999510846,651,0.9117647058823529,0,0,0,0,74071.0,64179.0
2014-04-14,75844,21,166,7.26,,166.0,1,0,4,2,104,0,0,0,0,0,0,252.0,137.0,175.0,203.8571428571429,78.14821083775948,208.26666666666668,0,14,16,104,2014,0.0,1.0,0.8660254037844387,-0.4999999999999998,0.9760105506323683,-0.21772323039653177,64134.0,63921.0,71758.0,58696.0,76969.0,73714.0,66940.0,66833.71428571429,5897.238469947328,67142.07142857143,7218.058863969851,66265.0,9869.86602641148,64552.05,14958.9644801868,652,0.9131652661064426,0,0,0,0,67832.5,59513.5
2014-04-15,60292,17,199,7.86,,199.0,2,0,4,2,105,0,0,0,0,0,0,166.0,152.0,137.0,208.0,74.70609078247941,202.8,1,15,16,105,2014,0.7818314824680298,0.6234898018587336,0.8660254037844387,-0.4999999999999998,0.9721181966290613,-0.23449138957040985,75844.0,64134.0,63921.0,58717.0,59201.0,69636.0,46503.0,67058.71428571429,5556.1246900539145,67220.0,7131.094974718751,65953.53333333334,9907.183303850446,64721.666666666664,14849.790220131723,653,0.9145658263305322,0,0,0,0,58959.0,59638.0
2014-04-16,57778,22,185,10.16,,185.0,3,0,4,2,106,0,0,0,0,0,0,199.0,152.0,161.0,214.7142857142857,70.84658139415167,201.26666666666668,2,16,16,106,2014,0.9749279121818236,-0.22252093395631434,0.8660254037844387,-0.4999999999999998,0.9679377830240642,-0.25119006388481935,60292.0,75844.0,64134.0,70014.0,71152.0,56931.0,59137.0,65310.71428571428,6340.774734848522,66264.71428571429,7452.3999792380155,65981.76666666666,9881.75866200061,63501.916666666664,12060.225119876039,654,0.9159663865546218,0,0,0,0,70583.0,60627.5
2014-04-17,67241,37,228,8.17,,228.0,4,0,4,2,107,0,0,0,0,0,0,185.0,156.0,152.0,219.42857142857144,66.96978707560932,202.56666666666663,3,17,16,107,2014,0.43388373911755823,-0.900968867902419,0.8660254037844387,-0.4999999999999998,0.9634705485641488,-0.2678143051621742,57778.0,60292.0,75844.0,63448.0,61136.0,63467.0,61607.0,65852.57142857143,6317.087669096079,66700.78571428571,7306.3968724836695,66107.56666666667,9872.658729640925,62818.38333333333,10548.339882383969,655,0.9173669467787114,0,0,0,0,62292.0,60647.5
2014-04-18,92725,47,346,14.4,,346.0,5,0,4,2,108,0,0,0,0,0,0,228.0,227.0,194.0,229.7142857142857,60.85423646089214,205.9333333333333,4,18,16,108,2014,-0.433883739117558,-0.9009688679024191,0.8660254037844387,-0.4999999999999998,0.9587178169872964,-0.2843591872810034,67241.0,57778.0,60292.0,71758.0,64454.0,58730.0,43996.0,68847.85714285714,11999.19965981851,68720.14285714286,10034.966159592843,67240.73333333334,10894.71492856578,62856.36666666667,10653.092919177569,656,0.9187675070028011,0,0,0,0,68106.0,78949.5
2014-04-19,94565,48,409,17.44,,409.0,6,1,4,2,109,0,0,0,0,0,0,346.0,351.0,332.0,246.7142857142857,74.95713060524346,212.1,5,19,16,109,2014,-0.9749279121818236,-0.2225209339563146,0.8660254037844387,-0.4999999999999998,0.9536809966304457,-0.30081980763566735,92725.0,67241.0,57778.0,63921.0,77276.0,62568.0,65194.0,73225.57142857143,15093.219193367791,69955.07142857143,12033.639915249585,68307.3,11937.775115154484,63580.95,11298.195235245646,657,0.9201680672268907,0,0,0,0,70598.5,78079.0
2014-04-20,51806,15,0,0.0,,0.0,7,1,4,2,110,0,0,0,0,0,0,409.0,252.0,265.0,255.0,90.08514490932144,220.66666666666663,6,20,16,110,2014,-0.7818314824680299,0.6234898018587334,0.8660254037844387,-0.4999999999999998,0.9483615800121715,-0.3171912885891061,94565.0,92725.0,67241.0,64134.0,80238.0,61478.0,69515.0,71464.42857142857,16937.441727891273,67924.21428571429,12552.71716940848,67984.9,12254.962508841267,63673.166666666664,11176.456639856728,658,0.9215686274509803,0,0,0,0,72186.0,66019.0
2014-04-21,71128,17,176,17.04,,176.0,1,0,4,2,111,0,0,0,0,0,0,0.0,166.0,137.0,219.0,132.05806803574478,213.76666666666668,0,21,17,111,2014,0.0,1.0,0.8660254037844387,-0.4999999999999998,0.9427611433904207,-0.3334687789181868,51806.0,94565.0,92725.0,75844.0,58696.0,73802.0,58095.0,70790.71428571429,16827.640433864362,68812.21428571429,12286.590239760499,67895.76666666666,12220.871292611517,63953.666666666664,11148.335570330635,659,0.9229691876750701,0,0,0,0,67270.0,76406.5
2014-04-22,53850,18,176,8.83,,176.0,2,0,4,2,112,0,0,0,0,0,0,176.0,199.0,152.0,220.42857142857144,131.44182127828435,208.8,1,22,17,112,2014,0.7818314824680298,0.6234898018587336,0.8660254037844387,-0.4999999999999998,0.9368813462954315,-0.3496474552512284,71128.0,51806.0,94565.0,60292.0,58717.0,48120.0,61062.0,69870.42857142857,17653.390673910562,68464.57142857143,12657.458802645064,68086.76666666666,11942.750424516978,63962.2,11140.26526903222,660,0.9243697478991597,0,0,0,0,59504.5,59746.5
2014-04-23,62214,25,166,9.44,,166.0,3,0,4,2,113,0,0,0,0,0,0,176.0,185.0,152.0,217.14285714285717,132.351084331824,206.8,2,23,17,113,2014,0.9749279121818236,-0.22252093395631434,0.8660254037844387,-0.4999999999999998,0.9307239310379795,-0.36572252349726897,53850.0,71128.0,51806.0,57778.0,70014.0,60331.0,69615.0,70504.14285714286,17221.28589303139,67907.42857142857,12755.299421834712,68149.53333333334,11905.473423173338,64031.76666666667,11115.661942466935,661,0.9257703081232493,0,0,0,0,63896.0,64465.0
2014-04-24,79061,42,218,10.83,,218.0,4,0,4,2,114,0,0,0,0,0,0,166.0,228.0,156.0,214.42857142857144,133.31148630539096,207.9,3,24,17,114,2014,0.43388373911755823,-0.900968867902419,0.8660254037844387,-0.4999999999999998,0.9242907221930933,-0.3816892202666588,62214.0,53850.0,71128.0,67241.0,63448.0,60559.0,67613.0,72192.71428571429,17426.26808120699,69022.64285714286,13015.297021387672,68766.26666666666,11977.711677523666,64693.26666666667,10799.70808749663,662,0.927170868347339,0,0,0,0,65344.5,64188.5
2014-04-25,74224,45,237,7.59,,237.0,5,0,4,2,115,0,0,0,0,0,0,218.0,346.0,227.0,213.0,133.19534526401463,209.8,4,25,17,115,2014,-0.433883739117558,-0.9009688679024191,0.8660254037844387,-0.4999999999999998,0.9175836260593937,-0.39754281428255595,79061.0,62214.0,53850.0,92725.0,71758.0,51241.0,52736.0,69549.71428571429,15031.64516072986,69198.78571428571,13071.728166475907,69532.36666666667,11545.33244838277,65117.23333333333,10663.097200660484,663,0.9285714285714286,0,0,0,0,82241.5,78589.5
2014-04-26,91673,48,366,8.66,,366.0,6,1,4,2,116,0,0,0,0,0,0,237.0,409.0,351.0,197.42857142857144,120.85508835358328,212.2,5,26,17,116,2014,-0.9749279121818236,-0.2225209339563146,0.8660254037844387,-0.4999999999999998,0.9106046300942162,-0.4132786077829042,74224.0,79061.0,62214.0,94565.0,63921.0,57847.0,62041.0,69136.57142857143,14248.874690738885,71181.07142857143,14260.04071881269,70659.9,12007.276883709776,65785.06666666667,11050.125416677085,664,0.9299719887955182,0,0,0,0,79243.0,85920.5
2014-04-27,66969,37,238,8.99,,238.0,7,1,4,2,117,0,0,0,0,0,0,366.0,0.0,252.0,191.28571428571428,108.80060398992032,218.1,6,27,17,117,2014,-0.7818314824680299,0.6234898018587334,0.8660254037844387,-0.4999999999999998,0.9033558023246845,-0.4288919379124835,91673.0,74224.0,79061.0,51806.0,64134.0,86141.0,81078.0,71302.71428571429,12177.07556181259,71383.57142857143,14172.129038874282,70020.83333333333,11660.088640709273,66002.13333333333,10940.980710026606,665,0.9313725490196079,0,0,0,0,57970.0,66022.0
2014-04-28,54246,21,147,7.44,,147.0,1,0,4,2,118,0,0,0,0,0,0,238.0,176.0,166.0,225.28571428571428,68.95098327970507,218.0,0,28,18,118,2014,0.0,1.0,0.8660254037844387,-0.4999999999999998,0.895839290734909,-0.4443781781046132,66969.0,91673.0,74224.0,71128.0,75844.0,92237.0,65525.0,68891.0,13783.283546866893,69840.85714285714,14810.395329773399,68754.46666666666,11218.748340453962,66116.93333333333,10776.94549327271,666,0.9327731092436975,0,0,0,0,73486.0,64912.0
2014-04-29,68074,18,115,8.75,,115.0,2,0,4,2,119,0,0,0,0,0,0,147.0,176.0,199.0,221.14285714285717,73.14922777315965,211.4,1,29,18,119,2014,0.7818314824680298,0.6234898018587336,0.8660254037844387,-0.4999999999999998,0.8880573226294932,-0.45973273945210397,54246.0,66969.0,91673.0,53850.0,60292.0,67904.0,55537.0,70923.0,12147.74376856315,70396.71428571429,14568.503853432258,68760.13333333333,11218.346877827682,66244.26666666666,10753.771311461309,667,0.9341736694677871,0,0,0,0,57071.0,56283.5
2014-04-30,69568,24,157,7.36,,157.0,3,0,4,2,120,0,0,0,0,0,0,115.0,166.0,185.0,212.42857142857144,82.46384489147817,207.16666666666663,2,30,18,120,2014,0.9749279121818236,-0.22252093395631434,0.8660254037844387,-0.4999999999999998,0.8800122039735357,-0.47495107206704995,68074.0,54246.0,66969.0,62214.0,57778.0,76969.0,45956.0,71973.57142857143,11573.457519357778,71238.85714285714,14116.719251991894,68513.43333333333,11112.480128164561,66389.93333333333,10738.344394480117,668,0.9355742296918768,0,0,0,0,59996.0,66114.0
2014-05-01,56825,29,157,9.32,,157.0,4,0,5,2,121,0,0,0,0,0,0,157.0,218.0,228.0,211.14285714285717,83.37351412254921,206.56666666666663,3,1,18,121,2014,0.43388373911755823,-0.900968867902419,0.49999999999999994,-0.8660254037844387,0.8717063187093218,-0.4900286664290592,69568.0,68074.0,54246.0,79061.0,67241.0,59201.0,61859.0,68797.0,12330.739664215806,70494.85714285714,14609.506451186184,68434.23333333334,11189.340838135002,66248.46666666666,10808.45382797242,669,0.9369747899159664,0,0,0,0,73151.0,71254.5
2014-05-02,77572,34,219,8.88,,219.0,5,0,5,2,122,0,0,0,0,0,0,157.0,237.0,346.0,202.42857142857144,85.69297354092551,207.2333333333333,4,2,18,122,2014,-0.433883739117558,-0.9009688679024191,0.49999999999999994,-0.8660254037844387,0.8631421280499114,-0.5049610547215204,56825.0,69568.0,68074.0,74224.0,92725.0,71152.0,52768.0,69275.28571428571,12637.44330306148,69412.5,13342.227831213115,68648.23333333334,11303.917153475842,66516.03333333334,10887.784596629295,670,0.938375350140056,0,0,0,0,83474.5,72991.0
2014-05-03,76962,31,320,9.36,,320.0,6,1,5,2,123,0,0,0,0,0,0,219.0,366.0,409.0,199.8571428571429,84.74752419476866,209.16666666666663,5,3,18,123,2014,-0.9749279121818236,-0.2225209339563146,0.49999999999999994,-0.8660254037844387,0.854322169749827,-0.5197438121555155,77572.0,56825.0,69568.0,91673.0,94565.0,61136.0,65527.0,67173.71428571429,8988.340534905587,68155.14285714286,11490.494404956093,69175.76666666666,11310.529228397698,66845.31666666667,10900.166830462746,671,0.9397759103641457,0,0,0,0,93119.0,77797.0
2014-05-04,62102,32,228,11.31,,228.0,7,1,5,2,124,0,0,0,0,0,0,320.0,238.0,0.0,193.28571428571428,70.26311096090748,214.76666666666668,6,4,18,124,2014,-0.7818314824680299,0.6234898018587334,0.49999999999999994,-0.8660254037844387,0.8452490573530633,-0.5343725582809786,76962.0,77572.0,56825.0,66969.0,51806.0,64454.0,70526.0,66478.42857142857,9192.732779341475,68890.57142857143,10663.31993124288,69097.36666666667,11352.461025860426,66841.95,10901.62435016146,672,0.9411764705882353,0,0,0,0,59387.5,65551.5
2014-05-05,69004,16,124,9.8,,124.0,1,0,5,2,125,0,0,0,0,0,0,228.0,147.0,176.0,191.8571428571429,69.29749531651841,215.9,0,5,19,125,2014,0.0,1.0,0.49999999999999994,-0.8660254037844387,0.8359254794186372,-0.548842958284719,62102.0,76962.0,77572.0,54246.0,71128.0,77276.0,67566.0,68586.71428571429,7446.141477621826,68738.85714285714,10644.1303207783,68821.63333333333,11246.931500247796,67117.71666666666,10739.672218417048,673,0.9425770308123249,0,0,0,0,62687.0,65045.0
2014-05-06,53646,18,119,11.27,,119.0,2,0,5,2,126,0,0,0,0,0,0,124.0,115.0,176.0,188.57142857142856,72.26077115295047,208.96666666666667,1,6,19,126,2014,0.7818314824680298,0.6234898018587336,0.49999999999999994,-0.8660254037844387,0.8263541987239096,-0.5631507242749186,69004.0,62102.0,76962.0,68074.0,53850.0,80238.0,57438.0,66525.57142857143,9362.10478217261,68724.28571428571,10666.197256383626,67935.23333333334,11363.440845106355,67021.41666666667,10835.308302484356,674,0.9439775910364145,0,0,0,0,60962.0,64183.0
2014-05-07,58144,23,129,10.7,,129.0,3,0,5,2,127,0,0,0,0,0,0,119.0,157.0,166.0,189.14285714285717,71.59475905266778,204.1,2,7,19,127,2014,0.9749279121818236,-0.22252093395631434,0.49999999999999994,-0.8660254037844387,0.8165380514459161,-0.5772916165517272,53646.0,69004.0,62102.0,69568.0,62214.0,58696.0,57682.0,64893.57142857143,9731.77301175789,68433.57142857143,10909.968446081919,67916.83333333333,11379.35291198071,66697.66666666667,10804.97266511048,675,0.9453781512605042,0,0,0,0,65891.0,63673.0
2014-05-08,68244,33,163,7.4,,163.0,4,0,5,2,128,0,0,0,0,0,0,129.0,157.0,218.0,185.14285714285717,74.41646003277467,203.83333333333331,3,8,19,128,2014,0.43388373911755823,-0.900968867902419,0.49999999999999994,-0.8660254037844387,0.8064799463209448,-0.5912614448635781,58144.0,53646.0,69004.0,56825.0,79061.0,58717.0,62173.0,66524.85714285714,9089.74065322303,67660.92857142857,10473.748762899993,68234.4,11245.91137227682,66769.28333333334,10800.67156275463,676,0.9467787114845938,0,0,0,0,67943.0,62033.0
2014-05-09,65031,39,215,14.64,,215.0,5,0,5,2,129,0,0,0,0,0,0,163.0,219.0,237.0,186.0,74.07203700902718,204.2,4,9,19,129,2014,-0.433883739117558,-0.9009688679024191,0.49999999999999994,-0.8660254037844387,0.7961828637826158,-0.6050560696488488,68244.0,58144.0,53646.0,77572.0,74224.0,70014.0,74119.0,64733.28571428572,7675.333406749196,67004.28571428571,10317.641616545417,68068.3,11255.515543424808,66831.1,10779.559534254715,677,0.9481792717086834,0,0,0,0,75898.0,85148.5
2014-05-10,90641,37,329,13.71,,329.0,6,1,5,2,130,0,0,0,0,0,0,215.0,320.0,366.0,185.42857142857144,73.78992059185595,206.3,5,10,19,130,2014,-0.9749279121818236,-0.2225209339563146,0.49999999999999994,-0.8660254037844387,0.7856498550787147,-0.6186714032625031,65031.0,68244.0,58144.0,76962.0,91673.0,63448.0,72687.0,66687.42857142857,11891.18681849626,66930.57142857143,10129.81583638707,68974.73333333334,11944.473900261359,67301.8,11191.48408055979,678,0.9495798319327731,0,0,0,0,84317.5,85763.5
2014-05-11,68852,28,272,12.19,,272.0,7,1,5,2,131,0,0,0,0,0,0,329.0,228.0,238.0,186.7142857142857,76.55219196886607,212.06666666666663,6,11,19,131,2014,-0.7818314824680299,0.6234898018587334,0.49999999999999994,-0.8660254037844387,0.7748840413670407,-0.6321034111873487,90641.0,65031.0,68244.0,62102.0,66969.0,71758.0,71898.0,67651.71428571429,11729.963266698387,67065.07142857143,10142.85782413698,68877.86666666667,11932.901837251198,67553.06666666667,11051.01989137417,679,0.9509803921568627,0,0,0,0,64535.5,56954.0
2014-05-12,69435,32,138,11.5,,138.0,1,0,5,2,132,0,0,0,0,0,0,272.0,124.0,147.0,193.0,82.11171252223016,213.56666666666663,0,12,20,132,2014,0.0,1.0,0.49999999999999994,-0.8660254037844387,0.7638886127905428,-0.6453481132295501,68852.0,90641.0,65031.0,69004.0,54246.0,63921.0,52078.0,67713.28571428571,11739.371955294719,68150.0,9455.227825429001,69061.66666666667,11896.328959500299,67795.36666666667,10927.51192076818,680,0.9523809523809523,0,0,0,0,61625.0,70066.0
2014-05-13,60577,22,144,8.67,,144.0,2,0,5,2,133,0,0,0,0,0,0,138.0,119.0,115.0,195.0,80.30151513722124,206.46666666666667,1,13,20,133,2014,0.7818314824680298,0.6234898018587336,0.49999999999999994,-0.8660254037844387,0.7526668275320085,-0.6584015846980488,69435.0,68852.0,90641.0,53646.0,68074.0,64134.0,60400.0,68703.42857142857,10591.289579290105,67614.5,9669.72770875871,68943.1,11964.664305995977,67568.55,10933.852240997481,681,0.9537815126050421,0,0,0,0,60860.0,53748.0
2014-05-14,55050,23,148,12.99,,148.0,3,0,5,2,134,0,0,0,0,0,0,144.0,129.0,157.0,198.57142857142856,76.83935003815269,202.86666666666667,2,14,20,134,2014,0.9749279121818236,-0.22252093395631434,0.49999999999999994,-0.8660254037844387,0.7412220108485958,-0.6712599575675313,60577.0,69435.0,68852.0,58144.0,69568.0,75844.0,50828.0,68261.42857142857,11154.965424376978,66577.5,10207.62374781322,68249.96666666666,12151.94799052273,67257.48333333334,11021.196953500676,682,0.9551820728291317,0,0,0,0,63856.0,60179.0
2014-05-15,57219,30,191,10.73,,191.0,4,0,5,2,135,0,0,0,0,0,0,148.0,163.0,157.0,201.28571428571428,74.26464902790654,202.26666666666668,3,15,20,135,2014,0.43388373911755823,-0.900968867902419,0.49999999999999994,-0.8660254037844387,0.7295575540864875,-0.6839194216246106,55050.0,60577.0,69435.0,68244.0,56825.0,60292.0,59353.0,66686.42857142857,11910.570037535814,66605.64285714286,10179.17085641916,68147.53333333334,12234.016417585384,67050.53333333334,11092.129033255738,683,0.9565826330532213,0,0,0,0,62534.5,73652.5
2014-05-16,59940,34,225,11.09,,225.0,5,0,5,2,136,0,0,0,0,0,0,191.0,215.0,219.0,205.28571428571428,72.59410969152258,202.0,4,16,20,136,2014,-0.433883739117558,-0.9009688679024191,0.49999999999999994,-0.8660254037844387,0.717676913675962,-0.6963762255968722,57219.0,55050.0,60577.0,65031.0,77572.0,57778.0,61104.0,65959.14285714286,12180.868297300845,65346.21428571428,9801.747537898555,68219.6,12177.061741736821,67100.68333333333,11052.331674375091,684,0.957983193277311,0,0,0,0,71301.5,69627.5
2014-05-17,75063,36,321,10.92,,321.0,6,1,5,2,137,0,0,0,0,0,0,225.0,329.0,320.0,206.7142857142857,72.91482310594657,203.33333333333331,5,17,20,137,2014,-0.9749279121818236,-0.2225209339563146,0.49999999999999994,-0.8660254037844387,0.705583610107178,-0.7086266782644596,59940.0,57219.0,55050.0,90641.0,76962.0,67241.0,62021.0,63733.71428571428,7407.875667474467,65210.57142857143,9640.448335522948,68480.33333333333,12238.969920407737,67293.95,11089.040094516571,685,0.9593837535014006,0,0,0,0,83801.5,91157.0
2014-05-18,54308,29,254,10.32,,254.0,7,1,5,2,138,0,0,0,0,0,0,321.0,272.0,228.0,205.57142857142856,70.707984327225,206.4333333333333,6,18,20,138,2014,-0.7818314824680299,0.6234898018587334,0.49999999999999994,-0.8660254037844387,0.6932812268869777,-0.7206671495538609,75063.0,59940.0,57219.0,68852.0,62102.0,92725.0,70817.0,61656.0,7764.112913484177,64653.857142857145,10050.10903007925,67199.76666666666,11608.31271318652,67220.25,11161.381330625101,686,0.9607843137254902,0,0,0,0,65477.0,67910.5
2014-05-19,52151,17,167,10.57,,167.0,1,0,5,2,139,0,0,0,0,0,0,254.0,138.0,124.0,203.0,68.17135273216587,203.36666666666667,0,19,21,139,2014,0.0,1.0,0.49999999999999994,-0.8660254037844387,0.6807734094770161,-0.7324940716135789,54308.0,75063.0,59940.0,69435.0,69004.0,94565.0,79140.0,59186.857142857145,7625.005080404139,63450.07142857143,10488.716585449662,65785.96666666666,10708.487234942226,67046.63333333333,11314.936775614682,687,0.9621848739495799,0,0,0,0,69219.5,61840.5
2014-05-20,76131,20,167,8.1,,167.0,2,0,5,2,140,0,0,0,0,0,0,167.0,144.0,119.0,207.14285714285717,64.33617067515681,195.3,1,20,21,140,2014,0.7818314824680298,0.6234898018587336,0.49999999999999994,-0.8660254037844387,0.6680638642135335,-0.7441039398713607,52151.0,54308.0,75063.0,60577.0,53646.0,51806.0,63527.0,61408.857142857145,9995.454857560122,65056.142857142855,10592.976264103738,66596.8,10532.93028750217,67290.85,11350.783885160821,688,0.9635854341736695,0,0,0,0,57111.5,64325.5
2014-05-21,67548,25,187,9.45,,187.0,3,0,5,2,141,0,0,0,0,0,0,167.0,148.0,129.0,210.42857142857144,61.078793763622265,200.86666666666667,2,21,21,141,2014,0.9749279121818236,-0.22252093395631434,0.49999999999999994,-0.8660254037844387,0.6551563572090853,-0.7554933140726803,76131.0,52151.0,54308.0,55050.0,58144.0,71128.0,59158.0,63194.28571428572,9784.29380374964,65727.85714285714,10417.661526001259,66477.46666666666,10500.052196038905,67186.61666666667,11318.648606361681,689,0.9649859943977591,0,0,0,0,56597.0,62309.0
2014-05-22,71566,38,191,9.5,,191.0,4,0,5,2,142,0,0,0,0,0,0,187.0,191.0,163.0,216.0,56.00297611139424,201.2333333333333,3,22,21,142,2014,0.43388373911755823,-0.900968867902419,0.49999999999999994,-0.8660254037844387,0.6420547132365637,-0.766658819300159,67548.0,76131.0,52151.0,57219.0,68244.0,53850.0,68313.0,65243.857142857145,9826.586308387508,65965.14285714286,10516.742716384888,67068.0,10260.83977876658,67577.38333333333,11050.790126044678,690,0.9663865546218487,0,0,0,0,62731.5,57022.0
2014-05-23,79831,34,248,8.52,,248.0,5,0,5,2,143,0,1,0,0,0,1,191.0,225.0,215.0,216.0,56.00297611139424,201.7333333333333,4,23,21,143,2014,-0.433883739117558,-0.9009688679024191,0.49999999999999994,-0.8660254037844387,0.6287628145958344,-0.7775971469736269,71566.0,67548.0,76131.0,59940.0,65031.0,62214.0,80538.0,68085.42857142857,10858.966569263359,67022.28571428571,11140.943416954315,67655.23333333334,10475.336747721403,67902.38333333333,11120.588123228772,691,0.9677871148459384,0,0,0,0,62485.5,68756.0
2014-05-24,142828,110,1344,9.99,,1225.67,6,1,5,2,144,0,1,0,0,1,1,248.0,321.0,329.0,219.28571428571428,57.27918262252723,204.46666666666667,5,24,21,144,2014,-0.9749279121818236,-0.2225209339563146,0.49999999999999994,-0.8660254037844387,0.6152845999633276,-0.7883050558305255,79831.0,71566.0,67548.0,75063.0,90641.0,79061.0,64509.0,77766.14285714286,30521.18064245749,70749.92857142857,22545.161887486312,69780.8,17188.167586834425,69273.53333333334,14696.650688964692,692,0.969187675070028,0,0,0,0,82852.0,76012.5
2014-05-25,131289,107,1095,10.34,,1095.0,7,1,5,2,145,0,1,0,0,1,1,1225.67,254.0,272.0,348.5242857142857,388.4221725501412,238.05566666666667,6,25,21,145,2014,-0.7818314824680299,0.6234898018587334,0.49999999999999994,-0.8660254037844387,0.6016240632249226,-0.7987793728863649,142828.0,79831.0,71566.0,54308.0,68852.0,74224.0,145705.0,88763.42857142857,34295.4917487082,75209.71428571429,27721.995730767703,71682.96666666666,20529.650168313532,70607.66666666667,16548.568522932503,693,0.9705882352941176,0,0,0,0,61580.0,58205.0
2014-05-26,132591,74,1034,12.58,,1034.0,1,0,5,2,146,0,1,0,0,1,1,1095.0,167.0,138.0,468.6671428571429,474.7774414296414,266.65566666666666,0,26,22,146,2014,0.0,1.0,0.49999999999999994,-0.8660254037844387,0.5877852522924732,-0.8090169943749473,131289.0,142828.0,79831.0,52151.0,69435.0,91673.0,115521.0,100254.85714285714,33449.21549368317,79720.85714285714,31580.150169802124,73046.9,23101.654824067205,71853.4,18293.01987579612,694,0.9719887955182073,0,0,0,0,60793.0,60577.5
2014-05-27,59327,25,134,12.31,,134.0,2,0,5,2,147,0,0,0,0,0,1,1034.0,167.0,144.0,592.5242857142857,495.59656724184975,288.9223333333333,1,27,22,147,2014,0.7818314824680298,0.6234898018587336,0.49999999999999994,-0.8660254037844387,0.5737722679043246,-0.8190148866680801,132591.0,131289.0,142828.0,76131.0,60577.0,66969.0,137842.0,97854.28571428571,35976.589396042335,79631.57142857143,31640.148591293328,72792.16666666667,23212.84968775784,71406.5,18265.57009415275,695,0.9733893557422969,0,0,0,0,68354.0,64888.5
2014-05-28,70955,17,177,11.51,,177.0,3,0,5,2,148,0,0,0,0,0,0,134.0,187.0,148.0,587.8100000000001,500.452091646477,285.4556666666667,2,28,22,148,2014,0.9749279121818236,-0.22252093395631434,0.49999999999999994,-0.8660254037844387,0.5595892624101765,-0.8287700871745038,59327.0,132591.0,131289.0,67548.0,55050.0,54246.0,74039.0,98341.0,35518.380898721494,80767.64285714286,30968.031977427072,73349.13333333333,22951.495973680838,71051.8,18059.683255288735,696,0.9747899159663865,0,0,0,0,61299.0,62846.0
2014-05-29,48953,30,148,11.99,,148.0,4,0,5,2,149,0,0,0,0,0,0,177.0,191.0,191.0,586.3814285714286,501.7993773222052,286.4556666666667,3,29,22,149,2014,0.43388373911755823,-0.900968867902419,0.49999999999999994,-0.8660254037844387,0.545240438540651,-0.8382797052177744,70955.0,59327.0,132591.0,71566.0,57219.0,68074.0,65022.0,95110.57142857143,39197.27143504224,80177.21428571429,31525.32498015518,72711.76666666666,23364.813699654074,70735.95,18280.043782561715,697,0.9761904761904762,0,0,0,0,64392.5,69905.0
2014-05-30,63243,37,187,14.11,,187.0,5,0,5,2,150,0,0,0,0,0,0,148.0,248.0,225.0,580.2385714285714,507.6749863324167,287.5556666666667,4,30,22,150,2014,-0.433883739117558,-0.9009688679024191,0.49999999999999994,-0.8660254037844387,0.5307300481619334,-0.8475409228928311,48953.0,70955.0,59327.0,79831.0,59940.0,69568.0,63089.0,92740.85714285714,40745.80655899272,80413.14285714286,31374.22140708992,72500.93333333333,23422.62523189972,70507.18333333333,18286.60405175003,698,0.9775910364145658,0,0,0,0,69885.5,72431.0
2014-05-31,72756,28,302,8.88,,302.0,6,1,5,2,151,0,0,0,0,0,0,187.0,1225.67,321.0,571.5242857142857,514.8018849958094,288.5556666666667,5,31,22,151,2014,-0.9749279121818236,-0.2225209339563146,0.49999999999999994,-0.8660254037844387,0.5160623910158528,-0.8565509959010036,63243.0,48953.0,70955.0,142828.0,75063.0,56825.0,54891.0,82730.57142857143,34521.86845009568,80248.35714285714,31410.520828359273,73031.96666666666,23234.807487880185,70733.1,18228.194993898698,699,0.9789915966386554,0,0,0,0,108945.5,116734.5
2014-06-01,64951,34,225,11.96,,225.0,7,1,6,2,152,0,0,0,0,0,0,302.0,1095.0,254.0,439.57142857142856,430.6935713253133,293.389,6,1,22,152,2014,-0.7818314824680299,0.6234898018587334,1.2246467991473532e-16,-1.0,0.5012418134457758,-0.865307254363206,72756.0,63243.0,48953.0,131289.0,54308.0,77572.0,67756.0,73253.71428571429,27325.42416086941,81008.57142857143,30858.34470039429,72611.26666666666,23264.011392371056,70629.75,18243.352539640116,700,0.9803921568627451,0,0,0,0,92798.5,100070.5
2014-06-02,63389,33,144,8.43,,144.0,1,0,6,2,153,0,0,0,0,0,0,225.0,1034.0,167.0,315.2857142857143,321.79378193998457,293.589,0,2,23,153,2014,0.0,1.0,1.2246467991473532e-16,-1.0,0.48627270710868997,-0.8738071036110808,64951.0,72756.0,63243.0,132591.0,52151.0,76962.0,66285.0,63367.71428571428,7877.615686536069,81811.28571428571,30188.836009432303,72158.83333333333,23308.42159493278,70667.3,18225.79070968447,701,0.9817927170868347,0,0,0,0,92371.0,101013.0
2014-06-03,67838,19,172,9.94,,172.0,2,0,6,2,154,0,0,0,0,0,0,144.0,134.0,167.0,188.14285714285717,59.07460980666461,287.7223333333333,1,3,23,154,2014,0.7818314824680298,0.6234898018587336,1.2246467991473532e-16,-1.0,0.4711595076738638,-0.8820480249558537,63389.0,64951.0,72756.0,59327.0,76131.0,62102.0,68300.0,64583.57142857143,7806.502585604187,81218.92857142857,30389.56084038447,72350.03333333334,23246.52438312886,70723.7,18211.467962965038,702,0.9831932773109243,0,0,0,0,67729.0,59952.0
2014-06-04,57930,26,168,12.04,,168.0,3,0,6,2,155,0,0,0,0,0,0,172.0,177.0,187.0,193.57142857142856,54.86607070208207,285.85566666666665,2,4,23,155,2014,0.9749279121818236,-0.22252093395631434,1.2246467991473532e-16,-1.0,0.4559066935084588,-0.8900275764346767,67838.0,63389.0,64951.0,70955.0,67548.0,69004.0,62032.0,62722.857142857145,7583.842505145686,80531.92857142857,30827.937685119046,71980.9,23388.974429241796,70401.26666666666,18264.67586638085,703,0.9845938375350141,0,0,0,0,69251.5,63002.5
2014-06-05,69377,35,164,10.85,,164.0,4,0,6,2,156,0,0,0,0,0,0,168.0,148.0,191.0,192.28571428571428,55.4217595225159,287.32233333333335,3,5,23,156,2014,0.43388373911755823,-0.900968867902419,1.2246467991473532e-16,-1.0,0.440518784350495,-0.8977433935342337,57930.0,67838.0,63389.0,48953.0,71566.0,53646.0,67967.0,65640.57142857143,4833.30904098957,80375.57142857143,30882.413386447457,72505.26666666666,23138.743853088763,70220.25,18219.29804934913,704,0.9859943977591037,0,0,0,0,60259.5,53086.0
2014-06-06,67588,56,182,12.63,,182.0,5,0,6,2,157,0,0,0,0,0,0,164.0,187.0,248.0,194.57142857142856,53.59059974428851,288.82233333333335,4,6,23,157,2014,-0.433883739117558,-0.9009688679024191,1.2246467991473532e-16,-1.0,0.42500033996955416,-0.9051931898913974,69377.0,57930.0,67838.0,63243.0,79831.0,58144.0,77481.0,66261.28571428571,4752.409624400286,79501.07142857143,31071.78271844405,72820.06666666667,23000.452098905047,70368.45,18160.03671263463,705,0.9873949579831933,0,0,0,0,71537.0,61591.5
2014-06-07,58115,50,278,12.74,,278.0,6,1,6,2,158,0,0,0,0,0,0,182.0,302.0,1225.67,193.8571428571429,53.74144450182755,290.589,5,7,23,158,2014,-0.9749279121818236,-0.2225209339563146,1.2246467991473532e-16,-1.0,0.4093559588156213,-0.9123747579707273,67588.0,69377.0,57930.0,72756.0,142828.0,68244.0,71073.0,64169.71428571428,4638.073296613495,73450.14285714286,25548.439232344317,72482.43333333333,23143.839440488886,70358.41666666667,18166.748251786434,706,0.988795518207283,0,0,0,0,107792.0,73909.5
2014-06-08,62245,34,230,10.2,,230.0,7,1,6,2,159,0,0,0,0,0,0,278.0,225.0,1095.0,190.42857142857144,45.8833925760276,294.4223333333333,6,8,23,159,2014,-0.7818314824680299,0.6234898018587334,1.2246467991473532e-16,-1.0,0.39359027665646673,-0.9192859697186104,58115.0,67588.0,69377.0,64951.0,131289.0,65031.0,73658.0,63783.142857142855,4674.726353080761,68518.42857142857,19464.192495310548,72389.56666666667,23180.330747518903,70228.93333333333,18196.90639182299,707,0.9901960784313726,0,0,0,0,98120.0,59629.5
2014-06-09,61264,21,144,13.39,,144.0,1,0,6,2,160,0,0,0,0,0,0,230.0,144.0,1034.0,191.14285714285717,46.54542072509757,294.9223333333333,0,9,24,160,2014,0.0,1.0,1.2246467991473532e-16,-1.0,0.3777079652039649,-0.9259247771938498,62245.0,58115.0,67588.0,63389.0,132591.0,90641.0,66214.0,63479.57142857143,4772.561187215055,63423.642857142855,6257.60341943638,71410.33333333333,23002.549147091722,70192.53333333334,18212.877827558776,708,0.9915966386554622,0,0,0,0,97990.0,57770.0
2014-06-10,60539,19,154,13.14,,154.0,2,0,6,2,161,0,0,0,0,0,0,144.0,172.0,134.0,191.14285714285717,46.54542072509757,288.7556666666667,1,10,24,161,2014,0.7818314824680298,0.6234898018587336,1.2246467991473532e-16,-1.0,0.36171373072976765,-0.9322892131745133,61264.0,62245.0,58115.0,67838.0,59327.0,68852.0,64908.0,62436.857142857145,4447.927061323563,63510.21428571428,6204.728744812309,71133.23333333334,23084.35657604273,70005.55,18254.0770745857,709,0.9929971988795518,0,0,0,0,63582.5,71984.5
2014-06-11,57318,27,168,11.64,,168.0,3,0,6,2,162,0,0,0,0,0,0,154.0,168.0,177.0,188.57142857142856,48.24540441968744,284.82233333333335,2,11,24,162,2014,0.9749279121818236,-0.22252093395631434,1.2246467991473532e-16,-1.0,0.3456123126707335,-0.9383773917408641,60539.0,61264.0,62245.0,57930.0,70955.0,69435.0,59804.0,62349.42857142857,4555.9807161259605,62536.142857142855,6013.560545929264,70729.33333333333,23220.695775511394,69895.5,18311.195971734185,710,0.9943977591036415,0,0,0,0,64442.5,62739.0
2014-06-12,50475,30,154,11.79,,154.0,4,0,6,2,163,0,0,0,0,0,0,168.0,164.0,148.0,188.57142857142856,48.24540441968744,285.82233333333335,3,12,24,163,2014,0.43388373911755823,-0.900968867902419,1.2246467991473532e-16,-1.0,0.3294084822245304,-0.9441875088341993,57318.0,60539.0,61264.0,69377.0,48953.0,60577.0,70585.0,59649.142857142855,5245.891326506988,62644.857142857145,5757.415083139055,70392.6,23445.157667232295,69667.85,18468.27120815039,711,0.9957983193277311,0,0,0,0,59165.0,70471.5
2014-06-13,70170,36,211,13.72,,211.0,5,0,6,2,164,0,0,0,0,0,0,154.0,182.0,187.0,187.14285714285717,49.23220007078367,286.15566666666666,4,13,24,164,2014,-0.433883739117558,-0.9009688679024191,1.2246467991473532e-16,-1.0,0.3131070409358269,-0.9497178427914316,50475.0,57318.0,60539.0,67588.0,63243.0,55050.0,63795.0,60018.0,5941.756867010303,63139.642857142855,6100.216825996646,70896.6,23265.796131394007,69573.28333333334,18450.628668809466,712,0.9971988795518207,0,0,0,0,65415.5,73709.5
2014-06-14,79110,39,298,12.27,,298.0,6,1,6,2,165,0,0,0,0,0,0,211.0,278.0,302.0,191.28571428571428,49.94234771452225,288.2556666666667,5,14,24,165,2014,-0.9749279121818236,-0.2225209339563146,1.2246467991473532e-16,-1.0,0.29671281927349075,-0.9549667548552551,70170.0,50475.0,57318.0,58115.0,72756.0,57219.0,68399.0,63017.28571428572,9217.1931684629,63593.5,7035.397115793814,71626.3,23165.09722532204,69886.91666666667,18450.125621079544,713,0.9985994397759104,0,0,0,0,65435.5,100471.5
