Date,Sales,Num_Employees,Num_Customers,Pct_On_Sale,TouristEvent,Num_Customers_Clean,Day_of_Week,Is_Weekend,Month,Quarter,Day_of_Year,Is_Black_Friday,Is_Memorial_Day,Is_Holiday,Holiday_Nearby,Is_Tourist_Event,Event_Nearby,Lag_Customers_1,Lag_Customers_7,Lag_Customers_14,Rolling_Mean_7,Rolling_Std_7,Rolling_Mean_30,DayOfWeek,DayOfMonth,WeekOfYear,DayOfYear,Year,DoW_sin,DoW_cos,Month_sin,Month_cos,DayOfYear_sin,DayOfYear_cos,lag_1,lag_2,lag_3,lag_7,lag_14,lag_30,lag_365,rolling_mean_7,rolling_std_7,rolling_mean_14,rolling_std_14,rolling_mean_30,rolling_std_30,rolling_mean_60,rolling_std_60,Days_Since_Start,Trend,is_black_friday,is_christmas,is_new_year,is_holiday,lag_7_14_avg,lag_7_21_avg
2012-07-01,19532,12,89,10.56,,89.0,7,1,7,3,183,0,0,0,0,0,0,79.5244319775596,79.78630834512022,80.05845714285714,79.61981006263892,40.10204256232544,79.59954191033138,6,1,26,183,2012,-0.7818314824680299,0.6234898018587334,-0.4999999999999997,-0.8660254037844388,-0.008606996888688009,-0.9999629591162655,,,,,,,,19532.0,,19532.0,,19532.0,,19532.0,,0,0.0,0,0,0,0,,
2012-07-02,25403,7,79,9.17,,79.0,1,0,7,3,184,0,0,0,0,0,0,89.0,79.78630834512022,80.05845714285714,79.61981006263892,40.10204256232544,79.59954191033138,0,2,27,184,2012,0.0,1.0,-0.4999999999999997,-0.8660254037844388,-0.02581844022713239,-0.9996666485105112,19532.0,,,,,,,22467.5,4151.42391234622,22467.5,4151.42391234622,22467.5,4151.42391234622,22467.5,4151.42391234622,1,0.0014005602240896359,0,0,0,0,,
2012-07-03,17711,7,97,9.49,,97.0,2,0,7,3,185,0,0,0,0,0,0,79.0,79.78630834512022,80.05845714285714,79.61981006263892,40.10204256232544,79.59954191033138,1,3,27,185,2012,0.7818314824680298,0.6234898018587336,-0.4999999999999997,-0.8660254037844388,-0.04302223300453034,-0.99907411510223,25403.0,19532.0,,,,,,20882.0,4019.7749937030057,20882.0,4019.7749937030057,20882.0,4019.7749937030057,20882.0,4019.7749937030057,2,0.0028011204481792717,0,0,0,0,,
2012-07-04,23336,8,95,10.69,,95.0,3,0,7,3,186,0,0,0,0,0,0,97.0,79.78630834512022,80.05845714285714,79.61981006263892,40.10204256232544,79.59954191033138,2,4,27,186,2012,0.9749279121818236,-0.22252093395631434,-0.4999999999999997,-0.8660254037844388,-0.060213277365792774,-0.9981855344718586,17711.0,25403.0,19532.0,,,,,21495.5,3503.986729426925,21495.5,3503.986729426925,21495.5,3503.986729426925,21495.5,3503.986729426925,3,0.004201680672268907,0,0,0,0,,
2012-07-05,22879,8,81,10.39,,81.0,4,0,7,3,187,0,0,0,0,0,0,95.0,79.78630834512022,80.05845714285714,79.61981006263892,40.10204256232544,79.59954191033138,3,5,27,187,2012,0.43388373911755823,-0.900968867902419,-0.4999999999999997,-0.8660254037844388,-0.07738647923346322,-0.9970011699250151,23336.0,17711.0,25403.0,,,,,21772.2,3096.975411591122,21772.2,3096.975411591122,21772.2,3096.975411591122,21772.2,3096.975411591122,4,0.0056022408963585435,0,0,0,0,,
2012-07-06,20918,13,92,12.76,,92.0,5,0,7,3,188,0,0,0,0,0,0,81.0,79.78630834512022,80.05845714285714,79.61981006263892,40.10204256232544,79.59954191033138,4,6,27,188,2012,-0.433883739117558,-0.9009688679024191,-0.4999999999999997,-0.8660254037844388,-0.09453674981719933,-0.9955213724144752,22879.0,23336.0,17711.0,,,,,21629.833333333332,2791.8837666827512,21629.833333333332,2791.8837666827512,21629.833333333332,2791.8837666827512,21629.833333333332,2791.8837666827512,5,0.0070028011204481795,0,0,0,0,,
2012-07-07,21308,13,137,8.93,,137.0,6,1,7,3,189,0,0,0,0,0,0,92.0,79.78630834512022,80.05845714285714,79.61981006263892,40.10204256232544,79.59954191033138,5,7,27,189,2012,-0.9749279121818236,-0.2225209339563146,-0.4999999999999997,-0.8660254037844388,-0.11165900712169444,-0.9937465804361781,20918.0,22879.0,23336.0,,,,,21583.85714285714,2551.530745034663,21583.85714285714,2551.530745034663,21583.85714285714,2551.530745034663,21583.85714285714,2551.530745034663,6,0.008403361344537815,0,0,0,0,,
2012-07-08,22472,10,90,11.73,,90.0,7,1,7,3,190,0,0,0,0,0,0,137.0,89.0,80.05845714285714,95.71428571428572,19.414035178312663,79.59954191033138,6,8,27,190,2012,-0.7818314824680299,0.6234898018587334,-0.4999999999999997,-0.8660254037844388,-0.12874817745258066,-0.99167731989929,21308.0,20918.0,22879.0,19532.0,,,,22003.85714285714,2394.637580690895,21694.875,2383.0368642613507,21694.875,2383.0368642613507,21694.875,2383.0368642613507,7,0.00980392156862745,0,0,0,0,,
2012-07-09,20388,7,66,9.87,,66.0,1,0,7,3,191,0,0,0,0,0,0,90.0,79.0,80.05845714285714,95.85714285714286,19.359998032270656,79.59954191033138,0,9,28,191,2012,0.0,1.0,-0.4999999999999997,-0.8660254037844388,-0.14579919691987442,-0.9893142039703664,22472.0,21308.0,20918.0,25403.0,,,,21287.428571428572,1909.1738053534102,21549.666666666668,2271.293849329056,21549.666666666668,2271.293849329056,21549.666666666668,2271.293849329056,8,0.011204481792717087,0,0,0,0,,
2012-07-10,18678,5,66,7.4,,66.0,2,0,7,3,192,0,0,0,0,0,0,66.0,97.0,80.05845714285714,94.0,21.725560982400427,79.59954191033138,1,10,28,192,2012,0.7818314824680298,0.6234898018587336,-0.4999999999999997,-0.8660254037844388,-0.16280701293851646,-0.9866579328916572,20388.0,22472.0,21308.0,17711.0,,,,21425.571428571428,1620.4093985927198,21262.5,2325.9891205439653,21262.5,2325.9891205439653,21262.5,2325.9891205439653,9,0.012605042016806723,0,0,0,0,,
2012-07-11,24364,8,70,11.66,,70.0,3,0,7,3,193,0,0,0,0,0,0,66.0,95.0,80.05845714285714,89.57142857142857,24.047571900000925,79.59954191033138,2,11,28,193,2012,0.9749279121818236,-0.22252093395631434,-0.4999999999999997,-0.8660254037844388,-0.17976658572556214,-0.9837092937736098,18678.0,20388.0,22472.0,23336.0,,,,21572.428571428572,1852.386555873518,21544.454545454544,2396.5986048413015,21544.454545454544,2396.5986048413015,21544.454545454544,2396.5986048413015,10,0.014005602240896359,0,0,0,0,,
2012-07-12,23707,10,76,9.6,,76.0,4,0,7,3,194,0,0,0,0,0,0,70.0,81.0,80.05845714285714,86.0,24.946609656090207,79.59954191033138,3,12,28,194,2012,0.43388373911755823,-0.900968867902419,-0.4999999999999997,-0.8660254037844388,-0.19667288979357622,-0.9804691603616321,24364.0,18678.0,20388.0,22879.0,,,,21690.714285714286,1972.2804663878921,21724.666666666668,2368.807422746857,21724.666666666668,2368.807422746857,21724.666666666668,2368.807422746857,11,0.015406162464985995,0,0,0,0,,
2012-07-13,21728,12,79,8.11,,79.0,5,0,7,3,195,0,0,0,0,0,0,76.0,92.0,80.05845714285714,85.28571428571429,25.184084165164613,79.59954191033138,4,13,28,195,2012,-0.433883739117558,-0.9009688679024191,-0.4999999999999997,-0.8660254037844388,-0.2135209154397959,-0.9769384927771817,23707.0,24364.0,18678.0,20918.0,,,,21806.428571428572,1942.932307719689,21724.923076923078,2267.9606280216617,21724.923076923078,2267.9606280216617,21724.923076923078,2267.9606280216617,12,0.01680672268907563,0,0,0,0,,
2012-07-14,22557,10,103,10.38,,103.0,6,1,7,3,196,0,0,0,0,0,0,79.0,137.0,80.05845714285714,83.42857142857143,25.085567848580062,79.59954191033138,5,14,28,196,2012,-0.9749279121818236,-0.2225209339563146,-0.4999999999999997,-0.8660254037844388,-0.23030567023061196,-0.973118337233262,21728.0,23707.0,24364.0,21308.0,,,,21984.85714285714,1946.8771942584913,21784.35714285714,2190.304566357518,21784.35714285714,2190.304566357518,21784.35714285714,2190.304566357518,13,0.018207282913165267,0,0,0,0,,
2012-07-15,19341,11,78,7.51,,78.0,7,1,7,3,197,0,0,0,0,0,0,103.0,90.0,89.0,78.57142857142857,13.685237092784094,79.59954191033138,6,15,28,197,2012,-0.7818314824680299,0.6234898018587334,-0.4999999999999997,-0.8660254037844388,-0.24702218048093527,-0.9690098257244063,22557.0,21728.0,23707.0,22472.0,19532.0,,,21537.571428571428,2163.877912232486,21770.714285714286,2205.9520682627103,21621.466666666667,2202.8980544036162,21621.466666666667,2202.8980544036162,14,0.0196078431372549,0,0,0,0,21002.0,
2012-07-16,22671,6,67,10.19,,67.0,1,0,7,3,198,0,0,0,0,0,0,78.0,66.0,79.0,76.85714285714286,12.7335327832796,79.59954191033138,0,16,29,198,2012,0.0,1.0,-0.4999999999999997,-0.8660254037844388,-0.2636654927280072,-0.9646141756912435,19341.0,22557.0,21728.0,20388.0,25403.0,,,21863.714285714286,2133.5716310360685,21575.571428571428,1967.9118849209653,21687.0625,2144.3151655404267,21687.0625,2144.3151655404267,15,0.02100840336134454,0,0,0,0,22895.5,
2012-07-17,20870,5,70,8.11,,70.0,2,0,7,3,199,0,0,0,0,0,0,67.0,66.0,97.0,77.0,12.596295751794091,79.59954191033138,1,17,29,199,2012,0.7818314824680298,0.6234898018587336,-0.4999999999999997,-0.8660254037844388,-0.2802306751992161,-0.9599326896597445,22671.0,19341.0,22557.0,18678.0,17711.0,,,22176.85714285714,1706.118931822696,21801.214285714286,1645.3878747097172,21639.0,2085.659877592701,21639.0,2085.659877592701,16,0.022408963585434174,0,0,0,0,18194.5,
2012-07-18,22328,7,73,6.75,,73.0,3,0,7,3,200,0,0,0,0,0,0,70.0,70.0,95.0,77.57142857142857,12.094863136295242,79.59954191033138,2,18,29,200,2012,0.9749279121818236,-0.22252093395631434,-0.4999999999999997,-0.8660254037844388,-0.2967128192734901,-0.9549667548552553,20870.0,22671.0,19341.0,24364.0,23336.0,,,21886.0,1420.8047015687998,21729.214285714286,1594.3234966868906,21677.277777777777,2029.8939643577319,21677.277777777777,2029.8939643577319,17,0.023809523809523808,0,0,0,0,23850.0,
2012-07-19,21355,9,81,9.52,,81.0,4,0,7,3,201,0,0,0,0,0,0,73.0,76.0,81.0,78.0,11.832159566199202,79.59954191033138,3,19,29,201,2012,0.43388373911755823,-0.900968867902419,-0.4999999999999997,-0.8660254037844388,-0.3131070409358267,-0.9497178427914317,22328.0,20870.0,22671.0,23707.0,22879.0,,,21550.0,1175.2846463729568,21620.35714285714,1561.468914301425,21660.315789473683,1974.0873855652778,21660.315789473683,1974.0873855652778,18,0.025210084033613446,0,0,0,0,23293.0,
2012-07-20,23471,12,81,8.99,,81.0,5,0,7,3,202,0,0,0,0,0,0,81.0,79.0,92.0,78.71428571428571,11.842216652219069,79.59954191033138,4,20,29,202,2012,-0.433883739117558,-0.9009688679024191,-0.4999999999999997,-0.8660254037844388,-0.3294084822245302,-0.9441875088341994,21355.0,22328.0,20870.0,21728.0,20918.0,,,21799.0,1385.1783278697392,21802.714285714286,1621.0733115188482,21750.85,1963.6301847933537,21750.85,1963.6301847933537,19,0.02661064425770308,0,0,0,0,21323.0,
2012-07-21,23647,11,114,7.24,,114.0,6,1,7,3,203,0,0,0,0,0,0,81.0,103.0,137.0,79.0,11.874342087037892,79.59954191033138,5,21,29,203,2012,-0.9749279121818236,-0.2225209339563146,-0.4999999999999997,-0.8660254037844388,-0.3456123126707333,-0.9383773917408642,23471.0,21355.0,22328.0,22557.0,21308.0,,,21954.714285714286,1537.483085466388,21969.785714285714,1685.4191525493668,21841.14285714286,1958.126688590764,21841.14285714286,1958.126688590764,20,0.028011204481792718,0,0,0,0,21932.5,
2012-07-22,23127,11,82,6.5,,82.0,7,1,7,3,204,0,0,0,0,0,0,114.0,78.0,90.0,80.57142857142857,15.693492736982222,79.59954191033138,6,22,29,204,2012,-0.7818314824680299,0.6234898018587334,-0.4999999999999997,-0.8660254037844388,-0.3617137307297674,-0.9322892131745134,23647.0,23471.0,21355.0,19341.0,22472.0,,,22495.571428571428,1055.0032949621327,22016.571428571428,1709.3537111698433,21899.590909090908,1930.500494174674,21899.590909090908,1930.500494174674,21,0.029411764705882353,0,0,0,0,20906.5,19436.5
2012-07-23,17733,9,69,8.53,,69.0,1,0,7,3,205,0,0,0,0,0,0,82.0,67.0,66.0,81.14285714285714,15.65703858150885,79.59954191033138,0,23,30,205,2012,0.0,1.0,-0.4999999999999997,-0.8660254037844388,-0.37770796520396466,-0.9259247771938499,23127.0,23647.0,23471.0,22671.0,20388.0,,,21790.14285714286,2075.4957984837783,21826.928571428572,2022.5233464198109,21718.434782608696,2076.591959439289,21718.434782608696,2076.591959439289,22,0.03081232492997199,0,0,0,0,21529.5,24037.0
2012-07-24,21533,8,69,7.23,,69.0,2,0,7,3,206,0,0,0,0,0,0,69.0,70.0,66.0,81.42857142857143,15.37158789083658,79.59954191033138,1,24,30,206,2012,0.7818314824680298,0.6234898018587336,-0.4999999999999997,-0.8660254037844388,-0.39359027665646645,-0.9192859697186105,17733.0,23127.0,23647.0,20870.0,18678.0,,,21884.85714285714,2041.3541607285633,22030.85714285714,1813.7558930463729,21710.708333333332,2031.2997012871529,21710.708333333332,2031.2997012871529,23,0.03221288515406162,0,0,0,0,19774.0,19290.5
2012-07-25,22028,9,76,6.61,,76.0,3,0,7,3,207,0,0,0,0,0,0,69.0,73.0,70.0,81.28571428571429,15.499615970665038,79.59954191033138,2,25,30,207,2012,0.9749279121818236,-0.22252093395631434,-0.4999999999999997,-0.8660254037844388,-0.4093559588156211,-0.9123747579707274,21533.0,17733.0,23127.0,22328.0,24364.0,,,21842.0,2033.6345951686292,21864.0,1685.524570251968,21723.4,1989.5429961006962,21723.4,1989.5429961006962,24,0.03361344537815126,0,0,0,0,23346.0,22832.0
2012-07-26,14971,12,78,11.59,,78.0,4,0,7,3,208,0,0,0,0,0,0,76.0,81.0,76.0,81.71428571428571,15.272134599920692,79.59954191033138,3,26,30,208,2012,0.43388373911755823,-0.900968867902419,-0.4999999999999997,-0.8660254037844388,-0.42500033996955394,-0.9051931898913975,22028.0,21533.0,17733.0,21355.0,23707.0,,,20930.0,3315.752353036438,21240.0,2411.4860723054317,21463.69230769231,2356.6077954420966,21463.69230769231,2356.6077954420966,25,0.0350140056022409,0,0,0,0,22531.0,22117.0
2012-07-27,24626,13,88,8.38,,88.0,5,0,7,3,209,0,0,0,0,0,0,78.0,81.0,79.0,81.28571428571429,15.337473561121294,79.59954191033138,4,27,30,209,2012,-0.433883739117558,-0.9009688679024191,-0.4999999999999997,-0.8660254037844388,-0.4405187843504952,-0.8977433935342336,14971.0,22028.0,21533.0,23471.0,21728.0,,,21095.0,3487.5598441699426,21447.0,2575.4075405651824,21580.814814814814,2389.639658014717,21580.814814814814,2389.639658014717,26,0.036414565826330535,0,0,0,0,22599.5,22194.5
2012-07-28,29912,13,112,10.48,,112.0,6,1,7,3,210,0,0,0,0,0,0,88.0,114.0,103.0,82.28571428571429,15.542568274626564,79.59954191033138,5,28,30,210,2012,-0.9749279121818236,-0.2225209339563146,-0.4999999999999997,-0.8660254037844388,-0.455906693508459,-0.8900275764346766,24626.0,14971.0,22028.0,23647.0,22557.0,,,21990.0,4806.212160665958,21972.35714285714,3428.2259957625297,21878.35714285714,2824.4933103686867,21878.35714285714,2824.4933103686867,27,0.037815126050420166,0,0,0,0,23102.0,22477.5
2012-07-29,21111,10,79,10.42,,79.0,7,1,7,3,211,0,0,0,0,0,0,112.0,82.0,78.0,82.0,14.86606874731849,79.59954191033138,6,29,30,211,2012,-0.7818314824680299,0.6234898018587334,-0.4999999999999997,-0.8660254037844388,-0.47115950767386394,-0.8820480249558535,29912.0,24626.0,14971.0,23127.0,19341.0,,,21702.0,4787.088816110825,22098.785714285714,3355.5883624547528,21851.896551724138,2777.255317045791,21851.896551724138,2777.255317045791,28,0.0392156862745098,0,0,0,0,21234.0,22799.5
2012-07-30,24762,6,67,6.31,,67.0,1,0,7,3,212,0,0,0,0,0,0,79.0,69.0,67.0,81.57142857142857,14.90924928645684,79.59954191033138,0,30,31,212,2012,0.0,1.0,-0.4999999999999997,-0.8660254037844388,-0.4862727071086902,-0.8738071036110807,21111.0,29912.0,24626.0,17733.0,22671.0,,,22706.14285714286,4546.973991149552,22248.14285714286,3428.754289537527,21948.9,2780.1918235729836,21948.9,2780.1918235729836,29,0.04061624649859944,0,0,0,0,20202.0,19060.5
2012-07-31,18873,7,64,8.39,,64.0,2,0,7,3,213,0,0,0,0,0,0,67.0,69.0,70.0,81.28571428571429,15.206514894547492,83.46666666666667,1,31,31,213,2012,0.7818314824680298,0.6234898018587336,-0.4999999999999997,-0.8660254037844388,-0.5012418134457756,-0.8653072543632061,24762.0,21111.0,29912.0,21533.0,20870.0,19532.0,,22326.14285714286,4767.17517434142,22105.5,3530.5271070827603,21926.933333333334,2802.4608020677897,21849.677419354837,2788.730253324343,30,0.04201680672268908,0,0,0,0,21201.5,20105.5
2012-08-01,17580,9,81,8.41,,81.0,3,0,8,3,214,0,0,0,0,0,0,64.0,76.0,73.0,80.57142857142857,15.977662979475868,82.63333333333334,2,1,31,214,2012,0.9749279121818236,-0.22252093395631434,-0.8660254037844385,-0.5000000000000004,-0.5160623910158526,-0.8565509959010037,18873.0,24762.0,21111.0,22028.0,22328.0,25403.0,,21690.714285714286,5098.469564953969,21766.35714285714,3729.9255015687313,21666.166666666668,2831.6719940009293,21716.25,2845.318429937489,31,0.04341736694677871,0,0,0,0,22178.0,23196.0
2012-08-02,18984,9,82,10.33,,82.0,4,0,8,3,215,0,0,0,0,0,0,81.0,78.0,81.0,81.28571428571429,15.850491955712124,82.7,3,2,31,215,2012,0.43388373911755823,-0.900968867902419,-0.8660254037844385,-0.5000000000000004,-0.5307300481619331,-0.8475409228928312,17580.0,18873.0,24762.0,14971.0,21355.0,17711.0,,22264.0,4393.887762183585,21597.0,3803.1487561675085,21708.6,2779.4149669706917,21633.454545454544,2840.609079613353,32,0.04481792717086835,0,0,0,0,18163.0,19339.0
2012-08-03,22136,10,85,12.27,,85.0,5,0,8,3,216,0,0,0,0,0,0,82.0,88.0,81.0,81.85714285714286,15.784259790780707,82.2,4,3,31,216,2012,-0.433883739117558,-0.9009688679024191,-0.8660254037844385,-0.5000000000000004,-0.5452404385406507,-0.8382797052177745,18984.0,17580.0,18873.0,24626.0,23471.0,23336.0,,21908.285714285714,4269.838198116557,21501.64285714286,3769.131395696093,21668.6,2763.7775198648583,21648.235294117647,2798.5658779564283,33,0.046218487394957986,0,0,0,0,24048.5,23177.0
2012-08-04,21602,9,114,8.79,,114.0,6,1,8,3,217,0,0,0,0,0,0,85.0,112.0,114.0,81.42857142857143,15.629642167551816,81.86666666666666,5,4,31,217,2012,-0.9749279121818236,-0.2225209339563146,-0.8660254037844385,-0.5000000000000004,-0.5595892624101763,-0.828770087174504,22136.0,18984.0,17580.0,29912.0,23647.0,22879.0,,20721.14285714286,2434.417139588821,21355.571428571428,3718.8849386359325,21626.033333333333,2754.3102833162443,21646.914285714287,2757.114426900924,34,0.047619047619047616,0,0,0,0,26779.5,26234.5
2012-08-05,24428,17,90,10.29,,90.0,7,1,8,3,218,0,0,0,0,0,0,114.0,79.0,82.0,81.71428571428571,16.28613199130152,82.96666666666667,6,5,31,218,2012,-0.7818314824680299,0.6234898018587334,-0.8660254037844385,-0.5000000000000004,-0.5737722679043243,-0.8190148866680802,21602.0,22136.0,18984.0,21111.0,23127.0,20918.0,,21195.0,2815.887604291054,21448.5,3782.2696228587406,21743.033333333333,2797.4099163744104,21724.166666666668,2756.689064802195,35,0.049019607843137254,0,0,0,0,22119.0,20226.0
2012-08-06,20836,6,63,11.48,,63.0,1,0,8,3,219,0,0,0,0,0,0,90.0,67.0,69.0,83.28571428571429,16.509737386507037,82.9,0,6,32,219,2012,0.0,1.0,-0.8660254037844385,-0.5000000000000004,-0.5877852522924734,-0.8090169943749472,24428.0,21602.0,22136.0,24762.0,17733.0,21308.0,,20634.14285714286,2337.334837556902,21670.14285714286,3635.876613315247,21727.3,2801.265688688007,21700.162162162163,2722.051059949643,36,0.05042016806722689,0,0,0,0,21247.5,23716.5
2012-08-07,20904,7,63,9.24,,63.0,2,0,8,3,220,0,0,0,0,0,0,63.0,64.0,69.0,82.71428571428571,17.221249332479573,80.43333333333334,1,7,32,220,2012,0.7818314824680298,0.6234898018587336,-0.8660254037844385,-0.5000000000000004,-0.6016240632249227,-0.7987793728863648,20836.0,24428.0,21602.0,18873.0,21533.0,22472.0,,20924.285714285714,2204.5681144905866,21625.214285714286,3641.5834505709918,21675.033333333333,2801.519815156167,21679.21052631579,2688.119127004472,37,0.05182072829131653,0,0,0,0,20203.0,19871.5
2012-08-08,17010,6,76,10.71,,76.0,3,0,8,3,221,0,0,0,0,0,0,63.0,81.0,76.0,82.57142857142857,17.4055273103799,79.53333333333333,2,8,32,221,2012,0.9749279121818236,-0.22252093395631434,-0.8660254037844385,-0.5000000000000004,-0.6152845999633277,-0.7883050558305253,20904.0,20836.0,24428.0,17580.0,22028.0,20388.0,,20842.85714285714,2354.134478498871,21266.785714285714,3840.4132625893953,21562.433333333334,2920.395600071939,21559.48717948718,2755.8738118674037,38,0.05322128851540616,0,0,0,0,19804.0,19954.0
2012-08-09,22053,9,69,9.23,,69.0,4,0,8,3,222,0,0,0,0,0,0,76.0,82.0,78.0,81.85714285714286,17.582458791160484,79.86666666666666,3,9,32,222,2012,0.43388373911755823,-0.900968867902419,-0.8660254037844385,-0.5000000000000004,-0.6287628145958345,-0.7775971469736268,17010.0,20904.0,20836.0,18984.0,14971.0,18678.0,,21281.285714285714,2232.9074256288773,21772.64285714286,3386.9977313054314,21674.933333333334,2870.021121312805,21571.825,2721.4315792216084,39,0.0546218487394958,0,0,0,0,16977.5,20169.5
2012-08-10,20532,11,93,14.62,,93.0,5,0,8,3,223,0,0,0,0,0,0,69.0,85.0,88.0,80.0,18.239152027072585,79.96666666666667,4,10,32,223,2012,-0.433883739117558,-0.9009688679024191,-0.8660254037844385,-0.5000000000000004,-0.6420547132365636,-0.7666588193001592,22053.0,17010.0,20904.0,22136.0,24626.0,24364.0,,21052.14285714286,2212.7886198619344,21480.214285714286,3297.2382657792086,21547.2,2831.225875591824,21546.463414634145,2692.100797681627,40,0.056022408963585436,0,0,0,0,23381.0,22803.5
2012-08-11,20392,10,107,12.24,,107.0,6,1,8,3,224,0,0,0,0,0,0,93.0,114.0,112.0,81.14285714285714,18.84523433504759,80.73333333333333,5,11,32,224,2012,-0.9749279121818236,-0.2225209339563146,-0.8660254037844385,-0.5000000000000004,-0.655156357209085,-0.7554933140726804,20532.0,22053.0,17010.0,21602.0,29912.0,23707.0,,20879.285714285714,2209.935497873617,20800.214285714286,2235.1861453569345,21436.7,2808.6246621973983,21518.97619047619,2665.0278952285116,41,0.05742296918767507,0,0,0,0,25757.0,22624.5
2012-08-12,21727,13,91,8.9,,91.0,7,1,8,3,225,0,0,0,0,0,0,107.0,90.0,79.0,80.14285714285714,16.896040674554197,81.76666666666667,6,12,32,225,2012,-0.7818314824680299,0.6234898018587334,-0.8660254037844385,-0.5000000000000004,-0.6680638642135333,-0.7441039398713608,20392.0,20532.0,22053.0,24428.0,21111.0,21728.0,,20493.428571428572,1652.5705085454865,20844.214285714286,2247.802043657874,21436.666666666668,2808.6210917070334,21523.81395348837,2633.301334246334,42,0.058823529411764705,0,0,0,0,22769.5,23777.5
2012-08-13,21963,6,67,10.86,,67.0,1,0,8,3,226,0,0,0,0,0,0,91.0,63.0,67.0,80.28571428571429,16.99719864874095,82.16666666666667,0,13,33,226,2012,0.0,1.0,-0.8660254037844385,-0.5000000000000004,-0.6807734094770159,-0.7324940716135792,21727.0,20392.0,20532.0,20836.0,24762.0,22557.0,,20654.428571428572,1743.883296663213,20644.285714285714,1981.2004685804209,21416.866666666665,2802.537885970295,21533.795454545456,2603.3435083185705,43,0.06022408963585434,0,0,0,0,22799.0,19284.5
2012-08-14,21853,9,63,8.96,,63.0,2,0,8,3,227,0,0,0,0,0,0,67.0,63.0,64.0,80.85714285714286,16.375068156891945,80.96666666666667,1,14,33,227,2012,0.7818314824680298,0.6234898018587336,-0.8660254037844385,-0.5000000000000004,-0.6932812268869771,-0.7206671495538615,21963.0,21727.0,20392.0,20904.0,18873.0,19341.0,,20790.0,1802.4244783069287,20857.14285714286,1935.8210683818886,21500.6,2775.775698977582,21540.88888888889,2574.0298986592834,44,0.06162464985994398,0,0,0,0,19888.5,21218.5
2012-08-15,19088,9,67,9.52,,67.0,3,0,8,3,228,0,0,0,0,0,0,63.0,76.0,81.0,80.85714285714286,16.375068156891945,80.46666666666667,2,15,33,228,2012,0.9749279121818236,-0.22252093395631434,-0.8660254037844385,-0.5000000000000004,-0.7055836101071774,-0.70862667826446,21853.0,21963.0,21727.0,17010.0,17580.0,22671.0,,21086.85714285714,1116.8362202476917,20964.85714285714,1774.6941169652866,21381.166666666668,2800.6517970832697,21487.565217391304,2570.8346388083037,45,0.06302521008403361,0,0,0,0,17295.0,19519.0
2012-08-16,29291,16,93,8.76,,93.0,4,0,8,3,229,0,0,0,0,0,0,67.0,69.0,82.0,79.57142857142857,17.154757774032063,80.46666666666667,3,16,33,229,2012,0.43388373911755823,-0.900968867902419,-0.8660254037844385,-0.5000000000000004,-0.7176769136759615,-0.6963762255968726,19088.0,21853.0,21963.0,22053.0,18984.0,20870.0,,22120.85714285714,3326.0180110041224,21701.071428571428,2756.2057103167067,21661.866666666665,3148.1043089818177,21653.59574468085,2785.878868894951,46,0.06442577030812324,0,0,0,0,20518.5,18512.0
2012-08-17,23106,9,88,9.8,,88.0,5,0,8,3,230,0,0,0,0,0,0,93.0,93.0,85.0,83.0,17.088007490635057,81.23333333333333,4,17,33,230,2012,-0.433883739117558,-0.9009688679024191,-0.8660254037844385,-0.5000000000000004,-0.7295575540864876,-0.6839194216246105,29291.0,19088.0,21853.0,20532.0,22136.0,22328.0,,22488.571428571428,3262.7676828700146,21770.35714285714,2780.06866564736,21687.8,3156.9729761931435,21683.854166666668,2764.0438305911644,47,0.06582633053221289,0,0,0,0,21334.0,22579.0
2012-08-18,21944,9,105,7.33,,105.0,6,1,8,3,231,0,0,0,0,0,0,88.0,107.0,114.0,82.28571428571429,16.700441967348095,81.73333333333333,5,18,33,231,2012,-0.9749279121818236,-0.2225209339563146,-0.8660254037844385,-0.5000000000000004,-0.7412220108485957,-0.6712599575675315,23106.0,29291.0,19088.0,20392.0,21602.0,21355.0,,22710.285714285714,3147.2412106629595,21794.785714285714,2779.9780900788924,21707.433333333334,3156.6634030618293,21689.163265306124,2735.3526383489293,48,0.06722689075630252,0,0,0,0,20997.0,25152.0
2012-08-19,25229,12,80,10.05,,80.0,7,1,8,3,232,0,0,0,0,0,0,105.0,91.0,90.0,82.0,16.21727474022684,82.53333333333333,6,19,33,232,2012,-0.7818314824680299,0.6234898018587334,-0.8660254037844385,-0.5000000000000004,-0.7526668275320083,-0.6584015846980489,21944.0,23106.0,29291.0,21727.0,24428.0,23471.0,,23210.571428571428,3241.8059193985737,21852.0,2845.8039015634677,21766.033333333333,3206.4559712246632,21759.96,2753.1919505793076,49,0.06862745098039216,0,0,0,0,23077.5,21419.0
2012-08-20,18984,11,52,9.29,,52.0,1,0,8,3,233,0,0,0,0,0,0,80.0,67.0,63.0,80.42857142857143,15.725320800724976,82.5,0,20,34,233,2012,0.0,1.0,-0.8660254037844385,-0.5000000000000004,-0.7638886127905429,-0.64534811322955,25229.0,21944.0,23106.0,21963.0,20836.0,23647.0,,22785.0,3607.7584915475354,21719.714285714286,2938.2094607370727,21610.6,3225.097299788558,21705.529411764706,2753.1003857683154,50,0.0700280112044818,0,0,0,0,21399.5,23362.5
2012-08-21,18873,7,62,11.44,,62.0,2,0,8,3,234,0,0,0,0,0,0,52.0,63.0,63.0,78.28571428571429,18.616428996223405,80.43333333333334,1,21,34,234,2012,0.7818314824680298,0.6234898018587336,-0.8660254037844385,-0.5000000000000004,-0.7748840413670406,-0.6321034111873488,18984.0,25229.0,21944.0,21853.0,20904.0,23127.0,,22359.285714285714,3900.0431499444444,21574.64285714286,3030.279565857373,21468.8,3249.5521855936627,21651.05769230769,2754.1306476014015,51,0.07142857142857142,0,0,0,0,21378.5,20363.0
2012-08-22,18011,8,62,11.72,,62.0,3,0,8,3,235,0,0,0,0,0,0,62.0,67.0,76.0,78.14285714285714,18.756586144859163,79.76666666666667,2,22,34,235,2012,0.9749279121818236,-0.22252093395631434,-0.8660254037844385,-0.5000000000000004,-0.7856498550787144,-0.6186714032625032,18873.0,18984.0,25229.0,19088.0,17010.0,17733.0,,22205.428571428572,4068.2222512682733,21646.14285714286,2924.2453295256796,21478.066666666666,3238.910501508433,21582.377358490565,2772.970624732861,52,0.07282913165266107,0,0,0,0,18049.0,18334.0
2012-08-23,21435,14,69,8.24,,69.0,4,0,8,3,236,0,0,0,0,0,0,62.0,93.0,69.0,77.42857142857143,19.337848405455556,79.53333333333333,3,23,34,236,2012,0.43388373911755823,-0.900968867902419,-0.8660254037844385,-0.5000000000000004,-0.7961828637826154,-0.6050560696488494,18011.0,18873.0,18984.0,29291.0,22053.0,21533.0,,21083.14285714286,2610.049643753382,21602.0,2922.2950411777915,21474.8,3238.902606833327,21579.64814814815,2746.7591686327737,53,0.0742296918767507,0,0,0,0,25672.0,24137.5
2012-08-24,21515,13,94,13.17,,94.0,5,0,8,3,237,0,0,0,0,0,0,69.0,88.0,93.0,74.0,18.21171783953027,79.53333333333333,4,24,34,237,2012,-0.433883739117558,-0.9009688679024191,-0.8660254037844385,-0.5000000000000004,-0.8064799463209447,-0.5912614448635782,21435.0,18011.0,18873.0,23106.0,20532.0,22028.0,,20855.85714285714,2470.057113278387,21672.214285714286,2906.3743784090393,21457.7,3237.235018046877,21578.47272727273,2721.2213274798714,54,0.07563025210084033,0,0,0,0,21819.0,22621.0
2012-08-25,22516,14,126,9.93,,126.0,6,1,8,3,238,0,0,0,0,0,0,94.0,105.0,107.0,74.85714285714286,19.09998753427662,80.13333333333334,5,25,34,238,2012,-0.9749279121818236,-0.2225209339563146,-0.8660254037844385,-0.5000000000000004,-0.8165380514459157,-0.5772916165517278,21515.0,21435.0,18011.0,21944.0,20392.0,14971.0,,20937.571428571428,2520.99093328681,21823.928571428572,2889.7955867097307,21709.2,3000.3228607877386,21595.214285714286,2699.2784201727677,55,0.07703081232492998,0,0,0,0,21168.0,21773.0
2012-08-26,18622,12,89,15.14,,89.0,7,1,8,3,239,0,0,0,0,0,0,126.0,80.0,91.0,77.85714285714286,25.27468147790438,81.73333333333333,6,26,34,239,2012,-0.7818314824680299,0.6234898018587334,-0.8660254037844385,-0.5000000000000004,-0.8263541987239094,-0.5631507242749187,22516.0,21515.0,21435.0,25229.0,21727.0,24626.0,,19993.714285714286,1772.090076179891,21602.14285714286,3014.2768965029095,21509.066666666666,2999.296824870483,21543.052631578947,2703.9013970626957,56,0.0784313725490196,0,0,0,0,23478.0,24828.5
2012-08-27,22426,7,60,9.53,,60.0,1,0,8,3,240,0,0,0,0,0,0,89.0,52.0,67.0,79.14285714285714,25.62829537463471,81.76666666666667,0,27,35,240,2012,0.0,1.0,-0.8660254037844385,-0.5000000000000004,-0.8359254794186365,-0.5488429582847199,18622.0,22516.0,21515.0,18984.0,21963.0,29912.0,,20485.428571428572,1916.847660191327,21635.214285714286,3021.0728908928886,21259.533333333333,2554.516847945376,21558.275862068964,2682.584475170295,57,0.07983193277310924,0,0,0,0,20473.5,19910.0
2012-08-28,21801,6,60,10.92,,60.0,2,0,8,3,241,0,0,0,0,0,0,60.0,62.0,63.0,80.28571428571429,24.363321378076257,80.03333333333333,1,28,35,241,2012,0.7818314824680298,0.6234898018587336,-0.8660254037844385,-0.5000000000000004,-0.8452490573530634,-0.5343725582809785,22426.0,18622.0,22516.0,18873.0,21853.0,21111.0,,20903.714285714286,1823.5446904573657,21631.5,3020.816490492392,21282.533333333333,2556.2390710780055,21562.389830508473,2659.5459362062825,58,0.08123249299719888,0,0,0,0,20363.0,19888.5
2012-08-29,18248,9,51,11.11,,51.0,3,0,8,3,242,0,0,0,0,0,0,60.0,62.0,67.0,80.0,24.623836689950096,79.4,2,29,35,242,2012,0.9749279121818236,-0.22252093395631434,-0.8660254037844385,-0.5000000000000004,-0.8543221697498269,-0.5197438121555157,21801.0,22426.0,18622.0,18011.0,19088.0,24762.0,,20937.571428571428,1762.048510223531,21571.5,3082.925677140017,21065.4,2526.9832443531104,21507.15,2671.401586198856,59,0.08263305322128851,0,0,0,0,18549.5,17510.5
2012-08-30,20676,13,52,10.34,,52.0,4,0,8,3,243,0,0,0,0,0,0,51.0,69.0,93.0,78.42857142857143,26.260598767336717,78.86666666666666,3,30,35,243,2012,0.43388373911755823,-0.900968867902419,-0.8660254037844385,-0.5000000000000004,-0.8631421280499115,-0.5049610547215202,18248.0,21801.0,22426.0,21435.0,29291.0,18873.0,,20829.14285714286,1749.6464812995291,20956.14285714286,2138.790774718736,21125.5,2494.2716406280556,21526.216666666667,2661.1281543651376,60,0.08403361344537816,0,0,0,0,25363.0,21744.0
2012-08-31,21933,15,80,9.39,,80.0,5,0,8,3,244,0,0,0,0,0,0,52.0,94.0,88.0,76.0,28.00595174839327,78.46666666666667,4,31,35,244,2012,-0.433883739117558,-0.9009688679024191,-0.8660254037844385,-0.5000000000000004,-0.8717063187093217,-0.4900286664290594,20676.0,18248.0,21801.0,21515.0,23106.0,17580.0,,20888.85714285714,1783.756189297505,20872.35714285714,2069.961374858619,21270.6,2405.9567256119212,21468.383333333335,2612.7131238454263,61,0.08543417366946779,0,0,0,0,22310.5,21023.5
2012-09-01,23343,14,126,13.1,,126.0,6,1,9,3,245,0,0,0,0,0,0,80.0,126.0,105.0,74.0,26.987651497181663,78.43333333333334,5,1,35,245,2012,-0.9749279121818236,-0.2225209339563146,-1.0,-1.8369701987210297e-16,-0.8800122039735356,-0.4749510720670502,21933.0,20676.0,18248.0,22516.0,21944.0,18984.0,,21007.0,1930.8131275018163,20972.285714285714,2157.5890900073337,21415.9,2394.7006486305804,21562.25,2576.351128986596,62,0.08683473389355742,0,0,0,0,22230.0,21454.0
2012-09-02,23365,13,109,11.09,,109.0,7,1,9,3,246,0,0,0,1,0,0,126.0,89.0,80.0,74.0,26.987651497181663,79.9,6,2,35,246,2012,-0.7818314824680299,0.6234898018587334,-1.0,-1.8369701987210297e-16,-0.888057322629493,-0.4597327394521046,23343.0,21933.0,20676.0,18622.0,25229.0,22136.0,,21684.571428571428,1780.7514197797586,20839.14285714286,1919.0295166344567,21456.866666666665,2417.844890112614,21562.733333333334,2576.692228990077,63,0.08823529411764706,0,0,0,0,21925.5,20174.5
2012-09-03,22647,5,111,10.0,,111.0,1,0,9,3,247,0,0,1,0,0,0,109.0,60.0,52.0,76.85714285714286,29.75695196884569,80.7,0,3,36,247,2012,0.0,1.0,-1.0,-1.8369701987210297e-16,-0.8958392907349089,-0.4443781781046134,23365.0,23343.0,21933.0,22426.0,18984.0,21602.0,,21716.14285714286,1797.9631465050898,21100.785714285714,1896.214049040934,21491.7,2427.516087520825,21558.866666666665,2574.856938376838,64,0.0896358543417367,0,0,0,0,20705.0,22194.5
2012-09-04,19172,11,43,8.27,,43.0,2,0,9,3,248,0,0,0,1,0,0,111.0,60.0,62.0,84.14285714285714,31.15246684415522,80.6,1,4,36,248,2012,0.7818314824680298,0.6234898018587336,-1.0,-1.8369701987210297e-16,-0.9033558023246842,-0.4288919379124841,22647.0,23365.0,23343.0,21801.0,18873.0,24428.0,,21340.571428571428,2036.095680229106,21122.14285714286,1870.7045097067994,21316.5,2397.775517231436,21529.766666666666,2592.031533383901,65,0.09103641456582633,0,0,0,0,20337.0,21827.0
2012-09-05,16057,9,40,8.27,,40.0,3,0,9,3,249,0,0,0,0,0,0,43.0,51.0,62.0,81.71428571428571,33.8905802336199,79.03333333333333,2,5,36,249,2012,0.9749279121818236,-0.22252093395631434,-1.0,-1.8369701987210297e-16,-0.9106046300942162,-0.41327860778290443,19172.0,22647.0,23365.0,18248.0,18011.0,20836.0,,21027.571428571428,2662.719778543665,20982.571428571428,2169.680930611534,21157.2,2582.438441366661,21442.25,2686.568806747713,66,0.09243697478991597,0,0,0,0,18129.5,18668.0
2012-09-06,20877,15,54,7.03,,54.0,4,0,9,3,250,0,0,0,0,0,0,40.0,52.0,69.0,80.14285714285714,35.75578541266,78.26666666666667,3,6,36,250,2012,0.43388373911755823,-0.900968867902419,-1.0,-1.8369701987210297e-16,-0.9175836260593934,-0.3975428142825566,16057.0,19172.0,22647.0,20676.0,21435.0,20904.0,,21056.285714285714,2659.3782929026684,20942.714285714286,2165.8523434496556,21156.3,2582.53442945304,21415.666666666668,2684.0968791191526,67,0.0938375350140056,0,0,0,0,21055.5,24983.5
2012-09-07,22423,9,61,7.61,,61.0,5,0,9,3,251,0,0,0,0,0,0,54.0,80.0,94.0,80.42857142857143,35.500503014544925,77.96666666666667,4,7,36,251,2012,-0.433883739117558,-0.9009688679024191,-1.0,-1.8369701987210297e-16,-0.9242907221930934,-0.3816892202666586,20877.0,16057.0,19172.0,21933.0,21515.0,17010.0,,21126.285714285714,2692.5433276789768,21007.571428571428,2197.6693498860477,21336.733333333334,2469.4762663133765,21449.583333333332,2683.7482913348895,68,0.09523809523809523,0,0,0,0,21724.0,22519.5
2012-09-08,22728,8,83,6.92,,83.0,6,1,9,3,252,0,0,0,0,0,0,61.0,126.0,126.0,77.71428571428571,36.25701902489265,77.46666666666667,5,8,36,252,2012,-0.9749279121818236,-0.2225209339563146,-1.0,-1.8369701987210297e-16,-0.9307239310379793,-0.3657225234972692,22423.0,20877.0,16057.0,23343.0,22516.0,22053.0,,21038.428571428572,2617.134938384778,21022.714285714286,2209.560778789492,21359.233333333334,2479.282956453522,21517.083333333332,2663.714395870616,69,0.09663865546218488,0,0,0,0,22929.5,22643.5
2012-09-09,21703,16,66,6.65,,66.0,7,1,9,3,253,0,0,0,0,0,1,83.0,109.0,89.0,71.57142857142857,29.77614897227385,77.93333333333334,6,9,36,253,2012,-0.7818314824680299,0.6234898018587334,-1.0,-1.8369701987210297e-16,-0.9368813462954315,-0.34964745525122826,22728.0,22423.0,20877.0,23365.0,18622.0,20532.0,,20801.0,2440.303464735484,21242.785714285714,2102.917101353457,21398.266666666666,2475.0244015980415,21472.733333333334,2637.5344924512465,70,0.09803921568627451,0,0,0,0,20993.5,24297.0
2012-09-10,25937,14,150,8.37,,150.0,1,0,9,3,254,0,0,0,0,1,1,66.0,111.0,60.0,65.42857142857143,24.784787961282035,77.03333333333333,0,10,37,254,2012,0.0,1.0,-1.0,-1.8369701987210297e-16,-0.9427611433904206,-0.33346877891818705,21703.0,22728.0,22423.0,22647.0,22426.0,20392.0,,21271.0,3086.3939584354225,21493.571428571428,2437.5985570382,21583.1,2601.1221364952307,21509.9,2684.839898013679,71,0.09943977591036414,0,0,0,0,22536.5,20815.5
2012-09-11,41318,15,172,6.0,,172.0,2,0,9,3,255,0,0,0,0,1,1,150.0,43.0,60.0,71.0,37.735924528226384,78.46666666666667,1,11,37,255,2012,0.7818314824680298,0.6234898018587336,-1.0,-1.8369701987210297e-16,-0.9483615800121716,-0.31719128858910595,25937.0,21703.0,22728.0,19172.0,21801.0,21727.0,,24434.714285714286,8005.911955429892,22887.64285714286,5837.214109054511,22236.133333333335,4444.528792628724,21836.4,3708.0093668175623,72,0.10084033613445378,0,0,0,0,20486.5,19022.5
2012-09-12,32062,21,167,8.73,,167.0,3,0,9,3,256,0,0,0,0,1,1,172.0,40.0,51.0,89.42857142857143,50.9635724246811,81.16666666666667,2,12,37,256,2012,0.9749279121818236,-0.22252093395631434,-1.0,-1.8369701987210297e-16,-0.9536809966304455,-0.300819807635668,41318.0,25937.0,21703.0,16057.0,18248.0,21963.0,,26721.14285714286,7482.901162618938,23874.35714285714,6151.684967515845,22572.766666666666,4791.99995454589,21994.816666666666,3935.38608573356,73,0.10224089635854341,0,0,0,0,17152.5,17034.0
2012-09-13,18136,11,57,9.31,,57.0,4,0,9,3,257,0,0,0,0,0,1,167.0,54.0,52.0,107.57142857142856,52.99955076179784,84.5,3,13,37,257,2012,0.43388373911755823,-0.900968867902419,-1.0,-1.8369701987210297e-16,-0.9587178169872964,-0.2843591872810036,32062.0,41318.0,25937.0,20877.0,20676.0,21853.0,,26329.571428571428,7899.791492124818,23692.928571428572,6289.1872345660495,22448.866666666665,4858.838166314739,21974.733333333334,3952.197581636549,74,0.10364145658263306,0,0,0,0,20776.5,21156.0
2012-09-14,21411,11,63,8.52,,63.0,5,0,9,3,258,0,0,0,0,0,0,57.0,61.0,80.0,108.0,52.50396810400783,84.3,4,14,37,258,2012,-0.433883739117558,-0.9009688679024191,-1.0,-1.8369701987210297e-16,-0.9634705485641486,-0.26781430516217486,18136.0,32062.0,41318.0,22423.0,21933.0,19088.0,,26185.0,7991.922714007356,23655.64285714286,6301.958030365126,22526.3,4821.7996579471555,21953.733333333334,3951.7827466646186,75,0.10504201680672269,0,0,0,0,22178.0,21969.0
2012-09-15,23280,12,91,9.64,,91.0,6,1,9,3,259,0,0,0,0,0,0,63.0,83.0,126.0,108.28571428571428,52.21019787268352,84.16666666666667,5,15,37,259,2012,-0.9749279121818236,-0.2225209339563146,-1.0,-1.8369701987210297e-16,-0.9679377830240642,-0.25119006388481957,21411.0,18136.0,32062.0,22728.0,23343.0,29291.0,,26263.85714285714,7954.763969441447,23651.14285714286,6302.220937673697,22325.933333333334,4652.93863342692,21993.9,3952.828486119524,76,0.10644257703081232,0,0,0,0,23035.5,22622.0
2012-09-16,23433,12,66,7.22,,66.0,7,1,9,3,260,0,0,0,0,0,0,91.0,66.0,109.0,109.42857142857144,51.648998515160514,84.1,6,16,37,260,2012,-0.7818314824680299,0.6234898018587334,-1.0,-1.8369701987210297e-16,-0.9721181966290612,-0.23449138957041052,23280.0,21411.0,18136.0,21703.0,23365.0,23106.0,,26511.0,7815.096459204244,23656.0,6302.009642841045,22336.833333333332,4655.211496238666,22012.316666666666,3956.983453410561,77,0.10784313725490197,0,0,0,0,22534.0,20162.5
2012-09-17,22817,5,44,5.92,,44.0,1,0,9,3,261,0,0,0,0,0,0,66.0,150.0,111.0,109.42857142857144,51.648998515160514,83.36666666666666,0,17,38,261,2012,0.0,1.0,-1.0,-1.8369701987210297e-16,-0.9760105506323682,-0.21772323039653224,23433.0,23280.0,21411.0,25937.0,22647.0,21944.0,,26065.285714285714,7941.24179446107,23668.14285714286,6300.079411674632,22365.933333333334,4655.399778628101,22036.683333333334,3957.3685636885098,78,0.1092436974789916,0,0,0,0,24292.0,24181.5
2012-09-18,22020,6,40,8.49,,40.0,2,0,9,3,262,0,0,0,0,0,0,44.0,172.0,43.0,94.28571428571428,53.28450145434503,81.33333333333333,1,18,38,262,2012,0.7818314824680298,0.6234898018587336,-1.0,-1.8369701987210297e-16,-0.9796136916454901,-0.20089055513063528,22817.0,23433.0,23280.0,41318.0,19172.0,25229.0,,23308.428571428572,4260.225770900839,23871.571428571428,6188.728696519251,22258.966666666667,4624.108223313932,22012.5,3952.8859120771886,79,0.11064425770308123,0,0,0,0,30245.0,31559.5
2012-09-19,20609,8,40,6.17,,40.0,3,0,9,3,263,0,0,0,0,0,0,40.0,167.0,40.0,75.42857142857143,43.69155960769058,80.0,2,19,38,263,2012,0.9749279121818236,-0.22252093395631434,-1.0,-1.8369701987210297e-16,-0.9829265519799822,-0.18399835165767986,22020.0,22817.0,23433.0,32062.0,16057.0,18984.0,,21672.285714285714,1862.8069961114913,24196.714285714286,5857.286802037157,22313.133333333335,4593.841047295399,21961.866666666665,3951.05116443141,80,0.11204481792717087,0,0,0,0,24059.5,25155.0
2012-09-20,21634,16,55,9.63,,55.0,4,0,9,3,264,0,0,0,0,0,0,40.0,57.0,54.0,57.285714285714285,18.34588315048973,79.6,3,20,38,264,2012,0.43388373911755823,-0.900968867902419,-1.0,-1.8369701987210297e-16,-0.9859481499638303,-0.1670516255021195,20609.0,22020.0,22817.0,18136.0,20877.0,18873.0,,22172.0,1046.2988738086992,24250.785714285714,5827.702953975967,22405.166666666668,4549.99239168241,21936.983333333334,3948.2893162914547,81,0.1134453781512605,0,0,0,0,19506.5,19406.0
2012-09-21,21052,11,68,9.71,,68.0,5,0,9,3,265,0,0,0,0,0,0,55.0,63.0,61.0,57.0,18.36663641860773,79.36666666666666,4,21,38,265,2012,-0.433883739117558,-0.9009688679024191,-1.0,-1.8369701987210297e-16,-0.9886775902323404,-0.15005539834465262,21634.0,20609.0,22020.0,21411.0,22423.0,18011.0,,22120.714285714286,1097.3692350778094,24152.85714285714,5872.129424495169,22506.533333333333,4482.089242932272,21992.3,3911.470412751515,82,0.11484593837535013,0,0,0,0,21917.0,21672.0
2012-09-22,19864,14,107,6.87,,107.0,6,1,9,3,266,0,0,0,0,0,0,68.0,91.0,83.0,57.71428571428572,18.7324521060313,79.56666666666666,5,22,38,266,2012,-0.9749279121818236,-0.2225209339563146,-1.0,-1.8369701987210297e-16,-0.9911140639934546,-0.13301470653419636,21052.0,21634.0,20609.0,23280.0,22728.0,21435.0,,21632.714285714286,1245.466674823238,23948.285714285714,5974.580364132071,22454.166666666668,4504.163308450905,21964.483333333334,3920.7157876914653,83,0.11624649859943978,0,0,0,0,23004.0,23311.5
2012-09-23,18728,18,78,10.64,,78.0,7,1,9,3,267,0,0,0,0,0,0,107.0,66.0,66.0,60.0,23.76972864800932,80.83333333333333,6,23,38,267,2012,-0.7818314824680299,0.6234898018587334,-1.0,-1.8369701987210297e-16,-0.9932568492674143,-0.11593459959550066,19864.0,21052.0,21634.0,23433.0,21703.0,21515.0,,20960.571428571428,1374.8350030873878,23735.785714285714,6111.910341903954,22361.266666666666,4552.682035848784,21909.483333333334,3942.8932313233922,84,0.11764705882352941,0,0,0,0,22568.0,23399.0
2012-09-24,20058,7,43,9.93,,43.0,1,0,9,3,268,0,0,0,0,0,0,78.0,44.0,150.0,61.71428571428572,24.68950037103675,80.3,0,24,39,268,2012,0.0,1.0,-1.0,-1.8369701987210297e-16,-0.9951053111006974,-0.09882013873287211,18728.0,19864.0,21052.0,22817.0,25937.0,22516.0,,20566.428571428572,1127.082939441886,23315.85714285714,6150.877534105228,22279.333333333332,4571.878813470177,21994.266666666666,3844.635623856439,85,0.11904761904761904,0,0,0,0,24377.0,22732.0
2012-09-25,18209,10,38,8.36,,38.0,2,0,9,3,269,0,0,0,0,0,0,43.0,40.0,172.0,61.57142857142857,24.811671600660905,77.53333333333333,1,25,39,269,2012,0.7818314824680298,0.6234898018587336,-1.0,-1.8369701987210297e-16,-0.99665890175417,-0.08167639533042288,20058.0,18728.0,19864.0,22020.0,41318.0,18622.0,,20022.0,1224.178500056265,21665.214285714286,3460.6687254738,22265.566666666666,4583.877448287589,21887.316666666666,3859.4108775500194,86,0.12044817927170869,0,0,0,0,31669.0,20596.0
2012-09-26,17724,11,43,12.02,,43.0,3,0,9,3,270,0,0,0,0,0,0,38.0,40.0,167.0,61.285714285714285,25.111181345596304,75.83333333333333,2,26,39,270,2012,0.9749279121818236,-0.22252093395631434,-1.0,-1.8369701987210297e-16,-0.9979171608653922,-0.06450844944931625,18209.0,20058.0,18728.0,20609.0,32062.0,22426.0,,19609.85714285714,1457.1021959779673,20641.071428571428,1930.460704849217,22108.833333333332,4657.989688350716,21684.183333333334,3749.056290256806,87,0.12184873949579832,0,0,0,0,26335.5,18333.0
2012-09-27,21739,16,48,6.89,,48.0,4,0,9,3,271,0,0,0,0,0,0,43.0,55.0,57.0,61.71428571428572,24.709743595825188,75.26666666666667,3,27,39,271,2012,0.43388373911755823,-0.900968867902419,-1.0,-1.8369701987210297e-16,-0.9988797155850335,-0.04732138832243232,17724.0,18209.0,20058.0,21634.0,18136.0,21801.0,,19624.85714285714,1481.7445156044328,20898.428571428572,1807.0295946784777,22106.766666666666,4658.144729716811,21694.65,3748.3055011112706,88,0.12324929971988796,0,0,0,0,19885.0,21255.5
2012-09-28,19610,16,66,10.08,,66.0,5,0,9,3,272,0,0,0,0,0,0,48.0,68.0,63.0,60.71428571428572,25.164222524013937,74.86666666666666,4,28,39,272,2012,-0.433883739117558,-0.9009688679024191,-1.0,-1.8369701987210297e-16,-0.9995462806873573,-0.03012030484690836,21739.0,17724.0,18209.0,21052.0,21411.0,18248.0,,19418.85714285714,1344.1126476318175,20769.785714285714,1831.6713754034683,22152.166666666668,4625.763631894836,21608.783333333333,3735.837886602114,89,0.12464985994397759,0,0,0,0,21231.5,21737.5
2012-09-29,25882,16,105,9.3,,105.0,6,1,9,3,273,0,0,0,0,0,0,66.0,107.0,91.0,60.42857142857143,25.078923042115985,75.36666666666666,5,29,39,273,2012,-0.9749279121818236,-0.2225209339563146,-1.0,-1.8369701987210297e-16,-0.9999166586547379,-0.012910296075008843,19610.0,21739.0,17724.0,19864.0,23280.0,20676.0,,20278.571428571428,2805.950097984809,20955.64285714286,2200.7904037183575,22325.7,4665.952097467575,21725.6,3758.357242110179,90,0.12605042016806722,0,0,0,0,21572.0,21296.0
2012-09-30,24303,9,66,11.06,,66.0,7,1,9,3,274,0,0,0,0,0,0,105.0,78.0,66.0,60.142857142857146,24.463773022086876,77.13333333333334,6,30,39,274,2012,-0.7818314824680299,0.6234898018587334,-1.0,-1.8369701987210297e-16,-0.9999907397361901,0.004303538296243821,25882.0,19610.0,21739.0,18728.0,23433.0,21933.0,,21075.0,3071.150707253989,21017.785714285714,2286.7285392210033,22404.7,4679.118809982392,21837.65,3732.798694781532,91,0.12745098039215685,0,0,0,0,21080.5,20215.5
2012-10-01,18729,5,37,9.96,,37.0,1,0,10,4,275,0,0,0,0,0,0,66.0,43.0,44.0,58.42857142857143,23.40126166724868,76.66666666666667,0,1,40,275,2012,0.0,1.0,-0.8660254037844386,0.5000000000000001,-0.9997685019798909,0.021516097436222233,24303.0,25882.0,19610.0,20058.0,22817.0,23343.0,,20885.14285714286,3183.5228614734056,20725.785714285714,2300.2730332446263,22250.9,4722.839453855758,21833.4,3736.2463770247414,92,0.12885154061624648,0,0,0,0,21437.5,22997.5
2012-10-02,22639,9,44,7.19,,44.0,2,0,10,4,276,0,0,0,0,0,0,37.0,38.0,40.0,57.57142857142857,24.158208700544048,73.7,1,2,40,276,2012,0.7818314824680298,0.6234898018587336,-0.8660254037844386,0.5000000000000001,-0.9992500112396835,0.03872228089217399,18729.0,24303.0,25882.0,18209.0,22020.0,23365.0,,21518.0,2997.7665019143847,20770.0,2332.7823928321304,22226.7,4718.792204835237,21841.783333333333,3737.500955576848,93,0.13025210084033614,0,0,0,0,20114.5,29763.5
2012-10-03,20121,7,41,7.29,,41.0,3,0,10,4,277,0,0,0,0,0,0,44.0,43.0,40.0,58.42857142857143,23.44395546018296,71.53333333333333,2,3,40,277,2012,0.9749279121818236,-0.22252093395631434,-0.8660254037844386,0.5000000000000001,-0.9984354211555643,0.05591699010060302,22639.0,18729.0,24303.0,17724.0,20609.0,22647.0,,21860.428571428572,2603.074967363463,20735.14285714286,2339.0107658232932,22142.5,4733.547286527631,21817.1,3743.996173310372,94,0.13165266106442577,0,0,0,0,19166.5,24893.0
2012-10-04,20193,10,55,11.95,,55.0,4,0,10,4,278,0,0,0,0,0,0,41.0,48.0,55.0,58.142857142857146,23.674378354588008,69.2,3,4,40,278,2012,0.43388373911755823,-0.900968867902419,-0.8660254037844386,0.5000000000000001,-0.9973249731081555,0.07309512989807776,20121.0,22639.0,18729.0,21739.0,21634.0,19172.0,,21639.571428571428,2679.556048872206,20632.214285714286,2328.0940100820935,22176.533333333333,4715.087886213007,21746.516666666666,3733.8463718437947,95,0.1330532212885154,0,0,0,0,21686.5,19937.5
2012-10-05,27049,14,67,9.97,,67.0,5,0,10,4,279,0,0,0,0,0,1,55.0,66.0,68.0,59.142857142857146,23.319723922240563,69.6,4,5,40,279,2012,-0.433883739117558,-0.9009688679024191,-0.8660254037844386,0.5000000000000001,-0.9959189961471792,0.0902516100310407,20193.0,20121.0,22639.0,19610.0,21052.0,16057.0,,22702.285714285714,3170.62952289109,21060.571428571428,2894.163137028764,22542.933333333334,4649.784325241803,21850.066666666666,3793.837214356929,96,0.13445378151260504,0,0,0,0,20331.0,20510.5
2012-10-06,49367,46,443,9.03,,396.4900000000001,6,1,10,4,280,0,0,0,0,1,1,67.0,105.0,107.0,59.285714285714285,23.37173710356357,70.5,5,6,40,280,2012,-0.9749279121818236,-0.2225209339563146,-0.8660254037844386,0.5000000000000001,-0.994217906893952,0.10738134666416306,27049.0,20193.0,20121.0,25882.0,19864.0,20877.0,,26057.285714285714,10664.751750732969,23167.928571428572,8069.596791607424,23492.6,6738.191584875187,22324.45,5194.493585290785,97,0.13585434173669467,0,0,0,0,22873.0,24581.0
2012-10-07,38587,41,287,10.08,,287.0,7,1,10,4,281,0,0,0,1,1,1,396.4900000000001,66.0,78.0,100.92714285714288,130.86653693926573,81.91633333333334,6,7,40,281,2012,-0.7818314824680299,0.6234898018587334,-0.8660254037844386,0.5000000000000001,-0.9922222094179324,0.12447926388678869,49367.0,27049.0,20193.0,24303.0,18728.0,22423.0,,28097.85714285714,11598.780674832038,24586.428571428572,8928.794851182633,24031.4,7274.616361966667,22684.066666666666,5554.736500384204,98,0.13725490196078433,0,0,0,0,21515.5,23868.0
2012-10-08,26393,17,178,11.69,,178.0,1,0,10,4,282,0,0,1,0,1,1,287.0,37.0,43.0,132.49857142857144,146.7323073296598,89.44966666666667,0,8,41,282,2012,0.0,1.0,-0.8660254037844386,0.5000000000000001,-0.989932495087353,0.141540295217043,38587.0,49367.0,27049.0,18729.0,20058.0,22728.0,,29192.714285714286,10908.180014928947,25038.928571428572,8841.746933760282,24153.566666666666,7282.742509585216,22756.4,5574.60156271736,99,0.13865546218487396,0,0,0,0,19393.5,20773.0
2012-10-09,20959,10,37,8.68,,37.0,2,0,10,4,283,0,0,0,1,0,1,178.0,44.0,38.0,152.6414285714286,141.00382978588112,92.61633333333334,1,9,41,283,2012,0.7818314824680298,0.6234898018587336,-0.8660254037844386,0.5000000000000001,-0.9873494423939864,0.15855938510313475,26393.0,38587.0,49367.0,22639.0,18209.0,21703.0,,28952.714285714286,11093.316512120948,25235.35714285714,8707.874726203447,24128.766666666666,7292.635263168537,22763.516666666666,5571.98565614269,100,0.1400560224089636,0,0,0,0,20424.0,22329.5
2012-10-10,18132,8,38,11.16,,38.0,3,0,10,4,284,0,0,0,0,0,0,37.0,41.0,43.0,151.6414285714286,141.92454573100596,91.64966666666668,2,10,41,284,2012,0.9749279121818236,-0.22252093395631434,-0.8660254037844386,0.5000000000000001,-0.9844738167520923,0.17553149042142777,20959.0,26393.0,38587.0,20121.0,17724.0,25937.0,,28668.571428571428,11379.027109220762,25264.5,8681.445180560488,23868.6,7364.767583476122,22725.85,5595.876438299174,101,0.14145658263305322,0,0,0,0,18922.5,20365.0
2012-10-11,19649,11,53,8.17,,53.0,4,0,10,4,285,0,0,0,0,0,0,38.0,55.0,48.0,151.2128571428572,142.31831865156903,87.91633333333334,3,11,41,285,2012,0.43388373911755823,-0.900968867902419,-0.8660254037844386,0.5000000000000001,-0.9813064702716093,0.19245158197082995,18132.0,20959.0,26393.0,20193.0,21739.0,41318.0,,28590.85714285714,11448.206765378462,25115.214285714286,8764.307240854117,23146.3,6619.267045318643,22691.216666666667,5608.57921853342,102,0.14285714285714285,0,0,0,0,20966.0,20913.5
2012-10-12,23299,15,84,11.06,,84.0,5,0,10,4,286,0,0,0,0,0,0,53.0,67.0,66.0,150.92714285714288,142.54549153565986,83.94966666666667,4,12,41,286,2012,-0.433883739117558,-0.9009688679024191,-0.8660254037844386,0.5000000000000001,-0.9778483415056567,0.20931464596304888,19649.0,18132.0,20959.0,27049.0,19610.0,32062.0,,28055.14285714286,11618.850551705069,25378.714285714286,8640.6430354421,22854.2,6402.04743327719,22713.483333333334,5608.2911427716,103,0.14425770308123248,0,0,0,0,23329.5,24050.5
2012-10-13,32821,12,114,11.17,,114.0,6,1,10,4,287,0,0,0,0,0,0,84.0,396.4900000000001,105.0,153.35571428571433,141.01388487865813,81.183,5,13,41,287,2012,-0.9749279121818236,-0.2225209339563146,-0.8660254037844386,0.5000000000000001,-0.9741004551724206,0.22611568550828803,23299.0,19649.0,18132.0,49367.0,25882.0,18136.0,,25691.428571428572,7521.017791432732,25874.35714285714,8867.764921827327,23343.7,6587.573234036426,22896.283333333333,5756.557578592409,104,0.14565826330532214,0,0,0,0,37624.5,34615.5
2012-10-14,18949,14,81,7.43,,81.0,7,1,10,4,288,0,0,0,0,0,0,114.0,287.0,66.0,113.0,91.60058223977984,83.08300000000001,6,14,41,288,2012,-0.7818314824680299,0.6234898018587334,-0.8660254037844386,0.5000000000000001,-0.970063921851507,0.2428497220959358,32821.0,23299.0,19649.0,38587.0,24303.0,21411.0,,22886.0,5219.607680020926,25491.928571428572,9054.230617309711,23261.633333333335,6627.694046813036,22893.966666666667,5758.143909890203,105,0.14705882352941177,0,0,0,0,31445.0,28657.5
2012-10-15,14021,9,41,11.68,,41.0,1,0,10,4,289,0,0,0,0,0,0,81.0,178.0,37.0,83.57142857142857,50.04949930770916,83.683,0,15,42,289,2012,0.0,1.0,-0.8660254037844386,0.5000000000000001,-0.965739937654855,0.25951179706979943,18949.0,32821.0,23299.0,26393.0,18729.0,23280.0,,21118.571428571428,5886.260495344029,25155.64285714286,9405.358387701071,22953.0,6839.023054854224,22639.466666666667,5807.853162296912,106,0.1484593837535014,0,0,0,0,22561.0,23225.5
2012-10-16,20496,9,49,7.65,,49.0,2,0,10,4,290,0,0,0,0,0,0,41.0,37.0,44.0,64.0,29.56349099818888,82.01633333333334,1,16,42,290,2012,0.7818314824680298,0.6234898018587336,-0.8660254037844386,0.5000000000000001,-0.9611297838723007,0.27609697309746883,14021.0,18949.0,32821.0,20959.0,22639.0,23433.0,,21052.428571428572,5890.95187150439,25002.571428571428,9466.705671126374,22855.1,6852.922283029438,22595.966666666667,5814.070606366868,107,0.14985994397759103,0,0,0,0,21799.0,19584.0
2012-10-17,16147,8,44,6.57,,44.0,3,0,10,4,291,0,0,0,0,0,0,49.0,38.0,41.0,65.71428571428571,28.045880777244705,81.44966666666667,2,17,42,291,2012,0.9749279121818236,-0.22252093395631434,-0.8660254037844386,0.5000000000000001,-0.9562348265919058,0.2926003356333479,20496.0,14021.0,18949.0,18132.0,20121.0,22817.0,,20768.85714285714,6099.061688177173,24718.714285714286,9681.481406261142,22632.766666666666,6961.539567550753,22499.35,5872.956734697362,108,0.15126050420168066,0,0,0,0,19126.5,17928.0
2012-10-18,22139,16,52,13.26,,52.0,4,0,10,4,292,0,0,0,0,0,0,44.0,53.0,55.0,66.57142857142857,27.13458520570584,81.44966666666667,3,18,42,292,2012,0.43388373911755823,-0.900968867902419,-0.8660254037844386,0.5000000000000001,-0.9510565162951536,0.30901699437494723,16147.0,20496.0,14021.0,19649.0,20193.0,22020.0,,21124.571428571428,6095.4737813436395,24857.714285714286,9625.31282551435,22636.733333333334,6961.212270234574,22447.85,5862.152892618944,109,0.15266106442577032,0,0,0,0,19921.0,20694.0
2012-10-19,23193,23,73,15.2,,73.0,5,0,10,4,293,0,0,0,0,0,0,52.0,84.0,67.0,66.42857142857143,27.22044049886733,81.84966666666668,4,19,42,293,2012,-0.433883739117558,-0.9009688679024191,-0.8660254037844386,0.5000000000000001,-0.9455963874271428,0.3253420847119795,22139.0,16147.0,20496.0,23299.0,27049.0,20609.0,,21109.428571428572,6089.300120077928,24582.285714285714,9612.947594289146,22722.866666666665,6951.23649002319,22518.0,5845.158921155121,110,0.15406162464985995,0,0,0,0,25174.0,21454.5
2012-10-20,25768,17,137,15.83,,137.0,6,1,10,4,294,0,0,0,0,0,0,73.0,114.0,396.4900000000001,64.85714285714286,26.34026430789029,82.94966666666667,5,20,42,294,2012,-0.9749279121818236,-0.2225209339563146,-0.8660254037844386,0.5000000000000001,-0.9398560579418953,0.341570769167856,23193.0,22139.0,16147.0,32821.0,49367.0,21634.0,,20101.85714285714,4080.6951380278265,22896.64285714286,6496.497690852569,22860.666666666668,6969.857552263935,22632.916666666668,5840.059221001294,111,0.15546218487394958,0,0,0,0,41094.0,29351.5
2012-10-21,27035,18,84,13.35,,84.0,7,1,10,4,295,0,0,0,0,0,0,137.0,81.0,287.0,68.14285714285714,33.85473168026669,85.683,6,21,42,295,2012,-0.7818314824680299,0.6234898018587334,-0.8660254037844386,0.5000000000000001,-0.9338372288229252,0.35769823883312546,25768.0,23193.0,22139.0,18949.0,38587.0,21052.0,,21257.0,4783.850297267545,22071.5,4883.763614105575,23060.1,7001.844802966402,22783.316666666666,5835.209064825867,112,0.1568627450980392,0,0,0,0,28768.0,21626.0
2012-10-22,22795,8,41,7.36,,41.0,1,0,10,4,296,0,0,0,0,0,0,84.0,41.0,178.0,68.57142857142857,34.062966903746215,86.21633333333334,0,22,43,296,2012,0.0,1.0,-0.8660254037844386,0.5000000000000001,-0.9275416835791965,0.3737197147904692,27035.0,25768.0,23193.0,14021.0,26393.0,19864.0,,22510.428571428572,3566.4993975018456,21814.5,4731.143263200035,23157.8,6976.111832779654,22805.983333333334,5832.523623036328,113,0.15826330532212884,0,0,0,0,20207.0,16375.0
2012-10-23,20847,8,50,9.57,,50.0,2,0,10,4,297,0,0,0,0,0,0,41.0,49.0,37.0,68.57142857142857,34.062966903746215,84.01633333333334,1,23,43,297,2012,0.7818314824680298,0.6234898018587336,-0.8660254037844386,0.5000000000000001,-0.9209712877166347,0.38963044953078774,22795.0,27035.0,25768.0,20496.0,20959.0,18728.0,,22560.571428571428,3535.792690809378,21806.5,4732.795526958671,23228.433333333334,6940.349164839265,22794.85,5835.666371038339,114,0.15966386554621848,0,0,0,0,20727.5,21567.5
2012-10-24,22449,13,56,7.98,,56.0,3,0,10,4,298,0,0,0,0,0,0,50.0,44.0,38.0,68.71428571428571,33.969173700647445,83.08300000000001,2,24,43,298,2012,0.9749279121818236,-0.22252093395631434,-0.8660254037844386,0.5000000000000001,-0.9141279881853337,0.4054257283599973,20847.0,22795.0,27035.0,16147.0,18132.0,20058.0,,23460.85714285714,2168.560538588642,22114.85714285714,4614.119415232118,23308.133333333335,6916.3730166719,22793.733333333334,5835.727043914359,115,0.16106442577030813,0,0,0,0,17139.5,18134.0
2012-10-25,27938,13,53,6.76,,53.0,4,0,10,4,299,0,0,0,0,0,0,56.0,52.0,53.0,70.42857142857143,32.796631650507095,83.51633333333334,3,25,43,299,2012,0.43388373911755823,-0.900968867902419,-0.8660254037844386,0.5000000000000001,-0.9070138128026362,0.42110087079608916,22449.0,20847.0,22795.0,22139.0,19649.0,18209.0,,24289.285714285714,2636.581543987455,22706.928571428572,4801.379088173694,23632.433333333334,6897.0999536953495,22949.0,5846.77305464667,116,0.16246498599439776,0,0,0,0,20894.0,21166.0
2012-10-26,24977,21,68,8.39,,68.0,5,0,10,4,300,0,0,0,0,0,0,53.0,73.0,84.0,70.57142857142857,32.70503092215392,84.01633333333334,4,26,43,300,2012,-0.433883739117558,-0.9009688679024191,-0.8660254037844386,0.5000000000000001,-0.8996308696522434,0.4366512319560638,27938.0,22449.0,20847.0,23193.0,23299.0,17724.0,,24544.14285714286,2598.904155509363,22826.785714285714,4838.099518462746,23874.2,6809.411303736051,22991.516666666666,5852.178138592433,117,0.1638655462184874,0,0,0,0,23246.0,25121.0
2012-10-27,32001,16,84,11.3,,84.0,6,1,10,4,301,0,0,0,0,0,0,68.0,137.0,114.0,69.85714285714286,32.69775003181187,84.84966666666668,5,27,43,301,2012,-0.9749279121818236,-0.2225209339563146,-0.8660254037844386,0.5000000000000001,-0.8919813464595487,0.45207220393230374,24977.0,27938.0,22449.0,25768.0,32821.0,21739.0,,25434.571428571428,3853.19494519993,22768.214285714286,4711.096151698611,24216.266666666666,6954.655840332526,23161.516666666666,5964.088588764654,118,0.16526610644257703,0,0,0,0,29294.5,37567.5
2012-10-28,25932,17,61,9.26,,61.0,7,1,10,4,302,0,0,0,0,0,0,84.0,84.0,81.0,62.285714285714285,16.85936224292277,86.04966666666668,6,28,43,302,2012,-0.7818314824680299,0.6234898018587334,-0.8660254037844386,0.5000000000000001,-0.8840675099433637,0.46735921715800205,32001.0,24977.0,27938.0,27035.0,18949.0,19610.0,,25277.0,3799.011494235486,23267.0,4644.828985839233,24427.0,6905.878780006059,23289.583333333332,5939.239916819997,119,0.16666666666666666,0,0,0,0,22992.0,32811.0
2012-10-29,21144,8,38,10.6,,38.0,1,0,10,4,303,0,0,0,0,0,0,61.0,41.0,41.0,59.0,13.904435743075927,85.88300000000001,0,29,44,303,2012,0.0,1.0,-0.8660254037844386,0.5000000000000001,-0.8758917051442433,0.48250774176121763,25932.0,32001.0,24977.0,22795.0,14021.0,25882.0,,25041.14285714286,4023.4084815643346,23775.785714285714,3881.536218056958,24269.066666666666,6925.605826522895,23297.383333333335,5936.055781442377,120,0.16806722689075632,0,0,0,0,18408.0,24594.0
2012-10-30,25462,9,44,6.1,,44.0,2,0,10,4,304,0,0,0,0,0,0,38.0,50.0,49.0,58.57142857142857,14.581462465028729,83.64966666666668,1,30,44,304,2012,0.7818314824680298,0.6234898018587336,-0.8660254037844386,0.5000000000000001,-0.8674563547295971,0.4975132889071803,21144.0,25932.0,32001.0,20847.0,20496.0,24303.0,,25700.428571428572,3574.6929405261676,24130.5,3784.4521755771693,24307.7,6929.033440829824,23356.2,5939.789980308183,121,0.16946778711484595,0,0,0,0,20671.5,20903.0
2012-10-31,25042,11,55,6.74,,55.0,3,0,10,4,305,0,0,0,0,0,0,44.0,56.0,44.0,57.71428571428572,15.32660307781068,82.91633333333334,2,31,44,305,2012,0.9749279121818236,-0.22252093395631434,-0.8660254037844386,0.5000000000000001,-0.858763958275803,0.5123714121284235,25462.0,21144.0,25932.0,22449.0,16147.0,18729.0,,26070.85714285714,3305.848273820775,24765.85714285714,3008.067047563494,24518.133333333335,6849.1692561106,23384.516666666666,5943.774457054009,122,0.17086834733893558,0,0,0,0,19298.0,20290.5
2012-11-01,20905,11,53,11.15,,53.0,4,0,11,4,306,0,0,0,0,0,0,55.0,53.0,52.0,57.57142857142857,15.349887544182252,83.51633333333334,3,1,44,306,2012,0.43388373911755823,-0.900968867902419,-0.5000000000000004,0.8660254037844384,-0.8498170915275277,0.5270777086423724,25042.0,25462.0,21144.0,27938.0,22139.0,22639.0,,25066.14285714286,3690.2009623944823,24677.714285714286,3107.3999378300773,24460.333333333332,6872.8497092863045,23343.516666666666,5952.389628363813,123,0.1722689075630252,0,0,0,0,25038.5,23793.5
2012-11-02,17758,17,82,5.91,,82.0,5,0,11,4,307,0,0,0,0,0,0,53.0,68.0,73.0,57.57142857142857,15.349887544182252,83.81633333333335,4,2,44,307,2012,-0.433883739117558,-0.9009688679024191,-0.5000000000000004,0.8660254037844384,-0.8406184056344783,0.5416278206559811,20905.0,25042.0,25462.0,24977.0,23193.0,20121.0,,24034.85714285714,4612.693588659146,24289.5,3606.5674230385703,24381.566666666666,6937.532015127541,23262.033333333333,5995.3938307096,124,0.17366946778711484,0,0,0,0,24085.0,24138.0
2012-11-03,32850,13,115,6.9,,115.0,6,1,11,4,308,0,0,0,0,0,0,82.0,84.0,137.0,59.57142857142857,17.671607575025778,85.183,5,3,44,308,2012,-0.9749279121818236,-0.2225209339563146,-0.5000000000000004,0.8660254037844384,-0.8311706263658079,0.5560174366570446,17758.0,20905.0,25042.0,32001.0,25768.0,20193.0,,24156.14285714286,4861.515416293276,24795.35714285714,4266.226843244739,24803.466666666667,7057.843393057089,23490.0,6096.432254793628,125,0.17507002801120447,0,0,0,0,28884.5,32411.0
2012-11-04,25815,14,86,10.51,,86.0,7,1,11,4,309,0,0,0,0,0,0,115.0,61.0,84.0,64.0,26.495282598983447,87.183,6,4,44,309,2012,-0.7818314824680299,0.6234898018587334,-0.5000000000000004,0.8660254037844384,-0.8214765533024145,0.5702422926917867,32850.0,17758.0,20905.0,25932.0,27035.0,27049.0,,24139.428571428572,4854.588477483372,24708.214285714286,4229.260222246028,24762.333333333332,7047.893959500801,23652.633333333335,6024.514676188931,126,0.17647058823529413,0,0,0,0,26483.5,22440.5
2012-11-05,27991,6,41,9.3,,41.0,1,0,11,4,310,0,0,0,0,0,0,86.0,38.0,41.0,67.57142857142857,27.6818661633516,87.81633333333335,0,5,45,310,2012,0.0,1.0,-0.5000000000000004,0.8660254037844384,-0.8115390590073611,0.5842981736283683,25815.0,32850.0,17758.0,21144.0,22795.0,49367.0,,25117.571428571428,4840.227985578878,25079.35714285714,4276.178930687154,24049.8,5350.8459621208385,23771.2,6038.949355248331,127,0.17787114845938376,0,0,0,0,21969.5,17582.5
2012-11-06,24281,9,41,10.36,,41.0,2,0,11,4,311,0,0,0,0,0,0,41.0,44.0,50.0,68.0,27.166155414412174,75.96666666666667,1,6,45,311,2012,0.7818314824680298,0.6234898018587336,-0.5000000000000004,0.8660254037844384,-0.801361088174677,0.5981809144059158,27991.0,25815.0,32850.0,25462.0,20847.0,38587.0,,24948.85714285714,4846.799818043913,25324.64285714286,4109.9915516877945,23572.933333333334,4594.660461233566,23802.166666666668,6036.68217092538,128,0.1792717086834734,0,0,0,0,23154.5,22979.0
2012-11-07,22465,11,47,11.44,,47.0,3,0,11,4,312,0,0,0,0,0,0,41.0,55.0,56.0,67.57142857142857,27.627625925614925,67.76666666666667,2,7,45,312,2012,0.9749279121818236,-0.22252093395631434,-0.5000000000000004,0.8660254037844384,-0.7909456567567774,0.6118864012687242,24281.0,27991.0,25815.0,25042.0,22449.0,26393.0,,24580.714285714286,4935.60157475884,25325.785714285714,4109.1325526398905,23442.0,4567.413332699833,23797.783333333333,6037.57077957365,129,0.18067226890756302,0,0,0,0,23745.5,20594.5
2012-11-08,25771,15,55,7.07,,55.0,4,0,11,4,313,0,0,0,0,0,0,47.0,53.0,53.0,66.42857142857143,28.3893004660625,63.4,3,8,45,313,2012,0.43388373911755823,-0.900968867902419,-0.5000000000000004,0.8660254037844384,-0.780295851070776,0.6254105729852457,22465.0,24281.0,27991.0,20905.0,27938.0,20959.0,,25275.85714285714,4666.98183799664,25171.0,4043.453835902781,23602.4,4561.698788223836,23865.583333333332,6036.489397586575,130,0.18207282913165265,0,0,0,0,24421.5,21522.0
2012-11-09,32106,19,79,8.96,,79.0,5,0,11,4,314,0,0,0,0,0,1,55.0,82.0,68.0,66.71428571428571,28.24130713284044,64.0,4,9,45,314,2012,-0.433883739117558,-0.9009688679024191,-0.5000000000000004,0.8660254037844384,-0.7694148268839381,0.6387494220515268,25771.0,22465.0,24281.0,17758.0,24977.0,18132.0,,27325.571428571428,3903.1545300838734,25680.214285714286,4446.00206198387,24068.2,4695.341149516709,23968.4,6124.267475255679,131,0.18347338935574228,0,0,0,0,21367.5,20475.5
2012-11-10,53732,47,468,11.01,,396.4900000000001,6,1,11,4,315,0,0,0,0,1,1,79.0,115.0,84.0,66.28571428571429,27.992345892608288,65.36666666666666,5,10,45,315,2012,-0.9749279121818236,-0.2225209339563146,-0.5000000000000004,0.8660254037844384,-0.7583058084785625,0.6518989958787125,32106.0,25771.0,22465.0,32850.0,32001.0,19649.0,,30308.714285714286,10769.50835637798,27232.428571428572,8638.862671887788,25204.3,7097.912836252257,24175.3,6883.026633486764,132,0.18487394957983194,0,0,0,0,32425.5,29309.0
2012-11-11,46619,47,357,8.54,,357.0,7,1,11,4,316,0,0,0,1,1,1,396.4900000000001,86.0,61.0,106.49857142857144,129.12765007652592,76.81633333333333,6,11,45,316,2012,-0.7818314824680299,0.6234898018587334,-0.5000000000000004,0.8660254037844384,-0.7469720876965551,0.6648553979642866,53732.0,32106.0,25771.0,25815.0,25932.0,23299.0,,33280.71428571428,12109.888008211656,28710.071428571428,10052.819608021848,25981.633333333335,8089.717669014654,24417.916666666668,7402.673754917976,133,0.18627450980392157,0,0,0,0,25873.5,26425.0
2012-11-12,49588,19,315,9.86,,315.0,1,0,11,4,317,0,0,1,0,1,1,357.0,41.0,38.0,145.21285714285716,159.1031651386699,85.91633333333333,0,12,46,317,2012,0.0,1.0,-0.5000000000000004,0.8660254037844384,-0.7354170229639858,0.6776147890466887,46619.0,53732.0,32106.0,27991.0,21144.0,32821.0,,36366.0,13236.376014604597,30741.785714285714,11213.390862841492,26540.533333333333,9095.233616204338,24942.116666666665,8036.736229555275,134,0.1876750700280112,0,0,0,0,24567.5,25393.0
2012-11-13,24748,10,47,6.98,,47.0,2,0,11,4,318,0,0,0,1,0,1,315.0,41.0,44.0,184.35571428571436,162.85224098930328,92.61633333333332,1,13,46,318,2012,0.7818314824680298,0.6234898018587336,-0.5000000000000004,0.8660254037844384,-0.7236440382959124,0.690173388242972,49588.0,46619.0,53732.0,24281.0,25462.0,18949.0,,36432.71428571428,13166.304489292423,30690.785714285714,11240.841285095312,26733.833333333332,8989.334316512157,24997.733333333334,8023.421147536408,135,0.18907563025210083,0,0,0,0,24871.5,22564.0
2012-11-14,22983,12,50,8.61,,50.0,3,0,11,4,319,0,0,0,0,0,0,47.0,47.0,55.0,185.2128571428572,161.98544324663726,91.483,2,14,46,319,2012,0.9749279121818236,-0.22252093395631434,-0.5000000000000004,0.8660254037844384,-0.711656622281775,0.7025274741691566,24748.0,49588.0,46619.0,22465.0,25042.0,14021.0,,36506.71428571428,13075.861242690484,30543.714285714286,11333.52082865807,27032.566666666666,8696.434432583848,24992.783333333333,8024.590385219982,136,0.19047619047619047,0,0,0,0,23753.5,22457.0
2012-11-15,23143,14,60,11.58,,60.0,4,0,11,4,320,0,0,0,0,0,0,50.0,55.0,53.0,185.6414285714286,161.5622377938372,91.783,3,15,46,320,2012,0.43388373911755823,-0.900968867902419,-0.5000000000000004,0.8660254037844384,-0.6994583270516471,0.7146733860429608,22983.0,24748.0,49588.0,25771.0,20905.0,20496.0,,36131.28571428572,13467.340466405947,30703.571428571428,11202.132439264104,27120.8,8641.080022695125,24987.95,8025.633057928108,137,0.19187675070028012,0,0,0,0,23338.0,26854.5
2012-11-16,28003,22,89,15.72,,89.0,5,0,11,4,321,0,0,0,0,0,0,60.0,79.0,82.0,186.35571428571436,160.8980807692811,92.14966666666666,4,16,46,321,2012,-0.433883739117558,-0.9009688679024191,-0.5000000000000004,0.8660254037844384,-0.6870527672236675,0.7266075247685652,23143.0,22983.0,24748.0,32106.0,17758.0,16147.0,,35545.142857142855,13757.886919007235,31435.35714285714,10610.405441446055,27516.0,8389.336733472217,25074.383333333335,8029.781042863354,138,0.19327731092436976,0,0,0,0,24932.0,28541.5
2012-11-17,42168,28,159,20.83,,159.0,6,1,11,4,322,0,0,0,0,0,0,89.0,396.4900000000001,115.0,187.78428571428572,159.82686172409018,93.64966666666666,5,17,46,322,2012,-0.9749279121818236,-0.2225209339563146,-0.5000000000000004,0.8660254037844384,-0.6744436188329457,0.7383263540031063,28003.0,23143.0,22983.0,53732.0,32850.0,22139.0,,33893.142857142855,11759.205265501167,32100.928571428572,10991.380402313058,28183.633333333335,8736.457699593222,25410.183333333334,8316.068178464511,139,0.19467787114845939,0,0,0,0,43291.0,42866.5
2012-11-18,32571,21,116,15.61,,116.0,7,1,11,4,323,0,0,0,0,0,0,159.0,357.0,86.0,153.85714285714286,130.6910205681433,97.21633333333332,6,18,46,323,2012,-0.7818314824680299,0.6234898018587334,-0.5000000000000004,0.8660254037844384,-0.661634618242279,0.749826401204568,42168.0,28003.0,23143.0,46619.0,25815.0,23193.0,,31886.285714285714,10338.292439829145,32583.5,10841.45738677373,28496.233333333334,8719.490857025265,25609.55,8342.360269244215,140,0.19607843137254902,0,0,0,0,36217.0,36275.5
2012-11-19,29324,15,78,9.23,,78.0,1,0,11,4,324,0,0,0,0,0,0,116.0,315.0,41.0,119.42857142857144,95.17502673645912,98.64966666666666,0,19,47,324,2012,0.0,1.0,-0.5000000000000004,0.8660254037844384,-0.6486295610349818,0.7611042586607742,32571.0,42168.0,28003.0,49588.0,27991.0,25768.0,,28991.428571428572,6780.3020792376365,32678.714285714286,10803.809658766535,28614.766666666666,8705.282857744107,25737.716666666667,8339.31881153344,141,0.19747899159663865,0,0,0,0,38789.5,35366.0
2012-11-20,32554,14,82,15.41,,82.0,2,0,11,4,325,0,0,0,0,0,0,78.0,47.0,41.0,85.57142857142857,40.40155583991416,96.683,1,20,47,325,2012,0.7818314824680298,0.6234898018587336,-0.5000000000000004,0.8660254037844384,-0.6354323008901775,0.7721565844991641,29324.0,32571.0,42168.0,24748.0,24281.0,27035.0,,30106.571428571428,6605.747519071117,33269.642857142855,10531.984754196963,28798.733333333334,8729.030289127528,25929.416666666668,8361.950648859081,142,0.19887955182072828,0,0,0,0,24514.5,25105.0
2012-11-21,29887,13,89,14.78,,89.0,3,0,11,4,326,0,0,0,0,0,0,82.0,50.0,47.0,90.57142857142856,36.841358746464586,96.61633333333332,2,21,47,326,2012,0.9749279121818236,-0.22252093395631434,-0.5000000000000004,0.8660254037844384,-0.622046748440868,0.7829801036770624,32554.0,29324.0,32571.0,22983.0,22465.0,22795.0,,31092.85714285714,5835.36669594897,33799.78571428572,10125.22509667028,29035.133333333335,8656.562361159524,26096.466666666667,8338.81037011279,143,0.20028011204481794,0,0,0,0,22724.0,24012.5
2012-11-22,27355,7,130,15.85,,130.0,4,0,11,4,327,0,0,0,0,0,0,89.0,60.0,55.0,96.14285714285714,32.35958678881494,98.21633333333332,3,22,47,327,2012,0.43388373911755823,-0.900968867902419,-0.5000000000000004,0.8660254037844384,-0.6084768701151264,0.7935716089521472,29887.0,32554.0,29324.0,23143.0,25771.0,20847.0,,31694.571428571428,5042.2540216700245,33912.92857142857,10037.073688345356,29252.066666666666,8524.83512605592,26240.25,8283.799721009473,144,0.20168067226890757,0,0,0,0,24457.0,22024.0
2012-11-23,83973,35,596,16.58,,396.4900000000001,5,0,11,4,328,1,0,0,0,0,0,130.0,89.0,79.0,106.14285714285714,30.063425017943555,100.883,4,23,47,328,2012,-0.433883739117558,-0.9009688679024191,-0.5000000000000004,0.8660254037844384,-0.594726686960764,0.8039279618328208,27355.0,29887.0,32554.0,28003.0,32106.0,22449.0,,39690.28571428572,20101.543139058467,37617.71428571428,16687.73540164047,31302.866666666665,13037.66032197742,27305.5,11104.605614224112,145,0.2030812324929972,0,0,0,0,30054.5,22880.5
2012-11-24,36725,21,163,17.12,,163.0,6,1,11,4,329,0,0,0,0,0,0,396.4900000000001,159.0,396.4900000000001,150.07000000000002,112.489470470203,112.23266666666667,5,24,47,329,2012,-0.9749279121818236,-0.2225209339563146,-0.5000000000000004,0.8660254037844384,-0.5808002734538013,0.8140460935082175,83973.0,27355.0,29887.0,42168.0,53732.0,27938.0,,38912.71428571428,20094.998338842805,36402.92857142857,16030.532264613457,31595.766666666666,13058.146490649597,27614.1,11104.809093666569,146,0.20448179271708683,0,0,0,0,47950.0,37509.0
2012-11-25,36341,22,122,18.26,,122.0,7,1,11,4,330,0,0,0,0,0,0,163.0,116.0,357.0,150.6414285714286,112.55253594486022,115.89933333333332,6,25,47,330,2012,-0.7818314824680299,0.6234898018587334,-0.5000000000000004,0.8660254037844384,-0.5667017562911184,0.8239230057575536,36725.0,83973.0,27355.0,32571.0,46619.0,24977.0,,39451.28571428572,19946.67770761408,35668.78571428572,15759.74360479925,31974.566666666666,13024.307496802445,27924.383333333335,11083.854860984899,147,0.20588235294117646,0,0,0,0,39595.0,29193.0
2012-11-26,35272,9,48,15.2,,48.0,1,0,11,4,331,0,0,0,0,0,0,122.0,78.0,315.0,151.49857142857147,112.26724075890996,117.69933333333331,0,26,48,331,2012,0.0,1.0,-0.5000000000000004,0.8660254037844384,-0.5524353131676203,0.8335557718385695,36341.0,36725.0,83973.0,29324.0,49588.0,32001.0,,40301.0,19566.42584462817,34646.21428571428,15243.1006344034,32083.6,13038.220614792495,28149.933333333334,11093.542641305496,148,0.20728291316526612,0,0,0,0,39456.0,28657.5
2012-11-27,26540,10,45,11.13,,45.0,2,0,11,4,332,0,0,0,0,0,0,48.0,82.0,47.0,147.2128571428572,116.04951740733864,116.49933333333334,1,27,48,332,2012,0.7818314824680298,0.6234898018587336,-0.5000000000000004,0.8660254037844384,-0.5380051715382992,0.8429415373547832,35272.0,36341.0,36725.0,32554.0,24748.0,25932.0,,39441.857142857145,20088.35628275387,34774.21428571428,15160.89151112453,32103.866666666665,13028.79794845285,28265.433333333334,11039.064395332325,149,0.20868347338935575,0,0,0,0,28651.0,28417.5
2012-11-28,30778,9,53,11.73,,53.0,3,0,11,4,333,0,0,0,0,0,0,45.0,89.0,50.0,141.92714285714288,120.28031353388438,115.966,2,28,48,333,2012,0.9749279121818236,-0.22252093395631434,-0.5000000000000004,0.8660254037844384,-0.5234156073655503,0.8520775211013093,26540.0,35272.0,36341.0,29887.0,22983.0,21144.0,,39569.142857142855,20020.431492424355,35331.0,14834.162904489182,32425.0,12867.06990464552,28347.033333333333,11039.243053095206,150,0.21008403361344538,0,0,0,0,26435.0,26176.0
2012-11-29,33402,17,53,10.86,,53.0,4,0,11,4,334,0,0,0,0,0,0,53.0,130.0,60.0,136.78428571428574,123.64312514344702,116.466,3,29,48,334,2012,0.43388373911755823,-0.900968867902419,-0.5000000000000004,0.8660254037844384,-0.5086709438521042,0.8609610158889945,30778.0,26540.0,35272.0,27355.0,23143.0,25462.0,,40433.0,19530.022546496624,36063.78571428572,14433.766783689347,32689.666666666668,12800.394466802463,28498.683333333334,11045.243598593013,151,0.211484593837535,0,0,0,0,25249.0,26563.0
2012-11-30,40241,17,68,16.57,,68.0,5,0,11,4,335,0,0,0,0,0,0,53.0,396.4900000000001,89.0,125.78428571428572,127.7057257731152,116.766,4,30,48,335,2012,-0.433883739117558,-0.9009688679024191,-0.5000000000000004,0.8660254037844384,-0.49377555015997737,0.8695893893466109,33402.0,30778.0,26540.0,83973.0,28003.0,25042.0,,34185.57142857143,4465.112945833225,36937.92857142857,14277.772393933408,33196.3,12788.04447898707,28857.216666666667,11071.85275492933,152,0.21288515406162464,1,0,0,1,55988.0,58039.5
2012-12-01,39802,16,148,11.49,,148.0,6,1,12,4,336,0,0,0,0,0,0,68.0,163.0,159.0,78.85714285714286,45.63415596322761,117.19933333333331,5,1,48,336,2012,-0.9749279121818236,-0.2225209339563146,-2.4492935982947064e-16,1.0,-0.4787338401157883,0.8779600847008883,40241.0,33402.0,30778.0,36725.0,42168.0,20905.0,,34625.142857142855,4888.1900682008045,36768.92857142857,14225.009403616115,33826.2,12626.114649053146,29143.266666666666,11130.034240687228,153,0.21428571428571427,0,0,0,0,39446.5,45228.5
2012-12-02,35586,20,104,11.89,,104.0,7,1,12,4,337,0,0,0,0,0,0,148.0,122.0,116.0,76.71428571428571,41.15707426317805,120.366,6,2,48,337,2012,-0.7818314824680299,0.6234898018587334,-2.4492935982947064e-16,1.0,-0.4635502709028512,0.8860706215341378,39802.0,40241.0,33402.0,36341.0,32571.0,17758.0,,34517.28571428572,4852.217043588949,36984.28571428572,14179.315967165101,34420.46666666667,12257.94551817052,29401.016666666666,11096.574126220246,154,0.21568627450980393,0,0,0,0,34456.0,41480.0
2012-12-03,32195,9,51,15.43,,51.0,1,0,12,4,338,0,0,0,0,0,0,104.0,48.0,78.0,74.14285714285714,38.32070185260418,121.09933333333332,0,3,49,338,2012,0.0,1.0,-2.4492935982947064e-16,1.0,-0.4482293417404106,0.893918596519257,35586.0,39802.0,40241.0,35272.0,29324.0,32850.0,,34077.71428571428,4911.464775206587,37189.357142857145,14080.42158791442,34398.63333333333,12261.422059854436,29601.05,11035.782674316572,155,0.21708683473389356,0,0,0,0,32298.0,42430.0
2012-12-04,29759,6,54,17.83,,54.0,2,0,12,4,339,0,0,0,0,0,0,51.0,45.0,82.0,74.57142857142857,37.99498713802966,118.966,1,4,49,339,2012,0.7818314824680298,0.6234898018587336,-2.4492935982947064e-16,1.0,-0.4327755925504317,0.9015016841318838,32195.0,35586.0,39802.0,26540.0,32554.0,25815.0,,34537.57142857143,4185.068572004621,36989.71428571428,14170.726073513286,34530.1,12187.133674353116,29646.216666666667,11030.705251346826,156,0.2184873949579832,0,0,0,0,29547.0,25644.0
2012-12-05,33779,9,66,16.52,,66.0,3,0,12,4,340,0,0,0,0,0,0,54.0,53.0,89.0,75.85714285714286,36.96587873263913,117.89933333333332,2,5,49,340,2012,0.9749279121818236,-0.22252093395631434,-2.4492935982947064e-16,1.0,-0.41719360261231697,0.9088176373395028,29759.0,32195.0,35586.0,30778.0,29887.0,27991.0,,34966.28571428572,3878.2142675156247,37267.71428571428,14058.398439414017,34723.03333333333,12125.703979516014,29386.416666666668,10738.045684785064,157,0.21988795518207283,0,0,0,0,30332.5,26880.5
2012-12-06,37177,12,69,14.93,,69.0,4,0,12,4,341,0,0,0,0,0,0,66.0,53.0,130.0,77.71428571428571,35.93843942871504,118.73266666666667,3,6,49,341,2012,0.43388373911755823,-0.900968867902419,-2.4492935982947064e-16,1.0,-0.4014879892059737,0.9158642882672868,33779.0,29759.0,32195.0,33402.0,27355.0,24281.0,,35505.57142857143,3886.89549885863,37969.28571428572,13767.73501526483,35152.9,11970.352088705919,29362.916666666668,10719.095271225826,158,0.22128851540616246,0,0,0,0,30378.5,28272.5
2012-12-07,33137,14,89,13.84,,89.0,5,0,12,4,342,0,0,0,0,0,0,69.0,68.0,396.4900000000001,80.0,34.58805188693525,119.666,4,7,49,342,2012,-0.433883739117558,-0.9009688679024191,-2.4492935982947064e-16,1.0,-0.38566340624360745,0.9226395488404875,37177.0,33779.0,29759.0,40241.0,83973.0,22465.0,,34490.71428571428,3332.2675319910527,34338.142857142855,3788.376308518575,35508.63333333333,11736.5847187723,29475.316666666666,10722.783028723165,159,0.22268907563025211,0,0,0,0,62107.0,34122.0
2012-12-08,37466,15,134,11.02,,134.0,6,1,12,4,343,0,0,0,0,0,0,89.0,148.0,163.0,83.0,34.28313482360277,121.066,5,8,49,343,2012,-0.9749279121818236,-0.2225209339563146,-2.4492935982947064e-16,1.0,-0.3697245428906732,0.9291414114031743,33137.0,37177.0,33779.0,39802.0,36725.0,25771.0,,34157.0,2783.494626065077,34391.07142857143,3829.2449439359602,35898.46666666667,11595.370487407023,29750.433333333334,10712.331320376261,160,0.22408963585434175,0,0,0,0,38263.5,40985.0
2012-12-09,40191,12,141,18.42,,141.0,7,1,12,4,344,0,0,0,0,0,0,134.0,104.0,122.0,81.0,29.99999999999986,123.69933333333331,6,9,49,344,2012,-0.7818314824680299,0.6234898018587334,-2.4492935982947064e-16,1.0,-0.3536761221763721,0.935367949313148,37466.0,33137.0,37177.0,35586.0,36341.0,32106.0,,34814.857142857145,3601.4982265982494,34666.07142857143,4108.141250366984,36167.96666666667,11598.141969159607,30118.083333333332,10685.32650182319,161,0.22549019607843138,0,0,0,0,35963.5,34078.5
2012-12-10,35685,7,62,13.28,,62.0,1,0,12,4,345,0,0,0,0,0,0,141.0,51.0,48.0,86.28571428571429,37.13809493280568,125.766,0,10,50,345,2012,0.0,1.0,-2.4492935982947064e-16,1.0,-0.33752289959411347,0.941317317512847,40191.0,37466.0,33137.0,32195.0,35272.0,53732.0,,35313.42857142857,3415.1188294183116,34695.57142857143,4114.305263613479,35566.4,11113.631786668797,30385.35,10619.377005929675,162,0.226890756302521,0,0,0,0,33733.5,30759.5
2012-12-11,44138,9,69,13.6,,69.0,2,0,12,4,346,0,0,0,0,0,0,62.0,54.0,45.0,87.85714285714286,35.5969501101267,114.61633333333332,1,11,50,346,2012,0.7818314824680298,0.6234898018587336,-2.4492935982947064e-16,1.0,-0.32126966169236515,0.9469877530760751,35685.0,40191.0,37466.0,29759.0,26540.0,46619.0,,37367.57142857143,3818.007414744974,35952.57142857143,4119.2141467533565,35483.7,11037.520202348047,30732.666666666668,10723.947702580599,163,0.22829131652661064,0,0,0,0,28149.5,31156.5
2012-12-12,39141,11,80,13.96,,80.0,3,0,12,4,347,0,0,0,0,0,0,69.0,66.0,53.0,90.0,33.6154726279431,105.01633333333332,2,12,50,347,2012,0.9749279121818236,-0.22252093395631434,-2.4492935982947064e-16,1.0,-0.3049212246562894,0.9523775757303973,44138.0,35685.0,40191.0,33779.0,30778.0,49588.0,,38133.57142857143,3502.9272452784835,36549.92857142857,3912.2806345833715,35135.46666666667,10737.920696213063,30838.0,10775.720851265909,164,0.22969187675070027,0,0,0,0,32278.5,31833.0
2012-12-13,36820,15,76,11.7,,76.0,4,0,12,4,348,0,0,0,0,0,0,80.0,69.0,53.0,92.0,32.341923257592335,97.183,3,13,50,348,2012,0.43388373911755823,-0.900968867902419,-2.4492935982947064e-16,1.0,-0.2884824328806098,0.9574851883550389,39141.0,44138.0,35685.0,37177.0,33402.0,24748.0,,38082.57142857143,3521.7237662420807,36794.07142857143,3805.928785143283,35537.86666666667,10559.95314361774,31135.85,10688.1579945331,165,0.23109243697478993,0,0,0,0,35289.5,32266.0
2012-12-14,37511,20,98,20.08,,98.0,5,0,12,4,349,0,0,0,0,0,0,76.0,89.0,68.0,93.0,31.612233918743,98.14966666666666,4,14,50,349,2012,-0.433883739117558,-0.9009688679024191,-2.4492935982947064e-16,1.0,-0.27195815753410524,0.9623090774541487,36820.0,39141.0,44138.0,33137.0,40241.0,22983.0,,38707.42857142857,2815.1412550197792,36599.07142857143,3683.711975383285,36022.13333333333,10294.12094263561,31527.35,10478.787830701009,166,0.23249299719887956,0,0,0,0,36689.0,58555.0
2012-12-15,37334,21,197,19.7,,197.0,6,1,12,4,350,0,0,0,0,0,0,98.0,134.0,148.0,94.28571428571428,31.60545462265578,99.74966666666666,5,15,50,350,2012,-0.9749279121818236,-0.2225209339563146,-2.4492935982947064e-16,1.0,-0.2553532951161881,0.9668478136052773,37511.0,36820.0,39141.0,37466.0,39802.0,23143.0,,38688.57142857143,2825.266763637433,36422.78571428572,3576.1263567972574,36495.166666666664,10003.852630563031,31807.983333333334,10403.54882979625,167,0.2338935574229692,0,0,0,0,38634.0,37095.5
2012-12-16,36065,13,159,19.57,,159.0,7,1,12,4,351,0,0,0,0,0,0,197.0,141.0,104.0,103.28571428571428,48.98882282628104,104.31633333333332,6,16,50,351,2012,-0.7818314824680299,0.6234898018587334,-2.4492935982947064e-16,1.0,-0.23867276600594997,0.9711000518829505,37334.0,37511.0,36820.0,40191.0,35586.0,28003.0,,38099.142857142855,2889.251542560892,36457.0,3569.790426944906,36763.9,9875.320294587387,32139.95,10211.359200726967,168,0.23529411764705882,0,0,0,0,37888.5,38266.0
2012-12-17,34267,11,114,18.95,,114.0,1,0,12,4,352,0,0,0,0,0,0,159.0,62.0,51.0,105.85714285714286,51.69599781874979,106.64966666666666,0,17,51,352,2012,0.0,1.0,-2.4492935982947064e-16,1.0,-0.22192151300416674,0.9750645322571945,36065.0,37334.0,37511.0,35685.0,32195.0,42168.0,,37896.57142857143,3126.676449370422,36605.0,3419.2784663974116,36500.53333333333,9831.486942413669,32342.083333333332,10129.745939042505,169,0.23669467787114845,0,0,0,0,33940.0,35478.5
2012-12-18,37227,8,111,15.46,,111.0,2,0,12,4,353,0,0,0,0,0,0,114.0,69.0,54.0,113.28571428571428,47.94341903297492,105.14966666666666,1,18,51,353,2012,0.7818314824680298,0.6234898018587336,-2.4492935982947064e-16,1.0,-0.20510449986861926,0.9787400799669153,34267.0,36065.0,37334.0,44138.0,29759.0,32571.0,,36909.28571428572,1490.324205699952,37138.42857142857,2794.563010129174,36655.73333333333,9804.027743504308,32575.983333333334,10076.796258247265,170,0.23809523809523808,0,0,0,0,36948.5,35339.0
2012-12-19,36159,9,144,20.43,,144.0,3,0,12,4,354,0,0,0,0,0,0,111.0,80.0,66.0,119.28571428571428,43.93826838385215,104.983,2,19,51,354,2012,0.9749279121818236,-0.22252093395631434,-2.4492935982947064e-16,1.0,-0.1882267098432439,0.9821256058680006,37227.0,34267.0,36065.0,39141.0,33779.0,29324.0,,36483.28571428572,1128.3059151201708,37308.42857142857,2642.7475712361447,36883.566666666666,9706.707651229464,32749.166666666668,10047.05654706328,171,0.23949579831932774,0,0,0,0,36460.0,34959.5
2012-12-20,44492,15,144,17.77,,144.0,4,0,12,4,355,0,0,0,0,0,0,144.0,76.0,69.0,128.42857142857142,40.95874812074999,107.183,3,20,51,355,2012,0.43388373911755823,-0.900968867902419,-2.4492935982947064e-16,1.0,-0.1712931441814778,0.9852201067560606,36159.0,37227.0,34267.0,36820.0,37177.0,32554.0,,37579.28571428572,3246.9488608171673,37830.92857142857,3264.7043561350015,37281.5,9767.605875263527,33040.11666666667,10131.190880008886,172,0.24089635854341737,0,0,0,0,36998.5,35111.0
2012-12-21,42318,17,174,19.61,,174.0,5,0,12,4,356,0,0,0,0,0,0,144.0,98.0,89.0,138.14285714285714,33.90884138111353,109.24966666666666,4,21,51,356,2012,-0.433883739117558,-0.9009688679024191,-2.4492935982947064e-16,1.0,-0.154308820664281,0.9880226656636976,44492.0,36159.0,37227.0,37511.0,33137.0,29887.0,,38266.0,3705.9811116626106,38486.71428571428,3170.026751369054,37695.86666666667,9706.582056676196,33365.5,10110.059543991367,173,0.242296918767507,0,0,0,0,35324.0,38876.0
2012-12-22,55069,16,258,21.57,,258.0,6,1,12,4,357,0,0,0,0,0,0,174.0,197.0,134.0,149.0,30.951575081084226,112.083,5,22,51,357,2012,-0.9749279121818236,-0.2225209339563146,-2.4492935982947064e-16,1.0,-0.13727877211326517,0.9905324521322227,42318.0,44492.0,36159.0,37334.0,37466.0,27355.0,,40799.57142857143,7290.91982896405,39744.07142857143,5423.843293406293,38619.666666666664,10002.765766951934,33935.86666666667,10354.230214644313,174,0.24369747899159663,0,0,0,0,37400.0,38568.0
2012-12-23,49609,23,258,18.79,,258.0,7,1,12,4,358,0,0,0,0,0,0,258.0,159.0,141.0,157.71428571428572,49.65452072642956,116.34966666666666,6,23,51,358,2012,-0.7818314824680299,0.6234898018587334,-2.4492935982947064e-16,1.0,-0.12020804489935275,0.9927487224577402,55069.0,42318.0,44492.0,36065.0,40191.0,83973.0,,42734.42857142857,7614.998705562245,40416.78571428572,6033.346031445959,37474.2,5651.005869571438,34388.53333333333,10436.896328170164,175,0.24509803921568626,0,0,0,0,38128.0,35825.5
2012-12-24,35507,14,120,23.08,,120.0,1,0,12,4,359,0,0,0,0,0,0,258.0,114.0,62.0,171.85714285714286,62.51514102313817,111.73333333333332,0,24,52,359,2012,0.0,1.0,-2.4492935982947064e-16,1.0,-0.10310169744743544,0.9946708199115211,49609.0,55069.0,42318.0,34267.0,35685.0,36725.0,,42911.57142857143,7396.4851079672535,40404.07142857143,6044.262205587211,37433.6,5660.940817384585,34514.683333333334,10403.29661814664,176,0.24649859943977592,0,1,0,1,34976.0,33231.0
2012-12-25,0,0,0,0.0,,0.0,2,0,12,4,360,0,0,0,0,0,0,120.0,111.0,69.0,172.71428571428572,61.62443856597336,110.3,1,25,52,360,2012,0.7818314824680298,0.6234898018587336,-2.4492935982947064e-16,1.0,-0.0859647987374467,0.9962981749346077,35507.0,49609.0,55069.0,37227.0,44138.0,36341.0,,37593.42857142857,17978.496682214034,37251.357142857145,12261.015879652823,36222.23333333333,8877.324145155497,34098.4,11256.173224848519,177,0.24789915966386555,0,1,0,1,40682.5,33493.0
2012-12-26,34214,13,250,20.22,,250.0,3,0,12,4,361,0,0,0,0,0,0,0.0,144.0,80.0,156.85714285714286,88.5502278774191,106.23333333333332,2,26,52,361,2012,0.9749279121818236,-0.22252093395631434,-2.4492935982947064e-16,1.0,-0.06880242680232064,0.9976303053065857,0.0,35507.0,49609.0,36159.0,39141.0,35272.0,,37315.57142857143,18019.344132137023,36899.42857142857,12273.308974633244,36186.96666666667,8883.328789263673,34135.28333333333,11252.809335242058,178,0.24929971988795518,0,1,0,1,37650.0,34969.0
2012-12-27,35652,16,144,21.04,,144.0,4,0,12,4,362,0,0,0,0,0,0,250.0,144.0,76.0,172.0,94.82615672903756,112.96666666666668,3,27,52,362,2012,0.43388373911755823,-0.900968867902419,-2.4492935982947064e-16,1.0,-0.05161966722325418,0.9986668162884759,34214.0,0.0,35507.0,44492.0,36820.0,26540.0,,36052.71428571428,17740.176922401173,36816.0,12277.859359902206,36490.7,8695.910624917415,34297.28333333333,11202.564242008513,179,0.2507002801120448,0,1,0,1,40656.0,40834.5
2012-12-28,36700,16,147,13.11,,147.0,5,0,12,4,363,0,0,0,0,0,0,144.0,174.0,98.0,172.0,94.82615672903756,116.26666666666668,4,28,52,363,2012,-0.433883739117558,-0.9009688679024191,-2.4492935982947064e-16,1.0,-0.034421611622745804,0.9994074007397048,35652.0,34214.0,0.0,42318.0,37511.0,30778.0,,35250.142857142855,17535.39083709068,36758.07142857143,12276.241115161522,36688.1,8628.714789624784,34556.55,11072.243753784525,180,0.25210084033613445,0,1,0,1,39914.5,37727.5
2012-12-29,37808,12,168,13.64,,168.0,6,1,12,4,364,0,0,0,0,0,0,147.0,258.0,197.0,168.14285714285714,95.27928871031128,119.4,5,29,52,364,2012,-0.9749279121818236,-0.2225209339563146,-2.4492935982947064e-16,1.0,-0.01721335615583528,0.9998518392091162,36700.0,35652.0,34214.0,55069.0,37334.0,33402.0,,32784.28571428572,15363.007330535745,36791.92857142857,12278.605079031287,36834.96666666667,8608.32691695635,34762.316666666666,11014.936711685159,181,0.2535014005602241,0,1,0,1,46201.5,46267.5
2012-12-30,34815,12,160,18.6,,160.0,7,1,12,4,365,0,0,0,0,0,0,168.0,258.0,159.0,155.28571428571428,86.83070556301742,123.23333333333332,6,30,52,365,2012,-0.7818314824680299,0.6234898018587334,-2.4492935982947064e-16,1.0,6.432490598706546e-16,1.0,37808.0,36700.0,35652.0,49609.0,36065.0,40241.0,,30670.85714285714,13576.442175432296,36702.642857142855,12288.838178839937,36654.1,8591.281259469402,34925.2,10940.770722084457,182,0.2549019607843137,0,1,0,1,42837.0,44900.0
2012-12-31,40956,11,135,14.52,,135.0,1,0,12,4,366,0,0,0,1,0,0,160.0,120.0,114.0,141.28571428571428,74.54017772475518,126.3,0,31,1,366,2012,0.0,1.0,-2.4492935982947064e-16,1.0,0.017213356155833904,0.9998518392091162,34815.0,37808.0,36700.0,35507.0,34267.0,39802.0,,31449.285714285714,14047.97091770771,37180.42857142857,12316.857901730795,36692.566666666666,8608.428058207443,35259.38333333333,10810.722240398172,183,0.25630252100840334,0,1,0,1,34887.0,35596.0
2013-01-01,29304,9,78,19.25,,78.0,2,0,1,1,1,0,0,1,0,0,0,135.0,0.0,111.0,143.42857142857142,74.04020786675558,125.86666666666666,1,1,1,1,2013,0.7818314824680298,0.6234898018587336,0.49999999999999994,0.8660254037844387,0.017213356155834685,0.9998518392091162,40956.0,34815.0,37808.0,0.0,37227.0,35586.0,,35635.57142857143,3581.0306643545478,36614.5,12495.282055793936,36483.166666666664,8712.054574111591,35451.816666666666,10594.51212511502,184,0.25770308123249297,0,0,1,1,18613.5,22069.0
2013-01-02,31604,7,103,14.51,,103.0,3,0,1,1,2,0,0,0,1,0,0,78.0,250.0,144.0,154.57142857142858,51.20500347575789,125.0,2,2,1,2,2013,0.9749279121818236,-0.22252093395631434,0.49999999999999994,0.8660254037844387,0.03442161162274574,0.9994074007397048,29304.0,40956.0,34815.0,34214.0,36159.0,32195.0,,35262.71428571428,3877.3321891168716,36289.142857142855,12567.150664497323,36463.46666666667,8722.747122376035,35431.05,10600.917701600263,185,0.25910364145658266,0,0,0,0,35186.5,36677.5
2013-01-03,27187,12,75,21.65,,75.0,4,0,1,1,3,0,0,0,0,0,0,103.0,144.0,144.0,133.57142857142858,32.13957655216345,126.73333333333332,3,3,1,3,2013,0.43388373911755823,-0.900968867902419,0.49999999999999994,0.8660254037844387,0.051619667223253764,0.998666816288476,31604.0,29304.0,40956.0,35652.0,44492.0,29759.0,,34053.42857142857,4916.490003282911,35053.07142857143,12549.301264424023,36377.73333333333,8803.184490161271,35453.916666666664,10581.285430694104,186,0.2605042016806723,0,0,0,0,40072.0,36236.0
2013-01-04,31037,14,76,18.34,,76.0,5,0,1,1,4,0,0,0,0,0,0,75.0,147.0,174.0,123.71428571428572,38.38278383908713,127.43333333333334,4,4,1,4,2013,-0.433883739117558,-0.9009688679024191,0.49999999999999994,0.8660254037844387,0.06880242680231986,0.9976303053065857,27187.0,31604.0,29304.0,36700.0,42318.0,33779.0,,33244.42857142857,4874.155956236328,34247.28571428572,12408.322526114784,36286.333333333336,8845.230658513023,35504.683333333334,10552.140013481834,187,0.2619047619047619,0,0,0,0,39509.0,37105.5
2013-01-05,29755,12,109,18.44,,109.0,6,1,1,1,5,0,0,0,0,0,0,76.0,168.0,258.0,113.57142857142856,40.52512448205072,127.76666666666668,5,5,1,5,2013,-0.9749279121818236,-0.2225209339563146,0.49999999999999994,0.8660254037844387,0.08596479873744647,0.9962981749346078,31037.0,27187.0,31604.0,37808.0,55069.0,37177.0,,32094.0,4557.5926393948785,32439.14285714286,10892.58604497813,36038.933333333334,8922.914866765237,35595.916666666664,10476.851199703782,188,0.26330532212885155,0,0,0,0,46438.5,37571.0
2013-01-06,30546,15,72,16.42,,72.0,7,1,1,1,6,0,0,0,0,0,0,109.0,160.0,258.0,105.14285714285714,32.69775003181179,129.1,6,6,1,6,2013,-0.7818314824680299,0.6234898018587334,0.49999999999999994,0.8660254037844387,0.10310169744743485,0.9946708199115211,29755.0,31037.0,27187.0,34815.0,49609.0,33137.0,,31484.14285714286,4416.23683802437,31077.5,9708.254210088024,35952.566666666666,8964.414717065476,35730.6,10356.437908005482,189,0.2647058823529412,0,0,0,0,42212.0,35440.0
2013-01-07,27229,5,55,18.96,,55.0,1,0,1,1,7,0,0,0,0,0,0,72.0,135.0,120.0,92.57142857142856,23.79675848273676,128.53333333333333,0,7,2,7,2013,0.0,1.0,0.49999999999999994,0.8660254037844387,0.1202080448993527,0.9927487224577402,30546.0,29755.0,31037.0,40956.0,35507.0,37466.0,,29523.14285714286,1755.4867728135557,30486.214285714286,9669.732381775844,35611.333333333336,9098.651159349945,35754.9,10334.359920811808,190,0.2661064425770308,0,0,0,0,38231.5,37611.5
2013-01-08,27821,6,42,13.75,,42.0,2,0,1,1,8,0,0,0,0,0,0,55.0,78.0,0.0,81.14285714285714,18.685364784848208,125.9,1,8,2,8,2013,0.7818314824680298,0.6234898018587336,0.49999999999999994,0.8660254037844387,0.13727877211326478,0.9905324521322229,27229.0,30546.0,29755.0,29304.0,0.0,40191.0,,29311.285714285714,1871.9635603900258,32473.428571428572,4278.355484102649,35199.0,9164.010411800398,35683.48333333333,10374.730530283126,191,0.26750700280112044,0,0,0,0,14652.0,33265.5
2013-01-09,21255,8,54,16.12,,54.0,3,0,1,1,9,0,0,0,0,0,0,42.0,103.0,250.0,76.0,23.91652148620254,122.6,2,9,2,9,2013,0.9749279121818236,-0.22252093395631434,0.49999999999999994,0.8660254037844387,0.15430882066428117,0.9880226656636976,27821.0,27229.0,30546.0,31604.0,34214.0,35685.0,,27832.85714285714,3300.8188089507803,31547.785714285714,5179.726591812893,34718.0,9509.798264657493,35142.2,10263.742255043537,192,0.2689075630252101,0,0,0,0,32909.0,33881.5
2013-01-10,26235,12,49,18.21,,49.0,4,0,1,1,10,0,0,0,0,0,0,54.0,75.0,144.0,69.0,21.77154105707694,122.33333333333331,3,10,2,10,2013,0.43388373911755823,-0.900968867902419,0.49999999999999994,0.8660254037844387,0.1712931441814776,0.9852201067560606,21255.0,27821.0,27229.0,27187.0,35652.0,44138.0,,27696.85714285714,3351.093673641971,30875.14285714286,5217.066798309324,34121.23333333333,9459.883726351603,34802.46666666667,10214.658832612413,193,0.2703081232492997,0,0,0,0,31419.5,35839.5
2013-01-11,25403,13,63,17.13,,63.0,5,0,1,1,11,0,0,0,0,0,0,49.0,76.0,147.0,65.28571428571429,22.7721634582974,121.66666666666669,4,11,2,11,2013,-0.433883739117558,-0.9009688679024191,0.49999999999999994,0.8660254037844387,0.1882267098432442,0.9821256058680006,26235.0,21255.0,27821.0,31037.0,36700.0,39141.0,,26892.0,3080.8449598553393,30068.214285714286,5119.575796407779,33663.3,9540.67707114448,34399.38333333333,10097.831161818807,194,0.27170868347338933,0,0,0,0,33868.5,36677.5
2013-01-12,28962,10,94,18.78,,94.0,6,1,1,1,12,0,0,0,0,0,0,63.0,109.0,168.0,63.42857142857143,22.277471002914595,121.1,5,12,2,12,2013,-0.9749279121818236,-0.2225209339563146,0.49999999999999994,0.8660254037844387,0.2051044998686192,0.9787400799669153,25403.0,26235.0,21255.0,29755.0,37808.0,36820.0,,26778.714285714286,2970.632071590367,29436.35714285714,4611.530291765158,33401.36666666667,9558.874275386386,34469.61666666667,10044.0769544799,195,0.27310924369747897,0,0,0,0,33781.5,42412.0
2013-01-13,29380,10,77,16.77,,77.0,7,1,1,1,13,0,0,0,0,0,0,94.0,72.0,160.0,61.285714285714285,17.336995950031675,121.7,6,13,2,13,2013,-0.7818314824680299,0.6234898018587334,0.49999999999999994,0.8660254037844387,0.2219215130041655,0.9750645322571948,28962.0,25403.0,26235.0,30546.0,34815.0,37511.0,,26612.14285714286,2748.5739592601785,29048.14285714286,4344.972193540122,33130.333333333336,9553.603358232784,34576.23333333333,9953.625724492404,196,0.27450980392156865,0,0,0,0,32680.5,40077.5
2013-01-14,23675,11,43,19.99,,43.0,1,0,1,1,14,0,0,0,0,0,0,77.0,55.0,135.0,62.0,17.944358444925975,121.0,0,14,3,14,2013,0.0,1.0,0.49999999999999994,0.8660254037844387,0.2386727660059501,0.9711000518829505,29380.0,28962.0,25403.0,27229.0,40956.0,37334.0,,26104.428571428572,2937.3977064254705,27813.785714285714,2924.2600688975876,32675.033333333333,9671.112956968123,34585.1,9943.500206804038,197,0.2759103641456583,0,0,0,0,34092.5,31368.0
2013-01-15,26425,7,48,16.86,,48.0,2,0,1,1,15,0,0,0,0,0,0,43.0,42.0,78.0,60.285714285714285,19.250231909548894,115.86666666666666,1,15,3,15,2013,0.7818314824680298,0.6234898018587336,0.49999999999999994,0.8660254037844387,0.255353295116187,0.9668478136052775,23675.0,29380.0,28962.0,27821.0,29304.0,36065.0,,25905.0,2847.442653797611,27608.14285714286,2912.6092150441177,32353.7,9714.64542860151,34558.8,9963.271768460574,198,0.2773109243697479,0,0,0,0,28562.5,13910.5
2013-01-16,21943,6,46,13.61,,46.0,3,0,1,1,16,0,0,0,0,0,0,48.0,54.0,103.0,61.142857142857146,18.41583169837418,112.16666666666669,2,16,3,16,2013,0.9749279121818236,-0.22252093395631434,0.49999999999999994,0.8660254037844387,0.2719581575341055,0.9623090774541486,26425.0,23675.0,29380.0,21255.0,31604.0,34267.0,,26003.285714285714,2666.298977626958,26918.071428571428,3034.9628172676607,31942.9,9889.937409062424,34221.71666666667,10043.280281694162,199,0.27871148459383754,0,0,0,0,26429.5,27734.5
2013-01-17,24318,11,45,15.76,,45.0,4,0,1,1,17,0,0,0,0,0,0,46.0,49.0,75.0,60.0,19.16594201528637,109.9,3,17,3,17,2013,0.43388373911755823,-0.900968867902419,0.49999999999999994,0.8660254037844387,0.288482432880609,0.9574851883550393,21943.0,26425.0,23675.0,26235.0,27187.0,37227.0,,25729.428571428572,2736.0681556533373,26713.14285714286,3111.308155673412,31512.6,9932.83937111709,34084.166666666664,10122.474397984575,200,0.2801120448179272,0,0,0,0,26711.0,30943.5
2013-01-18,20963,16,63,12.35,,63.0,5,0,1,1,18,0,0,0,0,0,1,45.0,63.0,76.0,59.42857142857143,19.603206734758988,107.7,4,18,3,18,2013,-0.433883739117558,-0.9009688679024191,0.49999999999999994,0.8660254037844387,0.30492122465628907,0.9523775757303974,24318.0,21943.0,26425.0,25403.0,31037.0,36159.0,,25095.14285714286,3284.1150725154357,25993.571428571428,3198.1068850729607,31006.066666666666,10074.182413761779,33944.816666666666,10245.91320841114,201,0.2815126050420168,0,0,0,0,28220.0,31051.5
2013-01-19,48331,33,347,15.33,,347.0,6,1,1,1,19,0,0,0,0,1,1,63.0,94.0,109.0,59.42857142857143,19.603206734758988,105.0,5,19,3,19,2013,-0.9749279121818236,-0.2225209339563146,0.49999999999999994,0.8660254037844387,0.3212696616923644,0.9469877530760753,20963.0,24318.0,21943.0,28962.0,29755.0,44492.0,,27862.14285714286,9452.256528268259,27320.428571428572,6754.640635140377,31134.033333333333,10273.798345652225,34207.76666666667,10410.73830294612,202,0.28291316526610644,0,0,0,0,29358.5,33385.0
2013-01-20,35202,30,273,18.28,,273.0,7,1,1,1,20,0,0,0,1,1,1,347.0,77.0,72.0,95.57142857142856,111.55246470137882,111.76666666666668,6,20,3,20,2013,-0.7818314824680299,0.6234898018587334,0.49999999999999994,0.8660254037844387,0.3375228995941133,0.9413173175128471,48331.0,20963.0,24318.0,29380.0,30546.0,42318.0,,28693.85714285714,9855.610017118339,27653.0,7034.495312934099,30896.833333333332,10087.13138567918,34296.35,10395.952197647062,203,0.28431372549019607,0,0,0,0,29963.0,32097.5
2013-01-21,35368,17,199,13.35,,199.0,1,0,1,1,21,0,0,1,0,1,1,273.0,43.0,55.0,123.57142857142856,129.3004990230859,115.06666666666666,0,21,4,21,2013,0.0,1.0,0.49999999999999994,0.8660254037844387,0.3536761221763716,0.9353679493131483,35202.0,48331.0,20963.0,23675.0,27229.0,55069.0,,30364.285714285714,9854.112740615541,28234.35714285714,7326.996442106198,30240.133333333335,9046.844394530644,34429.9,10356.664489388599,204,0.2857142857142857,0,0,0,0,25452.0,32315.5
2013-01-22,20781,6,34,17.64,,34.0,2,0,1,1,22,0,0,0,1,0,1,199.0,48.0,42.0,145.85714285714286,126.51275109836234,113.1,1,22,4,22,2013,0.7818314824680298,0.6234898018587336,0.49999999999999994,0.8660254037844387,0.3697245428906731,0.9291414114031743,35368.0,35202.0,48331.0,26425.0,27821.0,49609.0,,29558.0,10443.434492541213,27731.5,7594.253665158199,29279.2,8428.475611344824,33376.7,8227.269004013837,205,0.28711484593837533,0,0,0,0,27123.0,27864.5
2013-01-23,20142,6,42,16.01,,42.0,3,0,1,1,23,0,0,0,0,0,0,34.0,46.0,54.0,143.85714285714286,128.41395117798865,105.63333333333334,2,23,4,23,2013,0.9749279121818236,-0.22252093395631434,0.49999999999999994,0.8660254037844387,0.38566340624360707,0.9226395488404876,20781.0,35368.0,35202.0,21943.0,21255.0,35507.0,,29300.714285714286,10681.771103368646,27652.0,7672.6884667430495,28767.033333333333,8503.488782941342,33100.316666666666,8389.816534006799,206,0.28851540616246496,0,0,0,0,21599.0,26773.5
2013-01-24,20854,11,36,10.05,,36.0,4,0,1,1,24,0,0,0,0,0,0,42.0,45.0,49.0,143.28571428571428,128.9298443414276,103.03333333333332,3,24,4,24,2013,0.43388373911755823,-0.900968867902419,0.49999999999999994,0.8660254037844387,0.401487989205973,0.9158642882672872,20142.0,20781.0,35368.0,24318.0,26235.0,0.0,,28805.85714285714,11025.778573092091,27267.64285714286,7881.080642488445,29462.166666666668,6740.377310033112,32842.2,8525.559833101675,207,0.28991596638655465,0,0,0,0,25276.5,25752.5
2013-01-25,18346,12,37,11.17,,37.0,5,0,1,1,25,0,0,0,0,0,0,36.0,63.0,63.0,142.0,130.112771599614,104.23333333333332,4,25,4,25,2013,-0.433883739117558,-0.9009688679024191,0.49999999999999994,0.8660254037844387,0.4171936026123168,0.9088176373395029,20854.0,20142.0,20781.0,20963.0,25403.0,34214.0,,28432.0,11374.874197106512,26763.571428571428,8227.581210260281,28933.233333333334,6973.209891080111,32560.1,8721.574767810487,208,0.2913165266106443,0,0,0,0,23183.0,26000.0
2013-01-26,23188,7,76,9.09,,76.0,6,1,1,1,26,0,0,0,0,0,0,37.0,347.0,94.0,138.28571428571428,133.08107088752865,97.13333333333334,5,26,4,26,2013,-0.9749279121818236,-0.2225209339563146,0.49999999999999994,0.8660254037844387,0.4327755925504312,0.901501684131884,18346.0,20854.0,20142.0,48331.0,28962.0,35652.0,,24840.14285714286,7274.9094937914115,26351.14285714286,8253.579473892984,28517.766666666666,6930.272257593338,32504.233333333334,8771.38404780707,209,0.2927170868347339,0,0,0,0,38646.5,39043.0
2013-01-27,17088,12,62,14.93,,62.0,7,1,1,1,27,0,0,0,0,0,0,76.0,273.0,77.0,99.57142857142856,96.68653326231994,94.86666666666666,6,27,4,27,2013,-0.7818314824680299,0.6234898018587334,0.49999999999999994,0.8660254037844387,0.4482293417404106,0.893918596519257,23188.0,18346.0,20854.0,35202.0,29380.0,36700.0,,22252.428571428572,6101.907184291924,25473.14285714286,8554.890314066784,27864.033333333333,7055.692587932269,32276.066666666666,8992.322785589164,210,0.29411764705882354,0,0,0,0,32291.0,32874.0
2013-01-28,13613,5,27,15.44,,27.0,1,0,1,1,28,0,0,0,0,0,0,62.0,199.0,43.0,69.42857142857143,59.250477193175655,92.03333333333332,0,28,5,28,2013,0.0,1.0,0.49999999999999994,0.8660254037844387,0.4635502709028509,0.886070621534138,17088.0,23188.0,18346.0,35368.0,23675.0,37808.0,,19144.571428571428,3120.0883458186227,24754.428571428572,9121.478858794111,27057.533333333333,7259.707768096523,31946.25,9307.702173469026,211,0.29551820728291317,0,0,0,0,29521.5,31298.5
2013-01-29,18932,10,30,8.09,,30.0,2,0,1,1,29,0,0,0,0,0,0,27.0,34.0,48.0,44.85714285714285,17.553998323539684,87.33333333333333,1,29,5,29,2013,0.7818314824680298,0.6234898018587336,0.49999999999999994,0.8660254037844387,0.47873384011578846,0.8779600847008882,13613.0,17088.0,23188.0,20781.0,26425.0,34815.0,,18880.428571428572,3035.5832968936693,24219.214285714286,9235.039462483403,26528.1,7253.618271189767,31591.1,9391.996050911597,212,0.2969187675070028,0,0,0,0,23603.0,24301.0
2013-01-30,17124,7,36,9.43,,36.0,3,0,1,1,30,0,0,0,0,0,0,30.0,42.0,46.0,44.285714285714285,18.02511475427379,83.0,2,30,5,30,2013,0.9749279121818236,-0.22252093395631434,0.49999999999999994,0.8660254037844387,0.49377555015997715,0.869589389346611,18932.0,13613.0,17088.0,20142.0,21943.0,40956.0,,18449.285714285714,3040.8574840156684,23875.0,9414.471454586821,25733.7,6916.185465244212,31213.133333333335,9511.52055688021,213,0.29831932773109243,0,0,0,0,21042.5,20698.5
2013-01-31,20210,10,49,7.9,,49.0,4,0,1,1,31,0,0,0,0,0,0,36.0,36.0,45.0,43.42857142857143,18.29259543145872,79.7,3,31,5,31,2013,0.43388373911755823,-0.900968867902419,0.49999999999999994,0.8660254037844387,0.5086709438521044,0.8609610158889943,17124.0,18932.0,13613.0,20854.0,24318.0,29304.0,,18357.285714285714,2964.76815924856,23581.571428571428,9463.493083458066,25430.566666666666,6953.4971240393215,30956.866666666665,9598.445318086353,214,0.29971988795518206,0,0,0,0,22586.0,23544.5
2013-02-01,20601,9,59,11.79,,59.0,5,0,2,1,32,0,0,0,0,0,0,49.0,37.0,63.0,45.285714285714285,18.071287407691948,78.73333333333333,4,1,5,32,2013,-0.433883739117558,-0.9009688679024191,0.8660254037844386,0.5000000000000001,0.5234156073655503,0.8520775211013093,20210.0,17124.0,18932.0,18346.0,20963.0,31604.0,,18679.428571428572,3083.471953125755,23555.714285714286,9471.689179448786,25063.8,6906.669557204394,30763.633333333335,9689.370072695632,215,0.3011204481792717,0,0,0,0,19654.5,21874.5
2013-02-02,18602,12,97,8.39,,97.0,6,1,2,1,33,0,0,0,0,0,0,59.0,76.0,347.0,48.42857142857143,18.301704318242017,77.26666666666667,5,2,5,33,2013,-0.9749279121818236,-0.2225209339563146,0.8660254037844386,0.5000000000000001,0.5380051715382996,0.8429415373547828,20601.0,20210.0,17124.0,23188.0,48331.0,27187.0,,18024.285714285714,2370.692213558608,21432.214285714286,6287.121258555415,24777.633333333335,6992.978219482816,30577.683333333334,9815.217383626972,216,0.3025210084033613,0,0,0,0,35759.5,26075.0
2013-02-03,16283,5,53,7.36,,53.0,7,1,2,1,34,0,0,0,0,0,0,97.0,62.0,273.0,51.42857142857143,24.30951214961664,78.0,6,3,5,34,2013,-0.7818314824680299,0.6234898018587334,0.8660254037844386,0.5000000000000001,0.5524353131676196,0.8335557718385699,18602.0,20601.0,20210.0,17088.0,35202.0,31037.0,,17909.285714285714,2442.1288332301538,20080.85714285714,5001.566690811641,24285.833333333332,7056.114233394525,30286.083333333332,9977.057372116149,217,0.30392156862745096,0,0,0,0,26145.0,23234.0
2013-02-04,18974,5,40,10.16,,40.0,1,0,2,1,35,0,0,0,0,0,0,53.0,27.0,199.0,50.142857142857146,23.89162036801819,77.23333333333333,0,4,6,35,2013,0.0,1.0,0.8660254037844386,0.5000000000000001,0.5667017562911176,0.8239230057575542,16283.0,18602.0,20601.0,13613.0,35368.0,29755.0,,18675.14285714286,1546.7032066698134,18909.85714285714,2378.3433748704806,23926.466666666667,7042.489644678399,29982.7,10040.523624504714,218,0.30532212885154064,0,0,0,0,24490.5,18644.0
2013-02-05,14330,5,40,7.34,,40.0,2,0,2,1,36,0,0,0,0,0,0,40.0,30.0,34.0,52.0,22.241103090149213,74.93333333333334,1,5,6,36,2013,0.7818314824680298,0.6234898018587336,0.8660254037844386,0.5000000000000001,0.5808002734538009,0.8140460935082178,18974.0,16283.0,18602.0,18932.0,20781.0,30546.0,,18017.714285714286,2241.374185202925,18449.071428571428,2602.3083085918383,23385.933333333334,7138.559242898248,29669.25,10232.117198320662,219,0.3067226890756303,0,0,0,0,19856.5,22678.5
2013-02-06,15409,7,39,6.72,,39.0,3,0,2,1,37,0,0,0,0,0,0,40.0,36.0,42.0,53.42857142857143,20.871488869245194,73.86666666666666,2,6,6,37,2013,0.9749279121818236,-0.22252093395631434,0.8660254037844386,0.5000000000000001,0.5947266869607634,0.8039279618328213,14330.0,18974.0,16283.0,17124.0,20142.0,27229.0,,17772.714285714286,2440.254065617089,18111.0,2671.9633518903697,22991.933333333334,7244.539055960257,29301.633333333335,10342.879330550448,220,0.3081232492997199,0,0,0,0,18633.0,19533.5
2013-02-07,18231,12,39,12.48,,39.0,4,0,2,1,38,0,0,0,0,0,0,39.0,49.0,36.0,53.85714285714285,20.48111790103677,73.33333333333333,3,7,6,38,2013,0.43388373911755823,-0.900968867902419,0.8660254037844386,0.5000000000000001,0.6084768701151261,0.7935716089521474,15409.0,14330.0,18974.0,20210.0,20854.0,27821.0,,17490.0,2215.0700515631884,17923.64285714286,2554.1965350300475,22672.266666666666,7235.682738004596,28935.633333333335,10339.554848901684,221,0.30952380952380953,0,0,0,0,20532.0,22264.0
2013-02-08,21535,15,65,17.31,,65.0,5,0,2,1,39,0,0,0,0,0,0,39.0,59.0,37.0,52.42857142857143,21.21208101418527,73.23333333333333,4,8,6,39,2013,-0.433883739117558,-0.9009688679024191,0.8660254037844386,0.5000000000000001,0.6220467484408675,0.7829801036770629,18231.0,15409.0,14330.0,20601.0,18346.0,21255.0,,17623.428571428572,2449.431693076261,18151.428571428572,2730.8503244419244,22681.6,7233.971945642659,28699.8,10344.371806012046,222,0.31092436974789917,0,0,0,0,19473.5,20782.0
2013-02-09,18787,9,111,16.57,,111.0,6,1,2,1,40,0,0,0,0,0,0,65.0,97.0,76.0,53.285714285714285,21.638809931187843,73.6,5,9,6,40,2013,-0.9749279121818236,-0.2225209339563146,0.8660254037844386,0.5000000000000001,0.6354323008901774,0.7721565844991642,21535.0,18231.0,15409.0,18602.0,23188.0,26235.0,,17649.85714285714,2462.711948819018,17837.071428571428,2330.425496450069,22433.333333333332,7235.621462875405,28277.283333333333,10220.094878480395,223,0.3123249299719888,0,0,0,0,20895.0,33466.5
2013-02-10,19322,10,80,17.27,,80.0,7,1,2,1,41,0,0,0,0,0,0,111.0,53.0,62.0,55.285714285714285,26.46201230515309,75.66666666666667,6,10,6,41,2013,-0.7818314824680299,0.6234898018587334,0.8660254037844386,0.5000000000000001,0.6486295610349814,0.7611042586607747,18787.0,21535.0,18231.0,16283.0,17088.0,25403.0,,18084.0,2449.4252387037336,17996.64285714286,2351.57723199155,22230.633333333335,7234.737030148541,27946.966666666667,10183.236668648995,224,0.3137254901960784,0,0,0,0,16685.5,25742.5
2013-02-11,18048,8,48,15.21,,48.0,1,0,2,1,42,0,0,0,0,0,0,80.0,40.0,27.0,59.142857142857146,27.9965984328365,76.23333333333333,0,11,7,42,2013,0.0,1.0,0.8660254037844386,0.5000000000000001,0.6616346182422783,0.7498264012045686,19322.0,18787.0,21535.0,18974.0,13613.0,28962.0,,17951.714285714286,2418.1536837211306,18313.428571428572,1985.9171380296698,21866.833333333332,7158.5824742214245,27634.1,10194.370265419759,225,0.31512605042016806,0,0,0,0,16293.5,27171.0
2013-02-12,20955,9,50,11.98,,50.0,2,0,2,1,43,0,0,0,0,0,0,48.0,40.0,30.0,60.285714285714285,27.23792873741947,74.7,1,12,7,43,2013,0.7818314824680298,0.6234898018587336,0.8660254037844386,0.5000000000000001,0.6744436188329455,0.7383263540031065,18048.0,19322.0,18787.0,14330.0,18932.0,29380.0,,18898.14285714286,2029.680798267557,18457.928571428572,2104.4497714743443,21586.0,7017.5433711176665,27358.166666666668,10146.448650096225,226,0.3165266106442577,0,0,0,0,16631.0,17555.5
2013-02-13,16961,7,48,15.99,,48.0,3,0,2,1,44,0,0,0,0,0,0,50.0,39.0,36.0,61.71428571428572,26.24064459138549,73.8,2,13,7,44,2013,0.9749279121818236,-0.22252093395631434,0.8660254037844386,0.5000000000000001,0.6870527672236669,0.7266075247685656,20955.0,18048.0,19322.0,15409.0,17124.0,23675.0,,19119.85714285714,1630.538196278366,18446.285714285714,2112.8316190715555,21362.2,7055.581416937568,27018.616666666665,10147.840184486891,227,0.3179271708683473,0,0,0,0,16266.5,17775.5
2013-02-14,23379,8,64,10.61,,64.0,4,0,2,1,45,0,0,0,0,0,0,48.0,39.0,49.0,63.0,25.13961017995267,73.96666666666667,3,14,7,45,2013,0.43388373911755823,-0.900968867902419,0.8660254037844386,0.5000000000000001,0.699458327051647,0.7146733860429609,16961.0,20955.0,18048.0,18231.0,20210.0,26425.0,,19855.285714285714,2217.9635339865663,18672.64285714286,2457.897838746227,21260.666666666668,7001.925628407331,26807.183333333334,10088.144139838514,228,0.31932773109243695,0,0,0,0,19220.5,19542.5
2013-02-15,19732,16,66,10.63,,66.0,5,0,2,1,46,0,0,0,0,0,1,64.0,65.0,59.0,66.57142857142857,22.83168224826403,74.5,4,15,7,46,2013,-0.433883739117558,-0.9009688679024191,0.8660254037844386,0.5000000000000001,0.7116566222817746,0.7025274741691571,23379.0,16961.0,20955.0,21535.0,20601.0,21943.0,,19597.714285714286,2091.4720266104837,18610.571428571428,2416.0702267646166,21186.966666666667,7006.13082498335,26564.933333333334,10080.486881008876,229,0.32072829131652664,0,0,0,0,21068.0,19940.5
2013-02-16,57469,26,404,11.9,,396.4900000000001,6,1,2,1,47,0,0,0,0,1,1,66.0,111.0,97.0,66.71428571428571,22.82333809732359,75.16666666666667,5,16,7,47,2013,-0.9749279121818236,-0.2225209339563146,0.8660254037844386,0.5000000000000001,0.7236440382959124,0.6901733882429719,19732.0,23379.0,16961.0,18787.0,18602.0,24318.0,,25123.714285714286,14411.024850373913,21386.785714285714,10662.516719644686,22292.0,9637.28359567407,26902.3,10759.236807884448,230,0.32212885154061627,0,0,0,0,18694.5,20987.5
2013-02-17,39140,18,306,12.01,,306.0,7,1,2,1,48,0,0,0,1,1,1,396.4900000000001,80.0,53.0,107.49857142857144,127.97963385223596,86.88300000000001,6,17,7,48,2013,-0.7818314824680299,0.6234898018587334,0.8660254037844386,0.5000000000000001,0.7354170229639855,0.6776147890466889,57469.0,19732.0,23379.0,19322.0,16283.0,20963.0,,27954.85714285714,15015.295595143081,23019.428571428572,11535.133914159023,22897.9,10110.62131297988,26951.983333333334,10809.47177638497,231,0.3235294117647059,0,0,0,0,17802.5,18205.0
2013-02-18,42204,17,257,14.36,,257.0,1,0,2,1,49,0,0,1,0,1,1,306.0,48.0,40.0,139.78428571428574,146.98230866980137,94.983,0,18,8,49,2013,0.0,1.0,0.8660254037844386,0.5000000000000001,0.7469720876965552,0.6648553979642865,39140.0,57469.0,19732.0,18048.0,18974.0,48331.0,,31405.714285714286,15134.331608567816,24678.714285714286,12535.819965992634,22693.666666666668,9629.600236388003,26913.85,10750.42033364277,232,0.32492997198879553,0,0,0,0,18511.0,15830.5
2013-02-19,19055,9,32,11.87,,32.0,2,0,2,1,50,0,0,0,1,0,1,257.0,50.0,40.0,169.6414285714286,146.4569448027385,91.983,1,19,8,50,2013,0.7818314824680298,0.6234898018587336,0.8660254037844386,0.5000000000000001,0.7583058084785624,0.6518989958787126,42204.0,39140.0,57469.0,20955.0,14330.0,35202.0,,31134.285714285714,15368.229996915548,25016.214285714286,12297.103337331533,22155.433333333334,9353.659544515873,26526.133333333335,10603.944690485234,233,0.32633053221288516,0,0,0,0,17642.5,19943.5
2013-02-20,15162,7,40,13.17,,40.0,3,0,2,1,51,0,0,0,0,0,0,32.0,48.0,39.0,167.07000000000002,149.04284943151976,83.94966666666667,2,20,8,51,2013,0.9749279121818236,-0.22252093395631434,0.8660254037844386,0.5000000000000001,0.7694148268839378,0.6387494220515272,19055.0,42204.0,39140.0,16961.0,15409.0,35368.0,,30877.285714285714,15657.077736221881,24998.571428571428,12312.115269830028,21481.9,9093.317433982642,25861.016666666666,10018.69474141973,234,0.3277310924369748,0,0,0,0,16185.0,17042.5
2013-02-21,15007,10,34,9.83,,34.0,4,0,2,1,52,0,0,0,0,0,0,40.0,64.0,39.0,165.92714285714288,150.13471891541118,78.64966666666668,3,21,8,52,2013,0.43388373911755823,-0.900968867902419,0.8660254037844386,0.5000000000000001,0.7802958510707755,0.6254105729852463,15162.0,19055.0,42204.0,23379.0,18231.0,20781.0,,29681.285714285714,16615.721809120867,24768.285714285714,12477.473261402338,21289.433333333334,9169.450785205137,25284.316666666666,9616.342381400924,235,0.3291316526610644,0,0,0,0,20805.0,21794.5
2013-02-22,16734,16,47,10.32,,47.0,5,0,2,1,53,0,0,0,0,0,0,34.0,66.0,65.0,161.6414285714286,153.90996290348582,78.64966666666668,4,22,8,53,2013,-0.433883739117558,-0.9009688679024191,0.8660254037844386,0.5000000000000001,0.7909456567567772,0.6118864012687243,15007.0,15162.0,19055.0,19732.0,21535.0,20142.0,,29253.0,16950.187747239444,24425.35714285714,12638.112740115412,21175.833333333332,9205.197602566668,24971.433333333334,9583.442031179176,236,0.33053221288515405,0,0,0,0,20633.5,20166.5
2013-02-23,23982,12,81,10.79,,81.0,6,1,2,1,54,0,0,0,0,0,0,47.0,396.4900000000001,111.0,158.92714285714288,156.0306929970602,78.81633333333335,5,23,8,54,2013,-0.9749279121818236,-0.2225209339563146,0.8660254037844386,0.5000000000000001,0.8013610881746766,0.5981809144059165,16734.0,15007.0,15162.0,57469.0,18787.0,20854.0,,24469.14285714286,11513.01400486379,24796.428571428572,12535.67952632854,21280.1,9219.131294066792,25371.133333333335,9007.078383075723,237,0.3319327731092437,0,0,0,0,38128.0,38035.5
2013-02-24,18991,7,57,7.87,,57.0,7,1,2,1,55,0,0,0,0,0,0,81.0,306.0,80.0,113.85714285714286,116.54102077727612,80.31633333333335,6,24,8,55,2013,-0.7818314824680299,0.6234898018587334,0.8660254037844386,0.5000000000000001,0.8115390590073611,0.5842981736283684,23982.0,16734.0,15007.0,39140.0,19322.0,18346.0,,21590.714285714286,9592.3189013273,24772.785714285714,12547.105710871314,21301.6,9212.802638457675,25117.416666666668,8968.086242746807,238,0.3333333333333333,0,0,0,0,29231.0,27711.5
2013-02-25,17453,10,35,7.77,,35.0,1,0,2,1,56,0,0,0,0,0,0,57.0,257.0,48.0,78.28571428571429,80.56822013199788,80.983,0,25,9,56,2013,0.0,1.0,0.8660254037844386,0.5000000000000001,0.8214765533024142,0.5702422926917871,18991.0,23982.0,16734.0,42204.0,18048.0,23188.0,,18054.85714285714,3076.0532845714274,24730.285714285714,12572.618094821823,21110.433333333334,9231.79124354359,24814.1,8913.343128066146,239,0.33473389355742295,0,0,0,0,30126.0,30589.0
2013-02-26,19972,6,32,8.15,,32.0,2,0,2,1,57,0,0,0,0,0,0,35.0,32.0,50.0,46.57142857142857,17.520056533936945,79.61633333333334,1,26,9,57,2013,0.7818314824680298,0.6234898018587336,0.8660254037844386,0.5000000000000001,0.8311706263658079,0.5560174366570446,17453.0,18991.0,23982.0,19055.0,20955.0,17088.0,,18185.85714285714,3144.509682423638,24660.071428571428,12598.042933874118,21206.566666666666,9203.432510653904,24535.3,8796.10950652886,240,0.33613445378151263,0,0,0,0,20005.0,16692.5
2013-02-27,17067,6,35,8.54,,35.0,3,0,2,1,58,0,0,0,0,0,0,32.0,40.0,48.0,46.57142857142857,17.520056533936945,78.61633333333334,2,27,9,58,2013,0.9749279121818236,-0.22252093395631434,0.8660254037844386,0.5000000000000001,0.8406184056344782,0.5416278206559814,19972.0,17453.0,18991.0,15162.0,16961.0,13613.0,,18458.0,2913.1124248814845,24667.64285714286,12593.090734496123,21321.7,9126.445121846142,24189.616666666665,8672.342680177559,241,0.33753501400560226,0,0,0,0,16061.5,15285.5
2013-02-28,18531,12,40,11.31,,40.0,4,0,2,1,59,0,0,0,0,0,0,35.0,34.0,64.0,45.85714285714285,17.92975712262037,78.88300000000001,3,28,9,59,2013,0.43388373911755823,-0.900968867902419,0.8660254037844386,0.5000000000000001,0.8498170915275278,0.5270777086423722,17067.0,19972.0,17453.0,15007.0,23379.0,18932.0,,18961.428571428572,2491.2911550131053,24321.35714285714,12697.474422450732,21308.333333333332,9130.358599798796,23918.216666666667,8588.58507336507,242,0.3389355742296919,0,0,0,0,19193.0,16619.0
2013-03-01,23572,9,56,8.56,,56.0,5,0,3,1,60,0,0,0,0,0,0,40.0,47.0,66.0,46.71428571428572,17.404159327721853,79.21633333333334,4,1,9,60,2013,-0.433883739117558,-0.9009688679024191,1.0,6.123233995736766e-17,0.8587639582758029,0.5123714121284237,18531.0,17067.0,19972.0,16734.0,19732.0,17124.0,,19938.285714285714,2794.499699664959,24595.64285714286,12632.017371055059,21523.266666666666,9104.318126423675,23628.483333333334,8292.186337387426,243,0.3403361344537815,0,0,0,0,18233.0,19134.5
2013-03-02,20119,12,85,7.5,,85.0,6,1,3,1,61,0,0,0,0,0,0,56.0,81.0,396.4900000000001,48.0,17.75762746915531,79.88300000000001,5,2,9,61,2013,-0.9749279121818236,-0.2225209339563146,1.0,6.123233995736766e-17,0.8674563547295969,0.49751328890718066,23572.0,18531.0,17067.0,23982.0,57469.0,20210.0,,19386.428571428572,2175.7979269791026,21927.785714285714,8385.520828543293,21520.233333333334,9104.785909669696,23475.4,8270.388073611508,244,0.34173669467787116,0,0,0,0,40725.5,21384.5
2013-03-03,19643,10,56,9.15,,56.0,7,1,3,1,62,0,0,0,0,0,0,85.0,57.0,306.0,48.57142857142857,19.01628374890882,81.08300000000001,6,3,9,62,2013,-0.7818314824680299,0.6234898018587334,1.0,6.123233995736766e-17,0.8758917051442429,0.48250774176121847,20119.0,23572.0,18531.0,18991.0,39140.0,20601.0,,19479.571428571428,2169.996763218761,20535.14285714286,6770.570034598704,21488.3,9109.79974476143,23276.05,8215.104464968103,245,0.3431372549019608,0,0,0,0,29065.5,19156.5
2013-03-04,16094,11,38,6.59,,38.0,1,0,3,1,63,0,0,0,0,0,0,56.0,35.0,257.0,48.42857142857143,18.946038661217468,80.983,0,4,10,63,2013,0.0,1.0,1.0,6.123233995736766e-17,0.8840675099433636,0.4673592171580022,19643.0,20119.0,23572.0,17453.0,42204.0,18602.0,,19285.428571428572,2427.0893993382047,18670.14285714286,2737.450691010446,21404.7,9148.625610553165,23091.166666666668,8250.34559351481,246,0.3445378151260504,0,0,0,0,29828.5,17750.5
2013-03-05,17302,5,31,9.28,,31.0,2,0,3,1,64,0,0,0,0,0,0,38.0,32.0,32.0,48.85714285714285,18.62282265956184,79.01633333333334,1,5,10,64,2013,0.7818314824680298,0.6234898018587336,1.0,6.123233995736766e-17,0.8919813464595485,0.45207220393230435,16094.0,19643.0,20119.0,19972.0,19055.0,16283.0,,18904.0,2509.6072733927076,18544.928571428572,2758.5039274182122,21438.666666666668,9130.82858850411,22862.25,8216.620150594306,247,0.34593837535014005,0,0,0,0,19513.5,20463.5
2013-03-06,21138,5,35,10.14,,35.0,3,0,3,1,65,0,0,0,0,0,0,31.0,35.0,40.0,48.71428571428572,18.77688548645368,78.283,2,6,10,65,2013,0.9749279121818236,-0.22252093395631434,1.0,6.123233995736766e-17,0.8996308696522433,0.43665123195606403,17302.0,16094.0,19643.0,17067.0,15162.0,18974.0,,19485.571428571428,2484.531535799033,18971.785714285714,2655.1892060227096,21510.8,9119.22677605419,22718.633333333335,8169.2721559629745,248,0.3473389355742297,0,0,0,0,16114.5,17014.0
2013-03-07,19282,9,38,9.31,,38.0,4,0,3,1,66,0,0,0,0,0,0,35.0,40.0,34.0,48.71428571428572,18.77688548645368,78.11633333333334,3,7,10,66,2013,0.43388373911755823,-0.900968867902419,1.0,6.123233995736766e-17,0.9070138128026359,0.4211008707960896,21138.0,17302.0,16094.0,18531.0,15007.0,14330.0,,19592.85714285714,2452.449281063613,19277.14285714286,2397.461665920798,21675.866666666665,9029.138392977511,22530.9,8115.5966158076335,249,0.3487394957983193,0,0,0,0,16769.0,20955.0
2013-03-08,20655,9,47,12.75,,47.0,5,0,3,1,67,0,0,0,0,0,0,38.0,56.0,47.0,48.42857142857143,18.946038661217464,78.04966666666668,4,8,10,67,2013,-0.433883739117558,-0.9009688679024191,1.0,6.123233995736766e-17,0.9141279881853337,0.40542572835999735,19282.0,21138.0,17302.0,23572.0,16734.0,15409.0,,19176.14285714286,1833.3057054192404,19557.214285714286,2304.7517196024132,21850.733333333334,8954.070667168311,22421.333333333332,8095.445636683444,250,0.35014005602240894,0,0,0,0,20153.0,21652.0
2013-03-09,22430,12,99,8.78,,99.0,6,1,3,1,68,0,0,0,0,0,0,47.0,85.0,81.0,47.142857142857146,18.64965210961024,78.31633333333335,5,9,10,68,2013,-0.9749279121818236,-0.2225209339563146,1.0,6.123233995736766e-17,0.9209712877166346,0.38963044953078796,20655.0,19282.0,21138.0,20119.0,23982.0,18231.0,,19506.285714285714,2202.336086544057,19446.35714285714,2104.145454431771,21990.7,8928.318805911911,22331.483333333334,8064.357085540494,251,0.35154061624649857,0,0,0,0,22050.5,38794.0
2013-03-10,22805,22,69,10.51,,69.0,7,1,3,1,69,0,0,0,0,0,0,99.0,56.0,57.0,49.142857142857146,23.504812070641123,80.31633333333335,6,10,10,69,2013,-0.7818314824680299,0.6234898018587334,1.0,6.123233995736766e-17,0.9275416835791966,0.37371971479046906,22430.0,20655.0,19282.0,19643.0,18991.0,21535.0,,19958.0,2534.304967178507,19718.785714285714,2280.1932164610303,22033.033333333333,8929.094410904772,22357.316666666666,8063.332802326423,252,0.35294117647058826,0,0,0,0,19317.0,29391.5
2013-03-11,19615,6,38,11.01,,38.0,1,0,3,1,70,0,0,0,0,0,0,69.0,38.0,35.0,51.0,24.62383668994943,80.44966666666667,0,11,11,70,2013,0.0,1.0,1.0,6.123233995736766e-17,0.9338372288229252,0.35769823883312546,22805.0,22430.0,20655.0,16094.0,17453.0,18787.0,,20461.0,1912.7772130244782,19873.214285714286,2186.21144654635,22060.633333333335,8919.989916042457,22246.983333333334,8054.6610182155655,253,0.3543417366946779,0,0,0,0,16773.5,29149.0
2013-03-12,18497,7,35,10.32,,35.0,2,0,3,1,71,0,0,0,0,0,0,38.0,31.0,32.0,51.0,24.62383668994943,78.01633333333334,1,12,11,71,2013,0.7818314824680298,0.6234898018587336,1.0,6.123233995736766e-17,0.9398560579418954,0.3415707691678556,19615.0,22805.0,22430.0,17302.0,19972.0,19322.0,,20631.714285714286,1613.8107813787449,19767.85714285714,2216.4172703899444,22033.133333333335,8929.990279692503,22131.883333333335,8058.139727475192,254,0.3557422969187675,0,0,0,0,18637.0,18178.5
2013-03-13,17354,7,40,9.3,,40.0,3,0,3,1,72,0,0,0,0,0,0,35.0,35.0,35.0,51.57142857142857,24.123689206925786,76.51633333333334,2,13,11,72,2013,0.9749279121818236,-0.22252093395631434,1.0,6.123233995736766e-17,0.9455963874271426,0.3253420847119801,18497.0,19615.0,22805.0,21138.0,17067.0,18048.0,,20091.14285714286,2002.8261223055467,19788.35714285714,2190.6929921176957,22010.0,8941.561253784079,21938.416666666668,8030.67767428079,255,0.35714285714285715,0,0,0,0,19102.5,18150.0
2013-03-14,24431,12,46,11.07,,46.0,4,0,3,1,73,0,0,0,0,0,0,40.0,38.0,40.0,52.285714285714285,23.620007660979464,76.24966666666667,3,14,11,73,2013,0.43388373911755823,-0.900968867902419,1.0,6.123233995736766e-17,0.9510565162951535,0.30901699437494745,17354.0,18497.0,19615.0,19282.0,18531.0,20955.0,,20826.714285714286,2531.7999337943265,20209.785714285714,2478.763996541169,22125.866666666665,8949.936380946448,21855.933333333334,7978.193637929178,256,0.3585434173669468,0,0,0,0,18906.5,17144.5
2013-03-15,19185,12,62,9.69,,62.0,5,0,3,1,74,0,0,0,0,0,0,46.0,47.0,56.0,53.42857142857143,22.99896478001451,76.11633333333334,4,15,11,74,2013,-0.433883739117558,-0.9009688679024191,1.0,6.123233995736766e-17,0.9562348265919056,0.29260033563334836,24431.0,17354.0,18497.0,20655.0,23572.0,16961.0,,20616.714285714286,2608.227540833226,19896.428571428572,2291.229522608772,22200.0,8914.821931422175,21781.1,7981.898726366172,257,0.3599439775910364,0,0,0,0,22113.5,18694.5
2013-03-16,23715,12,110,14.17,,110.0,6,1,3,1,75,0,0,0,0,0,0,62.0,99.0,85.0,55.57142857142857,22.99896478001452,76.58300000000001,5,16,11,75,2013,-0.9749279121818236,-0.2225209339563146,1.0,6.123233995736766e-17,0.9611297838723007,0.27609697309746883,19185.0,24431.0,17354.0,22430.0,20119.0,23379.0,,20800.285714285714,2795.6092188932544,20153.285714285714,2509.28762273791,22211.2,8916.56512031555,21735.933333333334,7962.819841362011,258,0.36134453781512604,0,0,0,0,21274.5,23206.0
2013-03-17,23719,15,78,17.13,,78.0,7,1,3,1,76,0,0,0,0,0,0,110.0,69.0,56.0,57.142857142857146,26.560801766440683,78.11633333333334,6,17,11,76,2013,-0.7818314824680299,0.6234898018587334,1.0,6.123233995736766e-17,0.9657399376548549,0.2595117970697999,23715.0,19185.0,24431.0,22805.0,19643.0,19732.0,,20930.85714285714,2923.2760405960407,20444.428571428572,2676.4219143729124,22344.1,8908.047560183042,21765.533333333333,7966.902506071149,259,0.3627450980392157,0,0,0,0,21224.0,20898.0
2013-03-18,18901,5,48,6.79,,48.0,1,0,3,1,77,0,0,0,0,0,0,78.0,38.0,38.0,58.42857142857143,27.4339032516158,78.51633333333334,0,18,12,77,2013,0.0,1.0,1.0,6.123233995736766e-17,0.9700639218515071,0.2428497220959356,23719.0,23715.0,19185.0,19615.0,16094.0,57469.0,,20828.85714285714,2988.569023717347,20644.928571428572,2418.1236357104904,21058.5,5958.938072196775,21675.25,7968.180360563784,260,0.3641456582633053,0,0,0,0,17854.5,18534.0
2013-03-19,18208,7,38,8.48,,38.0,2,0,3,1,78,0,0,0,0,0,0,48.0,35.0,31.0,59.85714285714285,26.435005651777196,66.9,1,19,12,78,2013,0.7818314824680298,0.6234898018587336,1.0,6.123233995736766e-17,0.9741004551724205,0.22611568550828828,18901.0,23719.0,23715.0,18497.0,17302.0,39140.0,,20787.571428571428,3027.889025770264,20709.64285714286,2332.3808109423408,20360.766666666666,4900.172760384023,21629.333333333332,7980.28292618255,261,0.36554621848739494,0,0,0,0,17899.5,19234.5
2013-03-20,20766,7,47,6.71,,47.0,3,0,3,1,79,0,0,0,0,0,0,38.0,40.0,35.0,60.285714285714285,25.985343854528143,57.96666666666667,2,20,12,79,2013,0.9749279121818236,-0.22252093395631434,1.0,6.123233995736766e-17,0.9778483415056568,0.20931464596304847,18208.0,18901.0,23719.0,17354.0,21138.0,42204.0,,21275.0,2631.7490381871676,20683.071428571428,2329.24228235051,19646.166666666668,2652.629639762689,21169.916666666668,7169.275949285636,262,0.36694677871148457,0,0,0,0,19246.0,17210.5
2013-03-21,20288,12,51,7.37,,51.0,4,0,3,1,80,0,0,0,0,0,0,47.0,46.0,38.0,61.285714285714285,25.197316561585097,50.96666666666667,3,21,12,80,2013,0.43388373911755823,-0.900968867902419,1.0,6.123233995736766e-17,0.9813064702716093,0.19245158197082998,20766.0,18208.0,18901.0,24431.0,19282.0,19055.0,,20683.14285714286,2240.4756510295274,20754.928571428572,2298.0024256625475,19687.266666666666,2652.7063075326287,20921.35,6929.039642472031,263,0.36834733893557425,0,0,0,0,21856.5,21481.0
2013-03-22,23676,16,69,9.77,,69.0,5,0,3,1,81,0,0,0,0,0,0,51.0,62.0,47.0,62.0,24.758836806279263,51.6,4,22,12,81,2013,-0.433883739117558,-0.9009688679024191,1.0,6.123233995736766e-17,0.9844738167520922,0.1755314904214282,20288.0,20766.0,18208.0,19185.0,20655.0,15162.0,,21324.714285714286,2378.7199438831917,20970.714285714286,2426.1615910597075,19971.066666666666,2606.9162246415294,20726.483333333334,6675.642355917824,264,0.3697478991596639,0,0,0,0,19920.0,21378.5
2013-03-23,22951,14,94,7.04,,94.0,6,1,3,1,82,0,0,0,0,0,0,69.0,110.0,99.0,63.0,24.899799195976843,52.56666666666667,5,23,12,82,2013,-0.9749279121818236,-0.2225209339563146,1.0,6.123233995736766e-17,0.9873494423939864,0.15855938510313475,23676.0,20288.0,20766.0,23715.0,22430.0,15007.0,,21215.571428571428,2265.6053537734006,21007.928571428572,2454.1018869288773,20235.866666666665,2485.952446813188,20762.65,6681.818071440609,265,0.3711484593837535,0,0,0,0,23072.5,21917.0
2013-03-24,23069,11,72,6.88,,72.0,7,1,3,1,83,0,0,0,0,0,0,94.0,78.0,69.0,60.71428571428572,20.1470782473472,54.56666666666667,6,24,12,83,2013,-0.7818314824680299,0.6234898018587334,1.0,6.123233995736766e-17,0.989932495087353,0.141540295217043,22951.0,23676.0,20288.0,23719.0,22805.0,16734.0,,21122.714285714286,2156.5980705950537,21026.785714285714,2469.935850259053,20447.033333333333,2446.9873170667306,20811.433333333334,6687.892078458439,266,0.37254901960784315,0,0,0,0,23262.0,21681.0
2013-03-25,20899,8,57,8.69,,57.0,1,0,3,1,84,0,0,0,0,0,0,72.0,48.0,38.0,59.85714285714285,19.402994368812223,55.4,0,25,13,84,2013,0.0,1.0,1.0,6.123233995736766e-17,0.9922222094179323,0.12447926388678915,23069.0,22951.0,23676.0,18901.0,19615.0,23982.0,,21408.14285714286,1934.3060278877535,21118.5,2437.101202090319,20344.266666666666,2356.4739575569383,20812.183333333334,6687.899456130492,267,0.3739495798319328,0,0,0,0,19258.0,17497.5
2013-03-26,18040,5,53,9.72,,53.0,2,0,3,1,85,0,0,0,0,0,0,57.0,38.0,35.0,61.142857142857146,18.774349269046827,54.6,1,26,13,85,2013,0.7818314824680298,0.6234898018587336,1.0,6.123233995736766e-17,0.994217906893952,0.10738134666416309,20899.0,23069.0,22951.0,18208.0,18497.0,18991.0,,21384.14285714286,1981.1057037732483,21085.85714285714,2477.638325165515,20312.566666666666,2381.5691970275116,20807.083333333332,6689.928337615371,268,0.3753501400560224,0,0,0,0,18352.5,17755.0
2013-03-27,17260,8,56,8.47,,56.0,3,0,3,1,86,0,0,0,0,0,0,53.0,47.0,40.0,63.285714285714285,16.398315825252634,54.46666666666667,2,27,13,86,2013,0.9749279121818236,-0.22252093395631434,1.0,6.123233995736766e-17,0.995918996147179,0.09025161003104117,18040.0,20899.0,23069.0,20766.0,17354.0,17453.0,,20883.285714285714,2530.452114694321,21079.14285714286,2488.6323972797823,20306.133333333335,2389.8065386039943,20708.283333333333,6697.938815485588,269,0.37675070028011204,0,0,0,0,19060.0,20952.0
2013-03-28,21592,12,60,7.01,,60.0,4,0,3,1,87,0,0,0,0,0,0,56.0,51.0,46.0,64.57142857142857,15.219035699380465,55.16666666666666,3,28,13,87,2013,0.43388373911755823,-0.900968867902419,1.0,6.123233995736766e-17,0.9973249731081555,0.07309512989807777,17260.0,18040.0,20899.0,20288.0,24431.0,19972.0,,21069.571428571428,2527.32143168349,20876.35714285714,2303.2611197416572,20360.133333333335,2400.275928582735,20783.35,6681.896972163665,270,0.37815126050420167,0,0,0,0,22359.5,19785.0
2013-03-29,21703,12,83,8.27,,83.0,5,0,3,1,88,0,0,0,0,0,0,60.0,69.0,62.0,65.85714285714286,14.229412864772746,56.1,4,29,13,88,2013,-0.433883739117558,-0.9009688679024191,1.0,6.123233995736766e-17,0.9984354211555643,0.055916990100603484,21592.0,17260.0,18040.0,23676.0,19185.0,17067.0,,20787.714285714286,2286.7655261149143,21056.214285714286,2258.9126444296476,20514.666666666668,2329.130063043944,20918.183333333334,6616.054071294579,271,0.3795518207282913,0,0,0,0,21430.5,22165.5
2013-03-30,33513,12,106,8.12,,106.0,6,1,3,1,89,0,0,0,0,0,0,83.0,94.0,110.0,67.85714285714286,15.657038581507909,57.7,5,30,13,89,2013,-0.9749279121818236,-0.2225209339563146,1.0,6.123233995736766e-17,0.9992500112396835,0.03872228089217446,21703.0,21592.0,17260.0,22951.0,23715.0,18531.0,,22296.571428571428,5364.89083011451,21756.071428571428,3995.9603729513024,21014.066666666666,3295.0343196720205,21161.2,6806.899756739839,272,0.38095238095238093,0,0,0,0,23333.0,22690.5
2013-03-31,14288,4,0,6.8,,0.0,7,1,3,1,90,0,0,0,0,0,0,106.0,72.0,78.0,69.57142857142857,19.24280941769379,59.9,6,31,13,90,2013,-0.7818314824680299,0.6234898018587334,1.0,6.123233995736766e-17,0.9997685019798909,0.021516097436222254,33513.0,21703.0,21592.0,23069.0,23719.0,23572.0,,21042.14285714286,6126.686908614602,21082.428571428572,4412.7957946492415,20704.6,3477.435366909765,21113.933333333334,6845.148002922997,273,0.38235294117647056,0,0,0,0,23394.0,22937.0
2013-04-01,22473,7,57,9.42,,57.0,1,0,4,2,91,0,0,0,0,0,0,0.0,57.0,48.0,59.285714285714285,32.44335723335975,58.03333333333333,0,1,14,91,2013,0.0,1.0,0.8660254037844387,-0.4999999999999998,0.9999907397361901,0.004303538296244289,14288.0,33513.0,21703.0,20899.0,18901.0,20119.0,,21267.0,6149.399591287951,21337.571428571428,4380.109371909499,20783.066666666666,3490.300579224331,21151.65,6846.317374128074,274,0.38375350140056025,0,0,0,0,19900.0,20257.0
2013-04-02,23490,6,50,6.65,,50.0,2,0,4,2,92,0,0,0,0,0,0,57.0,53.0,38.0,59.285714285714285,32.44335723335975,57.1,1,2,14,92,2013,0.7818314824680298,0.6234898018587336,0.8660254037844387,-0.4999999999999998,0.9999166586547379,-0.01291029607500882,22473.0,14288.0,33513.0,18040.0,18208.0,19643.0,,22045.571428571428,6016.306698109183,21714.85714285714,4316.832561339005,20911.3,3517.533267249545,21199.8,6852.53533879916,275,0.3851540616246499,0,0,0,0,18124.0,18268.5
2013-04-03,23438,10,58,6.62,,58.0,3,0,4,2,93,0,0,0,0,0,0,50.0,56.0,47.0,58.85714285714285,32.55983502941661,56.9,2,3,14,93,2013,0.9749279121818236,-0.22252093395631434,0.8660254037844387,-0.4999999999999998,0.9995462806873573,-0.030120304846908114,23490.0,22473.0,14288.0,17260.0,20766.0,16094.0,,22928.14285714286,5638.562388545773,21905.714285714286,4330.69975565447,21156.1,3425.050670151291,21280.4,6849.902122769727,276,0.3865546218487395,0,0,0,0,19013.0,17307.0
2013-04-04,21674,11,58,8.15,,58.0,4,0,4,2,94,0,0,0,0,0,0,58.0,60.0,51.0,59.142857142857146,32.53935346329874,57.56666666666667,3,4,14,94,2013,0.43388373911755823,-0.900968867902419,0.8660254037844387,-0.4999999999999998,0.9988797155850336,-0.04732138832243185,23438.0,23490.0,22473.0,21592.0,20288.0,17302.0,,22939.85714285714,5635.408161158901,22004.714285714286,4306.6492673640405,21301.833333333332,3347.542475673331,21370.25,6818.525263350496,277,0.38795518207282914,0,0,0,0,20940.0,23011.5
2013-04-05,28739,10,85,10.93,,85.0,5,0,4,2,95,0,0,0,0,0,0,58.0,83.0,69.0,58.85714285714285,32.53935346329873,58.46666666666667,4,5,14,95,2013,-0.433883739117558,-0.9009688679024191,0.8660254037844387,-0.4999999999999998,0.9979171608653922,-0.06450844944931623,21674.0,23438.0,23490.0,21703.0,23676.0,21138.0,,23945.0,5994.094427017251,22366.35714285714,4656.181773598462,21555.2,3611.9244311795987,21533.0,6876.651885368501,278,0.38935574229691877,0,0,0,0,22689.5,20444.0
2013-04-06,27767,10,105,8.81,,105.0,6,1,4,2,96,0,0,0,0,0,0,85.0,106.0,94.0,59.142857142857146,32.794453654179975,60.13333333333333,5,6,14,96,2013,-0.9749279121818236,-0.2225209339563146,0.8660254037844387,-0.4999999999999998,0.9966589017541702,-0.08167639533042241,28739.0,21674.0,23438.0,33513.0,22951.0,19282.0,,23124.14285714286,4724.394544227124,22710.35714285714,4875.439271840632,21838.033333333333,3757.0766559721546,21756.95,6856.868953459374,279,0.3907563025210084,0,0,0,0,28232.0,28614.0
2013-04-07,21785,8,73,9.61,,73.0,7,1,4,2,97,0,0,0,0,0,0,105.0,0.0,72.0,59.0,32.557641192198915,62.36666666666667,6,7,14,97,2013,-0.7818314824680299,0.6234898018587334,0.8660254037844387,-0.4999999999999998,0.9951053111006976,-0.09882013873287143,27767.0,28739.0,21674.0,14288.0,23069.0,20655.0,,24195.14285714286,2875.355597056318,22618.64285714286,4880.2483008573745,21875.7,3750.4657471692753,21863.216666666667,6806.040711941023,280,0.39215686274509803,0,0,0,0,18678.5,19003.5
2013-04-08,20680,7,44,8.55,,44.0,1,0,4,2,98,0,0,0,0,0,0,73.0,57.0,57.0,69.42857142857143,19.637185328325906,63.23333333333333,0,8,15,98,2013,0.0,1.0,0.8660254037844387,-0.4999999999999998,0.9932568492674143,-0.11593459959550041,21785.0,27767.0,28739.0,22473.0,20899.0,22430.0,,23939.0,3123.491849410304,22603.0,4886.531285073218,21817.366666666665,3755.1535758423056,21904.033333333333,6791.215991480292,281,0.39355742296918766,0,0,0,0,21686.0,20687.0
2013-04-09,18672,7,34,10.72,,34.0,2,0,4,2,99,0,0,0,0,0,0,44.0,50.0,53.0,67.57142857142857,21.53181477764978,61.4,1,9,15,99,2013,0.7818314824680298,0.6234898018587336,0.8660254037844387,-0.4999999999999998,0.9911140639934547,-0.1330147065341959,20680.0,21785.0,27767.0,23490.0,18040.0,22805.0,,23250.714285714286,3713.9542141444244,22648.14285714286,4843.867699030765,21679.6,3793.29124312552,21856.316666666666,6803.899062842161,282,0.3949579831932773,0,0,0,0,20765.0,20849.0
2013-04-10,16903,8,35,8.8,,35.0,3,0,4,2,100,0,0,0,0,0,0,34.0,58.0,56.0,65.28571428571429,24.3701613023946,60.23333333333333,2,10,15,100,2013,0.9749279121818236,-0.22252093395631434,0.8660254037844387,-0.4999999999999998,0.9886775902323405,-0.1500553983446526,18672.0,20680.0,21785.0,23438.0,17260.0,19615.0,,22317.14285714286,4414.337376797297,22622.64285714286,4875.2529339849625,21589.2,3875.6128093859174,21824.916666666668,6822.625604961775,283,0.3963585434173669,0,0,0,0,20349.0,22102.0
2013-04-11,21715,11,45,7.26,,45.0,4,0,4,2,101,0,0,0,0,0,0,35.0,58.0,60.0,62.0,26.932013168964957,60.13333333333333,3,11,15,101,2013,0.43388373911755823,-0.900968867902419,0.8660254037844387,-0.4999999999999998,0.9859481499638304,-0.16705162550211924,16903.0,18672.0,20680.0,21674.0,21592.0,18497.0,,22323.0,4413.368894619977,22631.428571428572,4873.36320000061,21696.466666666667,3831.357936395652,21864.8,6814.736073827952,284,0.39775910364145656,0,0,0,0,21633.0,20981.0
2013-04-12,18779,10,64,10.14,,64.0,5,0,4,2,102,0,0,0,0,0,0,45.0,85.0,83.0,60.142857142857146,27.69132578641716,60.46666666666667,4,12,15,102,2013,-0.433883739117558,-0.9009688679024191,0.8660254037844387,-0.4999999999999998,0.9829265519799822,-0.18399835165768005,21715.0,16903.0,18672.0,28739.0,21703.0,17354.0,,20900.14285714286,3514.023640053693,22422.571428571428,4977.75222232008,21743.966666666667,3784.2081710193393,21876.983333333334,6808.447309220303,285,0.39915966386554624,0,0,0,0,25221.0,26207.5
2013-04-13,22361,16,96,9.53,,96.0,6,1,4,2,103,0,0,0,0,0,0,64.0,105.0,106.0,57.142857142857146,25.608778256869087,61.266666666666666,5,13,15,103,2013,-0.9749279121818236,-0.2225209339563146,0.8660254037844387,-0.4999999999999998,0.9796136916454901,-0.20089055513063506,18779.0,21715.0,16903.0,27767.0,33513.0,24431.0,,20127.85714285714,2036.973770782567,21626.0,3825.3913223656064,21674.966666666667,3752.261226140278,21900.416666666668,6807.639779381619,286,0.4005602240896359,0,0,0,0,30640.0,25359.0
2013-04-14,18893,8,76,10.37,,76.0,7,1,4,2,104,0,0,0,0,0,0,96.0,73.0,0.0,55.85714285714285,22.886885410852447,62.93333333333333,6,14,15,104,2013,-0.7818314824680299,0.6234898018587334,0.8660254037844387,-0.4999999999999998,0.9760105506323683,-0.21772323039653177,22361.0,18779.0,21715.0,21785.0,14288.0,19185.0,,19714.714285714286,1935.609870668041,21954.928571428572,3309.02464049875,21665.233333333334,3759.3149933918244,21932.616666666665,6788.422484908819,287,0.4019607843137255,0,0,0,0,18036.5,22427.0
2013-04-15,16660,6,30,9.06,,30.0,1,0,4,2,105,0,0,0,0,0,0,76.0,44.0,57.0,56.285714285714285,23.28600642527744,63.4,0,15,16,105,2013,0.0,1.0,0.8660254037844387,-0.4999999999999998,0.9721181966290613,-0.23449138957040985,18893.0,22361.0,18779.0,20680.0,22473.0,23715.0,,19140.428571428572,2182.1391536089595,21539.714285714286,3591.6527463757916,21430.066666666666,3846.327150298943,21820.633333333335,6819.506115539953,288,0.40336134453781514,0,0,0,0,21576.5,20789.5
2013-04-16,17146,10,35,7.88,,35.0,2,0,4,2,106,0,0,0,0,0,0,30.0,34.0,50.0,54.285714285714285,25.05137578200836,60.73333333333333,1,16,16,106,2013,0.7818314824680298,0.6234898018587336,0.8660254037844387,-0.4999999999999998,0.9679377830240642,-0.25119006388481935,16660.0,18893.0,22361.0,18672.0,23490.0,23719.0,,18922.428571428572,2309.2581678351194,21086.571428571428,3724.4098699149904,21210.966666666667,3898.3047198116906,21777.533333333333,6841.0680439475755,289,0.40476190476190477,0,0,0,0,21081.0,18356.0
2013-04-17,23210,7,41,8.87,,41.0,3,0,4,2,107,0,0,0,0,0,0,35.0,35.0,58.0,54.42857142857143,24.918916127158244,59.3,2,17,16,107,2013,0.9749279121818236,-0.22252093395631434,0.8660254037844387,-0.4999999999999998,0.9634705485641488,-0.2678143051621742,17146.0,16660.0,18893.0,16903.0,23438.0,18901.0,,19823.428571428572,2601.8778383531517,21070.285714285714,3713.8202895208137,21354.6,3889.6320329466243,21206.55,4991.216618865631,290,0.4061624649859944,0,0,0,0,20170.5,17081.5
2013-04-18,15889,14,39,12.14,,39.0,4,0,4,2,108,0,0,0,0,0,0,41.0,45.0,58.0,55.285714285714285,24.232996002105512,59.06666666666667,3,18,16,108,2013,0.43388373911755823,-0.900968867902419,0.8660254037844387,-0.4999999999999998,0.9587178169872964,-0.2843591872810034,23210.0,17146.0,16660.0,21715.0,21674.0,18208.0,,18991.14285714286,2818.728994219926,20657.071428571428,3955.4519427529253,21277.3,3976.397244344174,20819.033333333333,4448.347466791518,291,0.40756302521008403,0,0,0,0,21694.5,21653.5
2013-04-19,19228,11,58,11.05,,58.0,5,0,4,2,109,0,0,0,0,0,0,39.0,64.0,85.0,54.42857142857143,24.75787512999343,59.1,4,19,16,109,2013,-0.433883739117558,-0.9009688679024191,0.8660254037844387,-0.4999999999999998,0.9536809966304457,-0.30081980763566735,15889.0,23210.0,17146.0,18779.0,28739.0,20766.0,,19055.285714285714,2818.2055587603095,19977.714285714286,3206.437165562834,21226.033333333333,3993.096072001053,20436.1,3454.0475578953974,292,0.40896358543417366,0,0,0,0,23759.0,20241.0
2013-04-20,22565,12,90,10.76,,90.0,6,1,4,2,110,0,0,0,0,0,0,58.0,96.0,105.0,53.57142857142857,24.47350365093537,59.46666666666667,5,20,16,110,2013,-0.9749279121818236,-0.2225209339563146,0.8660254037844387,-0.4999999999999998,0.9483615800121715,-0.3171912885891061,19228.0,15889.0,23210.0,22361.0,27767.0,20288.0,,19084.428571428572,2858.8487692973936,19606.14285714286,2445.4710371226884,21301.933333333334,3996.290399973442,20494.6,3459.978618528984,293,0.4103641456582633,0,0,0,0,25064.0,27937.0
2013-04-21,20618,12,65,12.61,,65.0,7,1,4,2,111,0,0,0,0,0,0,90.0,76.0,73.0,52.71428571428572,22.78679651109521,60.766666666666666,6,21,16,111,2013,-0.7818314824680299,0.6234898018587334,0.8660254037844387,-0.4999999999999998,0.9427611433904207,-0.3334687789181868,22565.0,19228.0,15889.0,18893.0,21785.0,23676.0,,19330.85714285714,2913.4230971240854,19522.785714285714,2384.6210851578794,21200.0,3972.576823761878,20585.533333333333,3388.4103140701463,294,0.4117647058823529,0,0,0,0,20339.0,16590.5
2013-04-22,15990,6,37,10.62,,37.0,1,0,4,2,112,0,0,0,0,0,0,65.0,30.0,44.0,51.142857142857146,21.24012375535563,60.63333333333333,0,22,17,112,2013,0.0,1.0,0.8660254037844387,-0.4999999999999998,0.9368813462954315,-0.3496474552512284,20618.0,22565.0,19228.0,16660.0,20680.0,22951.0,,19235.14285714286,3024.6742209461318,19187.785714285714,2534.283548538902,20967.966666666667,4068.9003299912206,20601.916666666668,3363.263474116688,295,0.41316526610644255,0,0,0,0,18670.0,19566.5
2013-04-23,19208,5,41,7.42,,41.0,2,0,4,2,113,0,0,0,0,0,0,37.0,35.0,34.0,52.142857142857146,20.219038647015083,58.73333333333333,1,23,17,113,2013,0.7818314824680298,0.6234898018587336,0.8660254037844387,-0.4999999999999998,0.9307239310379795,-0.36572252349726897,15990.0,20618.0,22565.0,17146.0,18672.0,23069.0,,19529.714285714286,2884.462325072192,19226.071428571428,2529.9371066758927,20839.266666666666,4061.207472333038,20643.15,3330.0408295201064,296,0.41456582633053224,0,0,0,0,17909.0,20318.0
2013-04-24,17074,8,38,9.78,,38.0,3,0,4,2,114,0,0,0,0,0,0,41.0,41.0,35.0,53.0,19.485036994233106,57.7,2,24,17,114,2013,0.9749279121818236,-0.22252093395631434,0.8660254037844387,-0.4999999999999998,0.9242907221930933,-0.3816892202666588,19208.0,15990.0,20618.0,23210.0,16903.0,20899.0,,18653.14285714286,2484.2210334139045,19238.285714285714,2518.244578717699,20711.766666666666,4118.899900696107,20528.016666666666,3332.0648532340965,297,0.41596638655462187,0,0,0,0,20056.5,23324.0
2013-04-25,21908,10,42,11.15,,42.0,4,0,4,2,115,0,0,0,0,0,0,38.0,39.0,45.0,52.57142857142857,19.82302653361355,57.06666666666667,3,25,17,115,2013,0.43388373911755823,-0.900968867902419,0.8660254037844387,-0.4999999999999998,0.9175836260593937,-0.39754281428255595,17074.0,19208.0,15990.0,15889.0,21715.0,18040.0,,19513.0,2408.5353087161293,19252.071428571428,2533.3289884528594,20840.7,4092.839324293482,20576.633333333335,3330.538801865883,298,0.4173669467787115,0,0,0,0,18802.0,18781.5
2013-04-26,21723,15,61,9.49,,61.0,5,0,4,2,116,0,0,0,0,0,0,42.0,58.0,64.0,53.0,19.510680835548325,56.7,4,26,17,116,2013,-0.433883739117558,-0.9009688679024191,0.8660254037844387,-0.4999999999999998,0.9106046300942162,-0.4132786077829042,21908.0,17074.0,19208.0,19228.0,18779.0,17260.0,,19869.428571428572,2540.3359264173337,19462.35714285714,2612.005348302289,20989.466666666667,4038.955880212015,20647.8,3308.2076247018363,299,0.41876750700280113,0,0,0,0,19003.5,23983.5
2013-04-27,29389,8,102,7.19,,102.0,6,1,4,2,117,0,0,0,0,0,0,61.0,90.0,96.0,53.42857142857143,19.67110522955808,56.86666666666667,5,27,17,117,2013,-0.9749279121818236,-0.2225209339563146,0.8660254037844387,-0.4999999999999998,0.9033558023246845,-0.4288919379124835,21723.0,21908.0,17074.0,22565.0,22361.0,21592.0,,20844.285714285714,4386.029894801712,19964.35714285714,3672.1560132589148,21249.366666666665,4320.139074097104,20804.75,3493.781151281606,300,0.42016806722689076,0,0,0,0,22463.0,25166.0
2013-04-28,22893,10,67,8.33,,67.0,7,1,4,2,118,0,0,0,0,0,0,102.0,65.0,76.0,55.142857142857146,23.533157965081745,58.266666666666666,6,28,17,118,2013,-0.7818314824680299,0.6234898018587334,0.8660254037844387,-0.4999999999999998,0.895839290734909,-0.4443781781046132,29389.0,21723.0,21908.0,20618.0,18893.0,21703.0,,21169.285714285714,4450.284624391381,20250.071428571428,3737.417587756825,21289.033333333333,4329.900018622222,20901.85,3469.011009480668,301,0.4215686274509804,0,0,0,0,19755.5,21201.5
2013-04-29,22014,7,42,11.13,,42.0,1,0,4,2,119,0,0,0,0,0,0,67.0,37.0,30.0,55.42857142857143,23.684433304437487,57.73333333333333,0,29,18,119,2013,0.0,1.0,0.8660254037844387,-0.4999999999999998,0.8880573226294932,-0.45973273945210397,22893.0,29389.0,21723.0,15990.0,16660.0,33513.0,,22029.85714285714,3819.569322518309,20632.5,3613.6821355678744,20905.733333333334,3669.001742777742,20959.9,3457.7889609264566,302,0.42296918767507,0,0,0,0,16325.0,18335.0
2013-04-30,18474,5,38,8.15,,38.0,2,0,4,2,120,0,0,0,0,0,0,42.0,41.0,35.0,56.142857142857146,23.10431829354613,55.6,1,30,18,120,2013,0.7818314824680298,0.6234898018587336,0.8660254037844387,-0.4999999999999998,0.8800122039735357,-0.47495107206704995,22014.0,22893.0,29389.0,19208.0,17146.0,14288.0,,21925.0,3918.7356804628316,20727.35714285714,3531.621453865903,21045.266666666666,3483.5598412854124,20874.933333333334,3455.149528843353,303,0.42436974789915966,0,0,0,0,18177.0,18940.0
2013-05-01,18477,6,41,11.68,,41.0,3,0,5,2,121,0,0,0,0,0,0,38.0,38.0,41.0,55.71428571428572,23.457154457394484,56.86666666666667,2,1,18,121,2013,0.9749279121818236,-0.22252093395631434,0.49999999999999994,-0.8660254037844387,0.8717063187093218,-0.4900286664290592,18474.0,22014.0,22893.0,17074.0,23210.0,22473.0,,22125.428571428572,3656.369732268168,20389.285714285714,3502.0988306699087,20912.066666666666,3503.42585964415,20847.566666666666,3467.7183206558466,304,0.4257703081232493,0,0,0,0,20142.0,16988.5
2013-05-02,18816,9,45,10.74,,45.0,4,0,5,2,122,0,0,0,0,0,0,41.0,42.0,39.0,56.142857142857146,23.10431829354613,56.333333333333336,3,2,18,122,2013,0.43388373911755823,-0.900968867902419,0.49999999999999994,-0.8660254037844387,0.8631421280499114,-0.5049610547215204,18477.0,18474.0,22014.0,21908.0,15889.0,23490.0,,21683.714285714286,3867.675861732432,20598.35714285714,3293.9543130533607,20756.266666666666,3488.7273436256505,20833.783333333333,3474.2247865551103,305,0.4271708683473389,0,0,0,0,18898.5,21811.5
2013-05-03,21863,8,57,12.37,,57.0,5,0,5,2,123,0,0,0,0,0,0,45.0,61.0,58.0,56.57142857142857,22.824381283012865,56.16666666666666,4,3,18,123,2013,-0.433883739117558,-0.9009688679024191,0.49999999999999994,-0.8660254037844387,0.854322169749827,-0.5197438121555155,18816.0,18477.0,18474.0,21723.0,19228.0,23438.0,,21703.714285714286,3868.274796955491,20786.571428571428,3284.8984696704515,20703.766666666666,3458.7012380405677,20929.933333333334,3420.236600333326,306,0.42857142857142855,0,0,0,0,20475.5,20251.0
2013-05-04,22743,9,94,11.24,,94.0,6,1,5,2,124,0,0,0,0,0,0,57.0,102.0,90.0,56.0,22.74496281230857,56.13333333333333,5,4,18,124,2013,-0.9749279121818236,-0.2225209339563146,0.49999999999999994,-0.8660254037844387,0.8452490573530633,-0.5343725582809786,21863.0,18816.0,18477.0,29389.0,22565.0,21674.0,,20754.285714285714,2061.063456429142,20799.285714285714,3292.6467592679905,20739.4,3474.512325988878,21020.616666666665,3394.449577665062,307,0.42997198879551823,0,0,0,0,25977.0,25875.0
2013-05-05,23589,9,75,11.36,,75.0,7,1,5,2,125,0,0,0,0,0,0,94.0,67.0,65.0,54.85714285714285,20.095012411279825,57.333333333333336,6,5,18,125,2013,-0.7818314824680299,0.6234898018587334,0.49999999999999994,-0.8660254037844387,0.8359254794186372,-0.548842958284719,22743.0,21863.0,18816.0,22893.0,20618.0,28739.0,,20853.714285714286,2193.9385979164613,21011.5,3374.781445914924,20567.733333333334,3180.421669433579,21061.466666666667,3410.5958496598946,308,0.43137254901960786,0,0,0,0,21755.5,20893.0
2013-05-06,18976,5,49,8.86,,49.0,1,0,5,2,126,0,0,0,0,0,0,75.0,42.0,37.0,56.0,21.102922388458428,57.0,0,6,19,126,2013,0.0,1.0,0.49999999999999994,-0.8660254037844387,0.8263541987239096,-0.5631507242749186,23589.0,22743.0,21863.0,22014.0,15990.0,27767.0,,20419.714285714286,2226.4042545685516,21224.785714285714,3117.566535680501,20274.7,2885.549587884138,21056.366666666665,3413.52938266649,309,0.4327731092436975,0,0,0,0,19002.0,19337.0
2013-05-07,20451,5,45,8.4,,45.0,2,0,5,2,127,0,0,0,0,0,0,49.0,38.0,41.0,57.0,20.485767417078463,55.13333333333333,1,7,19,127,2013,0.7818314824680298,0.6234898018587336,0.49999999999999994,-0.8660254037844387,0.8165380514459161,-0.5772916165517272,18976.0,23589.0,22743.0,18474.0,19208.0,21785.0,,20702.14285714286,2057.4283647771413,21313.571428571428,3073.0945744860473,20230.233333333334,2871.718537299861,21052.966666666667,3414.0374923058243,310,0.4341736694677871,0,0,0,0,18841.0,17810.0
2013-05-08,20288,5,47,8.36,,47.0,3,0,5,2,128,0,0,0,0,0,0,45.0,41.0,38.0,58.0,19.553345834749116,54.2,2,8,19,128,2013,0.9749279121818236,-0.22252093395631434,0.49999999999999994,-0.8660254037844387,0.8064799463209448,-0.5912614448635781,20451.0,18976.0,23589.0,18477.0,17074.0,20680.0,,20960.85714285714,1832.566090537954,21543.14285714286,2843.4921881684745,20217.166666666668,2870.493038070217,21017.266666666666,3410.5915579472467,311,0.43557422969187676,0,0,0,0,17775.5,20843.5
2013-05-09,23911,12,51,6.45,,51.0,4,0,5,2,129,0,0,0,0,0,0,47.0,45.0,42.0,58.85714285714285,18.80096248802592,54.3,3,9,19,129,2013,0.43388373911755823,-0.900968867902419,0.49999999999999994,-0.8660254037844387,0.7961828637826158,-0.6050560696488488,20288.0,20451.0,18976.0,18816.0,21908.0,18672.0,,21688.714285714286,1850.4183954161213,21686.214285714286,2912.8082716635913,20391.8,2931.9532079815813,21035.7,3423.3823758857566,312,0.4369747899159664,0,0,0,0,20362.0,17352.5
2013-05-10,20301,11,67,8.63,,67.0,5,0,5,2,130,0,0,0,0,0,0,51.0,57.0,61.0,59.71428571428572,18.190787830787578,54.86666666666667,4,10,19,130,2013,-0.433883739117558,-0.9009688679024191,0.49999999999999994,-0.8660254037844387,0.7856498550787147,-0.6186714032625031,23911.0,20288.0,20451.0,21863.0,21723.0,16903.0,,21465.571428571428,1918.8154207861526,21584.64285714286,2936.1265327779774,20505.066666666666,2857.2097425012494,21047.133333333335,3419.700697908608,313,0.438375350140056,0,0,0,0,21793.0,20545.5
2013-05-11,23750,11,102,11.05,,102.0,6,1,5,2,131,0,0,0,0,0,0,67.0,94.0,102.0,61.142857142857146,18.33419911375528,55.93333333333333,5,11,19,131,2013,-0.9749279121818236,-0.2225209339563146,0.49999999999999994,-0.8660254037844387,0.7748840413670407,-0.6321034111873487,20301.0,23911.0,20288.0,22743.0,29389.0,21715.0,,21609.428571428572,2062.8880125639594,21181.85714285714,2030.1644441593864,20572.9,2910.5834863536998,21134.683333333334,3420.5491356721964,314,0.43977591036414565,0,0,0,0,26066.0,22654.0
2013-05-12,18213,9,70,9.28,,70.0,7,1,5,2,132,0,0,0,0,0,0,102.0,75.0,67.0,62.285714285714285,20.80636349544845,57.833333333333336,6,12,19,132,2013,-0.7818314824680299,0.6234898018587334,0.49999999999999994,-0.8660254037844387,0.7638886127905428,-0.6453481132295501,23750.0,20301.0,23911.0,23589.0,22893.0,18779.0,,20841.428571428572,2199.291465990816,20847.571428571428,2110.450652359179,20554.033333333333,2924.41425297253,21149.0,3406.2246012114488,315,0.4411764705882353,0,0,0,0,23241.0,22103.5
2013-05-13,18346,5,29,9.78,,29.0,1,0,5,2,133,0,0,0,0,0,0,70.0,49.0,42.0,61.57142857142857,20.37856016223134,58.03333333333333,0,13,20,133,2013,0.0,1.0,0.49999999999999994,-0.8660254037844387,0.7526668275320085,-0.6584015846980488,18213.0,23750.0,20301.0,18976.0,22014.0,22361.0,,20751.428571428572,2298.983025683319,20585.571428571428,2181.0074141686623,20420.2,2930.733136476564,21047.583333333332,3397.426145873734,316,0.4425770308123249,0,0,0,0,20495.0,17483.0
2013-05-14,20971,6,35,8.68,,35.0,2,0,5,2,134,0,0,0,0,0,0,29.0,45.0,38.0,58.71428571428572,23.584700448342826,55.8,1,14,20,134,2013,0.7818314824680298,0.6234898018587336,0.49999999999999994,-0.8660254037844387,0.7412220108485958,-0.6712599575675313,18346.0,18213.0,23750.0,20451.0,18474.0,18893.0,,20825.714285714286,2296.056889124117,20763.928571428572,2095.467212976302,20489.466666666667,2917.9220846270723,21077.35,3388.643160417434,317,0.44397759103641454,0,0,0,0,19462.5,19829.5
2013-05-15,23246,7,45,9.2,,45.0,3,0,5,2,135,0,0,0,0,0,0,35.0,47.0,41.0,57.285714285714285,24.824143393842657,54.43333333333333,2,15,20,135,2013,0.9749279121818236,-0.22252093395631434,0.49999999999999994,-0.8660254037844387,0.7295575540864875,-0.6839194216246106,20971.0,18346.0,18213.0,20288.0,18477.0,16660.0,,21248.285714285714,2447.786191254119,21104.571428571428,2082.6921820744533,20709.0,2867.1842729710943,21069.533333333333,3382.991918539526,318,0.44537815126050423,0,0,0,0,19382.5,18681.0
2013-05-16,20305,9,54,7.86,,54.0,4,0,5,2,136,0,0,0,0,0,0,45.0,51.0,45.0,57.0,24.97331909591982,54.93333333333333,3,16,20,136,2013,0.43388373911755823,-0.900968867902419,0.49999999999999994,-0.8660254037844387,0.717676913675962,-0.6963762255968722,23246.0,20971.0,18346.0,23911.0,18816.0,17146.0,,20733.14285714286,2156.0797317174706,21210.928571428572,1992.9158561990093,20814.3,2788.7534497421316,21012.633333333335,3366.343905040814,319,0.44677871148459386,0,0,0,0,21363.5,22909.5
2013-05-17,24500,9,80,9.14,,80.0,5,0,5,2,137,0,0,0,0,0,0,54.0,67.0,57.0,57.42857142857143,24.87875360528232,55.56666666666667,4,17,20,137,2013,-0.433883739117558,-0.9009688679024191,0.49999999999999994,-0.8660254037844387,0.705583610107178,-0.7086266782644596,20305.0,23246.0,20971.0,20301.0,21863.0,23210.0,,21333.0,2561.7618936972094,21399.285714285714,2175.5348211970945,20857.3,2836.503215775334,21105.95,3384.371500749369,320,0.4481792717086835,0,0,0,0,21082.0,21012.0
2013-05-18,26562,11,103,6.11,,103.0,6,1,5,2,138,0,0,0,0,0,0,80.0,102.0,94.0,59.285714285714285,26.16431593929786,56.86666666666667,5,18,20,138,2013,-0.9749279121818236,-0.2225209339563146,0.49999999999999994,-0.8660254037844387,0.6932812268869777,-0.7206671495538609,24500.0,20305.0,23246.0,23750.0,22743.0,15889.0,,21734.714285714286,3155.5949103290136,21672.071428571428,2562.070300611214,21213.066666666666,2861.09012179935,21245.183333333334,3434.5983136297746,321,0.4495798319327731,0,0,0,0,23246.5,26569.5
2013-05-19,23039,9,77,7.17,,77.0,7,1,5,2,139,0,0,0,0,0,0,103.0,70.0,75.0,59.42857142857143,26.437707558567716,59.0,6,19,20,139,2013,-0.7818314824680299,0.6234898018587334,0.49999999999999994,-0.8660254037844387,0.6807734094770161,-0.7324940716135789,26562.0,24500.0,20305.0,18213.0,23589.0,19228.0,,22424.14285714286,2760.3798910396963,21632.785714285714,2534.48411314404,21340.1,2854.510542620464,21283.066666666666,3441.7514307012725,322,0.45098039215686275,0,0,0,0,20901.0,20553.0
2013-05-20,19264,5,43,8.1,,43.0,1,0,5,2,140,0,0,0,0,0,0,77.0,29.0,49.0,60.42857142857143,27.02996573469925,59.63333333333333,0,20,21,140,2013,0.0,1.0,0.49999999999999994,-0.8660254037844387,0.6680638642135335,-0.7441039398713607,23039.0,26562.0,24500.0,18346.0,18976.0,22565.0,,22555.285714285714,2547.9746018019414,21653.35714285714,2512.3332277490695,21230.066666666666,2869.2500153480983,21266.0,3449.2998994882946,323,0.4523809523809524,0,0,0,0,18661.0,20180.0
2013-05-21,22327,6,42,5.66,,42.0,2,0,5,2,141,0,0,0,0,0,0,43.0,35.0,45.0,62.42857142857143,24.737671292026445,58.06666666666667,1,21,21,141,2013,0.7818314824680298,0.6234898018587336,0.49999999999999994,-0.8660254037844387,0.6551563572090853,-0.7554933140726803,19264.0,23039.0,26562.0,20971.0,20451.0,20618.0,,22749.0,2457.3876373090193,21787.35714285714,2493.227522313454,21287.033333333333,2873.6409379444453,21243.516666666666,3437.7017573662006,324,0.453781512605042,0,0,0,0,20711.0,19722.5
2013-05-22,17738,6,49,8.19,,49.0,3,0,5,2,142,0,0,0,0,0,0,42.0,45.0,47.0,63.42857142857143,23.557427299099317,57.3,2,22,21,142,2013,0.9749279121818236,-0.22252093395631434,0.49999999999999994,-0.8660254037844387,0.6420547132365637,-0.766658819300159,22327.0,19264.0,23039.0,23246.0,20288.0,15990.0,,21962.14285714286,3075.755377603409,21605.214285714286,2696.0818059537655,21345.3,2778.6859974480985,21156.633333333335,3459.621890610084,325,0.45518207282913165,0,0,0,0,21767.0,20861.5
2013-05-23,20688,12,70,10.32,,70.0,4,0,5,2,143,0,0,0,0,0,0,49.0,54.0,51.0,64.0,23.07957249748434,57.7,3,23,21,143,2013,0.43388373911755823,-0.900968867902419,0.49999999999999994,-0.8660254037844387,0.6287628145958344,-0.7775971469736269,17738.0,22327.0,19264.0,20305.0,23911.0,19208.0,,22016.85714285714,3044.6124235315997,21375.0,2620.5958805642067,21394.633333333335,2752.445677165576,21116.95,3450.9591367559124,326,0.4565826330532213,0,0,0,0,22108.0,19560.5
2013-05-24,22823,12,81,11.88,,81.0,5,0,5,2,144,0,1,0,0,0,1,70.0,80.0,67.0,66.28571428571429,22.71353697478073,58.66666666666666,4,24,21,144,2013,-0.433883739117558,-0.9009688679024191,0.49999999999999994,-0.8660254037844387,0.6152845999633276,-0.7883050558305255,20688.0,17738.0,22327.0,24500.0,20301.0,17074.0,,21777.285714285714,2878.0808254971525,21555.14285714286,2627.761605424733,21586.266666666666,2639.0529771287815,21149.016666666666,3457.831756656825,327,0.4579831932773109,0,0,0,0,22400.5,23181.5
2013-05-25,43329,21,469,12.99,,396.4900000000001,6,1,5,2,145,0,1,0,0,1,1,81.0,103.0,102.0,66.42857142857143,22.817077981613185,60.1,5,25,21,145,2013,-0.9749279121818236,-0.2225209339563146,0.49999999999999994,-0.8660254037844387,0.6016240632249226,-0.7987793728863649,22823.0,20688.0,17738.0,26562.0,23750.0,21908.0,,24172.571428571428,8671.036440494312,22953.64285714286,6395.123919015151,22300.3,4768.145198191303,21570.5,4466.573044596009,328,0.45938375350140054,0,0,0,0,25156.0,24652.5
2013-05-26,36704,25,311,12.31,,311.0,7,1,5,2,146,0,1,0,1,1,1,396.4900000000001,77.0,70.0,108.3557142857143,128.07653595372088,71.91633333333334,6,26,21,146,2013,-0.7818314824680299,0.6234898018587334,0.49999999999999994,-0.8660254037844387,0.5877852522924732,-0.8090169943749473,43329.0,22823.0,20688.0,23039.0,18213.0,21723.0,,26124.714285714286,9833.589743226768,24274.428571428572,7199.598853293902,22799.666666666668,5442.404820470941,21894.566666666666,4838.418761757202,329,0.46078431372549017,0,0,0,0,20626.0,23314.0
2013-05-27,43562,20,321,16.42,,321.0,1,0,5,2,147,0,1,1,0,1,1,311.0,43.0,29.0,141.78428571428574,147.5809576534343,80.24966666666667,0,27,22,147,2013,0.0,1.0,0.49999999999999994,-0.8660254037844387,0.5737722679043246,-0.8190148866680801,36704.0,43329.0,22823.0,19264.0,18346.0,29389.0,,29595.85714285714,11201.522417787246,26075.571428571428,8617.028916085781,23272.1,6538.830198817352,22260.733333333334,5588.34882034514,330,0.46218487394957986,0,0,0,0,18805.0,19120.0
2013-05-28,19662,9,48,14.7,,48.0,2,0,5,2,148,0,0,0,1,0,1,321.0,42.0,35.0,181.49857142857147,153.8398518404309,87.54966666666668,1,28,22,148,2013,0.7818314824680298,0.6234898018587336,0.49999999999999994,-0.8660254037844387,0.5595892624101765,-0.8287700871745038,43562.0,36704.0,43329.0,22327.0,20971.0,22893.0,,29215.14285714286,11530.215789084645,25982.071428571428,8683.522384061935,23164.4,6571.815046613592,22226.716666666667,5598.004835537423,331,0.4635854341736695,0,0,0,0,21649.0,21389.0
2013-05-29,18976,8,48,14.19,,48.0,3,0,5,2,149,0,0,0,0,0,0,48.0,49.0,45.0,182.35571428571436,152.94719915242464,86.91633333333334,2,29,22,149,2013,0.9749279121818236,-0.22252093395631434,0.49999999999999994,-0.8660254037844387,0.545240438540651,-0.8382797052177744,19662.0,43562.0,36704.0,17738.0,23246.0,22014.0,,29392.0,11332.633895083689,25677.071428571428,8860.208770454741,23063.133333333335,6613.427989682272,21984.433333333334,5412.770093050857,332,0.4649859943977591,0,0,0,0,20492.0,19013.0
2013-05-30,22038,9,45,8.62,,45.0,4,0,5,2,150,0,0,0,0,0,0,48.0,70.0,54.0,182.2128571428572,153.0929145665344,87.11633333333334,3,30,22,150,2013,0.43388373911755823,-0.900968867902419,0.49999999999999994,-0.8660254037844387,0.5307300481619334,-0.8475409228928311,18976.0,19662.0,43562.0,20688.0,20305.0,18474.0,,29584.85714285714,11170.145394884386,25800.85714285714,8791.219665597622,23181.933333333334,6559.943265804588,22113.6,5317.62892618599,333,0.46638655462184875,0,0,0,0,20496.5,22299.5
2013-05-31,17998,8,66,10.3,,66.0,5,0,5,2,151,0,0,0,0,0,0,45.0,81.0,80.0,178.6414285714286,156.40279200710918,87.34966666666668,4,31,22,151,2013,-0.433883739117558,-0.9009688679024191,0.49999999999999994,-0.8660254037844387,0.5160623910158528,-0.8565509959010036,22038.0,18976.0,19662.0,22823.0,24500.0,18477.0,,28895.571428571428,11788.692546350534,25336.428571428572,9033.632446962427,23165.966666666667,6572.360970228945,22039.016666666666,5343.820605216296,334,0.4677871148459384,0,0,0,0,23661.5,21562.0
2013-06-01,20069,9,106,10.28,,106.0,6,1,6,2,152,0,0,0,0,0,0,66.0,396.4900000000001,103.0,176.49857142857147,158.05753176492115,88.183,5,1,22,152,2013,-0.9749279121818236,-0.2225209339563146,1.2246467991473532e-16,-1.0,0.5012418134457758,-0.865307254363206,17998.0,22038.0,18976.0,43329.0,26562.0,18816.0,,25572.714285714286,10215.466031370994,24872.64285714286,9132.010964034807,23207.733333333334,6547.699232309152,21982.0,5346.3265703293855,335,0.469187675070028,0,0,0,0,34945.5,33539.5
2013-06-02,25982,9,81,11.41,,81.0,7,1,6,2,153,0,0,0,0,0,0,106.0,311.0,77.0,135.0,125.44055697155252,90.21633333333334,6,2,22,153,2013,-0.7818314824680299,0.6234898018587334,1.2246467991473532e-16,-1.0,0.48627270710868997,-0.8738071036110808,20069.0,17998.0,22038.0,36704.0,23039.0,21863.0,,24041.0,8999.753978118842,25082.85714285714,9120.420375408965,23345.033333333333,6561.70000303925,22024.4,5368.112786458141,336,0.47058823529411764,0,0,0,0,29871.5,27458.5
2013-06-03,19978,6,53,9.2,,53.0,1,0,6,2,154,0,0,0,0,0,0,81.0,321.0,43.0,102.14285714285714,98.99062004625904,91.01633333333334,0,3,23,154,2013,0.0,1.0,1.2246467991473532e-16,-1.0,0.4711595076738638,-0.8820480249558537,25982.0,20069.0,17998.0,43562.0,19264.0,22743.0,,20671.85714285714,2644.3049766475115,25133.85714285714,9087.31548628372,23252.866666666665,6589.806468474949,21996.133333333335,5374.450686843311,337,0.47198879551820727,0,0,0,0,31413.0,30954.0
2013-06-04,19521,6,49,10.98,,49.0,2,0,6,2,155,0,0,0,0,0,0,53.0,48.0,42.0,63.85714285714285,22.549416632723293,89.64966666666668,1,4,23,155,2013,0.7818314824680298,0.6234898018587336,1.2246467991473532e-16,-1.0,0.4559066935084588,-0.8900275764346767,19978.0,25982.0,20069.0,19662.0,22327.0,23589.0,,20651.714285714286,2653.7995851409396,24933.428571428572,9184.410920469703,23117.266666666666,6624.414487767758,21842.5,5309.796403578712,338,0.4733893557422969,0,0,0,0,20994.5,20316.5
2013-06-05,24727,6,52,9.0,,52.0,3,0,6,2,156,0,0,0,0,0,0,49.0,48.0,49.0,64.0,22.43509156061728,88.783,2,5,23,156,2013,0.9749279121818236,-0.22252093395631434,1.2246467991473532e-16,-1.0,0.440518784350495,-0.8977433935342337,19521.0,19978.0,25982.0,18976.0,17738.0,18976.0,,21473.285714285714,2924.921407165379,25432.64285714286,8950.176892168003,23308.966666666667,6583.526559858938,21791.833333333332,5266.63457706735,339,0.47478991596638653,0,0,0,0,18357.0,21111.0
2013-06-06,22809,15,55,10.07,,55.0,4,0,6,2,157,0,0,0,0,0,0,52.0,45.0,70.0,64.57142857142857,22.00649254846537,88.88300000000001,3,6,23,157,2013,0.43388373911755823,-0.900968867902419,1.2246467991473532e-16,-1.0,0.42500033996955416,-0.9051931898913974,24727.0,19521.0,19978.0,22038.0,20688.0,20451.0,,21583.428571428572,2963.9866653512504,25584.14285714286,8881.372891595061,23387.566666666666,6562.270662965923,21808.9,5268.270953290837,340,0.47619047619047616,0,0,0,0,21363.0,21171.5
2013-06-07,18028,8,66,10.75,,66.0,5,0,6,2,158,0,0,0,0,0,0,55.0,66.0,81.0,66.0,20.816659994660085,89.21633333333334,4,7,23,158,2013,-0.433883739117558,-0.9009688679024191,1.2246467991473532e-16,-1.0,0.4093559588156213,-0.9123747579707273,22809.0,24727.0,19521.0,17998.0,22823.0,20288.0,,21587.714285714286,2957.9538938418755,25241.64285714286,9086.140312900383,23312.233333333334,6611.864673518339,21764.7,5288.986995058515,341,0.47759103641456585,0,0,0,0,20410.5,21249.0
2013-06-08,27359,11,105,12.15,,105.0,6,1,6,2,159,0,0,0,0,0,0,66.0,106.0,396.4900000000001,66.0,20.816659994660085,89.84966666666668,5,8,23,159,2013,-0.9749279121818236,-0.2225209339563146,1.2246467991473532e-16,-1.0,0.39359027665646673,-0.9192859697186104,18028.0,22809.0,24727.0,20069.0,43329.0,23911.0,,22629.14285714286,3556.828616833115,24100.928571428572,7505.7249992079705,23427.166666666668,6652.475267008601,21909.483333333334,5321.690965147344,342,0.4789915966386555,0,0,0,0,31699.0,23315.5
2013-06-09,21297,17,71,10.91,,71.0,7,1,6,2,160,0,0,0,0,0,0,105.0,81.0,311.0,65.85714285714286,20.49738659299779,91.64966666666668,6,9,23,160,2013,-0.7818314824680299,0.6234898018587334,1.2246467991473532e-16,-1.0,0.3777079652039649,-0.9259247771938498,27359.0,18028.0,22809.0,25982.0,36704.0,20301.0,,21959.85714285714,3248.1668896250153,23000.428571428572,6589.245336902351,23460.366666666665,6638.8070515580075,21982.716666666667,5281.71094868699,343,0.4803921568627451,0,0,0,0,31343.0,24510.5
2013-06-10,19128,6,47,9.57,,47.0,1,0,6,2,161,0,0,0,0,0,0,71.0,53.0,321.0,64.42857142857143,19.59470287991958,91.783,0,10,24,161,2013,0.0,1.0,1.2246467991473532e-16,-1.0,0.36171373072976765,-0.9322892131745133,21297.0,27359.0,18028.0,19978.0,43562.0,23750.0,,21838.428571428572,3348.9294735850613,21255.14285714286,2961.407873530074,23306.3,6685.32213728782,21939.6,5294.477382380831,344,0.48179271708683474,0,0,0,0,31770.0,19621.0
2013-06-11,17495,6,50,9.34,,50.0,2,0,6,2,162,0,0,0,0,0,0,47.0,49.0,48.0,63.57142857142857,20.29661008524153,89.94966666666667,1,11,24,162,2013,0.7818314824680298,0.6234898018587336,1.2246467991473532e-16,-1.0,0.3456123126707335,-0.9383773917408641,19128.0,21297.0,27359.0,19521.0,19662.0,18213.0,,21549.0,3656.056299712265,21100.35714285714,3104.2690854602765,23282.366666666665,6705.439760236547,21918.2,5310.040942100114,345,0.4831932773109244,0,0,0,0,19591.5,20924.0
2013-06-12,16088,5,47,12.23,,47.0,3,0,6,2,163,0,0,0,0,0,0,50.0,52.0,48.0,63.71428571428572,20.18014111045913,89.283,2,12,24,163,2013,0.9749279121818236,-0.22252093395631434,1.2246467991473532e-16,-1.0,0.3294084822245304,-0.9441875088341993,17495.0,19128.0,21297.0,24727.0,18976.0,18346.0,,20314.85714285714,3857.061983278999,20894.071428571428,3343.068637880735,23207.1,6775.070918829754,21813.65,5362.668940328046,346,0.484593837535014,0,0,0,0,21851.5,21232.5
2013-06-13,21370,11,62,15.07,,62.0,4,0,6,2,164,0,0,0,0,0,0,47.0,55.0,45.0,63.0,20.744477176667534,89.88300000000001,3,13,24,164,2013,0.43388373911755823,-0.900968867902419,1.2246467991473532e-16,-1.0,0.3131070409358269,-0.9497178427914316,16088.0,17495.0,19128.0,22809.0,22038.0,20971.0,,20109.285714285714,3738.500667125018,20846.35714285714,3330.2282806285575,23220.4,6770.920273620446,21854.933333333334,5349.32158178124,347,0.48599439775910364,0,0,0,0,22423.5,21748.5
2013-06-14,25249,9,69,10.88,,69.0,5,0,6,2,165,0,0,0,0,0,0,62.0,66.0,66.0,64.0,20.46134567096245,90.783,4,14,24,165,2013,-0.433883739117558,-0.9009688679024191,1.2246467991473532e-16,-1.0,0.29671281927349075,-0.9549667548552551,21370.0,16088.0,17495.0,18028.0,17998.0,23246.0,,21140.85714285714,4051.630512463204,21364.285714285714,3415.9140105500087,23287.166666666668,6781.049425870025,21998.083333333332,5322.803649192117,348,0.48739495798319327,0,0,0,0,18013.0,20425.5
2013-06-15,21281,15,108,11.95,,108.0,6,1,6,2,166,0,0,0,0,0,0,69.0,105.0,106.0,64.42857142857143,20.541479521989853,91.583,5,15,24,166,2013,-0.9749279121818236,-0.2225209339563146,1.2246467991473532e-16,-1.0,0.28023067519921585,-0.9599326896597447,25249.0,21370.0,16088.0,27359.0,20069.0,20305.0,,20272.571428571428,3015.823760165691,21450.85714285714,3395.8610295280705,23319.7,6768.578372358472,22067.0,5285.555320952309,349,0.4887955182072829,0,0,0,0,23714.0,35344.0
2013-06-16,18923,8,62,9.16,,62.0,7,1,6,2,167,0,0,0,0,0,0,108.0,71.0,81.0,64.85714285714286,21.536237457120304,93.383,6,16,24,167,2013,-0.7818314824680299,0.6234898018587334,1.2246467991473532e-16,-1.0,0.26366549272800704,-0.9646141756912435,21281.0,25249.0,21370.0,21297.0,25982.0,24500.0,,19933.428571428572,3014.9052421339165,20946.64285714286,3189.09072179947,23133.8,6811.493939126633,21995.55,5298.80157357317,350,0.49019607843137253,0,0,0,0,23639.5,29000.5
2013-06-17,21179,6,42,14.25,,42.0,1,0,6,2,168,0,0,0,0,0,0,62.0,47.0,53.0,63.57142857142857,21.37644453486894,92.783,0,17,25,168,2013,0.0,1.0,1.2246467991473532e-16,-1.0,0.24702218048093552,-0.9690098257244062,18923.0,21281.0,25249.0,19128.0,19978.0,26562.0,,20226.428571428572,3023.2353451856707,21032.428571428572,3177.1611352149275,22954.366666666665,6788.935823790094,22083.716666666667,5239.146955055419,351,0.49159663865546216,0,0,0,0,19553.0,31345.0
2013-06-18,20187,6,52,13.83,,52.0,2,0,6,2,169,0,0,0,0,0,0,42.0,50.0,49.0,62.85714285714285,22.093955217271624,90.74966666666668,1,18,25,169,2013,0.7818314824680298,0.6234898018587336,1.2246467991473532e-16,-1.0,0.23030567023061221,-0.9731183372332619,21179.0,18923.0,21281.0,17495.0,19521.0,23039.0,,20611.0,2779.2474401053837,21080.0,3157.7162877379405,22859.3,6807.65255074937,22099.7,5231.744818000757,352,0.49299719887955185,0,0,0,0,18508.0,18578.5
2013-06-19,20714,6,53,12.74,,53.0,3,0,6,2,170,0,0,0,0,0,0,52.0,47.0,52.0,63.142857142857146,21.91216231098164,89.91633333333334,2,19,25,170,2013,0.9749279121818236,-0.22252093395631434,1.2246467991473532e-16,-1.0,0.21352091543979612,-0.9769384927771817,20187.0,21179.0,18923.0,16088.0,24727.0,19264.0,,21271.85714285714,1951.1215944142255,20793.35714285714,2978.23240316334,22907.633333333335,6786.3603341598155,22068.85,5234.4112932867565,353,0.4943977591036415,0,0,0,0,20407.5,17532.0
2013-06-20,18649,8,53,9.57,,53.0,4,0,6,2,171,0,0,0,0,0,0,53.0,62.0,55.0,64.0,21.283796653791526,90.24966666666668,3,20,25,171,2013,0.43388373911755823,-0.900968867902419,1.2246467991473532e-16,-1.0,0.19667288979357647,-0.980469160361632,20714.0,20187.0,21179.0,21370.0,22809.0,22327.0,,20883.14285714286,2185.3035203809754,20496.214285714286,2969.170103647642,22785.033333333333,6830.292089898762,22036.033333333333,5249.811015054266,354,0.4957983193277311,0,0,0,0,22089.5,21704.0
2013-06-21,20777,9,73,11.31,,73.0,5,0,6,2,172,0,0,0,0,0,0,53.0,69.0,66.0,62.71428571428572,21.692658402588084,90.61633333333334,4,21,25,172,2013,-0.433883739117558,-0.9009688679024191,1.2246467991473532e-16,-1.0,0.1797665857255624,-0.9837092937736097,18649.0,20714.0,20187.0,25249.0,18028.0,17738.0,,20244.285714285714,1060.4163827293844,20692.571428571428,2883.0352252252223,22886.333333333332,6775.171744016516,22115.816666666666,5192.431175103999,355,0.49719887955182074,0,0,0,0,21638.5,21623.5
2013-06-22,19690,8,93,13.37,,93.0,6,1,6,2,173,0,0,0,0,0,0,73.0,108.0,105.0,63.285714285714285,21.93713963209521,91.41633333333334,5,22,25,173,2013,-0.9749279121818236,-0.2225209339563146,1.2246467991473532e-16,-1.0,0.16280701293851715,-0.986657932891657,20777.0,18649.0,20714.0,21281.0,27359.0,20688.0,,20017.0,967.6209657362144,20144.785714285714,2155.806262829872,22853.066666666666,6788.774430724932,22123.85,5188.2273280598365,356,0.49859943977591037,0,0,0,0,24320.0,20675.0
2013-06-23,20854,9,67,12.47,,67.0,7,1,6,2,174,0,0,0,0,0,0,93.0,62.0,71.0,61.142857142857146,17.023792873783144,92.183,6,23,25,174,2013,-0.7818314824680299,0.6234898018587334,1.2246467991473532e-16,-1.0,0.1457991969198751,-0.9893142039703663,19690.0,20777.0,18649.0,18923.0,21297.0,22823.0,,20292.85714285714,874.5279543022707,20113.14285714286,2140.792048146188,22787.433333333334,6798.586114080999,22186.85,5148.667524923627,357,0.5,0,0,0,0,20110.0,22452.5
2013-06-24,19383,5,50,12.87,,50.0,1,0,6,2,175,0,0,0,0,0,0,67.0,42.0,47.0,61.85714285714285,17.170018165670943,91.71633333333334,0,24,26,175,2013,0.0,1.0,1.2246467991473532e-16,-1.0,0.12874817745258132,-0.99167731989929,20854.0,19690.0,20777.0,21179.0,19128.0,43329.0,,20036.285714285714,833.7249175202763,20131.35714285714,2132.835512686147,21989.233333333334,5604.563809557583,22144.766666666666,5161.289118850191,358,0.5014005602240896,0,0,0,0,20153.5,20578.5
2013-06-25,18526,7,47,13.3,,47.0,2,0,6,2,176,0,0,0,0,0,0,50.0,52.0,50.0,63.0,15.842979517753184,80.16666666666667,1,25,26,176,2013,0.7818314824680298,0.6234898018587336,1.2246467991473532e-16,-1.0,0.11165900712169512,-0.993746580436178,19383.0,20854.0,19690.0,20187.0,17495.0,36704.0,,19799.0,1002.887497844235,20205.0,2051.035423314688,21383.3,4896.789589742165,22091.483333333334,5182.1771731536355,359,0.5028011204481793,0,0,0,0,18841.0,19854.0
2013-06-26,22541,7,57,11.27,,57.0,3,0,6,2,177,0,0,0,0,0,0,47.0,53.0,47.0,62.285714285714285,16.519829354588033,71.36666666666666,2,26,26,177,2013,0.9749279121818236,-0.22252093395631434,1.2246467991473532e-16,-1.0,0.09453674981719912,-0.9955213724144752,18526.0,19383.0,20854.0,20714.0,16088.0,43562.0,,20060.0,1428.2385421673398,20665.928571428572,1758.944983802307,20682.6,2560.266831460395,21977.35,5093.381191327554,360,0.5042016806722689,0,0,0,0,18401.0,22720.5
2013-06-27,18546,6,59,14.75,,59.0,4,0,6,2,178,0,0,0,0,0,0,57.0,53.0,62.0,62.85714285714285,16.211401044002045,62.56666666666667,3,27,26,178,2013,0.43388373911755823,-0.900968867902419,1.2246467991473532e-16,-1.0,0.07738647923346301,-0.9970011699250151,22541.0,18526.0,19383.0,18649.0,21370.0,19662.0,,20045.285714285714,1445.6227855475272,20464.214285714286,1832.385506070295,20645.4,2583.608417537922,21904.9,5111.021977143834,361,0.5056022408963585,0,0,0,0,20009.5,20729.0
2013-06-28,21656,9,69,13.72,,69.0,5,0,6,2,179,0,0,0,0,0,0,59.0,73.0,69.0,63.71428571428572,15.755573465857802,62.93333333333333,4,28,26,179,2013,-0.433883739117558,-0.9009688679024191,1.2246467991473532e-16,-1.0,0.06021327736579302,-0.9981855344718586,18546.0,22541.0,18526.0,20777.0,25249.0,18976.0,,20170.85714285714,1553.8966534241497,20207.571428571428,1278.6211752858876,20734.733333333334,2570.1934977920127,21898.933333333334,5111.101419879436,362,0.5070028011204482,0,0,0,0,23013.0,19402.5
2013-06-29,21778,9,102,14.91,,102.0,6,1,6,2,180,0,0,0,0,0,0,69.0,93.0,108.0,63.142857142857146,15.431877952563132,63.63333333333333,5,29,26,180,2013,-0.9749279121818236,-0.2225209339563146,1.2246467991473532e-16,-1.0,0.04302223300453059,-0.99907411510223,21656.0,18546.0,22541.0,19690.0,21281.0,22038.0,,20469.14285714286,1644.000854477513,20243.071428571428,1317.038955342424,20726.066666666666,2566.082428505648,21954.0,5091.336313545485,363,0.5084033613445378,0,0,0,0,20485.5,23524.5
2013-06-30,22092,8,88,15.59,,88.0,7,1,6,2,181,0,0,0,0,0,0,102.0,67.0,62.0,64.42857142857143,18.41970994032376,65.53333333333333,6,30,26,181,2013,-0.7818314824680299,0.6234898018587334,1.2246467991473532e-16,-1.0,0.02581844022713308,-0.9996666485105112,21778.0,21656.0,18546.0,20854.0,18923.0,17998.0,,20646.0,1755.1369367276343,20469.428571428572,1344.7422809583818,20862.533333333333,2524.5233313588315,22014.25,5070.841091684736,364,0.5098039215686274,0,0,0,0,19888.5,21075.5
2013-07-01,20502,4,62,14.51,,62.0,1,0,7,3,182,0,0,0,0,0,0,88.0,50.0,42.0,67.42857142857143,20.50087106163207,66.26666666666667,0,1,27,182,2013,0.0,1.0,-0.4999999999999997,-0.8660254037844388,0.008606996888688698,-0.9999629591162655,22092.0,21778.0,21656.0,19383.0,21179.0,20069.0,19532.0,20805.85714285714,1669.8163999442631,20421.071428571428,1329.3475822766763,20876.966666666667,2521.065476496394,22042.35,5057.471488646711,365,0.511204481792717,0,0,0,0,20281.0,19255.5
2013-07-02,22415,6,70,16.92,,70.0,2,0,7,3,183,0,0,0,0,0,0,62.0,47.0,52.0,69.14285714285714,19.26506831399273,64.8,1,2,27,183,2013,0.7818314824680298,0.6234898018587336,-0.4999999999999997,-0.8660254037844388,-0.008606996888688009,-0.9999629591162655,20502.0,22092.0,21778.0,18526.0,20187.0,25982.0,25403.0,21361.428571428572,1411.8956355599848,20580.214285714286,1428.8116729305664,20758.066666666666,2350.3296017329135,22051.55,5057.641771180816,366,0.5126050420168067,0,0,0,0,19356.5,18010.5
2013-07-03,18765,7,76,14.1,,76.0,3,0,7,3,184,0,0,0,1,0,0,70.0,57.0,53.0,72.42857142857143,16.641886339965556,64.43333333333334,2,3,27,184,2013,0.9749279121818236,-0.22252093395631434,-0.4999999999999997,-0.8660254037844388,-0.02581844022713239,-0.9996666485105112,22415.0,20502.0,22092.0,22541.0,20714.0,19978.0,17711.0,20822.0,1595.5075472501987,20441.0,1507.5530861935367,20717.633333333335,2374.521316309791,21985.25,5074.469569424647,367,0.5140056022408963,0,0,0,0,21627.5,19314.5
2013-07-04,23283,12,90,14.85,,90.0,4,0,7,3,185,0,0,1,0,0,0,76.0,59.0,53.0,75.14285714285714,15.192416654682566,65.2,3,4,27,185,2013,0.43388373911755823,-0.900968867902419,-0.4999999999999997,-0.8660254037844388,-0.04302223300453034,-0.99907411510223,18765.0,22415.0,20502.0,18546.0,18649.0,19521.0,23336.0,21498.714285714286,1468.8212637216832,20772.0,1590.2868149631051,20843.033333333333,2408.2445528718968,21980.15,5072.983984061272,368,0.5154061624649859,0,0,0,0,18597.5,19958.0
2013-07-05,23152,10,99,16.28,,99.0,5,0,7,3,186,0,0,0,1,0,0,90.0,69.0,73.0,79.57142857142857,14.18751966644165,66.56666666666666,4,5,27,186,2013,-0.433883739117558,-0.9009688679024191,-0.4999999999999997,-0.8660254037844388,-0.060213277365792774,-0.9981855344718586,23283.0,18765.0,22415.0,21656.0,20777.0,24727.0,22879.0,21712.428571428572,1598.6199107501102,20941.64285714286,1712.8166459480428,20790.533333333333,2336.7606185713867,22049.75,5059.6986733652475,369,0.5168067226890757,0,0,0,0,21216.5,23452.5
2013-07-06,28530,9,119,15.34,,119.0,6,1,7,3,187,0,0,0,0,0,0,99.0,102.0,93.0,83.85714285714286,14.971401308588762,68.13333333333334,5,6,27,187,2013,-0.9749279121818236,-0.2225209339563146,-0.4999999999999997,-0.8660254037844388,-0.07738647923346322,-0.9970011699250151,23152.0,23283.0,18765.0,21778.0,19690.0,22809.0,20918.0,22677.0,3035.778538255462,21573.071428571428,2610.236607733287,20981.233333333334,2710.688914640408,22184.4,5123.528793216162,370,0.5182072829131653,0,0,0,0,20734.0,21529.5
2013-07-07,19292,10,86,11.37,,86.0,7,1,7,3,188,0,0,0,0,0,0,119.0,88.0,67.0,86.28571428571429,19.189530875924312,70.26666666666667,6,7,27,188,2013,-0.7818314824680299,0.6234898018587334,-0.4999999999999997,-0.8660254037844388,-0.09453674981719933,-0.9955213724144752,28530.0,23152.0,23283.0,22092.0,20854.0,18028.0,21308.0,22277.0,3298.780279638588,21461.5,2675.893890905233,21023.366666666665,2672.7608286426985,22167.8,5131.384657350754,371,0.5196078431372549,0,0,0,0,21473.0,20507.5
2013-07-08,18892,6,62,13.18,,62.0,1,0,7,3,189,0,0,0,0,0,0,86.0,62.0,50.0,86.0,19.174636024358424,70.93333333333334,0,8,28,189,2013,0.0,1.0,-0.4999999999999997,-0.8660254037844388,-0.11165900712169444,-0.9937465804361781,19292.0,28530.0,23152.0,20502.0,19383.0,27359.0,22472.0,22047.0,3493.541851282987,21426.428571428572,2708.2531047005577,20741.133333333335,2415.3151252007215,22084.15,5143.3809391870855,372,0.5210084033613446,0,0,0,0,19942.5,20840.5
2013-07-09,21997,7,63,12.77,,63.0,2,0,7,3,190,0,0,0,0,0,0,62.0,70.0,47.0,86.0,19.174636024358424,69.5,1,9,28,190,2013,0.7818314824680298,0.6234898018587336,-0.4999999999999997,-0.8660254037844388,-0.12874817745258066,-0.99167731989929,18892.0,19292.0,28530.0,22415.0,18526.0,21297.0,20388.0,21987.285714285714,3489.773713498865,21674.35714285714,2578.0547110963184,20764.466666666667,2424.235019523776,22112.416666666668,5138.072765025849,373,0.5224089635854342,0,0,0,0,20470.5,21301.0
2013-07-10,19115,6,66,11.78,,66.0,3,0,7,3,191,0,0,0,0,0,0,63.0,76.0,57.0,85.0,20.29778313018337,69.23333333333333,2,10,28,191,2013,0.9749279121818236,-0.22252093395631434,-0.4999999999999997,-0.8660254037844388,-0.14579919691987442,-0.9893142039703664,21997.0,18892.0,19292.0,18765.0,22541.0,19128.0,18678.0,22037.285714285714,3438.0353747590107,21429.64285714286,2651.0318341569605,20764.033333333333,2424.5387685558403,22035.166666666668,5147.868550751759,374,0.5238095238095238,0,0,0,0,20653.0,19739.5
2013-07-11,22907,5,64,14.11,,64.0,4,0,7,3,192,0,0,0,0,0,0,66.0,90.0,59.0,83.57142857142857,21.36084535512746,69.86666666666666,3,11,28,192,2013,0.43388373911755823,-0.900968867902419,-0.4999999999999997,-0.8660254037844388,-0.16280701293851646,-0.9866579328916572,19115.0,21997.0,18892.0,23283.0,18546.0,17495.0,24364.0,21983.571428571428,3418.209222050835,21741.14285714286,2540.0233753357616,20944.433333333334,2373.725875050746,22113.4,5124.412152148239,375,0.5252100840336135,0,0,0,0,20914.5,20966.0
2013-07-12,19957,8,76,13.46,,76.0,5,0,7,3,193,0,0,0,0,0,0,64.0,99.0,69.0,79.85714285714286,22.29670058871517,70.33333333333333,4,12,28,193,2013,-0.433883739117558,-0.9009688679024191,-0.4999999999999997,-0.8660254037844388,-0.17976658572556214,-0.9837092937736098,22907.0,19115.0,21997.0,23152.0,21656.0,16088.0,23707.0,21527.14285714286,3449.35749710815,21619.785714285714,2584.6004654362723,21073.4,2199.48088859865,22140.25,5108.533733131472,376,0.5266106442577031,0,0,0,0,22404.0,21964.5
2013-07-13,21327,9,102,11.84,,102.0,6,1,7,3,194,0,0,0,0,0,0,76.0,119.0,102.0,76.57142857142857,20.638613833112288,71.3,5,13,28,194,2013,-0.9749279121818236,-0.2225209339563146,-0.4999999999999997,-0.8660254037844388,-0.19667288979357622,-0.9804691603616321,19957.0,22907.0,19115.0,28530.0,21778.0,21370.0,21728.0,20498.14285714286,1579.90320679975,21587.571428571428,2585.287328601581,21071.966666666667,2199.2949416188467,22146.183333333334,5107.359288127515,377,0.5280112044817927,0,0,0,0,25154.0,24110.0
2013-07-14,18700,7,79,12.7,,79.0,7,1,7,3,195,0,0,0,0,0,0,102.0,86.0,88.0,74.14285714285714,15.060196672337176,72.63333333333334,6,14,28,195,2013,-0.7818314824680299,0.6234898018587334,-0.4999999999999997,-0.8660254037844388,-0.2135209154397959,-0.9769384927771817,21327.0,19957.0,22907.0,19292.0,22092.0,25249.0,22557.0,20413.571428571428,1668.5840161785695,21345.285714285714,2691.153954049254,20853.666666666668,2092.836885637635,22070.416666666668,5124.458074007406,378,0.5294117647058824,0,0,0,0,20692.0,20073.0
2013-07-15,22121,5,66,11.85,,66.0,1,0,7,3,196,0,0,0,0,0,0,79.0,62.0,62.0,73.14285714285714,14.357675896286578,72.96666666666667,0,15,29,196,2013,0.0,1.0,-0.4999999999999997,-0.8660254037844388,-0.23030567023061196,-0.973118337233262,18700.0,21327.0,19957.0,18892.0,20502.0,21281.0,19341.0,20874.85714285714,1623.5597133632496,21460.928571428572,2686.9113083837,20881.666666666668,2104.3388728896302,22100.683333333334,5119.21448718639,379,0.530812324929972,0,0,0,0,19697.0,19137.5
2013-07-16,21916,6,77,11.36,,77.0,2,0,7,3,197,0,0,0,0,0,0,66.0,63.0,70.0,73.71428571428571,13.912994953329791,71.56666666666666,1,16,29,197,2013,0.7818314824680298,0.6234898018587336,-0.4999999999999997,-0.8660254037844388,-0.24702218048093527,-0.9690098257244063,22121.0,18700.0,21327.0,21997.0,22415.0,18923.0,22671.0,20863.285714285714,1614.4923571908246,21425.285714285714,2676.5714702141177,20981.433333333334,2079.0738104251545,22057.616666666665,5109.547666774364,380,0.5322128851540616,0,0,0,0,22206.0,20261.5
2013-07-17,17153,4,69,13.08,,69.0,3,0,7,3,198,0,0,0,0,0,0,77.0,66.0,76.0,75.71428571428571,13.09852772533544,72.06666666666666,2,17,29,198,2013,0.9749279121818236,-0.22252093395631434,-0.4999999999999997,-0.8660254037844388,-0.2636654927280072,-0.9646141756912435,21916.0,22121.0,18700.0,19115.0,18765.0,21179.0,20870.0,20583.0,2073.616406184856,21310.14285714286,2830.0876272690407,20847.233333333334,2192.7110393983126,21900.8,5113.34490610729,381,0.5336134453781513,0,0,0,0,18940.0,20828.0
2013-07-18,19435,9,70,14.39,,70.0,4,0,7,3,199,0,0,0,0,0,0,69.0,64.0,90.0,76.14285714285714,12.772738827002216,72.96666666666667,3,18,29,199,2013,0.43388373911755823,-0.900968867902419,-0.4999999999999997,-0.8660254037844388,-0.2802306751992161,-0.9599326896597445,17153.0,21916.0,22121.0,22907.0,23283.0,20187.0,22328.0,20087.0,1825.4737284694895,21035.285714285714,2810.5363963421946,20822.166666666668,2204.7840942593975,21840.733333333334,5120.910376117297,382,0.5350140056022409,0,0,0,0,23095.0,20726.5
2013-07-19,24031,9,73,13.29,,73.0,5,0,7,3,200,0,0,0,0,0,0,70.0,76.0,99.0,77.0,11.99999999999805,73.56666666666666,4,19,29,200,2013,-0.433883739117558,-0.9009688679024191,-0.4999999999999997,-0.8660254037844388,-0.2967128192734901,-0.9549667548552553,19435.0,17153.0,21916.0,19957.0,23152.0,20714.0,21355.0,20669.0,2350.9322264438706,21098.071428571428,2870.635535751659,20932.733333333334,2281.02575131481,21920.183333333334,5117.233490171976,383,0.5364145658263305,0,0,0,0,21554.5,20806.5
2013-07-20,23415,11,105,10.78,,105.0,6,1,7,3,201,0,0,0,0,0,0,73.0,102.0,119.0,76.57142857142857,12.094863136293329,74.23333333333333,5,20,29,201,2013,-0.9749279121818236,-0.2225209339563146,-0.4999999999999997,-0.8660254037844388,-0.3131070409358267,-0.9497178427914317,24031.0,19435.0,17153.0,21327.0,28530.0,18649.0,23471.0,20967.285714285714,2570.539030001475,20732.714285714286,2064.2175432675226,21091.6,2282.4542689078203,21938.316666666666,5120.626095497191,384,0.5378151260504201,0,0,0,0,24928.5,21552.5
2013-07-21,21392,11,83,10.94,,83.0,7,1,7,3,202,0,0,0,0,0,0,105.0,79.0,86.0,77.0,13.152946437964124,75.96666666666667,6,21,29,202,2013,-0.7818314824680299,0.6234898018587334,-0.4999999999999997,-0.8660254037844388,-0.3294084822245302,-0.9441875088341994,23415.0,24031.0,19435.0,18700.0,19292.0,20777.0,23647.0,21351.85714285714,2368.2115916564944,20882.714285714286,2027.4448272325112,21112.1,2282.2930596978968,21999.216666666667,5091.470365001001,385,0.5392156862745098,0,0,0,0,18996.0,20396.0
2013-07-22,16639,7,72,8.34,,72.0,1,0,7,3,203,0,0,0,0,0,0,83.0,66.0,62.0,77.57142857142857,13.339879345493886,76.3,0,22,30,203,2013,0.0,1.0,-0.4999999999999997,-0.8660254037844388,-0.3456123126707333,-0.9383773917408642,21392.0,23415.0,24031.0,22121.0,18892.0,19690.0,23127.0,20568.714285714286,2914.81301368731,20721.785714285714,2272.2492813735553,21010.4,2412.131374017097,21931.733333333334,5135.784315745056,386,0.5406162464985994,0,0,0,0,20506.5,21311.5
2013-07-23,21651,9,70,6.71,,70.0,2,0,7,3,204,0,0,0,0,0,0,72.0,77.0,63.0,78.42857142857143,12.647228192467104,75.6,1,23,30,204,2013,0.7818314824680298,0.6234898018587336,-0.4999999999999997,-0.8660254037844388,-0.3617137307297674,-0.9322892131745134,16639.0,21392.0,23415.0,21916.0,21997.0,20854.0,17733.0,20530.85714285714,2896.0588408253725,20697.071428571428,2259.1563253119834,21036.966666666667,2414.737002647367,21912.2,5134.565671728033,387,0.542016806722689,0,0,0,0,21956.5,22165.5
2013-07-24,22029,8,70,8.77,,70.0,3,0,7,3,205,0,0,0,0,0,0,70.0,69.0,66.0,77.42857142857143,13.049356853334483,75.7,2,24,30,205,2013,0.9749279121818236,-0.22252093395631434,-0.4999999999999997,-0.8660254037844388,-0.37770796520396466,-0.9259247771938499,21651.0,16639.0,21392.0,17153.0,19115.0,19383.0,21533.0,21227.428571428572,2508.683974858794,20905.214285714286,2236.3051662737435,21125.166666666668,2400.523191296927,21557.2,4296.6974578235795,388,0.5434173669467787,0,0,0,0,18134.0,17959.0
2013-07-25,20006,10,58,9.73,,58.0,4,0,7,3,206,0,0,0,0,0,0,70.0,70.0,64.0,77.57142857142857,12.946777499401197,76.36666666666666,3,25,30,206,2013,0.43388373911755823,-0.900968867902419,-0.4999999999999997,-0.8660254037844388,-0.39359027665646645,-0.9192859697186105,22029.0,21651.0,16639.0,19435.0,22907.0,18526.0,22028.0,21309.0,2449.2679858818437,20698.0,2169.9716765253916,21174.5,2360.1336132545866,21278.9,3812.487402368716,389,0.5448179271708683,0,0,0,0,21171.0,21359.0
2013-07-26,22226,11,74,8.77,,74.0,5,0,7,3,207,0,0,0,0,0,0,58.0,73.0,76.0,75.85714285714286,14.780940107995272,76.73333333333333,4,26,30,207,2013,-0.433883739117558,-0.9009688679024191,-0.4999999999999997,-0.8660254037844388,-0.4093559588156211,-0.9123747579707274,20006.0,22029.0,21651.0,24031.0,19957.0,22541.0,14971.0,21051.14285714286,2196.954515427246,20860.071428571428,2194.960397900378,21164.0,2354.5386252791423,20923.3,2450.6724175835743,390,0.5462184873949579,0,0,0,0,21994.0,23591.5
2013-07-27,27100,9,101,9.1,,101.0,6,1,7,3,208,0,0,0,0,0,0,74.0,105.0,102.0,76.0,14.753530650885551,77.3,5,27,30,208,2013,-0.9749279121818236,-0.2225209339563146,-0.4999999999999997,-0.8660254037844388,-0.42500033996955394,-0.9051931898913975,22226.0,20006.0,22029.0,23415.0,21327.0,18546.0,24626.0,21577.571428571428,3109.6789146759197,21272.428571428572,2759.1834554191346,21449.133333333335,2537.4087615102226,21047.266666666666,2570.9610540112753,391,0.5476190476190477,0,0,0,0,22371.0,25972.5
2013-07-28,21908,13,58,9.65,,58.0,7,1,7,3,209,0,0,0,0,0,0,101.0,83.0,79.0,75.42857142857143,13.464238347773962,78.7,6,28,30,209,2013,-0.7818314824680299,0.6234898018587334,-0.4999999999999997,-0.8660254037844388,-0.4405187843504952,-0.8977433935342336,27100.0,22226.0,20006.0,21392.0,18700.0,21656.0,29912.0,21651.285714285714,3110.662507906362,21501.571428571428,2660.562193750133,21457.533333333333,2538.534069692357,21096.133333333335,2558.7604352442963,392,0.5490196078431373,0,0,0,0,20046.0,20342.0
2013-07-29,22206,5,58,6.68,,58.0,1,0,7,3,210,0,0,0,0,0,0,58.0,72.0,66.0,71.85714285714286,14.404033826541154,78.33333333333333,0,29,31,210,2013,0.0,1.0,-0.4999999999999997,-0.8660254037844388,-0.455906693508459,-0.8900275764346766,21908.0,27100.0,22226.0,16639.0,22121.0,21778.0,21111.0,22446.571428571428,2191.448216525637,21507.64285714286,2662.18096267352,21471.8,2541.5980501008016,21098.933333333334,2559.90023552072,393,0.5504201680672269,0,0,0,0,19380.0,17765.5
2013-07-30,18589,6,55,9.8,,55.0,2,0,7,3,211,0,0,0,0,0,0,58.0,70.0,77.0,69.85714285714286,15.323495809033734,76.86666666666666,1,30,31,211,2013,0.7818314824680298,0.6234898018587336,-0.4999999999999997,-0.8660254037844388,-0.47115950767386394,-0.8820480249558535,22206.0,21908.0,27100.0,21651.0,21916.0,22092.0,24762.0,22009.14285714286,2637.0181663240187,21270.0,2769.265106624602,21355.033333333333,2592.0884468112386,21108.783333333333,2548.8795151533136,394,0.5518207282913166,0,0,0,0,21783.5,21824.0
2013-07-31,16500,6,64,7.4,,64.0,3,0,7,3,212,0,0,0,0,0,0,55.0,70.0,69.0,67.71428571428571,16.316804075493618,75.76666666666667,2,31,31,212,2013,0.9749279121818236,-0.22252093395631434,-0.4999999999999997,-0.8660254037844388,-0.4862727071086902,-0.8738071036110807,18589.0,22206.0,21908.0,22029.0,17153.0,20502.0,18873.0,21219.285714285714,3359.2243506640434,21223.35714285714,2848.3130393847177,21221.633333333335,2736.4624090406046,21049.3,2614.3601433853496,395,0.5532212885154062,0,0,0,0,19591.0,20572.0
2013-08-01,23034,12,75,10.67,,75.0,4,0,8,3,213,0,0,0,0,0,0,64.0,58.0,70.0,66.85714285714286,16.334305121720767,75.83333333333333,3,1,31,213,2013,0.43388373911755823,-0.900968867902419,-0.8660254037844385,-0.5000000000000004,-0.5012418134457756,-0.8653072543632061,16500.0,18589.0,22206.0,20006.0,19435.0,22415.0,17580.0,21651.85714285714,3371.8844596935505,21480.428571428572,2836.8799143338765,21242.266666666666,2748.0798680023645,21000.166666666668,2546.9174400297147,396,0.5546218487394958,0,0,0,0,19720.5,21456.5
2013-08-02,19503,9,72,10.07,,72.0,5,0,8,3,214,0,0,0,0,0,0,75.0,74.0,73.0,69.28571428571429,16.059413498154665,76.0,4,2,31,214,2013,-0.433883739117558,-0.9009688679024191,-0.8660254037844385,-0.5000000000000004,-0.5160623910158526,-0.8565509959010037,23034.0,16500.0,18589.0,22226.0,24031.0,18765.0,18984.0,21262.85714285714,3450.756652705245,21157.0,2781.295547595807,21266.866666666665,2728.3719376004087,20992.25,2550.883666264181,397,0.5560224089635855,0,0,0,0,23128.5,21091.5
2013-08-03,24573,9,95,7.14,,95.0,6,1,8,3,215,0,0,0,0,0,0,72.0,101.0,105.0,69.0,15.979153085607622,75.86666666666666,5,3,31,215,2013,-0.9749279121818236,-0.2225209339563146,-0.8660254037844385,-0.5000000000000004,-0.5307300481619331,-0.8475409228928312,19503.0,23034.0,16500.0,27100.0,23415.0,23283.0,22136.0,20901.85714285714,2811.253897496539,21239.714285714286,2869.4353888088835,21309.866666666665,2771.073758439676,21076.45,2584.6524103258485,398,0.5574229691876751,0,0,0,0,25257.5,24213.5
2013-08-04,21763,7,85,6.55,,85.0,7,1,8,3,216,0,0,0,0,0,0,95.0,58.0,83.0,68.14285714285714,14.016996485557828,76.03333333333333,6,4,31,216,2013,-0.7818314824680299,0.6234898018587334,-0.8660254037844385,-0.5000000000000004,-0.5452404385406507,-0.8382797052177745,24573.0,19503.0,23034.0,21908.0,21392.0,23152.0,21602.0,20881.14285714286,2803.127148297561,21266.214285714286,2872.6613010497404,21263.566666666666,2750.7629497554817,21027.05,2541.6652450305965,399,0.5588235294117647,0,0,0,0,21650.0,20304.0
2013-08-05,18817,6,57,7.18,,57.0,1,0,8,3,217,0,0,0,0,0,0,85.0,58.0,72.0,72.0,14.46835627613879,75.56666666666666,0,5,32,217,2013,0.0,1.0,-0.8660254037844385,-0.5000000000000004,-0.5595892624101763,-0.828770087174504,21763.0,24573.0,19503.0,22206.0,16639.0,28530.0,24428.0,20397.0,2828.7161398767053,21421.785714285714,2653.402494289668,20939.8,2417.423085108225,20960.516666666666,2546.473284006338,400,0.5602240896358543,0,0,0,0,19422.5,22163.5
2013-08-06,17052,6,53,9.2,,53.0,2,0,8,3,218,0,0,0,0,0,0,57.0,55.0,70.0,71.85714285714286,14.633620780340337,73.5,1,6,32,218,2013,0.7818314824680298,0.6234898018587336,-0.8660254037844385,-0.5000000000000004,-0.5737722679043243,-0.8190148866680802,18817.0,21763.0,24573.0,18589.0,21651.0,19292.0,20836.0,20177.428571428572,3043.914412788228,21093.285714285714,2896.400934543716,20865.133333333335,2503.146898486519,20944.25,2568.5451176076845,401,0.561624649859944,0,0,0,0,20120.0,20252.5
2013-08-07,16251,6,57,7.9,,57.0,3,0,8,3,219,0,0,0,0,0,0,53.0,64.0,70.0,71.57142857142857,15.03171250897023,72.4,2,7,32,219,2013,0.9749279121818236,-0.22252093395631434,-0.8660254037844385,-0.5000000000000004,-0.5877852522924734,-0.8090169943749472,17052.0,18817.0,21763.0,16500.0,22029.0,18892.0,20904.0,20141.85714285714,3095.0765434028867,20680.571428571428,3153.0974444987955,20777.1,2618.7063317074185,20759.116666666665,2497.6909139067366,402,0.5630252100840336,0,0,0,0,19264.5,16826.5
2013-08-08,18796,10,64,10.79,,64.0,4,0,8,3,220,0,0,0,0,0,0,57.0,75.0,58.0,70.57142857142857,15.830952201904925,72.23333333333333,3,8,32,220,2013,0.43388373911755823,-0.900968867902419,-0.8660254037844385,-0.5000000000000004,-0.6016240632249227,-0.7987793728863648,16251.0,17052.0,18817.0,23034.0,20006.0,21997.0,17010.0,19536.428571428572,2838.9560203908045,20594.14285714286,3189.38491434751,20670.4,2632.463885857738,20717.433333333334,2509.403983302065,403,0.5644257703081232,0,0,0,0,21520.0,21234.5
2013-08-09,18505,15,74,15.48,,74.0,5,0,8,3,221,0,0,0,0,0,0,64.0,72.0,74.0,69.0,15.86400537905282,72.26666666666667,4,9,32,221,2013,-0.433883739117558,-0.9009688679024191,-0.8660254037844385,-0.5000000000000004,-0.6152845999633277,-0.7883050558305253,18796.0,16251.0,17052.0,19503.0,22226.0,19115.0,22053.0,19393.85714285714,2865.8468456733767,20328.35714285714,3197.966435748688,20650.066666666666,2647.2067377981784,20707.05,2517.368436465965,404,0.5658263305322129,0,0,0,0,20864.5,21767.0
2013-08-10,21523,13,96,11.94,,96.0,6,1,8,3,222,0,0,0,0,0,0,74.0,95.0,101.0,69.28571428571429,15.94484541279863,72.53333333333333,5,10,32,222,2013,-0.9749279121818236,-0.2225209339563146,-0.8660254037844385,-0.5000000000000004,-0.6287628145958345,-0.7775971469736268,18505.0,18796.0,16251.0,24573.0,27100.0,22907.0,20532.0,18958.14285714286,2067.9808532775833,19930.0,2576.539838322103,20603.933333333334,2618.4215952697746,20774.183333333334,2483.74233421428,405,0.5672268907563025,0,0,0,0,25836.5,23994.0
2013-08-11,21794,10,75,13.82,,75.0,7,1,8,3,223,0,0,0,0,0,0,96.0,85.0,58.0,69.42857142857143,16.215806515629474,73.6,6,11,32,223,2013,-0.7818314824680299,0.6234898018587334,-0.8660254037844385,-0.5000000000000004,-0.6420547132365636,-0.7666588193001592,21523.0,18505.0,18796.0,21763.0,21908.0,19957.0,20392.0,18962.571428571428,2075.009787698962,19921.85714285714,2569.9795227301124,20665.166666666668,2624.2441812813263,20869.283333333333,2409.397752246588,406,0.5686274509803921,0,0,0,0,21835.5,21577.5
2013-08-12,18718,9,55,12.67,,55.0,1,0,8,3,224,0,0,0,0,0,0,75.0,57.0,58.0,68.0,15.011106998928597,73.56666666666666,0,12,33,224,2013,0.0,1.0,-0.8660254037844385,-0.5000000000000004,-0.655156357209085,-0.7554933140726804,21794.0,21523.0,18505.0,18817.0,22206.0,21327.0,21727.0,18948.428571428572,2076.504182284854,19672.714285714286,2499.6197381130173,20578.2,2644.705881568005,20825.083333333332,2424.3354447909833,407,0.5700280112044818,0,0,0,0,20511.5,17728.0
2013-08-13,23851,9,64,14.07,,64.0,2,0,8,3,225,0,0,0,0,0,0,55.0,53.0,55.0,67.71428571428571,15.27213459991906,72.0,1,13,33,225,2013,0.7818314824680298,0.6234898018587336,-0.8660254037844385,-0.5000000000000004,-0.6680638642135333,-0.7441039398713608,18718.0,21794.0,21523.0,17052.0,18589.0,18700.0,21963.0,19919.714285714286,2572.4894372496133,20048.571428571428,2710.8210426500073,20749.9,2685.4574175323837,20801.783333333333,2387.5357772927605,408,0.5714285714285714,0,0,0,0,17820.5,19351.5
2013-08-14,22700,7,55,8.1,,55.0,3,0,8,3,226,0,0,0,0,0,0,64.0,57.0,64.0,69.28571428571429,14.020393310152851,71.5,2,14,33,226,2013,0.9749279121818236,-0.22252093395631434,-0.8660254037844385,-0.5000000000000004,-0.6807734094770159,-0.7324940716135792,23851.0,18718.0,21794.0,16251.0,16500.0,22121.0,21853.0,20841.0,2161.6106649130056,20491.428571428572,2590.265199202032,20769.2,2697.703779653913,20825.433333333334,2399.361909289895,409,0.572829131652661,0,0,0,0,16375.5,19140.0
2013-08-15,19583,10,54,11.18,,54.0,4,0,8,3,227,0,0,0,0,0,0,55.0,64.0,75.0,69.0,14.329456840134712,71.13333333333334,3,15,33,227,2013,0.43388373911755823,-0.900968867902419,-0.8660254037844385,-0.5000000000000004,-0.6932812268869771,-0.7206671495538615,22700.0,23851.0,18718.0,18796.0,23034.0,21916.0,19088.0,20953.428571428572,2055.3759475369156,20244.928571428572,2492.0344010553504,20691.433333333334,2697.1316524365484,20836.433333333334,2391.9938663167623,410,0.5742296918767507,0,0,0,0,20915.0,19401.0
2013-08-16,16651,10,67,8.12,,67.0,5,0,8,3,228,0,0,0,0,0,0,54.0,74.0,72.0,67.57142857142857,15.37158789083496,70.36666666666666,4,16,33,228,2013,-0.433883739117558,-0.9009688679024191,-0.8660254037844385,-0.5000000000000004,-0.7055836101071774,-0.70862667826446,19583.0,22700.0,23851.0,18505.0,19503.0,17153.0,29291.0,20688.571428571428,2495.7452365402314,20041.214285714286,2667.7263779240693,20674.7,2721.2905552710263,20760.966666666667,2451.6864895287267,411,0.5756302521008403,0,0,0,0,19004.0,20365.5
2013-08-17,21825,9,98,8.98,,98.0,6,1,8,3,229,0,0,0,0,0,0,67.0,96.0,95.0,66.57142857142857,15.10912685384776,70.3,5,17,33,229,2013,-0.9749279121818236,-0.2225209339563146,-0.8660254037844385,-0.5000000000000004,-0.7176769136759615,-0.6963762255968726,16651.0,19583.0,22700.0,21523.0,24573.0,19435.0,23106.0,20731.714285714286,2515.1088587628856,19844.928571428572,2395.8834716841843,20754.366666666665,2718.7292731936236,20788.266666666666,2454.3052582278374,412,0.5770308123249299,0,0,0,0,23048.0,24311.5
2013-08-18,20530,8,64,9.87,,64.0,7,1,8,3,230,0,0,0,0,0,0,98.0,75.0,85.0,66.85714285714286,15.76312756010494,71.23333333333333,6,18,33,230,2013,-0.7818314824680299,0.6234898018587334,-0.8660254037844385,-0.5000000000000004,-0.7295575540864876,-0.6839194216246105,21825.0,16651.0,19583.0,21794.0,21763.0,24031.0,21944.0,20551.14285714286,2471.120894693224,19756.85714285714,2342.0090276755204,20637.666666666668,2647.4361355761575,20785.2,2454.5145731550156,413,0.5784313725490197,0,0,0,0,21778.5,21851.0
2013-08-19,17560,5,55,13.11,,55.0,1,0,8,3,231,0,0,0,0,0,0,64.0,55.0,57.0,65.28571428571429,15.359191446971115,70.93333333333334,0,19,34,231,2013,0.0,1.0,-0.8660254037844385,-0.5000000000000004,-0.7412220108485957,-0.6712599575675315,20530.0,21825.0,16651.0,18718.0,18817.0,23415.0,25229.0,20385.714285714286,2646.8090042088147,19667.071428571428,2404.0841999935637,20442.5,2651.4431691648147,20767.05,2474.5232886218796,414,0.5798319327731093,0,0,0,0,18767.5,20462.0
2013-08-20,15996,5,48,10.09,,48.0,2,0,8,3,232,0,0,0,0,0,0,55.0,64.0,53.0,65.28571428571429,15.359191446971115,69.26666666666667,1,20,34,232,2013,0.7818314824680298,0.6234898018587336,-0.8660254037844385,-0.5000000000000004,-0.7526668275320083,-0.6584015846980489,17560.0,20530.0,21825.0,23851.0,17052.0,21392.0,18984.0,19263.571428571428,2597.4520115643795,19591.64285714286,2506.815098797634,20262.633333333335,2765.3872146820345,20687.366666666665,2550.023323034995,415,0.5812324929971989,0,0,0,0,20451.5,21220.0
2013-08-21,19831,8,60,12.76,,60.0,3,0,8,3,233,0,0,0,0,0,0,48.0,55.0,57.0,63.0,16.71326818229401,68.1,2,21,34,233,2013,0.9749279121818236,-0.22252093395631434,-0.8660254037844385,-0.5000000000000004,-0.7638886127905429,-0.64534811322955,15996.0,17560.0,20530.0,22700.0,16251.0,16639.0,18873.0,18853.714285714286,2153.198993302935,19847.35714285714,2315.093040401106,20369.033333333333,2681.2862775726253,20689.716666666667,2549.153432699995,416,0.5826330532212886,0,0,0,0,19475.5,19600.0
2013-08-22,18023,7,57,13.66,,57.0,4,0,8,3,234,0,0,0,0,0,0,60.0,54.0,64.0,63.71428571428572,16.41863053276298,67.7,3,22,34,234,2013,0.43388373911755823,-0.900968867902419,-0.8660254037844385,-0.5000000000000004,-0.7748840413670406,-0.6321034111873488,19831.0,15996.0,17560.0,19583.0,18796.0,21651.0,18011.0,18630.85714285714,2145.8551852791306,19792.14285714286,2351.0353155459843,20248.1,2703.19909264619,20642.533333333333,2572.1573841892705,417,0.5840336134453782,0,0,0,0,19189.5,21308.5
2013-08-23,21924,10,62,10.16,,62.0,5,0,8,3,235,0,0,0,0,0,0,57.0,67.0,74.0,64.14285714285714,16.15991513414614,67.26666666666667,4,23,34,235,2013,-0.433883739117558,-0.9009688679024191,-0.8660254037844385,-0.5000000000000004,-0.7856498550787144,-0.6186714032625032,18023.0,19831.0,15996.0,16651.0,18505.0,22029.0,21435.0,19384.14285714286,2257.618467070119,20036.35714285714,2384.386410577028,20244.6,2700.88071970411,20684.883333333335,2571.98645179012,418,0.5854341736694678,0,0,0,0,17578.0,18077.0
2013-08-24,20750,13,95,13.55,,95.0,6,1,8,3,236,0,0,0,0,0,0,62.0,98.0,96.0,63.42857142857143,16.123038824996016,67.0,5,24,34,236,2013,-0.9749279121818236,-0.2225209339563146,-0.8660254037844385,-0.5000000000000004,-0.7961828637826154,-0.6050560696488494,21924.0,18023.0,19831.0,21825.0,21523.0,20006.0,21515.0,19230.571428571428,2094.5858665568803,19981.14285714286,2356.094873926855,20269.4,2702.029832143518,20721.95,2556.324065190293,419,0.5868347338935574,0,0,0,0,21674.0,23199.0
2013-08-25,20290,13,75,14.07,,75.0,7,1,8,3,237,0,0,0,0,0,0,95.0,64.0,75.0,63.0,15.055453054179887,68.23333333333333,6,25,34,237,2013,-0.7818314824680299,0.6234898018587334,-0.8660254037844385,-0.5000000000000004,-0.8064799463209447,-0.5912614448635782,20750.0,21924.0,18023.0,20530.0,21794.0,22226.0,22516.0,19196.285714285714,2071.60909393981,19873.714285714286,2300.7147527726515,20204.866666666665,2676.688609577907,20684.433333333334,2545.6708307499057,420,0.5882352941176471,0,0,0,0,21162.0,21146.5
2013-08-26,17848,6,52,13.57,,52.0,1,0,8,3,238,0,0,0,0,0,0,75.0,55.0,55.0,64.57142857142857,15.735915849387226,68.26666666666667,0,26,35,238,2013,0.0,1.0,-0.8660254037844385,-0.5000000000000004,-0.8165380514459157,-0.5772916165517278,20290.0,20750.0,21924.0,17560.0,18718.0,27100.0,18622.0,19237.428571428572,2036.2539017469894,19811.571428571428,2345.642890856987,19896.466666666667,2370.3181473255195,20672.8,2557.177653692096,421,0.5896358543417367,0,0,0,0,18139.0,18188.5
2013-08-27,19680,6,47,13.75,,47.0,2,0,8,3,239,0,0,0,0,0,0,52.0,48.0,64.0,64.14285714285714,16.077194732792744,66.63333333333334,1,27,35,239,2013,0.7818314824680298,0.6234898018587336,-0.8660254037844385,-0.5000000000000004,-0.8263541987239094,-0.5631507242749187,17848.0,20290.0,20750.0,15996.0,23851.0,21908.0,22426.0,19763.714285714286,1450.7557472207873,19513.64285714286,2037.8003830351627,19822.2,2339.8272910034616,20639.866666666665,2557.02485001919,422,0.5910364145658263,0,0,0,0,19923.5,16524.0
2013-08-28,21767,6,47,13.96,,47.0,3,0,8,3,240,0,0,0,0,0,0,47.0,60.0,55.0,64.0,16.24807680927033,66.26666666666667,2,28,35,240,2013,0.9749279121818236,-0.22252093395631434,-0.8660254037844385,-0.5000000000000004,-0.8359254794186365,-0.5488429582847199,19680.0,17848.0,20290.0,19831.0,22700.0,22206.0,21801.0,20040.285714285714,1638.1563533723381,19447.0,1938.412594009526,19807.566666666666,2325.735192376366,20639.683333333334,2556.942258163403,423,0.592436974789916,0,0,0,0,21265.5,18041.0
2013-08-29,18655,10,54,11.01,,54.0,4,0,8,3,241,0,0,0,0,0,0,47.0,57.0,54.0,62.142857142857146,17.47787717304759,65.9,3,29,35,241,2013,0.43388373911755823,-0.900968867902419,-0.8660254037844385,-0.5000000000000004,-0.8452490573530634,-0.5343725582809785,21767.0,19680.0,17848.0,18023.0,19583.0,18589.0,18248.0,20130.571428571428,1521.723349488952,19380.714285714286,1949.240855329907,19809.766666666666,2324.57368258087,20582.4,2562.348401137793,424,0.5938375350140056,0,0,0,0,18803.0,18409.5
2013-08-30,23314,8,66,11.33,,66.0,5,0,8,3,242,0,0,0,0,0,0,54.0,62.0,67.0,61.71428571428572,17.660825629191553,65.86666666666666,4,30,35,242,2013,-0.433883739117558,-0.9009688679024191,-0.8660254037844385,-0.5000000000000004,-0.8543221697498269,-0.5197438121555157,18655.0,21767.0,19680.0,21924.0,16651.0,16500.0,20676.0,20329.14285714286,1850.0301284545094,19856.64285714286,2042.666116289373,20036.9,2322.922139357599,20629.266666666666,2586.4559737128034,425,0.5952380952380952,0,0,0,0,19287.5,20214.5
2013-08-31,21575,11,106,15.68,,106.0,6,1,8,3,243,0,0,0,0,0,0,66.0,95.0,98.0,62.285714285714285,17.736161607613305,65.93333333333334,5,31,35,243,2013,-0.9749279121818236,-0.2225209339563146,-0.8660254037844385,-0.5000000000000004,-0.8631421280499115,-0.5049610547215202,23314.0,18655.0,21767.0,20750.0,21825.0,23034.0,21933.0,20447.0,1906.7195214116496,19838.785714285714,2025.1526126183555,19988.266666666666,2272.7413028951414,20615.266666666666,2578.888617981522,426,0.5966386554621849,0,0,0,0,21287.5,21136.5
2013-09-01,20493,8,85,12.26,,85.0,7,1,9,3,244,0,0,0,0,0,0,106.0,75.0,64.0,63.85714285714285,21.255811530249133,66.96666666666667,6,1,35,244,2013,-0.7818314824680299,0.6234898018587334,-1.0,-1.8369701987210297e-16,-0.8717063187093217,-0.4900286664290594,21575.0,23314.0,18655.0,20290.0,20530.0,19503.0,23343.0,20476.0,1905.477018141548,19836.14285714286,2024.2050997153506,20021.266666666666,2272.639661249777,20644.066666666666,2567.499013032088,427,0.5980392156862745,0,0,0,0,20410.0,21042.0
2013-09-02,23388,7,95,10.94,,95.0,1,0,9,3,245,0,0,0,0,0,0,85.0,52.0,55.0,65.28571428571429,22.432968934985936,67.4,0,2,36,245,2013,0.0,1.0,-1.0,-1.8369701987210297e-16,-0.8800122039735356,-0.4749510720670502,20493.0,21575.0,23314.0,17848.0,17560.0,24573.0,23365.0,21267.428571428572,1778.2904578217597,20252.428571428572,2117.23752216752,19981.766666666666,2199.9345551917863,20645.816666666666,2569.363295736916,428,0.5994397759103641,0,0,0,0,17704.0,18283.0
2013-09-03,18720,6,38,11.01,,38.0,2,0,9,3,246,0,0,0,0,0,0,95.0,47.0,48.0,71.42857142857143,24.01983307503057,67.4,1,3,36,246,2013,0.7818314824680298,0.6234898018587336,-1.0,-1.8369701987210297e-16,-0.888057322629493,-0.4597327394521046,23388.0,20493.0,21575.0,19680.0,15996.0,21763.0,22647.0,21130.285714285714,1949.8592867420468,20447.0,1796.9241240774847,19880.333333333332,2185.076741859779,20571.95,2559.7817533094717,429,0.6008403361344538,0,0,0,0,17838.0,21765.5
2013-09-04,16815,7,34,12.83,,34.0,3,0,9,3,247,0,0,0,0,0,0,38.0,47.0,60.0,70.14285714285714,25.72565886055156,65.83333333333333,2,4,36,247,2013,0.9749279121818236,-0.22252093395631434,-1.0,-1.8369701987210297e-16,-0.8958392907349089,-0.4443781781046134,18720.0,23388.0,20493.0,21767.0,19831.0,18817.0,19172.0,20422.85714285714,2500.8267585319486,20231.571428571428,2040.7089158231786,19813.6,2248.3268967130243,20376.7,2383.17988182856,430,0.6022408963585434,0,0,0,0,20799.0,22233.5
2013-09-05,14481,8,38,11.45,,38.0,4,0,9,3,248,0,0,0,0,0,0,34.0,54.0,57.0,68.28571428571429,28.0399375041751,65.06666666666666,3,5,36,248,2013,0.43388373911755823,-0.900968867902419,-1.0,-1.8369701987210297e-16,-0.9033558023246842,-0.4288919379124841,16815.0,18720.0,23388.0,18655.0,18023.0,17052.0,16057.0,19826.571428571428,3347.0449084299025,19978.571428571428,2502.822490226137,19727.9,2401.03493992884,20296.516666666666,2498.44079168346,431,0.603641456582633,0,0,0,0,18339.0,19119.0
2013-09-06,21124,7,49,8.38,,49.0,5,0,9,3,249,0,0,0,0,0,0,38.0,66.0,62.0,66.0,29.983328701129054,64.56666666666666,4,6,36,249,2013,-0.433883739117558,-0.9009688679024191,-1.0,-1.8369701987210297e-16,-0.9106046300942162,-0.41327860778290443,14481.0,16815.0,18720.0,23314.0,21924.0,16251.0,20877.0,19513.714285714286,3056.475732728923,19921.428571428572,2463.8176354305697,19890.333333333332,2321.2126636492208,20333.716666666667,2493.786203792506,432,0.6050420168067226,0,0,0,0,22619.0,19982.5
2013-09-07,17196,10,76,12.42,,76.0,6,1,9,3,250,0,0,0,0,0,0,49.0,106.0,95.0,63.57142857142857,30.66407856573653,64.3,5,7,36,250,2013,-0.9749279121818236,-0.2225209339563146,-1.0,-1.8369701987210297e-16,-0.9175836260593934,-0.3975428142825566,21124.0,14481.0,16815.0,21575.0,20750.0,18796.0,22423.0,18888.14285714286,3012.080865922431,19667.571428571428,2553.344525076006,19837.0,2365.188277116085,20253.7,2516.4334547536205,433,0.6064425770308123,0,0,0,0,21162.5,21700.0
2013-09-08,19685,8,56,12.85,,56.0,7,1,9,3,251,0,0,0,0,0,0,76.0,85.0,75.0,59.285714285714285,25.388411304596733,64.7,6,8,36,251,2013,-0.7818314824680299,0.6234898018587334,-1.0,-1.8369701987210297e-16,-0.9242907221930934,-0.3816892202666586,17196.0,21124.0,14481.0,20493.0,20290.0,18505.0,22728.0,18772.714285714286,2955.275943928211,19624.35714285714,2547.111927326521,19876.333333333332,2352.048400471677,20263.2,2513.1355578645657,434,0.6078431372549019,0,0,0,0,20391.5,20511.5
2013-09-09,16831,6,41,10.31,,41.0,1,0,9,3,252,0,0,0,0,0,0,56.0,95.0,52.0,55.142857142857146,22.71877763311226,64.1,0,9,37,252,2013,0.0,1.0,-1.0,-1.8369701987210297e-16,-0.9307239310379793,-0.3657225234972692,19685.0,17196.0,21124.0,23388.0,17848.0,21523.0,21703.0,17836.0,2188.199107332824,19551.714285714286,2615.2606997146354,19719.933333333334,2394.39383925697,20161.933333333334,2527.1749878488617,435,0.6092436974789915,0,0,0,0,20618.0,20474.0
2013-09-10,17357,5,34,12.1,,34.0,2,0,9,3,253,0,0,0,0,0,1,41.0,38.0,47.0,47.42857142857143,14.6726178402375,62.266666666666666,1,10,37,253,2013,0.7818314824680298,0.6234898018587336,-1.0,-1.8369701987210297e-16,-0.9368813462954315,-0.34964745525122826,16831.0,19685.0,17196.0,18720.0,19680.0,21794.0,25937.0,17641.285714285714,2156.8449731248797,19385.785714285714,2679.4016604908493,19572.033333333333,2398.8934443763324,20118.6,2552.908538663208,436,0.6106442577030813,0,0,0,0,19200.0,17358.0
2013-09-11,32943,14,156,8.46,,156.0,3,0,9,3,254,0,0,0,0,1,1,34.0,34.0,47.0,46.85714285714285,15.170460017507654,60.9,2,11,37,254,2013,0.9749279121818236,-0.22252093395631434,-1.0,-1.8369701987210297e-16,-0.9427611433904206,-0.33346877891818705,17357.0,16831.0,19685.0,16815.0,21767.0,18718.0,41318.0,19945.285714285714,6113.000919196247,20184.071428571428,4493.891143529118,20046.2,3414.948673315567,20312.2,3040.06948404086,437,0.6120448179271709,0,0,0,0,19291.0,18323.0
2013-09-12,26609,20,172,11.07,,172.0,4,0,9,3,255,0,0,0,0,1,1,156.0,38.0,54.0,64.28571428571429,42.82022219198982,64.26666666666667,3,12,37,255,2013,0.43388373911755823,-0.900968867902419,-1.0,-1.8369701987210297e-16,-0.9483615800121716,-0.31719128858910595,32943.0,17357.0,16831.0,14481.0,18655.0,23851.0,32062.0,21677.85714285714,6024.211218866983,20752.214285714286,4779.430190990215,20138.133333333335,3555.1548172636694,20444.016666666666,3138.8416544835054,438,0.6134453781512605,0,0,0,0,16568.0,16252.0
2013-09-13,36618,28,228,9.72,,228.0,5,0,9,3,256,0,0,0,0,1,1,172.0,49.0,66.0,83.42857142857143,56.78572926025521,67.86666666666666,4,13,37,256,2013,-0.433883739117558,-0.9009688679024191,-1.0,-1.8369701987210297e-16,-0.9536809966304455,-0.300819807635668,26609.0,32943.0,17357.0,21124.0,23314.0,22700.0,18136.0,23891.285714285714,8229.550143928142,21702.5,6381.922772114221,20602.066666666666,4642.756567722115,20685.633333333335,3765.5216307189457,439,0.6148459383753502,0,0,0,0,22219.0,21524.0
2013-09-14,18846,11,78,12.15,,78.0,6,1,9,3,257,0,0,0,0,0,1,228.0,76.0,106.0,109.0,75.81336733496696,73.63333333333334,5,14,37,257,2013,-0.9749279121818236,-0.2225209339563146,-1.0,-1.8369701987210297e-16,-0.9587178169872964,-0.2843591872810036,36618.0,26609.0,32943.0,17196.0,21575.0,19583.0,21411.0,24127.0,8026.955649559746,21507.571428571428,6427.630101777328,20577.5,4650.278580828329,20634.466666666667,3769.375713570662,440,0.6162464985994398,0,0,0,0,19385.5,18973.0
2013-09-15,17287,8,63,8.21,,63.0,7,1,9,3,258,0,0,0,0,0,0,78.0,56.0,85.0,109.28571428571428,75.67191087344142,74.43333333333334,6,15,37,258,2013,-0.7818314824680299,0.6234898018587334,-1.0,-1.8369701987210297e-16,-0.9634705485641486,-0.26781430516217486,18846.0,36618.0,26609.0,19685.0,20493.0,16651.0,23280.0,23784.428571428572,8294.826215923998,21278.571428571428,6522.961027894301,20598.7,4633.179217936387,20636.7,3767.3171378248726,441,0.6176470588235294,0,0,0,0,20089.0,19987.5
2013-09-16,20382,4,51,9.14,,51.0,1,0,9,3,259,0,0,0,0,0,0,63.0,41.0,95.0,110.28571428571428,74.89262154514775,74.3,0,16,38,259,2013,0.0,1.0,-1.0,-1.8369701987210297e-16,-0.9679377830240642,-0.25119006388481957,17287.0,18846.0,36618.0,16831.0,23388.0,21825.0,23433.0,24291.714285714286,7897.782720786958,21063.85714285714,6497.608954982397,20550.6,4627.496080215972,20652.483333333334,3764.1796751531397,442,0.6190476190476191,0,0,0,0,20109.5,17339.5
2013-09-17,16844,8,42,15.82,,42.0,2,0,9,3,260,0,0,0,0,0,0,51.0,34.0,38.0,111.71428571428572,73.43186021910424,72.73333333333333,1,17,38,260,2013,0.7818314824680298,0.6234898018587336,-1.0,-1.8369701987210297e-16,-0.9721181966290612,-0.23449138957041052,20382.0,17287.0,18846.0,17357.0,18720.0,20530.0,22817.0,24218.428571428572,7974.860727250774,20929.85714285714,6568.620811299483,20427.733333333334,4676.734241734984,20532.7,3769.1952937877477,443,0.6204481792717087,0,0,0,0,18038.5,18518.5
2013-09-18,19174,7,39,8.09,,39.0,3,0,9,3,261,0,0,0,0,0,0,42.0,156.0,34.0,112.85714285714286,72.07040208811677,72.0,2,18,38,261,2013,0.9749279121818236,-0.22252093395631434,-1.0,-1.8369701987210297e-16,-0.9760105506323682,-0.21772323039653224,16844.0,20382.0,17287.0,32943.0,16815.0,17560.0,22020.0,22251.428571428572,7116.119163728218,21098.35714285714,6484.666086025714,20481.533333333333,4651.824156350882,20462.016666666666,3753.962428550876,444,0.6218487394957983,0,0,0,0,24879.0,27355.0
2013-09-19,15811,12,42,9.0,,42.0,4,0,9,3,262,0,0,0,0,0,0,39.0,172.0,38.0,96.14285714285714,73.94013022130012,71.46666666666667,3,19,38,262,2013,0.43388373911755823,-0.900968867902419,-1.0,-1.8369701987210297e-16,-0.9796136916454901,-0.20089055513063528,19174.0,16844.0,20382.0,26609.0,14481.0,15996.0,20609.0,20708.85714285714,7184.113455594651,21193.35714285714,6389.306000680276,20475.366666666665,4658.093819722154,20369.0,3799.3972804795103,445,0.623249299719888,0,0,0,0,20545.0,22632.0
2013-09-20,19010,11,66,13.73,,66.0,5,0,9,3,263,0,0,0,0,0,0,42.0,228.0,49.0,77.57142857142857,67.78116046723949,71.26666666666667,4,20,38,263,2013,-0.433883739117558,-0.9009688679024191,-1.0,-1.8369701987210297e-16,-0.9829265519799822,-0.18399835165767986,15811.0,19174.0,16844.0,36618.0,21124.0,19831.0,21634.0,18193.428571428572,1589.6823432308113,21042.35714285714,6415.995811037603,20448.0,4664.417493291583,20408.516666666666,3772.177469860629,446,0.6246498599439776,0,0,0,0,28871.0,29966.0
2013-09-21,23716,11,83,14.36,,83.0,6,1,9,3,264,0,0,0,0,0,0,66.0,78.0,76.0,54.42857142857143,14.84202527573854,71.46666666666667,5,21,38,264,2013,-0.9749279121818236,-0.2225209339563146,-1.0,-1.8369701987210297e-16,-0.9859481499638303,-0.1670516255021195,19010.0,15811.0,19174.0,18846.0,17196.0,18023.0,21052.0,18889.14285714286,2640.939127694798,21508.071428571428,6351.63501015267,20637.766666666666,4678.14354339882,20442.933333333334,3793.06829810961,447,0.6260504201680672,0,0,0,0,18021.0,20210.5
2013-09-22,16004,8,62,12.64,,62.0,7,1,9,3,265,0,0,0,0,0,0,83.0,63.0,56.0,55.142857142857146,16.22167861667851,72.33333333333333,6,22,38,265,2013,-0.7818314824680299,0.6234898018587334,-1.0,-1.8369701987210297e-16,-0.9886775902323404,-0.15005539834465262,23716.0,19010.0,15811.0,17287.0,19685.0,21924.0,19864.0,18705.85714285714,2809.7861382774345,21245.14285714286,6507.190388120825,20440.433333333334,4746.377810814148,20342.516666666666,3829.9404141564064,448,0.6274509803921569,0,0,0,0,18486.0,18890.0
2013-09-23,17996,7,38,13.03,,38.0,1,0,9,3,266,0,0,0,0,0,0,62.0,51.0,41.0,55.0,16.145174717748155,72.33333333333333,0,23,39,266,2013,0.0,1.0,-1.0,-1.8369701987210297e-16,-0.9911140639934546,-0.13301470653419636,16004.0,23716.0,19010.0,20382.0,16831.0,20750.0,18728.0,18365.0,2715.7118772062067,21328.35714285714,6453.62852745097,20348.633333333335,4766.7728292574975,20309.016666666666,3841.706305627801,449,0.6288515406162465,0,0,0,0,18606.5,21885.0
2013-09-24,17701,5,39,7.04,,39.0,2,0,9,3,267,0,0,0,0,0,0,38.0,42.0,34.0,53.142857142857146,17.38225696343268,70.43333333333334,1,24,39,267,2013,0.7818314824680298,0.6234898018587336,-1.0,-1.8369701987210297e-16,-0.9932568492674143,-0.11593459959550066,17996.0,16004.0,23716.0,16844.0,17357.0,20290.0,20058.0,18487.428571428572,2654.338577821818,21352.928571428572,6437.9808404652085,20262.333333333332,4791.244409180787,20233.6,3847.846411537174,450,0.6302521008403361,0,0,0,0,17100.5,17782.0
2013-09-25,16059,10,41,13.12,,41.0,3,0,9,3,268,0,0,0,0,0,0,39.0,39.0,156.0,52.71428571428572,17.73616160761328,69.23333333333333,2,25,39,268,2013,0.9749279121818236,-0.22252093395631434,-1.0,-1.8369701987210297e-16,-0.9951053111006974,-0.09882013873287211,17701.0,17996.0,16004.0,19174.0,32943.0,17848.0,18209.0,18042.428571428572,2778.2725362557812,20146.928571428572,5630.634510826009,20202.7,4833.278990855865,20049.583333333332,3777.268106564572,451,0.6316526610644257,0,0,0,0,26058.5,17994.5
2013-09-26,16572,15,45,9.71,,45.0,4,0,9,3,269,0,0,0,0,0,0,41.0,42.0,172.0,53.0,17.49285568453438,68.86666666666666,3,26,39,269,2013,0.43388373911755823,-0.900968867902419,-1.0,-1.8369701987210297e-16,-0.99665890175417,-0.08167639533042288,16059.0,17701.0,17996.0,15811.0,26609.0,19680.0,17724.0,18151.14285714286,2689.8867651859737,19430.0,5377.86431730887,20099.1,4877.972185737431,19960.65,3795.5433983795924,452,0.6330532212885154,0,0,0,0,21210.0,15146.0
2013-09-27,17219,4,59,11.9,,59.0,5,0,9,3,270,0,0,0,0,0,0,45.0,66.0,228.0,53.42857142857143,17.212951934100705,68.8,4,27,39,270,2013,-0.433883739117558,-0.9009688679024191,-1.0,-1.8369701987210297e-16,-0.9979171608653922,-0.06450844944931625,16572.0,16059.0,17701.0,19010.0,36618.0,21767.0,21739.0,17895.285714285714,2679.7375315679856,18044.35714285714,2122.4008759000744,19947.5,4894.991724483204,19877.533333333333,3800.141337543985,453,0.634453781512605,0,0,0,0,27814.0,20067.0
2013-09-28,20747,12,91,7.68,,91.0,6,1,9,3,271,0,0,0,0,0,0,59.0,83.0,78.0,52.42857142857143,16.55150690880826,69.2,5,28,39,271,2013,-0.9749279121818236,-0.2225209339563146,-1.0,-1.8369701987210297e-16,-0.9988797155850335,-0.04732138832243232,17219.0,16572.0,16059.0,23716.0,18846.0,18655.0,19610.0,17471.14285714286,1636.9809028175318,18180.14285714286,2235.433699346783,20017.233333333334,4890.8434409995425,19913.5,3797.9508636515716,454,0.6358543417366946,0,0,0,0,21281.0,20456.0
2013-09-29,18037,10,58,11.96,,58.0,7,1,9,3,272,0,0,0,0,0,0,91.0,62.0,63.0,53.57142857142857,19.09500059227532,70.43333333333334,6,29,39,272,2013,-0.7818314824680299,0.6234898018587334,-1.0,-1.8369701987210297e-16,-0.9995462806873573,-0.03012030484690836,20747.0,17219.0,16572.0,16004.0,17287.0,23314.0,25882.0,17761.571428571428,1508.6132547408524,18233.714285714286,2221.325606602704,19841.333333333332,4863.000941899969,19939.116666666665,3779.6764998852964,455,0.6372549019607843,0,0,0,0,16645.5,17844.5
2013-09-30,17919,5,31,9.56,,31.0,1,0,9,3,273,0,0,0,0,0,0,58.0,38.0,51.0,53.0,18.85912687975277,70.16666666666667,0,30,40,273,2013,0.0,1.0,-1.0,-1.8369701987210297e-16,-0.9999166586547379,-0.012910296075008843,18037.0,20747.0,17219.0,17996.0,20382.0,21575.0,24303.0,17750.571428571428,1506.8987863754444,18057.785714285714,2133.9082663063127,19719.466666666667,4863.866730063288,19853.866666666665,3766.3492797634954,456,0.6386554621848739,0,0,0,0,19189.0,17413.5
2013-10-01,15779,5,31,10.55,,31.0,2,0,10,4,274,0,0,0,0,0,0,31.0,39.0,42.0,52.0,19.94158134819336,67.66666666666667,1,1,40,274,2013,0.7818314824680298,0.6234898018587336,-0.8660254037844386,0.5000000000000001,-0.9999907397361901,0.004303538296243821,17919.0,18037.0,20747.0,17701.0,16844.0,20493.0,18729.0,17476.0,1682.3284459340346,17981.714285714286,2198.5119243065546,19562.333333333332,4913.903514226434,19791.8,3802.73791107655,457,0.6400560224089635,0,0,0,0,17272.5,17529.0
2013-10-02,14183,8,38,8.11,,38.0,3,0,10,4,275,0,0,0,0,0,0,31.0,41.0,39.0,50.85714285714285,21.01133480948168,65.86666666666666,2,2,40,275,2013,0.9749279121818236,-0.22252093395631434,-0.8660254037844386,0.5000000000000001,-0.9997685019798909,0.021516097436222233,15779.0,17919.0,18037.0,16059.0,19174.0,23388.0,22639.0,17208.0,2054.0434107710935,17625.214285714286,2386.8921595493416,19255.5,4954.009471612672,19618.633333333335,3817.8609769801583,458,0.6414565826330533,0,0,0,0,17616.5,24501.0
2013-10-03,21327,8,48,13.68,,48.0,4,0,10,4,276,0,0,0,0,0,0,38.0,45.0,42.0,50.42857142857143,21.274845419391266,63.96666666666667,3,3,40,276,2013,0.43388373911755823,-0.900968867902419,-0.8660254037844386,0.5000000000000001,-0.9992500112396835,0.03872228089217399,14183.0,15779.0,17919.0,16572.0,15811.0,18720.0,20121.0,17887.285714285714,2537.9199957368132,18019.214285714286,2516.145470252456,19342.4,4967.139915276347,19611.366666666665,3814.123450255009,459,0.6428571428571429,0,0,0,0,16191.5,21590.5
2013-10-04,17309,10,64,11.44,,64.0,5,0,10,4,277,0,0,0,0,0,0,48.0,59.0,66.0,50.85714285714285,21.17725644355605,64.3,4,4,40,277,2013,-0.433883739117558,-0.9009688679024191,-0.8660254037844386,0.5000000000000001,-0.9984354211555643,0.05591699010060302,21327.0,14183.0,15779.0,17219.0,19010.0,16815.0,20193.0,17900.14285714286,2534.1954297546426,17897.714285714286,2505.66927735325,19358.866666666665,4959.284985541421,19586.233333333334,3824.4013528060177,460,0.6442577030812325,0,0,0,0,18114.5,26918.5
2013-10-05,22613,11,106,12.66,,106.0,6,1,10,4,278,0,0,0,0,0,0,64.0,91.0,83.0,51.57142857142857,21.57820770172986,65.3,5,5,40,278,2013,-0.9749279121818236,-0.2225209339563146,-0.8660254037844386,0.5000000000000001,-0.9973249731081555,0.07309512989807776,17309.0,21327.0,14183.0,20747.0,23716.0,14481.0,27049.0,18166.714285714286,2947.933836564308,17818.928571428572,2319.043087279487,19629.933333333334,4905.423479440295,19678.916666666668,3829.32543199506,461,0.6456582633053222,0,0,0,0,22231.5,19796.5
2013-10-06,20243,7,69,11.14,,69.0,7,1,10,4,279,0,0,0,0,0,0,106.0,58.0,62.0,53.71428571428572,26.36104629760945,67.56666666666666,6,6,40,279,2013,-0.7818314824680299,0.6234898018587334,-0.8660254037844386,0.5000000000000001,-0.9959189961471792,0.0902516100310407,22613.0,17309.0,21327.0,18037.0,16004.0,21124.0,49367.0,18481.85714285714,3047.972409573728,18121.714285714286,2340.482180056977,19600.566666666666,4898.803335110771,19745.45,3803.348744911987,462,0.6470588235294118,0,0,0,0,17020.5,17662.0
2013-10-07,18895,7,39,11.11,,39.0,1,0,10,4,280,0,0,0,0,0,0,69.0,31.0,38.0,55.285714285714285,26.979710189412888,68.23333333333333,0,7,41,280,2013,0.0,1.0,-0.8660254037844386,0.5000000000000001,-0.994217906893952,0.10738134666416306,20243.0,22613.0,17309.0,17919.0,17996.0,17196.0,38587.0,18621.285714285714,3040.247013773844,18185.928571428572,2349.0845504736835,19657.2,4879.830454940618,19747.1,3802.9513191195438,463,0.6484593837535014,0,0,0,0,17957.5,19150.5
2013-10-08,17989,3,42,9.9,,42.0,2,0,10,4,281,0,0,0,0,0,0,39.0,31.0,39.0,56.42857142857143,25.92847304192174,67.0,1,8,41,281,2013,0.7818314824680298,0.6234898018587336,-0.8660254037844386,0.5000000000000001,-0.9922222094179324,0.12447926388678869,18895.0,20243.0,22613.0,15779.0,17701.0,19685.0,26393.0,18937.0,2801.2521009955917,18206.5,2345.7699654417634,19600.666666666668,4889.312238026939,19738.5,3806.389701452269,464,0.6498599439775911,0,0,0,0,16740.0,16311.5
2013-10-09,17804,7,45,11.76,,45.0,3,0,10,4,282,0,0,0,0,0,0,42.0,38.0,41.0,58.0,24.41993720985544,66.53333333333333,2,9,41,282,2013,0.9749279121818236,-0.22252093395631434,-0.8660254037844386,0.5000000000000001,-0.989932495087353,0.141540295217043,17989.0,18895.0,20243.0,14183.0,16059.0,16831.0,20959.0,19454.285714285714,1995.501667441249,18331.14285714286,2267.9544445682277,19633.1,4873.507731639017,19676.516666666666,3807.1184106798823,465,0.6512605042016807,0,0,0,0,15121.0,16678.5
2013-10-10,17829,8,54,12.93,,54.0,4,0,10,4,283,0,0,0,0,0,0,45.0,48.0,45.0,59.0,23.59378449224744,66.66666666666667,3,10,41,283,2013,0.43388373911755823,-0.900968867902419,-0.8660254037844386,0.5000000000000001,-0.9873494423939864,0.15855938510313475,17804.0,17989.0,18895.0,21327.0,16572.0,17357.0,18132.0,18954.571428571428,1883.2001006389369,18420.928571428572,2217.2701325410835,19648.833333333332,4866.66341186323,19610.433333333334,3804.1512711490814,466,0.6526610644257703,0,0,0,0,18949.5,18569.0
2013-10-11,21198,14,71,14.32,,71.0,5,0,10,4,284,0,0,0,0,0,1,54.0,64.0,59.0,59.85714285714285,23.233801320693807,67.33333333333333,4,11,41,284,2013,-0.433883739117558,-0.9009688679024191,-0.8660254037844386,0.5000000000000001,-0.9844738167520923,0.17553149042142777,17829.0,17804.0,17989.0,17309.0,17219.0,32943.0,19649.0,19510.14285714286,1890.463120381541,18705.14285714286,2304.649709980605,19257.333333333332,4185.009589519274,19651.766666666666,3807.7616333611318,467,0.65406162464986,0,0,0,0,17264.0,18159.5
2013-10-12,45346,25,400,14.69,,396.4900000000001,6,1,10,4,285,0,0,0,0,1,1,71.0,106.0,91.0,60.85714285714285,23.58974757126791,64.5,5,12,41,285,2013,-0.9749279121818236,-0.2225209339563146,-0.8660254037844386,0.5000000000000001,-0.9813064702716093,0.19245158197082995,21198.0,17829.0,17804.0,22613.0,20747.0,26609.0,23299.0,22757.714285714286,10045.56166862233,20462.214285714286,7500.729309961667,19881.9,6222.273319737543,20010.016666666666,5025.870955777133,468,0.6554621848739496,0,0,0,0,21680.0,23164.5
2013-10-13,35057,20,312,10.94,,312.0,7,1,10,4,286,0,0,0,0,1,1,396.4900000000001,69.0,58.0,102.3557142857143,130.31722473220773,71.98299999999999,6,13,41,286,2013,-0.7818314824680299,0.6234898018587334,-0.8660254037844386,0.5000000000000001,-0.9778483415056567,0.20931464596304888,45346.0,21198.0,17829.0,20243.0,18037.0,36618.0,32821.0,24874.0,10947.433793664419,21677.928571428572,8402.503614667761,19829.866666666665,6082.448649007776,20215.966666666667,5378.762578904727,469,0.6568627450980392,0,0,0,0,19140.0,18123.5
2013-10-14,28245,18,182,11.2,,182.0,1,0,10,4,287,0,0,0,0,1,1,312.0,39.0,31.0,137.07000000000002,150.7194003217015,74.78299999999999,0,14,42,287,2013,0.0,1.0,-0.8660254037844386,0.5000000000000001,-0.9741004551724206,0.22611568550828803,35057.0,45346.0,21198.0,18895.0,17919.0,18846.0,18949.0,26209.714285714286,10663.052341524652,22415.5,8499.808104168682,20143.166666666668,6269.221571231616,20360.333333333332,5476.836200614495,470,0.6582633053221288,0,0,0,0,18407.0,18445.5
2013-10-15,18024,4,42,13.24,,42.0,2,0,10,4,288,0,0,0,0,0,1,182.0,42.0,31.0,157.49857142857147,144.7858879436081,78.24966666666666,1,15,42,288,2013,0.7818314824680298,0.6234898018587336,-0.8660254037844386,0.5000000000000001,-0.970063921851507,0.2428497220959358,28245.0,35057.0,45346.0,17989.0,15779.0,17287.0,14021.0,26214.714285714286,10658.562375140516,22575.85714285714,8385.379812113812,20167.733333333334,6259.079220225438,20383.216666666667,5463.928294724121,471,0.6596638655462185,0,0,0,0,16884.0,17845.0
2013-10-16,18809,6,45,11.9,,45.0,3,0,10,4,289,0,0,0,0,0,0,42.0,45.0,38.0,157.49857142857147,144.7858879436081,77.54966666666665,2,16,42,289,2013,0.9749279121818236,-0.22252093395631434,-0.8660254037844386,0.5000000000000001,-0.965739937654855,0.25951179706979943,18024.0,28245.0,35057.0,17804.0,14183.0,20382.0,20496.0,26358.285714285714,10532.409596325098,22906.285714285714,8116.035072416985,20115.3,6263.809230756533,20332.95,5464.312642819261,472,0.6610644257703081,0,0,0,0,15993.5,16931.5
2013-10-17,20986,9,41,11.34,,41.0,4,0,10,4,290,0,0,0,0,0,0,45.0,54.0,48.0,157.49857142857147,144.7858879436081,77.34966666666666,3,17,42,290,2013,0.43388373911755823,-0.900968867902419,-0.8660254037844386,0.5000000000000001,-0.9611297838723007,0.27609697309746883,18809.0,18024.0,28245.0,17829.0,21327.0,16844.0,16147.0,26809.285714285714,10167.586106746005,22881.928571428572,8121.649022252723,20253.366666666665,6234.798669333823,20340.55,5464.908433258341,473,0.6624649859943977,0,0,0,0,19578.0,17200.5
2013-10-18,23233,11,56,9.76,,56.0,5,0,10,4,291,0,0,0,0,0,0,41.0,71.0,64.0,155.6414285714286,146.4089820136924,77.31633333333333,4,18,42,291,2013,-0.433883739117558,-0.9009688679024191,-0.8660254037844386,0.5000000000000001,-0.9562348265919058,0.2926003356333479,20986.0,18809.0,18024.0,21198.0,17309.0,19174.0,22139.0,27100.0,10008.251029359019,23305.071428571428,7961.708344553669,20388.666666666668,6254.578236743115,20435.1,5465.06106374927,474,0.6638655462184874,0,0,0,0,19253.5,19208.5
2013-10-19,26960,14,85,10.38,,85.0,6,1,10,4,292,0,0,0,0,0,0,56.0,396.4900000000001,106.0,153.49857142857147,147.95587184794562,77.883,5,19,42,292,2013,-0.9749279121818236,-0.2225209339563146,-0.8660254037844386,0.5000000000000001,-0.9510565162951536,0.30901699437494723,23233.0,20986.0,18809.0,45346.0,22613.0,15811.0,23193.0,24473.428571428572,6052.56796346642,23615.571428571428,8017.213180826143,20760.3,6304.23166118849,20617.833333333332,5497.321190983475,475,0.665266106442577,0,0,0,0,33979.5,33046.5
2013-10-20,16240,8,64,10.02,,64.0,7,1,10,4,293,0,0,0,0,0,0,85.0,312.0,69.0,109.0,102.5768004960184,79.31633333333333,6,20,42,293,2013,-0.7818314824680299,0.6234898018587334,-0.8660254037844386,0.5000000000000001,-0.9455963874271428,0.3253420847119795,26960.0,23233.0,20986.0,35057.0,20243.0,19010.0,25768.0,21785.285714285714,4564.282554585579,23329.64285714286,8215.67187764325,20667.966666666667,6350.863549662923,20557.983333333334,5525.508294715662,476,0.6666666666666666,0,0,0,0,27650.0,26547.0
2013-10-21,17058,5,32,13.46,,32.0,1,0,10,4,294,0,0,0,0,0,0,64.0,182.0,39.0,73.57142857142857,50.26880126830486,79.24966666666666,0,21,43,294,2013,0.0,1.0,-0.8660254037844386,0.5000000000000001,-0.9398560579418953,0.341570769167856,16240.0,26960.0,23233.0,28245.0,18895.0,23716.0,27035.0,20187.14285714286,3823.9802313195587,23198.428571428572,8306.118428041982,20446.033333333333,6357.00614572473,20541.9,5534.409305672259,477,0.6680672268907563,0,0,0,0,23570.0,23082.0
2013-10-22,16086,5,34,7.72,,34.0,2,0,10,4,295,0,0,0,0,0,0,32.0,42.0,42.0,52.142857142857146,17.883219056128087,77.54966666666665,1,22,43,295,2013,0.7818314824680298,0.6234898018587336,-0.8660254037844386,0.5000000000000001,-0.9338372288229252,0.35769823883312546,17058.0,16240.0,26960.0,18024.0,17989.0,16004.0,22795.0,19910.285714285714,4069.000397898015,23062.5,8412.813786581251,20448.766666666666,6355.04766353074,20444.6,5560.9539213388625,478,0.6694677871148459,0,0,0,0,18006.5,16901.5
2013-10-23,19568,7,43,8.9,,43.0,3,0,10,4,296,0,0,0,0,0,0,34.0,45.0,45.0,51.0,18.867962264111576,76.61633333333333,2,23,43,296,2013,0.9749279121818236,-0.22252093395631434,-0.8660254037844386,0.5000000000000001,-0.9275416835791965,0.3737197147904692,16086.0,17058.0,16240.0,18809.0,17804.0,17996.0,20847.0,20018.714285714286,4044.803609335589,23188.5,8340.900659262858,20501.166666666668,6340.590656067971,20424.9,5561.947249854975,479,0.6708683473389355,0,0,0,0,18306.5,16496.0
2013-10-24,21657,15,45,9.57,,45.0,4,0,10,4,297,0,0,0,0,0,0,43.0,41.0,54.0,50.71428571428572,18.98871845521353,76.78299999999999,3,24,43,297,2013,0.43388373911755823,-0.900968867902419,-0.8660254037844386,0.5000000000000001,-0.9209712877166347,0.38963044953078774,19568.0,16086.0,17058.0,20986.0,17829.0,17701.0,22449.0,20114.571428571428,4079.3511680633633,23461.928571428572,8213.46304236836,20633.033333333333,6321.454871191134,20447.683333333334,5564.184657074425,480,0.6722689075630253,0,0,0,0,19407.5,21156.5
2013-10-25,25420,15,72,15.28,,72.0,5,0,10,4,298,0,0,0,0,0,0,45.0,56.0,71.0,51.285714285714285,18.7057414155307,76.98299999999999,4,25,43,298,2013,-0.433883739117558,-0.9009688679024191,-0.8660254037844386,0.5000000000000001,-0.9141279881853337,0.4054257283599973,21657.0,19568.0,16086.0,23233.0,21198.0,16059.0,27938.0,20427.0,4426.931405236098,23763.5,8201.44505794319,20945.066666666666,6318.924187862549,20573.883333333335,5590.031830635131,481,0.6736694677871149,0,0,0,0,22215.5,20271.0
2013-10-26,28210,8,92,10.2,,92.0,6,1,10,4,299,0,0,0,0,0,0,72.0,85.0,396.4900000000001,53.57142857142857,20.28839687158616,78.01633333333332,5,26,43,299,2013,-0.9749279121818236,-0.2225209339563146,-0.8660254037844386,0.5000000000000001,-0.9070138128026362,0.42110087079608916,25420.0,21657.0,19568.0,26960.0,45346.0,16572.0,24977.0,20605.571428571428,4747.948955676891,22539.5,5598.218847922081,21333.0,6397.941640979514,20716.05,5674.739544310605,482,0.6750700280112045,0,0,0,0,36153.0,24786.5
2013-10-27,17558,6,66,10.53,,66.0,7,1,10,4,300,0,0,0,0,0,0,92.0,64.0,312.0,54.57142857142857,22.179999570611376,79.583,6,27,43,300,2013,-0.7818314824680299,0.6234898018587334,-0.8660254037844386,0.5000000000000001,-0.8996308696522434,0.4366512319560638,28210.0,25420.0,21657.0,16240.0,35057.0,17219.0,32001.0,20793.85714285714,4568.723980448241,21289.571428571428,4417.410844762785,21344.3,6390.720261333696,20645.9,5687.528710897903,483,0.6764705882352942,0,0,0,0,25648.5,18241.5
2013-10-28,20271,7,46,11.11,,46.0,1,0,10,4,301,0,0,0,0,0,0,66.0,32.0,182.0,54.85714285714285,22.33404405407726,79.81633333333333,0,28,44,301,2013,0.0,1.0,-0.8660254037844386,0.5000000000000001,-0.8919813464595487,0.45207220393230374,17558.0,28210.0,25420.0,17058.0,28245.0,20747.0,25932.0,21252.85714285714,4283.328473222995,20720.0,3939.8699705211952,21328.433333333334,6392.844899510368,20672.833333333332,5681.764363015769,484,0.6778711484593838,0,0,0,0,22651.5,17976.5
2013-10-29,21019,5,46,7.76,,46.0,2,0,10,4,302,0,0,0,0,0,0,46.0,34.0,42.0,56.85714285714285,20.497386592997607,78.31633333333333,1,29,44,302,2013,0.7818314824680298,0.6234898018587336,-0.8660254037844386,0.5000000000000001,-0.8840675099433637,0.46735921715800205,20271.0,17558.0,28210.0,16086.0,18024.0,18037.0,21144.0,21957.571428571428,3650.6469224481307,20933.928571428572,3862.7784831503614,21427.833333333332,6363.016298858627,20634.583333333332,5671.398082772595,485,0.6792717086834734,0,0,0,0,17055.0,17037.5
2013-10-30,20218,7,40,7.2,,40.0,3,0,10,4,303,0,0,0,0,0,0,46.0,43.0,45.0,58.57142857142857,18.689187095367625,77.91633333333333,2,30,44,303,2013,0.9749279121818236,-0.22252093395631434,-0.8660254037844386,0.5000000000000001,-0.8758917051442433,0.48250774176121763,21019.0,20271.0,17558.0,19568.0,18809.0,17919.0,25462.0,22050.428571428572,3587.4558699789854,21034.571428571428,3821.2882989556747,21504.466666666667,6333.07388857585,20611.966666666667,5670.289927620692,486,0.680672268907563,0,0,0,0,19188.5,18686.0
2013-10-31,22810,11,31,7.3,,31.0,4,0,10,4,304,0,0,0,0,0,0,40.0,45.0,41.0,58.142857142857146,19.13485973668996,78.21633333333332,3,31,44,304,2013,0.43388373911755823,-0.900968867902419,-0.8660254037844386,0.5000000000000001,-0.8674563547295971,0.4975132889071803,20218.0,21019.0,20271.0,21657.0,20986.0,15779.0,25042.0,22215.14285714286,3592.8467092529204,21164.85714285714,3850.48769852376,21738.833333333332,6243.34828980543,20650.583333333332,5677.351385606633,487,0.6820728291316527,0,0,0,0,21321.5,19743.0
2013-11-01,22336,12,53,11.08,,53.0,5,0,11,4,305,0,0,0,0,0,0,31.0,72.0,56.0,56.142857142857146,21.34188816567389,78.21633333333332,4,1,44,305,2013,-0.433883739117558,-0.9009688679024191,-0.5000000000000004,0.8660254037844384,-0.858763958275803,0.5123714121284235,22810.0,20218.0,21019.0,25420.0,23233.0,14183.0,20905.0,21774.571428571428,3312.5030745716545,21100.785714285714,3820.775297452817,22010.6,6078.375506662967,20633.05,5670.37430512037,488,0.6834733893557423,0,0,0,0,24326.5,23309.0
2013-11-02,29731,13,84,13.09,,84.0,6,1,11,4,306,0,0,0,0,0,0,53.0,92.0,85.0,53.42857142857143,20.16479723723963,78.71633333333332,5,2,44,306,2013,-0.9749279121818236,-0.2225209339563146,-0.5000000000000004,0.8660254037844384,-0.8498170915275277,0.5270777086423724,22336.0,22810.0,20218.0,28210.0,26960.0,21327.0,17758.0,21991.85714285714,3816.5338300858193,21298.714285714286,4200.549019584624,22290.733333333334,6237.361958576648,20816.566666666666,5784.444031900725,489,0.6848739495798319,0,0,0,0,27585.0,36778.0
2013-11-03,25045,14,74,14.97,,74.0,7,1,11,4,307,0,0,0,0,0,0,84.0,66.0,64.0,52.285714285714285,17.689114220466237,79.91633333333333,6,3,44,307,2013,-0.7818314824680299,0.6234898018587334,-0.5000000000000004,0.8660254037844384,-0.8406184056344783,0.5416278206559811,29731.0,22336.0,22810.0,17558.0,16240.0,17309.0,32850.0,23061.428571428572,3392.4006670370454,21927.64285714286,4041.0043231305394,22548.6,6183.987395713633,20953.733333333334,5785.525485902073,490,0.6862745098039216,0,0,0,0,16899.0,26307.5
2013-11-04,24041,5,35,8.29,,35.0,1,0,11,4,308,0,0,0,0,0,0,74.0,46.0,32.0,53.42857142857143,18.937239704322987,80.24966666666666,0,4,45,308,2013,0.0,1.0,-0.5000000000000004,0.8660254037844384,-0.8311706263658079,0.5560174366570446,25045.0,29731.0,22336.0,20271.0,17058.0,22613.0,25815.0,23600.0,3167.358205192323,22426.428571428572,3818.5392236033217,22596.2,6189.993150238557,21113.066666666666,5735.671485128009,491,0.6876750700280112,0,0,0,0,18664.5,24258.0
2013-11-05,20196,10,42,9.23,,42.0,2,0,11,4,309,0,0,0,0,0,0,35.0,46.0,34.0,51.85714285714285,20.078417695196897,77.883,1,5,45,309,2013,0.7818314824680298,0.6234898018587336,-0.5000000000000004,0.8660254037844384,-0.8214765533024145,0.5702422926917867,24041.0,25045.0,29731.0,21019.0,16086.0,20243.0,27991.0,23482.428571428572,3291.955895671561,22720.0,3432.013784264839,22594.633333333335,6190.615191330075,21097.6,5736.8925835554965,492,0.6890756302521008,0,0,0,0,18552.5,19521.5
2013-11-06,23953,11,40,10.93,,40.0,3,0,11,4,310,0,0,0,0,0,0,42.0,40.0,43.0,51.285714285714285,20.32825853923631,76.98299999999999,2,6,45,310,2013,0.9749279121818236,-0.22252093395631434,-0.5000000000000004,0.8660254037844384,-0.8115390590073611,0.5842981736283683,20196.0,24041.0,25045.0,20218.0,19568.0,18895.0,24281.0,24016.0,2960.6839299953126,23033.214285714286,3320.5083294479628,22763.233333333334,6155.157275131923,21210.216666666667,5725.314187490503,493,0.6904761904761905,0,0,0,0,19893.0,19513.5
2013-11-07,25378,11,40,13.16,,40.0,4,0,11,4,311,0,0,0,0,0,0,40.0,31.0,45.0,51.285714285714285,20.32825853923631,77.01633333333332,3,7,45,311,2013,0.43388373911755823,-0.900968867902419,-0.5000000000000004,0.8660254037844384,-0.801361088174677,0.5981809144059158,23953.0,20196.0,24041.0,22810.0,21657.0,17989.0,22465.0,24382.85714285714,2945.4036185537716,23299.0,3350.661794562037,23009.533333333333,6105.160794478472,21305.1,5746.742764089061,494,0.6918767507002801,0,0,0,0,22233.5,21898.0
2013-11-08,26193,9,71,8.03,,71.0,5,0,11,4,312,0,0,0,0,0,1,40.0,53.0,72.0,52.57142857142857,19.07753602938073,76.94966666666666,4,8,45,312,2013,-0.433883739117558,-0.9009688679024191,-0.5000000000000004,0.8660254037844384,-0.7909456567567774,0.6118864012687242,25378.0,23953.0,20196.0,22336.0,25420.0,17804.0,25771.0,24933.85714285714,2858.1521086516163,23354.214285714286,3394.385209511242,23289.166666666668,6050.385283162788,21461.133333333335,5750.300364937944,495,0.6932773109243697,0,0,0,0,23878.0,22784.5
2013-11-09,46102,35,410,9.93,,396.4900000000001,6,1,11,4,313,0,0,0,0,1,1,71.0,84.0,92.0,55.142857142857146,20.317714532138304,77.81633333333333,5,9,45,313,2013,-0.9749279121818236,-0.2225209339563146,-0.5000000000000004,0.8660254037844384,-0.780295851070776,0.6254105729852457,26193.0,25378.0,23953.0,29731.0,28210.0,17829.0,32106.0,27272.571428571428,8522.566140491193,24632.214285714286,6910.42237580939,24231.6,7252.999919652758,21940.216666666667,6545.08283821063,496,0.6946778711484594,0,0,0,0,28970.5,28345.5
2013-11-10,57767,37,314,15.01,,314.0,7,1,11,4,314,0,0,0,0,1,1,396.4900000000001,74.0,66.0,99.78428571428572,131.790233813327,89.23266666666667,6,10,45,314,2013,-0.7818314824680299,0.6234898018587334,-0.5000000000000004,0.8660254037844384,-0.7694148268839381,0.6387494220515268,46102.0,26193.0,25378.0,25045.0,17558.0,21198.0,53732.0,31947.14285714286,14187.973632958423,27504.285714285714,10930.506297152342,25450.566666666666,9462.117134543209,22353.95,7897.301726335357,497,0.696078431372549,0,0,0,0,21301.5,20642.5
2013-11-11,39739,20,283,14.01,,283.0,1,0,11,4,315,0,0,0,0,1,1,314.0,35.0,46.0,134.07000000000002,153.40956391307546,97.33266666666668,0,11,46,315,2013,0.0,1.0,-0.5000000000000004,0.8660254037844384,-0.7583058084785625,0.6518989958787125,57767.0,46102.0,26193.0,24041.0,20271.0,45346.0,46619.0,34189.71428571428,13968.975334818286,28894.85714285714,11175.122610631008,25263.666666666668,9104.188635603052,22572.783333333333,8193.565406518928,498,0.6974789915966386,0,0,0,0,22156.0,20549.5
2013-11-12,27361,8,45,12.98,,45.0,2,0,11,4,316,0,0,0,0,0,1,283.0,42.0,46.0,169.49857142857147,155.34153774061542,93.54966666666664,1,12,46,316,2013,0.7818314824680298,0.6234898018587336,-0.5000000000000004,0.8660254037844384,-0.7469720876965551,0.6648553979642866,39739.0,57767.0,46102.0,20196.0,21019.0,35057.0,49588.0,35213.28571428572,13001.711691341325,29347.85714285714,10957.731431818684,25007.133333333335,8925.392717075427,22418.5,8009.704957641968,499,0.6988795518207283,0,0,0,0,20607.5,18141.0
2013-11-13,23350,6,42,8.52,,42.0,3,0,11,4,317,0,0,0,0,0,0,45.0,40.0,40.0,169.92714285714288,154.93476204672788,84.64966666666666,2,13,46,317,2013,0.9749279121818236,-0.22252093395631434,-0.5000000000000004,0.8660254037844384,-0.7354170229639858,0.6776147890466887,27361.0,39739.0,57767.0,23953.0,20218.0,28245.0,24748.0,35127.142857142855,13090.44569432952,29571.571428571428,10787.648711618012,24843.966666666667,8908.887520948934,22493.566666666666,7996.751324209267,500,0.7002801120448179,0,0,0,0,22085.5,21760.5
2013-11-14,23226,8,49,14.61,,49.0,4,0,11,4,318,0,0,0,0,0,0,42.0,40.0,31.0,170.2128571428572,154.65682598517768,79.98299999999999,3,14,46,318,2013,0.43388373911755823,-0.900968867902419,-0.5000000000000004,0.8660254037844384,-0.7236440382959124,0.690173388242972,23350.0,27361.0,39739.0,25378.0,22810.0,18024.0,22983.0,34819.71428571428,13379.639005024077,29601.285714285714,10768.146790265366,25017.366666666665,8821.76750013493,22592.55,7967.916739458871,501,0.7016806722689075,0,0,0,0,24094.0,23517.5
2013-11-15,19370,13,62,13.61,,62.0,5,0,11,4,319,0,0,0,0,0,0,49.0,71.0,53.0,171.49857142857147,153.42642106544878,80.21633333333332,4,15,46,319,2013,-0.433883739117558,-0.9009688679024191,-0.5000000000000004,0.8660254037844384,-0.711656622281775,0.7025274741691566,23226.0,23350.0,27361.0,26193.0,22336.0,18809.0,23143.0,33845.0,14327.77859032352,29389.428571428572,10949.728733656299,25036.066666666666,8808.738443211925,22575.683333333334,7973.74437379957,502,0.7030812324929971,0,0,0,0,24264.5,25806.5
2013-11-16,28363,9,115,9.85,,115.0,6,1,11,4,320,0,0,0,0,0,0,62.0,396.4900000000001,84.0,170.2128571428572,154.44330294256702,80.78299999999999,5,16,46,320,2013,-0.9749279121818236,-0.2225209339563146,-0.5000000000000004,0.8660254037844384,-0.6994583270516471,0.7146733860429608,19370.0,23226.0,23350.0,46102.0,29731.0,20986.0,28003.0,31310.85714285714,13332.770097627503,29291.714285714286,10952.549695626303,25281.966666666667,8794.735409885005,22767.666666666668,7972.074932817867,503,0.7044817927170869,0,0,0,0,37916.5,37156.0
2013-11-17,32998,11,86,11.56,,86.0,7,1,11,4,321,0,0,0,0,0,0,115.0,314.0,74.0,130.0,118.07060034854842,83.24966666666666,6,17,46,321,2013,-0.7818314824680299,0.6234898018587334,-0.5000000000000004,0.8660254037844384,-0.6870527672236675,0.7266075247685652,28363.0,19370.0,23226.0,57767.0,25045.0,23233.0,42168.0,27772.428571428572,6853.857426227006,29859.785714285714,10921.547447264795,25607.466666666667,8896.404069112397,22998.066666666666,8065.667956759706,504,0.7058823529411765,0,0,0,0,41406.0,37662.5
2013-11-18,26276,5,49,9.66,,49.0,1,0,11,4,322,0,0,0,0,0,0,86.0,283.0,35.0,97.42857142857144,85.92410826393453,84.24966666666666,0,18,47,322,2013,0.0,1.0,-0.5000000000000004,0.8660254037844384,-0.6744436188329457,0.7383263540031063,32998.0,28363.0,19370.0,39739.0,24041.0,26960.0,32571.0,25849.14285714286,4377.964535739166,30019.428571428572,10846.023849349509,25584.666666666668,8893.694299831239,23172.483333333334,8020.6414057130905,505,0.7072829131652661,0,0,0,0,31890.0,30005.0
2013-11-19,23147,8,42,17.19,,42.0,2,0,11,4,323,0,0,0,0,0,0,49.0,45.0,42.0,64.0,27.03084657695003,83.04966666666665,1,19,47,323,2013,0.7818314824680298,0.6234898018587336,-0.5000000000000004,0.8660254037844384,-0.661634618242279,0.749826401204568,26276.0,32998.0,28363.0,27361.0,20196.0,16240.0,29324.0,25247.14285714286,4424.900692993741,30230.214285714286,10667.634480618788,25814.9,8731.36508800314,23241.433333333334,8002.01220534329,506,0.7086834733893558,0,0,0,0,23778.5,24190.0
2013-11-20,22661,9,43,13.44,,43.0,3,0,11,4,324,0,0,0,0,0,0,42.0,42.0,40.0,63.57142857142857,27.403510376452232,82.31633333333333,2,20,47,324,2013,0.9749279121818236,-0.22252093395631434,-0.5000000000000004,0.8660254037844384,-0.6486295610349818,0.7611042586607742,23147.0,26276.0,32998.0,23350.0,23953.0,17058.0,32554.0,25148.714285714286,4481.436589394214,30137.928571428572,10731.513202241755,26001.666666666668,8596.476196006466,23223.85,8002.110844031667,507,0.7100840336134454,0,0,0,0,23651.5,21784.0
2013-11-21,26975,12,51,11.47,,51.0,4,0,11,4,325,0,0,0,0,0,0,43.0,49.0,40.0,63.71428571428572,27.27461753910962,82.68299999999999,3,21,47,325,2013,0.43388373911755823,-0.900968867902419,-0.5000000000000004,0.8660254037844384,-0.6354323008901775,0.7721565844991641,22661.0,23147.0,26276.0,23226.0,25378.0,16086.0,29887.0,25684.285714285714,4437.158915127405,30252.0,10685.413882772758,26364.633333333335,8390.793959734245,23406.7,7959.5713032928525,508,0.711484593837535,0,0,0,0,24302.0,23018.0
2013-11-22,25143,12,67,13.28,,67.0,5,0,11,4,326,0,0,0,0,0,0,51.0,62.0,71.0,64.0,27.1047351336738,83.24966666666666,4,22,47,326,2013,-0.433883739117558,-0.9009688679024191,-0.5000000000000004,0.8660254037844384,-0.622046748440868,0.7829801036770624,26975.0,22661.0,23147.0,19370.0,26193.0,19568.0,27355.0,26509.0,3506.945156875531,30177.0,10719.725018000108,26550.466666666667,8296.279634553832,23525.816666666666,7930.65227080315,509,0.7128851540616247,0,0,0,0,22781.5,20853.0
2013-11-23,53389,17,141,16.96,,141.0,6,1,11,4,327,0,0,0,0,0,0,67.0,115.0,396.4900000000001,64.71428571428571,27.109126911516476,84.04966666666665,5,23,47,327,2013,-0.9749279121818236,-0.2225209339563146,-0.5000000000000004,0.8660254037844384,-0.6084768701151264,0.7935716089521472,25143.0,26975.0,22661.0,28363.0,46102.0,21657.0,83973.0,30084.14285714286,10827.569324469368,30697.5,11685.826370502748,27608.2,9575.140727875525,24120.616666666665,8779.283674287753,510,0.7142857142857143,0,0,0,0,37232.5,29047.0
2013-11-24,36169,22,98,13.09,,98.0,7,1,11,4,328,0,0,0,0,0,0,141.0,86.0,314.0,68.42857142857143,35.59895664602631,87.24966666666666,6,24,47,328,2013,-0.7818314824680299,0.6234898018587334,-0.5000000000000004,0.8660254037844384,-0.594726686960764,0.8039279618328208,53389.0,25143.0,26975.0,32998.0,57767.0,25420.0,36725.0,30537.14285714286,11034.159119579075,29154.785714285714,8940.491005089538,27966.5,9690.848846312116,24455.783333333333,8849.884768169957,511,0.7156862745098039,0,0,0,0,45382.5,29021.5
2013-11-25,33380,9,54,15.44,,54.0,1,0,11,4,329,0,0,0,0,0,0,98.0,49.0,283.0,70.14285714285714,36.85298979923887,88.11633333333333,0,25,48,329,2013,0.0,1.0,-0.5000000000000004,0.8660254037844384,-0.5808002734538013,0.8140460935082175,36169.0,53389.0,25143.0,26276.0,39739.0,28210.0,36341.0,31552.0,10902.83570147386,28700.571428571428,8512.70284940082,28138.833333333332,9741.167026605683,24735.916666666668,8862.113501011025,512,0.7170868347338936,0,0,0,0,33007.5,25158.5
2013-11-26,29156,8,53,14.69,,53.0,2,0,11,4,330,0,0,0,0,0,0,54.0,42.0,45.0,70.85714285714286,36.4208208374844,86.84966666666666,1,26,48,330,2013,0.7818314824680298,0.6234898018587336,-0.5000000000000004,0.8660254037844384,-0.5667017562911184,0.8239230057575536,33380.0,36169.0,53389.0,23147.0,27361.0,17558.0,35272.0,32410.428571428572,10353.497410008238,28828.785714285714,8504.48861736296,28525.433333333334,9534.721527074109,24934.866666666665,8824.411941739445,513,0.7184873949579832,0,0,0,0,25254.0,21671.5
2013-11-27,34569,13,108,25.16,,108.0,3,0,11,4,331,0,0,0,0,0,0,53.0,43.0,42.0,72.42857142857143,35.18454747403083,86.41633333333333,2,27,48,331,2013,0.9749279121818236,-0.22252093395631434,-0.5000000000000004,0.8660254037844384,-0.5524353131676203,0.8335557718385695,29156.0,33380.0,36169.0,22661.0,23350.0,20271.0,26540.0,34111.57142857143,9420.901546687594,29630.14285714286,8477.04950355448,29002.033333333333,9464.982876948028,25165.233333333334,8893.378503070115,514,0.7198879551820728,0,0,0,0,23005.5,23307.0
2013-11-28,40939,23,242,20.53,,242.0,4,0,11,4,332,0,0,0,0,0,0,108.0,51.0,49.0,81.71428571428571,34.697330760516934,88.48299999999999,3,28,48,332,2013,0.43388373911755823,-0.900968867902419,-0.5000000000000004,0.8660254037844384,-0.5380051715382992,0.8429415373547832,34569.0,29156.0,33380.0,26975.0,23226.0,21019.0,30778.0,36106.42857142857,9131.87877451189,30895.35714285714,8764.663542685623,29666.033333333333,9583.61856101276,25546.933333333334,9071.931943192722,515,0.7212885154061625,0,0,0,0,25100.5,26176.5
2013-11-29,70131,51,504,22.69,,396.4900000000001,5,0,11,4,333,1,0,0,0,0,0,242.0,67.0,62.0,109.0,66.78323142825575,95.01633333333332,4,29,48,333,2013,-0.433883739117558,-0.9009688679024191,-0.5000000000000004,0.8660254037844384,-0.5234156073655503,0.8520775211013093,40939.0,34569.0,29156.0,25143.0,19370.0,20218.0,33402.0,42533.28571428572,14426.194378216844,34521.142857142855,13071.414954055195,31329.8,11931.747284826526,26417.133333333335,10688.03842171024,516,0.7226890756302521,1,0,0,1,22256.5,25668.0
2013-11-30,39557,10,163,25.59,,163.0,6,1,11,4,334,0,0,0,0,0,0,396.4900000000001,141.0,115.0,156.07000000000002,123.9202739667727,106.89933333333332,5,30,48,334,2013,-0.9749279121818236,-0.2225209339563146,-0.5000000000000004,0.8660254037844384,-0.5086709438521042,0.8609610158889945,70131.0,40939.0,34569.0,53389.0,28363.0,22810.0,40241.0,40557.28571428572,13615.984585702761,35320.71428571428,13007.959950197146,31888.033333333333,11911.13981483323,26813.433333333334,10727.660072103254,517,0.7240896358543417,0,0,0,0,40876.0,49745.5
2013-12-01,33430,14,116,18.94,,116.0,7,1,12,4,335,0,0,0,0,0,0,163.0,98.0,86.0,159.2128571428572,123.75323762960517,111.29933333333337,6,1,48,335,2013,-0.7818314824680299,0.6234898018587334,-2.4492935982947064e-16,1.0,-0.49377555015997737,0.8695893893466109,39557.0,70131.0,40939.0,36169.0,32998.0,22336.0,39802.0,40166.0,13801.20547874955,35351.57142857143,13002.537490305962,32257.833333333332,11775.80227615622,27134.216666666667,10630.907720051915,518,0.7254901960784313,0,0,0,0,34583.5,46968.0
2013-12-02,36579,9,55,14.79,,55.0,1,0,12,4,336,0,0,0,0,0,0,116.0,54.0,49.0,161.78428571428574,122.4494687421636,113.39933333333336,0,2,49,336,2013,0.0,1.0,-2.4492935982947064e-16,1.0,-0.4787338401157883,0.8779600847008883,33430.0,39557.0,70131.0,33380.0,26276.0,29731.0,35586.0,40623.0,13590.40388166101,36087.5,12738.240632955392,32486.1,11791.493840462063,27388.416666666668,10671.964575849732,519,0.726890756302521,0,0,0,0,29828.0,36559.5
2013-12-03,33098,7,42,17.33,,42.0,2,0,12,4,337,0,0,0,0,0,0,55.0,53.0,42.0,161.92714285714288,122.30325898005688,112.43266666666668,1,3,49,337,2013,0.7818314824680298,0.6234898018587336,-2.4492935982947064e-16,1.0,-0.4635502709028512,0.8860706215341378,36579.0,33430.0,39557.0,29156.0,23147.0,25045.0,32195.0,41186.142857142855,13109.208550081266,36798.28571428572,12228.037168287063,32754.533333333333,11707.620921296571,27651.566666666666,10613.717277801723,520,0.7282913165266106,0,0,0,0,26151.5,28258.5
2013-12-04,31584,6,62,16.78,,62.0,3,0,12,4,338,0,0,0,0,0,0,42.0,108.0,43.0,160.35571428571433,123.99504988199368,111.366,2,4,49,338,2013,0.9749279121818236,-0.22252093395631434,-2.4492935982947064e-16,1.0,-0.4482293417404106,0.893918596519257,33098.0,36579.0,33430.0,34569.0,22661.0,24041.0,29759.0,40759.71428571428,13405.532262394327,37435.642857142855,11653.531650944247,33005.96666666667,11594.486152339014,27801.083333333332,10604.719317666857,521,0.7296918767507002,0,0,0,0,28615.0,28959.5
2013-12-05,33472,10,55,19.76,,55.0,4,0,12,4,339,0,0,0,0,0,0,62.0,242.0,51.0,153.78428571428574,128.3738514206512,112.26600000000002,3,5,49,339,2013,0.43388373911755823,-0.900968867902419,-2.4492935982947064e-16,1.0,-0.4327755925504317,0.9015016841318838,31584.0,33098.0,36579.0,40939.0,26975.0,20196.0,33779.0,39693.0,13683.099380866402,37899.71428571428,11329.78627966371,33448.5,11339.248338373662,28021.566666666666,10582.41436577868,522,0.7310924369747899,0,0,0,0,33957.0,32082.5
2013-12-06,36670,13,77,13.52,,77.0,5,0,12,4,340,0,0,0,0,0,0,55.0,396.4900000000001,67.0,127.07000000000002,126.3987248089684,112.69933333333334,4,6,49,340,2013,-0.433883739117558,-0.9009688679024191,-2.4492935982947064e-16,1.0,-0.41719360261231697,0.9088176373395028,33472.0,31584.0,33098.0,70131.0,25143.0,23953.0,37177.0,34912.857142857145,2771.328708313688,38723.07142857143,10734.632460938168,33872.4,11208.987833353882,28317.816666666666,10571.385643492804,523,0.7324929971988795,0,0,0,0,47637.0,44750.5
2013-12-07,40680,18,118,16.42,,118.0,6,1,12,4,341,0,0,0,0,0,0,77.0,163.0,141.0,81.42857142857143,43.20052909728849,113.93266666666668,5,7,49,341,2013,-0.9749279121818236,-0.2225209339563146,-2.4492935982947064e-16,1.0,-0.4014879892059737,0.9158642882672868,36670.0,33472.0,31584.0,39557.0,53389.0,25378.0,33137.0,35073.28571428572,3098.2061860741896,37815.28571428572,9904.246963403468,34382.46666666667,11157.160041359324,28696.0,10601.451160660215,524,0.7338935574229691,0,0,0,0,46473.0,33960.0
2013-12-08,29778,12,112,17.44,,112.0,7,1,12,4,342,0,0,0,0,0,0,118.0,116.0,98.0,75.0,30.528675044946706,116.53266666666669,6,8,49,342,2013,-0.7818314824680299,0.6234898018587334,-2.4492935982947064e-16,1.0,-0.38566340624360745,0.9226395488404875,40680.0,36670.0,33472.0,33430.0,36169.0,26193.0,37466.0,34551.57142857143,3674.8617142754397,37358.78571428572,10130.66030332266,34501.96666666667,11085.389152123727,28895.566666666666,10505.205073655032,525,0.7352941176470589,0,0,0,0,34799.5,33214.0
2013-12-09,27520,7,58,15.79,,58.0,1,0,12,4,343,0,0,0,0,0,0,112.0,55.0,54.0,74.42857142857143,29.65837230225218,117.89933333333336,0,9,50,343,2013,0.0,1.0,-2.4492935982947064e-16,1.0,-0.3697245428906732,0.9291414114031743,29778.0,40680.0,36670.0,36579.0,33380.0,46102.0,40191.0,33257.42857142857,4371.0513936253465,36940.21428571428,10424.496875360197,33882.566666666666,10932.97309686533,29057.083333333332,10406.206355908516,526,0.7366946778711485,0,0,0,0,34979.5,31427.5
2013-12-10,34139,8,61,20.81,,61.0,2,0,12,4,344,0,0,0,0,0,0,58.0,42.0,53.0,74.85714285714286,29.350914644626364,106.61633333333334,1,10,50,344,2013,0.7818314824680298,0.6234898018587336,-2.4492935982947064e-16,1.0,-0.3536761221763721,0.935367949313148,27520.0,29778.0,40680.0,33098.0,29156.0,57767.0,35685.0,33406.142857142855,4382.417157557795,37296.142857142855,10221.361394024361,33094.96666666667,9960.884379388195,29272.766666666666,10374.617199989938,527,0.7380952380952381,0,0,0,0,31127.0,28122.5
2013-12-11,34852,8,70,17.5,,70.0,3,0,12,4,345,0,0,0,0,0,0,61.0,62.0,108.0,77.57142857142857,26.55093936101573,98.183,2,11,50,345,2013,0.9749279121818236,-0.22252093395631434,-2.4492935982947064e-16,1.0,-0.33752289959411347,0.941317317512847,34139.0,27520.0,29778.0,31584.0,34569.0,39739.0,44138.0,33873.0,4329.705340243507,37316.357142857145,10215.831526885768,32932.066666666666,9888.176858329787,29097.866666666665,10185.79257704565,528,0.7394957983193278,0,0,0,0,33076.5,27122.5
2013-12-12,30359,15,76,14.46,,76.0,4,0,12,4,346,0,0,0,0,0,0,70.0,55.0,242.0,78.71428571428571,25.93398211943901,91.083,3,12,50,346,2013,0.43388373911755823,-0.900968867902419,-2.4492935982947064e-16,1.0,-0.32126966169236515,0.9469877530760751,34852.0,34139.0,27520.0,33472.0,40939.0,27361.0,39141.0,33428.28571428572,4532.863139131276,36560.642857142855,10318.04841122983,33032.0,9844.9873364658,29019.566666666666,10157.224354551787,529,0.7408963585434174,0,0,0,0,37205.5,30223.5
2013-12-13,36455,11,91,16.05,,91.0,5,0,12,4,347,0,0,0,0,0,0,76.0,77.0,396.4900000000001,81.71428571428571,23.865695643986243,92.11633333333334,4,13,50,347,2013,-0.433883739117558,-0.9009688679024191,-2.4492935982947064e-16,1.0,-0.3049212246562894,0.9523775757303973,30359.0,34852.0,34139.0,36670.0,70131.0,23350.0,36820.0,33397.57142857143,4507.896289000088,34155.21428571428,3679.931733868593,33468.833333333336,9690.095544468024,29156.4,10201.81564299016,530,0.742296918767507,0,0,0,0,53400.5,30906.5
2013-12-14,39862,22,192,29.26,,192.0,6,1,12,4,348,0,0,0,0,0,0,91.0,118.0,163.0,83.71428571428571,23.991069767131798,93.74966666666668,5,14,50,348,2013,-0.9749279121818236,-0.2225209339563146,-2.4492935982947064e-16,1.0,-0.2884824328806098,0.9574851883550389,36455.0,30359.0,34852.0,40680.0,39557.0,23226.0,37511.0,33280.71428571428,4293.139011426066,34177.0,3715.105734078595,34023.36666666667,9558.841956564307,29520.366666666665,10187.460504183226,531,0.7436974789915967,0,0,0,0,40118.5,47034.5
2013-12-15,36867,8,141,25.25,,141.0,7,1,12,4,349,0,0,0,0,0,0,192.0,112.0,116.0,94.28571428571428,46.942213716136045,98.51633333333334,6,15,50,349,2013,-0.7818314824680299,0.6234898018587334,-2.4492935982947064e-16,1.0,-0.27195815753410524,0.9623090774541487,39862.0,36455.0,30359.0,29778.0,33430.0,19370.0,37334.0,34293.42857142857,4163.323226187719,34422.5,3775.0236423099436,34606.6,9159.379193689521,29821.333333333332,10132.24549654514,532,0.7450980392156863,0,0,0,0,31604.0,32973.5
2013-12-16,36291,10,87,20.86,,87.0,1,0,12,4,350,0,0,0,0,0,0,141.0,58.0,55.0,98.42857142857144,49.94949830531179,101.14966666666668,0,16,51,350,2013,0.0,1.0,-2.4492935982947064e-16,1.0,-0.2553532951161881,0.9668478136052773,36867.0,39862.0,36455.0,27520.0,36579.0,28363.0,36065.0,35546.42857142857,2918.9169142647465,34401.92857142857,3763.134136988219,34870.86666666667,9087.111269429239,30076.416666666668,10098.641417758263,533,0.7464985994397759,0,0,0,0,32049.5,30450.0
2013-12-17,34024,8,87,17.9,,87.0,2,0,12,4,351,0,0,0,0,0,0,87.0,61.0,42.0,102.57142857142856,47.16233363909892,100.21633333333334,1,17,51,351,2013,0.7818314824680298,0.6234898018587336,-2.4492935982947064e-16,1.0,-0.23867276600594997,0.9711000518829505,36291.0,36867.0,39862.0,34139.0,33098.0,32998.0,34267.0,35530.0,2928.4666067187013,34468.07142857143,3746.55403649149,34905.066666666666,9081.748673076068,30256.266666666666,10070.750777167437,534,0.7478991596638656,0,0,0,0,33618.5,31647.5
2013-12-18,39117,10,117,19.86,,117.0,3,0,12,4,352,0,0,0,0,0,0,87.0,70.0,62.0,106.28571428571428,44.27834039992237,100.24966666666668,2,18,51,352,2013,0.9749279121818236,-0.22252093395631434,-2.4492935982947064e-16,1.0,-0.22192151300416674,0.9750645322571945,34024.0,36291.0,36867.0,34852.0,31584.0,26276.0,37227.0,36139.28571428572,3195.407679482406,35006.142857142855,3840.252893458098,35333.1,8962.854041869778,30458.883333333335,10125.454802242673,535,0.7492997198879552,0,0,0,0,33218.0,34710.5
2013-12-19,30997,15,105,19.51,,105.0,4,0,12,4,353,0,0,0,0,0,0,117.0,76.0,55.0,113.0,41.323923660110495,102.51633333333334,3,19,51,353,2013,0.43388373911755823,-0.900968867902419,-2.4492935982947064e-16,1.0,-0.20510449986861926,0.9787400799669153,39117.0,34024.0,36291.0,30359.0,33472.0,23147.0,36159.0,36230.42857142857,3006.5770047870365,34829.357142857145,3971.0504056451914,35594.76666666667,8705.718436487688,30704.833333333332,9951.959780027055,536,0.7507002801120448,0,0,0,0,31915.5,35649.0
2013-12-20,37047,9,147,19.94,,147.0,5,0,12,4,354,0,0,0,0,0,0,105.0,91.0,77.0,117.14285714285714,38.34244198199734,104.61633333333334,4,20,51,354,2013,-0.433883739117558,-0.9009688679024191,-2.4492935982947064e-16,1.0,-0.1882267098432439,0.9821256058680006,30997.0,39117.0,34024.0,36455.0,36670.0,22661.0,44492.0,36315.0,3022.232122124293,34856.28571428572,3985.7434289374037,36074.3,8357.991357233237,31037.983333333334,9821.091439728756,537,0.7521008403361344,0,0,0,0,36562.5,53293.0
2013-12-21,33946,15,213,24.86,,213.0,6,1,12,4,355,0,0,0,0,0,0,147.0,192.0,118.0,125.14285714285714,37.81722963336734,108.083,5,21,51,355,2013,-0.9749279121818236,-0.2225209339563146,-2.4492935982947064e-16,1.0,-0.1712931441814778,0.9852201067560606,37047.0,30997.0,39117.0,39862.0,40680.0,26975.0,42318.0,35469.857142857145,2671.9034681022886,34375.28571428572,3618.2643188851903,36306.666666666664,8191.537135585569,31335.65,9629.012318579473,538,0.7535014005602241,0,0,0,0,40271.0,39709.5
2013-12-22,44193,14,222,22.92,,222.0,7,1,12,4,356,0,0,0,0,0,0,213.0,141.0,112.0,128.14285714285714,44.28479261713708,113.483,6,22,51,356,2013,-0.7818314824680299,0.6234898018587334,-2.4492935982947064e-16,1.0,-0.154308820664281,0.9880226656636976,33946.0,37047.0,30997.0,36867.0,29778.0,25143.0,55069.0,36516.42857142857,4268.2634976901545,35404.92857142857,4211.742311941318,36941.666666666664,8033.136521173738,31746.066666666666,9643.722967477115,539,0.7549019607843137,0,0,0,0,33322.5,35148.5
2013-12-23,37183,6,198,20.29,,198.0,1,0,12,4,357,0,0,0,0,0,0,222.0,87.0,58.0,139.71428571428572,56.9699168734817,118.64966666666668,0,23,52,357,2013,0.0,1.0,-2.4492935982947064e-16,1.0,-0.13727877211326517,0.9905324521322227,44193.0,33946.0,37047.0,36291.0,27520.0,53389.0,49609.0,36643.857142857145,4273.723451845832,36095.142857142855,3561.8054163829324,36401.46666666667,7409.677212632245,32004.833333333332,9576.485621202939,540,0.7563025210084033,0,0,0,0,31905.5,36435.0
2013-12-24,27769,8,98,22.92,,98.0,2,0,12,4,358,0,0,0,0,0,0,198.0,87.0,61.0,155.57142857142858,55.27463897924354,120.54966666666668,1,24,52,358,2013,0.7818314824680298,0.6234898018587336,-2.4492935982947064e-16,1.0,-0.12020804489935275,0.9927487224577402,37183.0,44193.0,33946.0,34024.0,34139.0,36169.0,35507.0,35750.28571428572,5414.462445287479,35640.142857142855,4183.518593740777,36121.46666666667,7575.6179114465085,32043.983333333334,9553.884492604142,541,0.757703081232493,0,1,0,1,34081.5,33561.0
2013-12-25,0,0,0,0.0,,0.0,3,0,12,4,359,0,0,0,0,0,0,98.0,117.0,70.0,157.14285714285714,53.11443172192331,120.54966666666668,2,25,52,359,2013,0.9749279121818236,-0.22252093395631434,-2.4492935982947064e-16,1.0,-0.10310169744743544,0.9946708199115211,27769.0,37183.0,44193.0,39117.0,34852.0,33380.0,0.0,30162.14285714286,14283.178922874875,33150.71428571428,10415.81936973065,35008.8,10042.004053320032,31573.816666666666,10402.232373661387,542,0.7591036414565826,0,1,0,1,36984.5,35350.5
2013-12-26,44383,15,198,17.97,,198.0,4,0,12,4,360,0,0,0,0,0,0,0.0,105.0,76.0,140.42857142857142,79.63846880927395,118.74966666666668,3,26,52,360,2013,0.43388373911755823,-0.900968867902419,-2.4492935982947064e-16,1.0,-0.0859647987374467,0.9962981749346077,0.0,27769.0,37183.0,30997.0,30359.0,29156.0,34214.0,32074.428571428572,15275.214868724897,34152.42857142857,10794.16987733,35516.36666666667,10120.489897108273,32020.9,10366.02903016563,543,0.7605042016806722,0,1,0,1,30678.0,32234.5
2013-12-27,31473,14,129,20.94,,129.0,5,0,12,4,361,0,0,0,0,0,0,198.0,147.0,91.0,153.71428571428572,80.49578516028913,123.583,4,27,52,361,2013,-0.433883739117558,-0.9009688679024191,-2.4492935982947064e-16,1.0,-0.06880242680232064,0.9976303053065857,44383.0,0.0,27769.0,37047.0,36455.0,34569.0,35652.0,31278.14285714286,15117.26324910885,33796.57142857143,10794.542657603062,35413.166666666664,10146.235857435604,32207.6,10251.058270627276,544,0.7619047619047619,0,1,0,1,36751.0,36858.5
2013-12-28,33082,10,169,18.1,,169.0,6,1,12,4,362,0,0,0,0,0,0,129.0,213.0,192.0,151.14285714285714,81.03173981313032,124.283,5,28,52,362,2013,-0.9749279121818236,-0.2225209339563146,-2.4492935982947064e-16,1.0,-0.05161966722325418,0.9986668162884759,31473.0,44383.0,0.0,33946.0,39862.0,40939.0,36700.0,31154.714285714286,15095.361790014456,33312.28571428572,10652.647546889026,35151.26666666667,10099.980737207046,32408.65,10145.65289196494,545,0.7633053221288515,0,1,0,1,36904.0,37313.0
2013-12-29,30948,10,135,23.09,,135.0,7,1,12,4,363,0,0,0,0,0,0,169.0,222.0,141.0,144.85714285714286,77.0420417076039,121.84966666666668,6,29,52,363,2013,-0.7818314824680299,0.6234898018587334,-2.4492935982947064e-16,1.0,-0.034421611622745804,0.9994074007397048,33082.0,31473.0,44383.0,44193.0,36867.0,70131.0,37808.0,29262.571428571428,13977.387033552235,32889.5,10618.116164584679,33845.166666666664,7659.088597455812,32587.483333333334,10020.931274581533,546,0.7647058823529411,0,1,0,1,40530.0,36985.5
2013-12-30,29853,9,161,16.38,,161.0,1,0,12,4,364,0,0,0,0,0,0,135.0,198.0,87.0,132.42857142857142,69.13478898224126,113.13333333333334,0,30,1,364,2013,0.0,1.0,-2.4492935982947064e-16,1.0,-0.01721335615583528,0.9998518392091162,30948.0,33082.0,31473.0,37183.0,36291.0,39557.0,34815.0,28215.428571428572,13553.252682869677,32429.64285714286,10598.86296954781,33521.7,7614.326198595658,32704.866666666665,9945.424159417924,547,0.7661064425770309,0,1,0,1,36737.0,32351.5
2013-12-31,27408,9,126,18.01,,126.0,2,0,12,4,365,0,0,0,0,0,0,161.0,98.0,87.0,127.14285714285714,64.54824699770063,113.06666666666666,1,31,1,365,2013,0.7818314824680298,0.6234898018587336,-2.4492935982947064e-16,1.0,6.432490598706546e-16,1.0,29853.0,30948.0,33082.0,27769.0,34024.0,33430.0,40956.0,28163.85714285714,13555.921060906323,31957.071428571428,10669.565058284526,33320.96666666667,7695.769198109715,32789.4,9877.118642840382,548,0.7675070028011205,0,1,0,1,30896.5,30954.0
2014-01-01,24426,6,74,20.72,,74.0,3,0,1,1,1,0,0,0,0,0,0,126.0,0.0,117.0,131.14285714285714,63.296731277974935,113.4,2,1,1,1,2014,0.9749279121818236,-0.22252093395631434,0.49999999999999994,0.8660254037844387,0.017213356155834685,0.9998518392091162,27408.0,29853.0,30948.0,0.0,39117.0,36579.0,29304.0,31653.285714285714,6299.65500945052,30907.714285714286,10633.587551705177,32915.86666666667,7836.923027141002,32700.983333333334,9928.570729391535,549,0.7689075630252101,0,0,1,1,19558.5,17426.0
2014-01-02,27345,11,82,18.46,,82.0,4,0,1,1,2,0,0,0,0,0,0,74.0,198.0,105.0,141.71428571428572,39.41959870298971,114.03333333333332,3,2,1,2,2014,0.43388373911755823,-0.900968867902419,0.49999999999999994,0.8660254037844387,0.03442161162274574,0.9994074007397048,24426.0,27408.0,29853.0,44383.0,30997.0,33098.0,31604.0,29219.285714285714,2976.550784285124,30646.85714285714,10675.938819154444,32724.1,7902.425779249767,32739.316666666666,9902.917561004726,550,0.7703081232492998,0,0,0,0,37690.0,37371.0
2014-01-03,29828,9,84,13.54,,84.0,5,0,1,1,3,0,0,0,0,0,0,82.0,129.0,147.0,125.14285714285714,36.05287122837098,115.36666666666666,4,3,1,3,2014,-0.433883739117558,-0.9009688679024191,0.49999999999999994,0.8660254037844387,0.051619667223253764,0.998666816288476,27345.0,24426.0,27408.0,31473.0,37047.0,31584.0,27187.0,28984.285714285714,2830.307916952098,30131.214285714286,10516.17793379153,32665.566666666666,7917.650394609751,32835.76666666667,9844.774655238618,551,0.7717086834733894,0,0,0,0,34260.0,33964.0
2014-01-04,30434,10,103,21.63,,103.0,6,1,1,1,4,0,0,0,0,0,0,84.0,169.0,213.0,118.71428571428572,39.131037492482456,116.1,5,4,1,4,2014,-0.9749279121818236,-0.2225209339563146,0.49999999999999994,0.8660254037844387,0.06880242680231986,0.9976303053065857,29828.0,27345.0,24426.0,33082.0,33946.0,33472.0,31037.0,28606.0,2322.8059898894885,29880.35714285714,10459.916374185032,32564.3,7926.403611805354,33006.4,9709.78322856705,552,0.773109243697479,0,0,0,0,33514.0,36472.0
2014-01-05,25003,9,64,19.34,,64.0,7,1,1,1,5,0,0,0,0,0,0,103.0,135.0,222.0,109.28571428571428,32.36105831455551,117.7,6,5,1,5,2014,-0.7818314824680299,0.6234898018587334,0.49999999999999994,0.8660254037844387,0.08596479873744647,0.9962981749346078,30434.0,29828.0,27345.0,30948.0,44193.0,36670.0,29755.0,27756.714285714286,2409.018037450474,28509.64285714286,9667.395310703174,32175.4,8003.8515323389,33023.9,9694.123255083206,553,0.7745098039215687,0,0,0,0,37570.5,33907.5
2014-01-06,23490,5,45,22.58,,45.0,1,0,1,1,6,0,0,0,0,0,0,64.0,161.0,198.0,99.14285714285714,34.04129145331423,117.26666666666668,0,6,2,6,2014,0.0,1.0,0.49999999999999994,0.8660254037844387,0.10310169744743485,0.9946708199115211,25003.0,30434.0,29828.0,29853.0,37183.0,40680.0,30546.0,26847.714285714286,2672.286082133001,27531.571428571428,9411.686170470608,31602.4,7989.315328655474,32992.433333333334,9722.38511639051,554,0.7759103641456583,0,0,0,0,33518.0,33072.0
2014-01-07,23457,6,44,19.7,,44.0,2,0,1,1,7,0,0,0,0,0,0,45.0,126.0,98.0,82.57142857142857,26.254251356412052,114.83333333333331,1,7,2,7,2014,0.7818314824680298,0.6234898018587336,0.49999999999999994,0.8660254037844387,0.1202080448993527,0.9927487224577402,23490.0,25003.0,30434.0,27408.0,27769.0,29778.0,27229.0,26283.285714285714,2938.243336546813,27223.571428571428,9473.670149941323,31391.7,8121.348822701787,32946.833333333336,9761.155289304652,555,0.7773109243697479,0,0,0,0,27588.5,30716.0
2014-01-08,25222,8,45,20.01,,45.0,3,0,1,1,8,0,0,0,0,0,0,44.0,74.0,0.0,70.85714285714286,21.513008246395163,112.56666666666666,2,8,2,8,2014,0.9749279121818236,-0.22252093395631434,0.49999999999999994,0.8660254037844387,0.13727877211326478,0.9905324521322229,23457.0,23490.0,25003.0,24426.0,0.0,27520.0,27821.0,26397.0,2868.9703147063947,29025.14285714286,5436.343169350529,31315.1,8169.818308662159,32598.833333333332,9655.838141199281,556,0.7787114845938375,0,0,0,0,12213.0,31771.5
2014-01-09,23404,8,48,17.97,,48.0,4,0,1,1,9,0,0,0,0,0,0,45.0,82.0,198.0,66.71428571428571,23.506837910943457,112.13333333333334,3,9,2,9,2014,0.43388373911755823,-0.900968867902419,0.49999999999999994,0.8660254037844387,0.15430882066428117,0.9880226656636976,25222.0,23457.0,23490.0,27345.0,44383.0,34139.0,21255.0,25834.0,3033.8783210053957,27526.64285714286,3379.760929349821,30957.266666666666,8276.268015915392,32026.116666666665,9143.215958890134,557,0.7801120448179272,0,0,0,0,35864.0,29171.0
2014-01-10,25015,10,59,16.75,,59.0,5,0,1,1,10,0,0,0,0,0,0,48.0,84.0,129.0,61.85714285714285,23.334013595524613,111.7,4,10,2,10,2014,-0.433883739117558,-0.9009688679024191,0.49999999999999994,0.8660254037844387,0.1712931441814776,0.9852201067560606,23404.0,25222.0,23457.0,29828.0,31473.0,34852.0,26235.0,25146.428571428572,2471.030477158767,27065.35714285714,3237.4232775497726,30629.366666666665,8311.433315467979,31780.716666666667,9130.280598082229,558,0.7815126050420168,0,0,0,0,30650.5,33437.5
2014-01-11,20923,14,86,16.99,,86.0,6,1,1,1,11,0,0,0,0,0,0,59.0,103.0,169.0,58.285714285714285,21.19523756031128,111.33333333333331,5,11,2,11,2014,-0.9749279121818236,-0.2225209339563146,0.49999999999999994,0.8660254037844387,0.1882267098432442,0.9821256058680006,25015.0,23404.0,25222.0,30434.0,33082.0,30359.0,25403.0,23787.714285714286,1505.1110384603282,26196.85714285714,3128.286477564585,30314.833333333332,8498.45890322974,31673.416666666668,9220.4863309577,559,0.7829131652661064,0,0,0,0,31758.0,32190.0
2014-01-12,21525,10,69,19.85,,69.0,7,1,1,1,12,0,0,0,0,0,0,86.0,64.0,135.0,55.85714285714285,15.399443403668537,111.66666666666669,6,12,2,12,2014,-0.7818314824680299,0.6234898018587334,0.49999999999999994,0.8660254037844387,0.2051044998686192,0.9787400799669153,20923.0,25015.0,23404.0,25003.0,30948.0,36455.0,28962.0,23290.85714285714,1607.640240494446,25523.785714285714,3039.8738632375466,29817.166666666668,8563.393760385083,31643.0,9251.367565420138,560,0.7843137254901961,0,0,0,0,27975.5,34598.0
2014-01-13,23103,4,40,14.53,,40.0,1,0,1,1,13,0,0,0,0,0,0,69.0,45.0,161.0,56.57142857142857,15.946338585570295,110.93333333333334,0,13,3,13,2014,0.0,1.0,0.49999999999999994,0.8660254037844387,0.2219215130041655,0.9750645322571948,21525.0,20923.0,25015.0,23490.0,29853.0,39862.0,29380.0,23235.571428571428,1606.3042319916185,25041.64285714286,2828.351969369536,29258.533333333333,8431.138691587366,31640.95,9253.277721471308,561,0.7857142857142857,0,0,0,0,26671.5,30336.5
2014-01-14,18962,5,44,18.39,,44.0,2,0,1,1,14,0,0,0,0,0,0,40.0,44.0,126.0,55.85714285714285,16.647608150806242,105.86666666666666,1,14,3,14,2014,0.7818314824680298,0.6234898018587336,0.49999999999999994,0.8660254037844387,0.2386727660059501,0.9711000518829505,23103.0,21525.0,20923.0,23457.0,27408.0,36867.0,23675.0,22593.428571428572,2266.0255115614923,24438.35714285714,3165.4569874758395,28661.7,8507.364805941925,31634.15,9262.593398646155,562,0.7871148459383753,0,0,0,0,25432.5,25613.0
2014-01-15,21511,7,44,16.23,,44.0,3,0,1,1,15,0,0,0,0,0,0,44.0,45.0,74.0,55.85714285714285,16.647608150806242,102.63333333333334,2,15,3,15,2014,0.9749279121818236,-0.22252093395631434,0.49999999999999994,0.8660254037844387,0.255353295116187,0.9668478136052775,18962.0,23103.0,21525.0,25222.0,24426.0,36291.0,26425.0,22063.285714285714,1962.317228371044,24230.14285714286,3260.76743815217,28169.033333333333,8478.221798285273,31519.95,9345.476379520134,563,0.788515406162465,0,0,0,0,24824.0,12611.0
2014-01-16,19983,10,44,18.59,,44.0,4,0,1,1,16,0,0,0,0,0,0,44.0,48.0,82.0,55.71428571428572,16.76021365927938,101.2,3,16,3,16,2014,0.43388373911755823,-0.900968867902419,0.49999999999999994,0.8660254037844387,0.2719581575341055,0.9623090774541486,21511.0,18962.0,23103.0,23404.0,27345.0,34024.0,21943.0,21574.571428571428,1998.429204578988,23704.285714285714,3313.009123221462,27701.0,8531.252792345133,31303.033333333333,9460.919805081921,564,0.7899159663865546,0,0,0,0,25374.5,33893.5
2014-01-17,23572,8,49,17.0,,49.0,5,0,1,1,17,0,0,0,0,0,1,44.0,59.0,84.0,55.142857142857146,17.131146793957587,99.76666666666668,4,17,3,17,2014,-0.433883739117558,-0.9009688679024191,0.49999999999999994,0.8660254037844387,0.288482432880609,0.9574851883550393,19983.0,21511.0,18962.0,25015.0,29828.0,39117.0,24318.0,21368.428571428572,1623.6801673095015,23257.428571428572,2806.7291040881482,27182.833333333332,8282.417263690908,31257.966666666667,9491.66196260848,565,0.7913165266106442,0,0,0,0,27421.5,28244.0
2014-01-18,44734,14,330,18.2,,330.0,6,1,1,1,18,0,0,0,0,1,1,49.0,86.0,103.0,53.71428571428572,17.17279132536973,97.5,5,18,3,18,2014,-0.9749279121818236,-0.2225209339563146,0.49999999999999994,0.8660254037844387,0.30492122465628907,0.9523775757303974,23572.0,19983.0,21511.0,20923.0,30434.0,30997.0,20963.0,24770.0,8949.625020077649,24278.85714285714,6186.486400051418,27640.733333333334,8860.139424190347,31617.75,9587.647608524914,566,0.7927170868347339,0,0,0,0,25678.5,27002.5
2014-01-19,27621,21,221,18.35,,221.0,7,1,1,1,19,0,0,0,0,1,1,330.0,69.0,64.0,88.57142857142857,106.89224658950867,105.0,6,19,3,19,2014,-0.7818314824680299,0.6234898018587334,0.49999999999999994,0.8660254037844387,0.3212696616923644,0.9469877530760753,44734.0,23572.0,19983.0,21525.0,25003.0,37047.0,48331.0,25640.85714285714,8877.538687207,24465.85714285714,6249.3073567843985,27326.533333333333,8680.380047826982,31700.416666666668,9530.32343928284,567,0.7941176470588235,0,0,0,0,23264.0,26236.5
2014-01-20,33357,15,198,19.76,,198.0,1,0,1,1,20,0,0,0,0,1,1,221.0,40.0,45.0,110.28571428571428,117.19601000846713,107.46666666666668,0,20,4,20,2014,0.0,1.0,0.49999999999999994,0.8660254037844387,0.3375228995941133,0.9413173175128471,27621.0,44734.0,23572.0,23103.0,23490.0,33946.0,35202.0,27105.714285714286,9228.051938054334,25170.64285714286,6672.826383142274,27306.9,8665.545251563613,31806.783333333333,9512.28705873894,568,0.7955182072829131,0,0,0,0,23296.5,26478.0
2014-01-21,19149,6,36,13.75,,36.0,2,0,1,1,21,0,0,0,0,0,1,198.0,44.0,44.0,132.85714285714286,116.61679206047545,106.96666666666668,1,21,4,21,2014,0.7818314824680298,0.6234898018587336,0.49999999999999994,0.8660254037844387,0.3536761221763716,0.9353679493131483,33357.0,27621.0,44734.0,18962.0,23457.0,44193.0,35368.0,27132.428571428572,9200.777863078429,24862.928571428572,6854.778978250029,26472.1,8175.157467006067,31706.883333333335,9614.384853166712,569,0.7969187675070029,0,0,0,0,21209.5,23185.0
2014-01-22,18162,5,41,16.3,,41.0,3,0,1,1,22,0,0,0,0,0,0,36.0,44.0,45.0,131.71428571428572,117.66720625803696,100.76666666666668,2,22,4,22,2014,0.9749279121818236,-0.22252093395631434,0.49999999999999994,0.8660254037844387,0.3697245428906731,0.9291414114031743,19149.0,33357.0,27621.0,21511.0,25222.0,37183.0,20781.0,26654.0,9619.353339318941,24358.64285714286,7082.248595631818,25838.066666666666,8052.494203161796,31119.766666666666,9339.559286896014,570,0.7983193277310925,0,0,0,0,23366.5,22968.5
2014-01-23,18322,9,37,13.4,,37.0,4,0,1,1,23,0,0,0,0,0,0,41.0,44.0,48.0,131.28571428571428,118.04478568988726,95.53333333333332,3,23,4,23,2014,0.43388373911755823,-0.900968867902419,0.49999999999999994,0.8660254037844387,0.38566340624360707,0.9226395488404876,18162.0,19149.0,33357.0,19983.0,23404.0,27769.0,20142.0,26416.714285714286,9829.526975975414,23995.64285714286,7262.877874264629,25523.166666666668,8158.399771605561,30822.316666666666,9459.453326540857,571,0.7997198879551821,0,0,0,0,21693.5,23664.0
2014-01-24,17856,8,59,15.18,,59.0,5,0,1,1,24,0,0,0,0,0,0,37.0,49.0,59.0,130.28571428571428,118.93375507078753,93.5,4,24,4,24,2014,-0.433883739117558,-0.9009688679024191,0.49999999999999994,0.8660254037844387,0.401487989205973,0.9158642882672872,18322.0,18162.0,19149.0,23572.0,25015.0,0.0,20854.0,25600.14285714286,10329.920222805384,23484.285714285714,7435.556235243716,26118.366666666665,6764.386036228765,30563.583333333332,9599.57734290571,572,0.8011204481792717,0,0,0,0,24293.5,26700.0
2014-01-25,22286,11,79,14.65,,79.0,6,1,1,1,25,0,0,0,0,0,0,59.0,330.0,86.0,131.71428571428572,117.84978332000196,95.46666666666668,5,25,4,25,2014,-0.9749279121818236,-0.2225209339563146,0.49999999999999994,0.8660254037844387,0.4171936026123168,0.9088176373395029,17856.0,18322.0,18162.0,44734.0,20923.0,44383.0,18346.0,22393.285714285714,5960.07599823709,23581.64285714286,7408.313735331279,25381.8,5847.973196787515,30449.083333333332,9657.447907065452,573,0.8025210084033614,0,0,0,0,32828.5,37584.0
2014-01-26,17725,10,72,12.84,,72.0,7,1,1,1,26,0,0,0,0,0,0,79.0,221.0,69.0,95.85714285714286,79.36503968252953,91.5,6,26,4,26,2014,-0.7818314824680299,0.6234898018587334,0.49999999999999994,0.8660254037844387,0.4327755925504312,0.901501684131884,22286.0,17856.0,18322.0,27621.0,21525.0,31473.0,23188.0,20979.571428571428,5680.504873604777,23310.214285714286,7557.571437139824,24923.533333333333,5892.68554041036,30168.35,9779.701925763327,574,0.803921568627451,0,0,0,0,24573.0,26312.0
2014-01-27,15893,6,36,17.95,,36.0,1,0,1,1,27,0,0,0,0,0,0,72.0,198.0,40.0,74.57142857142857,57.052189975077454,89.6,0,27,5,27,2014,0.0,1.0,0.49999999999999994,0.8660254037844387,0.4482293417404106,0.893918596519257,17725.0,22286.0,17856.0,33357.0,23103.0,33082.0,17088.0,18484.714285714286,1945.554737882061,22795.214285714286,7814.082447031781,24350.566666666666,5907.7090879474235,29750.916666666668,9846.47858983382,575,0.8053221288515406,0,0,0,0,28230.0,28423.5
2014-01-28,17835,7,40,10.89,,40.0,2,0,1,1,28,0,0,0,0,0,0,36.0,36.0,44.0,51.42857142857143,18.410659438279566,85.16666666666667,1,28,5,28,2014,0.7818314824680298,0.6234898018587336,0.49999999999999994,0.8660254037844387,0.4635502709028509,0.886070621534138,15893.0,17725.0,22286.0,19149.0,18962.0,30948.0,13613.0,18297.0,1934.1361551521575,22714.714285714286,7862.266109311333,23913.466666666667,5887.814896671923,28879.316666666666,8423.224595897771,576,0.8067226890756303,0,0,0,0,19055.5,21303.0
2014-01-29,14361,4,40,15.7,,40.0,3,0,1,1,29,0,0,0,0,0,0,40.0,41.0,44.0,52.0,17.907168024749154,82.0,2,29,5,29,2014,0.9749279121818236,-0.22252093395631434,0.49999999999999994,0.8660254037844387,0.47873384011578846,0.8779600847008882,17835.0,15893.0,17725.0,18162.0,21511.0,29853.0,18932.0,17754.0,2444.5594013373434,22204.0,8172.571274132055,23397.066666666666,6026.65360872357,28459.383333333335,8509.496191128796,577,0.8081232492997199,0,0,0,0,19836.5,21692.0
2014-01-30,13556,11,38,13.33,,38.0,4,0,1,1,30,0,0,0,0,0,0,40.0,37.0,44.0,51.85714285714285,18.013222656596525,77.96666666666667,3,30,5,30,2014,0.43388373911755823,-0.900968867902419,0.49999999999999994,0.8660254037844387,0.49377555015997715,0.869589389346611,14361.0,17835.0,15893.0,18322.0,19983.0,27408.0,17124.0,17073.14285714286,2884.1763369907344,21744.928571428572,8481.593586333613,22935.333333333332,6235.767614907334,28128.15,8697.458106797116,578,0.8095238095238095,0,0,0,0,19152.5,20863.0
2014-01-31,13370,10,44,7.59,,44.0,5,0,1,1,31,0,0,0,0,0,0,38.0,59.0,49.0,52.0,17.87922444253661,75.03333333333333,4,31,5,31,2014,-0.433883739117558,-0.9009688679024191,0.49999999999999994,0.8660254037844387,0.5086709438521044,0.8609610158889943,13556.0,14361.0,17835.0,17856.0,23572.0,24426.0,20210.0,16432.285714285714,3165.8689020175925,21016.214285714286,8746.663022402987,22566.8,6467.046825891751,27741.333333333332,8830.330407597668,579,0.8109243697478992,0,0,0,0,20714.0,21435.5
2014-02-01,18657,9,78,10.37,,78.0,6,1,2,1,32,0,0,0,0,0,0,44.0,79.0,330.0,49.85714285714285,17.7991439066449,74.03333333333333,5,1,5,32,2014,-0.9749279121818236,-0.2225209339563146,0.8660254037844386,0.5000000000000001,0.5234156073655503,0.8520775211013093,13370.0,13556.0,14361.0,22286.0,44734.0,27345.0,20601.0,15913.857142857143,2196.146657866304,19153.571428571428,5470.296556639474,22277.2,6440.168772686815,27500.65,8878.525699925447,580,0.8123249299719888,0,0,0,0,33510.0,21604.5
2014-02-02,13645,7,44,10.92,,44.0,7,1,2,1,33,0,0,0,0,0,0,78.0,72.0,221.0,49.71428571428572,17.52820855758014,73.9,6,2,5,33,2014,-0.7818314824680299,0.6234898018587334,0.8660254037844386,0.5000000000000001,0.5380051715382996,0.8429415373547828,18657.0,13370.0,13556.0,17725.0,27621.0,29828.0,18602.0,15331.0,2176.686242893132,18155.285714285714,5066.548277728018,21737.766666666666,6463.606571349792,27201.666666666668,9039.280312335222,581,0.8137254901960784,0,0,0,0,22673.0,19625.0
2014-02-03,14549,6,36,6.09,,36.0,1,0,2,1,34,0,0,0,0,0,0,44.0,36.0,198.0,45.71428571428572,14.534032311716627,72.56666666666666,0,3,6,34,2014,0.0,1.0,0.8660254037844386,0.5000000000000001,0.5524353131676196,0.8335557718385699,13645.0,18657.0,13370.0,15893.0,33357.0,30434.0,16283.0,15139.0,2178.1264885217815,16811.85714285714,2636.3556389350015,21208.266666666666,6376.711053315193,26886.283333333333,9146.27980330773,582,0.8151260504201681,0,0,0,0,24625.0,19498.0
2014-02-04,13891,5,25,10.38,,25.0,2,0,2,1,35,0,0,0,0,0,0,36.0,40.0,36.0,45.71428571428572,14.534032311716627,70.33333333333333,1,4,6,35,2014,0.7818314824680298,0.6234898018587336,0.8660254037844386,0.5000000000000001,0.5667017562911176,0.8239230057575542,14549.0,13645.0,18657.0,17835.0,19149.0,25003.0,18974.0,14575.57142857143,1849.8799832370755,16436.285714285714,2652.273898971252,20837.866666666665,6470.722864982183,26506.633333333335,9205.856509128636,583,0.8165266106442577,0,0,0,0,18492.0,18398.5
2014-02-05,13455,5,28,8.72,,28.0,3,0,2,1,36,0,0,0,0,0,0,25.0,40.0,41.0,43.57142857142857,16.490978774842542,69.03333333333333,2,5,6,36,2014,0.9749279121818236,-0.22252093395631434,0.8660254037844386,0.5000000000000001,0.5808002734538009,0.8140460935082178,13891.0,14549.0,13645.0,14361.0,18162.0,23490.0,14330.0,14446.142857142857,1898.451687434807,16100.07142857143,2714.3019066895786,20503.366666666665,6587.222686610001,26052.883333333335,9166.286160120055,584,0.8179271708683473,0,0,0,0,16261.5,17936.0
2014-02-06,12865,8,31,11.6,,31.0,4,0,2,1,37,0,0,0,0,0,0,28.0,38.0,37.0,41.85714285714285,17.515979099366643,68.46666666666667,3,6,6,37,2014,0.43388373911755823,-0.900968867902419,0.8660254037844386,0.5000000000000001,0.5947266869607634,0.8039279618328213,13455.0,13891.0,14549.0,13556.0,18322.0,23457.0,15409.0,14347.42857142857,1969.1013057690084,15710.285714285714,2762.0827266775227,20150.3,6706.236398385871,25771.0,9308.738009098404,585,0.819327731092437,0,0,0,0,15939.0,16769.5
2014-02-07,15574,9,50,12.34,,50.0,5,0,2,1,38,0,0,0,0,0,0,31.0,44.0,59.0,40.85714285714285,17.966900784761084,68.03333333333333,4,7,6,38,2014,-0.433883739117558,-0.9009688679024191,0.8660254037844386,0.5000000000000001,0.6084768701151261,0.7935716089521474,12865.0,13455.0,13891.0,13370.0,17856.0,25222.0,18231.0,14662.285714285714,1962.9622779773813,15547.285714285714,2692.165711797766,19828.7,6685.940411248045,25571.9,9398.020847723032,586,0.8207282913165266,0,0,0,0,15613.0,18471.0
2014-02-08,18417,16,94,12.14,,94.0,6,1,2,1,39,0,0,0,0,0,0,50.0,78.0,79.0,41.71428571428572,18.282179717911657,68.2,5,8,6,39,2014,-0.9749279121818236,-0.2225209339563146,0.8660254037844386,0.5000000000000001,0.6220467484408675,0.7829801036770629,15574.0,12865.0,13455.0,18657.0,22286.0,23404.0,21535.0,14628.0,1881.9862734179492,15270.92857142857,2075.064316492811,19662.466666666667,6655.910770774111,25309.866666666665,9374.254916320424,587,0.8221288515406162,0,0,0,0,20471.5,31695.5
2014-02-09,20097,11,67,9.46,,67.0,7,1,2,1,40,0,0,0,0,0,0,94.0,44.0,72.0,44.0,23.755701070127564,69.73333333333333,6,9,6,40,2014,-0.7818314824680299,0.6234898018587334,0.8660254037844386,0.5000000000000001,0.6354323008901774,0.7721565844991642,18417.0,15574.0,12865.0,13645.0,17725.0,25015.0,18787.0,15549.714285714286,2715.6339170493457,15440.357142857143,2367.134086973875,19498.533333333333,6579.661136507371,25063.95,9313.026987796351,588,0.8235294117647058,0,0,0,0,15685.0,20633.0
2014-02-10,12838,10,34,6.39,,34.0,1,0,2,1,41,0,0,0,0,0,0,67.0,36.0,36.0,47.285714285714285,25.29633890318302,70.0,0,10,7,41,2014,0.0,1.0,0.8660254037844386,0.5000000000000001,0.6486295610349814,0.7611042586607747,20097.0,18417.0,15574.0,14549.0,15893.0,20923.0,19322.0,15305.285714285714,2891.99335604852,15222.142857142857,2461.1432883344373,19229.033333333333,6684.054548382162,24771.933333333334,9418.279831186293,589,0.8249299719887955,0,0,0,0,15221.0,23953.0
2014-02-11,16631,6,44,11.64,,44.0,2,0,2,1,42,0,0,0,0,0,0,34.0,25.0,40.0,47.0,25.455844122714307,68.26666666666667,1,11,7,42,2014,0.7818314824680298,0.6234898018587336,0.8660254037844386,0.5000000000000001,0.6616346182422783,0.7498264012045686,12838.0,20097.0,18417.0,13891.0,17835.0,21525.0,18048.0,15696.714285714286,2853.843999140241,15136.142857142857,2382.601256453146,19065.9,6685.808208694701,24441.533333333333,9348.947736431654,590,0.8263305322128851,0,0,0,0,15863.0,16520.0
2014-02-12,13647,6,46,12.29,,46.0,3,0,2,1,43,0,0,0,0,0,0,44.0,28.0,40.0,49.71428571428572,23.66934927787465,67.43333333333334,2,12,7,43,2014,0.9749279121818236,-0.22252093395631434,0.8660254037844386,0.5000000000000001,0.6744436188329455,0.7383263540031065,16631.0,12838.0,20097.0,13455.0,14361.0,23103.0,20955.0,15724.142857142857,2829.526840808783,15085.142857142857,2407.9761644980154,18750.7,6711.767022332507,24004.616666666665,9227.853920018919,591,0.8277310924369747,0,0,0,0,13908.0,15808.5
2014-02-13,17997,9,61,8.44,,61.0,4,0,2,1,44,0,0,0,0,0,0,46.0,31.0,38.0,52.285714285714285,21.822880085772983,67.63333333333334,3,13,7,44,2014,0.43388373911755823,-0.900968867902419,0.8660254037844386,0.5000000000000001,0.6870527672236669,0.7266075247685656,13647.0,16631.0,12838.0,12865.0,13556.0,18962.0,16961.0,16457.285714285714,2622.5313925217474,15402.357142857143,2482.406171660524,18718.533333333333,6713.031730603778,23690.116666666665,9102.765391122564,592,0.8291316526610645,0,0,0,0,13210.5,15593.5
2014-02-14,16904,10,82,8.76,,82.0,5,0,2,1,45,0,0,0,0,0,1,61.0,50.0,44.0,56.57142857142857,19.79778727414545,68.2,4,14,7,45,2014,-0.433883739117558,-0.9009688679024191,0.8660254037844386,0.5000000000000001,0.699458327051647,0.7146733860429609,17997.0,13647.0,16631.0,15574.0,13370.0,21511.0,23379.0,16647.285714285714,2595.9161975614793,15654.785714285714,2439.1486275895286,18564.966666666667,6699.630033446525,23367.0,8991.299734479646,593,0.8305322128851541,0,0,0,0,14472.0,16715.0
2014-02-15,34183,27,303,14.05,,303.0,6,1,2,1,46,0,0,0,0,1,1,82.0,94.0,78.0,61.142857142857146,21.636609187735367,69.46666666666667,5,15,7,46,2014,-0.9749279121818236,-0.2225209339563146,0.8660254037844386,0.5000000000000001,0.7116566222817746,0.7025274741691571,16904.0,17997.0,13647.0,18417.0,18657.0,19983.0,19732.0,18899.571428571428,7179.746231753667,16763.785714285714,5508.077274171186,19038.3,7279.771330957837,23369.65,8994.516756834832,594,0.8319327731092437,0,0,0,0,18537.0,20351.5
2014-02-16,32607,23,268,12.36,,268.0,7,1,2,1,47,0,0,0,0,1,1,303.0,67.0,44.0,91.0,94.85427419643928,78.1,6,16,7,47,2014,-0.7818314824680299,0.6234898018587334,0.8660254037844386,0.5000000000000001,0.7236440382959124,0.6901733882429719,34183.0,16904.0,17997.0,20097.0,13645.0,23572.0,57469.0,20686.714285714286,8882.52161483974,18118.214285714286,6850.063662574091,19339.466666666667,7651.21399307438,23261.15,8839.26317740857,595,0.8333333333333334,0,0,0,0,16871.0,18911.0
2014-02-17,26286,14,206,10.72,,206.0,1,0,2,1,48,0,0,0,0,1,1,268.0,34.0,36.0,119.71428571428572,114.7209865800706,85.4,0,17,8,48,2014,0.0,1.0,0.8660254037844386,0.5000000000000001,0.7354170229639855,0.6776147890466889,32607.0,34183.0,16904.0,12838.0,14549.0,44734.0,39140.0,22607.85714285714,8339.757159305678,18956.571428571428,7093.537001159045,18724.533333333333,6129.968508291447,23182.633333333335,8790.170056716095,596,0.834733893557423,0,0,0,0,13693.5,14365.5
2014-02-18,12490,9,31,10.67,,31.0,2,0,2,1,49,0,0,0,0,0,1,206.0,44.0,25.0,144.28571428571428,111.6821595506854,81.26666666666667,1,18,8,49,2014,0.7818314824680298,0.6234898018587336,0.8660254037844386,0.5000000000000001,0.7469720876965552,0.6648553979642865,26286.0,32607.0,34183.0,16631.0,13891.0,27621.0,42204.0,22016.285714285714,8958.309098527567,18856.5,7179.853252732155,18220.166666666668,5993.702494448258,22773.35,8704.975454019632,597,0.8361344537815126,0,0,0,0,15261.0,17233.0
2014-02-19,17922,6,41,11.22,,41.0,3,0,2,1,50,0,0,0,0,0,0,31.0,46.0,28.0,142.42857142857142,113.71727682115429,74.93333333333334,2,19,8,50,2014,0.9749279121818236,-0.22252093395631434,0.8660254037844386,0.5000000000000001,0.7583058084785624,0.6518989958787126,12490.0,26286.0,32607.0,13647.0,13455.0,33357.0,19055.0,22627.0,8422.343695987072,19175.571428571428,7018.7967488877375,17705.666666666668,5268.100130835315,22506.283333333333,8601.583687630453,598,0.8375350140056023,0,0,0,0,13551.0,14004.0
2014-02-20,14285,7,33,14.01,,33.0,4,0,2,1,51,0,0,0,0,0,0,41.0,61.0,31.0,141.71428571428572,114.43733989351878,69.7,3,20,8,51,2014,0.43388373911755823,-0.900968867902419,0.8660254037844386,0.5000000000000001,0.7694148268839378,0.6387494220515272,17922.0,12490.0,26286.0,17997.0,12865.0,19149.0,15162.0,22096.714285714286,8867.533323201842,19277.0,6930.289981722878,17543.533333333333,5296.9172018901245,22007.816666666666,8179.775548061587,599,0.8389355742296919,0,0,0,0,15431.0,15776.5
2014-02-21,15622,12,44,13.19,,44.0,5,0,2,1,52,0,0,0,0,0,0,33.0,82.0,50.0,137.71428571428572,118.1576831832703,69.6,4,21,8,52,2014,-0.433883739117558,-0.9009688679024191,0.8660254037844386,0.5000000000000001,0.7802958510707755,0.6254105729852463,14285.0,17922.0,12490.0,16904.0,15574.0,18162.0,15007.0,21913.571428571428,9004.829608921767,19280.428571428572,6928.32869972462,17458.866666666665,5306.980957018997,21648.466666666667,7972.792158051017,600,0.8403361344537815,0,0,0,0,16239.0,15137.0
2014-02-22,18265,10,79,10.5,,79.0,6,1,2,1,53,0,0,0,0,0,0,44.0,303.0,94.0,132.28571428571428,121.95588585729708,69.7,5,22,8,53,2014,-0.9749279121818236,-0.2225209339563146,0.8660254037844386,0.5000000000000001,0.7909456567567772,0.6118864012687243,15622.0,14285.0,17922.0,34183.0,18417.0,18322.0,16734.0,19639.571428571428,7223.773272031331,19269.571428571428,6929.904746978638,17456.966666666667,5306.671477608702,21490.066666666666,7943.487853809271,601,0.8417366946778712,0,0,0,0,26300.0,26420.0
2014-02-23,13997,7,53,8.52,,53.0,7,1,2,1,54,0,0,0,0,0,0,79.0,268.0,67.0,100.28571428571428,96.4083576697134,71.1,6,23,8,54,2014,-0.7818314824680299,0.6234898018587334,0.8660254037844386,0.5000000000000001,0.8013610881746766,0.5981809144059165,18265.0,15622.0,14285.0,32607.0,20097.0,17856.0,23982.0,16981.0,4606.260160549633,18833.85714285714,7064.341940686644,17328.333333333332,5343.309863638075,21723.35,7494.516383635162,602,0.8431372549019608,0,0,0,0,26352.0,23126.0
2014-02-24,13689,6,28,9.11,,28.0,1,0,2,1,55,0,0,0,0,0,0,53.0,206.0,34.0,69.57142857142857,62.27856009590289,70.9,0,24,9,55,2014,0.0,1.0,0.8660254037844386,0.5000000000000001,0.8115390590073611,0.5842981736283684,13997.0,18265.0,15622.0,26286.0,12838.0,22286.0,18991.0,15181.42857142857,2194.3424874848256,18894.64285714286,7012.250682332129,17041.766666666666,5298.602689475872,21211.783333333333,6949.317474330782,603,0.8445378151260504,0,0,0,0,19562.0,20417.5
2014-02-25,17019,5,31,11.82,,31.0,2,0,2,1,56,0,0,0,0,0,0,28.0,31.0,44.0,44.142857142857146,17.61087326462781,69.2,1,25,9,56,2014,0.7818314824680298,0.6234898018587336,0.8660254037844386,0.5000000000000001,0.8214765533024142,0.5702422926917871,13689.0,13997.0,18265.0,12490.0,16631.0,17725.0,17453.0,15828.42857142857,1918.9168695858257,18922.35714285714,7003.37709314517,17018.233333333334,5297.031111750428,20970.883333333335,6837.202178539523,604,0.84593837535014,0,0,0,0,14560.5,13190.5
2014-02-26,16634,5,33,11.47,,33.0,3,0,2,1,57,0,0,0,0,0,0,31.0,41.0,46.0,44.142857142857146,17.61087326462781,67.83333333333333,2,26,9,57,2014,0.9749279121818236,-0.22252093395631434,0.8660254037844386,0.5000000000000001,0.8311706263658079,0.5560174366570446,17019.0,13689.0,13997.0,17922.0,13647.0,15893.0,19972.0,15644.42857142857,1737.9280630627588,19135.714285714286,6874.617006714648,17042.933333333334,5293.329575551073,20696.75,6671.102809817292,605,0.8473389355742297,0,0,0,0,15784.5,15688.5
2014-02-27,12445,8,30,8.04,,30.0,4,0,2,1,58,0,0,0,0,0,0,33.0,33.0,61.0,43.0,18.101565309845206,67.73333333333333,3,27,9,58,2014,0.43388373911755823,-0.900968867902419,0.8660254037844386,0.5000000000000001,0.8406184056344782,0.5416278206559814,16634.0,17019.0,13689.0,14285.0,17997.0,17835.0,17067.0,15381.57142857143,2082.746732654041,18739.14285714286,7101.743500525208,16863.266666666666,5356.613765233264,20388.366666666665,6616.633359633798,606,0.8487394957983193,0,0,0,0,16141.0,13575.0
2014-02-28,16335,9,39,7.38,,39.0,5,0,2,1,59,0,0,0,0,0,0,30.0,44.0,82.0,42.57142857142857,18.41065943827937,67.4,4,28,9,59,2014,-0.433883739117558,-0.9009688679024191,0.8660254037844386,0.5000000000000001,0.8498170915275278,0.5270777086423722,12445.0,16634.0,17019.0,15622.0,16904.0,14361.0,18531.0,15483.42857142857,2113.6697831925117,18698.5,7114.670204259921,16929.066666666666,5336.904235883376,20163.066666666666,6518.312243514761,607,0.8501400560224089,0,0,0,0,16263.0,15598.0
2014-03-01,17062,9,68,8.71,,68.0,6,1,3,1,60,0,0,0,0,0,0,39.0,79.0,303.0,41.85714285714285,18.44296226593714,67.36666666666666,5,1,9,60,2014,-0.9749279121818236,-0.2225209339563146,1.0,6.123233995736766e-17,0.8587639582758029,0.5123714121284237,16335.0,12445.0,16634.0,18265.0,34183.0,13556.0,23572.0,15311.57142857143,1886.5137032052235,17475.571428571428,5547.08204255287,17045.933333333334,5298.744860705408,19990.633333333335,6459.992700753225,608,0.8515406162464986,0,0,0,0,26224.0,18341.0
2014-03-02,19403,11,54,6.53,,54.0,7,1,3,1,61,0,0,0,0,0,0,68.0,53.0,268.0,40.285714285714285,14.874074601064038,68.36666666666666,6,2,9,61,2014,-0.7818314824680299,0.6234898018587334,1.0,6.123233995736766e-17,0.8674563547295969,0.49751328890718066,17062.0,16335.0,12445.0,13997.0,32607.0,13370.0,20119.0,16083.857142857143,2316.2583641562774,16532.428571428572,3533.500567954621,17247.033333333333,5268.822602777741,19906.916666666668,6434.0344548206185,609,0.8529411764705882,0,0,0,0,23302.0,17047.0
2014-03-03,16336,5,33,8.76,,33.0,1,0,3,1,62,0,0,0,0,0,0,54.0,28.0,206.0,40.42857142857143,15.020620746792416,68.7,0,3,10,62,2014,0.0,1.0,1.0,6.123233995736766e-17,0.8758917051442429,0.48250774176121847,19403.0,17062.0,16335.0,13689.0,26286.0,18657.0,19643.0,16462.0,2062.2644511960043,15821.714285714286,2150.991951083443,17169.666666666668,5264.443726276103,19723.433333333334,6375.027493105638,610,0.8543417366946778,0,0,0,0,19987.5,13263.5
2014-03-04,14575,4,31,7.8,,31.0,2,0,3,1,63,0,0,0,0,0,0,33.0,31.0,31.0,41.142857142857146,14.438704598270377,67.2,1,4,10,63,2014,0.7818314824680298,0.6234898018587336,1.0,6.123233995736766e-17,0.8840675099433636,0.4673592171580022,16336.0,19403.0,17062.0,17019.0,12490.0,13645.0,16094.0,16112.857142857143,2156.9586171715437,15970.642857142857,1966.8683271848415,17200.666666666668,5245.677546279566,19469.216666666667,6268.4900571291755,611,0.8557422969187675,0,0,0,0,14754.5,16825.0
2014-03-05,18259,6,34,8.7,,34.0,3,0,3,1,64,0,0,0,0,0,0,31.0,33.0,41.0,41.142857142857146,14.438704598270377,66.76666666666667,2,5,10,64,2014,0.9749279121818236,-0.22252093395631434,1.0,6.123233995736766e-17,0.8919813464595485,0.45207220393230435,14575.0,16336.0,19403.0,16634.0,17922.0,14549.0,17302.0,16345.0,2304.7751155662513,15994.714285714286,1994.455677759932,17324.333333333332,5224.698587797644,19266.3,6102.391485366833,612,0.8571428571428571,0,0,0,0,17278.0,15140.5
2014-03-06,17357,11,36,7.72,,36.0,4,0,3,1,65,0,0,0,0,0,0,34.0,30.0,33.0,41.285714285714285,14.34938193458818,66.7,3,6,10,65,2014,0.43388373911755823,-0.900968867902419,1.0,6.123233995736766e-17,0.8996308696522433,0.43665123195606403,18259.0,14575.0,16336.0,12445.0,14285.0,13891.0,21138.0,17046.714285714286,1540.522283111144,16214.142857142857,1960.5868374678334,17439.866666666665,5184.325299322637,19138.866666666665,6060.252655880528,613,0.8585434173669467,0,0,0,0,13365.0,15221.0
2014-03-07,13183,7,43,14.5,,43.0,5,0,3,1,66,0,0,0,0,0,0,36.0,39.0,44.0,42.142857142857146,13.728663098645647,67.06666666666666,4,7,10,66,2014,-0.433883739117558,-0.9009688679024191,1.0,6.123233995736766e-17,0.9070138128026359,0.4211008707960896,17357.0,18259.0,14575.0,16335.0,15622.0,13455.0,19282.0,16596.428571428572,2130.794206952195,16039.92857142857,2119.197869451904,17430.8,5191.767092698683,18967.083333333332,6080.870935311863,614,0.8599439775910365,0,0,0,0,15978.5,16619.5
2014-03-08,21100,11,77,10.53,,77.0,6,1,3,1,67,0,0,0,0,0,0,43.0,68.0,79.0,42.71428571428572,13.65911521919898,67.56666666666666,5,8,10,67,2014,-0.9749279121818236,-0.2225209339563146,1.0,6.123233995736766e-17,0.9141279881853337,0.40542572835999735,13183.0,17357.0,18259.0,17062.0,18265.0,12865.0,20655.0,17173.285714285714,2737.9357622295124,16242.42857142857,2456.7377905319777,17705.3,5159.6408331963885,18927.8,6058.947550272145,615,0.8613445378151261,0,0,0,0,17663.5,25622.5
2014-03-09,16600,12,55,11.97,,55.0,7,1,3,1,68,0,0,0,0,0,0,77.0,54.0,53.0,44.0,16.552945357244592,69.1,6,9,10,68,2014,-0.7818314824680299,0.6234898018587334,1.0,6.123233995736766e-17,0.9209712877166346,0.38963044953078796,21100.0,13183.0,17357.0,19403.0,13997.0,15574.0,22430.0,16772.85714285714,2556.442282324641,16428.35714285714,2370.7224347520587,17739.5,5148.414792857279,18784.1,6009.177440819493,616,0.8627450980392157,0,0,0,0,16700.0,26005.0
2014-03-10,18199,9,35,9.04,,35.0,1,0,3,1,69,0,0,0,0,0,0,55.0,33.0,28.0,44.142857142857146,16.65761659050045,69.26666666666667,0,10,11,69,2014,0.0,1.0,1.0,6.123233995736766e-17,0.9275416835791966,0.37371971479046906,16600.0,21100.0,13183.0,16336.0,13689.0,18417.0,22805.0,17039.0,2599.9871153527024,16750.5,2274.3123643793056,17732.233333333334,5147.579348643013,18697.35,5978.846793246865,617,0.8641456582633054,0,0,0,0,15012.5,21311.0
2014-03-11,14524,4,31,7.6,,31.0,2,0,3,1,70,0,0,0,0,0,0,35.0,31.0,31.0,44.42857142857143,16.45050295945304,67.3,1,11,11,70,2014,0.7818314824680298,0.6234898018587336,1.0,6.123233995736766e-17,0.9338372288229252,0.35769823883312546,18199.0,16600.0,21100.0,14575.0,17019.0,20097.0,19615.0,17031.714285714286,2608.10133457821,16572.285714285714,2348.207546474128,17546.466666666667,5159.841562211748,18522.5,5944.260480582646,618,0.865546218487395,0,0,0,0,15797.0,13532.5
2014-03-12,17472,7,35,8.05,,35.0,3,0,3,1,71,0,0,0,0,0,0,31.0,34.0,33.0,44.42857142857143,16.45050295945304,66.1,2,12,11,71,2014,0.9749279121818236,-0.22252093395631434,1.0,6.123233995736766e-17,0.9398560579418954,0.3415707691678556,14524.0,18199.0,16600.0,18259.0,16634.0,12838.0,18497.0,16919.285714285714,2562.950624721822,16632.14285714286,2360.549800922811,17700.933333333334,5082.814424918762,18464.983333333334,5937.331459849954,619,0.8669467787114846,0,0,0,0,17446.5,18090.5
2014-03-13,14326,8,38,11.88,,38.0,4,0,3,1,72,0,0,0,0,0,0,35.0,36.0,30.0,44.57142857142857,16.34887501590369,66.13333333333334,3,13,11,72,2014,0.43388373911755823,-0.900968867902419,1.0,6.123233995736766e-17,0.9455963874271426,0.3253420847119801,17472.0,14524.0,18199.0,17357.0,12445.0,16631.0,17354.0,16486.285714285714,2727.4349802385136,16766.5,2147.842271461356,17624.1,5116.853116637481,18345.0,5947.177236701917,620,0.8683473389355743,0,0,0,0,14901.0,15821.0
2014-03-14,19386,9,63,9.53,,63.0,5,0,3,1,73,0,0,0,0,0,0,38.0,43.0,39.0,44.85714285714285,16.190826326743885,65.93333333333334,4,14,11,73,2014,-0.433883739117558,-0.9009688679024191,1.0,6.123233995736766e-17,0.9510565162951535,0.30901699437494745,14326.0,17472.0,14524.0,13183.0,16335.0,13647.0,24431.0,17372.428571428572,2470.9415113233667,16984.428571428572,2252.90635246261,17815.4,5070.103328879852,18283.05,5916.052504393909,621,0.8697478991596639,0,0,0,0,14759.0,14402.5
2014-03-15,18961,9,94,12.21,,94.0,6,1,3,1,74,0,0,0,0,0,0,63.0,77.0,68.0,47.71428571428572,17.51869749452537,66.5,5,15,11,74,2014,-0.9749279121818236,-0.2225209339563146,1.0,6.123233995736766e-17,0.9562348265919056,0.29260033563334836,19386.0,14326.0,17472.0,21100.0,17062.0,17997.0,19185.0,17066.85714285714,2025.1940177483925,17120.071428571428,2314.2678345190416,17847.533333333333,5074.347009006912,18283.033333333333,5916.050560649214,622,0.8711484593837535,0,0,0,0,19081.0,19682.5
2014-03-16,19805,9,70,10.23,,70.0,7,1,3,1,75,0,0,0,0,0,0,94.0,55.0,54.0,50.142857142857146,22.6747184578505,67.6,6,16,11,75,2014,-0.7818314824680299,0.6234898018587334,1.0,6.123233995736766e-17,0.9611297838723007,0.27609697309746883,18961.0,19386.0,14326.0,16600.0,19403.0,16904.0,23715.0,17524.714285714286,2251.684681468955,17148.785714285714,2347.034108059563,17944.233333333334,5083.380030047561,18254.6,5904.36165467125,623,0.8725490196078431,0,0,0,0,18001.5,15298.5
2014-03-17,19968,6,42,8.54,,42.0,1,0,3,1,76,0,0,0,0,0,0,70.0,35.0,33.0,52.285714285714285,23.886637029338367,67.2,0,17,12,76,2014,0.0,1.0,1.0,6.123233995736766e-17,0.9657399376548549,0.2595117970697999,19805.0,18961.0,19386.0,18199.0,16336.0,34183.0,23719.0,17777.428571428572,2432.023701717218,17408.214285714286,2448.8066537544087,17470.4,4081.262360492616,18254.35,5904.28754818857,624,0.8739495798319328,0,0,0,0,17267.5,15944.0
2014-03-18,18106,6,36,11.38,,36.0,2,0,3,1,77,0,0,0,0,0,0,42.0,31.0,31.0,53.285714285714285,23.17839716714739,58.5,1,18,12,77,2014,0.7818314824680298,0.6234898018587336,1.0,6.123233995736766e-17,0.9700639218515071,0.2428497220959356,19968.0,19805.0,18961.0,14524.0,14575.0,32607.0,18901.0,18289.14285714286,1965.4786040191725,17660.428571428572,2312.603185698927,16987.033333333333,2920.3353548965706,18163.25,5862.871872850141,625,0.8753501400560224,0,0,0,0,14549.5,15771.5
2014-03-19,18025,7,46,7.63,,46.0,3,0,3,1,78,0,0,0,0,0,0,36.0,35.0,34.0,54.0,22.442519169349016,50.766666666666666,2,19,12,78,2014,0.9749279121818236,-0.22252093395631434,1.0,6.123233995736766e-17,0.9741004551724205,0.22611568550828828,18106.0,19968.0,19805.0,17472.0,18259.0,26286.0,18208.0,18368.14285714286,1938.0831964057902,17643.714285714286,2308.7867086271517,16711.666666666668,2346.3411624433807,17718.1,4712.312713357876,626,0.876750700280112,0,0,0,0,17865.5,17053.0
2014-03-20,15900,8,43,10.35,,43.0,4,0,3,1,79,0,0,0,0,0,0,46.0,38.0,36.0,55.57142857142857,21.24348639667337,45.43333333333333,3,20,12,79,2014,0.43388373911755823,-0.900968867902419,1.0,6.123233995736766e-17,0.9778483415056568,0.20931464596304847,18025.0,18106.0,19968.0,14326.0,17357.0,12490.0,20766.0,18593.0,1410.4304307550933,17539.64285714286,2355.078819753615,16825.333333333332,2213.6170950911064,17522.75,4534.418164327453,627,0.8781512605042017,0,0,0,0,15841.5,13385.5
2014-03-21,21299,13,59,9.5,,59.0,5,0,3,1,80,0,0,0,0,0,0,43.0,63.0,43.0,56.285714285714285,20.62938265124193,45.833333333333336,4,21,12,80,2014,-0.433883739117558,-0.9009688679024191,1.0,6.123233995736766e-17,0.9813064702716093,0.19245158197082998,15900.0,18025.0,18106.0,19386.0,13183.0,17922.0,20288.0,18866.285714285714,1737.175649753134,18119.35714285714,2193.53278831339,16937.9,2352.79581818533,17321.783333333333,4063.498684930153,628,0.8795518207282913,0,0,0,0,16284.5,17860.5
2014-03-22,23863,12,93,10.0,,93.0,6,1,3,1,81,0,0,0,0,0,0,59.0,94.0,77.0,55.71428571428572,20.46716301554014,46.43333333333333,5,22,12,81,2014,-0.9749279121818236,-0.2225209339563146,1.0,6.123233995736766e-17,0.9844738167520922,0.1755314904214282,21299.0,15900.0,18025.0,18961.0,21100.0,14285.0,23676.0,19566.571428571428,2570.0861760612042,18316.714285714286,2573.6911962443537,17257.166666666668,2615.570038526622,17400.35,4144.196889443632,629,0.8809523809523809,0,0,0,0,20030.5,18011.5
2014-03-23,15382,11,68,11.74,,68.0,7,1,3,1,82,0,0,0,0,0,0,93.0,70.0,55.0,55.57142857142857,20.15653031366377,48.43333333333333,6,23,12,82,2014,-0.7818314824680299,0.6234898018587334,1.0,6.123233995736766e-17,0.9873494423939864,0.15855938510313475,23863.0,21299.0,15900.0,19805.0,16600.0,15622.0,22951.0,18934.714285714286,3008.076445963747,18229.714285714286,2655.4732572141525,17249.166666666668,2621.105006294933,17354.016666666666,4151.071993429224,630,0.8823529411764706,0,0,0,0,18202.5,19604.0
2014-03-24,15973,4,38,9.1,,38.0,1,0,3,1,83,0,0,0,0,0,0,68.0,42.0,35.0,55.285714285714285,19.930832778336864,49.23333333333333,0,24,13,83,2014,0.0,1.0,1.0,6.123233995736766e-17,0.989932495087353,0.141540295217043,15382.0,23863.0,21299.0,19968.0,18199.0,18265.0,23069.0,18364.0,3154.7639108708822,18070.714285714286,2723.2316613387857,17172.766666666666,2623.876622458922,17314.866666666665,4152.864592170525,631,0.8837535014005602,0,0,0,0,19083.5,18152.0
2014-03-25,14938,5,46,12.34,,46.0,2,0,3,1,84,0,0,0,0,0,0,38.0,36.0,31.0,54.71428571428572,20.426406811723563,47.86666666666667,1,25,13,84,2014,0.7818314824680298,0.6234898018587336,1.0,6.123233995736766e-17,0.9922222094179323,0.12447926388678915,15973.0,15382.0,23863.0,18106.0,14524.0,13997.0,20899.0,17911.428571428572,3414.488192840569,18100.285714285714,2683.7166085792587,17204.133333333335,2590.009316097655,17266.233333333334,4163.492529875296,632,0.8851540616246498,0,0,0,0,16315.0,16340.5
2014-03-26,18242,8,47,9.6,,47.0,3,0,3,1,85,0,0,0,0,0,0,46.0,46.0,35.0,56.142857142857146,19.21309077537473,47.63333333333333,2,26,13,85,2014,0.9749279121818236,-0.22252093395631434,1.0,6.123233995736766e-17,0.994217906893952,0.10738134666416309,14938.0,15973.0,15382.0,18025.0,17472.0,13689.0,18040.0,17942.428571428572,3416.6755214751743,18155.285714285714,2677.7335832484277,17355.9,2509.0615823728385,17198.833333333332,4113.283628567237,633,0.8865546218487395,0,0,0,0,17748.5,18142.0
2014-03-27,14464,11,54,11.16,,54.0,4,0,3,1,86,0,0,0,0,0,0,47.0,43.0,38.0,56.285714285714285,19.128637220269884,48.266666666666666,3,27,13,86,2014,0.43388373911755823,-0.900968867902419,1.0,6.123233995736766e-17,0.995918996147179,0.09025161003104117,18242.0,14938.0,15973.0,15900.0,14326.0,17019.0,17260.0,17737.285714285714,3598.041027850473,18165.14285714286,2662.7652444877804,17270.733333333334,2563.6604613171594,17144.483333333334,4127.732288699795,634,0.8879551820728291,0,0,0,0,15113.0,16628.5
2014-03-28,22920,15,69,15.34,,69.0,5,0,3,1,87,0,0,0,0,0,0,54.0,59.0,63.0,57.85714285714285,18.28869023402507,49.03333333333333,4,28,13,87,2014,-0.433883739117558,-0.9009688679024191,1.0,6.123233995736766e-17,0.9973249731081555,0.07309512989807777,14464.0,18242.0,14938.0,21299.0,19386.0,16634.0,21592.0,17968.85714285714,3904.5856984052107,18417.571428571428,2940.4373749568745,17480.266666666666,2759.2474727891477,17261.6,4190.828687923801,635,0.8893557422969187,0,0,0,0,20342.5,17241.0
2014-03-29,22832,16,98,13.55,,98.0,6,1,3,1,88,0,0,0,0,0,0,69.0,93.0,94.0,59.285714285714285,18.77688548645283,50.23333333333333,5,29,13,88,2014,-0.9749279121818236,-0.2225209339563146,1.0,6.123233995736766e-17,0.9984354211555643,0.055916990100603484,22920.0,14464.0,18242.0,23863.0,18961.0,12445.0,21703.0,17821.571428571428,3656.777354317276,18694.071428571428,3168.617375359147,17826.5,2757.314820118058,17344.883333333335,4251.627927865438,636,0.8907563025210085,0,0,0,0,21412.0,22481.5
2014-03-30,20560,7,68,15.92,,68.0,7,1,3,1,89,0,0,0,0,0,0,98.0,68.0,70.0,60.0,20.305992547355768,52.5,6,30,13,89,2014,-0.7818314824680299,0.6234898018587334,1.0,6.123233995736766e-17,0.9992500112396835,0.03872228089217446,22832.0,22920.0,14464.0,15382.0,19805.0,16335.0,33513.0,18561.285714285714,3604.3807935291597,18748.0,3195.2919693245694,17967.333333333332,2786.2544049667617,17448.2,4253.208196094066,637,0.8921568627450981,0,0,0,0,17593.5,15991.0
2014-03-31,15972,6,50,7.54,,50.0,1,0,3,1,90,0,0,0,0,0,0,68.0,38.0,42.0,60.0,20.305992547355768,53.46666666666667,0,31,14,90,2014,0.0,1.0,1.0,6.123233995736766e-17,0.9997685019798909,0.021516097436222254,20560.0,22832.0,22920.0,15973.0,19968.0,17062.0,14288.0,18561.14285714286,3604.5004937610706,18462.571428571428,3255.832440270875,17931.0,2805.507625098183,17488.466666666667,4227.091156213402,638,0.8935574229691877,0,0,0,0,17970.5,17086.0
2014-04-01,14277,6,39,12.92,,39.0,2,0,4,2,91,0,0,0,0,0,0,50.0,46.0,36.0,61.71428571428572,18.57161172070689,52.86666666666667,1,1,14,91,2014,0.7818314824680298,0.6234898018587336,0.8660254037844387,-0.4999999999999998,0.9999907397361901,0.004303538296244289,15972.0,20560.0,22832.0,14938.0,18106.0,19403.0,22473.0,18466.714285714286,3721.980687496274,18189.071428571428,3443.5046651805483,17760.133333333335,2868.162859481144,17503.583333333332,4213.713927253981,639,0.8949579831932774,0,0,0,0,16522.0,14731.0
2014-04-02,15000,7,46,8.92,,46.0,3,0,4,2,92,0,0,0,0,0,0,39.0,47.0,46.0,60.71428571428572,19.7122152121816,52.36666666666667,2,2,14,92,2014,0.9749279121818236,-0.22252093395631434,0.8660254037844387,-0.4999999999999998,0.9999166586547379,-0.01291029607500882,14277.0,15972.0,20560.0,18242.0,18025.0,16336.0,23490.0,18003.571428571428,3949.3658502407256,17973.0,3547.9144252969368,17715.6,2901.218954283004,17442.633333333335,4223.185366869131,640,0.896358543417367,0,0,0,0,18133.5,17857.0
2014-04-03,15554,7,43,12.34,,43.0,4,0,4,2,93,0,0,0,0,0,0,46.0,54.0,43.0,60.57142857142857,19.83143248193759,52.8,3,3,14,93,2014,0.43388373911755823,-0.900968867902419,0.8660254037844387,-0.4999999999999998,0.9995462806873573,-0.030120304846908114,15000.0,14277.0,15972.0,14464.0,15900.0,14575.0,23438.0,18159.285714285714,3805.413894014937,17948.285714285714,3564.6311585776475,17748.233333333334,2870.0130323307653,17474.45,4201.223717712601,641,0.8977591036414566,0,0,0,0,15182.0,14395.0
2014-04-04,17937,11,55,12.13,,55.0,5,0,4,2,94,0,0,0,0,0,0,43.0,69.0,59.0,59.0,20.848661028147603,53.2,4,4,14,94,2014,-0.433883739117558,-0.9009688679024191,0.8660254037844387,-0.4999999999999998,0.9988797155850336,-0.04732138832243185,15554.0,15000.0,14277.0,22920.0,21299.0,18259.0,21674.0,17447.428571428572,3181.322463858023,17708.14285714286,3432.32618714253,17737.5,2868.638770663367,17530.916666666668,4183.970518302238,642,0.8991596638655462,0,0,0,0,22109.5,21153.0
2014-04-05,20008,10,94,11.97,,94.0,6,1,4,2,95,0,0,0,0,0,0,55.0,98.0,93.0,57.0,20.396078054369493,53.9,5,5,14,95,2014,-0.9749279121818236,-0.2225209339563146,0.8660254037844387,-0.4999999999999998,0.9979171608653922,-0.06450844944931623,17937.0,15554.0,15000.0,22832.0,23863.0,17357.0,28739.0,17044.0,2488.2560827482016,17432.785714285714,3031.8412069887386,17825.866666666665,2897.2025357807884,17632.866666666665,4168.270520787126,643,0.9005602240896359,0,0,0,0,23347.5,20896.5
2014-04-06,20577,8,75,10.13,,75.0,7,1,4,2,96,0,0,0,0,0,0,94.0,68.0,68.0,56.42857142857143,19.06879774970043,55.833333333333336,6,6,14,96,2014,-0.7818314824680299,0.6234898018587334,0.8660254037844387,-0.4999999999999998,0.9966589017541702,-0.08167639533042241,20008.0,17937.0,15554.0,20560.0,15382.0,13183.0,27767.0,17046.428571428572,2492.2647570127274,17803.85714285714,3079.0787797436196,18072.333333333332,2801.538017655496,17751.566666666666,4148.641269778629,644,0.9019607843137255,0,0,0,0,17971.0,20182.5
2014-04-07,17076,6,39,10.08,,39.0,1,0,4,2,97,0,0,0,0,0,0,75.0,50.0,38.0,57.42857142857143,19.94038734876985,56.9,0,7,15,97,2014,0.0,1.0,0.8660254037844387,-0.4999999999999998,0.9951053111006976,-0.09882013873287143,20577.0,20008.0,17937.0,15972.0,15973.0,21100.0,21785.0,17204.14285714286,2447.47021967389,17882.64285714286,3042.5227034647137,17938.2,2747.387503894019,17821.75,4099.906061863052,645,0.9033613445378151,0,0,0,0,15972.5,17970.0
2014-04-08,16715,6,43,9.62,,43.0,2,0,4,2,98,0,0,0,0,0,0,39.0,39.0,46.0,55.85714285714285,21.02719327781978,55.63333333333333,1,8,15,98,2014,0.7818314824680298,0.6234898018587336,0.8660254037844387,-0.4999999999999998,0.9932568492674143,-0.11593459959550041,17076.0,20577.0,20008.0,14277.0,14938.0,16600.0,20680.0,17552.428571428572,2111.9752884557342,18009.571428571428,2945.7556615547305,17942.033333333333,2745.535579726024,17840.766666666666,4091.942000378668,646,0.9047619047619048,0,0,0,0,14607.5,16191.5
2014-04-09,19202,8,43,10.54,,43.0,3,0,4,2,99,0,0,0,0,0,0,43.0,46.0,47.0,56.42857142857143,20.541479521989487,55.23333333333333,2,9,15,99,2014,0.9749279121818236,-0.22252093395631434,0.8660254037844387,-0.4999999999999998,0.9911140639934547,-0.1330147065341959,16715.0,17076.0,20577.0,15000.0,18242.0,18199.0,18672.0,18152.714285714286,1846.0061135945884,18078.14285714286,2962.7070224877502,17975.466666666667,2754.8637457182062,17853.85,4095.069403294199,647,0.9061624649859944,0,0,0,0,16621.0,16512.5
2014-04-10,17958,8,44,11.51,,44.0,4,0,4,2,100,0,0,0,0,0,0,43.0,43.0,54.0,56.0,20.824664863248078,55.5,3,10,15,100,2014,0.43388373911755823,-0.900968867902419,0.8660254037844387,-0.4999999999999998,0.9886775902323405,-0.1500553983446526,19202.0,16715.0,17076.0,15554.0,14464.0,14524.0,16903.0,18496.14285714286,1466.5962212519437,18327.714285714286,2776.129442464456,18089.933333333334,2676.742473841224,17818.2,4084.507483534648,648,0.907563025210084,0,0,0,0,15009.0,15727.0
2014-04-11,19253,14,64,8.22,,64.0,5,0,4,2,101,0,0,0,0,0,0,44.0,55.0,69.0,56.142857142857146,20.723807335432426,55.93333333333333,4,11,15,101,2014,-0.433883739117558,-0.9009688679024191,0.8660254037844387,-0.4999999999999998,0.9859481499638304,-0.16705162550211924,17958.0,19202.0,16715.0,17937.0,22920.0,17472.0,21715.0,18684.14285714286,1467.3224399760043,18065.785714285714,2465.082372740297,18149.3,2682.3092746416937,17925.116666666665,4035.6027214210444,649,0.9089635854341737,0,0,0,0,20428.5,19618.0
2014-04-12,20397,11,99,8.1,,99.0,6,1,4,2,102,0,0,0,0,0,0,64.0,94.0,98.0,57.42857142857143,20.91934625218916,56.9,5,12,15,102,2014,-0.9749279121818236,-0.2225209339563146,0.8660254037844387,-0.4999999999999998,0.9829265519799822,-0.18399835165768005,19253.0,17958.0,19202.0,20008.0,22832.0,14326.0,18779.0,18739.714285714286,1531.7677929205063,17891.85714285714,2171.324475526702,18351.666666666668,2612.0059187416605,17987.883333333335,4044.411000639041,650,0.9103641456582633,0,0,0,0,21420.0,21935.5
2014-04-13,18385,8,71,10.62,,71.0,7,1,4,2,103,0,0,0,0,0,0,99.0,75.0,68.0,58.142857142857146,22.40854428879285,58.93333333333333,6,13,15,103,2014,-0.7818314824680299,0.6234898018587334,0.8660254037844387,-0.4999999999999998,0.9796136916454901,-0.20089055513063506,20397.0,19253.0,17958.0,20577.0,20560.0,19386.0,22361.0,18426.571428571428,1300.107028561224,17736.5,2039.5465465107538,18318.3,2604.7207693355804,18066.85,4004.274516169833,651,0.9117647058823529,0,0,0,0,20568.5,17979.5
2014-04-14,19212,5,47,7.4,,47.0,1,0,4,2,104,0,0,0,0,0,0,71.0,39.0,50.0,57.57142857142857,21.953413879219653,59.2,0,14,16,104,2014,0.0,1.0,0.8660254037844387,-0.4999999999999998,0.9760105506323683,-0.21772323039653177,18385.0,20397.0,19253.0,17076.0,15972.0,18961.0,18893.0,18731.714285714286,1174.92832608145,17967.928571428572,2007.496775139908,18326.666666666668,2607.2582684042177,18087.1,4006.9865582462085,652,0.9131652661064426,0,0,0,0,16524.0,16524.5
2014-04-15,17678,5,56,8.0,,56.0,2,0,4,2,105,0,0,0,0,0,0,47.0,43.0,39.0,58.71428571428572,21.013601037693714,57.63333333333333,1,15,16,105,2014,0.7818314824680298,0.6234898018587336,0.8660254037844387,-0.4999999999999998,0.9721181966290613,-0.23449138957040985,19212.0,18385.0,20397.0,16715.0,14277.0,19805.0,16660.0,18869.285714285714,930.3615272723542,18210.85714285714,1710.273655887065,18255.766666666666,2594.560419659873,18100.0,4004.358193565178,653,0.9145658263305322,0,0,0,0,15496.0,15826.5
2014-04-16,16510,8,52,10.35,,52.0,3,0,4,2,106,0,0,0,0,0,0,56.0,43.0,46.0,60.57142857142857,19.940387348769896,57.16666666666666,2,16,16,106,2014,0.9749279121818236,-0.22252093395631434,0.8660254037844387,-0.4999999999999998,0.9679377830240642,-0.25119006388481935,17678.0,19212.0,18385.0,19202.0,15000.0,19968.0,17146.0,18484.714285714286,1265.8132714169353,18318.714285714286,1530.3572950617709,18140.5,2592.6815801141743,17805.45,3406.6679800460283,654,0.9159663865546218,0,0,0,0,17101.0,18722.0
2014-04-17,15194,11,64,8.32,,64.0,4,0,4,2,107,0,0,0,0,0,0,52.0,44.0,43.0,61.85714285714285,18.88057706946814,57.5,3,17,16,107,2014,0.43388373911755823,-0.900968867902419,0.8660254037844387,-0.4999999999999998,0.9634705485641488,-0.2678143051621742,16510.0,17678.0,19212.0,17958.0,15554.0,18106.0,23210.0,18089.85714285714,1782.9604060449146,18293.0,1582.5211628185452,18043.433333333334,2647.939663383744,17515.233333333334,2814.604956876993,655,0.9173669467787114,0,0,0,0,16756.0,16211.0
2014-04-18,31237,15,98,14.67,,98.0,5,0,4,2,108,0,0,0,0,0,0,64.0,64.0,55.0,64.71428571428571,17.163083306077784,58.43333333333333,4,18,16,108,2014,-0.433883739117558,-0.9009688679024191,0.8660254037844387,-0.4999999999999998,0.9587178169872964,-0.2843591872810034,15194.0,16510.0,17678.0,19253.0,17937.0,18025.0,15889.0,19801.85714285714,5323.713347798105,19243.0,3796.174714306204,18483.833333333332,3579.5744601967945,17597.75,3130.901357328547,656,0.9187675070028011,0,0,0,0,18595.0,21086.5
2014-04-19,22523,12,115,17.76,,115.0,6,1,4,2,109,0,0,0,0,0,0,98.0,99.0,94.0,69.57142857142857,21.2513304905596,60.16666666666666,5,19,16,109,2014,-0.9749279121818236,-0.2225209339563146,0.8660254037844387,-0.4999999999999998,0.9536809966304457,-0.30081980763566735,31237.0,15194.0,16510.0,20397.0,20008.0,15900.0,19228.0,20105.571428571428,5423.0414239349275,19422.64285714286,3893.422710302367,18704.6,3618.7432625154815,17764.966666666667,3121.389705529415,657,0.9201680672268907,0,0,0,0,20202.5,21614.5
2014-04-20,15178,5,0,0.0,,0.0,7,1,4,2,110,0,0,0,0,0,0,115.0,71.0,75.0,71.85714285714286,25.39966253993936,62.56666666666667,6,20,16,110,2014,-0.7818314824680299,0.6234898018587334,0.8660254037844387,-0.4999999999999998,0.9483615800121715,-0.3171912885891061,22523.0,31237.0,15194.0,18385.0,20577.0,21299.0,22565.0,19647.428571428572,5719.959203151208,19037.0,4035.0959572994934,18500.566666666666,3639.9170574422005,17719.233333333334,3139.1016547524796,658,0.9215686274509803,0,0,0,0,19481.0,19472.5
2014-04-21,18675,6,50,17.36,,50.0,1,0,4,2,111,0,0,0,0,0,0,0.0,47.0,39.0,61.71428571428572,37.22326461463803,60.6,0,21,17,111,2014,0.0,1.0,0.8660254037844387,-0.4999999999999998,0.9427611433904207,-0.3334687789181868,15178.0,22523.0,31237.0,19212.0,17076.0,23863.0,20618.0,19570.714285714286,5730.363912652362,19151.214285714286,3997.7771357933216,18327.633333333335,3496.788906128625,17792.4,3108.7136213650683,659,0.9229691876750701,0,0,0,0,18144.0,17592.0
2014-04-22,20309,6,50,8.99,,50.0,2,0,4,2,112,0,0,0,0,0,0,50.0,56.0,43.0,62.142857142857146,37.04244669487685,59.16666666666666,1,22,17,112,2014,0.7818314824680298,0.6234898018587336,0.8660254037844387,-0.4999999999999998,0.9368813462954315,-0.3496474552512284,18675.0,15178.0,22523.0,17678.0,16715.0,15382.0,15990.0,19946.571428571428,5671.511287629972,19407.928571428572,3944.339497485973,18491.866666666665,3469.2656853293206,17870.516666666666,3112.1370634038803,660,0.9243697478991597,0,0,0,0,17196.5,15977.5
2014-04-23,16494,6,47,9.61,,47.0,3,0,4,2,113,0,0,0,0,0,0,50.0,52.0,43.0,61.285714285714285,37.27695573100576,58.56666666666667,2,23,17,113,2014,0.9749279121818236,-0.22252093395631434,0.8660254037844387,-0.4999999999999998,0.9307239310379795,-0.36572252349726897,20309.0,18675.0,15178.0,16510.0,19202.0,15973.0,19208.0,19944.285714285714,5673.130109392445,19214.5,4020.8720016739503,18509.233333333334,3457.50588483655,17841.0,3116.727249176997,661,0.9257703081232493,0,0,0,0,17856.0,15755.0
2014-04-24,17543,13,61,11.03,,61.0,4,0,4,2,114,0,0,0,0,0,0,47.0,64.0,44.0,60.57142857142857,37.53157400934555,58.86666666666667,3,24,17,114,2014,0.43388373911755823,-0.900968867902419,0.8660254037844387,-0.4999999999999998,0.9242907221930933,-0.3816892202666588,16494.0,20309.0,18675.0,15194.0,17958.0,14938.0,17074.0,20279.85714285714,5408.621710706312,19184.85714285714,4032.361111292918,18596.066666666666,3396.904066467408,17900.1,3075.954407213139,662,0.927170868347339,0,0,0,0,16576.0,15374.0
2014-04-25,21296,10,67,7.73,,67.0,5,0,4,2,115,0,0,0,0,0,0,61.0,98.0,64.0,60.142857142857146,37.50301575175155,59.36666666666667,4,25,17,115,2014,-0.433883739117558,-0.9009688679024191,0.8660254037844387,-0.4999999999999998,0.9175836260593937,-0.39754281428255595,17543.0,16494.0,20309.0,31237.0,19253.0,18242.0,21908.0,18859.714285714286,2657.5383167062514,19330.785714285714,4071.7915009823196,18697.866666666665,3431.512883738827,18026.883333333335,3056.1484794641065,663,0.9285714285714286,0,0,0,0,25245.0,24587.0
2014-04-26,24274,12,103,8.82,,103.0,6,1,4,2,116,0,0,0,0,0,0,67.0,115.0,99.0,55.71428571428572,33.94954239119226,60.03333333333333,5,26,17,116,2014,-0.9749279121818236,-0.2225209339563146,0.8660254037844387,-0.4999999999999998,0.9106046300942162,-0.4132786077829042,21296.0,17543.0,16494.0,22523.0,20397.0,14464.0,21723.0,19109.85714285714,3104.617176001541,19607.714285714286,4276.575021215837,19024.866666666665,3481.1953231845628,18147.8,3157.439306822996,664,0.9299719887955182,0,0,0,0,21460.0,21265.5
2014-04-27,22161,9,67,9.15,,67.0,7,1,4,2,117,0,0,0,0,0,0,103.0,0.0,71.0,54.0,30.594117081555574,61.66666666666666,6,27,17,117,2014,-0.7818314824680299,0.6234898018587334,0.8660254037844387,-0.4999999999999998,0.9033558023246845,-0.4288919379124835,24274.0,21296.0,17543.0,15178.0,18385.0,22920.0,29389.0,20107.428571428572,2729.9517002529874,19877.428571428572,4312.450824054627,18999.566666666666,3454.5670489083655,18239.916666666668,3192.950419716544,665,0.9313725490196079,0,0,0,0,16781.5,17877.5
2014-04-28,21014,5,42,7.58,,42.0,1,0,4,2,118,0,0,0,0,0,0,67.0,50.0,47.0,63.57142857142857,19.26877563016526,61.6,0,28,18,118,2014,0.0,1.0,0.8660254037844387,-0.4999999999999998,0.895839290734909,-0.4443781781046132,22161.0,24274.0,21296.0,18675.0,19212.0,22832.0,22893.0,20441.571428571428,2667.8417529995068,20006.14285714286,4317.950668780422,18938.966666666667,3400.543551717519,18382.733333333334,3120.1686550822665,666,0.9327731092436975,0,0,0,0,18943.5,17875.5
2014-04-29,19328,6,32,8.91,,32.0,2,0,4,2,119,0,0,0,0,0,0,42.0,50.0,56.0,62.42857142857143,20.41124806617624,59.73333333333333,1,29,18,119,2014,0.7818314824680298,0.6234898018587336,0.8660254037844387,-0.4999999999999998,0.8880573226294932,-0.45973273945210397,21014.0,22161.0,24274.0,20309.0,17678.0,20560.0,22014.0,20301.428571428572,2701.5200571247833,20124.0,4271.787934091002,18897.9,3387.7069892227623,18432.616666666665,3110.7868920665064,667,0.9341736694677871,0,0,0,0,18993.5,18512.0
2014-04-30,16867,7,44,7.49,,44.0,3,0,4,2,120,0,0,0,0,0,0,32.0,47.0,52.0,59.85714285714285,23.18353274365502,58.53333333333333,2,30,18,120,2014,0.9749279121818236,-0.22252093395631434,0.8660254037844387,-0.4999999999999998,0.8800122039735357,-0.47495107206704995,19328.0,21014.0,22161.0,16494.0,16510.0,15972.0,18474.0,20354.714285714286,2616.236974121758,20149.5,4249.562760313756,18927.733333333334,3364.916168790787,18429.366666666665,3112.344589907643,668,0.9355742296918768,0,0,0,0,16502.0,17848.0
2014-05-01,18679,9,44,9.49,,44.0,4,0,5,2,121,0,0,0,0,0,0,44.0,61.0,64.0,59.42857142857143,23.4865716446437,58.333333333333336,3,1,18,121,2014,0.43388373911755823,-0.900968867902419,0.49999999999999994,-0.8660254037844387,0.8717063187093218,-0.4900286664290592,16867.0,19328.0,21014.0,17543.0,15194.0,14277.0,18477.0,20517.0,2442.201875357534,20398.428571428572,4033.533108908201,19074.466666666667,3249.1048712482275,18417.3,3109.9083331631587,669,0.9369747899159664,0,0,0,0,16368.5,17750.5
2014-05-02,16392,10,61,9.05,,61.0,5,0,5,2,122,0,0,0,0,0,0,44.0,67.0,98.0,57.0,24.16609194718775,58.5,4,2,18,122,2014,-0.433883739117558,-0.9009688679024191,0.49999999999999994,-0.8660254037844387,0.8631421280499114,-0.5049610547215204,18679.0,16867.0,19328.0,21296.0,31237.0,15000.0,18816.0,19816.428571428572,2850.7099032312744,19338.071428571428,2693.8376818292677,19120.866666666665,3198.4562626943884,18418.233333333334,3109.281454769163,670,0.938375350140056,0,0,0,0,26266.5,20274.5
2014-05-03,21956,11,90,9.53,,90.0,6,1,5,2,123,0,0,0,0,0,0,61.0,103.0,115.0,56.142857142857146,23.85671513731069,59.0,5,3,18,123,2014,-0.9749279121818236,-0.2225209339563146,0.49999999999999994,-0.8660254037844387,0.854322169749827,-0.5197438121555155,16392.0,18679.0,16867.0,24274.0,22523.0,15554.0,21863.0,19485.285714285714,2334.506208622109,19297.571428571428,2646.110577208087,19334.266666666666,3165.671513807845,18541.25,3100.6494761143995,671,0.9397759103641457,0,0,0,0,23398.5,22335.5
2014-05-04,19240,8,64,11.51,,64.0,7,1,5,2,124,0,0,0,0,0,0,90.0,67.0,0.0,54.285714285714285,19.754444948872298,60.56666666666667,6,4,18,124,2014,-0.7818314824680299,0.6234898018587334,0.49999999999999994,-0.8660254037844387,0.8452490573530633,-0.5343725582809786,21956.0,16392.0,18679.0,22161.0,15178.0,17937.0,22743.0,19068.0,2015.8266294500556,19587.714285714286,2367.7090656961095,19377.7,3154.759656947667,18557.6,3101.722185376041,672,0.9411764705882353,0,0,0,0,18669.5,20273.0
2014-05-05,18961,5,35,9.98,,35.0,1,0,5,2,125,0,0,0,0,0,0,64.0,42.0,50.0,53.85714285714285,19.46302966676706,60.86666666666667,0,5,19,125,2014,0.0,1.0,0.49999999999999994,-0.8660254037844387,0.8359254794186372,-0.548842958284719,19240.0,21956.0,16392.0,21014.0,18675.0,20008.0,23589.0,18774.714285714286,1825.9134439402928,19608.14285714286,2360.4510930406263,19342.8,3153.337404434865,18584.333333333332,3098.1092137890582,673,0.9425770308123249,0,0,0,0,19844.5,20113.0
2014-05-06,15670,5,33,11.48,,33.0,2,0,5,2,126,0,0,0,0,0,0,35.0,32.0,50.0,52.85714285714285,20.334113958471875,58.9,1,6,19,126,2014,0.7818314824680298,0.6234898018587336,0.49999999999999994,-0.8660254037844387,0.8263541987239096,-0.5631507242749186,18961.0,19240.0,21956.0,19328.0,20309.0,20577.0,18976.0,18252.14285714286,2137.9631606252055,19276.785714285714,2570.7389592688373,19179.233333333334,3213.7965268655526,18625.783333333333,3040.7247468585306,674,0.9439775910364145,0,0,0,0,19818.5,18503.0
2014-05-07,14396,4,36,10.89,,36.0,3,0,5,2,127,0,0,0,0,0,0,33.0,44.0,47.0,53.0,20.165977949670506,57.5,2,7,19,127,2014,0.9749279121818236,-0.22252093395631434,0.49999999999999994,-0.8660254037844387,0.8165380514459161,-0.5772916165517272,15670.0,18961.0,19240.0,16867.0,16494.0,17076.0,20451.0,17899.14285714286,2565.9394919191973,19126.928571428572,2796.6581283404153,19089.9,3310.0811152683727,18514.05,3071.284915366143,675,0.9453781512605042,0,0,0,0,16680.5,16688.5
2014-05-08,17971,9,45,7.54,,45.0,4,0,5,2,128,0,0,0,0,0,0,36.0,44.0,61.0,51.85714285714285,20.971636173876696,57.4,3,8,19,128,2014,0.43388373911755823,-0.900968867902419,0.49999999999999994,-0.8660254037844387,0.8064799463209448,-0.5912614448635781,14396.0,15670.0,18961.0,18679.0,17543.0,16715.0,20288.0,17798.0,2543.935599289694,19157.5,2780.3031586223615,19131.766666666666,3286.8687298289806,18536.9,3061.8889135048244,676,0.9467787114845938,0,0,0,0,18111.0,16936.5
2014-05-09,18711,10,60,14.91,,60.0,5,0,5,2,129,0,0,0,0,0,0,45.0,61.0,67.0,52.0,20.91251618847582,57.46666666666667,4,9,19,129,2014,-0.433883739117558,-0.9009688679024191,0.49999999999999994,-0.8660254037844387,0.7961828637826158,-0.6050560696488488,17971.0,14396.0,15670.0,16392.0,21296.0,19202.0,23911.0,18129.285714285714,2480.528553506683,18972.85714285714,2712.364732029925,19115.4,3287.7292824202996,18545.433333333334,3061.644691308724,677,0.9481792717086834,0,0,0,0,18844.0,23814.5
2014-05-10,20047,8,92,13.97,,92.0,6,1,5,2,130,0,0,0,0,0,0,60.0,90.0,103.0,51.85714285714285,20.84409245988225,58.03333333333333,5,10,19,130,2014,-0.9749279121818236,-0.2225209339563146,0.49999999999999994,-0.8660254037844387,0.7856498550787147,-0.6186714032625031,18711.0,17971.0,14396.0,21956.0,24274.0,17958.0,20301.0,17856.571428571428,2058.7781859752877,18670.928571428572,2277.2352827422906,19185.033333333333,3284.4912006469995,18637.483333333334,3021.4510179638005,678,0.9495798319327731,0,0,0,0,23115.0,22239.5
2014-05-11,17864,9,76,12.41,,76.0,7,1,5,2,131,0,0,0,0,0,0,92.0,64.0,67.0,52.142857142857146,21.45870896573511,59.63333333333333,6,11,19,131,2014,-0.7818314824680299,0.6234898018587334,0.49999999999999994,-0.8660254037844387,0.7748840413670407,-0.6321034111873487,20047.0,18711.0,17971.0,19240.0,22161.0,19253.0,23750.0,17660.0,1968.37936722915,18364.0,2048.7720524929678,19138.733333333334,3293.278368009079,18644.016666666666,3019.3112161644053,679,0.9509803921568627,0,0,0,0,20700.5,17209.0
2014-05-12,17036,8,39,11.71,,39.0,1,0,5,2,132,0,0,0,0,0,0,76.0,35.0,42.0,53.85714285714285,22.988610016182392,60.03333333333333,0,12,20,132,2014,0.0,1.0,0.49999999999999994,-0.8660254037844387,0.7638886127905428,-0.6453481132295501,17864.0,20047.0,18711.0,18961.0,21014.0,20397.0,18213.0,17385.0,1889.2019479134883,18079.85714285714,1925.0940779064622,19026.7,3306.1410899865878,18689.183333333334,2973.5449966622036,680,0.9523809523809523,0,0,0,0,19987.5,18818.0
2014-05-13,17657,5,40,8.83,,40.0,2,0,5,2,133,0,0,0,0,0,0,39.0,33.0,32.0,54.42857142857143,22.48597446451852,58.03333333333333,1,13,20,133,2014,0.7818314824680298,0.6234898018587336,0.49999999999999994,-0.8660254037844387,0.7526668275320085,-0.6584015846980488,17036.0,17864.0,20047.0,15670.0,19328.0,18385.0,18346.0,17668.85714285714,1731.2441988900846,17960.5,1893.2945542704367,19002.433333333334,3313.6766296288292,18660.366666666665,2975.0551794720777,681,0.9537815126050421,0,0,0,0,17499.0,17989.5
2014-05-14,17438,6,41,13.23,,41.0,3,0,5,2,134,0,0,0,0,0,0,40.0,36.0,44.0,55.42857142857143,21.508580790442203,57.0,2,14,20,134,2014,0.9749279121818236,-0.22252093395631434,0.49999999999999994,-0.8660254037844387,0.7412220108485958,-0.6712599575675313,17657.0,17036.0,17864.0,14396.0,16867.0,19212.0,20971.0,18103.428571428572,1000.247778826666,18001.285714285714,1873.9778928409123,18943.3,3325.6151222564026,18634.983333333334,2978.9413060350726,682,0.9551820728291317,0,0,0,0,15631.5,15445.0
2014-05-15,19963,10,53,10.93,,53.0,4,0,5,2,135,0,0,0,0,0,0,41.0,45.0,44.0,56.142857142857146,20.82809457942459,56.8,3,15,20,135,2014,0.43388373911755823,-0.900968867902419,0.49999999999999994,-0.8660254037844387,0.7295575540864875,-0.6839194216246106,17438.0,17657.0,17036.0,17971.0,18679.0,17678.0,23246.0,18388.0,1216.31794089102,18093.0,1939.9559075082727,19019.466666666667,3321.8011600828227,18637.616666666665,2980.0627344759223,683,0.9565826330532213,0,0,0,0,18325.0,17757.0
2014-05-16,19116,10,63,11.3,,63.0,5,0,5,2,136,0,0,0,0,0,0,53.0,60.0,61.0,57.285714285714285,20.328258539236163,56.7,4,16,20,136,2014,-0.433883739117558,-0.9009688679024191,0.49999999999999994,-0.8660254037844387,0.717676913675962,-0.6963762255968722,19963.0,17438.0,17657.0,18711.0,16392.0,16510.0,20305.0,18445.85714285714,1243.5700527877427,18287.571428571428,1892.2451343182188,19106.333333333332,3287.8147373487423,18623.416666666668,2975.6426241798326,684,0.957983193277311,0,0,0,0,17551.5,20003.5
2014-05-17,18681,9,89,11.12,,89.0,6,1,5,2,137,0,0,0,0,0,0,63.0,92.0,90.0,57.71428571428572,20.4264068117236,57.06666666666667,5,17,20,137,2014,-0.9749279121818236,-0.2225209339563146,0.49999999999999994,-0.8660254037844387,0.705583610107178,-0.7086266782644596,19116.0,19963.0,17438.0,20047.0,21956.0,15194.0,24500.0,18250.714285714286,1041.1425957869328,18053.64285714286,1580.6277529532108,19222.566666666666,3205.336591969277,18633.0,2974.873813019556,685,0.9593837535014006,0,0,0,0,21001.5,22160.5
2014-05-18,19472,11,70,10.5,,70.0,7,1,5,2,138,0,0,0,0,0,0,89.0,76.0,64.0,57.285714285714285,19.60199212422115,57.9,6,18,20,138,2014,-0.7818314824680299,0.6234898018587334,0.49999999999999994,-0.8660254037844387,0.6932812268869777,-0.7206671495538609,18681.0,19116.0,19963.0,17864.0,19240.0,31237.0,26562.0,18480.428571428572,1116.2793642487757,18070.214285714286,1595.1716174162302,18830.4,2267.104071048943,18657.116666666665,2975.7264835333813,686,0.9607843137254902,0,0,0,0,18552.0,20012.5
2014-05-19,17653,5,47,10.77,,47.0,1,0,5,2,139,0,0,0,0,0,0,70.0,39.0,35.0,56.42857142857143,18.76039394448617,56.96666666666667,0,19,21,139,2014,0.0,1.0,0.49999999999999994,-0.8660254037844387,0.6807734094770161,-0.7324940716135789,19472.0,18681.0,19116.0,17036.0,18961.0,22523.0,23039.0,18568.571428571428,1001.6950396108477,17976.785714285714,1577.1885004441883,18668.066666666666,2165.668471035669,18686.333333333332,2956.742594200798,687,0.9621848739495799,0,0,0,0,17998.5,19025.0
2014-05-20,16835,5,46,8.25,,46.0,2,0,5,2,140,0,0,0,0,0,0,47.0,40.0,33.0,57.57142857142857,17.73750398503072,54.7,1,20,21,140,2014,0.7818314824680298,0.6234898018587336,0.49999999999999994,-0.8660254037844387,0.6680638642135335,-0.7441039398713607,17653.0,19472.0,18681.0,17657.0,15670.0,15178.0,19264.0,18451.14285714286,1161.7615114660334,18060.0,1473.438573802299,18723.3,2093.516463455639,18611.933333333334,2946.0302670649808,688,0.9635854341736695,0,0,0,0,16663.5,18492.5
2014-05-21,18700,7,52,9.63,,52.0,3,0,5,2,141,0,0,0,0,0,0,46.0,41.0,36.0,58.42857142857143,16.87065640747215,56.23333333333333,2,21,21,141,2014,0.9749279121818236,-0.22252093395631434,0.49999999999999994,-0.8660254037844387,0.6551563572090853,-0.7554933140726803,16835.0,17653.0,19472.0,17438.0,14396.0,18675.0,22327.0,18631.428571428572,1072.8536490971048,18367.428571428572,1033.4709042297393,18724.133333333335,2093.5015500904387,18525.883333333335,2864.32275008707,689,0.9649859943977591,0,0,0,0,15917.0,17152.5
2014-05-22,17200,8,53,9.67,,53.0,4,0,5,2,142,0,0,0,0,0,0,52.0,53.0,45.0,60.0,15.427248620539388,56.3,3,22,21,142,2014,0.43388373911755823,-0.900968867902419,0.49999999999999994,-0.8660254037844387,0.6420547132365637,-0.766658819300159,18700.0,16835.0,17653.0,19963.0,17971.0,20309.0,17738.0,18236.714285714286,1007.5878314545502,18312.35714285714,1075.892517303905,18620.5,2089.288754576829,18556.183333333334,2840.0143917733785,690,0.9663865546218487,0,0,0,0,18967.0,19321.0
2014-05-23,19657,8,69,8.68,,69.0,5,0,5,2,143,0,1,0,0,0,1,53.0,63.0,60.0,60.0,15.427248620539388,56.4,4,23,21,143,2014,-0.433883739117558,-0.9009688679024191,0.49999999999999994,-0.8660254037844387,0.6287628145958344,-0.7775971469736269,17200.0,18700.0,16835.0,19116.0,18711.0,16494.0,20688.0,18314.0,1102.546748819919,18379.928571428572,1131.1432925809947,18725.933333333334,2057.8490768250454,18617.583333333332,2822.9927219516126,691,0.9677871148459384,0,0,0,0,18913.5,17754.0
2014-05-24,34244,29,373,10.17,,373.0,6,1,5,2,144,0,1,0,0,1,1,69.0,89.0,92.0,60.85714285714285,15.784259790778664,57.13333333333333,5,24,21,144,2014,-0.9749279121818236,-0.2225209339563146,0.49999999999999994,-0.8660254037844387,0.6152845999633276,-0.7883050558305255,19657.0,17200.0,18700.0,18681.0,20047.0,17543.0,22823.0,20537.285714285714,6141.6999740648735,19394.0,4395.156162448273,19282.633333333335,3488.5090035453845,18939.35,3431.2164262195693,692,0.969187675070028,0,0,0,0,19364.0,20318.5
2014-05-25,36847,27,304,10.53,,304.0,7,1,5,2,145,0,1,0,0,1,1,373.0,70.0,76.0,101.42857142857144,120.1483210353728,67.53333333333333,6,25,21,145,2014,-0.7818314824680299,0.6234898018587334,0.49999999999999994,-0.8660254037844387,0.6016240632249226,-0.7987793728863649,34244.0,19657.0,17200.0,19472.0,17864.0,21296.0,43329.0,23019.428571428572,8641.639367179165,20749.928571428572,6370.9248629919875,19801.0,4731.819537760511,19249.433333333334,4135.522131552995,693,0.9705882352941176,0,0,0,0,18668.0,19356.0
2014-05-26,40717,20,287,12.81,,287.0,1,0,5,2,146,0,1,0,0,1,1,304.0,47.0,39.0,134.85714285714286,140.73548305411884,75.43333333333334,0,26,22,146,2014,0.0,1.0,0.49999999999999994,-0.8660254037844387,0.5877852522924732,-0.8090169943749473,36847.0,34244.0,19657.0,17653.0,17036.0,24274.0,36704.0,26314.285714285714,10460.086674502021,22441.428571428572,8192.337655622821,20349.1,6039.445871761087,19686.983333333334,4932.6293414421625,694,0.9719887955182073,0,0,0,0,17344.5,18307.0
2014-05-27,12899,9,37,12.53,,37.0,2,0,5,2,147,0,0,0,0,0,1,287.0,46.0,40.0,169.14285714285714,144.93611071943454,81.56666666666666,1,27,22,147,2014,0.7818314824680298,0.6234898018587336,0.49999999999999994,-0.8660254037844387,0.5737722679043246,-0.8190148866680801,40717.0,36847.0,34244.0,16835.0,17657.0,22161.0,43562.0,25752.0,11138.374776719727,22101.571428571428,8499.037490430057,20040.366666666665,6178.756171466698,19519.966666666667,4990.617889011735,695,0.9733893557422969,0,0,0,0,17246.0,16252.5
2014-05-28,17066,5,49,11.72,,49.0,3,0,5,2,148,0,0,0,0,0,0,37.0,52.0,41.0,167.85714285714286,146.24457661901923,80.56666666666666,2,28,22,148,2014,0.9749279121818236,-0.22252093395631434,0.49999999999999994,-0.8660254037844387,0.5595892624101765,-0.8287700871745038,12899.0,40717.0,36847.0,18700.0,17438.0,21014.0,19662.0,25518.571428571428,11326.332340423085,22075.0,8515.305198017508,19908.766666666666,6199.313491933232,19423.866666666665,4981.26663990724,696,0.9747899159663865,0,0,0,0,18069.0,16548.0
2014-05-29,18508,9,41,12.21,,41.0,4,0,5,2,149,0,0,0,0,0,0,49.0,53.0,53.0,167.42857142857142,146.64453296191795,80.8,3,29,22,149,2014,0.43388373911755823,-0.900968867902419,0.49999999999999994,-0.8660254037844387,0.545240438540651,-0.8382797052177744,17066.0,12899.0,40717.0,17200.0,19963.0,19328.0,18976.0,25705.428571428572,11176.015223938892,21971.071428571428,8551.86539672694,19881.433333333334,6203.768569258575,19389.666666666668,4980.378205864087,697,0.9761904761904762,0,0,0,0,18581.5,17585.5
2014-05-30,22131,8,52,14.37,,52.0,5,0,5,2,150,0,0,0,0,0,0,41.0,69.0,63.0,165.71428571428572,148.26633050664185,81.1,4,30,22,150,2014,-0.433883739117558,-0.9009688679024191,0.49999999999999994,-0.8660254037844387,0.5307300481619334,-0.8475409228928311,18508.0,17066.0,12899.0,19657.0,19116.0,16867.0,22038.0,26058.85714285714,10990.439533651816,22186.428571428572,8512.308126962453,20056.9,6189.996587097353,19492.316666666666,4972.207672182488,698,0.9775910364145658,0,0,0,0,19386.5,19184.0
2014-05-31,18069,9,83,9.05,,83.0,6,1,5,2,151,0,0,0,0,0,0,52.0,373.0,89.0,163.28571428571428,150.2406006884893,81.36666666666666,5,31,22,151,2014,-0.9749279121818236,-0.2225209339563146,0.49999999999999994,-0.8660254037844387,0.5160623910158528,-0.8565509959010036,22131.0,18508.0,17066.0,34244.0,18681.0,18679.0,17998.0,23748.14285714286,10678.670460760719,22142.714285714286,8533.240438053163,20036.566666666666,6195.678163784529,19555.516666666666,4928.703110925771,699,0.9789915966386554,0,0,0,0,26462.5,27145.5
2014-06-01,19682,7,62,12.18,,62.0,7,1,6,2,152,0,0,0,0,0,0,83.0,304.0,70.0,121.85714285714286,119.64172707355418,82.66666666666667,6,1,22,152,2014,-0.7818314824680299,0.6234898018587334,1.2246467991473532e-16,-1.0,0.5012418134457758,-0.865307254363206,18069.0,22131.0,18508.0,36847.0,19472.0,16392.0,20069.0,21296.0,9009.869070450834,22157.714285714286,8528.367824985102,20146.233333333334,6157.945406816655,19633.55,4892.284934344402,700,0.9803921568627451,0,0,0,0,28159.5,27355.5
2014-06-02,14396,8,40,8.58,,40.0,1,0,6,2,153,0,0,0,0,0,0,62.0,287.0,47.0,87.28571428571429,89.37321426787435,82.7,0,2,23,153,2014,0.0,1.0,1.2246467991473532e-16,-1.0,0.48627270710868997,-0.8738071036110808,19682.0,18069.0,22131.0,40717.0,17653.0,21956.0,25982.0,17535.85714285714,3123.312420522588,21925.071428571428,8703.331771085243,19894.233333333334,6235.530188907968,19614.25,4910.900213050762,701,0.9817927170868347,0,0,0,0,29185.0,28876.5
2014-06-03,15672,4,48,10.12,,48.0,2,0,6,2,154,0,0,0,0,0,0,40.0,37.0,46.0,52.0,16.12451549659488,81.03333333333333,1,3,23,154,2014,0.7818314824680298,0.6234898018587336,1.2246467991473532e-16,-1.0,0.4711595076738638,-0.8820480249558537,14396.0,19682.0,18069.0,12899.0,16835.0,19240.0,19978.0,17932.0,2562.729599470097,21842.0,8761.011769811099,19775.3,6282.290775637197,19576.5,4932.668987372121,702,0.9831932773109243,0,0,0,0,14867.0,15278.0
2014-06-04,16300,8,46,12.26,,46.0,3,0,6,2,155,0,0,0,0,0,0,48.0,49.0,52.0,53.57142857142857,14.90924928645449,80.5,2,4,23,155,2014,0.9749279121818236,-0.22252093395631434,1.2246467991473532e-16,-1.0,0.4559066935084588,-0.8900275764346767,15672.0,14396.0,19682.0,17066.0,18700.0,18961.0,19521.0,17822.571428571428,2621.549914150239,21670.571428571428,8850.247390842826,19686.6,6312.895229552872,19514.7,4950.367701802615,703,0.9845938375350141,0,0,0,0,17883.0,17252.0
2014-06-05,13810,8,45,11.05,,45.0,4,0,6,2,156,0,0,0,0,0,0,46.0,41.0,53.0,53.142857142857146,15.104398602486174,80.86666666666666,3,5,23,156,2014,0.43388373911755823,-0.900968867902419,1.2246467991473532e-16,-1.0,0.440518784350495,-0.8977433935342337,16300.0,15672.0,14396.0,18508.0,17200.0,15670.0,24727.0,17151.428571428572,2992.0180401162656,21428.428571428572,9026.589506003333,19624.6,6362.640883068729,19401.916666666668,5002.565779954125,704,0.9859943977591037,0,0,0,0,17854.0,19235.5
2014-06-06,18916,11,50,12.86,,50.0,5,0,6,2,157,0,0,0,0,0,0,45.0,52.0,69.0,53.71428571428572,14.636874503732848,81.26666666666667,4,6,23,157,2014,-0.433883739117558,-0.9009688679024191,1.2246467991473532e-16,-1.0,0.42500033996955416,-0.9051931898913974,13810.0,16300.0,15672.0,22131.0,19657.0,14396.0,22809.0,16692.14285714286,2256.6202182742386,21375.5,9039.938110322488,19775.266666666666,6287.633220270145,19432.583333333332,4993.6977206415795,705,0.9873949579831933,0,0,0,0,20894.0,20623.5
2014-06-07,22092,10,77,12.97,,77.0,6,1,6,2,158,0,0,0,0,0,0,50.0,83.0,373.0,53.42857142857143,14.695318334500628,81.73333333333333,5,7,23,158,2014,-0.9749279121818236,-0.2225209339563146,1.2246467991473532e-16,-1.0,0.4093559588156213,-0.9123747579707273,18916.0,13810.0,16300.0,18069.0,34244.0,17971.0,18028.0,17266.85714285714,3041.5088047750287,20507.5,8258.950377993151,19912.633333333335,6291.870510118035,19522.2,4992.3490065689,706,0.988795518207283,0,0,0,0,26156.5,18375.0
2014-06-08,14497,11,64,10.39,,64.0,7,1,6,2,159,0,0,0,0,0,0,77.0,62.0,304.0,52.57142857142857,12.726051271007428,82.8,6,8,23,159,2014,-0.7818314824680299,0.6234898018587334,1.2246467991473532e-16,-1.0,0.39359027665646673,-0.9192859697186104,22092.0,18916.0,13810.0,19682.0,36847.0,18711.0,27359.0,16526.14285714286,2986.1693649541635,18911.071428571428,6907.075908797403,19772.166666666668,6366.221843249912,19443.783333333333,5034.23958572661,707,0.9901960784313726,0,0,0,0,28264.5,19577.0
2014-06-09,18312,6,40,13.63,,40.0,1,0,6,2,160,0,0,0,0,0,0,64.0,40.0,287.0,52.85714285714285,12.992671927261645,82.93333333333334,0,9,24,160,2014,0.0,1.0,1.2246467991473532e-16,-1.0,0.3777079652039649,-0.9259247771938498,14497.0,22092.0,18916.0,14396.0,40717.0,20047.0,21297.0,17085.571428571428,2885.72058344437,17310.714285714286,2898.3341748339417,19714.333333333332,6371.517571263584,19449.683333333334,5032.675968756268,708,0.9915966386554622,0,0,0,0,27556.5,16024.5
2014-06-10,14557,4,42,13.38,,42.0,2,0,6,2,161,0,0,0,0,0,0,40.0,48.0,37.0,52.85714285714285,12.992671927261645,81.2,1,10,24,161,2014,0.7818314824680298,0.6234898018587336,1.2246467991473532e-16,-1.0,0.36171373072976765,-0.9322892131745133,18312.0,14497.0,22092.0,15672.0,12899.0,17864.0,19128.0,16926.285714285714,3005.0564450764446,17429.14285714286,2733.380517773625,19604.1,6432.94500236473,19371.416666666668,5072.147177767766,709,0.9929971988795518,0,0,0,0,14285.5,16253.5
2014-06-11,16077,6,46,11.85,,46.0,3,0,6,2,162,0,0,0,0,0,0,42.0,46.0,49.0,52.0,13.552367566834777,80.06666666666666,2,11,24,162,2014,0.9749279121818236,-0.22252093395631434,1.2246467991473532e-16,-1.0,0.3456123126707335,-0.9383773917408641,14557.0,18312.0,14497.0,16300.0,17066.0,17036.0,17495.0,16894.428571428572,3013.971181964839,17358.5,2756.1727854175397,19572.133333333335,6448.510390584196,19299.416666666668,5087.978957729037,710,0.9943977591036415,0,0,0,0,16683.0,17500.0
2014-06-12,15073,11,42,12.01,,42.0,4,0,6,2,163,0,0,0,0,0,0,46.0,45.0,41.0,52.0,13.552367566834777,80.3,3,12,24,163,2014,0.43388373911755823,-0.900968867902419,1.2246467991473532e-16,-1.0,0.3294084822245304,-0.9441875088341993,16077.0,14557.0,18312.0,13810.0,18508.0,17657.0,16088.0,17074.85714285714,2830.787724796293,17113.14285714286,2798.539560257997,19486.0,6492.083237191417,19244.216666666667,5115.956891761428,711,0.9957983193277311,0,0,0,0,16159.0,15505.0
2014-06-13,19718,8,58,13.97,,58.0,5,0,6,2,164,0,0,0,0,0,0,42.0,50.0,52.0,51.57142857142857,13.854688049620934,80.36666666666666,4,13,24,164,2014,-0.433883739117558,-0.9009688679024191,1.2246467991473532e-16,-1.0,0.3131070409358269,-0.9497178427914316,15073.0,16077.0,14557.0,18916.0,22131.0,17438.0,21370.0,17189.428571428572,2932.139881675925,16940.785714285714,2526.8435822207794,19562.0,6480.616823558865,19252.65,5116.319926205534,712,0.9971988795518207,0,0,0,0,20523.5,19286.5
2014-06-14,19559,9,82,12.49,,82.0,6,1,6,2,165,0,0,0,0,0,0,58.0,77.0,83.0,52.71428571428572,14.032275720804906,80.93333333333334,5,14,24,165,2014,-0.9749279121818236,-0.2225209339563146,1.2246467991473532e-16,-1.0,0.29671281927349075,-0.9549667548552551,19718.0,15073.0,16077.0,22092.0,18069.0,19963.0,25249.0,16827.571428571428,2318.323521940198,17047.214285714286,2608.090966398669,19548.533333333333,6480.174554552706,19284.0,5112.269064031207,713,0.9985994397759104,0,0,0,0,20080.5,28168.0
